dataset_id	sample_id	method_id	method_label	K	feature_type	feature_id	reference_id	reference_delta	reference_ci_lower	reference_ci_upper	reference_interval_excludes_zero	n_alternatives	n_opposite_sign_alternatives	opposite_sign_alternative_ids	n_interval_supported_opposite_sign_alternatives	interval_supported_opposite_sign_alternative_ids	any_opposite_sign_point_estimate	any_interval_supported_opposite_sign_estimate	reference_interval_includes_zero_among_point_changes	reference_and_alternative_intervals_include_zero	evidence_class	interpretation_note
GSE267401	GSM8265211_CTC21P	BayesSpace	BayesSpace	4	gene	COL1A1	seed_11	-0.8723537790417422	-1.0505690722242838	-0.6747138274957978	True	2	0		0		False	False	False	False	no opposite-sign point estimate	Post-review descriptive stratification based on spot-bootstrap intervals; it is not an independent-sample or spatial-dependence-resolved test.
GSE267401	GSM8265211_CTC21P	BayesSpace	BayesSpace	4	gene	EPCAM	seed_11	0.0963131591400694	0.0447224334059625	0.1515335119500671	True	2	0		0		False	False	False	False	no opposite-sign point estimate	Post-review descriptive stratification based on spot-bootstrap intervals; it is not an independent-sample or spatial-dependence-resolved test.
GSE267401	GSM8265211_CTC21P	BayesSpace	BayesSpace	4	gene	FAP	seed_11	0.0	0.0	0.0	False	2	0		0		False	False	False	False	no opposite-sign point estimate	Post-review descriptive stratification based on spot-bootstrap intervals; it is not an independent-sample or spatial-dependence-resolved test.
GSE267401	GSM8265211_CTC21P	BayesSpace	BayesSpace	4	gene	PTPRC	seed_11	0.0	0.0	0.0	False	2	0		0		False	False	False	False	no opposite-sign point estimate	Post-review descriptive stratification based on spot-bootstrap intervals; it is not an independent-sample or spatial-dependence-resolved test.
GSE267401	GSM8265211_CTC21P	BayesSpace	BayesSpace	4	gene	SPP1	seed_11	0.0	0.0	0.0	False	2	0		0		False	False	False	False	no opposite-sign point estimate	Post-review descriptive stratification based on spot-bootstrap intervals; it is not an independent-sample or spatial-dependence-resolved test.
GSE267401	GSM8265211_CTC21P	BayesSpace	BayesSpace	4	signature	SIG_CAF_FAP	seed_11	-0.4873973586669682	-0.5832553229028532	-0.3651979822567727	True	2	0		0		False	False	False	False	no opposite-sign point estimate	Post-review descriptive stratification based on spot-bootstrap intervals; it is not an independent-sample or spatial-dependence-resolved test.
GSE267401	GSM8265211_CTC21P	BayesSpace	BayesSpace	4	signature	SIG_CYTOTOX	seed_11	0.0	0.0	0.0	False	2	0		0		False	False	False	False	no opposite-sign point estimate	Post-review descriptive stratification based on spot-bootstrap intervals; it is not an independent-sample or spatial-dependence-resolved test.
GSE267401	GSM8265211_CTC21P	BayesSpace	BayesSpace	4	signature	SIG_EXCLUSION_CONTRAST	seed_11	-0.5164368604824061	-0.6230175218171509	-0.4099278284203463	True	2	0		0		False	False	False	False	no opposite-sign point estimate	Post-review descriptive stratification based on spot-bootstrap intervals; it is not an independent-sample or spatial-dependence-resolved test.
GSE267401	GSM8265211_CTC21P	BayesSpace	BayesSpace	4	signature	SIG_EXCLUSION_TGFB_CXCL12	seed_11	-0.295878158889324	-0.3520734265379433	-0.247064857726216	True	2	0		0		False	False	False	False	no opposite-sign point estimate	Post-review descriptive stratification based on spot-bootstrap intervals; it is not an independent-sample or spatial-dependence-resolved test.
GSE267401	GSM8265211_CTC21P	BayesSpace	BayesSpace	4	signature	SIG_MY_SPP1	seed_11	0.0593627879311303	0.0352547065051318	0.0827743401251546	True	2	0		0		False	False	False	False	no opposite-sign point estimate	Post-review descriptive stratification based on spot-bootstrap intervals; it is not an independent-sample or spatial-dependence-resolved test.
GSE267401	GSM8265211_CTC21P	BayesSpace	BayesSpace	4	signature	SIG_TCELL	seed_11	0.0	0.0	0.0	False	2	0		0		False	False	False	False	no opposite-sign point estimate	Post-review descriptive stratification based on spot-bootstrap intervals; it is not an independent-sample or spatial-dependence-resolved test.
GSE267401	GSM8265211_CTC21P	BayesSpace	BayesSpace	6	gene	COL1A1	seed_11	-1.3685089126578478	-1.5934215544898824	-1.1483491724157326	True	2	0		0		False	False	False	False	no opposite-sign point estimate	Post-review descriptive stratification based on spot-bootstrap intervals; it is not an independent-sample or spatial-dependence-resolved test.
GSE267401	GSM8265211_CTC21P	BayesSpace	BayesSpace	6	gene	EPCAM	seed_11	0.5146641693479248	0.4031793159047352	0.6273410966187419	True	2	0		0		False	False	False	False	no opposite-sign point estimate	Post-review descriptive stratification based on spot-bootstrap intervals; it is not an independent-sample or spatial-dependence-resolved test.
GSE267401	GSM8265211_CTC21P	BayesSpace	BayesSpace	6	gene	FAP	seed_11	0.0	0.0	0.0	False	2	0		0		False	False	False	False	no opposite-sign point estimate	Post-review descriptive stratification based on spot-bootstrap intervals; it is not an independent-sample or spatial-dependence-resolved test.
GSE267401	GSM8265211_CTC21P	BayesSpace	BayesSpace	6	gene	PTPRC	seed_11	0.0	0.0	0.0	False	2	0		0		False	False	False	False	no opposite-sign point estimate	Post-review descriptive stratification based on spot-bootstrap intervals; it is not an independent-sample or spatial-dependence-resolved test.
GSE267401	GSM8265211_CTC21P	BayesSpace	BayesSpace	6	gene	SPP1	seed_11	0.1944615379806401	0.0	0.2176295904203415	False	2	0		0		False	False	False	False	no opposite-sign point estimate	Post-review descriptive stratification based on spot-bootstrap intervals; it is not an independent-sample or spatial-dependence-resolved test.
GSE267401	GSM8265211_CTC21P	BayesSpace	BayesSpace	6	signature	SIG_CAF_FAP	seed_11	-0.7499434370408169	-0.8582813651624301	-0.6270082816337379	True	2	0		0		False	False	False	False	no opposite-sign point estimate	Post-review descriptive stratification based on spot-bootstrap intervals; it is not an independent-sample or spatial-dependence-resolved test.
GSE267401	GSM8265211_CTC21P	BayesSpace	BayesSpace	6	signature	SIG_CYTOTOX	seed_11	0.0	0.0	0.0	False	2	0		0		False	False	False	False	no opposite-sign point estimate	Post-review descriptive stratification based on spot-bootstrap intervals; it is not an independent-sample or spatial-dependence-resolved test.
GSE267401	GSM8265211_CTC21P	BayesSpace	BayesSpace	6	signature	SIG_EXCLUSION_CONTRAST	seed_11	-0.6758262179987089	-0.7987466188062385	-0.5768311092485793	True	2	0		0		False	False	False	False	no opposite-sign point estimate	Post-review descriptive stratification based on spot-bootstrap intervals; it is not an independent-sample or spatial-dependence-resolved test.
GSE267401	GSM8265211_CTC21P	BayesSpace	BayesSpace	6	signature	SIG_EXCLUSION_TGFB_CXCL12	seed_11	-0.3772730469994302	-0.423661197225932	-0.3205106700599499	True	2	0		0		False	False	False	False	no opposite-sign point estimate	Post-review descriptive stratification based on spot-bootstrap intervals; it is not an independent-sample or spatial-dependence-resolved test.
GSE267401	GSM8265211_CTC21P	BayesSpace	BayesSpace	6	signature	SIG_MY_SPP1	seed_11	0.0914904490706162	0.0677396801108464	0.1106512459602202	True	2	0		0		False	False	False	False	no opposite-sign point estimate	Post-review descriptive stratification based on spot-bootstrap intervals; it is not an independent-sample or spatial-dependence-resolved test.
GSE267401	GSM8265211_CTC21P	BayesSpace	BayesSpace	6	signature	SIG_TCELL	seed_11	0.0	0.0	0.0	False	2	0		0		False	False	False	False	no opposite-sign point estimate	Post-review descriptive stratification based on spot-bootstrap intervals; it is not an independent-sample or spatial-dependence-resolved test.
GSE267401	GSM8265211_CTC21P	M0_expr_kmeans	expression-only k-means	4	gene	COL1A1	seed_11	1.659128884504944	1.454875136234031	1.9016193323928616	True	2	0		0		False	False	False	False	no opposite-sign point estimate	Post-review descriptive stratification based on spot-bootstrap intervals; it is not an independent-sample or spatial-dependence-resolved test.
GSE267401	GSM8265211_CTC21P	M0_expr_kmeans	expression-only k-means	4	gene	EPCAM	seed_11	-0.6334016710103265	-0.7363412330457371	-0.5497932170096351	True	2	0		0		False	False	False	False	no opposite-sign point estimate	Post-review descriptive stratification based on spot-bootstrap intervals; it is not an independent-sample or spatial-dependence-resolved test.
GSE267401	GSM8265211_CTC21P	M0_expr_kmeans	expression-only k-means	4	gene	FAP	seed_11	0.0	0.0	0.0	False	2	0		0		False	False	False	False	no opposite-sign point estimate	Post-review descriptive stratification based on spot-bootstrap intervals; it is not an independent-sample or spatial-dependence-resolved test.
GSE267401	GSM8265211_CTC21P	M0_expr_kmeans	expression-only k-means	4	gene	PTPRC	seed_11	0.0	0.0	0.0	False	2	0		0		False	False	False	False	no opposite-sign point estimate	Post-review descriptive stratification based on spot-bootstrap intervals; it is not an independent-sample or spatial-dependence-resolved test.
GSE267401	GSM8265211_CTC21P	M0_expr_kmeans	expression-only k-means	4	gene	SPP1	seed_11	0.0	0.0	0.0	False	2	0		0		False	False	False	False	no opposite-sign point estimate	Post-review descriptive stratification based on spot-bootstrap intervals; it is not an independent-sample or spatial-dependence-resolved test.
GSE267401	GSM8265211_CTC21P	M0_expr_kmeans	expression-only k-means	4	signature	SIG_CAF_FAP	seed_11	0.9400948841974484	0.8116164052270778	1.0632798626948334	True	2	0		0		False	False	False	False	no opposite-sign point estimate	Post-review descriptive stratification based on spot-bootstrap intervals; it is not an independent-sample or spatial-dependence-resolved test.
GSE267401	GSM8265211_CTC21P	M0_expr_kmeans	expression-only k-means	4	signature	SIG_CYTOTOX	seed_11	0.0	0.0	0.0	False	2	0		0		False	False	False	False	no opposite-sign point estimate	Post-review descriptive stratification based on spot-bootstrap intervals; it is not an independent-sample or spatial-dependence-resolved test.
GSE267401	GSM8265211_CTC21P	M0_expr_kmeans	expression-only k-means	4	signature	SIG_EXCLUSION_CONTRAST	seed_11	0.8289666282062615	0.7134507512079451	0.9359799341919476	True	2	0		0		False	False	False	False	no opposite-sign point estimate	Post-review descriptive stratification based on spot-bootstrap intervals; it is not an independent-sample or spatial-dependence-resolved test.
GSE267401	GSM8265211_CTC21P	M0_expr_kmeans	expression-only k-means	4	signature	SIG_EXCLUSION_TGFB_CXCL12	seed_11	0.4129552218307593	0.3262456659375259	0.50369873172595	True	2	0		0		False	False	False	False	no opposite-sign point estimate	Post-review descriptive stratification based on spot-bootstrap intervals; it is not an independent-sample or spatial-dependence-resolved test.
GSE267401	GSM8265211_CTC21P	M0_expr_kmeans	expression-only k-means	4	signature	SIG_MY_SPP1	seed_11	0.0777210808358214	0.0508133778057311	0.1045589098114192	True	2	0		0		False	False	False	False	no opposite-sign point estimate	Post-review descriptive stratification based on spot-bootstrap intervals; it is not an independent-sample or spatial-dependence-resolved test.
GSE267401	GSM8265211_CTC21P	M0_expr_kmeans	expression-only k-means	4	signature	SIG_TCELL	seed_11	0.0	0.0	0.0	False	2	0		0		False	False	False	False	no opposite-sign point estimate	Post-review descriptive stratification based on spot-bootstrap intervals; it is not an independent-sample or spatial-dependence-resolved test.
GSE267401	GSM8265211_CTC21P	M0_expr_kmeans	expression-only k-means	6	gene	COL1A1	seed_11	-0.2340120069718372	-0.5970258041212156	0.1441451208871502	False	2	0		0		False	False	False	False	no opposite-sign point estimate	Post-review descriptive stratification based on spot-bootstrap intervals; it is not an independent-sample or spatial-dependence-resolved test.
GSE267401	GSM8265211_CTC21P	M0_expr_kmeans	expression-only k-means	6	gene	EPCAM	seed_11	0.625284407349874	0.3225544436274388	0.8566997013367933	True	2	0		0		False	False	False	False	no opposite-sign point estimate	Post-review descriptive stratification based on spot-bootstrap intervals; it is not an independent-sample or spatial-dependence-resolved test.
GSE267401	GSM8265211_CTC21P	M0_expr_kmeans	expression-only k-means	6	gene	FAP	seed_11	0.0	0.0	0.0	False	2	0		0		False	False	False	False	no opposite-sign point estimate	Post-review descriptive stratification based on spot-bootstrap intervals; it is not an independent-sample or spatial-dependence-resolved test.
GSE267401	GSM8265211_CTC21P	M0_expr_kmeans	expression-only k-means	6	gene	PTPRC	seed_11	0.0	0.0	0.0	False	2	0		0		False	False	False	False	no opposite-sign point estimate	Post-review descriptive stratification based on spot-bootstrap intervals; it is not an independent-sample or spatial-dependence-resolved test.
GSE267401	GSM8265211_CTC21P	M0_expr_kmeans	expression-only k-means	6	gene	SPP1	seed_11	0.0	0.0	0.0	False	2	0		0		False	False	False	False	no opposite-sign point estimate	Post-review descriptive stratification based on spot-bootstrap intervals; it is not an independent-sample or spatial-dependence-resolved test.
GSE267401	GSM8265211_CTC21P	M0_expr_kmeans	expression-only k-means	6	signature	SIG_CAF_FAP	seed_11	-0.0910923137548191	-0.3176451139536203	0.1304779844001569	False	2	0		0		False	False	False	False	no opposite-sign point estimate	Post-review descriptive stratification based on spot-bootstrap intervals; it is not an independent-sample or spatial-dependence-resolved test.
GSE267401	GSM8265211_CTC21P	M0_expr_kmeans	expression-only k-means	6	signature	SIG_CYTOTOX	seed_11	0.0	0.0	0.0	False	2	0		0		False	False	False	False	no opposite-sign point estimate	Post-review descriptive stratification based on spot-bootstrap intervals; it is not an independent-sample or spatial-dependence-resolved test.
GSE267401	GSM8265211_CTC21P	M0_expr_kmeans	expression-only k-means	6	signature	SIG_EXCLUSION_CONTRAST	seed_11	-0.0095631695655318	-0.1590385505636009	0.177379639978302	False	2	0		0		False	False	False	False	no opposite-sign point estimate	Post-review descriptive stratification based on spot-bootstrap intervals; it is not an independent-sample or spatial-dependence-resolved test.
GSE267401	GSM8265211_CTC21P	M0_expr_kmeans	expression-only k-means	6	signature	SIG_EXCLUSION_TGFB_CXCL12	seed_11	-0.0537150146388097	-0.1548249754634476	0.0768609543134285	False	2	0		0		False	False	False	False	no opposite-sign point estimate	Post-review descriptive stratification based on spot-bootstrap intervals; it is not an independent-sample or spatial-dependence-resolved test.
GSE267401	GSM8265211_CTC21P	M0_expr_kmeans	expression-only k-means	6	signature	SIG_MY_SPP1	seed_11	0.1434492387297697	0.1248952191856221	0.1885817015862506	True	2	0		0		False	False	False	False	no opposite-sign point estimate	Post-review descriptive stratification based on spot-bootstrap intervals; it is not an independent-sample or spatial-dependence-resolved test.
GSE267401	GSM8265211_CTC21P	M0_expr_kmeans	expression-only k-means	6	signature	SIG_TCELL	seed_11	0.0	0.0	0.0	False	2	0		0		False	False	False	False	no opposite-sign point estimate	Post-review descriptive stratification based on spot-bootstrap intervals; it is not an independent-sample or spatial-dependence-resolved test.
GSE267401	GSM8265211_CTC21P	M1_spatial_concat_kmeans	coordinate-augmented k-means	4	gene	COL1A1	seed_11	1.659128884504944	1.4401198758704623	1.8960194865904887	True	2	0		0		False	False	False	False	no opposite-sign point estimate	Post-review descriptive stratification based on spot-bootstrap intervals; it is not an independent-sample or spatial-dependence-resolved test.
GSE267401	GSM8265211_CTC21P	M1_spatial_concat_kmeans	coordinate-augmented k-means	4	gene	EPCAM	seed_11	-0.6334016710103265	-0.7349838592086138	-0.55242170156762	True	2	0		0		False	False	False	False	no opposite-sign point estimate	Post-review descriptive stratification based on spot-bootstrap intervals; it is not an independent-sample or spatial-dependence-resolved test.
GSE267401	GSM8265211_CTC21P	M1_spatial_concat_kmeans	coordinate-augmented k-means	4	gene	FAP	seed_11	0.0	0.0	0.0	False	2	0		0		False	False	False	False	no opposite-sign point estimate	Post-review descriptive stratification based on spot-bootstrap intervals; it is not an independent-sample or spatial-dependence-resolved test.
GSE267401	GSM8265211_CTC21P	M1_spatial_concat_kmeans	coordinate-augmented k-means	4	gene	PTPRC	seed_11	0.0	0.0	0.0	False	2	0		0		False	False	False	False	no opposite-sign point estimate	Post-review descriptive stratification based on spot-bootstrap intervals; it is not an independent-sample or spatial-dependence-resolved test.
GSE267401	GSM8265211_CTC21P	M1_spatial_concat_kmeans	coordinate-augmented k-means	4	gene	SPP1	seed_11	0.0	0.0	0.0	False	2	0		0		False	False	False	False	no opposite-sign point estimate	Post-review descriptive stratification based on spot-bootstrap intervals; it is not an independent-sample or spatial-dependence-resolved test.
GSE267401	GSM8265211_CTC21P	M1_spatial_concat_kmeans	coordinate-augmented k-means	4	signature	SIG_CAF_FAP	seed_11	0.9400948841974484	0.7973694593407	1.05812157338846	True	2	0		0		False	False	False	False	no opposite-sign point estimate	Post-review descriptive stratification based on spot-bootstrap intervals; it is not an independent-sample or spatial-dependence-resolved test.
GSE267401	GSM8265211_CTC21P	M1_spatial_concat_kmeans	coordinate-augmented k-means	4	signature	SIG_CYTOTOX	seed_11	0.0	0.0	0.0	False	2	0		0		False	False	False	False	no opposite-sign point estimate	Post-review descriptive stratification based on spot-bootstrap intervals; it is not an independent-sample or spatial-dependence-resolved test.
GSE267401	GSM8265211_CTC21P	M1_spatial_concat_kmeans	coordinate-augmented k-means	4	signature	SIG_EXCLUSION_CONTRAST	seed_11	0.8289666282062615	0.7187771194162171	0.9334216774991292	True	2	0		0		False	False	False	False	no opposite-sign point estimate	Post-review descriptive stratification based on spot-bootstrap intervals; it is not an independent-sample or spatial-dependence-resolved test.
GSE267401	GSM8265211_CTC21P	M1_spatial_concat_kmeans	coordinate-augmented k-means	4	signature	SIG_EXCLUSION_TGFB_CXCL12	seed_11	0.4129552218307593	0.3322984295833983	0.4990454524003146	True	2	0		0		False	False	False	False	no opposite-sign point estimate	Post-review descriptive stratification based on spot-bootstrap intervals; it is not an independent-sample or spatial-dependence-resolved test.
GSE267401	GSM8265211_CTC21P	M1_spatial_concat_kmeans	coordinate-augmented k-means	4	signature	SIG_MY_SPP1	seed_11	0.0777210808358214	0.0525707503325066	0.1052768268371561	True	2	0		0		False	False	False	False	no opposite-sign point estimate	Post-review descriptive stratification based on spot-bootstrap intervals; it is not an independent-sample or spatial-dependence-resolved test.
GSE267401	GSM8265211_CTC21P	M1_spatial_concat_kmeans	coordinate-augmented k-means	4	signature	SIG_TCELL	seed_11	0.0	0.0	0.0	False	2	0		0		False	False	False	False	no opposite-sign point estimate	Post-review descriptive stratification based on spot-bootstrap intervals; it is not an independent-sample or spatial-dependence-resolved test.
GSE267401	GSM8265211_CTC21P	M1_spatial_concat_kmeans	coordinate-augmented k-means	6	gene	COL1A1	seed_11	-0.2231028322851074	-0.6199784467962741	0.1199417303113527	False	2	0		0		False	False	False	False	no opposite-sign point estimate	Post-review descriptive stratification based on spot-bootstrap intervals; it is not an independent-sample or spatial-dependence-resolved test.
GSE267401	GSM8265211_CTC21P	M1_spatial_concat_kmeans	coordinate-augmented k-means	6	gene	EPCAM	seed_11	0.6250421426391579	0.3228500239357793	0.8714874789421403	True	2	0		0		False	False	False	False	no opposite-sign point estimate	Post-review descriptive stratification based on spot-bootstrap intervals; it is not an independent-sample or spatial-dependence-resolved test.
GSE267401	GSM8265211_CTC21P	M1_spatial_concat_kmeans	coordinate-augmented k-means	6	gene	FAP	seed_11	0.0	0.0	0.0	False	2	0		0		False	False	False	False	no opposite-sign point estimate	Post-review descriptive stratification based on spot-bootstrap intervals; it is not an independent-sample or spatial-dependence-resolved test.
GSE267401	GSM8265211_CTC21P	M1_spatial_concat_kmeans	coordinate-augmented k-means	6	gene	PTPRC	seed_11	0.0	0.0	0.0	False	2	0		0		False	False	False	False	no opposite-sign point estimate	Post-review descriptive stratification based on spot-bootstrap intervals; it is not an independent-sample or spatial-dependence-resolved test.
GSE267401	GSM8265211_CTC21P	M1_spatial_concat_kmeans	coordinate-augmented k-means	6	gene	SPP1	seed_11	0.0	0.0	0.0	False	2	0		0		False	False	False	False	no opposite-sign point estimate	Post-review descriptive stratification based on spot-bootstrap intervals; it is not an independent-sample or spatial-dependence-resolved test.
GSE267401	GSM8265211_CTC21P	M1_spatial_concat_kmeans	coordinate-augmented k-means	6	signature	SIG_CAF_FAP	seed_11	-0.0893247181285459	-0.3159009513579746	0.1346550248681303	False	2	0		0		False	False	False	False	no opposite-sign point estimate	Post-review descriptive stratification based on spot-bootstrap intervals; it is not an independent-sample or spatial-dependence-resolved test.
GSE267401	GSM8265211_CTC21P	M1_spatial_concat_kmeans	coordinate-augmented k-means	6	signature	SIG_CYTOTOX	seed_11	0.0	0.0	0.0	False	2	0		0		False	False	False	False	no opposite-sign point estimate	Post-review descriptive stratification based on spot-bootstrap intervals; it is not an independent-sample or spatial-dependence-resolved test.
GSE267401	GSM8265211_CTC21P	M1_spatial_concat_kmeans	coordinate-augmented k-means	6	signature	SIG_EXCLUSION_CONTRAST	seed_11	-0.0079990030780194	-0.1475040658646883	0.1619918868433318	False	2	0		0		False	False	False	False	no opposite-sign point estimate	Post-review descriptive stratification based on spot-bootstrap intervals; it is not an independent-sample or spatial-dependence-resolved test.
GSE267401	GSM8265211_CTC21P	M1_spatial_concat_kmeans	coordinate-augmented k-means	6	signature	SIG_EXCLUSION_TGFB_CXCL12	seed_11	-0.0477544984033275	-0.1671376965791778	0.0877131935611376	False	2	0		0		False	False	False	False	no opposite-sign point estimate	Post-review descriptive stratification based on spot-bootstrap intervals; it is not an independent-sample or spatial-dependence-resolved test.
GSE267401	GSM8265211_CTC21P	M1_spatial_concat_kmeans	coordinate-augmented k-means	6	signature	SIG_MY_SPP1	seed_11	0.1443811755654417	0.1259070480904963	0.1889084641508049	True	2	0		0		False	False	False	False	no opposite-sign point estimate	Post-review descriptive stratification based on spot-bootstrap intervals; it is not an independent-sample or spatial-dependence-resolved test.
GSE267401	GSM8265211_CTC21P	M1_spatial_concat_kmeans	coordinate-augmented k-means	6	signature	SIG_TCELL	seed_11	0.0	0.0	0.0	False	2	0		0		False	False	False	False	no opposite-sign point estimate	Post-review descriptive stratification based on spot-bootstrap intervals; it is not an independent-sample or spatial-dependence-resolved test.
GSE267401	GSM8265211_CTC21P	M2_spatial_ward	spatial Ward	4	gene	COL1A1	neighbors_6	2.5759988556144817	2.422555083064754	2.720404405845175	True	2	0		0		False	False	False	False	no opposite-sign point estimate	Post-review descriptive stratification based on spot-bootstrap intervals; it is not an independent-sample or spatial-dependence-resolved test.
GSE267401	GSM8265211_CTC21P	M2_spatial_ward	spatial Ward	4	gene	EPCAM	neighbors_6	-1.0302835954096334	-1.173279538190719	-0.9028426638888328	True	2	0		0		False	False	False	False	no opposite-sign point estimate	Post-review descriptive stratification based on spot-bootstrap intervals; it is not an independent-sample or spatial-dependence-resolved test.
GSE267401	GSM8265211_CTC21P	M2_spatial_ward	spatial Ward	4	gene	FAP	neighbors_6	0.0	0.0	0.0	False	2	0		0		False	False	False	False	no opposite-sign point estimate	Post-review descriptive stratification based on spot-bootstrap intervals; it is not an independent-sample or spatial-dependence-resolved test.
GSE267401	GSM8265211_CTC21P	M2_spatial_ward	spatial Ward	4	gene	PTPRC	neighbors_6	0.0	0.0	0.0	False	2	0		0		False	False	False	False	no opposite-sign point estimate	Post-review descriptive stratification based on spot-bootstrap intervals; it is not an independent-sample or spatial-dependence-resolved test.
GSE267401	GSM8265211_CTC21P	M2_spatial_ward	spatial Ward	4	gene	SPP1	neighbors_6	0.0	0.0	0.0	False	2	0		0		False	False	False	False	no opposite-sign point estimate	Post-review descriptive stratification based on spot-bootstrap intervals; it is not an independent-sample or spatial-dependence-resolved test.
GSE267401	GSM8265211_CTC21P	M2_spatial_ward	spatial Ward	4	signature	SIG_CAF_FAP	neighbors_6	1.4081625127074258	1.324430004270365	1.5034834616053827	True	2	0		0		False	False	False	False	no opposite-sign point estimate	Post-review descriptive stratification based on spot-bootstrap intervals; it is not an independent-sample or spatial-dependence-resolved test.
GSE267401	GSM8265211_CTC21P	M2_spatial_ward	spatial Ward	4	signature	SIG_CYTOTOX	neighbors_6	0.0	0.0	0.0	False	2	0		0		False	False	False	False	no opposite-sign point estimate	Post-review descriptive stratification based on spot-bootstrap intervals; it is not an independent-sample or spatial-dependence-resolved test.
GSE267401	GSM8265211_CTC21P	M2_spatial_ward	spatial Ward	4	signature	SIG_EXCLUSION_CONTRAST	neighbors_6	1.3215946310846691	1.206702510277128	1.4231492236773329	True	2	0		0		False	False	False	False	no opposite-sign point estimate	Post-review descriptive stratification based on spot-bootstrap intervals; it is not an independent-sample or spatial-dependence-resolved test.
GSE267401	GSM8265211_CTC21P	M2_spatial_ward	spatial Ward	4	signature	SIG_EXCLUSION_TGFB_CXCL12	neighbors_6	0.7788624326669489	0.6925948439590588	0.8433209617262634	True	2	0		0		False	False	False	False	no opposite-sign point estimate	Post-review descriptive stratification based on spot-bootstrap intervals; it is not an independent-sample or spatial-dependence-resolved test.
GSE267401	GSM8265211_CTC21P	M2_spatial_ward	spatial Ward	4	signature	SIG_MY_SPP1	neighbors_6	0.1176074342675426	0.0898776890983374	0.1495614980754948	True	2	0		0		False	False	False	False	no opposite-sign point estimate	Post-review descriptive stratification based on spot-bootstrap intervals; it is not an independent-sample or spatial-dependence-resolved test.
GSE267401	GSM8265211_CTC21P	M2_spatial_ward	spatial Ward	4	signature	SIG_TCELL	neighbors_6	0.0	0.0	0.0	False	2	0		0		False	False	False	False	no opposite-sign point estimate	Post-review descriptive stratification based on spot-bootstrap intervals; it is not an independent-sample or spatial-dependence-resolved test.
GSE267401	GSM8265211_CTC21P	M2_spatial_ward	spatial Ward	6	gene	COL1A1	neighbors_6	1.4783297868537764	1.083367333951411	1.725474827246737	True	2	0		0		False	False	False	False	no opposite-sign point estimate	Post-review descriptive stratification based on spot-bootstrap intervals; it is not an independent-sample or spatial-dependence-resolved test.
GSE267401	GSM8265211_CTC21P	M2_spatial_ward	spatial Ward	6	gene	EPCAM	neighbors_6	-0.552273134371851	-0.6865801115662492	-0.4630626642771082	True	2	0		0		False	False	False	False	no opposite-sign point estimate	Post-review descriptive stratification based on spot-bootstrap intervals; it is not an independent-sample or spatial-dependence-resolved test.
GSE267401	GSM8265211_CTC21P	M2_spatial_ward	spatial Ward	6	gene	FAP	neighbors_6	0.0	0.0	0.0	False	2	0		0		False	False	False	False	no opposite-sign point estimate	Post-review descriptive stratification based on spot-bootstrap intervals; it is not an independent-sample or spatial-dependence-resolved test.
GSE267401	GSM8265211_CTC21P	M2_spatial_ward	spatial Ward	6	gene	PTPRC	neighbors_6	0.0	0.0	0.0	False	2	0		0		False	False	False	False	no opposite-sign point estimate	Post-review descriptive stratification based on spot-bootstrap intervals; it is not an independent-sample or spatial-dependence-resolved test.
GSE267401	GSM8265211_CTC21P	M2_spatial_ward	spatial Ward	6	gene	SPP1	neighbors_6	0.0	0.0	0.0	False	2	0		0		False	False	False	False	no opposite-sign point estimate	Post-review descriptive stratification based on spot-bootstrap intervals; it is not an independent-sample or spatial-dependence-resolved test.
GSE267401	GSM8265211_CTC21P	M2_spatial_ward	spatial Ward	6	signature	SIG_CAF_FAP	neighbors_6	0.8056505738853248	0.5985404114715134	0.9252366107747138	True	2	0		0		False	False	False	False	no opposite-sign point estimate	Post-review descriptive stratification based on spot-bootstrap intervals; it is not an independent-sample or spatial-dependence-resolved test.
GSE267401	GSM8265211_CTC21P	M2_spatial_ward	spatial Ward	6	signature	SIG_CYTOTOX	neighbors_6	0.0	0.0	0.0	False	2	0		0		False	False	False	False	no opposite-sign point estimate	Post-review descriptive stratification based on spot-bootstrap intervals; it is not an independent-sample or spatial-dependence-resolved test.
GSE267401	GSM8265211_CTC21P	M2_spatial_ward	spatial Ward	6	signature	SIG_EXCLUSION_CONTRAST	neighbors_6	0.5823084720032432	0.4304237970702121	0.7411159513314534	True	2	0		0		False	False	False	False	no opposite-sign point estimate	Post-review descriptive stratification based on spot-bootstrap intervals; it is not an independent-sample or spatial-dependence-resolved test.
GSE267401	GSM8265211_CTC21P	M2_spatial_ward	spatial Ward	6	signature	SIG_EXCLUSION_TGFB_CXCL12	neighbors_6	0.2523675486292368	0.1721827070354454	0.3589333045664322	True	2	0		0		False	False	False	False	no opposite-sign point estimate	Post-review descriptive stratification based on spot-bootstrap intervals; it is not an independent-sample or spatial-dependence-resolved test.
GSE267401	GSM8265211_CTC21P	M2_spatial_ward	spatial Ward	6	signature	SIG_MY_SPP1	neighbors_6	0.0732028871803867	0.0391393915187911	0.1016666793792522	True	2	0		0		False	False	False	False	no opposite-sign point estimate	Post-review descriptive stratification based on spot-bootstrap intervals; it is not an independent-sample or spatial-dependence-resolved test.
GSE267401	GSM8265211_CTC21P	M2_spatial_ward	spatial Ward	6	signature	SIG_TCELL	neighbors_6	0.0	0.0	0.0	False	2	0		0		False	False	False	False	no opposite-sign point estimate	Post-review descriptive stratification based on spot-bootstrap intervals; it is not an independent-sample or spatial-dependence-resolved test.
GSE267401	GSM8265211_CTC21P	M3_spatial_leiden	spatial Leiden	4	gene	COL1A1	seed_11	0.1383063126720389	-0.2401472555187674	0.5306954427468663	False	1	0		0		False	False	False	False	no opposite-sign point estimate	Post-review descriptive stratification based on spot-bootstrap intervals; it is not an independent-sample or spatial-dependence-resolved test.
GSE267401	GSM8265211_CTC21P	M3_spatial_leiden	spatial Leiden	4	gene	EPCAM	seed_11	-0.1494754828097493	-0.2373166332189028	-0.0348019556989941	True	1	0		0		False	False	False	False	no opposite-sign point estimate	Post-review descriptive stratification based on spot-bootstrap intervals; it is not an independent-sample or spatial-dependence-resolved test.
GSE267401	GSM8265211_CTC21P	M3_spatial_leiden	spatial Leiden	4	gene	FAP	seed_11	0.0	0.0	0.0	False	1	0		0		False	False	False	False	no opposite-sign point estimate	Post-review descriptive stratification based on spot-bootstrap intervals; it is not an independent-sample or spatial-dependence-resolved test.
GSE267401	GSM8265211_CTC21P	M3_spatial_leiden	spatial Leiden	4	gene	PTPRC	seed_11	0.0	0.0	0.0	False	1	0		0		False	False	False	False	no opposite-sign point estimate	Post-review descriptive stratification based on spot-bootstrap intervals; it is not an independent-sample or spatial-dependence-resolved test.
GSE267401	GSM8265211_CTC21P	M3_spatial_leiden	spatial Leiden	4	gene	SPP1	seed_11	0.0	0.0	0.2207310766051738	False	1	0		0		False	False	False	False	no opposite-sign point estimate	Post-review descriptive stratification based on spot-bootstrap intervals; it is not an independent-sample or spatial-dependence-resolved test.
GSE267401	GSM8265211_CTC21P	M3_spatial_leiden	spatial Leiden	4	signature	SIG_CAF_FAP	seed_11	0.1653780919889573	-0.0209407011033021	0.3166954777992626	False	1	0		0		False	False	False	False	no opposite-sign point estimate	Post-review descriptive stratification based on spot-bootstrap intervals; it is not an independent-sample or spatial-dependence-resolved test.
GSE267401	GSM8265211_CTC21P	M3_spatial_leiden	spatial Leiden	4	signature	SIG_CYTOTOX	seed_11	0.0	0.0	0.0472319435394774	False	1	0		0		False	False	False	False	no opposite-sign point estimate	Post-review descriptive stratification based on spot-bootstrap intervals; it is not an independent-sample or spatial-dependence-resolved test.
GSE267401	GSM8265211_CTC21P	M3_spatial_leiden	spatial Leiden	4	signature	SIG_EXCLUSION_CONTRAST	seed_11	0.074318070750226	-0.1112264572079861	0.3199493787672293	False	1	0		0		False	False	False	False	no opposite-sign point estimate	Post-review descriptive stratification based on spot-bootstrap intervals; it is not an independent-sample or spatial-dependence-resolved test.
GSE267401	GSM8265211_CTC21P	M3_spatial_leiden	spatial Leiden	4	signature	SIG_EXCLUSION_TGFB_CXCL12	seed_11	0.0376718063532344	-0.0609097721680988	0.1532659204950605	False	1	0		0		False	False	False	False	no opposite-sign point estimate	Post-review descriptive stratification based on spot-bootstrap intervals; it is not an independent-sample or spatial-dependence-resolved test.
GSE267401	GSM8265211_CTC21P	M3_spatial_leiden	spatial Leiden	4	signature	SIG_MY_SPP1	seed_11	0.0751534793944403	0.0389417360835208	0.1150967186325549	True	1	0		0		False	False	False	False	no opposite-sign point estimate	Post-review descriptive stratification based on spot-bootstrap intervals; it is not an independent-sample or spatial-dependence-resolved test.
GSE267401	GSM8265211_CTC21P	M3_spatial_leiden	spatial Leiden	4	signature	SIG_TCELL	seed_11	0.0443945451000258	0.0	0.0653662949221838	False	1	0		0		False	False	False	False	no opposite-sign point estimate	Post-review descriptive stratification based on spot-bootstrap intervals; it is not an independent-sample or spatial-dependence-resolved test.
GSE267401	GSM8265211_CTC21P	M4_spagcn	SpaGCN-style	4	gene	COL1A1	seed_11	1.6937929629098765	1.4765864196890377	1.9054780823847044	True	2	0		0		False	False	False	False	no opposite-sign point estimate	Post-review descriptive stratification based on spot-bootstrap intervals; it is not an independent-sample or spatial-dependence-resolved test.
GSE267401	GSM8265211_CTC21P	M4_spagcn	SpaGCN-style	4	gene	EPCAM	seed_11	-0.5418410132620739	-0.6208067956416105	-0.4551547695026316	True	2	0		0		False	False	False	False	no opposite-sign point estimate	Post-review descriptive stratification based on spot-bootstrap intervals; it is not an independent-sample or spatial-dependence-resolved test.
GSE267401	GSM8265211_CTC21P	M4_spagcn	SpaGCN-style	4	gene	FAP	seed_11	0.0	0.0	0.0	False	2	0		0		False	False	False	False	no opposite-sign point estimate	Post-review descriptive stratification based on spot-bootstrap intervals; it is not an independent-sample or spatial-dependence-resolved test.
GSE267401	GSM8265211_CTC21P	M4_spagcn	SpaGCN-style	4	gene	PTPRC	seed_11	0.0	0.0	0.0	False	2	0		0		False	False	False	False	no opposite-sign point estimate	Post-review descriptive stratification based on spot-bootstrap intervals; it is not an independent-sample or spatial-dependence-resolved test.
GSE267401	GSM8265211_CTC21P	M4_spagcn	SpaGCN-style	4	gene	SPP1	seed_11	0.0	0.0	0.0	False	2	0		0		False	False	False	False	no opposite-sign point estimate	Post-review descriptive stratification based on spot-bootstrap intervals; it is not an independent-sample or spatial-dependence-resolved test.
GSE267401	GSM8265211_CTC21P	M4_spagcn	SpaGCN-style	4	signature	SIG_CAF_FAP	seed_11	0.9594318107622264	0.8387527902287973	1.0455115506905803	True	2	0		0		False	False	False	False	no opposite-sign point estimate	Post-review descriptive stratification based on spot-bootstrap intervals; it is not an independent-sample or spatial-dependence-resolved test.
GSE267401	GSM8265211_CTC21P	M4_spagcn	SpaGCN-style	4	signature	SIG_CYTOTOX	seed_11	0.0	0.0	0.0	False	2	0		0		False	False	False	False	no opposite-sign point estimate	Post-review descriptive stratification based on spot-bootstrap intervals; it is not an independent-sample or spatial-dependence-resolved test.
GSE267401	GSM8265211_CTC21P	M4_spagcn	SpaGCN-style	4	signature	SIG_EXCLUSION_CONTRAST	seed_11	0.8227049517725646	0.7079424823734308	0.9322479843971818	True	2	0		0		False	False	False	False	no opposite-sign point estimate	Post-review descriptive stratification based on spot-bootstrap intervals; it is not an independent-sample or spatial-dependence-resolved test.
GSE267401	GSM8265211_CTC21P	M4_spagcn	SpaGCN-style	4	signature	SIG_EXCLUSION_TGFB_CXCL12	seed_11	0.4306907076788677	0.3626825772147538	0.4923259169047255	True	2	0		0		False	False	False	False	no opposite-sign point estimate	Post-review descriptive stratification based on spot-bootstrap intervals; it is not an independent-sample or spatial-dependence-resolved test.
GSE267401	GSM8265211_CTC21P	M4_spagcn	SpaGCN-style	4	signature	SIG_MY_SPP1	seed_11	0.0850108755553795	0.0582750086865547	0.1118493116022222	True	2	0		0		False	False	False	False	no opposite-sign point estimate	Post-review descriptive stratification based on spot-bootstrap intervals; it is not an independent-sample or spatial-dependence-resolved test.
GSE267401	GSM8265211_CTC21P	M4_spagcn	SpaGCN-style	4	signature	SIG_TCELL	seed_11	0.0	0.0	0.0	False	2	0		0		False	False	False	False	no opposite-sign point estimate	Post-review descriptive stratification based on spot-bootstrap intervals; it is not an independent-sample or spatial-dependence-resolved test.
GSE267401	GSM8265211_CTC21P	M4_spagcn	SpaGCN-style	6	gene	COL1A1	seed_11	-1.3101558471722257	-1.5657257024205555	-0.9703630140277316	True	2	1	seed_23	1	seed_23	True	True	False	False	reference and alternative intervals exclude zero	Post-review descriptive stratification based on spot-bootstrap intervals; it is not an independent-sample or spatial-dependence-resolved test.
GSE267401	GSM8265211_CTC21P	M4_spagcn	SpaGCN-style	6	gene	EPCAM	seed_11	1.0828078705722142	0.8055684132705396	1.949129422061647	True	2	1	seed_23	1	seed_23	True	True	False	False	reference and alternative intervals exclude zero	Post-review descriptive stratification based on spot-bootstrap intervals; it is not an independent-sample or spatial-dependence-resolved test.
GSE267401	GSM8265211_CTC21P	M4_spagcn	SpaGCN-style	6	gene	FAP	seed_11	0.0	0.0	0.0	False	2	0		0		False	False	False	False	no opposite-sign point estimate	Post-review descriptive stratification based on spot-bootstrap intervals; it is not an independent-sample or spatial-dependence-resolved test.
GSE267401	GSM8265211_CTC21P	M4_spagcn	SpaGCN-style	6	gene	PTPRC	seed_11	0.0	0.0	0.0	False	2	0		0		False	False	False	False	no opposite-sign point estimate	Post-review descriptive stratification based on spot-bootstrap intervals; it is not an independent-sample or spatial-dependence-resolved test.
GSE267401	GSM8265211_CTC21P	M4_spagcn	SpaGCN-style	6	gene	SPP1	seed_11	0.0	0.0	0.0	False	2	0		0		False	False	False	False	no opposite-sign point estimate	Post-review descriptive stratification based on spot-bootstrap intervals; it is not an independent-sample or spatial-dependence-resolved test.
GSE267401	GSM8265211_CTC21P	M4_spagcn	SpaGCN-style	6	signature	SIG_CAF_FAP	seed_11	-0.6552148824841209	-0.8254249649689368	-0.473422853423626	True	2	1	seed_23	1	seed_23	True	True	False	False	reference and alternative intervals exclude zero	Post-review descriptive stratification based on spot-bootstrap intervals; it is not an independent-sample or spatial-dependence-resolved test.
GSE267401	GSM8265211_CTC21P	M4_spagcn	SpaGCN-style	6	signature	SIG_CYTOTOX	seed_11	0.0	0.0	0.0	False	2	0		0		False	False	False	False	no opposite-sign point estimate	Post-review descriptive stratification based on spot-bootstrap intervals; it is not an independent-sample or spatial-dependence-resolved test.
GSE267401	GSM8265211_CTC21P	M4_spagcn	SpaGCN-style	6	signature	SIG_EXCLUSION_CONTRAST	seed_11	-0.5439215739140555	-0.6745939552537575	-0.3740201610032684	True	2	1	seed_23	1	seed_23	True	True	False	False	reference and alternative intervals exclude zero	Post-review descriptive stratification based on spot-bootstrap intervals; it is not an independent-sample or spatial-dependence-resolved test.
GSE267401	GSM8265211_CTC21P	M4_spagcn	SpaGCN-style	6	signature	SIG_EXCLUSION_TGFB_CXCL12	seed_11	-0.3323789372904188	-0.4137152178576353	-0.252737420161185	True	2	1	seed_23	1	seed_23	True	True	False	False	reference and alternative intervals exclude zero	Post-review descriptive stratification based on spot-bootstrap intervals; it is not an independent-sample or spatial-dependence-resolved test.
GSE267401	GSM8265211_CTC21P	M4_spagcn	SpaGCN-style	6	signature	SIG_MY_SPP1	seed_11	0.1224517813765463	0.100592490550676	0.1709673663174364	True	2	0		0		False	False	False	False	no opposite-sign point estimate	Post-review descriptive stratification based on spot-bootstrap intervals; it is not an independent-sample or spatial-dependence-resolved test.
GSE267401	GSM8265211_CTC21P	M4_spagcn	SpaGCN-style	6	signature	SIG_TCELL	seed_11	0.0	0.0	0.0	False	2	0		0		False	False	False	False	no opposite-sign point estimate	Post-review descriptive stratification based on spot-bootstrap intervals; it is not an independent-sample or spatial-dependence-resolved test.
GSE267401	GSM8265211_CTC21P	M5_stagate	STAGATE-style	4	gene	COL1A1	seed_11	0.5881661356975272	0.3474113639058669	0.8144679701072252	True	2	0		0		False	False	False	False	no opposite-sign point estimate	Post-review descriptive stratification based on spot-bootstrap intervals; it is not an independent-sample or spatial-dependence-resolved test.
GSE267401	GSM8265211_CTC21P	M5_stagate	STAGATE-style	4	gene	EPCAM	seed_11	-0.2631437226581479	-0.3423356449268537	-0.19402354103293	True	2	0		0		False	False	False	False	no opposite-sign point estimate	Post-review descriptive stratification based on spot-bootstrap intervals; it is not an independent-sample or spatial-dependence-resolved test.
GSE267401	GSM8265211_CTC21P	M5_stagate	STAGATE-style	4	gene	FAP	seed_11	0.0	0.0	0.0	False	2	0		0		False	False	False	False	no opposite-sign point estimate	Post-review descriptive stratification based on spot-bootstrap intervals; it is not an independent-sample or spatial-dependence-resolved test.
GSE267401	GSM8265211_CTC21P	M5_stagate	STAGATE-style	4	gene	PTPRC	seed_11	0.0	0.0	0.0	False	2	0		0		False	False	False	False	no opposite-sign point estimate	Post-review descriptive stratification based on spot-bootstrap intervals; it is not an independent-sample or spatial-dependence-resolved test.
GSE267401	GSM8265211_CTC21P	M5_stagate	STAGATE-style	4	gene	SPP1	seed_11	0.0	0.0	0.0	False	2	0		0		False	False	False	False	no opposite-sign point estimate	Post-review descriptive stratification based on spot-bootstrap intervals; it is not an independent-sample or spatial-dependence-resolved test.
GSE267401	GSM8265211_CTC21P	M5_stagate	STAGATE-style	4	signature	SIG_CAF_FAP	seed_11	0.3595929656433978	0.2136934805802484	0.4752375682853843	True	2	0		0		False	False	False	False	no opposite-sign point estimate	Post-review descriptive stratification based on spot-bootstrap intervals; it is not an independent-sample or spatial-dependence-resolved test.
GSE267401	GSM8265211_CTC21P	M5_stagate	STAGATE-style	4	signature	SIG_CYTOTOX	seed_11	0.0	0.0	0.0	False	2	0		0		False	False	False	False	no opposite-sign point estimate	Post-review descriptive stratification based on spot-bootstrap intervals; it is not an independent-sample or spatial-dependence-resolved test.
GSE267401	GSM8265211_CTC21P	M5_stagate	STAGATE-style	4	signature	SIG_EXCLUSION_CONTRAST	seed_11	0.2873766424653889	0.1563078204279304	0.4138640375692283	True	2	0		0		False	False	False	False	no opposite-sign point estimate	Post-review descriptive stratification based on spot-bootstrap intervals; it is not an independent-sample or spatial-dependence-resolved test.
GSE267401	GSM8265211_CTC21P	M5_stagate	STAGATE-style	4	signature	SIG_EXCLUSION_TGFB_CXCL12	seed_11	0.1196023317392026	0.0458706513701847	0.2110357042284756	True	2	0		0		False	False	False	False	no opposite-sign point estimate	Post-review descriptive stratification based on spot-bootstrap intervals; it is not an independent-sample or spatial-dependence-resolved test.
GSE267401	GSM8265211_CTC21P	M5_stagate	STAGATE-style	4	signature	SIG_MY_SPP1	seed_11	0.0771148761305711	0.0520976665604913	0.1046648442272893	True	2	0		0		False	False	False	False	no opposite-sign point estimate	Post-review descriptive stratification based on spot-bootstrap intervals; it is not an independent-sample or spatial-dependence-resolved test.
GSE267401	GSM8265211_CTC21P	M5_stagate	STAGATE-style	4	signature	SIG_TCELL	seed_11	0.0	0.0	0.0	False	2	0		0		False	False	False	False	no opposite-sign point estimate	Post-review descriptive stratification based on spot-bootstrap intervals; it is not an independent-sample or spatial-dependence-resolved test.
GSE267401	GSM8265211_CTC21P	M5_stagate	STAGATE-style	6	gene	COL1A1	seed_11	-0.2921188361037958	-0.485743606716005	-0.0976277219005614	True	2	2	seed_23;seed_37	2	seed_23;seed_37	True	True	False	False	reference and alternative intervals exclude zero	Post-review descriptive stratification based on spot-bootstrap intervals; it is not an independent-sample or spatial-dependence-resolved test.
GSE267401	GSM8265211_CTC21P	M5_stagate	STAGATE-style	6	gene	EPCAM	seed_11	-0.0325525501091465	-0.0934070407797753	0.0262985418253437	False	2	0		0		False	False	False	False	no opposite-sign point estimate	Post-review descriptive stratification based on spot-bootstrap intervals; it is not an independent-sample or spatial-dependence-resolved test.
GSE267401	GSM8265211_CTC21P	M5_stagate	STAGATE-style	6	gene	FAP	seed_11	0.0	0.0	0.0	False	2	0		0		False	False	False	False	no opposite-sign point estimate	Post-review descriptive stratification based on spot-bootstrap intervals; it is not an independent-sample or spatial-dependence-resolved test.
GSE267401	GSM8265211_CTC21P	M5_stagate	STAGATE-style	6	gene	PTPRC	seed_11	0.0	0.0	0.0	False	2	0		0		False	False	False	False	no opposite-sign point estimate	Post-review descriptive stratification based on spot-bootstrap intervals; it is not an independent-sample or spatial-dependence-resolved test.
GSE267401	GSM8265211_CTC21P	M5_stagate	STAGATE-style	6	gene	SPP1	seed_11	0.0	0.0	0.0	False	2	0		0		False	False	False	False	no opposite-sign point estimate	Post-review descriptive stratification based on spot-bootstrap intervals; it is not an independent-sample or spatial-dependence-resolved test.
GSE267401	GSM8265211_CTC21P	M5_stagate	STAGATE-style	6	signature	SIG_CAF_FAP	seed_11	-0.1131137621335094	-0.2312289219184598	-0.0011250572014946	True	2	2	seed_23;seed_37	2	seed_23;seed_37	True	True	False	False	reference and alternative intervals exclude zero	Post-review descriptive stratification based on spot-bootstrap intervals; it is not an independent-sample or spatial-dependence-resolved test.
GSE267401	GSM8265211_CTC21P	M5_stagate	STAGATE-style	6	signature	SIG_CYTOTOX	seed_11	0.0	0.0	0.0	False	2	0		0		False	False	False	False	no opposite-sign point estimate	Post-review descriptive stratification based on spot-bootstrap intervals; it is not an independent-sample or spatial-dependence-resolved test.
GSE267401	GSM8265211_CTC21P	M5_stagate	STAGATE-style	6	signature	SIG_EXCLUSION_CONTRAST	seed_11	-0.1084172139834134	-0.2574979550153506	-0.0007817933530016	True	2	2	seed_23;seed_37	2	seed_23;seed_37	True	True	False	False	reference and alternative intervals exclude zero	Post-review descriptive stratification based on spot-bootstrap intervals; it is not an independent-sample or spatial-dependence-resolved test.
GSE267401	GSM8265211_CTC21P	M5_stagate	STAGATE-style	6	signature	SIG_EXCLUSION_TGFB_CXCL12	seed_11	-0.1220789200923464	-0.1830857923431363	-0.0688984835635375	True	2	2	seed_23;seed_37	2	seed_23;seed_37	True	True	False	False	reference and alternative intervals exclude zero	Post-review descriptive stratification based on spot-bootstrap intervals; it is not an independent-sample or spatial-dependence-resolved test.
GSE267401	GSM8265211_CTC21P	M5_stagate	STAGATE-style	6	signature	SIG_MY_SPP1	seed_11	0.0814104601026213	0.0593339012064425	0.0989880536257783	True	2	0		0		False	False	False	False	no opposite-sign point estimate	Post-review descriptive stratification based on spot-bootstrap intervals; it is not an independent-sample or spatial-dependence-resolved test.
GSE267401	GSM8265211_CTC21P	M5_stagate	STAGATE-style	6	signature	SIG_TCELL	seed_11	0.0	0.0	0.0	False	2	0		0		False	False	False	False	no opposite-sign point estimate	Post-review descriptive stratification based on spot-bootstrap intervals; it is not an independent-sample or spatial-dependence-resolved test.
GSE267401	GSM8265212_CTC21M	BayesSpace	BayesSpace	4	gene	COL1A1	seed_11	-0.0304764482215587	-0.1542534460465899	0.1024621417636309	False	2	1	seed_23	0		True	False	True	False	reference interval includes zero	Post-review descriptive stratification based on spot-bootstrap intervals; it is not an independent-sample or spatial-dependence-resolved test.
GSE267401	GSM8265212_CTC21M	BayesSpace	BayesSpace	4	gene	EPCAM	seed_11	0.1301866481735991	0.0729820162703167	0.1883412117340361	True	2	0		0		False	False	False	False	no opposite-sign point estimate	Post-review descriptive stratification based on spot-bootstrap intervals; it is not an independent-sample or spatial-dependence-resolved test.
GSE267401	GSM8265212_CTC21M	BayesSpace	BayesSpace	4	gene	FAP	seed_11	0.0	0.0	0.0	False	2	0		0		False	False	False	False	no opposite-sign point estimate	Post-review descriptive stratification based on spot-bootstrap intervals; it is not an independent-sample or spatial-dependence-resolved test.
GSE267401	GSM8265212_CTC21M	BayesSpace	BayesSpace	4	gene	PTPRC	seed_11	0.0	0.0	0.0	False	2	0		0		False	False	False	False	no opposite-sign point estimate	Post-review descriptive stratification based on spot-bootstrap intervals; it is not an independent-sample or spatial-dependence-resolved test.
GSE267401	GSM8265212_CTC21M	BayesSpace	BayesSpace	4	gene	SPP1	seed_11	0.0531438631960496	-0.005085427373718	0.1326078441049387	False	2	1	seed_23	0		True	False	True	False	reference interval includes zero	Post-review descriptive stratification based on spot-bootstrap intervals; it is not an independent-sample or spatial-dependence-resolved test.
GSE267401	GSM8265212_CTC21M	BayesSpace	BayesSpace	4	signature	SIG_CAF_FAP	seed_11	0.0174091051599449	-0.0442252746623433	0.1249509701540988	False	2	1	seed_37	0		True	False	True	True	reference and alternative intervals include zero	Post-review descriptive stratification based on spot-bootstrap intervals; it is not an independent-sample or spatial-dependence-resolved test.
GSE267401	GSM8265212_CTC21M	BayesSpace	BayesSpace	4	signature	SIG_CYTOTOX	seed_11	0.0	0.0	0.0	False	2	0		0		False	False	False	False	no opposite-sign point estimate	Post-review descriptive stratification based on spot-bootstrap intervals; it is not an independent-sample or spatial-dependence-resolved test.
GSE267401	GSM8265212_CTC21M	BayesSpace	BayesSpace	4	signature	SIG_EXCLUSION_CONTRAST	seed_11	0.0085795650604474	-0.0800698686291924	0.0754247457889558	False	2	1	seed_37	0		True	False	True	True	reference and alternative intervals include zero	Post-review descriptive stratification based on spot-bootstrap intervals; it is not an independent-sample or spatial-dependence-resolved test.
GSE267401	GSM8265212_CTC21M	BayesSpace	BayesSpace	4	signature	SIG_EXCLUSION_TGFB_CXCL12	seed_11	-0.0419862606172971	-0.103178378812272	-0.0029820700579959	True	2	1	seed_23	1	seed_23	True	True	False	False	reference and alternative intervals exclude zero	Post-review descriptive stratification based on spot-bootstrap intervals; it is not an independent-sample or spatial-dependence-resolved test.
GSE267401	GSM8265212_CTC21M	BayesSpace	BayesSpace	4	signature	SIG_MY_SPP1	seed_11	0.0248828868863715	-0.0028292253537279	0.072508826512346	False	2	1	seed_23	0		True	False	True	True	reference and alternative intervals include zero	Post-review descriptive stratification based on spot-bootstrap intervals; it is not an independent-sample or spatial-dependence-resolved test.
GSE267401	GSM8265212_CTC21M	BayesSpace	BayesSpace	4	signature	SIG_TCELL	seed_11	0.1002764659345985	0.0777369626967191	0.1123035692120505	True	2	0		0		False	False	False	False	no opposite-sign point estimate	Post-review descriptive stratification based on spot-bootstrap intervals; it is not an independent-sample or spatial-dependence-resolved test.
GSE267401	GSM8265212_CTC21M	BayesSpace	BayesSpace	6	gene	COL1A1	seed_11	0.1340561733154244	0.0202693131619086	0.2312109388985411	True	2	0		0		False	False	False	False	no opposite-sign point estimate	Post-review descriptive stratification based on spot-bootstrap intervals; it is not an independent-sample or spatial-dependence-resolved test.
GSE267401	GSM8265212_CTC21M	BayesSpace	BayesSpace	6	gene	EPCAM	seed_11	0.1352719756082439	0.0871716327268451	0.1931705254573827	True	2	0		0		False	False	False	False	no opposite-sign point estimate	Post-review descriptive stratification based on spot-bootstrap intervals; it is not an independent-sample or spatial-dependence-resolved test.
GSE267401	GSM8265212_CTC21M	BayesSpace	BayesSpace	6	gene	FAP	seed_11	0.0	0.0	0.0	False	2	0		0		False	False	False	False	no opposite-sign point estimate	Post-review descriptive stratification based on spot-bootstrap intervals; it is not an independent-sample or spatial-dependence-resolved test.
GSE267401	GSM8265212_CTC21M	BayesSpace	BayesSpace	6	gene	PTPRC	seed_11	0.0	0.0	0.0	False	2	0		0		False	False	False	False	no opposite-sign point estimate	Post-review descriptive stratification based on spot-bootstrap intervals; it is not an independent-sample or spatial-dependence-resolved test.
GSE267401	GSM8265212_CTC21M	BayesSpace	BayesSpace	6	gene	SPP1	seed_11	0.0141921161924347	-0.0436675343124343	0.0790817453494672	False	2	1	seed_23	0		True	False	True	True	reference and alternative intervals include zero	Post-review descriptive stratification based on spot-bootstrap intervals; it is not an independent-sample or spatial-dependence-resolved test.
GSE267401	GSM8265212_CTC21M	BayesSpace	BayesSpace	6	signature	SIG_CAF_FAP	seed_11	0.1890196963131889	0.132213451129088	0.259919988699377	True	2	0		0		False	False	False	False	no opposite-sign point estimate	Post-review descriptive stratification based on spot-bootstrap intervals; it is not an independent-sample or spatial-dependence-resolved test.
GSE267401	GSM8265212_CTC21M	BayesSpace	BayesSpace	6	signature	SIG_CYTOTOX	seed_11	0.0	0.0	0.0	False	2	0		0		False	False	False	False	no opposite-sign point estimate	Post-review descriptive stratification based on spot-bootstrap intervals; it is not an independent-sample or spatial-dependence-resolved test.
GSE267401	GSM8265212_CTC21M	BayesSpace	BayesSpace	6	signature	SIG_EXCLUSION_CONTRAST	seed_11	0.2340299766595772	0.1349934905623213	0.3018404316438969	True	2	0		0		False	False	False	False	no opposite-sign point estimate	Post-review descriptive stratification based on spot-bootstrap intervals; it is not an independent-sample or spatial-dependence-resolved test.
GSE267401	GSM8265212_CTC21M	BayesSpace	BayesSpace	6	signature	SIG_EXCLUSION_TGFB_CXCL12	seed_11	0.0970159704985687	0.0469665002014421	0.1361950056953908	True	2	0		0		False	False	False	False	no opposite-sign point estimate	Post-review descriptive stratification based on spot-bootstrap intervals; it is not an independent-sample or spatial-dependence-resolved test.
GSE267401	GSM8265212_CTC21M	BayesSpace	BayesSpace	6	signature	SIG_MY_SPP1	seed_11	0.0749872440910141	0.0405344522907512	0.1030094006922582	True	2	0		0		False	False	False	False	no opposite-sign point estimate	Post-review descriptive stratification based on spot-bootstrap intervals; it is not an independent-sample or spatial-dependence-resolved test.
GSE267401	GSM8265212_CTC21M	BayesSpace	BayesSpace	6	signature	SIG_TCELL	seed_11	0.1033269048334626	0.0903848729437286	0.1172129206858925	True	2	0		0		False	False	False	False	no opposite-sign point estimate	Post-review descriptive stratification based on spot-bootstrap intervals; it is not an independent-sample or spatial-dependence-resolved test.
GSE267401	GSM8265212_CTC21M	M0_expr_kmeans	expression-only k-means	4	gene	COL1A1	seed_11	1.161204205838144	0.985920970417228	1.324825311473661	True	2	0		0		False	False	False	False	no opposite-sign point estimate	Post-review descriptive stratification based on spot-bootstrap intervals; it is not an independent-sample or spatial-dependence-resolved test.
GSE267401	GSM8265212_CTC21M	M0_expr_kmeans	expression-only k-means	4	gene	EPCAM	seed_11	1.1979624897375336	0.9857425955632052	1.8880164634317325	True	2	0		0		False	False	False	False	no opposite-sign point estimate	Post-review descriptive stratification based on spot-bootstrap intervals; it is not an independent-sample or spatial-dependence-resolved test.
GSE267401	GSM8265212_CTC21M	M0_expr_kmeans	expression-only k-means	4	gene	FAP	seed_11	0.0	0.0	0.0	False	2	0		0		False	False	False	False	no opposite-sign point estimate	Post-review descriptive stratification based on spot-bootstrap intervals; it is not an independent-sample or spatial-dependence-resolved test.
GSE267401	GSM8265212_CTC21M	M0_expr_kmeans	expression-only k-means	4	gene	PTPRC	seed_11	0.0	0.0	0.0	False	2	0		0		False	False	False	False	no opposite-sign point estimate	Post-review descriptive stratification based on spot-bootstrap intervals; it is not an independent-sample or spatial-dependence-resolved test.
GSE267401	GSM8265212_CTC21M	M0_expr_kmeans	expression-only k-means	4	gene	SPP1	seed_11	0.999491603976173	0.8981050694350416	1.126329798261155	True	2	0		0		False	False	False	False	no opposite-sign point estimate	Post-review descriptive stratification based on spot-bootstrap intervals; it is not an independent-sample or spatial-dependence-resolved test.
GSE267401	GSM8265212_CTC21M	M0_expr_kmeans	expression-only k-means	4	signature	SIG_CAF_FAP	seed_11	0.8849198427620995	0.8326148193219599	0.9316156871800008	True	2	0		0		False	False	False	False	no opposite-sign point estimate	Post-review descriptive stratification based on spot-bootstrap intervals; it is not an independent-sample or spatial-dependence-resolved test.
GSE267401	GSM8265212_CTC21M	M0_expr_kmeans	expression-only k-means	4	signature	SIG_CYTOTOX	seed_11	0.0	0.0	0.0	False	2	0		0		False	False	False	False	no opposite-sign point estimate	Post-review descriptive stratification based on spot-bootstrap intervals; it is not an independent-sample or spatial-dependence-resolved test.
GSE267401	GSM8265212_CTC21M	M0_expr_kmeans	expression-only k-means	4	signature	SIG_EXCLUSION_CONTRAST	seed_11	1.209885570739072	1.1115392459534033	1.292788239085831	True	2	0		0		False	False	False	False	no opposite-sign point estimate	Post-review descriptive stratification based on spot-bootstrap intervals; it is not an independent-sample or spatial-dependence-resolved test.
GSE267401	GSM8265212_CTC21M	M0_expr_kmeans	expression-only k-means	4	signature	SIG_EXCLUSION_TGFB_CXCL12	seed_11	0.4053939245800281	0.3631217429476608	0.455144329860105	True	2	0		0		False	False	False	False	no opposite-sign point estimate	Post-review descriptive stratification based on spot-bootstrap intervals; it is not an independent-sample or spatial-dependence-resolved test.
GSE267401	GSM8265212_CTC21M	M0_expr_kmeans	expression-only k-means	4	signature	SIG_MY_SPP1	seed_11	0.3762155234528359	0.3505613310298966	0.4089465184309289	True	2	0		0		False	False	False	False	no opposite-sign point estimate	Post-review descriptive stratification based on spot-bootstrap intervals; it is not an independent-sample or spatial-dependence-resolved test.
GSE267401	GSM8265212_CTC21M	M0_expr_kmeans	expression-only k-means	4	signature	SIG_TCELL	seed_11	0.1042293290621788	0.0978757908588025	0.1111219392806158	True	2	0		0		False	False	False	False	no opposite-sign point estimate	Post-review descriptive stratification based on spot-bootstrap intervals; it is not an independent-sample or spatial-dependence-resolved test.
GSE267401	GSM8265212_CTC21M	M0_expr_kmeans	expression-only k-means	6	gene	COL1A1	seed_11	1.1832031380442167	1.048273742568453	1.2937107149682203	True	2	0		0		False	False	False	False	no opposite-sign point estimate	Post-review descriptive stratification based on spot-bootstrap intervals; it is not an independent-sample or spatial-dependence-resolved test.
GSE267401	GSM8265212_CTC21M	M0_expr_kmeans	expression-only k-means	6	gene	EPCAM	seed_11	0.3514128654788759	0.1588813021404832	0.8551982934931255	True	2	0		0		False	False	False	False	no opposite-sign point estimate	Post-review descriptive stratification based on spot-bootstrap intervals; it is not an independent-sample or spatial-dependence-resolved test.
GSE267401	GSM8265212_CTC21M	M0_expr_kmeans	expression-only k-means	6	gene	FAP	seed_11	0.0	0.0	0.0	False	2	0		0		False	False	False	False	no opposite-sign point estimate	Post-review descriptive stratification based on spot-bootstrap intervals; it is not an independent-sample or spatial-dependence-resolved test.
GSE267401	GSM8265212_CTC21M	M0_expr_kmeans	expression-only k-means	6	gene	PTPRC	seed_11	0.0	0.0	0.0	False	2	0		0		False	False	False	False	no opposite-sign point estimate	Post-review descriptive stratification based on spot-bootstrap intervals; it is not an independent-sample or spatial-dependence-resolved test.
GSE267401	GSM8265212_CTC21M	M0_expr_kmeans	expression-only k-means	6	gene	SPP1	seed_11	0.676639392671956	0.5550691245366647	0.842933346598204	True	2	0		0		False	False	False	False	no opposite-sign point estimate	Post-review descriptive stratification based on spot-bootstrap intervals; it is not an independent-sample or spatial-dependence-resolved test.
GSE267401	GSM8265212_CTC21M	M0_expr_kmeans	expression-only k-means	6	signature	SIG_CAF_FAP	seed_11	0.9014528790417872	0.8599320434799966	0.956662448614246	True	2	0		0		False	False	False	False	no opposite-sign point estimate	Post-review descriptive stratification based on spot-bootstrap intervals; it is not an independent-sample or spatial-dependence-resolved test.
GSE267401	GSM8265212_CTC21M	M0_expr_kmeans	expression-only k-means	6	signature	SIG_CYTOTOX	seed_11	0.0	0.0	0.0	False	2	0		0		False	False	False	False	no opposite-sign point estimate	Post-review descriptive stratification based on spot-bootstrap intervals; it is not an independent-sample or spatial-dependence-resolved test.
GSE267401	GSM8265212_CTC21M	M0_expr_kmeans	expression-only k-means	6	signature	SIG_EXCLUSION_CONTRAST	seed_11	1.1628791277830282	1.0818996078811234	1.232781917436221	True	2	0		0		False	False	False	False	no opposite-sign point estimate	Post-review descriptive stratification based on spot-bootstrap intervals; it is not an independent-sample or spatial-dependence-resolved test.
GSE267401	GSM8265212_CTC21M	M0_expr_kmeans	expression-only k-means	6	signature	SIG_EXCLUSION_TGFB_CXCL12	seed_11	0.4044308496132242	0.3736867721311243	0.4525323653701628	True	2	0		0		False	False	False	False	no opposite-sign point estimate	Post-review descriptive stratification based on spot-bootstrap intervals; it is not an independent-sample or spatial-dependence-resolved test.
GSE267401	GSM8265212_CTC21M	M0_expr_kmeans	expression-only k-means	6	signature	SIG_MY_SPP1	seed_11	0.3526749732527243	0.3253855465490064	0.3787100312510135	True	2	0		0		False	False	False	False	no opposite-sign point estimate	Post-review descriptive stratification based on spot-bootstrap intervals; it is not an independent-sample or spatial-dependence-resolved test.
GSE267401	GSM8265212_CTC21M	M0_expr_kmeans	expression-only k-means	6	signature	SIG_TCELL	seed_11	0.1135969131939649	0.1043713837351832	0.1214912462614381	True	2	0		0		False	False	False	False	no opposite-sign point estimate	Post-review descriptive stratification based on spot-bootstrap intervals; it is not an independent-sample or spatial-dependence-resolved test.
GSE267401	GSM8265212_CTC21M	M1_spatial_concat_kmeans	coordinate-augmented k-means	4	gene	COL1A1	seed_11	1.166110951400987	0.9750081171414632	1.3213442282861678	True	2	0		0		False	False	False	False	no opposite-sign point estimate	Post-review descriptive stratification based on spot-bootstrap intervals; it is not an independent-sample or spatial-dependence-resolved test.
GSE267401	GSM8265212_CTC21M	M1_spatial_concat_kmeans	coordinate-augmented k-means	4	gene	EPCAM	seed_11	1.2282403972555938	0.9788817568155695	1.8885485365172927	True	2	0		0		False	False	False	False	no opposite-sign point estimate	Post-review descriptive stratification based on spot-bootstrap intervals; it is not an independent-sample or spatial-dependence-resolved test.
GSE267401	GSM8265212_CTC21M	M1_spatial_concat_kmeans	coordinate-augmented k-means	4	gene	FAP	seed_11	0.0	0.0	0.0	False	2	0		0		False	False	False	False	no opposite-sign point estimate	Post-review descriptive stratification based on spot-bootstrap intervals; it is not an independent-sample or spatial-dependence-resolved test.
GSE267401	GSM8265212_CTC21M	M1_spatial_concat_kmeans	coordinate-augmented k-means	4	gene	PTPRC	seed_11	0.0	0.0	0.0	False	2	0		0		False	False	False	False	no opposite-sign point estimate	Post-review descriptive stratification based on spot-bootstrap intervals; it is not an independent-sample or spatial-dependence-resolved test.
GSE267401	GSM8265212_CTC21M	M1_spatial_concat_kmeans	coordinate-augmented k-means	4	gene	SPP1	seed_11	1.0067861238466709	0.9150622734347394	1.1349038334459365	True	2	0		0		False	False	False	False	no opposite-sign point estimate	Post-review descriptive stratification based on spot-bootstrap intervals; it is not an independent-sample or spatial-dependence-resolved test.
GSE267401	GSM8265212_CTC21M	M1_spatial_concat_kmeans	coordinate-augmented k-means	4	signature	SIG_CAF_FAP	seed_11	0.8853892244642134	0.8318723104182602	0.9399082484399524	True	2	0		0		False	False	False	False	no opposite-sign point estimate	Post-review descriptive stratification based on spot-bootstrap intervals; it is not an independent-sample or spatial-dependence-resolved test.
GSE267401	GSM8265212_CTC21M	M1_spatial_concat_kmeans	coordinate-augmented k-means	4	signature	SIG_CYTOTOX	seed_11	0.0	0.0	0.0	False	2	0		0		False	False	False	False	no opposite-sign point estimate	Post-review descriptive stratification based on spot-bootstrap intervals; it is not an independent-sample or spatial-dependence-resolved test.
GSE267401	GSM8265212_CTC21M	M1_spatial_concat_kmeans	coordinate-augmented k-means	4	signature	SIG_EXCLUSION_CONTRAST	seed_11	1.21340582434723	1.1187246234065529	1.2905570648402744	True	2	0		0		False	False	False	False	no opposite-sign point estimate	Post-review descriptive stratification based on spot-bootstrap intervals; it is not an independent-sample or spatial-dependence-resolved test.
GSE267401	GSM8265212_CTC21M	M1_spatial_concat_kmeans	coordinate-augmented k-means	4	signature	SIG_EXCLUSION_TGFB_CXCL12	seed_11	0.4066215782395981	0.3657871708402	0.456599097569315	True	2	0		0		False	False	False	False	no opposite-sign point estimate	Post-review descriptive stratification based on spot-bootstrap intervals; it is not an independent-sample or spatial-dependence-resolved test.
GSE267401	GSM8265212_CTC21M	M1_spatial_concat_kmeans	coordinate-augmented k-means	4	signature	SIG_MY_SPP1	seed_11	0.3780341606309859	0.3511302898220278	0.4069738858654784	True	2	0		0		False	False	False	False	no opposite-sign point estimate	Post-review descriptive stratification based on spot-bootstrap intervals; it is not an independent-sample or spatial-dependence-resolved test.
GSE267401	GSM8265212_CTC21M	M1_spatial_concat_kmeans	coordinate-augmented k-means	4	signature	SIG_TCELL	seed_11	0.1042293290621788	0.0979185014185018	0.1123096410621054	True	2	0		0		False	False	False	False	no opposite-sign point estimate	Post-review descriptive stratification based on spot-bootstrap intervals; it is not an independent-sample or spatial-dependence-resolved test.
GSE267401	GSM8265212_CTC21M	M1_spatial_concat_kmeans	coordinate-augmented k-means	6	gene	COL1A1	seed_11	1.1877502549053016	1.0444568278259423	1.2996600348783642	True	2	0		0		False	False	False	False	no opposite-sign point estimate	Post-review descriptive stratification based on spot-bootstrap intervals; it is not an independent-sample or spatial-dependence-resolved test.
GSE267401	GSM8265212_CTC21M	M1_spatial_concat_kmeans	coordinate-augmented k-means	6	gene	EPCAM	seed_11	0.3501745265217271	0.1385336786976957	0.8931418497045149	True	2	0		0		False	False	False	False	no opposite-sign point estimate	Post-review descriptive stratification based on spot-bootstrap intervals; it is not an independent-sample or spatial-dependence-resolved test.
GSE267401	GSM8265212_CTC21M	M1_spatial_concat_kmeans	coordinate-augmented k-means	6	gene	FAP	seed_11	0.0	0.0	0.0	False	2	0		0		False	False	False	False	no opposite-sign point estimate	Post-review descriptive stratification based on spot-bootstrap intervals; it is not an independent-sample or spatial-dependence-resolved test.
GSE267401	GSM8265212_CTC21M	M1_spatial_concat_kmeans	coordinate-augmented k-means	6	gene	PTPRC	seed_11	0.0	0.0	0.0	False	2	0		0		False	False	False	False	no opposite-sign point estimate	Post-review descriptive stratification based on spot-bootstrap intervals; it is not an independent-sample or spatial-dependence-resolved test.
GSE267401	GSM8265212_CTC21M	M1_spatial_concat_kmeans	coordinate-augmented k-means	6	gene	SPP1	seed_11	0.6741347734284373	0.5521002706691012	0.8494776645273838	True	2	0		0		False	False	False	False	no opposite-sign point estimate	Post-review descriptive stratification based on spot-bootstrap intervals; it is not an independent-sample or spatial-dependence-resolved test.
GSE267401	GSM8265212_CTC21M	M1_spatial_concat_kmeans	coordinate-augmented k-means	6	signature	SIG_CAF_FAP	seed_11	0.9027768310301468	0.85708537925294	0.9567117786386218	True	2	0		0		False	False	False	False	no opposite-sign point estimate	Post-review descriptive stratification based on spot-bootstrap intervals; it is not an independent-sample or spatial-dependence-resolved test.
GSE267401	GSM8265212_CTC21M	M1_spatial_concat_kmeans	coordinate-augmented k-means	6	signature	SIG_CYTOTOX	seed_11	0.0	0.0	0.0	False	2	0		0		False	False	False	False	no opposite-sign point estimate	Post-review descriptive stratification based on spot-bootstrap intervals; it is not an independent-sample or spatial-dependence-resolved test.
GSE267401	GSM8265212_CTC21M	M1_spatial_concat_kmeans	coordinate-augmented k-means	6	signature	SIG_EXCLUSION_CONTRAST	seed_11	1.1654112562221228	1.0787078596600648	1.2330107779298682	True	2	0		0		False	False	False	False	no opposite-sign point estimate	Post-review descriptive stratification based on spot-bootstrap intervals; it is not an independent-sample or spatial-dependence-resolved test.
GSE267401	GSM8265212_CTC21M	M1_spatial_concat_kmeans	coordinate-augmented k-means	6	signature	SIG_EXCLUSION_TGFB_CXCL12	seed_11	0.4046624031895656	0.3756739159310916	0.4572259729375539	True	2	0		0		False	False	False	False	no opposite-sign point estimate	Post-review descriptive stratification based on spot-bootstrap intervals; it is not an independent-sample or spatial-dependence-resolved test.
GSE267401	GSM8265212_CTC21M	M1_spatial_concat_kmeans	coordinate-augmented k-means	6	signature	SIG_MY_SPP1	seed_11	0.3527917173354096	0.3250475043026039	0.3794234227129692	True	2	0		0		False	False	False	False	no opposite-sign point estimate	Post-review descriptive stratification based on spot-bootstrap intervals; it is not an independent-sample or spatial-dependence-resolved test.
GSE267401	GSM8265212_CTC21M	M1_spatial_concat_kmeans	coordinate-augmented k-means	6	signature	SIG_TCELL	seed_11	0.1137021336441103	0.1047210493867	0.121524757479315	True	2	0		0		False	False	False	False	no opposite-sign point estimate	Post-review descriptive stratification based on spot-bootstrap intervals; it is not an independent-sample or spatial-dependence-resolved test.
GSE267401	GSM8265212_CTC21M	M2_spatial_ward	spatial Ward	4	gene	COL1A1	neighbors_6	0.4632405403099406	0.3292145871823171	0.6292614507149477	True	2	0		0		False	False	False	False	no opposite-sign point estimate	Post-review descriptive stratification based on spot-bootstrap intervals; it is not an independent-sample or spatial-dependence-resolved test.
GSE267401	GSM8265212_CTC21M	M2_spatial_ward	spatial Ward	4	gene	EPCAM	neighbors_6	0.0749655843269228	-0.0081372349711178	0.1794650333251365	False	2	1	neighbors_4	0		True	False	True	True	reference and alternative intervals include zero	Post-review descriptive stratification based on spot-bootstrap intervals; it is not an independent-sample or spatial-dependence-resolved test.
GSE267401	GSM8265212_CTC21M	M2_spatial_ward	spatial Ward	4	gene	FAP	neighbors_6	0.0	0.0	0.0020681947263585	False	2	0		0		False	False	False	False	no opposite-sign point estimate	Post-review descriptive stratification based on spot-bootstrap intervals; it is not an independent-sample or spatial-dependence-resolved test.
GSE267401	GSM8265212_CTC21M	M2_spatial_ward	spatial Ward	4	gene	PTPRC	neighbors_6	0.0	0.0	0.0	False	2	0		0		False	False	False	False	no opposite-sign point estimate	Post-review descriptive stratification based on spot-bootstrap intervals; it is not an independent-sample or spatial-dependence-resolved test.
GSE267401	GSM8265212_CTC21M	M2_spatial_ward	spatial Ward	4	gene	SPP1	neighbors_6	0.0690164148855951	-0.0065701166225185	0.1490576565886252	False	2	0		0		False	False	False	False	no opposite-sign point estimate	Post-review descriptive stratification based on spot-bootstrap intervals; it is not an independent-sample or spatial-dependence-resolved test.
GSE267401	GSM8265212_CTC21M	M2_spatial_ward	spatial Ward	4	signature	SIG_CAF_FAP	neighbors_6	0.3200218263065086	0.2269117366786764	0.4473672696161135	True	2	0		0		False	False	False	False	no opposite-sign point estimate	Post-review descriptive stratification based on spot-bootstrap intervals; it is not an independent-sample or spatial-dependence-resolved test.
GSE267401	GSM8265212_CTC21M	M2_spatial_ward	spatial Ward	4	signature	SIG_CYTOTOX	neighbors_6	0.0	0.0	0.0	False	2	0		0		False	False	False	False	no opposite-sign point estimate	Post-review descriptive stratification based on spot-bootstrap intervals; it is not an independent-sample or spatial-dependence-resolved test.
GSE267401	GSM8265212_CTC21M	M2_spatial_ward	spatial Ward	4	signature	SIG_EXCLUSION_CONTRAST	neighbors_6	0.4021640201000176	0.287317549128987	0.5106587577277235	True	2	0		0		False	False	False	False	no opposite-sign point estimate	Post-review descriptive stratification based on spot-bootstrap intervals; it is not an independent-sample or spatial-dependence-resolved test.
GSE267401	GSM8265212_CTC21M	M2_spatial_ward	spatial Ward	4	signature	SIG_EXCLUSION_TGFB_CXCL12	neighbors_6	0.1698771198672863	0.108542529918746	0.2453928848772459	True	2	0		0		False	False	False	False	no opposite-sign point estimate	Post-review descriptive stratification based on spot-bootstrap intervals; it is not an independent-sample or spatial-dependence-resolved test.
GSE267401	GSM8265212_CTC21M	M2_spatial_ward	spatial Ward	4	signature	SIG_MY_SPP1	neighbors_6	0.0805639610729774	0.044817427063377	0.1138134115363021	True	2	0		0		False	False	False	False	no opposite-sign point estimate	Post-review descriptive stratification based on spot-bootstrap intervals; it is not an independent-sample or spatial-dependence-resolved test.
GSE267401	GSM8265212_CTC21M	M2_spatial_ward	spatial Ward	4	signature	SIG_TCELL	neighbors_6	0.0736884698887817	-0.0197425860368668	0.0934108623173047	False	2	0		0		False	False	False	False	no opposite-sign point estimate	Post-review descriptive stratification based on spot-bootstrap intervals; it is not an independent-sample or spatial-dependence-resolved test.
GSE267401	GSM8265212_CTC21M	M2_spatial_ward	spatial Ward	6	gene	COL1A1	neighbors_6	0.4914662979091515	0.3854600000082981	0.6058171302246288	True	2	0		0		False	False	False	False	no opposite-sign point estimate	Post-review descriptive stratification based on spot-bootstrap intervals; it is not an independent-sample or spatial-dependence-resolved test.
GSE267401	GSM8265212_CTC21M	M2_spatial_ward	spatial Ward	6	gene	EPCAM	neighbors_6	0.0511082878507787	-0.0336882452444235	0.1219060167315126	False	2	1	neighbors_8	0		True	False	True	False	reference interval includes zero	Post-review descriptive stratification based on spot-bootstrap intervals; it is not an independent-sample or spatial-dependence-resolved test.
GSE267401	GSM8265212_CTC21M	M2_spatial_ward	spatial Ward	6	gene	FAP	neighbors_6	0.0	0.0	0.0	False	2	0		0		False	False	False	False	no opposite-sign point estimate	Post-review descriptive stratification based on spot-bootstrap intervals; it is not an independent-sample or spatial-dependence-resolved test.
GSE267401	GSM8265212_CTC21M	M2_spatial_ward	spatial Ward	6	gene	PTPRC	neighbors_6	0.0	0.0	0.0	False	2	0		0		False	False	False	False	no opposite-sign point estimate	Post-review descriptive stratification based on spot-bootstrap intervals; it is not an independent-sample or spatial-dependence-resolved test.
GSE267401	GSM8265212_CTC21M	M2_spatial_ward	spatial Ward	6	gene	SPP1	neighbors_6	0.0529484843995793	-0.0090120848434086	0.1280390391121341	False	2	2	neighbors_4;neighbors_8	0		True	False	True	True	reference and alternative intervals include zero	Post-review descriptive stratification based on spot-bootstrap intervals; it is not an independent-sample or spatial-dependence-resolved test.
GSE267401	GSM8265212_CTC21M	M2_spatial_ward	spatial Ward	6	signature	SIG_CAF_FAP	neighbors_6	0.4254658521020604	0.3510932670330523	0.5021364888716437	True	2	0		0		False	False	False	False	no opposite-sign point estimate	Post-review descriptive stratification based on spot-bootstrap intervals; it is not an independent-sample or spatial-dependence-resolved test.
GSE267401	GSM8265212_CTC21M	M2_spatial_ward	spatial Ward	6	signature	SIG_CYTOTOX	neighbors_6	0.0	0.0	0.0	False	2	0		0		False	False	False	False	no opposite-sign point estimate	Post-review descriptive stratification based on spot-bootstrap intervals; it is not an independent-sample or spatial-dependence-resolved test.
GSE267401	GSM8265212_CTC21M	M2_spatial_ward	spatial Ward	6	signature	SIG_EXCLUSION_CONTRAST	neighbors_6	0.4156213293959196	0.3297884645368847	0.5002152499261915	True	2	0		0		False	False	False	False	no opposite-sign point estimate	Post-review descriptive stratification based on spot-bootstrap intervals; it is not an independent-sample or spatial-dependence-resolved test.
GSE267401	GSM8265212_CTC21M	M2_spatial_ward	spatial Ward	6	signature	SIG_EXCLUSION_TGFB_CXCL12	neighbors_6	0.1959635678656605	0.1475183545585748	0.2542582058171757	True	2	0		0		False	False	False	False	no opposite-sign point estimate	Post-review descriptive stratification based on spot-bootstrap intervals; it is not an independent-sample or spatial-dependence-resolved test.
GSE267401	GSM8265212_CTC21M	M2_spatial_ward	spatial Ward	6	signature	SIG_MY_SPP1	neighbors_6	0.0880217632382134	0.0599295936392529	0.115563393006045	True	2	1	neighbors_4	0		True	False	False	False	alternative interval includes zero	Post-review descriptive stratification based on spot-bootstrap intervals; it is not an independent-sample or spatial-dependence-resolved test.
GSE267401	GSM8265212_CTC21M	M2_spatial_ward	spatial Ward	6	signature	SIG_TCELL	neighbors_6	0.1228378724374397	0.1076365313132501	0.1395461450376807	True	2	0		0		False	False	False	False	no opposite-sign point estimate	Post-review descriptive stratification based on spot-bootstrap intervals; it is not an independent-sample or spatial-dependence-resolved test.
GSE267401	GSM8265212_CTC21M	M3_spatial_leiden	spatial Leiden	4	gene	COL1A1	seed_11	0.5188095974734224	0.3494411380199021	0.7580128441835753	True	2	0		0		False	False	False	False	no opposite-sign point estimate	Post-review descriptive stratification based on spot-bootstrap intervals; it is not an independent-sample or spatial-dependence-resolved test.
GSE267401	GSM8265212_CTC21M	M3_spatial_leiden	spatial Leiden	4	gene	EPCAM	seed_11	-0.0717000007211303	-0.145697472740114	0.0821983969473403	False	2	1	seed_23	0		True	False	True	True	reference and alternative intervals include zero	Post-review descriptive stratification based on spot-bootstrap intervals; it is not an independent-sample or spatial-dependence-resolved test.
GSE267401	GSM8265212_CTC21M	M3_spatial_leiden	spatial Leiden	4	gene	FAP	seed_11	0.0	0.0	0.5023581060736534	False	2	0		0		False	False	False	False	no opposite-sign point estimate	Post-review descriptive stratification based on spot-bootstrap intervals; it is not an independent-sample or spatial-dependence-resolved test.
GSE267401	GSM8265212_CTC21M	M3_spatial_leiden	spatial Leiden	4	gene	PTPRC	seed_11	0.0	0.0	0.0	False	2	0		0		False	False	False	False	no opposite-sign point estimate	Post-review descriptive stratification based on spot-bootstrap intervals; it is not an independent-sample or spatial-dependence-resolved test.
GSE267401	GSM8265212_CTC21M	M3_spatial_leiden	spatial Leiden	4	gene	SPP1	seed_11	0.1020202500013214	0.0002120986079709	0.1923403935619275	True	2	0		0		False	False	False	False	no opposite-sign point estimate	Post-review descriptive stratification based on spot-bootstrap intervals; it is not an independent-sample or spatial-dependence-resolved test.
GSE267401	GSM8265212_CTC21M	M3_spatial_leiden	spatial Leiden	4	signature	SIG_CAF_FAP	seed_11	0.4311988134373083	0.2857096987089177	0.6317851216677814	True	2	0		0		False	False	False	False	no opposite-sign point estimate	Post-review descriptive stratification based on spot-bootstrap intervals; it is not an independent-sample or spatial-dependence-resolved test.
GSE267401	GSM8265212_CTC21M	M3_spatial_leiden	spatial Leiden	4	signature	SIG_CYTOTOX	seed_11	0.0	0.0	0.0	False	2	0		0		False	False	False	False	no opposite-sign point estimate	Post-review descriptive stratification based on spot-bootstrap intervals; it is not an independent-sample or spatial-dependence-resolved test.
GSE267401	GSM8265212_CTC21M	M3_spatial_leiden	spatial Leiden	4	signature	SIG_EXCLUSION_CONTRAST	seed_11	0.3294289568064368	0.1870558258242398	0.5421836587676341	True	2	0		0		False	False	False	False	no opposite-sign point estimate	Post-review descriptive stratification based on spot-bootstrap intervals; it is not an independent-sample or spatial-dependence-resolved test.
GSE267401	GSM8265212_CTC21M	M3_spatial_leiden	spatial Leiden	4	signature	SIG_EXCLUSION_TGFB_CXCL12	seed_11	0.1355538533664932	0.0391403957810759	0.2803801515672735	True	2	0		0		False	False	False	False	no opposite-sign point estimate	Post-review descriptive stratification based on spot-bootstrap intervals; it is not an independent-sample or spatial-dependence-resolved test.
GSE267401	GSM8265212_CTC21M	M3_spatial_leiden	spatial Leiden	4	signature	SIG_MY_SPP1	seed_11	0.0571136261707052	0.0013803282758802	0.1241900651844365	True	2	1	seed_23	0		True	False	False	False	alternative interval includes zero	Post-review descriptive stratification based on spot-bootstrap intervals; it is not an independent-sample or spatial-dependence-resolved test.
GSE267401	GSM8265212_CTC21M	M3_spatial_leiden	spatial Leiden	4	signature	SIG_TCELL	seed_11	0.2067114072217526	0.1232150144327985	0.2538358936911021	True	2	0		0		False	False	False	False	no opposite-sign point estimate	Post-review descriptive stratification based on spot-bootstrap intervals; it is not an independent-sample or spatial-dependence-resolved test.
GSE267401	GSM8265212_CTC21M	M3_spatial_leiden	spatial Leiden	6	gene	COL1A1	seed_11	-0.1954583162963161	-0.3244300298101423	-0.0386005049292304	True	2	2	seed_23;seed_37	1	seed_23	True	True	False	False	reference and alternative intervals exclude zero	Post-review descriptive stratification based on spot-bootstrap intervals; it is not an independent-sample or spatial-dependence-resolved test.
GSE267401	GSM8265212_CTC21M	M3_spatial_leiden	spatial Leiden	6	gene	EPCAM	seed_11	0.1918535435369341	0.1073957164472675	0.2616378346799212	True	2	0		0		False	False	False	False	no opposite-sign point estimate	Post-review descriptive stratification based on spot-bootstrap intervals; it is not an independent-sample or spatial-dependence-resolved test.
GSE267401	GSM8265212_CTC21M	M3_spatial_leiden	spatial Leiden	6	gene	FAP	seed_11	0.0	0.0	0.0	False	2	0		0		False	False	False	False	no opposite-sign point estimate	Post-review descriptive stratification based on spot-bootstrap intervals; it is not an independent-sample or spatial-dependence-resolved test.
GSE267401	GSM8265212_CTC21M	M3_spatial_leiden	spatial Leiden	6	gene	PTPRC	seed_11	0.0	0.0	0.0	False	2	0		0		False	False	False	False	no opposite-sign point estimate	Post-review descriptive stratification based on spot-bootstrap intervals; it is not an independent-sample or spatial-dependence-resolved test.
GSE267401	GSM8265212_CTC21M	M3_spatial_leiden	spatial Leiden	6	gene	SPP1	seed_11	0.102953583593798	0.0347926759167998	0.1960908694595466	True	2	0		0		False	False	False	False	no opposite-sign point estimate	Post-review descriptive stratification based on spot-bootstrap intervals; it is not an independent-sample or spatial-dependence-resolved test.
GSE267401	GSM8265212_CTC21M	M3_spatial_leiden	spatial Leiden	6	signature	SIG_CAF_FAP	seed_11	-0.1345200867085121	-0.2410048440604209	-0.0445979127419761	True	2	2	seed_23;seed_37	2	seed_23;seed_37	True	True	False	False	reference and alternative intervals exclude zero	Post-review descriptive stratification based on spot-bootstrap intervals; it is not an independent-sample or spatial-dependence-resolved test.
GSE267401	GSM8265212_CTC21M	M3_spatial_leiden	spatial Leiden	6	signature	SIG_CYTOTOX	seed_11	0.0	0.0	0.0	False	2	0		0		False	False	False	False	no opposite-sign point estimate	Post-review descriptive stratification based on spot-bootstrap intervals; it is not an independent-sample or spatial-dependence-resolved test.
GSE267401	GSM8265212_CTC21M	M3_spatial_leiden	spatial Leiden	6	signature	SIG_EXCLUSION_CONTRAST	seed_11	-0.0744468527239132	-0.1499745684596734	0.014171629117979	False	2	2	seed_23;seed_37	0		True	False	True	False	reference interval includes zero	Post-review descriptive stratification based on spot-bootstrap intervals; it is not an independent-sample or spatial-dependence-resolved test.
GSE267401	GSM8265212_CTC21M	M3_spatial_leiden	spatial Leiden	6	signature	SIG_EXCLUSION_TGFB_CXCL12	seed_11	-0.0902074821945915	-0.153845120316697	-0.0096786933485023	True	2	2	seed_23;seed_37	2	seed_23;seed_37	True	True	False	False	reference and alternative intervals exclude zero	Post-review descriptive stratification based on spot-bootstrap intervals; it is not an independent-sample or spatial-dependence-resolved test.
GSE267401	GSM8265212_CTC21M	M3_spatial_leiden	spatial Leiden	6	signature	SIG_MY_SPP1	seed_11	-0.0023173544272196	-0.0418512946252142	0.0513455463784367	False	2	2	seed_23;seed_37	0		True	False	True	False	reference interval includes zero	Post-review descriptive stratification based on spot-bootstrap intervals; it is not an independent-sample or spatial-dependence-resolved test.
GSE267401	GSM8265212_CTC21M	M3_spatial_leiden	spatial Leiden	6	signature	SIG_TCELL	seed_11	-0.0507801360847028	-0.0718726953021793	0.0712354844230699	False	2	2	seed_23;seed_37	0		True	False	True	False	reference interval includes zero	Post-review descriptive stratification based on spot-bootstrap intervals; it is not an independent-sample or spatial-dependence-resolved test.
GSE267401	GSM8265212_CTC21M	M4_spagcn	SpaGCN-style	4	gene	COL1A1	seed_11	1.014574020805481	0.8376318563857158	1.1572849774580884	True	2	0		0		False	False	False	False	no opposite-sign point estimate	Post-review descriptive stratification based on spot-bootstrap intervals; it is not an independent-sample or spatial-dependence-resolved test.
GSE267401	GSM8265212_CTC21M	M4_spagcn	SpaGCN-style	4	gene	EPCAM	seed_11	1.1031065028213392	0.8679858809391396	1.8748716667411072	True	2	0		0		False	False	False	False	no opposite-sign point estimate	Post-review descriptive stratification based on spot-bootstrap intervals; it is not an independent-sample or spatial-dependence-resolved test.
GSE267401	GSM8265212_CTC21M	M4_spagcn	SpaGCN-style	4	gene	FAP	seed_11	0.0	0.0	0.0	False	2	0		0		False	False	False	False	no opposite-sign point estimate	Post-review descriptive stratification based on spot-bootstrap intervals; it is not an independent-sample or spatial-dependence-resolved test.
GSE267401	GSM8265212_CTC21M	M4_spagcn	SpaGCN-style	4	gene	PTPRC	seed_11	0.0	0.0	0.0	False	2	0		0		False	False	False	False	no opposite-sign point estimate	Post-review descriptive stratification based on spot-bootstrap intervals; it is not an independent-sample or spatial-dependence-resolved test.
GSE267401	GSM8265212_CTC21M	M4_spagcn	SpaGCN-style	4	gene	SPP1	seed_11	0.9346160776365408	0.8250235858323215	1.0310558248835229	True	2	0		0		False	False	False	False	no opposite-sign point estimate	Post-review descriptive stratification based on spot-bootstrap intervals; it is not an independent-sample or spatial-dependence-resolved test.
GSE267401	GSM8265212_CTC21M	M4_spagcn	SpaGCN-style	4	signature	SIG_CAF_FAP	seed_11	0.8292804257642303	0.7677931084002784	0.8769249979908119	True	2	0		0		False	False	False	False	no opposite-sign point estimate	Post-review descriptive stratification based on spot-bootstrap intervals; it is not an independent-sample or spatial-dependence-resolved test.
GSE267401	GSM8265212_CTC21M	M4_spagcn	SpaGCN-style	4	signature	SIG_CYTOTOX	seed_11	0.0	0.0	0.0	False	2	0		0		False	False	False	False	no opposite-sign point estimate	Post-review descriptive stratification based on spot-bootstrap intervals; it is not an independent-sample or spatial-dependence-resolved test.
GSE267401	GSM8265212_CTC21M	M4_spagcn	SpaGCN-style	4	signature	SIG_EXCLUSION_CONTRAST	seed_11	1.0850292362266711	1.0012403019332148	1.164697377358587	True	2	0		0		False	False	False	False	no opposite-sign point estimate	Post-review descriptive stratification based on spot-bootstrap intervals; it is not an independent-sample or spatial-dependence-resolved test.
GSE267401	GSM8265212_CTC21M	M4_spagcn	SpaGCN-style	4	signature	SIG_EXCLUSION_TGFB_CXCL12	seed_11	0.3516302530325402	0.316682692875802	0.3968057532686094	True	2	0		0		False	False	False	False	no opposite-sign point estimate	Post-review descriptive stratification based on spot-bootstrap intervals; it is not an independent-sample or spatial-dependence-resolved test.
GSE267401	GSM8265212_CTC21M	M4_spagcn	SpaGCN-style	4	signature	SIG_MY_SPP1	seed_11	0.3365312290888419	0.3010974872041021	0.359844318514108	True	2	0		0		False	False	False	False	no opposite-sign point estimate	Post-review descriptive stratification based on spot-bootstrap intervals; it is not an independent-sample or spatial-dependence-resolved test.
GSE267401	GSM8265212_CTC21M	M4_spagcn	SpaGCN-style	4	signature	SIG_TCELL	seed_11	0.1007533895244548	0.0912794900473906	0.1063548991074846	True	2	0		0		False	False	False	False	no opposite-sign point estimate	Post-review descriptive stratification based on spot-bootstrap intervals; it is not an independent-sample or spatial-dependence-resolved test.
GSE267401	GSM8265212_CTC21M	M4_spagcn	SpaGCN-style	6	gene	COL1A1	seed_11	0.9903281970515114	0.8834644435864492	1.0891194792382393	True	2	0		0		False	False	False	False	no opposite-sign point estimate	Post-review descriptive stratification based on spot-bootstrap intervals; it is not an independent-sample or spatial-dependence-resolved test.
GSE267401	GSM8265212_CTC21M	M4_spagcn	SpaGCN-style	6	gene	EPCAM	seed_11	0.0177380916595542	-0.0550023198294498	0.1264814936307932	False	2	0		0		False	False	False	False	no opposite-sign point estimate	Post-review descriptive stratification based on spot-bootstrap intervals; it is not an independent-sample or spatial-dependence-resolved test.
GSE267401	GSM8265212_CTC21M	M4_spagcn	SpaGCN-style	6	gene	FAP	seed_11	0.0	0.0	0.0	False	2	0		0		False	False	False	False	no opposite-sign point estimate	Post-review descriptive stratification based on spot-bootstrap intervals; it is not an independent-sample or spatial-dependence-resolved test.
GSE267401	GSM8265212_CTC21M	M4_spagcn	SpaGCN-style	6	gene	PTPRC	seed_11	0.0	0.0	0.0	False	2	0		0		False	False	False	False	no opposite-sign point estimate	Post-review descriptive stratification based on spot-bootstrap intervals; it is not an independent-sample or spatial-dependence-resolved test.
GSE267401	GSM8265212_CTC21M	M4_spagcn	SpaGCN-style	6	gene	SPP1	seed_11	0.4204312335845896	0.3230971843567753	0.5032606755374851	True	2	0		0		False	False	False	False	no opposite-sign point estimate	Post-review descriptive stratification based on spot-bootstrap intervals; it is not an independent-sample or spatial-dependence-resolved test.
GSE267401	GSM8265212_CTC21M	M4_spagcn	SpaGCN-style	6	signature	SIG_CAF_FAP	seed_11	0.8133132175168474	0.7481226215927008	0.8742285273822478	True	2	0		0		False	False	False	False	no opposite-sign point estimate	Post-review descriptive stratification based on spot-bootstrap intervals; it is not an independent-sample or spatial-dependence-resolved test.
GSE267401	GSM8265212_CTC21M	M4_spagcn	SpaGCN-style	6	signature	SIG_CYTOTOX	seed_11	0.0	0.0	0.0	False	2	0		0		False	False	False	False	no opposite-sign point estimate	Post-review descriptive stratification based on spot-bootstrap intervals; it is not an independent-sample or spatial-dependence-resolved test.
GSE267401	GSM8265212_CTC21M	M4_spagcn	SpaGCN-style	6	signature	SIG_EXCLUSION_CONTRAST	seed_11	0.9781976216583296	0.8966798031465316	1.0551187952296823	True	2	0		0		False	False	False	False	no opposite-sign point estimate	Post-review descriptive stratification based on spot-bootstrap intervals; it is not an independent-sample or spatial-dependence-resolved test.
GSE267401	GSM8265212_CTC21M	M4_spagcn	SpaGCN-style	6	signature	SIG_EXCLUSION_TGFB_CXCL12	seed_11	0.356004768489944	0.323976422727336	0.3900677267534496	True	2	0		0		False	False	False	False	no opposite-sign point estimate	Post-review descriptive stratification based on spot-bootstrap intervals; it is not an independent-sample or spatial-dependence-resolved test.
GSE267401	GSM8265212_CTC21M	M4_spagcn	SpaGCN-style	6	signature	SIG_MY_SPP1	seed_11	0.299227435024585	0.2744200277725139	0.3243775600191149	True	2	0		0		False	False	False	False	no opposite-sign point estimate	Post-review descriptive stratification based on spot-bootstrap intervals; it is not an independent-sample or spatial-dependence-resolved test.
GSE267401	GSM8265212_CTC21M	M4_spagcn	SpaGCN-style	6	signature	SIG_TCELL	seed_11	0.1218415001632707	0.1138073540942557	0.1321239698054045	True	2	0		0		False	False	False	False	no opposite-sign point estimate	Post-review descriptive stratification based on spot-bootstrap intervals; it is not an independent-sample or spatial-dependence-resolved test.
GSE267401	GSM8265212_CTC21M	M5_stagate	STAGATE-style	4	gene	COL1A1	seed_11	0.9250367356119806	0.8375803877607192	1.0060584744031518	True	2	0		0		False	False	False	False	no opposite-sign point estimate	Post-review descriptive stratification based on spot-bootstrap intervals; it is not an independent-sample or spatial-dependence-resolved test.
GSE267401	GSM8265212_CTC21M	M5_stagate	STAGATE-style	4	gene	EPCAM	seed_11	-0.2132294170597444	-0.2665364896692074	-0.1589074905280266	True	2	1	seed_23	1	seed_23	True	True	False	False	reference and alternative intervals exclude zero	Post-review descriptive stratification based on spot-bootstrap intervals; it is not an independent-sample or spatial-dependence-resolved test.
GSE267401	GSM8265212_CTC21M	M5_stagate	STAGATE-style	4	gene	FAP	seed_11	0.0	0.0	0.0	False	2	0		0		False	False	False	False	no opposite-sign point estimate	Post-review descriptive stratification based on spot-bootstrap intervals; it is not an independent-sample or spatial-dependence-resolved test.
GSE267401	GSM8265212_CTC21M	M5_stagate	STAGATE-style	4	gene	PTPRC	seed_11	0.0	0.0	0.0	False	2	0		0		False	False	False	False	no opposite-sign point estimate	Post-review descriptive stratification based on spot-bootstrap intervals; it is not an independent-sample or spatial-dependence-resolved test.
GSE267401	GSM8265212_CTC21M	M5_stagate	STAGATE-style	4	gene	SPP1	seed_11	0.0390046636161622	-0.025019967222962	0.1209468774551652	False	2	1	seed_37	0		True	False	True	True	reference and alternative intervals include zero	Post-review descriptive stratification based on spot-bootstrap intervals; it is not an independent-sample or spatial-dependence-resolved test.
GSE267401	GSM8265212_CTC21M	M5_stagate	STAGATE-style	4	signature	SIG_CAF_FAP	seed_11	0.7346239696767642	0.676723066201403	0.8024202960790966	True	2	0		0		False	False	False	False	no opposite-sign point estimate	Post-review descriptive stratification based on spot-bootstrap intervals; it is not an independent-sample or spatial-dependence-resolved test.
GSE267401	GSM8265212_CTC21M	M5_stagate	STAGATE-style	4	signature	SIG_CYTOTOX	seed_11	0.0	0.0	0.0	False	2	0		0		False	False	False	False	no opposite-sign point estimate	Post-review descriptive stratification based on spot-bootstrap intervals; it is not an independent-sample or spatial-dependence-resolved test.
GSE267401	GSM8265212_CTC21M	M5_stagate	STAGATE-style	4	signature	SIG_EXCLUSION_CONTRAST	seed_11	0.8217353773365939	0.7477772740534887	0.886639551694358	True	2	0		0		False	False	False	False	no opposite-sign point estimate	Post-review descriptive stratification based on spot-bootstrap intervals; it is not an independent-sample or spatial-dependence-resolved test.
GSE267401	GSM8265212_CTC21M	M5_stagate	STAGATE-style	4	signature	SIG_EXCLUSION_TGFB_CXCL12	seed_11	0.3531679440544784	0.3230036788618456	0.3807813661284038	True	2	0		0		False	False	False	False	no opposite-sign point estimate	Post-review descriptive stratification based on spot-bootstrap intervals; it is not an independent-sample or spatial-dependence-resolved test.
GSE267401	GSM8265212_CTC21M	M5_stagate	STAGATE-style	4	signature	SIG_MY_SPP1	seed_11	0.2285677801746637	0.2085273084746487	0.2505631507532759	True	2	0		0		False	False	False	False	no opposite-sign point estimate	Post-review descriptive stratification based on spot-bootstrap intervals; it is not an independent-sample or spatial-dependence-resolved test.
GSE267401	GSM8265212_CTC21M	M5_stagate	STAGATE-style	4	signature	SIG_TCELL	seed_11	0.1374235466054204	0.1229223195612469	0.1538532399168279	True	2	0		0		False	False	False	False	no opposite-sign point estimate	Post-review descriptive stratification based on spot-bootstrap intervals; it is not an independent-sample or spatial-dependence-resolved test.
GSE267401	GSM8265212_CTC21M	M5_stagate	STAGATE-style	6	gene	COL1A1	seed_11	0.9116939123474612	0.8309781134601626	0.985706779951002	True	2	0		0		False	False	False	False	no opposite-sign point estimate	Post-review descriptive stratification based on spot-bootstrap intervals; it is not an independent-sample or spatial-dependence-resolved test.
GSE267401	GSM8265212_CTC21M	M5_stagate	STAGATE-style	6	gene	EPCAM	seed_11	-0.1559654990070835	-0.2170684041824913	-0.106442954068518	True	2	1	seed_23	0		True	False	False	False	alternative interval includes zero	Post-review descriptive stratification based on spot-bootstrap intervals; it is not an independent-sample or spatial-dependence-resolved test.
GSE267401	GSM8265212_CTC21M	M5_stagate	STAGATE-style	6	gene	FAP	seed_11	0.0	0.0	0.0	False	2	0		0		False	False	False	False	no opposite-sign point estimate	Post-review descriptive stratification based on spot-bootstrap intervals; it is not an independent-sample or spatial-dependence-resolved test.
GSE267401	GSM8265212_CTC21M	M5_stagate	STAGATE-style	6	gene	PTPRC	seed_11	0.0	0.0	0.0	False	2	0		0		False	False	False	False	no opposite-sign point estimate	Post-review descriptive stratification based on spot-bootstrap intervals; it is not an independent-sample or spatial-dependence-resolved test.
GSE267401	GSM8265212_CTC21M	M5_stagate	STAGATE-style	6	gene	SPP1	seed_11	0.0809630631329709	0.0040209309629124	0.1426182007687282	True	2	0		0		False	False	False	False	no opposite-sign point estimate	Post-review descriptive stratification based on spot-bootstrap intervals; it is not an independent-sample or spatial-dependence-resolved test.
GSE267401	GSM8265212_CTC21M	M5_stagate	STAGATE-style	6	signature	SIG_CAF_FAP	seed_11	0.7587538424398235	0.6963609336952861	0.822109100419455	True	2	0		0		False	False	False	False	no opposite-sign point estimate	Post-review descriptive stratification based on spot-bootstrap intervals; it is not an independent-sample or spatial-dependence-resolved test.
GSE267401	GSM8265212_CTC21M	M5_stagate	STAGATE-style	6	signature	SIG_CYTOTOX	seed_11	0.0	0.0	0.0	False	2	0		0		False	False	False	False	no opposite-sign point estimate	Post-review descriptive stratification based on spot-bootstrap intervals; it is not an independent-sample or spatial-dependence-resolved test.
GSE267401	GSM8265212_CTC21M	M5_stagate	STAGATE-style	6	signature	SIG_EXCLUSION_CONTRAST	seed_11	0.861782428883711	0.7913952258585728	0.9262414543831576	True	2	0		0		False	False	False	False	no opposite-sign point estimate	Post-review descriptive stratification based on spot-bootstrap intervals; it is not an independent-sample or spatial-dependence-resolved test.
GSE267401	GSM8265212_CTC21M	M5_stagate	STAGATE-style	6	signature	SIG_EXCLUSION_TGFB_CXCL12	seed_11	0.3499432581485087	0.3184406238426939	0.3819381550988661	True	2	0		0		False	False	False	False	no opposite-sign point estimate	Post-review descriptive stratification based on spot-bootstrap intervals; it is not an independent-sample or spatial-dependence-resolved test.
GSE267401	GSM8265212_CTC21M	M5_stagate	STAGATE-style	6	signature	SIG_MY_SPP1	seed_11	0.2434574372032468	0.2191990901308801	0.2657583081722756	True	2	0		0		False	False	False	False	no opposite-sign point estimate	Post-review descriptive stratification based on spot-bootstrap intervals; it is not an independent-sample or spatial-dependence-resolved test.
GSE267401	GSM8265212_CTC21M	M5_stagate	STAGATE-style	6	signature	SIG_TCELL	seed_11	0.1365211928678505	0.124980481605702	0.1513771259691666	True	2	0		0		False	False	False	False	no opposite-sign point estimate	Post-review descriptive stratification based on spot-bootstrap intervals; it is not an independent-sample or spatial-dependence-resolved test.
GSE267401	GSM8265213_CTC17P	BayesSpace	BayesSpace	4	gene	COL1A1	seed_11	0.7967644838351065	0.5516795419818965	1.0699934768168469	True	2	0		0		False	False	False	False	no opposite-sign point estimate	Post-review descriptive stratification based on spot-bootstrap intervals; it is not an independent-sample or spatial-dependence-resolved test.
GSE267401	GSM8265213_CTC17P	BayesSpace	BayesSpace	4	gene	EPCAM	seed_11	-0.0578744874422656	-0.0975070315273931	-0.002638849830395	True	2	0		0		False	False	False	False	no opposite-sign point estimate	Post-review descriptive stratification based on spot-bootstrap intervals; it is not an independent-sample or spatial-dependence-resolved test.
GSE267401	GSM8265213_CTC17P	BayesSpace	BayesSpace	4	gene	FAP	seed_11	0.0	0.0	0.0	False	2	0		0		False	False	False	False	no opposite-sign point estimate	Post-review descriptive stratification based on spot-bootstrap intervals; it is not an independent-sample or spatial-dependence-resolved test.
GSE267401	GSM8265213_CTC17P	BayesSpace	BayesSpace	4	gene	PTPRC	seed_11	0.0	0.0	0.0	False	2	0		0		False	False	False	False	no opposite-sign point estimate	Post-review descriptive stratification based on spot-bootstrap intervals; it is not an independent-sample or spatial-dependence-resolved test.
GSE267401	GSM8265213_CTC17P	BayesSpace	BayesSpace	4	gene	SPP1	seed_11	0.0	0.0	0.31616694852043	False	2	0		0		False	False	False	False	no opposite-sign point estimate	Post-review descriptive stratification based on spot-bootstrap intervals; it is not an independent-sample or spatial-dependence-resolved test.
GSE267401	GSM8265213_CTC17P	BayesSpace	BayesSpace	4	signature	SIG_CAF_FAP	seed_11	0.3289962047034162	0.2110274551978146	0.4576240861597837	True	2	0		0		False	False	False	False	no opposite-sign point estimate	Post-review descriptive stratification based on spot-bootstrap intervals; it is not an independent-sample or spatial-dependence-resolved test.
GSE267401	GSM8265213_CTC17P	BayesSpace	BayesSpace	4	signature	SIG_CYTOTOX	seed_11	-0.0363658441094622	-0.0784887864594729	-0.0117449421462952	True	2	0		0		False	False	False	False	no opposite-sign point estimate	Post-review descriptive stratification based on spot-bootstrap intervals; it is not an independent-sample or spatial-dependence-resolved test.
GSE267401	GSM8265213_CTC17P	BayesSpace	BayesSpace	4	signature	SIG_EXCLUSION_CONTRAST	seed_11	0.4091600542030578	0.2706191802763599	0.5285169719083979	True	2	0		0		False	False	False	False	no opposite-sign point estimate	Post-review descriptive stratification based on spot-bootstrap intervals; it is not an independent-sample or spatial-dependence-resolved test.
GSE267401	GSM8265213_CTC17P	BayesSpace	BayesSpace	4	signature	SIG_EXCLUSION_TGFB_CXCL12	seed_11	0.1652071225658523	0.1160840134295779	0.2531679577765791	True	2	0		0		False	False	False	False	no opposite-sign point estimate	Post-review descriptive stratification based on spot-bootstrap intervals; it is not an independent-sample or spatial-dependence-resolved test.
GSE267401	GSM8265213_CTC17P	BayesSpace	BayesSpace	4	signature	SIG_MY_SPP1	seed_11	0.0661003057980959	0.0377714252507314	0.0940994326932045	True	2	0		0		False	False	False	False	no opposite-sign point estimate	Post-review descriptive stratification based on spot-bootstrap intervals; it is not an independent-sample or spatial-dependence-resolved test.
GSE267401	GSM8265213_CTC17P	BayesSpace	BayesSpace	4	signature	SIG_TCELL	seed_11	0.0	0.0	0.0	False	2	0		0		False	False	False	False	no opposite-sign point estimate	Post-review descriptive stratification based on spot-bootstrap intervals; it is not an independent-sample or spatial-dependence-resolved test.
GSE267401	GSM8265213_CTC17P	BayesSpace	BayesSpace	6	gene	COL1A1	seed_11	0.493081221110758	0.3906682095716651	0.6367936557457667	True	2	0		0		False	False	False	False	no opposite-sign point estimate	Post-review descriptive stratification based on spot-bootstrap intervals; it is not an independent-sample or spatial-dependence-resolved test.
GSE267401	GSM8265213_CTC17P	BayesSpace	BayesSpace	6	gene	EPCAM	seed_11	-0.0930044050463725	-0.1305697707818126	-0.0514102236285948	True	2	0		0		False	False	False	False	no opposite-sign point estimate	Post-review descriptive stratification based on spot-bootstrap intervals; it is not an independent-sample or spatial-dependence-resolved test.
GSE267401	GSM8265213_CTC17P	BayesSpace	BayesSpace	6	gene	FAP	seed_11	0.0	0.0	0.0	False	2	0		0		False	False	False	False	no opposite-sign point estimate	Post-review descriptive stratification based on spot-bootstrap intervals; it is not an independent-sample or spatial-dependence-resolved test.
GSE267401	GSM8265213_CTC17P	BayesSpace	BayesSpace	6	gene	PTPRC	seed_11	0.0	0.0	0.0	False	2	0		0		False	False	False	False	no opposite-sign point estimate	Post-review descriptive stratification based on spot-bootstrap intervals; it is not an independent-sample or spatial-dependence-resolved test.
GSE267401	GSM8265213_CTC17P	BayesSpace	BayesSpace	6	gene	SPP1	seed_11	0.0	-0.1689226214074683	0.0	False	2	0		0		False	False	False	False	no opposite-sign point estimate	Post-review descriptive stratification based on spot-bootstrap intervals; it is not an independent-sample or spatial-dependence-resolved test.
GSE267401	GSM8265213_CTC17P	BayesSpace	BayesSpace	6	signature	SIG_CAF_FAP	seed_11	0.2115733344990101	0.165828236556922	0.2657671075664105	True	2	0		0		False	False	False	False	no opposite-sign point estimate	Post-review descriptive stratification based on spot-bootstrap intervals; it is not an independent-sample or spatial-dependence-resolved test.
GSE267401	GSM8265213_CTC17P	BayesSpace	BayesSpace	6	signature	SIG_CYTOTOX	seed_11	-0.0437389902164802	-0.0565208183716512	-0.0260996251459866	True	2	0		0		False	False	False	False	no opposite-sign point estimate	Post-review descriptive stratification based on spot-bootstrap intervals; it is not an independent-sample or spatial-dependence-resolved test.
GSE267401	GSM8265213_CTC17P	BayesSpace	BayesSpace	6	signature	SIG_EXCLUSION_CONTRAST	seed_11	0.2448073005602815	0.1858974621631969	0.3257668043315851	True	2	0		0		False	False	False	False	no opposite-sign point estimate	Post-review descriptive stratification based on spot-bootstrap intervals; it is not an independent-sample or spatial-dependence-resolved test.
GSE267401	GSM8265213_CTC17P	BayesSpace	BayesSpace	6	signature	SIG_EXCLUSION_TGFB_CXCL12	seed_11	0.1349512943854137	0.1016490519553896	0.1704541687393214	True	2	0		0		False	False	False	False	no opposite-sign point estimate	Post-review descriptive stratification based on spot-bootstrap intervals; it is not an independent-sample or spatial-dependence-resolved test.
GSE267401	GSM8265213_CTC17P	BayesSpace	BayesSpace	6	signature	SIG_MY_SPP1	seed_11	0.0367895267336566	0.0135141661342865	0.0593226576290309	True	2	0		0		False	False	False	False	no opposite-sign point estimate	Post-review descriptive stratification based on spot-bootstrap intervals; it is not an independent-sample or spatial-dependence-resolved test.
GSE267401	GSM8265213_CTC17P	BayesSpace	BayesSpace	6	signature	SIG_TCELL	seed_11	0.0	0.0	0.0	False	2	0		0		False	False	False	False	no opposite-sign point estimate	Post-review descriptive stratification based on spot-bootstrap intervals; it is not an independent-sample or spatial-dependence-resolved test.
GSE267401	GSM8265213_CTC17P	M0_expr_kmeans	expression-only k-means	4	gene	COL1A1	seed_11	0.1588626893530056	0.0608250160339679	0.2611019823047152	True	2	0		0		False	False	False	False	no opposite-sign point estimate	Post-review descriptive stratification based on spot-bootstrap intervals; it is not an independent-sample or spatial-dependence-resolved test.
GSE267401	GSM8265213_CTC17P	M0_expr_kmeans	expression-only k-means	4	gene	EPCAM	seed_11	-0.0603709023453076	-0.0869177407876972	-0.0290970972353655	True	2	0		0		False	False	False	False	no opposite-sign point estimate	Post-review descriptive stratification based on spot-bootstrap intervals; it is not an independent-sample or spatial-dependence-resolved test.
GSE267401	GSM8265213_CTC17P	M0_expr_kmeans	expression-only k-means	4	gene	FAP	seed_11	0.0	0.0	0.0	False	2	0		0		False	False	False	False	no opposite-sign point estimate	Post-review descriptive stratification based on spot-bootstrap intervals; it is not an independent-sample or spatial-dependence-resolved test.
GSE267401	GSM8265213_CTC17P	M0_expr_kmeans	expression-only k-means	4	gene	PTPRC	seed_11	0.0	0.0	0.0	False	2	0		0		False	False	False	False	no opposite-sign point estimate	Post-review descriptive stratification based on spot-bootstrap intervals; it is not an independent-sample or spatial-dependence-resolved test.
GSE267401	GSM8265213_CTC17P	M0_expr_kmeans	expression-only k-means	4	gene	SPP1	seed_11	0.0	-0.204466657037828	0.0	False	2	0		0		False	False	False	False	no opposite-sign point estimate	Post-review descriptive stratification based on spot-bootstrap intervals; it is not an independent-sample or spatial-dependence-resolved test.
GSE267401	GSM8265213_CTC17P	M0_expr_kmeans	expression-only k-means	4	signature	SIG_CAF_FAP	seed_11	0.0629214618316116	0.0288917830784449	0.1074521948991267	True	2	0		0		False	False	False	False	no opposite-sign point estimate	Post-review descriptive stratification based on spot-bootstrap intervals; it is not an independent-sample or spatial-dependence-resolved test.
GSE267401	GSM8265213_CTC17P	M0_expr_kmeans	expression-only k-means	4	signature	SIG_CYTOTOX	seed_11	-0.0141973751519667	-0.0283597974608514	-0.0024780591417082	True	2	0		0		False	False	False	False	no opposite-sign point estimate	Post-review descriptive stratification based on spot-bootstrap intervals; it is not an independent-sample or spatial-dependence-resolved test.
GSE267401	GSM8265213_CTC17P	M0_expr_kmeans	expression-only k-means	4	signature	SIG_EXCLUSION_CONTRAST	seed_11	0.0605467305766734	0.0086913304983746	0.1099548717637646	True	2	0		0		False	False	False	False	no opposite-sign point estimate	Post-review descriptive stratification based on spot-bootstrap intervals; it is not an independent-sample or spatial-dependence-resolved test.
GSE267401	GSM8265213_CTC17P	M0_expr_kmeans	expression-only k-means	4	signature	SIG_EXCLUSION_TGFB_CXCL12	seed_11	0.0488791280620194	0.0222718758254532	0.0763159289163318	True	2	0		0		False	False	False	False	no opposite-sign point estimate	Post-review descriptive stratification based on spot-bootstrap intervals; it is not an independent-sample or spatial-dependence-resolved test.
GSE267401	GSM8265213_CTC17P	M0_expr_kmeans	expression-only k-means	4	signature	SIG_MY_SPP1	seed_11	0.0115895440960997	-0.0105719435588797	0.0311815357088415	False	2	0		0		False	False	False	False	no opposite-sign point estimate	Post-review descriptive stratification based on spot-bootstrap intervals; it is not an independent-sample or spatial-dependence-resolved test.
GSE267401	GSM8265213_CTC17P	M0_expr_kmeans	expression-only k-means	4	signature	SIG_TCELL	seed_11	0.0	0.0	0.0	False	2	0		0		False	False	False	False	no opposite-sign point estimate	Post-review descriptive stratification based on spot-bootstrap intervals; it is not an independent-sample or spatial-dependence-resolved test.
GSE267401	GSM8265213_CTC17P	M0_expr_kmeans	expression-only k-means	6	gene	COL1A1	seed_11	0.5844582128240138	0.4963018089220856	0.6577725055771759	True	2	0		0		False	False	False	False	no opposite-sign point estimate	Post-review descriptive stratification based on spot-bootstrap intervals; it is not an independent-sample or spatial-dependence-resolved test.
GSE267401	GSM8265213_CTC17P	M0_expr_kmeans	expression-only k-means	6	gene	EPCAM	seed_11	-0.0890796700399736	-0.1173738062431322	-0.0618779579755866	True	2	0		0		False	False	False	False	no opposite-sign point estimate	Post-review descriptive stratification based on spot-bootstrap intervals; it is not an independent-sample or spatial-dependence-resolved test.
GSE267401	GSM8265213_CTC17P	M0_expr_kmeans	expression-only k-means	6	gene	FAP	seed_11	0.0	0.0	0.0	False	2	0		0		False	False	False	False	no opposite-sign point estimate	Post-review descriptive stratification based on spot-bootstrap intervals; it is not an independent-sample or spatial-dependence-resolved test.
GSE267401	GSM8265213_CTC17P	M0_expr_kmeans	expression-only k-means	6	gene	PTPRC	seed_11	0.0	0.0	0.0	False	2	0		0		False	False	False	False	no opposite-sign point estimate	Post-review descriptive stratification based on spot-bootstrap intervals; it is not an independent-sample or spatial-dependence-resolved test.
GSE267401	GSM8265213_CTC17P	M0_expr_kmeans	expression-only k-means	6	gene	SPP1	seed_11	0.2715555672801022	0.0	0.3493444995574841	False	2	0		0		False	False	False	False	no opposite-sign point estimate	Post-review descriptive stratification based on spot-bootstrap intervals; it is not an independent-sample or spatial-dependence-resolved test.
GSE267401	GSM8265213_CTC17P	M0_expr_kmeans	expression-only k-means	6	signature	SIG_CAF_FAP	seed_11	0.2581677767302373	0.2167899028449248	0.3049706604191025	True	2	0		0		False	False	False	False	no opposite-sign point estimate	Post-review descriptive stratification based on spot-bootstrap intervals; it is not an independent-sample or spatial-dependence-resolved test.
GSE267401	GSM8265213_CTC17P	M0_expr_kmeans	expression-only k-means	6	signature	SIG_CYTOTOX	seed_11	-0.0243743087394852	-0.0322791878078432	-0.0139399349825503	True	2	0		0		False	False	False	False	no opposite-sign point estimate	Post-review descriptive stratification based on spot-bootstrap intervals; it is not an independent-sample or spatial-dependence-resolved test.
GSE267401	GSM8265213_CTC17P	M0_expr_kmeans	expression-only k-means	6	signature	SIG_EXCLUSION_CONTRAST	seed_11	0.3362368081946802	0.2872532351052717	0.3830811093702269	True	2	0		0		False	False	False	False	no opposite-sign point estimate	Post-review descriptive stratification based on spot-bootstrap intervals; it is not an independent-sample or spatial-dependence-resolved test.
GSE267401	GSM8265213_CTC17P	M0_expr_kmeans	expression-only k-means	6	signature	SIG_EXCLUSION_TGFB_CXCL12	seed_11	0.1575042261955464	0.1348792747068038	0.1846795674205238	True	2	0		0		False	False	False	False	no opposite-sign point estimate	Post-review descriptive stratification based on spot-bootstrap intervals; it is not an independent-sample or spatial-dependence-resolved test.
GSE267401	GSM8265213_CTC17P	M0_expr_kmeans	expression-only k-means	6	signature	SIG_MY_SPP1	seed_11	0.0835257479515441	0.0697205349134178	0.0961596224575242	True	2	0		0		False	False	False	False	no opposite-sign point estimate	Post-review descriptive stratification based on spot-bootstrap intervals; it is not an independent-sample or spatial-dependence-resolved test.
GSE267401	GSM8265213_CTC17P	M0_expr_kmeans	expression-only k-means	6	signature	SIG_TCELL	seed_11	0.0	0.0	0.0	False	2	0		0		False	False	False	False	no opposite-sign point estimate	Post-review descriptive stratification based on spot-bootstrap intervals; it is not an independent-sample or spatial-dependence-resolved test.
GSE267401	GSM8265213_CTC17P	M1_spatial_concat_kmeans	coordinate-augmented k-means	4	gene	COL1A1	seed_11	0.1744563043652156	0.0824521525215617	0.264221724542228	True	2	0		0		False	False	False	False	no opposite-sign point estimate	Post-review descriptive stratification based on spot-bootstrap intervals; it is not an independent-sample or spatial-dependence-resolved test.
GSE267401	GSM8265213_CTC17P	M1_spatial_concat_kmeans	coordinate-augmented k-means	4	gene	EPCAM	seed_11	-0.0569077641983297	-0.0833343901018528	-0.0270094142912767	True	2	0		0		False	False	False	False	no opposite-sign point estimate	Post-review descriptive stratification based on spot-bootstrap intervals; it is not an independent-sample or spatial-dependence-resolved test.
GSE267401	GSM8265213_CTC17P	M1_spatial_concat_kmeans	coordinate-augmented k-means	4	gene	FAP	seed_11	0.0	0.0	0.0	False	2	0		0		False	False	False	False	no opposite-sign point estimate	Post-review descriptive stratification based on spot-bootstrap intervals; it is not an independent-sample or spatial-dependence-resolved test.
GSE267401	GSM8265213_CTC17P	M1_spatial_concat_kmeans	coordinate-augmented k-means	4	gene	PTPRC	seed_11	0.0	0.0	0.0	False	2	0		0		False	False	False	False	no opposite-sign point estimate	Post-review descriptive stratification based on spot-bootstrap intervals; it is not an independent-sample or spatial-dependence-resolved test.
GSE267401	GSM8265213_CTC17P	M1_spatial_concat_kmeans	coordinate-augmented k-means	4	gene	SPP1	seed_11	0.0	-0.2110718263587308	0.0	False	2	0		0		False	False	False	False	no opposite-sign point estimate	Post-review descriptive stratification based on spot-bootstrap intervals; it is not an independent-sample or spatial-dependence-resolved test.
GSE267401	GSM8265213_CTC17P	M1_spatial_concat_kmeans	coordinate-augmented k-means	4	signature	SIG_CAF_FAP	seed_11	0.0696589958533229	0.035009127336188	0.1046054475086935	True	2	0		0		False	False	False	False	no opposite-sign point estimate	Post-review descriptive stratification based on spot-bootstrap intervals; it is not an independent-sample or spatial-dependence-resolved test.
GSE267401	GSM8265213_CTC17P	M1_spatial_concat_kmeans	coordinate-augmented k-means	4	signature	SIG_CYTOTOX	seed_11	-0.0129282339118977	-0.0266185625639718	-0.0021135428827296	True	2	0		0		False	False	False	False	no opposite-sign point estimate	Post-review descriptive stratification based on spot-bootstrap intervals; it is not an independent-sample or spatial-dependence-resolved test.
GSE267401	GSM8265213_CTC17P	M1_spatial_concat_kmeans	coordinate-augmented k-means	4	signature	SIG_EXCLUSION_CONTRAST	seed_11	0.0681026016542388	0.020824525443555	0.1189448479168567	True	2	0		0		False	False	False	False	no opposite-sign point estimate	Post-review descriptive stratification based on spot-bootstrap intervals; it is not an independent-sample or spatial-dependence-resolved test.
GSE267401	GSM8265213_CTC17P	M1_spatial_concat_kmeans	coordinate-augmented k-means	4	signature	SIG_EXCLUSION_TGFB_CXCL12	seed_11	0.0515108175867488	0.0234580932917689	0.0793592915753191	True	2	0		0		False	False	False	False	no opposite-sign point estimate	Post-review descriptive stratification based on spot-bootstrap intervals; it is not an independent-sample or spatial-dependence-resolved test.
GSE267401	GSM8265213_CTC17P	M1_spatial_concat_kmeans	coordinate-augmented k-means	4	signature	SIG_MY_SPP1	seed_11	0.0119316317729206	-0.0075209648691631	0.0308101975145965	False	2	0		0		False	False	False	False	no opposite-sign point estimate	Post-review descriptive stratification based on spot-bootstrap intervals; it is not an independent-sample or spatial-dependence-resolved test.
GSE267401	GSM8265213_CTC17P	M1_spatial_concat_kmeans	coordinate-augmented k-means	4	signature	SIG_TCELL	seed_11	0.0	0.0	0.0	False	2	0		0		False	False	False	False	no opposite-sign point estimate	Post-review descriptive stratification based on spot-bootstrap intervals; it is not an independent-sample or spatial-dependence-resolved test.
GSE267401	GSM8265213_CTC17P	M1_spatial_concat_kmeans	coordinate-augmented k-means	6	gene	COL1A1	seed_11	0.5910774707915925	0.5055330048552643	0.6684493026069858	True	2	0		0		False	False	False	False	no opposite-sign point estimate	Post-review descriptive stratification based on spot-bootstrap intervals; it is not an independent-sample or spatial-dependence-resolved test.
GSE267401	GSM8265213_CTC17P	M1_spatial_concat_kmeans	coordinate-augmented k-means	6	gene	EPCAM	seed_11	-0.0858666328364714	-0.1164801280147418	-0.0598843751077691	True	2	0		0		False	False	False	False	no opposite-sign point estimate	Post-review descriptive stratification based on spot-bootstrap intervals; it is not an independent-sample or spatial-dependence-resolved test.
GSE267401	GSM8265213_CTC17P	M1_spatial_concat_kmeans	coordinate-augmented k-means	6	gene	FAP	seed_11	0.0	0.0	0.0	False	2	0		0		False	False	False	False	no opposite-sign point estimate	Post-review descriptive stratification based on spot-bootstrap intervals; it is not an independent-sample or spatial-dependence-resolved test.
GSE267401	GSM8265213_CTC17P	M1_spatial_concat_kmeans	coordinate-augmented k-means	6	gene	PTPRC	seed_11	0.0	0.0	0.0	False	2	0		0		False	False	False	False	no opposite-sign point estimate	Post-review descriptive stratification based on spot-bootstrap intervals; it is not an independent-sample or spatial-dependence-resolved test.
GSE267401	GSM8265213_CTC17P	M1_spatial_concat_kmeans	coordinate-augmented k-means	6	gene	SPP1	seed_11	0.2710955490459348	0.0	0.3526418059044914	False	2	0		0		False	False	False	False	no opposite-sign point estimate	Post-review descriptive stratification based on spot-bootstrap intervals; it is not an independent-sample or spatial-dependence-resolved test.
GSE267401	GSM8265213_CTC17P	M1_spatial_concat_kmeans	coordinate-augmented k-means	6	signature	SIG_CAF_FAP	seed_11	0.2628341083640257	0.2178749429909086	0.3058024397943428	True	2	0		0		False	False	False	False	no opposite-sign point estimate	Post-review descriptive stratification based on spot-bootstrap intervals; it is not an independent-sample or spatial-dependence-resolved test.
GSE267401	GSM8265213_CTC17P	M1_spatial_concat_kmeans	coordinate-augmented k-means	6	signature	SIG_CYTOTOX	seed_11	-0.0251765212728387	-0.0351328343212888	-0.0153046759523598	True	2	0		0		False	False	False	False	no opposite-sign point estimate	Post-review descriptive stratification based on spot-bootstrap intervals; it is not an independent-sample or spatial-dependence-resolved test.
GSE267401	GSM8265213_CTC17P	M1_spatial_concat_kmeans	coordinate-augmented k-means	6	signature	SIG_EXCLUSION_CONTRAST	seed_11	0.340693613140803	0.2898501467626267	0.3831107861413501	True	2	0		0		False	False	False	False	no opposite-sign point estimate	Post-review descriptive stratification based on spot-bootstrap intervals; it is not an independent-sample or spatial-dependence-resolved test.
GSE267401	GSM8265213_CTC17P	M1_spatial_concat_kmeans	coordinate-augmented k-means	6	signature	SIG_EXCLUSION_TGFB_CXCL12	seed_11	0.1594170933193618	0.1377681315447683	0.1840326196178336	True	2	0		0		False	False	False	False	no opposite-sign point estimate	Post-review descriptive stratification based on spot-bootstrap intervals; it is not an independent-sample or spatial-dependence-resolved test.
GSE267401	GSM8265213_CTC17P	M1_spatial_concat_kmeans	coordinate-augmented k-means	6	signature	SIG_MY_SPP1	seed_11	0.0836164332578457	0.0688045518830919	0.095424197147629	True	2	0		0		False	False	False	False	no opposite-sign point estimate	Post-review descriptive stratification based on spot-bootstrap intervals; it is not an independent-sample or spatial-dependence-resolved test.
GSE267401	GSM8265213_CTC17P	M1_spatial_concat_kmeans	coordinate-augmented k-means	6	signature	SIG_TCELL	seed_11	0.0	0.0	0.0	False	2	0		0		False	False	False	False	no opposite-sign point estimate	Post-review descriptive stratification based on spot-bootstrap intervals; it is not an independent-sample or spatial-dependence-resolved test.
GSE267401	GSM8265213_CTC17P	M2_spatial_ward	spatial Ward	4	gene	COL1A1	neighbors_6	-0.3173329868985385	-0.8675919870778991	0.3075535185421058	False	2	2	neighbors_4;neighbors_8	0		True	False	True	False	reference interval includes zero	Post-review descriptive stratification based on spot-bootstrap intervals; it is not an independent-sample or spatial-dependence-resolved test.
GSE267401	GSM8265213_CTC17P	M2_spatial_ward	spatial Ward	4	gene	EPCAM	neighbors_6	-0.3606296396366515	-0.4639964476917012	-0.1845315520812075	True	2	0		0		False	False	False	False	no opposite-sign point estimate	Post-review descriptive stratification based on spot-bootstrap intervals; it is not an independent-sample or spatial-dependence-resolved test.
GSE267401	GSM8265213_CTC17P	M2_spatial_ward	spatial Ward	4	gene	FAP	neighbors_6	0.0	0.0	0.0	False	2	0		0		False	False	False	False	no opposite-sign point estimate	Post-review descriptive stratification based on spot-bootstrap intervals; it is not an independent-sample or spatial-dependence-resolved test.
GSE267401	GSM8265213_CTC17P	M2_spatial_ward	spatial Ward	4	gene	PTPRC	neighbors_6	0.0	0.0	0.0	False	2	0		0		False	False	False	False	no opposite-sign point estimate	Post-review descriptive stratification based on spot-bootstrap intervals; it is not an independent-sample or spatial-dependence-resolved test.
GSE267401	GSM8265213_CTC17P	M2_spatial_ward	spatial Ward	4	gene	SPP1	neighbors_6	0.0	-0.177043925412242	0.0	False	2	0		0		False	False	False	False	no opposite-sign point estimate	Post-review descriptive stratification based on spot-bootstrap intervals; it is not an independent-sample or spatial-dependence-resolved test.
GSE267401	GSM8265213_CTC17P	M2_spatial_ward	spatial Ward	4	signature	SIG_CAF_FAP	neighbors_6	-0.1737267172716258	-0.2747035786717275	-0.0037576698789581	True	2	2	neighbors_4;neighbors_8	2	neighbors_4;neighbors_8	True	True	False	False	reference and alternative intervals exclude zero	Post-review descriptive stratification based on spot-bootstrap intervals; it is not an independent-sample or spatial-dependence-resolved test.
GSE267401	GSM8265213_CTC17P	M2_spatial_ward	spatial Ward	4	signature	SIG_CYTOTOX	neighbors_6	-0.1367962300583157	-0.1417266401997772	0.0044547514977515	False	2	0		0		False	False	False	False	no opposite-sign point estimate	Post-review descriptive stratification based on spot-bootstrap intervals; it is not an independent-sample or spatial-dependence-resolved test.
GSE267401	GSM8265213_CTC17P	M2_spatial_ward	spatial Ward	4	signature	SIG_EXCLUSION_CONTRAST	neighbors_6	-0.1681869345202362	-0.289441850761896	-0.0646255091556838	True	2	2	neighbors_4;neighbors_8	2	neighbors_4;neighbors_8	True	True	False	False	reference and alternative intervals exclude zero	Post-review descriptive stratification based on spot-bootstrap intervals; it is not an independent-sample or spatial-dependence-resolved test.
GSE267401	GSM8265213_CTC17P	M2_spatial_ward	spatial Ward	4	signature	SIG_EXCLUSION_TGFB_CXCL12	neighbors_6	-0.0528582677366373	-0.1702337630521798	0.0477659264102324	False	2	2	neighbors_4;neighbors_8	0		True	False	True	False	reference interval includes zero	Post-review descriptive stratification based on spot-bootstrap intervals; it is not an independent-sample or spatial-dependence-resolved test.
GSE267401	GSM8265213_CTC17P	M2_spatial_ward	spatial Ward	4	signature	SIG_MY_SPP1	neighbors_6	-0.0153282812964035	-0.1461615892040939	0.0474428983330626	False	2	2	neighbors_4;neighbors_8	0		True	False	True	True	reference and alternative intervals include zero	Post-review descriptive stratification based on spot-bootstrap intervals; it is not an independent-sample or spatial-dependence-resolved test.
GSE267401	GSM8265213_CTC17P	M2_spatial_ward	spatial Ward	4	signature	SIG_TCELL	neighbors_6	0.0	0.0	0.0	False	2	0		0		False	False	False	False	no opposite-sign point estimate	Post-review descriptive stratification based on spot-bootstrap intervals; it is not an independent-sample or spatial-dependence-resolved test.
GSE267401	GSM8265213_CTC17P	M2_spatial_ward	spatial Ward	6	gene	COL1A1	neighbors_6	1.2724316587453328	1.0465493218222095	1.530017527643314	True	2	0		0		False	False	False	False	no opposite-sign point estimate	Post-review descriptive stratification based on spot-bootstrap intervals; it is not an independent-sample or spatial-dependence-resolved test.
GSE267401	GSM8265213_CTC17P	M2_spatial_ward	spatial Ward	6	gene	EPCAM	neighbors_6	-0.277183011531215	-0.3483526117395766	-0.2027587923248641	True	2	0		0		False	False	False	False	no opposite-sign point estimate	Post-review descriptive stratification based on spot-bootstrap intervals; it is not an independent-sample or spatial-dependence-resolved test.
GSE267401	GSM8265213_CTC17P	M2_spatial_ward	spatial Ward	6	gene	FAP	neighbors_6	0.0	0.0	0.0	False	2	0		0		False	False	False	False	no opposite-sign point estimate	Post-review descriptive stratification based on spot-bootstrap intervals; it is not an independent-sample or spatial-dependence-resolved test.
GSE267401	GSM8265213_CTC17P	M2_spatial_ward	spatial Ward	6	gene	PTPRC	neighbors_6	0.0	0.0	0.0	False	2	0		0		False	False	False	False	no opposite-sign point estimate	Post-review descriptive stratification based on spot-bootstrap intervals; it is not an independent-sample or spatial-dependence-resolved test.
GSE267401	GSM8265213_CTC17P	M2_spatial_ward	spatial Ward	6	gene	SPP1	neighbors_6	0.0	0.0	0.0	False	2	0		0		False	False	False	False	no opposite-sign point estimate	Post-review descriptive stratification based on spot-bootstrap intervals; it is not an independent-sample or spatial-dependence-resolved test.
GSE267401	GSM8265213_CTC17P	M2_spatial_ward	spatial Ward	6	signature	SIG_CAF_FAP	neighbors_6	0.5370290348843325	0.3473176069998256	0.7411809901783084	True	2	0		0		False	False	False	False	no opposite-sign point estimate	Post-review descriptive stratification based on spot-bootstrap intervals; it is not an independent-sample or spatial-dependence-resolved test.
GSE267401	GSM8265213_CTC17P	M2_spatial_ward	spatial Ward	6	signature	SIG_CYTOTOX	neighbors_6	-0.1100226701155825	-0.1428774138539121	-0.02941147129734	True	2	0		0		False	False	False	False	no opposite-sign point estimate	Post-review descriptive stratification based on spot-bootstrap intervals; it is not an independent-sample or spatial-dependence-resolved test.
GSE267401	GSM8265213_CTC17P	M2_spatial_ward	spatial Ward	6	signature	SIG_EXCLUSION_CONTRAST	neighbors_6	0.636597584431755	0.4522344154521986	0.8181056317888089	True	2	0		0		False	False	False	False	no opposite-sign point estimate	Post-review descriptive stratification based on spot-bootstrap intervals; it is not an independent-sample or spatial-dependence-resolved test.
GSE267401	GSM8265213_CTC17P	M2_spatial_ward	spatial Ward	6	signature	SIG_EXCLUSION_TGFB_CXCL12	neighbors_6	0.3255802151372889	0.2572428876831502	0.4210064365134047	True	2	0		0		False	False	False	False	no opposite-sign point estimate	Post-review descriptive stratification based on spot-bootstrap intervals; it is not an independent-sample or spatial-dependence-resolved test.
GSE267401	GSM8265213_CTC17P	M2_spatial_ward	spatial Ward	6	signature	SIG_MY_SPP1	neighbors_6	0.0999200604282181	0.0660152008478166	0.1394574551283252	True	2	0		0		False	False	False	False	no opposite-sign point estimate	Post-review descriptive stratification based on spot-bootstrap intervals; it is not an independent-sample or spatial-dependence-resolved test.
GSE267401	GSM8265213_CTC17P	M2_spatial_ward	spatial Ward	6	signature	SIG_TCELL	neighbors_6	0.0	0.0	0.0	False	2	0		0		False	False	False	False	no opposite-sign point estimate	Post-review descriptive stratification based on spot-bootstrap intervals; it is not an independent-sample or spatial-dependence-resolved test.
GSE267401	GSM8265213_CTC17P	M3_spatial_leiden	spatial Leiden	4	gene	COL1A1	seed_11	0.7636775983319544	0.2668444559277149	1.2271364357965884	True	2	0		0		False	False	False	False	no opposite-sign point estimate	Post-review descriptive stratification based on spot-bootstrap intervals; it is not an independent-sample or spatial-dependence-resolved test.
GSE267401	GSM8265213_CTC17P	M3_spatial_leiden	spatial Leiden	4	gene	EPCAM	seed_11	0.0245541233979502	-0.107570479022199	0.0873560025928865	False	2	1	seed_23	0		True	False	True	True	reference and alternative intervals include zero	Post-review descriptive stratification based on spot-bootstrap intervals; it is not an independent-sample or spatial-dependence-resolved test.
GSE267401	GSM8265213_CTC17P	M3_spatial_leiden	spatial Leiden	4	gene	FAP	seed_11	0.0	0.0	0.0	False	2	0		0		False	False	False	False	no opposite-sign point estimate	Post-review descriptive stratification based on spot-bootstrap intervals; it is not an independent-sample or spatial-dependence-resolved test.
GSE267401	GSM8265213_CTC17P	M3_spatial_leiden	spatial Leiden	4	gene	PTPRC	seed_11	0.0	0.0	0.0	False	2	0		0		False	False	False	False	no opposite-sign point estimate	Post-review descriptive stratification based on spot-bootstrap intervals; it is not an independent-sample or spatial-dependence-resolved test.
GSE267401	GSM8265213_CTC17P	M3_spatial_leiden	spatial Leiden	4	gene	SPP1	seed_11	0.0	0.0	0.0	False	2	0		0		False	False	False	False	no opposite-sign point estimate	Post-review descriptive stratification based on spot-bootstrap intervals; it is not an independent-sample or spatial-dependence-resolved test.
GSE267401	GSM8265213_CTC17P	M3_spatial_leiden	spatial Leiden	4	signature	SIG_CAF_FAP	seed_11	0.2250297596786913	0.0990211138717491	0.5594064813388165	True	2	0		0		False	False	False	False	no opposite-sign point estimate	Post-review descriptive stratification based on spot-bootstrap intervals; it is not an independent-sample or spatial-dependence-resolved test.
GSE267401	GSM8265213_CTC17P	M3_spatial_leiden	spatial Leiden	4	signature	SIG_CYTOTOX	seed_11	-0.004150892054679	-0.0512115284507612	0.0386510906090206	False	2	1	seed_23	0		True	False	True	True	reference and alternative intervals include zero	Post-review descriptive stratification based on spot-bootstrap intervals; it is not an independent-sample or spatial-dependence-resolved test.
GSE267401	GSM8265213_CTC17P	M3_spatial_leiden	spatial Leiden	4	signature	SIG_EXCLUSION_CONTRAST	seed_11	0.2903388825879858	0.1359499031241874	0.708675185922129	True	2	0		0		False	False	False	False	no opposite-sign point estimate	Post-review descriptive stratification based on spot-bootstrap intervals; it is not an independent-sample or spatial-dependence-resolved test.
GSE267401	GSM8265213_CTC17P	M3_spatial_leiden	spatial Leiden	4	signature	SIG_EXCLUSION_TGFB_CXCL12	seed_11	0.2186123949690058	0.03588638124248	0.4099729009819503	True	2	0		0		False	False	False	False	no opposite-sign point estimate	Post-review descriptive stratification based on spot-bootstrap intervals; it is not an independent-sample or spatial-dependence-resolved test.
GSE267401	GSM8265213_CTC17P	M3_spatial_leiden	spatial Leiden	4	signature	SIG_MY_SPP1	seed_11	0.0650951012218973	-0.016980230193906	0.1332920988793651	False	2	0		0		False	False	False	False	no opposite-sign point estimate	Post-review descriptive stratification based on spot-bootstrap intervals; it is not an independent-sample or spatial-dependence-resolved test.
GSE267401	GSM8265213_CTC17P	M3_spatial_leiden	spatial Leiden	4	signature	SIG_TCELL	seed_11	0.0	0.0	0.0	False	2	0		0		False	False	False	False	no opposite-sign point estimate	Post-review descriptive stratification based on spot-bootstrap intervals; it is not an independent-sample or spatial-dependence-resolved test.
GSE267401	GSM8265213_CTC17P	M3_spatial_leiden	spatial Leiden	6	gene	COL1A1	seed_11	0.3404381362716098	0.1731750608767071	0.6427580154305804	True	1	0		0		False	False	False	False	no opposite-sign point estimate	Post-review descriptive stratification based on spot-bootstrap intervals; it is not an independent-sample or spatial-dependence-resolved test.
GSE267401	GSM8265213_CTC17P	M3_spatial_leiden	spatial Leiden	6	gene	EPCAM	seed_11	0.020283307543317	-0.0502776777281309	0.0570883731625591	False	1	0		0		False	False	False	False	no opposite-sign point estimate	Post-review descriptive stratification based on spot-bootstrap intervals; it is not an independent-sample or spatial-dependence-resolved test.
GSE267401	GSM8265213_CTC17P	M3_spatial_leiden	spatial Leiden	6	gene	FAP	seed_11	0.0	0.0	0.0	False	1	0		0		False	False	False	False	no opposite-sign point estimate	Post-review descriptive stratification based on spot-bootstrap intervals; it is not an independent-sample or spatial-dependence-resolved test.
GSE267401	GSM8265213_CTC17P	M3_spatial_leiden	spatial Leiden	6	gene	PTPRC	seed_11	0.0	0.0	0.0	False	1	0		0		False	False	False	False	no opposite-sign point estimate	Post-review descriptive stratification based on spot-bootstrap intervals; it is not an independent-sample or spatial-dependence-resolved test.
GSE267401	GSM8265213_CTC17P	M3_spatial_leiden	spatial Leiden	6	gene	SPP1	seed_11	0.0	0.0	0.0	False	1	0		0		False	False	False	False	no opposite-sign point estimate	Post-review descriptive stratification based on spot-bootstrap intervals; it is not an independent-sample or spatial-dependence-resolved test.
GSE267401	GSM8265213_CTC17P	M3_spatial_leiden	spatial Leiden	6	signature	SIG_CAF_FAP	seed_11	0.1358665749145333	0.0514310071661057	0.2751674248064148	True	1	0		0		False	False	False	False	no opposite-sign point estimate	Post-review descriptive stratification based on spot-bootstrap intervals; it is not an independent-sample or spatial-dependence-resolved test.
GSE267401	GSM8265213_CTC17P	M3_spatial_leiden	spatial Leiden	6	signature	SIG_CYTOTOX	seed_11	-0.0254444521136359	-0.0530992015417722	0.0102510365993123	False	1	0		0		False	False	False	False	no opposite-sign point estimate	Post-review descriptive stratification based on spot-bootstrap intervals; it is not an independent-sample or spatial-dependence-resolved test.
GSE267401	GSM8265213_CTC17P	M3_spatial_leiden	spatial Leiden	6	signature	SIG_EXCLUSION_CONTRAST	seed_11	0.1707709448090739	0.042912755423199	0.2958780124531976	True	1	0		0		False	False	False	False	no opposite-sign point estimate	Post-review descriptive stratification based on spot-bootstrap intervals; it is not an independent-sample or spatial-dependence-resolved test.
GSE267401	GSM8265213_CTC17P	M3_spatial_leiden	spatial Leiden	6	signature	SIG_EXCLUSION_TGFB_CXCL12	seed_11	0.0884519847099711	0.0257796833448573	0.170761148432492	True	1	0		0		False	False	False	False	no opposite-sign point estimate	Post-review descriptive stratification based on spot-bootstrap intervals; it is not an independent-sample or spatial-dependence-resolved test.
GSE267401	GSM8265213_CTC17P	M3_spatial_leiden	spatial Leiden	6	signature	SIG_MY_SPP1	seed_11	0.00180341618621	-0.0263999215324805	0.0525707318871444	False	1	1	seed_23	0		True	False	True	True	reference and alternative intervals include zero	Post-review descriptive stratification based on spot-bootstrap intervals; it is not an independent-sample or spatial-dependence-resolved test.
GSE267401	GSM8265213_CTC17P	M3_spatial_leiden	spatial Leiden	6	signature	SIG_TCELL	seed_11	0.0	0.0	0.0	False	1	0		0		False	False	False	False	no opposite-sign point estimate	Post-review descriptive stratification based on spot-bootstrap intervals; it is not an independent-sample or spatial-dependence-resolved test.
GSE267401	GSM8265213_CTC17P	M4_spagcn	SpaGCN-style	4	gene	COL1A1	seed_11	0.4031311994161646	0.2949146649992642	0.4974504338125606	True	2	0		0		False	False	False	False	no opposite-sign point estimate	Post-review descriptive stratification based on spot-bootstrap intervals; it is not an independent-sample or spatial-dependence-resolved test.
GSE267401	GSM8265213_CTC17P	M4_spagcn	SpaGCN-style	4	gene	EPCAM	seed_11	-0.0873617299597873	-0.1149581471519023	-0.0566271679312794	True	2	0		0		False	False	False	False	no opposite-sign point estimate	Post-review descriptive stratification based on spot-bootstrap intervals; it is not an independent-sample or spatial-dependence-resolved test.
GSE267401	GSM8265213_CTC17P	M4_spagcn	SpaGCN-style	4	gene	FAP	seed_11	0.0	0.0	0.0	False	2	0		0		False	False	False	False	no opposite-sign point estimate	Post-review descriptive stratification based on spot-bootstrap intervals; it is not an independent-sample or spatial-dependence-resolved test.
GSE267401	GSM8265213_CTC17P	M4_spagcn	SpaGCN-style	4	gene	PTPRC	seed_11	0.0	0.0	0.0	False	2	0		0		False	False	False	False	no opposite-sign point estimate	Post-review descriptive stratification based on spot-bootstrap intervals; it is not an independent-sample or spatial-dependence-resolved test.
GSE267401	GSM8265213_CTC17P	M4_spagcn	SpaGCN-style	4	gene	SPP1	seed_11	0.0	0.0	0.2193589486660365	False	2	0		0		False	False	False	False	no opposite-sign point estimate	Post-review descriptive stratification based on spot-bootstrap intervals; it is not an independent-sample or spatial-dependence-resolved test.
GSE267401	GSM8265213_CTC17P	M4_spagcn	SpaGCN-style	4	signature	SIG_CAF_FAP	seed_11	0.1772198176166972	0.1355762215844253	0.2158094477989326	True	2	0		0		False	False	False	False	no opposite-sign point estimate	Post-review descriptive stratification based on spot-bootstrap intervals; it is not an independent-sample or spatial-dependence-resolved test.
GSE267401	GSM8265213_CTC17P	M4_spagcn	SpaGCN-style	4	signature	SIG_CYTOTOX	seed_11	-0.025832198355679	-0.0372525390117095	-0.0153532445027041	True	2	0		0		False	False	False	False	no opposite-sign point estimate	Post-review descriptive stratification based on spot-bootstrap intervals; it is not an independent-sample or spatial-dependence-resolved test.
GSE267401	GSM8265213_CTC17P	M4_spagcn	SpaGCN-style	4	signature	SIG_EXCLUSION_CONTRAST	seed_11	0.2177567452544939	0.1656703710806084	0.2673325080357357	True	2	0		0		False	False	False	False	no opposite-sign point estimate	Post-review descriptive stratification based on spot-bootstrap intervals; it is not an independent-sample or spatial-dependence-resolved test.
GSE267401	GSM8265213_CTC17P	M4_spagcn	SpaGCN-style	4	signature	SIG_EXCLUSION_TGFB_CXCL12	seed_11	0.1021642474941322	0.0765426843448049	0.127074089300095	True	2	0		0		False	False	False	False	no opposite-sign point estimate	Post-review descriptive stratification based on spot-bootstrap intervals; it is not an independent-sample or spatial-dependence-resolved test.
GSE267401	GSM8265213_CTC17P	M4_spagcn	SpaGCN-style	4	signature	SIG_MY_SPP1	seed_11	0.0456250195983827	0.0265509218334065	0.0600761049008322	True	2	0		0		False	False	False	False	no opposite-sign point estimate	Post-review descriptive stratification based on spot-bootstrap intervals; it is not an independent-sample or spatial-dependence-resolved test.
GSE267401	GSM8265213_CTC17P	M4_spagcn	SpaGCN-style	4	signature	SIG_TCELL	seed_11	0.0	0.0	0.0	False	2	0		0		False	False	False	False	no opposite-sign point estimate	Post-review descriptive stratification based on spot-bootstrap intervals; it is not an independent-sample or spatial-dependence-resolved test.
GSE267401	GSM8265213_CTC17P	M4_spagcn	SpaGCN-style	6	gene	COL1A1	seed_11	1.0294523000645783	0.8964036998507728	1.137224852709761	True	2	0		0		False	False	False	False	no opposite-sign point estimate	Post-review descriptive stratification based on spot-bootstrap intervals; it is not an independent-sample or spatial-dependence-resolved test.
GSE267401	GSM8265213_CTC17P	M4_spagcn	SpaGCN-style	6	gene	EPCAM	seed_11	-0.1816189091849405	-0.2104758624370491	-0.1545938664037591	True	2	0		0		False	False	False	False	no opposite-sign point estimate	Post-review descriptive stratification based on spot-bootstrap intervals; it is not an independent-sample or spatial-dependence-resolved test.
GSE267401	GSM8265213_CTC17P	M4_spagcn	SpaGCN-style	6	gene	FAP	seed_11	0.0	0.0	0.0	False	2	0		0		False	False	False	False	no opposite-sign point estimate	Post-review descriptive stratification based on spot-bootstrap intervals; it is not an independent-sample or spatial-dependence-resolved test.
GSE267401	GSM8265213_CTC17P	M4_spagcn	SpaGCN-style	6	gene	PTPRC	seed_11	0.0	0.0	0.0	False	2	0		0		False	False	False	False	no opposite-sign point estimate	Post-review descriptive stratification based on spot-bootstrap intervals; it is not an independent-sample or spatial-dependence-resolved test.
GSE267401	GSM8265213_CTC17P	M4_spagcn	SpaGCN-style	6	gene	SPP1	seed_11	0.3276872203468032	0.0	0.4420113970800574	False	2	0		0		False	False	False	False	no opposite-sign point estimate	Post-review descriptive stratification based on spot-bootstrap intervals; it is not an independent-sample or spatial-dependence-resolved test.
GSE267401	GSM8265213_CTC17P	M4_spagcn	SpaGCN-style	6	signature	SIG_CAF_FAP	seed_11	0.4781079503316244	0.4240951646900082	0.5321343405475696	True	2	0		0		False	False	False	False	no opposite-sign point estimate	Post-review descriptive stratification based on spot-bootstrap intervals; it is not an independent-sample or spatial-dependence-resolved test.
GSE267401	GSM8265213_CTC17P	M4_spagcn	SpaGCN-style	6	signature	SIG_CYTOTOX	seed_11	-0.0481419602022201	-0.0592927976634548	-0.0371219704117405	True	2	0		0		False	False	False	False	no opposite-sign point estimate	Post-review descriptive stratification based on spot-bootstrap intervals; it is not an independent-sample or spatial-dependence-resolved test.
GSE267401	GSM8265213_CTC17P	M4_spagcn	SpaGCN-style	6	signature	SIG_EXCLUSION_CONTRAST	seed_11	0.5863052123138986	0.5432492831285998	0.6412589142422225	True	2	0		0		False	False	False	False	no opposite-sign point estimate	Post-review descriptive stratification based on spot-bootstrap intervals; it is not an independent-sample or spatial-dependence-resolved test.
GSE267401	GSM8265213_CTC17P	M4_spagcn	SpaGCN-style	6	signature	SIG_EXCLUSION_TGFB_CXCL12	seed_11	0.2636457871694304	0.2366293942119852	0.2959578329381141	True	2	0		0		False	False	False	False	no opposite-sign point estimate	Post-review descriptive stratification based on spot-bootstrap intervals; it is not an independent-sample or spatial-dependence-resolved test.
GSE267401	GSM8265213_CTC17P	M4_spagcn	SpaGCN-style	6	signature	SIG_MY_SPP1	seed_11	0.1073583028346306	0.0922054329191283	0.1259270423429498	True	2	0		0		False	False	False	False	no opposite-sign point estimate	Post-review descriptive stratification based on spot-bootstrap intervals; it is not an independent-sample or spatial-dependence-resolved test.
GSE267401	GSM8265213_CTC17P	M4_spagcn	SpaGCN-style	6	signature	SIG_TCELL	seed_11	0.0	0.0	0.0	False	2	0		0		False	False	False	False	no opposite-sign point estimate	Post-review descriptive stratification based on spot-bootstrap intervals; it is not an independent-sample or spatial-dependence-resolved test.
GSE267401	GSM8265213_CTC17P	M5_stagate	STAGATE-style	4	gene	COL1A1	seed_11	0.4212023454505198	0.3128444412897858	0.5187019919323365	True	2	0		0		False	False	False	False	no opposite-sign point estimate	Post-review descriptive stratification based on spot-bootstrap intervals; it is not an independent-sample or spatial-dependence-resolved test.
GSE267401	GSM8265213_CTC17P	M5_stagate	STAGATE-style	4	gene	EPCAM	seed_11	-0.1212619563862453	-0.1503648900965326	-0.0901138752846996	True	2	0		0		False	False	False	False	no opposite-sign point estimate	Post-review descriptive stratification based on spot-bootstrap intervals; it is not an independent-sample or spatial-dependence-resolved test.
GSE267401	GSM8265213_CTC17P	M5_stagate	STAGATE-style	4	gene	FAP	seed_11	0.0	0.0	0.0	False	2	0		0		False	False	False	False	no opposite-sign point estimate	Post-review descriptive stratification based on spot-bootstrap intervals; it is not an independent-sample or spatial-dependence-resolved test.
GSE267401	GSM8265213_CTC17P	M5_stagate	STAGATE-style	4	gene	PTPRC	seed_11	0.0	0.0	0.0	False	2	0		0		False	False	False	False	no opposite-sign point estimate	Post-review descriptive stratification based on spot-bootstrap intervals; it is not an independent-sample or spatial-dependence-resolved test.
GSE267401	GSM8265213_CTC17P	M5_stagate	STAGATE-style	4	gene	SPP1	seed_11	0.0	0.0	0.3424136074248691	False	2	0		0		False	False	False	False	no opposite-sign point estimate	Post-review descriptive stratification based on spot-bootstrap intervals; it is not an independent-sample or spatial-dependence-resolved test.
GSE267401	GSM8265213_CTC17P	M5_stagate	STAGATE-style	4	signature	SIG_CAF_FAP	seed_11	0.2015978812721708	0.1456600529058329	0.2439807204074639	True	2	0		0		False	False	False	False	no opposite-sign point estimate	Post-review descriptive stratification based on spot-bootstrap intervals; it is not an independent-sample or spatial-dependence-resolved test.
GSE267401	GSM8265213_CTC17P	M5_stagate	STAGATE-style	4	signature	SIG_CYTOTOX	seed_11	-0.0193295720445187	-0.0322165496045858	-0.0080605690674615	True	2	0		0		False	False	False	False	no opposite-sign point estimate	Post-review descriptive stratification based on spot-bootstrap intervals; it is not an independent-sample or spatial-dependence-resolved test.
GSE267401	GSM8265213_CTC17P	M5_stagate	STAGATE-style	4	signature	SIG_EXCLUSION_CONTRAST	seed_11	0.2486441015752104	0.1985209492321889	0.300169660142423	True	2	0		0		False	False	False	False	no opposite-sign point estimate	Post-review descriptive stratification based on spot-bootstrap intervals; it is not an independent-sample or spatial-dependence-resolved test.
GSE267401	GSM8265213_CTC17P	M5_stagate	STAGATE-style	4	signature	SIG_EXCLUSION_TGFB_CXCL12	seed_11	0.1171287216349607	0.094943043637977	0.1431445351484082	True	2	0		0		False	False	False	False	no opposite-sign point estimate	Post-review descriptive stratification based on spot-bootstrap intervals; it is not an independent-sample or spatial-dependence-resolved test.
GSE267401	GSM8265213_CTC17P	M5_stagate	STAGATE-style	4	signature	SIG_MY_SPP1	seed_11	0.0677438178803195	0.0474136587093921	0.0831082849562946	True	2	0		0		False	False	False	False	no opposite-sign point estimate	Post-review descriptive stratification based on spot-bootstrap intervals; it is not an independent-sample or spatial-dependence-resolved test.
GSE267401	GSM8265213_CTC17P	M5_stagate	STAGATE-style	4	signature	SIG_TCELL	seed_11	0.0	0.0	0.0	False	2	0		0		False	False	False	False	no opposite-sign point estimate	Post-review descriptive stratification based on spot-bootstrap intervals; it is not an independent-sample or spatial-dependence-resolved test.
GSE267401	GSM8265213_CTC17P	M5_stagate	STAGATE-style	6	gene	COL1A1	seed_11	0.5722530074141864	0.4825446347760646	0.6757290978388082	True	2	0		0		False	False	False	False	no opposite-sign point estimate	Post-review descriptive stratification based on spot-bootstrap intervals; it is not an independent-sample or spatial-dependence-resolved test.
GSE267401	GSM8265213_CTC17P	M5_stagate	STAGATE-style	6	gene	EPCAM	seed_11	-0.1425442613521723	-0.1731666405511926	-0.1124207486440075	True	2	0		0		False	False	False	False	no opposite-sign point estimate	Post-review descriptive stratification based on spot-bootstrap intervals; it is not an independent-sample or spatial-dependence-resolved test.
GSE267401	GSM8265213_CTC17P	M5_stagate	STAGATE-style	6	gene	FAP	seed_11	0.0	0.0	0.0	False	2	0		0		False	False	False	False	no opposite-sign point estimate	Post-review descriptive stratification based on spot-bootstrap intervals; it is not an independent-sample or spatial-dependence-resolved test.
GSE267401	GSM8265213_CTC17P	M5_stagate	STAGATE-style	6	gene	PTPRC	seed_11	0.0	0.0	0.0	False	2	0		0		False	False	False	False	no opposite-sign point estimate	Post-review descriptive stratification based on spot-bootstrap intervals; it is not an independent-sample or spatial-dependence-resolved test.
GSE267401	GSM8265213_CTC17P	M5_stagate	STAGATE-style	6	gene	SPP1	seed_11	0.2535149808872317	0.0	0.3674241869535268	False	2	0		0		False	False	False	False	no opposite-sign point estimate	Post-review descriptive stratification based on spot-bootstrap intervals; it is not an independent-sample or spatial-dependence-resolved test.
GSE267401	GSM8265213_CTC17P	M5_stagate	STAGATE-style	6	signature	SIG_CAF_FAP	seed_11	0.2692719964923642	0.2365348976205182	0.3073161223070271	True	2	0		0		False	False	False	False	no opposite-sign point estimate	Post-review descriptive stratification based on spot-bootstrap intervals; it is not an independent-sample or spatial-dependence-resolved test.
GSE267401	GSM8265213_CTC17P	M5_stagate	STAGATE-style	6	signature	SIG_CYTOTOX	seed_11	-0.0289205495525512	-0.0426544539812148	-0.0177880668571251	True	2	0		0		False	False	False	False	no opposite-sign point estimate	Post-review descriptive stratification based on spot-bootstrap intervals; it is not an independent-sample or spatial-dependence-resolved test.
GSE267401	GSM8265213_CTC17P	M5_stagate	STAGATE-style	6	signature	SIG_EXCLUSION_CONTRAST	seed_11	0.3383676777435325	0.2824204028813302	0.3994759793530945	True	2	0		0		False	False	False	False	no opposite-sign point estimate	Post-review descriptive stratification based on spot-bootstrap intervals; it is not an independent-sample or spatial-dependence-resolved test.
GSE267401	GSM8265213_CTC17P	M5_stagate	STAGATE-style	6	signature	SIG_EXCLUSION_TGFB_CXCL12	seed_11	0.1577086931819189	0.127679978929631	0.1837374116257356	True	2	0		0		False	False	False	False	no opposite-sign point estimate	Post-review descriptive stratification based on spot-bootstrap intervals; it is not an independent-sample or spatial-dependence-resolved test.
GSE267401	GSM8265213_CTC17P	M5_stagate	STAGATE-style	6	signature	SIG_MY_SPP1	seed_11	0.0830515345906788	0.0679477935239214	0.0943410984304699	True	2	0		0		False	False	False	False	no opposite-sign point estimate	Post-review descriptive stratification based on spot-bootstrap intervals; it is not an independent-sample or spatial-dependence-resolved test.
GSE267401	GSM8265213_CTC17P	M5_stagate	STAGATE-style	6	signature	SIG_TCELL	seed_11	0.0	0.0	0.0	False	2	0		0		False	False	False	False	no opposite-sign point estimate	Post-review descriptive stratification based on spot-bootstrap intervals; it is not an independent-sample or spatial-dependence-resolved test.
GSE267401	GSM8265214_CTC17M	BayesSpace	BayesSpace	4	gene	COL1A1	seed_11	-0.3422646291243887	-0.4228841213669851	-0.2601172968806405	True	2	0		0		False	False	False	False	no opposite-sign point estimate	Post-review descriptive stratification based on spot-bootstrap intervals; it is not an independent-sample or spatial-dependence-resolved test.
GSE267401	GSM8265214_CTC17M	BayesSpace	BayesSpace	4	gene	EPCAM	seed_11	-0.0533089967183979	-0.0739095312218867	-0.030810668479075	True	2	0		0		False	False	False	False	no opposite-sign point estimate	Post-review descriptive stratification based on spot-bootstrap intervals; it is not an independent-sample or spatial-dependence-resolved test.
GSE267401	GSM8265214_CTC17M	BayesSpace	BayesSpace	4	gene	FAP	seed_11	0.0	0.0	0.0	False	2	0		0		False	False	False	False	no opposite-sign point estimate	Post-review descriptive stratification based on spot-bootstrap intervals; it is not an independent-sample or spatial-dependence-resolved test.
GSE267401	GSM8265214_CTC17M	BayesSpace	BayesSpace	4	gene	PTPRC	seed_11	0.0	0.0	0.0	False	2	0		0		False	False	False	False	no opposite-sign point estimate	Post-review descriptive stratification based on spot-bootstrap intervals; it is not an independent-sample or spatial-dependence-resolved test.
GSE267401	GSM8265214_CTC17M	BayesSpace	BayesSpace	4	gene	SPP1	seed_11	0.0	0.0	0.0	False	2	0		0		False	False	False	False	no opposite-sign point estimate	Post-review descriptive stratification based on spot-bootstrap intervals; it is not an independent-sample or spatial-dependence-resolved test.
GSE267401	GSM8265214_CTC17M	BayesSpace	BayesSpace	4	signature	SIG_CAF_FAP	seed_11	-0.1406588942191361	-0.1662066520941644	-0.1148547386841019	True	2	0		0		False	False	False	False	no opposite-sign point estimate	Post-review descriptive stratification based on spot-bootstrap intervals; it is not an independent-sample or spatial-dependence-resolved test.
GSE267401	GSM8265214_CTC17M	BayesSpace	BayesSpace	4	signature	SIG_CYTOTOX	seed_11	-0.0301280577661404	-0.0444646212542903	-0.0180535088339773	True	2	0		0		False	False	False	False	no opposite-sign point estimate	Post-review descriptive stratification based on spot-bootstrap intervals; it is not an independent-sample or spatial-dependence-resolved test.
GSE267401	GSM8265214_CTC17M	BayesSpace	BayesSpace	4	signature	SIG_EXCLUSION_CONTRAST	seed_11	-0.1239180759911563	-0.1557185607033238	-0.0967286048742328	True	2	0		0		False	False	False	False	no opposite-sign point estimate	Post-review descriptive stratification based on spot-bootstrap intervals; it is not an independent-sample or spatial-dependence-resolved test.
GSE267401	GSM8265214_CTC17M	BayesSpace	BayesSpace	4	signature	SIG_EXCLUSION_TGFB_CXCL12	seed_11	-0.0649037532396701	-0.0791541770625347	-0.0529902551227541	True	2	0		0		False	False	False	False	no opposite-sign point estimate	Post-review descriptive stratification based on spot-bootstrap intervals; it is not an independent-sample or spatial-dependence-resolved test.
GSE267401	GSM8265214_CTC17M	BayesSpace	BayesSpace	4	signature	SIG_MY_SPP1	seed_11	0.0192525464715359	0.0062955116199343	0.030779287812984	True	2	0		0		False	False	False	False	no opposite-sign point estimate	Post-review descriptive stratification based on spot-bootstrap intervals; it is not an independent-sample or spatial-dependence-resolved test.
GSE267401	GSM8265214_CTC17M	BayesSpace	BayesSpace	4	signature	SIG_TCELL	seed_11	0.0	0.0	0.0	False	2	0		0		False	False	False	False	no opposite-sign point estimate	Post-review descriptive stratification based on spot-bootstrap intervals; it is not an independent-sample or spatial-dependence-resolved test.
GSE267401	GSM8265214_CTC17M	BayesSpace	BayesSpace	6	gene	COL1A1	seed_11	-0.2755947749478054	-0.33715053986489	-0.2143654471009432	True	2	0		0		False	False	False	False	no opposite-sign point estimate	Post-review descriptive stratification based on spot-bootstrap intervals; it is not an independent-sample or spatial-dependence-resolved test.
GSE267401	GSM8265214_CTC17M	BayesSpace	BayesSpace	6	gene	EPCAM	seed_11	-0.0575762845853429	-0.077361247167453	-0.0394236083025527	True	2	0		0		False	False	False	False	no opposite-sign point estimate	Post-review descriptive stratification based on spot-bootstrap intervals; it is not an independent-sample or spatial-dependence-resolved test.
GSE267401	GSM8265214_CTC17M	BayesSpace	BayesSpace	6	gene	FAP	seed_11	0.0	0.0	0.0	False	2	0		0		False	False	False	False	no opposite-sign point estimate	Post-review descriptive stratification based on spot-bootstrap intervals; it is not an independent-sample or spatial-dependence-resolved test.
GSE267401	GSM8265214_CTC17M	BayesSpace	BayesSpace	6	gene	PTPRC	seed_11	0.0	0.0	0.0	False	2	0		0		False	False	False	False	no opposite-sign point estimate	Post-review descriptive stratification based on spot-bootstrap intervals; it is not an independent-sample or spatial-dependence-resolved test.
GSE267401	GSM8265214_CTC17M	BayesSpace	BayesSpace	6	gene	SPP1	seed_11	0.0	0.0	0.0	False	2	0		0		False	False	False	False	no opposite-sign point estimate	Post-review descriptive stratification based on spot-bootstrap intervals; it is not an independent-sample or spatial-dependence-resolved test.
GSE267401	GSM8265214_CTC17M	BayesSpace	BayesSpace	6	signature	SIG_CAF_FAP	seed_11	-0.1265770177487324	-0.148315326336599	-0.1016985253566664	True	2	0		0		False	False	False	False	no opposite-sign point estimate	Post-review descriptive stratification based on spot-bootstrap intervals; it is not an independent-sample or spatial-dependence-resolved test.
GSE267401	GSM8265214_CTC17M	BayesSpace	BayesSpace	6	signature	SIG_CYTOTOX	seed_11	-0.0272678551812577	-0.0371632553173672	-0.0158678140132065	True	2	0		0		False	False	False	False	no opposite-sign point estimate	Post-review descriptive stratification based on spot-bootstrap intervals; it is not an independent-sample or spatial-dependence-resolved test.
GSE267401	GSM8265214_CTC17M	BayesSpace	BayesSpace	6	signature	SIG_EXCLUSION_CONTRAST	seed_11	-0.092705902914784	-0.1202288114577342	-0.0660236356538273	True	2	0		0		False	False	False	False	no opposite-sign point estimate	Post-review descriptive stratification based on spot-bootstrap intervals; it is not an independent-sample or spatial-dependence-resolved test.
GSE267401	GSM8265214_CTC17M	BayesSpace	BayesSpace	6	signature	SIG_EXCLUSION_TGFB_CXCL12	seed_11	-0.0553830875382523	-0.0673181129561122	-0.0427065251179439	True	2	0		0		False	False	False	False	no opposite-sign point estimate	Post-review descriptive stratification based on spot-bootstrap intervals; it is not an independent-sample or spatial-dependence-resolved test.
GSE267401	GSM8265214_CTC17M	BayesSpace	BayesSpace	6	signature	SIG_MY_SPP1	seed_11	0.0339078239964962	0.0242207199192545	0.0449091569074689	True	2	0		0		False	False	False	False	no opposite-sign point estimate	Post-review descriptive stratification based on spot-bootstrap intervals; it is not an independent-sample or spatial-dependence-resolved test.
GSE267401	GSM8265214_CTC17M	BayesSpace	BayesSpace	6	signature	SIG_TCELL	seed_11	0.0	0.0	0.0	False	2	0		0		False	False	False	False	no opposite-sign point estimate	Post-review descriptive stratification based on spot-bootstrap intervals; it is not an independent-sample or spatial-dependence-resolved test.
GSE267401	GSM8265214_CTC17M	M0_expr_kmeans	expression-only k-means	4	gene	COL1A1	seed_11	-0.2021930885595413	-0.2718176853766901	-0.1344652763547521	True	2	0		0		False	False	False	False	no opposite-sign point estimate	Post-review descriptive stratification based on spot-bootstrap intervals; it is not an independent-sample or spatial-dependence-resolved test.
GSE267401	GSM8265214_CTC17M	M0_expr_kmeans	expression-only k-means	4	gene	EPCAM	seed_11	-0.0562433514307989	-0.0794646925548269	-0.0292262586128189	True	2	0		0		False	False	False	False	no opposite-sign point estimate	Post-review descriptive stratification based on spot-bootstrap intervals; it is not an independent-sample or spatial-dependence-resolved test.
GSE267401	GSM8265214_CTC17M	M0_expr_kmeans	expression-only k-means	4	gene	FAP	seed_11	0.0	0.0	0.0	False	2	0		0		False	False	False	False	no opposite-sign point estimate	Post-review descriptive stratification based on spot-bootstrap intervals; it is not an independent-sample or spatial-dependence-resolved test.
GSE267401	GSM8265214_CTC17M	M0_expr_kmeans	expression-only k-means	4	gene	PTPRC	seed_11	0.0	0.0	0.0	False	2	0		0		False	False	False	False	no opposite-sign point estimate	Post-review descriptive stratification based on spot-bootstrap intervals; it is not an independent-sample or spatial-dependence-resolved test.
GSE267401	GSM8265214_CTC17M	M0_expr_kmeans	expression-only k-means	4	gene	SPP1	seed_11	0.0	0.0	0.0	False	2	0		0		False	False	False	False	no opposite-sign point estimate	Post-review descriptive stratification based on spot-bootstrap intervals; it is not an independent-sample or spatial-dependence-resolved test.
GSE267401	GSM8265214_CTC17M	M0_expr_kmeans	expression-only k-means	4	signature	SIG_CAF_FAP	seed_11	-0.0826396057370214	-0.1141060090476952	-0.0461780629265322	True	2	0		0		False	False	False	False	no opposite-sign point estimate	Post-review descriptive stratification based on spot-bootstrap intervals; it is not an independent-sample or spatial-dependence-resolved test.
GSE267401	GSM8265214_CTC17M	M0_expr_kmeans	expression-only k-means	4	signature	SIG_CYTOTOX	seed_11	-0.0176976797834367	-0.0285013786082934	-0.0077492655834984	True	2	0		0		False	False	False	False	no opposite-sign point estimate	Post-review descriptive stratification based on spot-bootstrap intervals; it is not an independent-sample or spatial-dependence-resolved test.
GSE267401	GSM8265214_CTC17M	M0_expr_kmeans	expression-only k-means	4	signature	SIG_EXCLUSION_CONTRAST	seed_11	-0.0607118581047466	-0.0973223818434672	-0.0235572716904732	True	2	0		0		False	False	False	False	no opposite-sign point estimate	Post-review descriptive stratification based on spot-bootstrap intervals; it is not an independent-sample or spatial-dependence-resolved test.
GSE267401	GSM8265214_CTC17M	M0_expr_kmeans	expression-only k-means	4	signature	SIG_EXCLUSION_TGFB_CXCL12	seed_11	-0.0489255641901278	-0.0643998549788811	-0.0338374883716645	True	2	0		0		False	False	False	False	no opposite-sign point estimate	Post-review descriptive stratification based on spot-bootstrap intervals; it is not an independent-sample or spatial-dependence-resolved test.
GSE267401	GSM8265214_CTC17M	M0_expr_kmeans	expression-only k-means	4	signature	SIG_MY_SPP1	seed_11	-0.0012883584745135	-0.0174910520403794	0.0113141176784019	False	2	0		0		False	False	False	False	no opposite-sign point estimate	Post-review descriptive stratification based on spot-bootstrap intervals; it is not an independent-sample or spatial-dependence-resolved test.
GSE267401	GSM8265214_CTC17M	M0_expr_kmeans	expression-only k-means	4	signature	SIG_TCELL	seed_11	-0.0782284990202274	-0.08733171511485	-0.0537774578102592	True	2	0		0		False	False	False	False	no opposite-sign point estimate	Post-review descriptive stratification based on spot-bootstrap intervals; it is not an independent-sample or spatial-dependence-resolved test.
GSE267401	GSM8265214_CTC17M	M0_expr_kmeans	expression-only k-means	6	gene	COL1A1	seed_11	-0.2171932906690281	-0.2993523386908395	-0.1145479145059807	True	2	0		0		False	False	False	False	no opposite-sign point estimate	Post-review descriptive stratification based on spot-bootstrap intervals; it is not an independent-sample or spatial-dependence-resolved test.
GSE267401	GSM8265214_CTC17M	M0_expr_kmeans	expression-only k-means	6	gene	EPCAM	seed_11	-0.0299399600782517	-0.0579593895420078	-0.0018109433742218	True	2	0		0		False	False	False	False	no opposite-sign point estimate	Post-review descriptive stratification based on spot-bootstrap intervals; it is not an independent-sample or spatial-dependence-resolved test.
GSE267401	GSM8265214_CTC17M	M0_expr_kmeans	expression-only k-means	6	gene	FAP	seed_11	0.0	0.0	0.0	False	2	0		0		False	False	False	False	no opposite-sign point estimate	Post-review descriptive stratification based on spot-bootstrap intervals; it is not an independent-sample or spatial-dependence-resolved test.
GSE267401	GSM8265214_CTC17M	M0_expr_kmeans	expression-only k-means	6	gene	PTPRC	seed_11	0.0	0.0	0.0	False	2	0		0		False	False	False	False	no opposite-sign point estimate	Post-review descriptive stratification based on spot-bootstrap intervals; it is not an independent-sample or spatial-dependence-resolved test.
GSE267401	GSM8265214_CTC17M	M0_expr_kmeans	expression-only k-means	6	gene	SPP1	seed_11	0.0	0.0	0.0	False	2	0		0		False	False	False	False	no opposite-sign point estimate	Post-review descriptive stratification based on spot-bootstrap intervals; it is not an independent-sample or spatial-dependence-resolved test.
GSE267401	GSM8265214_CTC17M	M0_expr_kmeans	expression-only k-means	6	signature	SIG_CAF_FAP	seed_11	-0.0969082188721887	-0.1414044116918718	-0.0622694538443	True	2	0		0		False	False	False	False	no opposite-sign point estimate	Post-review descriptive stratification based on spot-bootstrap intervals; it is not an independent-sample or spatial-dependence-resolved test.
GSE267401	GSM8265214_CTC17M	M0_expr_kmeans	expression-only k-means	6	signature	SIG_CYTOTOX	seed_11	-0.013778523418081	-0.025649445267922	-0.0033885440587597	True	2	0		0		False	False	False	False	no opposite-sign point estimate	Post-review descriptive stratification based on spot-bootstrap intervals; it is not an independent-sample or spatial-dependence-resolved test.
GSE267401	GSM8265214_CTC17M	M0_expr_kmeans	expression-only k-means	6	signature	SIG_EXCLUSION_CONTRAST	seed_11	-0.0635313475537574	-0.1243616342839029	-0.0316138633737324	True	2	0		0		False	False	False	False	no opposite-sign point estimate	Post-review descriptive stratification based on spot-bootstrap intervals; it is not an independent-sample or spatial-dependence-resolved test.
GSE267401	GSM8265214_CTC17M	M0_expr_kmeans	expression-only k-means	6	signature	SIG_EXCLUSION_TGFB_CXCL12	seed_11	-0.0478693173596073	-0.0804808716681516	-0.0296255500753807	True	2	0		0		False	False	False	False	no opposite-sign point estimate	Post-review descriptive stratification based on spot-bootstrap intervals; it is not an independent-sample or spatial-dependence-resolved test.
GSE267401	GSM8265214_CTC17M	M0_expr_kmeans	expression-only k-means	6	signature	SIG_MY_SPP1	seed_11	-0.0058763657101998	-0.0184787606874231	0.0090013300501617	False	2	0		0		False	False	False	False	no opposite-sign point estimate	Post-review descriptive stratification based on spot-bootstrap intervals; it is not an independent-sample or spatial-dependence-resolved test.
GSE267401	GSM8265214_CTC17M	M0_expr_kmeans	expression-only k-means	6	signature	SIG_TCELL	seed_11	-0.0845329851410687	-0.0939665401359516	-0.071611606756851	True	2	0		0		False	False	False	False	no opposite-sign point estimate	Post-review descriptive stratification based on spot-bootstrap intervals; it is not an independent-sample or spatial-dependence-resolved test.
GSE267401	GSM8265214_CTC17M	M1_spatial_concat_kmeans	coordinate-augmented k-means	4	gene	COL1A1	seed_11	-0.212463376406395	-0.2775625670827016	-0.1367828471692128	True	2	0		0		False	False	False	False	no opposite-sign point estimate	Post-review descriptive stratification based on spot-bootstrap intervals; it is not an independent-sample or spatial-dependence-resolved test.
GSE267401	GSM8265214_CTC17M	M1_spatial_concat_kmeans	coordinate-augmented k-means	4	gene	EPCAM	seed_11	-0.0558310714648766	-0.0779091246456276	-0.0293280283336726	True	2	0		0		False	False	False	False	no opposite-sign point estimate	Post-review descriptive stratification based on spot-bootstrap intervals; it is not an independent-sample or spatial-dependence-resolved test.
GSE267401	GSM8265214_CTC17M	M1_spatial_concat_kmeans	coordinate-augmented k-means	4	gene	FAP	seed_11	0.0	0.0	0.0	False	2	0		0		False	False	False	False	no opposite-sign point estimate	Post-review descriptive stratification based on spot-bootstrap intervals; it is not an independent-sample or spatial-dependence-resolved test.
GSE267401	GSM8265214_CTC17M	M1_spatial_concat_kmeans	coordinate-augmented k-means	4	gene	PTPRC	seed_11	0.0	0.0	0.0	False	2	0		0		False	False	False	False	no opposite-sign point estimate	Post-review descriptive stratification based on spot-bootstrap intervals; it is not an independent-sample or spatial-dependence-resolved test.
GSE267401	GSM8265214_CTC17M	M1_spatial_concat_kmeans	coordinate-augmented k-means	4	gene	SPP1	seed_11	0.0	0.0	0.0	False	2	0		0		False	False	False	False	no opposite-sign point estimate	Post-review descriptive stratification based on spot-bootstrap intervals; it is not an independent-sample or spatial-dependence-resolved test.
GSE267401	GSM8265214_CTC17M	M1_spatial_concat_kmeans	coordinate-augmented k-means	4	signature	SIG_CAF_FAP	seed_11	-0.0851807548992702	-0.1136389623552903	-0.0467504433155699	True	2	0		0		False	False	False	False	no opposite-sign point estimate	Post-review descriptive stratification based on spot-bootstrap intervals; it is not an independent-sample or spatial-dependence-resolved test.
GSE267401	GSM8265214_CTC17M	M1_spatial_concat_kmeans	coordinate-augmented k-means	4	signature	SIG_CYTOTOX	seed_11	-0.018410225888843	-0.0291038481953901	-0.0077738685382794	True	2	0		0		False	False	False	False	no opposite-sign point estimate	Post-review descriptive stratification based on spot-bootstrap intervals; it is not an independent-sample or spatial-dependence-resolved test.
GSE267401	GSM8265214_CTC17M	M1_spatial_concat_kmeans	coordinate-augmented k-means	4	signature	SIG_EXCLUSION_CONTRAST	seed_11	-0.0613716023716415	-0.0924343593868646	-0.0265004693128163	True	2	0		0		False	False	False	False	no opposite-sign point estimate	Post-review descriptive stratification based on spot-bootstrap intervals; it is not an independent-sample or spatial-dependence-resolved test.
GSE267401	GSM8265214_CTC17M	M1_spatial_concat_kmeans	coordinate-augmented k-means	4	signature	SIG_EXCLUSION_TGFB_CXCL12	seed_11	-0.0517773742089578	-0.0675484694228186	-0.0350577081007125	True	2	0		0		False	False	False	False	no opposite-sign point estimate	Post-review descriptive stratification based on spot-bootstrap intervals; it is not an independent-sample or spatial-dependence-resolved test.
GSE267401	GSM8265214_CTC17M	M1_spatial_concat_kmeans	coordinate-augmented k-means	4	signature	SIG_MY_SPP1	seed_11	-0.0008464645966904	-0.014192834511575	0.0126675802106604	False	2	0		0		False	False	False	False	no opposite-sign point estimate	Post-review descriptive stratification based on spot-bootstrap intervals; it is not an independent-sample or spatial-dependence-resolved test.
GSE267401	GSM8265214_CTC17M	M1_spatial_concat_kmeans	coordinate-augmented k-means	4	signature	SIG_TCELL	seed_11	-0.0784993803401006	-0.0873323187195363	-0.0569680777689458	True	2	0		0		False	False	False	False	no opposite-sign point estimate	Post-review descriptive stratification based on spot-bootstrap intervals; it is not an independent-sample or spatial-dependence-resolved test.
GSE267401	GSM8265214_CTC17M	M1_spatial_concat_kmeans	coordinate-augmented k-means	6	gene	COL1A1	seed_11	-0.214424371873231	-0.2949804022633207	-0.1181098632889243	True	2	0		0		False	False	False	False	no opposite-sign point estimate	Post-review descriptive stratification based on spot-bootstrap intervals; it is not an independent-sample or spatial-dependence-resolved test.
GSE267401	GSM8265214_CTC17M	M1_spatial_concat_kmeans	coordinate-augmented k-means	6	gene	EPCAM	seed_11	-0.0367682634242929	-0.0642543338100053	-0.0067098386217114	True	2	0		0		False	False	False	False	no opposite-sign point estimate	Post-review descriptive stratification based on spot-bootstrap intervals; it is not an independent-sample or spatial-dependence-resolved test.
GSE267401	GSM8265214_CTC17M	M1_spatial_concat_kmeans	coordinate-augmented k-means	6	gene	FAP	seed_11	0.0	0.0	0.0	False	2	0		0		False	False	False	False	no opposite-sign point estimate	Post-review descriptive stratification based on spot-bootstrap intervals; it is not an independent-sample or spatial-dependence-resolved test.
GSE267401	GSM8265214_CTC17M	M1_spatial_concat_kmeans	coordinate-augmented k-means	6	gene	PTPRC	seed_11	0.0	0.0	0.0	False	2	0		0		False	False	False	False	no opposite-sign point estimate	Post-review descriptive stratification based on spot-bootstrap intervals; it is not an independent-sample or spatial-dependence-resolved test.
GSE267401	GSM8265214_CTC17M	M1_spatial_concat_kmeans	coordinate-augmented k-means	6	gene	SPP1	seed_11	0.0	0.0	0.0	False	2	0		0		False	False	False	False	no opposite-sign point estimate	Post-review descriptive stratification based on spot-bootstrap intervals; it is not an independent-sample or spatial-dependence-resolved test.
GSE267401	GSM8265214_CTC17M	M1_spatial_concat_kmeans	coordinate-augmented k-means	6	signature	SIG_CAF_FAP	seed_11	-0.095546207912499	-0.1456837549233394	-0.0621485304097677	True	2	0		0		False	False	False	False	no opposite-sign point estimate	Post-review descriptive stratification based on spot-bootstrap intervals; it is not an independent-sample or spatial-dependence-resolved test.
GSE267401	GSM8265214_CTC17M	M1_spatial_concat_kmeans	coordinate-augmented k-means	6	signature	SIG_CYTOTOX	seed_11	-0.0127842070597966	-0.0243866469975719	-0.0018769106376277	True	2	0		0		False	False	False	False	no opposite-sign point estimate	Post-review descriptive stratification based on spot-bootstrap intervals; it is not an independent-sample or spatial-dependence-resolved test.
GSE267401	GSM8265214_CTC17M	M1_spatial_concat_kmeans	coordinate-augmented k-means	6	signature	SIG_EXCLUSION_CONTRAST	seed_11	-0.0642651525916656	-0.1251730951977279	-0.0334008514595104	True	2	0		0		False	False	False	False	no opposite-sign point estimate	Post-review descriptive stratification based on spot-bootstrap intervals; it is not an independent-sample or spatial-dependence-resolved test.
GSE267401	GSM8265214_CTC17M	M1_spatial_concat_kmeans	coordinate-augmented k-means	6	signature	SIG_EXCLUSION_TGFB_CXCL12	seed_11	-0.0477997357563308	-0.0805777037701169	-0.0314415306572741	True	2	0		0		False	False	False	False	no opposite-sign point estimate	Post-review descriptive stratification based on spot-bootstrap intervals; it is not an independent-sample or spatial-dependence-resolved test.
GSE267401	GSM8265214_CTC17M	M1_spatial_concat_kmeans	coordinate-augmented k-means	6	signature	SIG_MY_SPP1	seed_11	-0.0056372491997147	-0.0182946535960205	0.0096368110878566	False	2	0		0		False	False	False	False	no opposite-sign point estimate	Post-review descriptive stratification based on spot-bootstrap intervals; it is not an independent-sample or spatial-dependence-resolved test.
GSE267401	GSM8265214_CTC17M	M1_spatial_concat_kmeans	coordinate-augmented k-means	6	signature	SIG_TCELL	seed_11	-0.0844997999672401	-0.0944323751391262	-0.0725256011029616	True	2	0		0		False	False	False	False	no opposite-sign point estimate	Post-review descriptive stratification based on spot-bootstrap intervals; it is not an independent-sample or spatial-dependence-resolved test.
GSE267401	GSM8265214_CTC17M	M2_spatial_ward	spatial Ward	4	gene	COL1A1	neighbors_6	-0.541723721602974	-1.1413354102795517	-0.3770416017394861	True	2	0		0		False	False	False	False	no opposite-sign point estimate	Post-review descriptive stratification based on spot-bootstrap intervals; it is not an independent-sample or spatial-dependence-resolved test.
GSE267401	GSM8265214_CTC17M	M2_spatial_ward	spatial Ward	4	gene	EPCAM	neighbors_6	-0.0233158365222103	-0.0651272383347348	0.0217502071925275	False	2	1	neighbors_4	0		True	False	True	True	reference and alternative intervals include zero	Post-review descriptive stratification based on spot-bootstrap intervals; it is not an independent-sample or spatial-dependence-resolved test.
GSE267401	GSM8265214_CTC17M	M2_spatial_ward	spatial Ward	4	gene	FAP	neighbors_6	0.0	0.0	0.0	False	2	0		0		False	False	False	False	no opposite-sign point estimate	Post-review descriptive stratification based on spot-bootstrap intervals; it is not an independent-sample or spatial-dependence-resolved test.
GSE267401	GSM8265214_CTC17M	M2_spatial_ward	spatial Ward	4	gene	PTPRC	neighbors_6	0.0	0.0	0.0	False	2	0		0		False	False	False	False	no opposite-sign point estimate	Post-review descriptive stratification based on spot-bootstrap intervals; it is not an independent-sample or spatial-dependence-resolved test.
GSE267401	GSM8265214_CTC17M	M2_spatial_ward	spatial Ward	4	gene	SPP1	neighbors_6	0.0	0.0	0.0	False	2	0		0		False	False	False	False	no opposite-sign point estimate	Post-review descriptive stratification based on spot-bootstrap intervals; it is not an independent-sample or spatial-dependence-resolved test.
GSE267401	GSM8265214_CTC17M	M2_spatial_ward	spatial Ward	4	signature	SIG_CAF_FAP	neighbors_6	-0.1266476439745168	-0.1558064516927218	-0.0996191402447007	True	2	0		0		False	False	False	False	no opposite-sign point estimate	Post-review descriptive stratification based on spot-bootstrap intervals; it is not an independent-sample or spatial-dependence-resolved test.
GSE267401	GSM8265214_CTC17M	M2_spatial_ward	spatial Ward	4	signature	SIG_CYTOTOX	neighbors_6	-0.0514062121298182	-0.1701008086233522	-0.0269153200951532	True	2	0		0		False	False	False	False	no opposite-sign point estimate	Post-review descriptive stratification based on spot-bootstrap intervals; it is not an independent-sample or spatial-dependence-resolved test.
GSE267401	GSM8265214_CTC17M	M2_spatial_ward	spatial Ward	4	signature	SIG_EXCLUSION_CONTRAST	neighbors_6	-0.1302843134144652	-0.1653739898552826	-0.067049497147945	True	2	0		0		False	False	False	False	no opposite-sign point estimate	Post-review descriptive stratification based on spot-bootstrap intervals; it is not an independent-sample or spatial-dependence-resolved test.
GSE267401	GSM8265214_CTC17M	M2_spatial_ward	spatial Ward	4	signature	SIG_EXCLUSION_TGFB_CXCL12	neighbors_6	-0.0813263919573985	-0.1082348543945886	-0.0613294272065702	True	2	0		0		False	False	False	False	no opposite-sign point estimate	Post-review descriptive stratification based on spot-bootstrap intervals; it is not an independent-sample or spatial-dependence-resolved test.
GSE267401	GSM8265214_CTC17M	M2_spatial_ward	spatial Ward	4	signature	SIG_MY_SPP1	neighbors_6	0.0235207953917079	-0.0074846234986502	0.0400977768380886	False	2	2	neighbors_4;neighbors_8	0		True	False	True	True	reference and alternative intervals include zero	Post-review descriptive stratification based on spot-bootstrap intervals; it is not an independent-sample or spatial-dependence-resolved test.
GSE267401	GSM8265214_CTC17M	M2_spatial_ward	spatial Ward	4	signature	SIG_TCELL	neighbors_6	0.0	0.0	0.0	False	2	0		0		False	False	False	False	no opposite-sign point estimate	Post-review descriptive stratification based on spot-bootstrap intervals; it is not an independent-sample or spatial-dependence-resolved test.
GSE267401	GSM8265214_CTC17M	M2_spatial_ward	spatial Ward	6	gene	COL1A1	neighbors_6	-0.4321445255290806	-0.5464933868738783	-0.3099720935067763	True	2	0		0		False	False	False	False	no opposite-sign point estimate	Post-review descriptive stratification based on spot-bootstrap intervals; it is not an independent-sample or spatial-dependence-resolved test.
GSE267401	GSM8265214_CTC17M	M2_spatial_ward	spatial Ward	6	gene	EPCAM	neighbors_6	-0.0196016383984662	-0.0478046156609997	0.0119969915250978	False	2	1	neighbors_4	0		True	False	True	True	reference and alternative intervals include zero	Post-review descriptive stratification based on spot-bootstrap intervals; it is not an independent-sample or spatial-dependence-resolved test.
GSE267401	GSM8265214_CTC17M	M2_spatial_ward	spatial Ward	6	gene	FAP	neighbors_6	0.0	0.0	0.0	False	2	0		0		False	False	False	False	no opposite-sign point estimate	Post-review descriptive stratification based on spot-bootstrap intervals; it is not an independent-sample or spatial-dependence-resolved test.
GSE267401	GSM8265214_CTC17M	M2_spatial_ward	spatial Ward	6	gene	PTPRC	neighbors_6	0.0	0.0	0.0	False	2	0		0		False	False	False	False	no opposite-sign point estimate	Post-review descriptive stratification based on spot-bootstrap intervals; it is not an independent-sample or spatial-dependence-resolved test.
GSE267401	GSM8265214_CTC17M	M2_spatial_ward	spatial Ward	6	gene	SPP1	neighbors_6	0.0	0.0	0.0	False	2	0		0		False	False	False	False	no opposite-sign point estimate	Post-review descriptive stratification based on spot-bootstrap intervals; it is not an independent-sample or spatial-dependence-resolved test.
GSE267401	GSM8265214_CTC17M	M2_spatial_ward	spatial Ward	6	signature	SIG_CAF_FAP	neighbors_6	-0.1234654017244136	-0.1538921493340337	-0.0998378653170044	True	2	0		0		False	False	False	False	no opposite-sign point estimate	Post-review descriptive stratification based on spot-bootstrap intervals; it is not an independent-sample or spatial-dependence-resolved test.
GSE267401	GSM8265214_CTC17M	M2_spatial_ward	spatial Ward	6	signature	SIG_CYTOTOX	neighbors_6	-0.026157114944821	-0.0409248074369269	-0.0120422779147238	True	2	0		0		False	False	False	False	no opposite-sign point estimate	Post-review descriptive stratification based on spot-bootstrap intervals; it is not an independent-sample or spatial-dependence-resolved test.
GSE267401	GSM8265214_CTC17M	M2_spatial_ward	spatial Ward	6	signature	SIG_EXCLUSION_CONTRAST	neighbors_6	-0.1133882198507992	-0.1480826241761052	-0.0629720599971419	True	2	0		0		False	False	False	False	no opposite-sign point estimate	Post-review descriptive stratification based on spot-bootstrap intervals; it is not an independent-sample or spatial-dependence-resolved test.
GSE267401	GSM8265214_CTC17M	M2_spatial_ward	spatial Ward	6	signature	SIG_EXCLUSION_TGFB_CXCL12	neighbors_6	-0.0739438873046279	-0.0937888983230046	-0.0535303534354347	True	2	0		0		False	False	False	False	no opposite-sign point estimate	Post-review descriptive stratification based on spot-bootstrap intervals; it is not an independent-sample or spatial-dependence-resolved test.
GSE267401	GSM8265214_CTC17M	M2_spatial_ward	spatial Ward	6	signature	SIG_MY_SPP1	neighbors_6	0.0095196097803158	-0.0118501663053343	0.0289201511968123	False	2	1	neighbors_8	0		True	False	True	True	reference and alternative intervals include zero	Post-review descriptive stratification based on spot-bootstrap intervals; it is not an independent-sample or spatial-dependence-resolved test.
GSE267401	GSM8265214_CTC17M	M2_spatial_ward	spatial Ward	6	signature	SIG_TCELL	neighbors_6	0.0	0.0	0.0	False	2	0		0		False	False	False	False	no opposite-sign point estimate	Post-review descriptive stratification based on spot-bootstrap intervals; it is not an independent-sample or spatial-dependence-resolved test.
GSE267401	GSM8265214_CTC17M	M3_spatial_leiden	spatial Leiden	4	gene	COL1A1	seed_11	-0.0533166774017168	-0.2947017049088954	0.1508100926751984	False	2	0		0		False	False	False	False	no opposite-sign point estimate	Post-review descriptive stratification based on spot-bootstrap intervals; it is not an independent-sample or spatial-dependence-resolved test.
GSE267401	GSM8265214_CTC17M	M3_spatial_leiden	spatial Leiden	4	gene	EPCAM	seed_11	-0.0773966347912078	-0.1418615681802798	-0.0380427056576464	True	2	0		0		False	False	False	False	no opposite-sign point estimate	Post-review descriptive stratification based on spot-bootstrap intervals; it is not an independent-sample or spatial-dependence-resolved test.
GSE267401	GSM8265214_CTC17M	M3_spatial_leiden	spatial Leiden	4	gene	FAP	seed_11	0.0	0.0	0.0	False	2	0		0		False	False	False	False	no opposite-sign point estimate	Post-review descriptive stratification based on spot-bootstrap intervals; it is not an independent-sample or spatial-dependence-resolved test.
GSE267401	GSM8265214_CTC17M	M3_spatial_leiden	spatial Leiden	4	gene	PTPRC	seed_11	0.0	0.0	0.0	False	2	0		0		False	False	False	False	no opposite-sign point estimate	Post-review descriptive stratification based on spot-bootstrap intervals; it is not an independent-sample or spatial-dependence-resolved test.
GSE267401	GSM8265214_CTC17M	M3_spatial_leiden	spatial Leiden	4	gene	SPP1	seed_11	0.0	0.0	0.0	False	2	0		0		False	False	False	False	no opposite-sign point estimate	Post-review descriptive stratification based on spot-bootstrap intervals; it is not an independent-sample or spatial-dependence-resolved test.
GSE267401	GSM8265214_CTC17M	M3_spatial_leiden	spatial Leiden	4	signature	SIG_CAF_FAP	seed_11	-0.0395466450613415	-0.0777536625277608	0.0084132697643292	False	2	0		0		False	False	False	False	no opposite-sign point estimate	Post-review descriptive stratification based on spot-bootstrap intervals; it is not an independent-sample or spatial-dependence-resolved test.
GSE267401	GSM8265214_CTC17M	M3_spatial_leiden	spatial Leiden	4	signature	SIG_CYTOTOX	seed_11	-0.0221444230917364	-0.0482125624816455	0.0017206331696988	False	2	0		0		False	False	False	False	no opposite-sign point estimate	Post-review descriptive stratification based on spot-bootstrap intervals; it is not an independent-sample or spatial-dependence-resolved test.
GSE267401	GSM8265214_CTC17M	M3_spatial_leiden	spatial Leiden	4	signature	SIG_EXCLUSION_CONTRAST	seed_11	-0.0290013092566145	-0.0888935143085586	0.0267701864609316	False	2	0		0		False	False	False	False	no opposite-sign point estimate	Post-review descriptive stratification based on spot-bootstrap intervals; it is not an independent-sample or spatial-dependence-resolved test.
GSE267401	GSM8265214_CTC17M	M3_spatial_leiden	spatial Leiden	4	signature	SIG_EXCLUSION_TGFB_CXCL12	seed_11	0.0118001537678467	-0.0415761494975739	0.0487762042198653	False	2	2	seed_23;seed_37	0		True	False	True	True	reference and alternative intervals include zero	Post-review descriptive stratification based on spot-bootstrap intervals; it is not an independent-sample or spatial-dependence-resolved test.
GSE267401	GSM8265214_CTC17M	M3_spatial_leiden	spatial Leiden	4	signature	SIG_MY_SPP1	seed_11	0.0111952903126738	-0.017566688840934	0.0418625584567934	False	2	0		0		False	False	False	False	no opposite-sign point estimate	Post-review descriptive stratification based on spot-bootstrap intervals; it is not an independent-sample or spatial-dependence-resolved test.
GSE267401	GSM8265214_CTC17M	M3_spatial_leiden	spatial Leiden	4	signature	SIG_TCELL	seed_11	0.0	0.0	0.0	False	2	0		0		False	False	False	False	no opposite-sign point estimate	Post-review descriptive stratification based on spot-bootstrap intervals; it is not an independent-sample or spatial-dependence-resolved test.
GSE267401	GSM8265214_CTC17M	M3_spatial_leiden	spatial Leiden	6	gene	COL1A1	seed_11	-0.1029984252825795	-0.2275148724576891	0.0367340581017842	False	1	0		0		False	False	False	False	no opposite-sign point estimate	Post-review descriptive stratification based on spot-bootstrap intervals; it is not an independent-sample or spatial-dependence-resolved test.
GSE267401	GSM8265214_CTC17M	M3_spatial_leiden	spatial Leiden	6	gene	EPCAM	seed_11	-0.0190785766562355	-0.0454854817732659	0.0470258555097386	False	1	1	seed_23	0		True	False	True	True	reference and alternative intervals include zero	Post-review descriptive stratification based on spot-bootstrap intervals; it is not an independent-sample or spatial-dependence-resolved test.
GSE267401	GSM8265214_CTC17M	M3_spatial_leiden	spatial Leiden	6	gene	FAP	seed_11	0.0	0.0	0.0	False	1	0		0		False	False	False	False	no opposite-sign point estimate	Post-review descriptive stratification based on spot-bootstrap intervals; it is not an independent-sample or spatial-dependence-resolved test.
GSE267401	GSM8265214_CTC17M	M3_spatial_leiden	spatial Leiden	6	gene	PTPRC	seed_11	0.0	0.0	0.0	False	1	0		0		False	False	False	False	no opposite-sign point estimate	Post-review descriptive stratification based on spot-bootstrap intervals; it is not an independent-sample or spatial-dependence-resolved test.
GSE267401	GSM8265214_CTC17M	M3_spatial_leiden	spatial Leiden	6	gene	SPP1	seed_11	0.0	0.0	0.0	False	1	0		0		False	False	False	False	no opposite-sign point estimate	Post-review descriptive stratification based on spot-bootstrap intervals; it is not an independent-sample or spatial-dependence-resolved test.
GSE267401	GSM8265214_CTC17M	M3_spatial_leiden	spatial Leiden	6	signature	SIG_CAF_FAP	seed_11	-0.0454717022548079	-0.0834039229166316	-0.002807097753376	True	1	0		0		False	False	False	False	no opposite-sign point estimate	Post-review descriptive stratification based on spot-bootstrap intervals; it is not an independent-sample or spatial-dependence-resolved test.
GSE267401	GSM8265214_CTC17M	M3_spatial_leiden	spatial Leiden	6	signature	SIG_CYTOTOX	seed_11	-0.0207319809350588	-0.0363774758499148	0.0036723143066487	False	1	0		0		False	False	False	False	no opposite-sign point estimate	Post-review descriptive stratification based on spot-bootstrap intervals; it is not an independent-sample or spatial-dependence-resolved test.
GSE267401	GSM8265214_CTC17M	M3_spatial_leiden	spatial Leiden	6	signature	SIG_EXCLUSION_CONTRAST	seed_11	-0.0248263867439351	-0.0676977734689438	0.0168717516045043	False	1	0		0		False	False	False	False	no opposite-sign point estimate	Post-review descriptive stratification based on spot-bootstrap intervals; it is not an independent-sample or spatial-dependence-resolved test.
GSE267401	GSM8265214_CTC17M	M3_spatial_leiden	spatial Leiden	6	signature	SIG_EXCLUSION_TGFB_CXCL12	seed_11	-0.0113610530465948	-0.0385542713572901	0.0172932252421467	False	1	0		0		False	False	False	False	no opposite-sign point estimate	Post-review descriptive stratification based on spot-bootstrap intervals; it is not an independent-sample or spatial-dependence-resolved test.
GSE267401	GSM8265214_CTC17M	M3_spatial_leiden	spatial Leiden	6	signature	SIG_MY_SPP1	seed_11	0.0184772080622534	-0.0004537596238697	0.0370595826390474	False	1	0		0		False	False	False	False	no opposite-sign point estimate	Post-review descriptive stratification based on spot-bootstrap intervals; it is not an independent-sample or spatial-dependence-resolved test.
GSE267401	GSM8265214_CTC17M	M3_spatial_leiden	spatial Leiden	6	signature	SIG_TCELL	seed_11	0.0	0.0	0.0	False	1	0		0		False	False	False	False	no opposite-sign point estimate	Post-review descriptive stratification based on spot-bootstrap intervals; it is not an independent-sample or spatial-dependence-resolved test.
GSE267401	GSM8265214_CTC17M	M4_spagcn	SpaGCN-style	4	gene	COL1A1	seed_11	-0.0640177867721267	-0.1438023148329608	0.0325719297082659	False	2	0		0		False	False	False	False	no opposite-sign point estimate	Post-review descriptive stratification based on spot-bootstrap intervals; it is not an independent-sample or spatial-dependence-resolved test.
GSE267401	GSM8265214_CTC17M	M4_spagcn	SpaGCN-style	4	gene	EPCAM	seed_11	-0.0103483079330546	-0.0372103483512272	0.017197401740276	False	2	1	seed_37	0		True	False	True	True	reference and alternative intervals include zero	Post-review descriptive stratification based on spot-bootstrap intervals; it is not an independent-sample or spatial-dependence-resolved test.
GSE267401	GSM8265214_CTC17M	M4_spagcn	SpaGCN-style	4	gene	FAP	seed_11	0.0	0.0	0.0	False	2	0		0		False	False	False	False	no opposite-sign point estimate	Post-review descriptive stratification based on spot-bootstrap intervals; it is not an independent-sample or spatial-dependence-resolved test.
GSE267401	GSM8265214_CTC17M	M4_spagcn	SpaGCN-style	4	gene	PTPRC	seed_11	0.0	0.0	0.0	False	2	0		0		False	False	False	False	no opposite-sign point estimate	Post-review descriptive stratification based on spot-bootstrap intervals; it is not an independent-sample or spatial-dependence-resolved test.
GSE267401	GSM8265214_CTC17M	M4_spagcn	SpaGCN-style	4	gene	SPP1	seed_11	0.0	0.0	0.0	False	2	0		0		False	False	False	False	no opposite-sign point estimate	Post-review descriptive stratification based on spot-bootstrap intervals; it is not an independent-sample or spatial-dependence-resolved test.
GSE267401	GSM8265214_CTC17M	M4_spagcn	SpaGCN-style	4	signature	SIG_CAF_FAP	seed_11	-0.0160895138973581	-0.0431297718529389	0.0059008470324988	False	2	0		0		False	False	False	False	no opposite-sign point estimate	Post-review descriptive stratification based on spot-bootstrap intervals; it is not an independent-sample or spatial-dependence-resolved test.
GSE267401	GSM8265214_CTC17M	M4_spagcn	SpaGCN-style	4	signature	SIG_CYTOTOX	seed_11	-0.004124823804312	-0.0126217217936351	0.007540593507544	False	2	1	seed_23	0		True	False	True	True	reference and alternative intervals include zero	Post-review descriptive stratification based on spot-bootstrap intervals; it is not an independent-sample or spatial-dependence-resolved test.
GSE267401	GSM8265214_CTC17M	M4_spagcn	SpaGCN-style	4	signature	SIG_EXCLUSION_CONTRAST	seed_11	-0.0336745306094614	-0.0675686846815847	0.0070346761729365	False	2	0		0		False	False	False	False	no opposite-sign point estimate	Post-review descriptive stratification based on spot-bootstrap intervals; it is not an independent-sample or spatial-dependence-resolved test.
GSE267401	GSM8265214_CTC17M	M4_spagcn	SpaGCN-style	4	signature	SIG_EXCLUSION_TGFB_CXCL12	seed_11	-0.0208412955512098	-0.0380678318197433	-0.0018123312957419	True	2	0		0		False	False	False	False	no opposite-sign point estimate	Post-review descriptive stratification based on spot-bootstrap intervals; it is not an independent-sample or spatial-dependence-resolved test.
GSE267401	GSM8265214_CTC17M	M4_spagcn	SpaGCN-style	4	signature	SIG_MY_SPP1	seed_11	-0.0006483383361304	-0.0164678219614391	0.0127339428069249	False	2	0		0		False	False	False	False	no opposite-sign point estimate	Post-review descriptive stratification based on spot-bootstrap intervals; it is not an independent-sample or spatial-dependence-resolved test.
GSE267401	GSM8265214_CTC17M	M4_spagcn	SpaGCN-style	4	signature	SIG_TCELL	seed_11	0.0	-0.0591491702253269	0.0	False	2	0		0		False	False	False	False	no opposite-sign point estimate	Post-review descriptive stratification based on spot-bootstrap intervals; it is not an independent-sample or spatial-dependence-resolved test.
GSE267401	GSM8265214_CTC17M	M4_spagcn	SpaGCN-style	6	gene	COL1A1	seed_11	-0.1555852275925449	-0.2171905350891221	-0.0745657753435489	True	1	0		0		False	False	False	False	no opposite-sign point estimate	Post-review descriptive stratification based on spot-bootstrap intervals; it is not an independent-sample or spatial-dependence-resolved test.
GSE267401	GSM8265214_CTC17M	M4_spagcn	SpaGCN-style	6	gene	EPCAM	seed_11	-0.0489100346013309	-0.0703225489708666	-0.0221976101272214	True	1	1	seed_37	0		True	False	False	False	alternative interval includes zero	Post-review descriptive stratification based on spot-bootstrap intervals; it is not an independent-sample or spatial-dependence-resolved test.
GSE267401	GSM8265214_CTC17M	M4_spagcn	SpaGCN-style	6	gene	FAP	seed_11	0.0	0.0	0.0	False	1	0		0		False	False	False	False	no opposite-sign point estimate	Post-review descriptive stratification based on spot-bootstrap intervals; it is not an independent-sample or spatial-dependence-resolved test.
GSE267401	GSM8265214_CTC17M	M4_spagcn	SpaGCN-style	6	gene	PTPRC	seed_11	0.0	0.0	0.0	False	1	0		0		False	False	False	False	no opposite-sign point estimate	Post-review descriptive stratification based on spot-bootstrap intervals; it is not an independent-sample or spatial-dependence-resolved test.
GSE267401	GSM8265214_CTC17M	M4_spagcn	SpaGCN-style	6	gene	SPP1	seed_11	0.0	0.0	0.0	False	1	0		0		False	False	False	False	no opposite-sign point estimate	Post-review descriptive stratification based on spot-bootstrap intervals; it is not an independent-sample or spatial-dependence-resolved test.
GSE267401	GSM8265214_CTC17M	M4_spagcn	SpaGCN-style	6	signature	SIG_CAF_FAP	seed_11	-0.0603670654830337	-0.093709223187607	-0.0317363257943078	True	1	0		0		False	False	False	False	no opposite-sign point estimate	Post-review descriptive stratification based on spot-bootstrap intervals; it is not an independent-sample or spatial-dependence-resolved test.
GSE267401	GSM8265214_CTC17M	M4_spagcn	SpaGCN-style	6	signature	SIG_CYTOTOX	seed_11	-0.0068543124929658	-0.0158931907948564	0.0034786617020235	False	1	0		0		False	False	False	False	no opposite-sign point estimate	Post-review descriptive stratification based on spot-bootstrap intervals; it is not an independent-sample or spatial-dependence-resolved test.
GSE267401	GSM8265214_CTC17M	M4_spagcn	SpaGCN-style	6	signature	SIG_EXCLUSION_CONTRAST	seed_11	-0.0623079462355811	-0.090938356283987	-0.0228896841103674	True	1	0		0		False	False	False	False	no opposite-sign point estimate	Post-review descriptive stratification based on spot-bootstrap intervals; it is not an independent-sample or spatial-dependence-resolved test.
GSE267401	GSM8265214_CTC17M	M4_spagcn	SpaGCN-style	6	signature	SIG_EXCLUSION_TGFB_CXCL12	seed_11	-0.0346849728107452	-0.050804769564563	-0.01647511888868	True	1	0		0		False	False	False	False	no opposite-sign point estimate	Post-review descriptive stratification based on spot-bootstrap intervals; it is not an independent-sample or spatial-dependence-resolved test.
GSE267401	GSM8265214_CTC17M	M4_spagcn	SpaGCN-style	6	signature	SIG_MY_SPP1	seed_11	0.0173901853585031	0.0005728200106819	0.0278471586650188	True	1	1	seed_37	0		True	False	False	False	alternative interval includes zero	Post-review descriptive stratification based on spot-bootstrap intervals; it is not an independent-sample or spatial-dependence-resolved test.
GSE267401	GSM8265214_CTC17M	M4_spagcn	SpaGCN-style	6	signature	SIG_TCELL	seed_11	0.0	-0.0762726440057538	0.0	False	1	0		0		False	False	False	False	no opposite-sign point estimate	Post-review descriptive stratification based on spot-bootstrap intervals; it is not an independent-sample or spatial-dependence-resolved test.
GSE267401	GSM8265214_CTC17M	M5_stagate	STAGATE-style	4	gene	COL1A1	seed_11	-0.293769974823979	-0.3594381418024243	-0.2284714907460557	True	2	0		0		False	False	False	False	no opposite-sign point estimate	Post-review descriptive stratification based on spot-bootstrap intervals; it is not an independent-sample or spatial-dependence-resolved test.
GSE267401	GSM8265214_CTC17M	M5_stagate	STAGATE-style	4	gene	EPCAM	seed_11	-0.0450174544091357	-0.0668278233046665	-0.0211946184930024	True	2	0		0		False	False	False	False	no opposite-sign point estimate	Post-review descriptive stratification based on spot-bootstrap intervals; it is not an independent-sample or spatial-dependence-resolved test.
GSE267401	GSM8265214_CTC17M	M5_stagate	STAGATE-style	4	gene	FAP	seed_11	0.0	0.0	0.0	False	2	0		0		False	False	False	False	no opposite-sign point estimate	Post-review descriptive stratification based on spot-bootstrap intervals; it is not an independent-sample or spatial-dependence-resolved test.
GSE267401	GSM8265214_CTC17M	M5_stagate	STAGATE-style	4	gene	PTPRC	seed_11	0.0	0.0	0.0	False	2	0		0		False	False	False	False	no opposite-sign point estimate	Post-review descriptive stratification based on spot-bootstrap intervals; it is not an independent-sample or spatial-dependence-resolved test.
GSE267401	GSM8265214_CTC17M	M5_stagate	STAGATE-style	4	gene	SPP1	seed_11	0.0	0.0	0.0	False	2	0		0		False	False	False	False	no opposite-sign point estimate	Post-review descriptive stratification based on spot-bootstrap intervals; it is not an independent-sample or spatial-dependence-resolved test.
GSE267401	GSM8265214_CTC17M	M5_stagate	STAGATE-style	4	signature	SIG_CAF_FAP	seed_11	-0.1291387450115432	-0.1557166417375272	-0.1058950158782933	True	2	0		0		False	False	False	False	no opposite-sign point estimate	Post-review descriptive stratification based on spot-bootstrap intervals; it is not an independent-sample or spatial-dependence-resolved test.
GSE267401	GSM8265214_CTC17M	M5_stagate	STAGATE-style	4	signature	SIG_CYTOTOX	seed_11	-0.0217930829983137	-0.0316971784614616	-0.012942773857165	True	2	0		0		False	False	False	False	no opposite-sign point estimate	Post-review descriptive stratification based on spot-bootstrap intervals; it is not an independent-sample or spatial-dependence-resolved test.
GSE267401	GSM8265214_CTC17M	M5_stagate	STAGATE-style	4	signature	SIG_EXCLUSION_CONTRAST	seed_11	-0.0919988800002652	-0.1198216039693014	-0.0702607184570345	True	2	0		0		False	False	False	False	no opposite-sign point estimate	Post-review descriptive stratification based on spot-bootstrap intervals; it is not an independent-sample or spatial-dependence-resolved test.
GSE267401	GSM8265214_CTC17M	M5_stagate	STAGATE-style	4	signature	SIG_EXCLUSION_TGFB_CXCL12	seed_11	-0.0631792989179908	-0.075392216693038	-0.0515388915035576	True	2	0		0		False	False	False	False	no opposite-sign point estimate	Post-review descriptive stratification based on spot-bootstrap intervals; it is not an independent-sample or spatial-dependence-resolved test.
GSE267401	GSM8265214_CTC17M	M5_stagate	STAGATE-style	4	signature	SIG_MY_SPP1	seed_11	0.0004687387083313	-0.0116740527892661	0.0120586308509892	False	2	1	seed_37	0		True	False	True	True	reference and alternative intervals include zero	Post-review descriptive stratification based on spot-bootstrap intervals; it is not an independent-sample or spatial-dependence-resolved test.
GSE267401	GSM8265214_CTC17M	M5_stagate	STAGATE-style	4	signature	SIG_TCELL	seed_11	-0.068737663498559	-0.0840511141333265	0.0	False	2	0		0		False	False	False	False	no opposite-sign point estimate	Post-review descriptive stratification based on spot-bootstrap intervals; it is not an independent-sample or spatial-dependence-resolved test.
GSE267401	GSM8265214_CTC17M	M5_stagate	STAGATE-style	6	gene	COL1A1	seed_11	-0.2376280301714559	-0.3027985253988787	-0.1722925915035024	True	2	0		0		False	False	False	False	no opposite-sign point estimate	Post-review descriptive stratification based on spot-bootstrap intervals; it is not an independent-sample or spatial-dependence-resolved test.
GSE267401	GSM8265214_CTC17M	M5_stagate	STAGATE-style	6	gene	EPCAM	seed_11	-0.0478679007568043	-0.0687750294677711	-0.0215426355614308	True	2	0		0		False	False	False	False	no opposite-sign point estimate	Post-review descriptive stratification based on spot-bootstrap intervals; it is not an independent-sample or spatial-dependence-resolved test.
GSE267401	GSM8265214_CTC17M	M5_stagate	STAGATE-style	6	gene	FAP	seed_11	0.0	0.0	0.0	False	2	0		0		False	False	False	False	no opposite-sign point estimate	Post-review descriptive stratification based on spot-bootstrap intervals; it is not an independent-sample or spatial-dependence-resolved test.
GSE267401	GSM8265214_CTC17M	M5_stagate	STAGATE-style	6	gene	PTPRC	seed_11	0.0	0.0	0.0	False	2	0		0		False	False	False	False	no opposite-sign point estimate	Post-review descriptive stratification based on spot-bootstrap intervals; it is not an independent-sample or spatial-dependence-resolved test.
GSE267401	GSM8265214_CTC17M	M5_stagate	STAGATE-style	6	gene	SPP1	seed_11	0.0	0.0	0.0	False	2	0		0		False	False	False	False	no opposite-sign point estimate	Post-review descriptive stratification based on spot-bootstrap intervals; it is not an independent-sample or spatial-dependence-resolved test.
GSE267401	GSM8265214_CTC17M	M5_stagate	STAGATE-style	6	signature	SIG_CAF_FAP	seed_11	-0.118260393665532	-0.1383422719505342	-0.0920515837165938	True	2	0		0		False	False	False	False	no opposite-sign point estimate	Post-review descriptive stratification based on spot-bootstrap intervals; it is not an independent-sample or spatial-dependence-resolved test.
GSE267401	GSM8265214_CTC17M	M5_stagate	STAGATE-style	6	signature	SIG_CYTOTOX	seed_11	-0.0177561424470179	-0.0278732237013866	-0.0097922514495595	True	2	0		0		False	False	False	False	no opposite-sign point estimate	Post-review descriptive stratification based on spot-bootstrap intervals; it is not an independent-sample or spatial-dependence-resolved test.
GSE267401	GSM8265214_CTC17M	M5_stagate	STAGATE-style	6	signature	SIG_EXCLUSION_CONTRAST	seed_11	-0.0722752250085065	-0.0973178105673891	-0.0505252908546019	True	2	0		0		False	False	False	False	no opposite-sign point estimate	Post-review descriptive stratification based on spot-bootstrap intervals; it is not an independent-sample or spatial-dependence-resolved test.
GSE267401	GSM8265214_CTC17M	M5_stagate	STAGATE-style	6	signature	SIG_EXCLUSION_TGFB_CXCL12	seed_11	-0.0559946856972381	-0.0664484908884022	-0.0417940892802869	True	2	0		0		False	False	False	False	no opposite-sign point estimate	Post-review descriptive stratification based on spot-bootstrap intervals; it is not an independent-sample or spatial-dependence-resolved test.
GSE267401	GSM8265214_CTC17M	M5_stagate	STAGATE-style	6	signature	SIG_MY_SPP1	seed_11	0.0081579962776795	-0.0041202854437915	0.0196395623589503	False	2	0		0		False	False	False	False	no opposite-sign point estimate	Post-review descriptive stratification based on spot-bootstrap intervals; it is not an independent-sample or spatial-dependence-resolved test.
GSE267401	GSM8265214_CTC17M	M5_stagate	STAGATE-style	6	signature	SIG_TCELL	seed_11	-0.0623871839914006	-0.0810039785524886	0.0	False	2	0		0		False	False	False	False	no opposite-sign point estimate	Post-review descriptive stratification based on spot-bootstrap intervals; it is not an independent-sample or spatial-dependence-resolved test.
GSE285505	GSM8703563_Tumor19	BayesSpace	BayesSpace	4	gene	COL1A1	seed_11	0.0713488016394545	-0.0029428977659437	0.135937199698363	False	2	0		0		False	False	False	False	no opposite-sign point estimate	Post-review descriptive stratification based on spot-bootstrap intervals; it is not an independent-sample or spatial-dependence-resolved test.
GSE285505	GSM8703563_Tumor19	BayesSpace	BayesSpace	4	gene	EPCAM	seed_11	-0.0062916419386804	-0.0420706866781648	0.0413418387015612	False	2	2	seed_23;seed_37	0		True	False	True	False	reference interval includes zero	Post-review descriptive stratification based on spot-bootstrap intervals; it is not an independent-sample or spatial-dependence-resolved test.
GSE285505	GSM8703563_Tumor19	BayesSpace	BayesSpace	4	gene	FAP	seed_11	0.0	0.0	0.0	False	2	0		0		False	False	False	False	no opposite-sign point estimate	Post-review descriptive stratification based on spot-bootstrap intervals; it is not an independent-sample or spatial-dependence-resolved test.
GSE285505	GSM8703563_Tumor19	BayesSpace	BayesSpace	4	gene	PTPRC	seed_11	0.0	0.0	0.0	False	2	0		0		False	False	False	False	no opposite-sign point estimate	Post-review descriptive stratification based on spot-bootstrap intervals; it is not an independent-sample or spatial-dependence-resolved test.
GSE285505	GSM8703563_Tumor19	BayesSpace	BayesSpace	4	gene	SPP1	seed_11	0.0	0.0	0.0	False	2	0		0		False	False	False	False	no opposite-sign point estimate	Post-review descriptive stratification based on spot-bootstrap intervals; it is not an independent-sample or spatial-dependence-resolved test.
GSE285505	GSM8703563_Tumor19	BayesSpace	BayesSpace	4	signature	SIG_CAF_FAP	seed_11	0.0655501511668372	0.0288204710760004	0.0994237767546559	True	2	2	seed_23;seed_37	1	seed_23	True	True	False	False	reference and alternative intervals exclude zero	Post-review descriptive stratification based on spot-bootstrap intervals; it is not an independent-sample or spatial-dependence-resolved test.
GSE285505	GSM8703563_Tumor19	BayesSpace	BayesSpace	4	signature	SIG_CYTOTOX	seed_11	0.0	0.0	0.0	False	2	0		0		False	False	False	False	no opposite-sign point estimate	Post-review descriptive stratification based on spot-bootstrap intervals; it is not an independent-sample or spatial-dependence-resolved test.
GSE285505	GSM8703563_Tumor19	BayesSpace	BayesSpace	4	signature	SIG_EXCLUSION_CONTRAST	seed_11	0.0760439969683768	0.0365781404209581	0.1137152452428898	True	2	2	seed_23;seed_37	2	seed_23;seed_37	True	True	False	False	reference and alternative intervals exclude zero	Post-review descriptive stratification based on spot-bootstrap intervals; it is not an independent-sample or spatial-dependence-resolved test.
GSE285505	GSM8703563_Tumor19	BayesSpace	BayesSpace	4	signature	SIG_EXCLUSION_TGFB_CXCL12	seed_11	0.048415230264543	0.0219891694278269	0.0707792766042122	True	2	1	seed_23	0		True	False	False	False	alternative interval includes zero	Post-review descriptive stratification based on spot-bootstrap intervals; it is not an independent-sample or spatial-dependence-resolved test.
GSE285505	GSM8703563_Tumor19	BayesSpace	BayesSpace	4	signature	SIG_MY_SPP1	seed_11	0.1062987887978392	0.0	0.1402707855524859	False	2	0		0		False	False	False	False	no opposite-sign point estimate	Post-review descriptive stratification based on spot-bootstrap intervals; it is not an independent-sample or spatial-dependence-resolved test.
GSE285505	GSM8703563_Tumor19	BayesSpace	BayesSpace	4	signature	SIG_TCELL	seed_11	0.0	0.0	0.0	False	2	0		0		False	False	False	False	no opposite-sign point estimate	Post-review descriptive stratification based on spot-bootstrap intervals; it is not an independent-sample or spatial-dependence-resolved test.
GSE285505	GSM8703563_Tumor19	BayesSpace	BayesSpace	6	gene	COL1A1	seed_11	0.1130481505853922	0.0471501066434855	0.1972776965836756	True	2	0		0		False	False	False	False	no opposite-sign point estimate	Post-review descriptive stratification based on spot-bootstrap intervals; it is not an independent-sample or spatial-dependence-resolved test.
GSE285505	GSM8703563_Tumor19	BayesSpace	BayesSpace	6	gene	EPCAM	seed_11	0.0370789439694272	-0.0107509701680221	0.0823510991116002	False	2	0		0		False	False	False	False	no opposite-sign point estimate	Post-review descriptive stratification based on spot-bootstrap intervals; it is not an independent-sample or spatial-dependence-resolved test.
GSE285505	GSM8703563_Tumor19	BayesSpace	BayesSpace	6	gene	FAP	seed_11	0.0	0.0	0.0	False	2	0		0		False	False	False	False	no opposite-sign point estimate	Post-review descriptive stratification based on spot-bootstrap intervals; it is not an independent-sample or spatial-dependence-resolved test.
GSE285505	GSM8703563_Tumor19	BayesSpace	BayesSpace	6	gene	PTPRC	seed_11	0.0	0.0	0.0	False	2	0		0		False	False	False	False	no opposite-sign point estimate	Post-review descriptive stratification based on spot-bootstrap intervals; it is not an independent-sample or spatial-dependence-resolved test.
GSE285505	GSM8703563_Tumor19	BayesSpace	BayesSpace	6	gene	SPP1	seed_11	0.0	0.0	0.0	False	2	0		0		False	False	False	False	no opposite-sign point estimate	Post-review descriptive stratification based on spot-bootstrap intervals; it is not an independent-sample or spatial-dependence-resolved test.
GSE285505	GSM8703563_Tumor19	BayesSpace	BayesSpace	6	signature	SIG_CAF_FAP	seed_11	0.0351081847687213	0.0065887946345968	0.0835489385615739	True	2	0		0		False	False	False	False	no opposite-sign point estimate	Post-review descriptive stratification based on spot-bootstrap intervals; it is not an independent-sample or spatial-dependence-resolved test.
GSE285505	GSM8703563_Tumor19	BayesSpace	BayesSpace	6	signature	SIG_CYTOTOX	seed_11	0.0	0.0	0.0	False	2	0		0		False	False	False	False	no opposite-sign point estimate	Post-review descriptive stratification based on spot-bootstrap intervals; it is not an independent-sample or spatial-dependence-resolved test.
GSE285505	GSM8703563_Tumor19	BayesSpace	BayesSpace	6	signature	SIG_EXCLUSION_CONTRAST	seed_11	0.0542951681571322	0.0187366119610552	0.0960640753873076	True	2	0		0		False	False	False	False	no opposite-sign point estimate	Post-review descriptive stratification based on spot-bootstrap intervals; it is not an independent-sample or spatial-dependence-resolved test.
GSE285505	GSM8703563_Tumor19	BayesSpace	BayesSpace	6	signature	SIG_EXCLUSION_TGFB_CXCL12	seed_11	0.0565296586758554	0.0332446098513607	0.0820124932071871	True	2	0		0		False	False	False	False	no opposite-sign point estimate	Post-review descriptive stratification based on spot-bootstrap intervals; it is not an independent-sample or spatial-dependence-resolved test.
GSE285505	GSM8703563_Tumor19	BayesSpace	BayesSpace	6	signature	SIG_MY_SPP1	seed_11	0.1082292644238225	0.07101303058908	0.1493127787362284	True	2	0		0		False	False	False	False	no opposite-sign point estimate	Post-review descriptive stratification based on spot-bootstrap intervals; it is not an independent-sample or spatial-dependence-resolved test.
GSE285505	GSM8703563_Tumor19	BayesSpace	BayesSpace	6	signature	SIG_TCELL	seed_11	0.0	0.0	0.0	False	2	0		0		False	False	False	False	no opposite-sign point estimate	Post-review descriptive stratification based on spot-bootstrap intervals; it is not an independent-sample or spatial-dependence-resolved test.
GSE285505	GSM8703563_Tumor19	M0_expr_kmeans	expression-only k-means	4	gene	COL1A1	seed_11	0.0764643644308993	0.0034614622264666	0.2044865929686761	True	2	0		0		False	False	False	False	no opposite-sign point estimate	Post-review descriptive stratification based on spot-bootstrap intervals; it is not an independent-sample or spatial-dependence-resolved test.
GSE285505	GSM8703563_Tumor19	M0_expr_kmeans	expression-only k-means	4	gene	EPCAM	seed_11	-0.1404036402160526	-0.1794857946286146	-0.104876855723681	True	2	0		0		False	False	False	False	no opposite-sign point estimate	Post-review descriptive stratification based on spot-bootstrap intervals; it is not an independent-sample or spatial-dependence-resolved test.
GSE285505	GSM8703563_Tumor19	M0_expr_kmeans	expression-only k-means	4	gene	FAP	seed_11	0.0	0.0	0.0	False	2	0		0		False	False	False	False	no opposite-sign point estimate	Post-review descriptive stratification based on spot-bootstrap intervals; it is not an independent-sample or spatial-dependence-resolved test.
GSE285505	GSM8703563_Tumor19	M0_expr_kmeans	expression-only k-means	4	gene	PTPRC	seed_11	0.0	0.0	0.0	False	2	0		0		False	False	False	False	no opposite-sign point estimate	Post-review descriptive stratification based on spot-bootstrap intervals; it is not an independent-sample or spatial-dependence-resolved test.
GSE285505	GSM8703563_Tumor19	M0_expr_kmeans	expression-only k-means	4	gene	SPP1	seed_11	0.0	0.0	0.0	False	2	0		0		False	False	False	False	no opposite-sign point estimate	Post-review descriptive stratification based on spot-bootstrap intervals; it is not an independent-sample or spatial-dependence-resolved test.
GSE285505	GSM8703563_Tumor19	M0_expr_kmeans	expression-only k-means	4	signature	SIG_CAF_FAP	seed_11	0.074395175272943	0.0387648725547504	0.1085014469937865	True	2	0		0		False	False	False	False	no opposite-sign point estimate	Post-review descriptive stratification based on spot-bootstrap intervals; it is not an independent-sample or spatial-dependence-resolved test.
GSE285505	GSM8703563_Tumor19	M0_expr_kmeans	expression-only k-means	4	signature	SIG_CYTOTOX	seed_11	0.0	0.0	0.0	False	2	0		0		False	False	False	False	no opposite-sign point estimate	Post-review descriptive stratification based on spot-bootstrap intervals; it is not an independent-sample or spatial-dependence-resolved test.
GSE285505	GSM8703563_Tumor19	M0_expr_kmeans	expression-only k-means	4	signature	SIG_EXCLUSION_CONTRAST	seed_11	0.0847732110316525	0.0372808525340128	0.1254084783955233	True	2	0		0		False	False	False	False	no opposite-sign point estimate	Post-review descriptive stratification based on spot-bootstrap intervals; it is not an independent-sample or spatial-dependence-resolved test.
GSE285505	GSM8703563_Tumor19	M0_expr_kmeans	expression-only k-means	4	signature	SIG_EXCLUSION_TGFB_CXCL12	seed_11	0.0427526316358499	0.0111057950509073	0.0668501339649726	True	2	0		0		False	False	False	False	no opposite-sign point estimate	Post-review descriptive stratification based on spot-bootstrap intervals; it is not an independent-sample or spatial-dependence-resolved test.
GSE285505	GSM8703563_Tumor19	M0_expr_kmeans	expression-only k-means	4	signature	SIG_MY_SPP1	seed_11	-0.0815043494944844	-0.1000584798261507	-0.0540726148923056	True	2	0		0		False	False	False	False	no opposite-sign point estimate	Post-review descriptive stratification based on spot-bootstrap intervals; it is not an independent-sample or spatial-dependence-resolved test.
GSE285505	GSM8703563_Tumor19	M0_expr_kmeans	expression-only k-means	4	signature	SIG_TCELL	seed_11	0.0	0.0	0.0	False	2	0		0		False	False	False	False	no opposite-sign point estimate	Post-review descriptive stratification based on spot-bootstrap intervals; it is not an independent-sample or spatial-dependence-resolved test.
GSE285505	GSM8703563_Tumor19	M0_expr_kmeans	expression-only k-means	6	gene	COL1A1	seed_11	0.0882102585724589	0.0071680104413604	0.2195799459770043	True	2	0		0		False	False	False	False	no opposite-sign point estimate	Post-review descriptive stratification based on spot-bootstrap intervals; it is not an independent-sample or spatial-dependence-resolved test.
GSE285505	GSM8703563_Tumor19	M0_expr_kmeans	expression-only k-means	6	gene	EPCAM	seed_11	-0.1398850717016091	-0.1939218287949331	-0.0991751867471562	True	2	0		0		False	False	False	False	no opposite-sign point estimate	Post-review descriptive stratification based on spot-bootstrap intervals; it is not an independent-sample or spatial-dependence-resolved test.
GSE285505	GSM8703563_Tumor19	M0_expr_kmeans	expression-only k-means	6	gene	FAP	seed_11	0.0	0.0	0.0	False	2	0		0		False	False	False	False	no opposite-sign point estimate	Post-review descriptive stratification based on spot-bootstrap intervals; it is not an independent-sample or spatial-dependence-resolved test.
GSE285505	GSM8703563_Tumor19	M0_expr_kmeans	expression-only k-means	6	gene	PTPRC	seed_11	0.0	0.0	0.0	False	2	0		0		False	False	False	False	no opposite-sign point estimate	Post-review descriptive stratification based on spot-bootstrap intervals; it is not an independent-sample or spatial-dependence-resolved test.
GSE285505	GSM8703563_Tumor19	M0_expr_kmeans	expression-only k-means	6	gene	SPP1	seed_11	0.0	0.0	0.0	False	2	0		0		False	False	False	False	no opposite-sign point estimate	Post-review descriptive stratification based on spot-bootstrap intervals; it is not an independent-sample or spatial-dependence-resolved test.
GSE285505	GSM8703563_Tumor19	M0_expr_kmeans	expression-only k-means	6	signature	SIG_CAF_FAP	seed_11	0.0880063788811865	0.0383395491464322	0.124853526812527	True	2	0		0		False	False	False	False	no opposite-sign point estimate	Post-review descriptive stratification based on spot-bootstrap intervals; it is not an independent-sample or spatial-dependence-resolved test.
GSE285505	GSM8703563_Tumor19	M0_expr_kmeans	expression-only k-means	6	signature	SIG_CYTOTOX	seed_11	0.0	0.0	0.0	False	2	0		0		False	False	False	False	no opposite-sign point estimate	Post-review descriptive stratification based on spot-bootstrap intervals; it is not an independent-sample or spatial-dependence-resolved test.
GSE285505	GSM8703563_Tumor19	M0_expr_kmeans	expression-only k-means	6	signature	SIG_EXCLUSION_CONTRAST	seed_11	0.0850300549580505	0.0313437378313044	0.1353742718416408	True	2	0		0		False	False	False	False	no opposite-sign point estimate	Post-review descriptive stratification based on spot-bootstrap intervals; it is not an independent-sample or spatial-dependence-resolved test.
GSE285505	GSM8703563_Tumor19	M0_expr_kmeans	expression-only k-means	6	signature	SIG_EXCLUSION_TGFB_CXCL12	seed_11	0.0398451191217589	0.0091892444331264	0.0691306654390741	True	2	0		0		False	False	False	False	no opposite-sign point estimate	Post-review descriptive stratification based on spot-bootstrap intervals; it is not an independent-sample or spatial-dependence-resolved test.
GSE285505	GSM8703563_Tumor19	M0_expr_kmeans	expression-only k-means	6	signature	SIG_MY_SPP1	seed_11	-0.112303896144467	-0.1303252786877056	-0.0950488140678594	True	2	0		0		False	False	False	False	no opposite-sign point estimate	Post-review descriptive stratification based on spot-bootstrap intervals; it is not an independent-sample or spatial-dependence-resolved test.
GSE285505	GSM8703563_Tumor19	M0_expr_kmeans	expression-only k-means	6	signature	SIG_TCELL	seed_11	0.0	0.0	0.0	False	2	0		0		False	False	False	False	no opposite-sign point estimate	Post-review descriptive stratification based on spot-bootstrap intervals; it is not an independent-sample or spatial-dependence-resolved test.
GSE285505	GSM8703563_Tumor19	M1_spatial_concat_kmeans	coordinate-augmented k-means	4	gene	COL1A1	seed_11	0.0724305694254954	-0.0041718287766829	0.2026736253429953	False	2	0		0		False	False	False	False	no opposite-sign point estimate	Post-review descriptive stratification based on spot-bootstrap intervals; it is not an independent-sample or spatial-dependence-resolved test.
GSE285505	GSM8703563_Tumor19	M1_spatial_concat_kmeans	coordinate-augmented k-means	4	gene	EPCAM	seed_11	-0.1381806463651842	-0.1750774644204475	-0.1011712838498558	True	2	0		0		False	False	False	False	no opposite-sign point estimate	Post-review descriptive stratification based on spot-bootstrap intervals; it is not an independent-sample or spatial-dependence-resolved test.
GSE285505	GSM8703563_Tumor19	M1_spatial_concat_kmeans	coordinate-augmented k-means	4	gene	FAP	seed_11	0.0	0.0	0.0	False	2	0		0		False	False	False	False	no opposite-sign point estimate	Post-review descriptive stratification based on spot-bootstrap intervals; it is not an independent-sample or spatial-dependence-resolved test.
GSE285505	GSM8703563_Tumor19	M1_spatial_concat_kmeans	coordinate-augmented k-means	4	gene	PTPRC	seed_11	0.0	0.0	0.0	False	2	0		0		False	False	False	False	no opposite-sign point estimate	Post-review descriptive stratification based on spot-bootstrap intervals; it is not an independent-sample or spatial-dependence-resolved test.
GSE285505	GSM8703563_Tumor19	M1_spatial_concat_kmeans	coordinate-augmented k-means	4	gene	SPP1	seed_11	0.0	0.0	0.0	False	2	0		0		False	False	False	False	no opposite-sign point estimate	Post-review descriptive stratification based on spot-bootstrap intervals; it is not an independent-sample or spatial-dependence-resolved test.
GSE285505	GSM8703563_Tumor19	M1_spatial_concat_kmeans	coordinate-augmented k-means	4	signature	SIG_CAF_FAP	seed_11	0.0743631934910621	0.0326525458416035	0.1072411552967805	True	2	0		0		False	False	False	False	no opposite-sign point estimate	Post-review descriptive stratification based on spot-bootstrap intervals; it is not an independent-sample or spatial-dependence-resolved test.
GSE285505	GSM8703563_Tumor19	M1_spatial_concat_kmeans	coordinate-augmented k-means	4	signature	SIG_CYTOTOX	seed_11	0.0	0.0	0.0	False	2	0		0		False	False	False	False	no opposite-sign point estimate	Post-review descriptive stratification based on spot-bootstrap intervals; it is not an independent-sample or spatial-dependence-resolved test.
GSE285505	GSM8703563_Tumor19	M1_spatial_concat_kmeans	coordinate-augmented k-means	4	signature	SIG_EXCLUSION_CONTRAST	seed_11	0.0783526908607621	0.0363755181642908	0.1228184767070486	True	2	0		0		False	False	False	False	no opposite-sign point estimate	Post-review descriptive stratification based on spot-bootstrap intervals; it is not an independent-sample or spatial-dependence-resolved test.
GSE285505	GSM8703563_Tumor19	M1_spatial_concat_kmeans	coordinate-augmented k-means	4	signature	SIG_EXCLUSION_TGFB_CXCL12	seed_11	0.0436822895294354	0.0150349010612952	0.0677825080763961	True	2	0		0		False	False	False	False	no opposite-sign point estimate	Post-review descriptive stratification based on spot-bootstrap intervals; it is not an independent-sample or spatial-dependence-resolved test.
GSE285505	GSM8703563_Tumor19	M1_spatial_concat_kmeans	coordinate-augmented k-means	4	signature	SIG_MY_SPP1	seed_11	-0.0790386898707055	-0.1000584798261507	-0.052647452945144	True	2	0		0		False	False	False	False	no opposite-sign point estimate	Post-review descriptive stratification based on spot-bootstrap intervals; it is not an independent-sample or spatial-dependence-resolved test.
GSE285505	GSM8703563_Tumor19	M1_spatial_concat_kmeans	coordinate-augmented k-means	4	signature	SIG_TCELL	seed_11	0.0	0.0	0.0	False	2	0		0		False	False	False	False	no opposite-sign point estimate	Post-review descriptive stratification based on spot-bootstrap intervals; it is not an independent-sample or spatial-dependence-resolved test.
GSE285505	GSM8703563_Tumor19	M1_spatial_concat_kmeans	coordinate-augmented k-means	6	gene	COL1A1	seed_11	0.1071653464733189	0.0243509011833924	0.2520355255021543	True	2	0		0		False	False	False	False	no opposite-sign point estimate	Post-review descriptive stratification based on spot-bootstrap intervals; it is not an independent-sample or spatial-dependence-resolved test.
GSE285505	GSM8703563_Tumor19	M1_spatial_concat_kmeans	coordinate-augmented k-means	6	gene	EPCAM	seed_11	-0.1410169463681314	-0.1872491091676156	-0.0978092118664594	True	2	0		0		False	False	False	False	no opposite-sign point estimate	Post-review descriptive stratification based on spot-bootstrap intervals; it is not an independent-sample or spatial-dependence-resolved test.
GSE285505	GSM8703563_Tumor19	M1_spatial_concat_kmeans	coordinate-augmented k-means	6	gene	FAP	seed_11	0.0	0.0	0.0	False	2	0		0		False	False	False	False	no opposite-sign point estimate	Post-review descriptive stratification based on spot-bootstrap intervals; it is not an independent-sample or spatial-dependence-resolved test.
GSE285505	GSM8703563_Tumor19	M1_spatial_concat_kmeans	coordinate-augmented k-means	6	gene	PTPRC	seed_11	0.0	0.0	0.0	False	2	0		0		False	False	False	False	no opposite-sign point estimate	Post-review descriptive stratification based on spot-bootstrap intervals; it is not an independent-sample or spatial-dependence-resolved test.
GSE285505	GSM8703563_Tumor19	M1_spatial_concat_kmeans	coordinate-augmented k-means	6	gene	SPP1	seed_11	0.0	0.0	0.0	False	2	0		0		False	False	False	False	no opposite-sign point estimate	Post-review descriptive stratification based on spot-bootstrap intervals; it is not an independent-sample or spatial-dependence-resolved test.
GSE285505	GSM8703563_Tumor19	M1_spatial_concat_kmeans	coordinate-augmented k-means	6	signature	SIG_CAF_FAP	seed_11	0.09320968927255	0.0427286241114266	0.1255055793697114	True	2	0		0		False	False	False	False	no opposite-sign point estimate	Post-review descriptive stratification based on spot-bootstrap intervals; it is not an independent-sample or spatial-dependence-resolved test.
GSE285505	GSM8703563_Tumor19	M1_spatial_concat_kmeans	coordinate-augmented k-means	6	signature	SIG_CYTOTOX	seed_11	0.0	0.0	0.0	False	2	0		0		False	False	False	False	no opposite-sign point estimate	Post-review descriptive stratification based on spot-bootstrap intervals; it is not an independent-sample or spatial-dependence-resolved test.
GSE285505	GSM8703563_Tumor19	M1_spatial_concat_kmeans	coordinate-augmented k-means	6	signature	SIG_EXCLUSION_CONTRAST	seed_11	0.0846796725369714	0.0382540630482031	0.1317280647727437	True	2	0		0		False	False	False	False	no opposite-sign point estimate	Post-review descriptive stratification based on spot-bootstrap intervals; it is not an independent-sample or spatial-dependence-resolved test.
GSE285505	GSM8703563_Tumor19	M1_spatial_concat_kmeans	coordinate-augmented k-means	6	signature	SIG_EXCLUSION_TGFB_CXCL12	seed_11	0.0402979881485702	0.0092710614650744	0.0676289578393356	True	2	0		0		False	False	False	False	no opposite-sign point estimate	Post-review descriptive stratification based on spot-bootstrap intervals; it is not an independent-sample or spatial-dependence-resolved test.
GSE285505	GSM8703563_Tumor19	M1_spatial_concat_kmeans	coordinate-augmented k-means	6	signature	SIG_MY_SPP1	seed_11	-0.1174144929693922	-0.1398339584390867	-0.1005014292832512	True	2	0		0		False	False	False	False	no opposite-sign point estimate	Post-review descriptive stratification based on spot-bootstrap intervals; it is not an independent-sample or spatial-dependence-resolved test.
GSE285505	GSM8703563_Tumor19	M1_spatial_concat_kmeans	coordinate-augmented k-means	6	signature	SIG_TCELL	seed_11	0.0	0.0	0.0	False	2	0		0		False	False	False	False	no opposite-sign point estimate	Post-review descriptive stratification based on spot-bootstrap intervals; it is not an independent-sample or spatial-dependence-resolved test.
GSE285505	GSM8703563_Tumor19	M2_spatial_ward	spatial Ward	4	gene	COL1A1	neighbors_6	-0.0251256862966255	-0.1834776266259771	0.0411527841499661	False	2	2	neighbors_4;neighbors_8	0		True	False	True	True	reference and alternative intervals include zero	Post-review descriptive stratification based on spot-bootstrap intervals; it is not an independent-sample or spatial-dependence-resolved test.
GSE285505	GSM8703563_Tumor19	M2_spatial_ward	spatial Ward	4	gene	EPCAM	neighbors_6	0.0848934874923679	0.0391049620920974	0.1219577486156181	True	2	0		0		False	False	False	False	no opposite-sign point estimate	Post-review descriptive stratification based on spot-bootstrap intervals; it is not an independent-sample or spatial-dependence-resolved test.
GSE285505	GSM8703563_Tumor19	M2_spatial_ward	spatial Ward	4	gene	FAP	neighbors_6	0.0	0.0	0.0	False	2	0		0		False	False	False	False	no opposite-sign point estimate	Post-review descriptive stratification based on spot-bootstrap intervals; it is not an independent-sample or spatial-dependence-resolved test.
GSE285505	GSM8703563_Tumor19	M2_spatial_ward	spatial Ward	4	gene	PTPRC	neighbors_6	0.0	0.0	0.0	False	2	0		0		False	False	False	False	no opposite-sign point estimate	Post-review descriptive stratification based on spot-bootstrap intervals; it is not an independent-sample or spatial-dependence-resolved test.
GSE285505	GSM8703563_Tumor19	M2_spatial_ward	spatial Ward	4	gene	SPP1	neighbors_6	0.0	0.0	0.0	False	2	0		0		False	False	False	False	no opposite-sign point estimate	Post-review descriptive stratification based on spot-bootstrap intervals; it is not an independent-sample or spatial-dependence-resolved test.
GSE285505	GSM8703563_Tumor19	M2_spatial_ward	spatial Ward	4	signature	SIG_CAF_FAP	neighbors_6	-0.0388117987586549	-0.0764405420088496	-0.0071080328538232	True	2	1	neighbors_4	0		True	False	False	False	alternative interval includes zero	Post-review descriptive stratification based on spot-bootstrap intervals; it is not an independent-sample or spatial-dependence-resolved test.
GSE285505	GSM8703563_Tumor19	M2_spatial_ward	spatial Ward	4	signature	SIG_CYTOTOX	neighbors_6	0.0	0.0	0.0	False	2	0		0		False	False	False	False	no opposite-sign point estimate	Post-review descriptive stratification based on spot-bootstrap intervals; it is not an independent-sample or spatial-dependence-resolved test.
GSE285505	GSM8703563_Tumor19	M2_spatial_ward	spatial Ward	4	signature	SIG_EXCLUSION_CONTRAST	neighbors_6	-0.042236914119859	-0.0875084588732953	-0.0046652844593361	True	2	1	neighbors_4	0		True	False	False	False	alternative interval includes zero	Post-review descriptive stratification based on spot-bootstrap intervals; it is not an independent-sample or spatial-dependence-resolved test.
GSE285505	GSM8703563_Tumor19	M2_spatial_ward	spatial Ward	4	signature	SIG_EXCLUSION_TGFB_CXCL12	neighbors_6	-0.0069884600021097	-0.0294224512877098	0.014942377993234	False	2	2	neighbors_4;neighbors_8	0		True	False	True	True	reference and alternative intervals include zero	Post-review descriptive stratification based on spot-bootstrap intervals; it is not an independent-sample or spatial-dependence-resolved test.
GSE285505	GSM8703563_Tumor19	M2_spatial_ward	spatial Ward	4	signature	SIG_MY_SPP1	neighbors_6	0.0890641863392354	0.0544821245757522	0.1173242381351504	True	2	0		0		False	False	False	False	no opposite-sign point estimate	Post-review descriptive stratification based on spot-bootstrap intervals; it is not an independent-sample or spatial-dependence-resolved test.
GSE285505	GSM8703563_Tumor19	M2_spatial_ward	spatial Ward	4	signature	SIG_TCELL	neighbors_6	0.0	0.0	0.0	False	2	0		0		False	False	False	False	no opposite-sign point estimate	Post-review descriptive stratification based on spot-bootstrap intervals; it is not an independent-sample or spatial-dependence-resolved test.
GSE285505	GSM8703563_Tumor19	M2_spatial_ward	spatial Ward	6	gene	COL1A1	neighbors_6	0.0137597747898152	-0.0461878274095675	0.0828220596327965	False	2	0		0		False	False	False	False	no opposite-sign point estimate	Post-review descriptive stratification based on spot-bootstrap intervals; it is not an independent-sample or spatial-dependence-resolved test.
GSE285505	GSM8703563_Tumor19	M2_spatial_ward	spatial Ward	6	gene	EPCAM	neighbors_6	0.015521994771019	-0.0249527905937032	0.0574528933996356	False	2	1	neighbors_8	0		True	False	True	True	reference and alternative intervals include zero	Post-review descriptive stratification based on spot-bootstrap intervals; it is not an independent-sample or spatial-dependence-resolved test.
GSE285505	GSM8703563_Tumor19	M2_spatial_ward	spatial Ward	6	gene	FAP	neighbors_6	0.0	0.0	0.0	False	2	0		0		False	False	False	False	no opposite-sign point estimate	Post-review descriptive stratification based on spot-bootstrap intervals; it is not an independent-sample or spatial-dependence-resolved test.
GSE285505	GSM8703563_Tumor19	M2_spatial_ward	spatial Ward	6	gene	PTPRC	neighbors_6	0.0	0.0	0.0	False	2	0		0		False	False	False	False	no opposite-sign point estimate	Post-review descriptive stratification based on spot-bootstrap intervals; it is not an independent-sample or spatial-dependence-resolved test.
GSE285505	GSM8703563_Tumor19	M2_spatial_ward	spatial Ward	6	gene	SPP1	neighbors_6	0.0	0.0	0.0	False	2	0		0		False	False	False	False	no opposite-sign point estimate	Post-review descriptive stratification based on spot-bootstrap intervals; it is not an independent-sample or spatial-dependence-resolved test.
GSE285505	GSM8703563_Tumor19	M2_spatial_ward	spatial Ward	6	signature	SIG_CAF_FAP	neighbors_6	0.0249579090683584	-0.0057826902190439	0.0624600872041692	False	2	1	neighbors_8	0		True	False	True	True	reference and alternative intervals include zero	Post-review descriptive stratification based on spot-bootstrap intervals; it is not an independent-sample or spatial-dependence-resolved test.
GSE285505	GSM8703563_Tumor19	M2_spatial_ward	spatial Ward	6	signature	SIG_CYTOTOX	neighbors_6	0.0	0.0	0.0	False	2	0		0		False	False	False	False	no opposite-sign point estimate	Post-review descriptive stratification based on spot-bootstrap intervals; it is not an independent-sample or spatial-dependence-resolved test.
GSE285505	GSM8703563_Tumor19	M2_spatial_ward	spatial Ward	6	signature	SIG_EXCLUSION_CONTRAST	neighbors_6	0.0315260384434323	-0.0090420458270417	0.0628836522252847	False	2	1	neighbors_8	0		True	False	True	False	reference interval includes zero	Post-review descriptive stratification based on spot-bootstrap intervals; it is not an independent-sample or spatial-dependence-resolved test.
GSE285505	GSM8703563_Tumor19	M2_spatial_ward	spatial Ward	6	signature	SIG_EXCLUSION_TGFB_CXCL12	neighbors_6	0.0338607157359832	0.014973833597635	0.0625579593076619	True	2	0		0		False	False	False	False	no opposite-sign point estimate	Post-review descriptive stratification based on spot-bootstrap intervals; it is not an independent-sample or spatial-dependence-resolved test.
GSE285505	GSM8703563_Tumor19	M2_spatial_ward	spatial Ward	6	signature	SIG_MY_SPP1	neighbors_6	0.0922120907217424	0.0479129874425308	0.1348778587450514	True	2	0		0		False	False	False	False	no opposite-sign point estimate	Post-review descriptive stratification based on spot-bootstrap intervals; it is not an independent-sample or spatial-dependence-resolved test.
GSE285505	GSM8703563_Tumor19	M2_spatial_ward	spatial Ward	6	signature	SIG_TCELL	neighbors_6	0.0	0.0	0.0	False	2	0		0		False	False	False	False	no opposite-sign point estimate	Post-review descriptive stratification based on spot-bootstrap intervals; it is not an independent-sample or spatial-dependence-resolved test.
GSE285505	GSM8703563_Tumor19	M3_spatial_leiden	spatial Leiden	4	gene	COL1A1	seed_11	0.0719190827155558	0.0159729671757666	0.1489320973593439	True	1	0		0		False	False	False	False	no opposite-sign point estimate	Post-review descriptive stratification based on spot-bootstrap intervals; it is not an independent-sample or spatial-dependence-resolved test.
GSE285505	GSM8703563_Tumor19	M3_spatial_leiden	spatial Leiden	4	gene	EPCAM	seed_11	-0.0100235436338929	-0.0663257180555875	0.0370032230994684	False	1	0		0		False	False	False	False	no opposite-sign point estimate	Post-review descriptive stratification based on spot-bootstrap intervals; it is not an independent-sample or spatial-dependence-resolved test.
GSE285505	GSM8703563_Tumor19	M3_spatial_leiden	spatial Leiden	4	gene	FAP	seed_11	0.0	0.0	0.0	False	1	0		0		False	False	False	False	no opposite-sign point estimate	Post-review descriptive stratification based on spot-bootstrap intervals; it is not an independent-sample or spatial-dependence-resolved test.
GSE285505	GSM8703563_Tumor19	M3_spatial_leiden	spatial Leiden	4	gene	PTPRC	seed_11	0.0	0.0	0.0	False	1	0		0		False	False	False	False	no opposite-sign point estimate	Post-review descriptive stratification based on spot-bootstrap intervals; it is not an independent-sample or spatial-dependence-resolved test.
GSE285505	GSM8703563_Tumor19	M3_spatial_leiden	spatial Leiden	4	gene	SPP1	seed_11	0.0	0.0	0.0	False	1	0		0		False	False	False	False	no opposite-sign point estimate	Post-review descriptive stratification based on spot-bootstrap intervals; it is not an independent-sample or spatial-dependence-resolved test.
GSE285505	GSM8703563_Tumor19	M3_spatial_leiden	spatial Leiden	4	signature	SIG_CAF_FAP	seed_11	0.030325793865475	-0.0069423920604622	0.0736314399350165	False	1	0		0		False	False	False	False	no opposite-sign point estimate	Post-review descriptive stratification based on spot-bootstrap intervals; it is not an independent-sample or spatial-dependence-resolved test.
GSE285505	GSM8703563_Tumor19	M3_spatial_leiden	spatial Leiden	4	signature	SIG_CYTOTOX	seed_11	0.0	0.0	0.0	False	1	0		0		False	False	False	False	no opposite-sign point estimate	Post-review descriptive stratification based on spot-bootstrap intervals; it is not an independent-sample or spatial-dependence-resolved test.
GSE285505	GSM8703563_Tumor19	M3_spatial_leiden	spatial Leiden	4	signature	SIG_EXCLUSION_CONTRAST	seed_11	0.0325149912422888	-0.0175243104812486	0.0788592966502901	False	1	0		0		False	False	False	False	no opposite-sign point estimate	Post-review descriptive stratification based on spot-bootstrap intervals; it is not an independent-sample or spatial-dependence-resolved test.
GSE285505	GSM8703563_Tumor19	M3_spatial_leiden	spatial Leiden	4	signature	SIG_EXCLUSION_TGFB_CXCL12	seed_11	0.0076521895273611	-0.0259681687829716	0.048286280517447	False	1	0		0		False	False	False	False	no opposite-sign point estimate	Post-review descriptive stratification based on spot-bootstrap intervals; it is not an independent-sample or spatial-dependence-resolved test.
GSE285505	GSM8703563_Tumor19	M3_spatial_leiden	spatial Leiden	4	signature	SIG_MY_SPP1	seed_11	0.0	-0.0366445942135903	0.1873805244844928	False	1	0		0		False	False	False	False	no opposite-sign point estimate	Post-review descriptive stratification based on spot-bootstrap intervals; it is not an independent-sample or spatial-dependence-resolved test.
GSE285505	GSM8703563_Tumor19	M3_spatial_leiden	spatial Leiden	4	signature	SIG_TCELL	seed_11	0.0	0.0	0.0	False	1	0		0		False	False	False	False	no opposite-sign point estimate	Post-review descriptive stratification based on spot-bootstrap intervals; it is not an independent-sample or spatial-dependence-resolved test.
GSE285505	GSM8703563_Tumor19	M3_spatial_leiden	spatial Leiden	6	gene	COL1A1	seed_11	0.0898412583226306	0.024957524307964	0.1627360775156494	True	2	0		0		False	False	False	False	no opposite-sign point estimate	Post-review descriptive stratification based on spot-bootstrap intervals; it is not an independent-sample or spatial-dependence-resolved test.
GSE285505	GSM8703563_Tumor19	M3_spatial_leiden	spatial Leiden	6	gene	EPCAM	seed_11	-0.0281925796809789	-0.0801856621076331	0.0226128643297789	False	2	0		0		False	False	False	False	no opposite-sign point estimate	Post-review descriptive stratification based on spot-bootstrap intervals; it is not an independent-sample or spatial-dependence-resolved test.
GSE285505	GSM8703563_Tumor19	M3_spatial_leiden	spatial Leiden	6	gene	FAP	seed_11	0.0	0.0	0.0	False	2	0		0		False	False	False	False	no opposite-sign point estimate	Post-review descriptive stratification based on spot-bootstrap intervals; it is not an independent-sample or spatial-dependence-resolved test.
GSE285505	GSM8703563_Tumor19	M3_spatial_leiden	spatial Leiden	6	gene	PTPRC	seed_11	0.0	0.0	0.0	False	2	0		0		False	False	False	False	no opposite-sign point estimate	Post-review descriptive stratification based on spot-bootstrap intervals; it is not an independent-sample or spatial-dependence-resolved test.
GSE285505	GSM8703563_Tumor19	M3_spatial_leiden	spatial Leiden	6	gene	SPP1	seed_11	0.0	0.0	0.0	False	2	0		0		False	False	False	False	no opposite-sign point estimate	Post-review descriptive stratification based on spot-bootstrap intervals; it is not an independent-sample or spatial-dependence-resolved test.
GSE285505	GSM8703563_Tumor19	M3_spatial_leiden	spatial Leiden	6	signature	SIG_CAF_FAP	seed_11	0.0892115760800256	0.0325028138309069	0.1223638157683209	True	2	0		0		False	False	False	False	no opposite-sign point estimate	Post-review descriptive stratification based on spot-bootstrap intervals; it is not an independent-sample or spatial-dependence-resolved test.
GSE285505	GSM8703563_Tumor19	M3_spatial_leiden	spatial Leiden	6	signature	SIG_CYTOTOX	seed_11	0.0	0.0	0.0	False	2	0		0		False	False	False	False	no opposite-sign point estimate	Post-review descriptive stratification based on spot-bootstrap intervals; it is not an independent-sample or spatial-dependence-resolved test.
GSE285505	GSM8703563_Tumor19	M3_spatial_leiden	spatial Leiden	6	signature	SIG_EXCLUSION_CONTRAST	seed_11	0.0762266514052723	0.027568800582651	0.1158857513175859	True	2	0		0		False	False	False	False	no opposite-sign point estimate	Post-review descriptive stratification based on spot-bootstrap intervals; it is not an independent-sample or spatial-dependence-resolved test.
GSE285505	GSM8703563_Tumor19	M3_spatial_leiden	spatial Leiden	6	signature	SIG_EXCLUSION_TGFB_CXCL12	seed_11	0.0393803433478804	0.0083102055556436	0.0643451949951429	True	2	0		0		False	False	False	False	no opposite-sign point estimate	Post-review descriptive stratification based on spot-bootstrap intervals; it is not an independent-sample or spatial-dependence-resolved test.
GSE285505	GSM8703563_Tumor19	M3_spatial_leiden	spatial Leiden	6	signature	SIG_MY_SPP1	seed_11	0.0	-0.0585571938341835	0.1563557322999414	False	2	0		0		False	False	False	False	no opposite-sign point estimate	Post-review descriptive stratification based on spot-bootstrap intervals; it is not an independent-sample or spatial-dependence-resolved test.
GSE285505	GSM8703563_Tumor19	M3_spatial_leiden	spatial Leiden	6	signature	SIG_TCELL	seed_11	0.0	0.0	0.0	False	2	0		0		False	False	False	False	no opposite-sign point estimate	Post-review descriptive stratification based on spot-bootstrap intervals; it is not an independent-sample or spatial-dependence-resolved test.
GSE285505	GSM8703563_Tumor19	M4_spagcn	SpaGCN-style	4	gene	COL1A1	seed_11	0.1688518675765026	0.0732935908768751	0.2713964500587482	True	2	0		0		False	False	False	False	no opposite-sign point estimate	Post-review descriptive stratification based on spot-bootstrap intervals; it is not an independent-sample or spatial-dependence-resolved test.
GSE285505	GSM8703563_Tumor19	M4_spagcn	SpaGCN-style	4	gene	EPCAM	seed_11	-0.1771919213312145	-0.2223540785900613	-0.12694385132033	True	2	0		0		False	False	False	False	no opposite-sign point estimate	Post-review descriptive stratification based on spot-bootstrap intervals; it is not an independent-sample or spatial-dependence-resolved test.
GSE285505	GSM8703563_Tumor19	M4_spagcn	SpaGCN-style	4	gene	FAP	seed_11	0.0	0.0	0.0	False	2	0		0		False	False	False	False	no opposite-sign point estimate	Post-review descriptive stratification based on spot-bootstrap intervals; it is not an independent-sample or spatial-dependence-resolved test.
GSE285505	GSM8703563_Tumor19	M4_spagcn	SpaGCN-style	4	gene	PTPRC	seed_11	0.0	0.0	0.0	False	2	0		0		False	False	False	False	no opposite-sign point estimate	Post-review descriptive stratification based on spot-bootstrap intervals; it is not an independent-sample or spatial-dependence-resolved test.
GSE285505	GSM8703563_Tumor19	M4_spagcn	SpaGCN-style	4	gene	SPP1	seed_11	0.0	0.0	0.0	False	2	0		0		False	False	False	False	no opposite-sign point estimate	Post-review descriptive stratification based on spot-bootstrap intervals; it is not an independent-sample or spatial-dependence-resolved test.
GSE285505	GSM8703563_Tumor19	M4_spagcn	SpaGCN-style	4	signature	SIG_CAF_FAP	seed_11	0.1659845303252334	0.1209756049041188	0.1965107072409446	True	2	0		0		False	False	False	False	no opposite-sign point estimate	Post-review descriptive stratification based on spot-bootstrap intervals; it is not an independent-sample or spatial-dependence-resolved test.
GSE285505	GSM8703563_Tumor19	M4_spagcn	SpaGCN-style	4	signature	SIG_CYTOTOX	seed_11	0.0	0.0	0.0	False	2	0		0		False	False	False	False	no opposite-sign point estimate	Post-review descriptive stratification based on spot-bootstrap intervals; it is not an independent-sample or spatial-dependence-resolved test.
GSE285505	GSM8703563_Tumor19	M4_spagcn	SpaGCN-style	4	signature	SIG_EXCLUSION_CONTRAST	seed_11	0.1739421249964199	0.1280655141603306	0.2125201276283987	True	2	0		0		False	False	False	False	no opposite-sign point estimate	Post-review descriptive stratification based on spot-bootstrap intervals; it is not an independent-sample or spatial-dependence-resolved test.
GSE285505	GSM8703563_Tumor19	M4_spagcn	SpaGCN-style	4	signature	SIG_EXCLUSION_TGFB_CXCL12	seed_11	0.0584700132822102	0.0305000449654179	0.0822685234046975	True	2	0		0		False	False	False	False	no opposite-sign point estimate	Post-review descriptive stratification based on spot-bootstrap intervals; it is not an independent-sample or spatial-dependence-resolved test.
GSE285505	GSM8703563_Tumor19	M4_spagcn	SpaGCN-style	4	signature	SIG_MY_SPP1	seed_11	-0.0876041069775147	-0.1021012954602555	-0.0624749608979197	True	2	0		0		False	False	False	False	no opposite-sign point estimate	Post-review descriptive stratification based on spot-bootstrap intervals; it is not an independent-sample or spatial-dependence-resolved test.
GSE285505	GSM8703563_Tumor19	M4_spagcn	SpaGCN-style	4	signature	SIG_TCELL	seed_11	0.0	0.0	0.0	False	2	0		0		False	False	False	False	no opposite-sign point estimate	Post-review descriptive stratification based on spot-bootstrap intervals; it is not an independent-sample or spatial-dependence-resolved test.
GSE285505	GSM8703563_Tumor19	M4_spagcn	SpaGCN-style	6	gene	COL1A1	seed_11	0.2185667841237583	0.1065177186908421	0.295291277370209	True	1	0		0		False	False	False	False	no opposite-sign point estimate	Post-review descriptive stratification based on spot-bootstrap intervals; it is not an independent-sample or spatial-dependence-resolved test.
GSE285505	GSM8703563_Tumor19	M4_spagcn	SpaGCN-style	6	gene	EPCAM	seed_11	-0.2637467398218223	-0.3014373110920277	-0.2262883897498634	True	1	0		0		False	False	False	False	no opposite-sign point estimate	Post-review descriptive stratification based on spot-bootstrap intervals; it is not an independent-sample or spatial-dependence-resolved test.
GSE285505	GSM8703563_Tumor19	M4_spagcn	SpaGCN-style	6	gene	FAP	seed_11	0.0	0.0	0.0	False	1	0		0		False	False	False	False	no opposite-sign point estimate	Post-review descriptive stratification based on spot-bootstrap intervals; it is not an independent-sample or spatial-dependence-resolved test.
GSE285505	GSM8703563_Tumor19	M4_spagcn	SpaGCN-style	6	gene	PTPRC	seed_11	0.0	0.0	0.0	False	1	0		0		False	False	False	False	no opposite-sign point estimate	Post-review descriptive stratification based on spot-bootstrap intervals; it is not an independent-sample or spatial-dependence-resolved test.
GSE285505	GSM8703563_Tumor19	M4_spagcn	SpaGCN-style	6	gene	SPP1	seed_11	0.0	0.0	0.0	False	1	0		0		False	False	False	False	no opposite-sign point estimate	Post-review descriptive stratification based on spot-bootstrap intervals; it is not an independent-sample or spatial-dependence-resolved test.
GSE285505	GSM8703563_Tumor19	M4_spagcn	SpaGCN-style	6	signature	SIG_CAF_FAP	seed_11	0.1602115617346567	0.1141830857235862	0.2074398203287845	True	1	0		0		False	False	False	False	no opposite-sign point estimate	Post-review descriptive stratification based on spot-bootstrap intervals; it is not an independent-sample or spatial-dependence-resolved test.
GSE285505	GSM8703563_Tumor19	M4_spagcn	SpaGCN-style	6	signature	SIG_CYTOTOX	seed_11	0.0	0.0	0.0	False	1	0		0		False	False	False	False	no opposite-sign point estimate	Post-review descriptive stratification based on spot-bootstrap intervals; it is not an independent-sample or spatial-dependence-resolved test.
GSE285505	GSM8703563_Tumor19	M4_spagcn	SpaGCN-style	6	signature	SIG_EXCLUSION_CONTRAST	seed_11	0.1659339843821691	0.1159413818438489	0.2268865978771035	True	1	0		0		False	False	False	False	no opposite-sign point estimate	Post-review descriptive stratification based on spot-bootstrap intervals; it is not an independent-sample or spatial-dependence-resolved test.
GSE285505	GSM8703563_Tumor19	M4_spagcn	SpaGCN-style	6	signature	SIG_EXCLUSION_TGFB_CXCL12	seed_11	0.0712564090799936	0.0415920483195095	0.0896285253340888	True	1	0		0		False	False	False	False	no opposite-sign point estimate	Post-review descriptive stratification based on spot-bootstrap intervals; it is not an independent-sample or spatial-dependence-resolved test.
GSE285505	GSM8703563_Tumor19	M4_spagcn	SpaGCN-style	6	signature	SIG_MY_SPP1	seed_11	-0.10110477339781	-0.1128805860977962	-0.0895444966934949	True	1	0		0		False	False	False	False	no opposite-sign point estimate	Post-review descriptive stratification based on spot-bootstrap intervals; it is not an independent-sample or spatial-dependence-resolved test.
GSE285505	GSM8703563_Tumor19	M4_spagcn	SpaGCN-style	6	signature	SIG_TCELL	seed_11	0.0	0.0	0.0	False	1	0		0		False	False	False	False	no opposite-sign point estimate	Post-review descriptive stratification based on spot-bootstrap intervals; it is not an independent-sample or spatial-dependence-resolved test.
GSE285505	GSM8703563_Tumor19	M5_stagate	STAGATE-style	4	gene	COL1A1	seed_11	-0.0097600157527051	-0.1901651742221751	0.0780590767879501	False	2	0		0		False	False	False	False	no opposite-sign point estimate	Post-review descriptive stratification based on spot-bootstrap intervals; it is not an independent-sample or spatial-dependence-resolved test.
GSE285505	GSM8703563_Tumor19	M5_stagate	STAGATE-style	4	gene	EPCAM	seed_11	-0.0036620137937113	-0.0432982162274739	0.03441795452786	False	2	0		0		False	False	False	False	no opposite-sign point estimate	Post-review descriptive stratification based on spot-bootstrap intervals; it is not an independent-sample or spatial-dependence-resolved test.
GSE285505	GSM8703563_Tumor19	M5_stagate	STAGATE-style	4	gene	FAP	seed_11	0.0	0.0	0.0	False	2	0		0		False	False	False	False	no opposite-sign point estimate	Post-review descriptive stratification based on spot-bootstrap intervals; it is not an independent-sample or spatial-dependence-resolved test.
GSE285505	GSM8703563_Tumor19	M5_stagate	STAGATE-style	4	gene	PTPRC	seed_11	0.0	0.0	0.0	False	2	0		0		False	False	False	False	no opposite-sign point estimate	Post-review descriptive stratification based on spot-bootstrap intervals; it is not an independent-sample or spatial-dependence-resolved test.
GSE285505	GSM8703563_Tumor19	M5_stagate	STAGATE-style	4	gene	SPP1	seed_11	0.0	0.0	0.0	False	2	0		0		False	False	False	False	no opposite-sign point estimate	Post-review descriptive stratification based on spot-bootstrap intervals; it is not an independent-sample or spatial-dependence-resolved test.
GSE285505	GSM8703563_Tumor19	M5_stagate	STAGATE-style	4	signature	SIG_CAF_FAP	seed_11	0.0032272118019751	-0.0302251216877033	0.0296988731256382	False	2	2	seed_23;seed_37	0		True	False	True	True	reference and alternative intervals include zero	Post-review descriptive stratification based on spot-bootstrap intervals; it is not an independent-sample or spatial-dependence-resolved test.
GSE285505	GSM8703563_Tumor19	M5_stagate	STAGATE-style	4	signature	SIG_CYTOTOX	seed_11	0.0	0.0	0.0	False	2	0		0		False	False	False	False	no opposite-sign point estimate	Post-review descriptive stratification based on spot-bootstrap intervals; it is not an independent-sample or spatial-dependence-resolved test.
GSE285505	GSM8703563_Tumor19	M5_stagate	STAGATE-style	4	signature	SIG_EXCLUSION_CONTRAST	seed_11	0.0148404779168602	-0.0189546401044973	0.0484198994197655	False	2	2	seed_23;seed_37	0		True	False	True	True	reference and alternative intervals include zero	Post-review descriptive stratification based on spot-bootstrap intervals; it is not an independent-sample or spatial-dependence-resolved test.
GSE285505	GSM8703563_Tumor19	M5_stagate	STAGATE-style	4	signature	SIG_EXCLUSION_TGFB_CXCL12	seed_11	0.0140688912616054	-0.0095017100316266	0.0355403426130847	False	2	2	seed_23;seed_37	0		True	False	True	False	reference interval includes zero	Post-review descriptive stratification based on spot-bootstrap intervals; it is not an independent-sample or spatial-dependence-resolved test.
GSE285505	GSM8703563_Tumor19	M5_stagate	STAGATE-style	4	signature	SIG_MY_SPP1	seed_11	0.0	-0.0768758507995806	0.0	False	2	0		0		False	False	False	False	no opposite-sign point estimate	Post-review descriptive stratification based on spot-bootstrap intervals; it is not an independent-sample or spatial-dependence-resolved test.
GSE285505	GSM8703563_Tumor19	M5_stagate	STAGATE-style	4	signature	SIG_TCELL	seed_11	0.0	0.0	0.0	False	2	0		0		False	False	False	False	no opposite-sign point estimate	Post-review descriptive stratification based on spot-bootstrap intervals; it is not an independent-sample or spatial-dependence-resolved test.
GSE285505	GSM8703563_Tumor19	M5_stagate	STAGATE-style	6	gene	COL1A1	seed_11	-0.0261119402917284	-0.1159814939874915	0.0366152697401502	False	2	1	seed_37	0		True	False	True	True	reference and alternative intervals include zero	Post-review descriptive stratification based on spot-bootstrap intervals; it is not an independent-sample or spatial-dependence-resolved test.
GSE285505	GSM8703563_Tumor19	M5_stagate	STAGATE-style	6	gene	EPCAM	seed_11	0.033588377319893	-0.0008385995607086	0.0609497117860145	False	2	2	seed_23;seed_37	0		True	False	True	True	reference and alternative intervals include zero	Post-review descriptive stratification based on spot-bootstrap intervals; it is not an independent-sample or spatial-dependence-resolved test.
GSE285505	GSM8703563_Tumor19	M5_stagate	STAGATE-style	6	gene	FAP	seed_11	0.0	0.0	0.0	False	2	0		0		False	False	False	False	no opposite-sign point estimate	Post-review descriptive stratification based on spot-bootstrap intervals; it is not an independent-sample or spatial-dependence-resolved test.
GSE285505	GSM8703563_Tumor19	M5_stagate	STAGATE-style	6	gene	PTPRC	seed_11	0.0	0.0	0.0	False	2	0		0		False	False	False	False	no opposite-sign point estimate	Post-review descriptive stratification based on spot-bootstrap intervals; it is not an independent-sample or spatial-dependence-resolved test.
GSE285505	GSM8703563_Tumor19	M5_stagate	STAGATE-style	6	gene	SPP1	seed_11	0.0	0.0	0.0	False	2	0		0		False	False	False	False	no opposite-sign point estimate	Post-review descriptive stratification based on spot-bootstrap intervals; it is not an independent-sample or spatial-dependence-resolved test.
GSE285505	GSM8703563_Tumor19	M5_stagate	STAGATE-style	6	signature	SIG_CAF_FAP	seed_11	-0.0110137040843534	-0.0416953487560508	0.0163211327962558	False	2	1	seed_37	0		True	False	True	True	reference and alternative intervals include zero	Post-review descriptive stratification based on spot-bootstrap intervals; it is not an independent-sample or spatial-dependence-resolved test.
GSE285505	GSM8703563_Tumor19	M5_stagate	STAGATE-style	6	signature	SIG_CYTOTOX	seed_11	0.0	0.0	0.0	False	2	0		0		False	False	False	False	no opposite-sign point estimate	Post-review descriptive stratification based on spot-bootstrap intervals; it is not an independent-sample or spatial-dependence-resolved test.
GSE285505	GSM8703563_Tumor19	M5_stagate	STAGATE-style	6	signature	SIG_EXCLUSION_CONTRAST	seed_11	0.0128962989433567	-0.0260930167028388	0.0457437455713762	False	2	1	seed_23	0		True	False	True	True	reference and alternative intervals include zero	Post-review descriptive stratification based on spot-bootstrap intervals; it is not an independent-sample or spatial-dependence-resolved test.
GSE285505	GSM8703563_Tumor19	M5_stagate	STAGATE-style	6	signature	SIG_EXCLUSION_TGFB_CXCL12	seed_11	0.0178088681826791	-0.0042190056126075	0.0378261849533921	False	2	0		0		False	False	False	False	no opposite-sign point estimate	Post-review descriptive stratification based on spot-bootstrap intervals; it is not an independent-sample or spatial-dependence-resolved test.
GSE285505	GSM8703563_Tumor19	M5_stagate	STAGATE-style	6	signature	SIG_MY_SPP1	seed_11	0.0	-0.0607834278639084	0.0734682238292943	False	2	0		0		False	False	False	False	no opposite-sign point estimate	Post-review descriptive stratification based on spot-bootstrap intervals; it is not an independent-sample or spatial-dependence-resolved test.
GSE285505	GSM8703563_Tumor19	M5_stagate	STAGATE-style	6	signature	SIG_TCELL	seed_11	0.0	0.0	0.0	False	2	0		0		False	False	False	False	no opposite-sign point estimate	Post-review descriptive stratification based on spot-bootstrap intervals; it is not an independent-sample or spatial-dependence-resolved test.
GSE285505	GSM8703564_Tumor20	BayesSpace	BayesSpace	4	gene	COL1A1	seed_11	-0.0494348464440284	-0.1910343736750954	0.0736021303423511	False	2	0		0		False	False	False	False	no opposite-sign point estimate	Post-review descriptive stratification based on spot-bootstrap intervals; it is not an independent-sample or spatial-dependence-resolved test.
GSE285505	GSM8703564_Tumor20	BayesSpace	BayesSpace	4	gene	EPCAM	seed_11	0.1461526760070384	0.0208497319774071	0.2832403329775727	True	2	1	seed_23	1	seed_23	True	True	False	False	reference and alternative intervals exclude zero	Post-review descriptive stratification based on spot-bootstrap intervals; it is not an independent-sample or spatial-dependence-resolved test.
GSE285505	GSM8703564_Tumor20	BayesSpace	BayesSpace	4	gene	FAP	seed_11	0.0	0.0	0.0	False	2	0		0		False	False	False	False	no opposite-sign point estimate	Post-review descriptive stratification based on spot-bootstrap intervals; it is not an independent-sample or spatial-dependence-resolved test.
GSE285505	GSM8703564_Tumor20	BayesSpace	BayesSpace	4	gene	PTPRC	seed_11	0.0	0.0	0.0	False	2	0		0		False	False	False	False	no opposite-sign point estimate	Post-review descriptive stratification based on spot-bootstrap intervals; it is not an independent-sample or spatial-dependence-resolved test.
GSE285505	GSM8703564_Tumor20	BayesSpace	BayesSpace	4	gene	SPP1	seed_11	0.0	0.0	0.0	False	2	0		0		False	False	False	False	no opposite-sign point estimate	Post-review descriptive stratification based on spot-bootstrap intervals; it is not an independent-sample or spatial-dependence-resolved test.
GSE285505	GSM8703564_Tumor20	BayesSpace	BayesSpace	4	signature	SIG_CAF_FAP	seed_11	-0.0616857228921963	-0.1286171865517713	0.0236466076589928	False	2	1	seed_23	0		True	False	True	True	reference and alternative intervals include zero	Post-review descriptive stratification based on spot-bootstrap intervals; it is not an independent-sample or spatial-dependence-resolved test.
GSE285505	GSM8703564_Tumor20	BayesSpace	BayesSpace	4	signature	SIG_CYTOTOX	seed_11	0.0	0.0	0.0	False	2	0		0		False	False	False	False	no opposite-sign point estimate	Post-review descriptive stratification based on spot-bootstrap intervals; it is not an independent-sample or spatial-dependence-resolved test.
GSE285505	GSM8703564_Tumor20	BayesSpace	BayesSpace	4	signature	SIG_EXCLUSION_CONTRAST	seed_11	-0.0256082078269634	-0.1283770097968797	0.0501754891664878	False	2	0		0		False	False	False	False	no opposite-sign point estimate	Post-review descriptive stratification based on spot-bootstrap intervals; it is not an independent-sample or spatial-dependence-resolved test.
GSE285505	GSM8703564_Tumor20	BayesSpace	BayesSpace	4	signature	SIG_EXCLUSION_TGFB_CXCL12	seed_11	-0.0932779130032467	-0.136410644960554	-0.0482662351658777	True	2	0		0		False	False	False	False	no opposite-sign point estimate	Post-review descriptive stratification based on spot-bootstrap intervals; it is not an independent-sample or spatial-dependence-resolved test.
GSE285505	GSM8703564_Tumor20	BayesSpace	BayesSpace	4	signature	SIG_MY_SPP1	seed_11	0.1014033391803956	0.0	0.1680617060309657	False	2	0		0		False	False	False	False	no opposite-sign point estimate	Post-review descriptive stratification based on spot-bootstrap intervals; it is not an independent-sample or spatial-dependence-resolved test.
GSE285505	GSM8703564_Tumor20	BayesSpace	BayesSpace	4	signature	SIG_TCELL	seed_11	0.0	0.0	0.0	False	2	0		0		False	False	False	False	no opposite-sign point estimate	Post-review descriptive stratification based on spot-bootstrap intervals; it is not an independent-sample or spatial-dependence-resolved test.
GSE285505	GSM8703564_Tumor20	BayesSpace	BayesSpace	6	gene	COL1A1	seed_11	-0.0873888658721713	-0.20058367669383	0.0599026530737245	False	2	0		0		False	False	False	False	no opposite-sign point estimate	Post-review descriptive stratification based on spot-bootstrap intervals; it is not an independent-sample or spatial-dependence-resolved test.
GSE285505	GSM8703564_Tumor20	BayesSpace	BayesSpace	6	gene	EPCAM	seed_11	-0.0381451043747165	-0.1506572292003718	0.0945263985364471	False	2	0		0		False	False	False	False	no opposite-sign point estimate	Post-review descriptive stratification based on spot-bootstrap intervals; it is not an independent-sample or spatial-dependence-resolved test.
GSE285505	GSM8703564_Tumor20	BayesSpace	BayesSpace	6	gene	FAP	seed_11	0.0	0.0	0.0	False	2	0		0		False	False	False	False	no opposite-sign point estimate	Post-review descriptive stratification based on spot-bootstrap intervals; it is not an independent-sample or spatial-dependence-resolved test.
GSE285505	GSM8703564_Tumor20	BayesSpace	BayesSpace	6	gene	PTPRC	seed_11	0.0	0.0	0.0	False	2	0		0		False	False	False	False	no opposite-sign point estimate	Post-review descriptive stratification based on spot-bootstrap intervals; it is not an independent-sample or spatial-dependence-resolved test.
GSE285505	GSM8703564_Tumor20	BayesSpace	BayesSpace	6	gene	SPP1	seed_11	0.0	0.0	0.0	False	2	0		0		False	False	False	False	no opposite-sign point estimate	Post-review descriptive stratification based on spot-bootstrap intervals; it is not an independent-sample or spatial-dependence-resolved test.
GSE285505	GSM8703564_Tumor20	BayesSpace	BayesSpace	6	signature	SIG_CAF_FAP	seed_11	-0.0861547588349307	-0.1441836749531776	-0.0411034167846485	True	2	0		0		False	False	False	False	no opposite-sign point estimate	Post-review descriptive stratification based on spot-bootstrap intervals; it is not an independent-sample or spatial-dependence-resolved test.
GSE285505	GSM8703564_Tumor20	BayesSpace	BayesSpace	6	signature	SIG_CYTOTOX	seed_11	0.0	0.0	0.0	False	2	0		0		False	False	False	False	no opposite-sign point estimate	Post-review descriptive stratification based on spot-bootstrap intervals; it is not an independent-sample or spatial-dependence-resolved test.
GSE285505	GSM8703564_Tumor20	BayesSpace	BayesSpace	6	signature	SIG_EXCLUSION_CONTRAST	seed_11	-0.0776161619566171	-0.1573068171293274	-0.0089541421190884	True	2	0		0		False	False	False	False	no opposite-sign point estimate	Post-review descriptive stratification based on spot-bootstrap intervals; it is not an independent-sample or spatial-dependence-resolved test.
GSE285505	GSM8703564_Tumor20	BayesSpace	BayesSpace	6	signature	SIG_EXCLUSION_TGFB_CXCL12	seed_11	-0.0830219464779051	-0.1327584297810914	-0.0392928388723777	True	2	0		0		False	False	False	False	no opposite-sign point estimate	Post-review descriptive stratification based on spot-bootstrap intervals; it is not an independent-sample or spatial-dependence-resolved test.
GSE285505	GSM8703564_Tumor20	BayesSpace	BayesSpace	6	signature	SIG_MY_SPP1	seed_11	0.0	0.0	0.0	False	2	0		0		False	False	False	False	no opposite-sign point estimate	Post-review descriptive stratification based on spot-bootstrap intervals; it is not an independent-sample or spatial-dependence-resolved test.
GSE285505	GSM8703564_Tumor20	BayesSpace	BayesSpace	6	signature	SIG_TCELL	seed_11	0.0	0.0	0.0	False	2	0		0		False	False	False	False	no opposite-sign point estimate	Post-review descriptive stratification based on spot-bootstrap intervals; it is not an independent-sample or spatial-dependence-resolved test.
GSE285505	GSM8703564_Tumor20	M0_expr_kmeans	expression-only k-means	4	gene	COL1A1	seed_11	-0.07550834994498	-0.2679099327678179	0.0733136518764008	False	2	0		0		False	False	False	False	no opposite-sign point estimate	Post-review descriptive stratification based on spot-bootstrap intervals; it is not an independent-sample or spatial-dependence-resolved test.
GSE285505	GSM8703564_Tumor20	M0_expr_kmeans	expression-only k-means	4	gene	EPCAM	seed_11	-0.1389510346702556	-0.3049087729489763	0.0108311569684073	False	2	0		0		False	False	False	False	no opposite-sign point estimate	Post-review descriptive stratification based on spot-bootstrap intervals; it is not an independent-sample or spatial-dependence-resolved test.
GSE285505	GSM8703564_Tumor20	M0_expr_kmeans	expression-only k-means	4	gene	FAP	seed_11	0.0	0.0	0.0	False	2	0		0		False	False	False	False	no opposite-sign point estimate	Post-review descriptive stratification based on spot-bootstrap intervals; it is not an independent-sample or spatial-dependence-resolved test.
GSE285505	GSM8703564_Tumor20	M0_expr_kmeans	expression-only k-means	4	gene	PTPRC	seed_11	0.0	0.0	0.0	False	2	0		0		False	False	False	False	no opposite-sign point estimate	Post-review descriptive stratification based on spot-bootstrap intervals; it is not an independent-sample or spatial-dependence-resolved test.
GSE285505	GSM8703564_Tumor20	M0_expr_kmeans	expression-only k-means	4	gene	SPP1	seed_11	0.0	0.0	0.0	False	2	0		0		False	False	False	False	no opposite-sign point estimate	Post-review descriptive stratification based on spot-bootstrap intervals; it is not an independent-sample or spatial-dependence-resolved test.
GSE285505	GSM8703564_Tumor20	M0_expr_kmeans	expression-only k-means	4	signature	SIG_CAF_FAP	seed_11	-0.1523954898063957	-0.2043729024660716	-0.1023402581882028	True	2	0		0		False	False	False	False	no opposite-sign point estimate	Post-review descriptive stratification based on spot-bootstrap intervals; it is not an independent-sample or spatial-dependence-resolved test.
GSE285505	GSM8703564_Tumor20	M0_expr_kmeans	expression-only k-means	4	signature	SIG_CYTOTOX	seed_11	0.0	0.0	0.0	False	2	0		0		False	False	False	False	no opposite-sign point estimate	Post-review descriptive stratification based on spot-bootstrap intervals; it is not an independent-sample or spatial-dependence-resolved test.
GSE285505	GSM8703564_Tumor20	M0_expr_kmeans	expression-only k-means	4	signature	SIG_EXCLUSION_CONTRAST	seed_11	-0.1762959506131451	-0.2626731297614862	-0.1037947522274082	True	2	0		0		False	False	False	False	no opposite-sign point estimate	Post-review descriptive stratification based on spot-bootstrap intervals; it is not an independent-sample or spatial-dependence-resolved test.
GSE285505	GSM8703564_Tumor20	M0_expr_kmeans	expression-only k-means	4	signature	SIG_EXCLUSION_TGFB_CXCL12	seed_11	-0.1462927044864233	-0.2086946938623533	-0.0957941609775254	True	2	0		0		False	False	False	False	no opposite-sign point estimate	Post-review descriptive stratification based on spot-bootstrap intervals; it is not an independent-sample or spatial-dependence-resolved test.
GSE285505	GSM8703564_Tumor20	M0_expr_kmeans	expression-only k-means	4	signature	SIG_MY_SPP1	seed_11	0.0	-0.1016132929973874	0.0	False	2	0		0		False	False	False	False	no opposite-sign point estimate	Post-review descriptive stratification based on spot-bootstrap intervals; it is not an independent-sample or spatial-dependence-resolved test.
GSE285505	GSM8703564_Tumor20	M0_expr_kmeans	expression-only k-means	4	signature	SIG_TCELL	seed_11	0.0	0.0	0.0	False	2	0		0		False	False	False	False	no opposite-sign point estimate	Post-review descriptive stratification based on spot-bootstrap intervals; it is not an independent-sample or spatial-dependence-resolved test.
GSE285505	GSM8703564_Tumor20	M0_expr_kmeans	expression-only k-means	6	gene	COL1A1	seed_11	0.0166967548975192	-0.1557541903581513	0.1656828022808751	False	2	0		0		False	False	False	False	no opposite-sign point estimate	Post-review descriptive stratification based on spot-bootstrap intervals; it is not an independent-sample or spatial-dependence-resolved test.
GSE285505	GSM8703564_Tumor20	M0_expr_kmeans	expression-only k-means	6	gene	EPCAM	seed_11	0.0648059994298666	-0.0619048755326424	0.2175646819444975	False	2	0		0		False	False	False	False	no opposite-sign point estimate	Post-review descriptive stratification based on spot-bootstrap intervals; it is not an independent-sample or spatial-dependence-resolved test.
GSE285505	GSM8703564_Tumor20	M0_expr_kmeans	expression-only k-means	6	gene	FAP	seed_11	0.0	0.0	0.0	False	2	0		0		False	False	False	False	no opposite-sign point estimate	Post-review descriptive stratification based on spot-bootstrap intervals; it is not an independent-sample or spatial-dependence-resolved test.
GSE285505	GSM8703564_Tumor20	M0_expr_kmeans	expression-only k-means	6	gene	PTPRC	seed_11	0.0	0.0	0.0	False	2	0		0		False	False	False	False	no opposite-sign point estimate	Post-review descriptive stratification based on spot-bootstrap intervals; it is not an independent-sample or spatial-dependence-resolved test.
GSE285505	GSM8703564_Tumor20	M0_expr_kmeans	expression-only k-means	6	gene	SPP1	seed_11	0.0	0.0	0.0	False	2	0		0		False	False	False	False	no opposite-sign point estimate	Post-review descriptive stratification based on spot-bootstrap intervals; it is not an independent-sample or spatial-dependence-resolved test.
GSE285505	GSM8703564_Tumor20	M0_expr_kmeans	expression-only k-means	6	signature	SIG_CAF_FAP	seed_11	-0.0022996713590499	-0.0546047264611856	0.0464289210898122	False	2	0		0		False	False	False	False	no opposite-sign point estimate	Post-review descriptive stratification based on spot-bootstrap intervals; it is not an independent-sample or spatial-dependence-resolved test.
GSE285505	GSM8703564_Tumor20	M0_expr_kmeans	expression-only k-means	6	signature	SIG_CYTOTOX	seed_11	0.0	0.0	0.0	False	2	0		0		False	False	False	False	no opposite-sign point estimate	Post-review descriptive stratification based on spot-bootstrap intervals; it is not an independent-sample or spatial-dependence-resolved test.
GSE285505	GSM8703564_Tumor20	M0_expr_kmeans	expression-only k-means	6	signature	SIG_EXCLUSION_CONTRAST	seed_11	-0.0159299479166676	-0.1017631462265181	0.0464804717444755	False	2	0		0		False	False	False	False	no opposite-sign point estimate	Post-review descriptive stratification based on spot-bootstrap intervals; it is not an independent-sample or spatial-dependence-resolved test.
GSE285505	GSM8703564_Tumor20	M0_expr_kmeans	expression-only k-means	6	signature	SIG_EXCLUSION_TGFB_CXCL12	seed_11	-0.1598731003199088	-0.2139302487719858	-0.1130416948166978	True	2	0		0		False	False	False	False	no opposite-sign point estimate	Post-review descriptive stratification based on spot-bootstrap intervals; it is not an independent-sample or spatial-dependence-resolved test.
GSE285505	GSM8703564_Tumor20	M0_expr_kmeans	expression-only k-means	6	signature	SIG_MY_SPP1	seed_11	0.0	-0.0831040008482254	0.0	False	2	0		0		False	False	False	False	no opposite-sign point estimate	Post-review descriptive stratification based on spot-bootstrap intervals; it is not an independent-sample or spatial-dependence-resolved test.
GSE285505	GSM8703564_Tumor20	M0_expr_kmeans	expression-only k-means	6	signature	SIG_TCELL	seed_11	0.0	0.0	0.0	False	2	0		0		False	False	False	False	no opposite-sign point estimate	Post-review descriptive stratification based on spot-bootstrap intervals; it is not an independent-sample or spatial-dependence-resolved test.
GSE285505	GSM8703564_Tumor20	M1_spatial_concat_kmeans	coordinate-augmented k-means	4	gene	COL1A1	seed_11	-0.07550834994498	-0.2707908670955095	0.0566372888850852	False	2	0		0		False	False	False	False	no opposite-sign point estimate	Post-review descriptive stratification based on spot-bootstrap intervals; it is not an independent-sample or spatial-dependence-resolved test.
GSE285505	GSM8703564_Tumor20	M1_spatial_concat_kmeans	coordinate-augmented k-means	4	gene	EPCAM	seed_11	-0.1389510346702556	-0.2979958725638108	0.0134014803169901	False	2	0		0		False	False	False	False	no opposite-sign point estimate	Post-review descriptive stratification based on spot-bootstrap intervals; it is not an independent-sample or spatial-dependence-resolved test.
GSE285505	GSM8703564_Tumor20	M1_spatial_concat_kmeans	coordinate-augmented k-means	4	gene	FAP	seed_11	0.0	0.0	0.0	False	2	0		0		False	False	False	False	no opposite-sign point estimate	Post-review descriptive stratification based on spot-bootstrap intervals; it is not an independent-sample or spatial-dependence-resolved test.
GSE285505	GSM8703564_Tumor20	M1_spatial_concat_kmeans	coordinate-augmented k-means	4	gene	PTPRC	seed_11	0.0	0.0	0.0	False	2	0		0		False	False	False	False	no opposite-sign point estimate	Post-review descriptive stratification based on spot-bootstrap intervals; it is not an independent-sample or spatial-dependence-resolved test.
GSE285505	GSM8703564_Tumor20	M1_spatial_concat_kmeans	coordinate-augmented k-means	4	gene	SPP1	seed_11	0.0	0.0	0.0	False	2	0		0		False	False	False	False	no opposite-sign point estimate	Post-review descriptive stratification based on spot-bootstrap intervals; it is not an independent-sample or spatial-dependence-resolved test.
GSE285505	GSM8703564_Tumor20	M1_spatial_concat_kmeans	coordinate-augmented k-means	4	signature	SIG_CAF_FAP	seed_11	-0.1523954898063957	-0.2008975394591124	-0.1048365488790248	True	2	0		0		False	False	False	False	no opposite-sign point estimate	Post-review descriptive stratification based on spot-bootstrap intervals; it is not an independent-sample or spatial-dependence-resolved test.
GSE285505	GSM8703564_Tumor20	M1_spatial_concat_kmeans	coordinate-augmented k-means	4	signature	SIG_CYTOTOX	seed_11	0.0	0.0	0.0	False	2	0		0		False	False	False	False	no opposite-sign point estimate	Post-review descriptive stratification based on spot-bootstrap intervals; it is not an independent-sample or spatial-dependence-resolved test.
GSE285505	GSM8703564_Tumor20	M1_spatial_concat_kmeans	coordinate-augmented k-means	4	signature	SIG_EXCLUSION_CONTRAST	seed_11	-0.1762959506131451	-0.2637979660133047	-0.1044671757542729	True	2	0		0		False	False	False	False	no opposite-sign point estimate	Post-review descriptive stratification based on spot-bootstrap intervals; it is not an independent-sample or spatial-dependence-resolved test.
GSE285505	GSM8703564_Tumor20	M1_spatial_concat_kmeans	coordinate-augmented k-means	4	signature	SIG_EXCLUSION_TGFB_CXCL12	seed_11	-0.1462927044864233	-0.2060844136388367	-0.0962553907472167	True	2	0		0		False	False	False	False	no opposite-sign point estimate	Post-review descriptive stratification based on spot-bootstrap intervals; it is not an independent-sample or spatial-dependence-resolved test.
GSE285505	GSM8703564_Tumor20	M1_spatial_concat_kmeans	coordinate-augmented k-means	4	signature	SIG_MY_SPP1	seed_11	0.0	-0.0990007883078196	0.0	False	2	0		0		False	False	False	False	no opposite-sign point estimate	Post-review descriptive stratification based on spot-bootstrap intervals; it is not an independent-sample or spatial-dependence-resolved test.
GSE285505	GSM8703564_Tumor20	M1_spatial_concat_kmeans	coordinate-augmented k-means	4	signature	SIG_TCELL	seed_11	0.0	0.0	0.0	False	2	0		0		False	False	False	False	no opposite-sign point estimate	Post-review descriptive stratification based on spot-bootstrap intervals; it is not an independent-sample or spatial-dependence-resolved test.
GSE285505	GSM8703564_Tumor20	M1_spatial_concat_kmeans	coordinate-augmented k-means	6	gene	COL1A1	seed_11	0.0103870228346141	-0.1399595262056439	0.1484379347648631	False	2	0		0		False	False	False	False	no opposite-sign point estimate	Post-review descriptive stratification based on spot-bootstrap intervals; it is not an independent-sample or spatial-dependence-resolved test.
GSE285505	GSM8703564_Tumor20	M1_spatial_concat_kmeans	coordinate-augmented k-means	6	gene	EPCAM	seed_11	0.066025703494275	-0.0657607087861649	0.2266234746093665	False	2	0		0		False	False	False	False	no opposite-sign point estimate	Post-review descriptive stratification based on spot-bootstrap intervals; it is not an independent-sample or spatial-dependence-resolved test.
GSE285505	GSM8703564_Tumor20	M1_spatial_concat_kmeans	coordinate-augmented k-means	6	gene	FAP	seed_11	0.0	0.0	0.0	False	2	0		0		False	False	False	False	no opposite-sign point estimate	Post-review descriptive stratification based on spot-bootstrap intervals; it is not an independent-sample or spatial-dependence-resolved test.
GSE285505	GSM8703564_Tumor20	M1_spatial_concat_kmeans	coordinate-augmented k-means	6	gene	PTPRC	seed_11	0.0	0.0	0.0	False	2	0		0		False	False	False	False	no opposite-sign point estimate	Post-review descriptive stratification based on spot-bootstrap intervals; it is not an independent-sample or spatial-dependence-resolved test.
GSE285505	GSM8703564_Tumor20	M1_spatial_concat_kmeans	coordinate-augmented k-means	6	gene	SPP1	seed_11	0.0	0.0	0.0	False	2	0		0		False	False	False	False	no opposite-sign point estimate	Post-review descriptive stratification based on spot-bootstrap intervals; it is not an independent-sample or spatial-dependence-resolved test.
GSE285505	GSM8703564_Tumor20	M1_spatial_concat_kmeans	coordinate-augmented k-means	6	signature	SIG_CAF_FAP	seed_11	-0.0042337671902012	-0.0541410047655536	0.0439779984464273	False	2	0		0		False	False	False	False	no opposite-sign point estimate	Post-review descriptive stratification based on spot-bootstrap intervals; it is not an independent-sample or spatial-dependence-resolved test.
GSE285505	GSM8703564_Tumor20	M1_spatial_concat_kmeans	coordinate-augmented k-means	6	signature	SIG_CYTOTOX	seed_11	0.0	0.0	0.0	False	2	0		0		False	False	False	False	no opposite-sign point estimate	Post-review descriptive stratification based on spot-bootstrap intervals; it is not an independent-sample or spatial-dependence-resolved test.
GSE285505	GSM8703564_Tumor20	M1_spatial_concat_kmeans	coordinate-augmented k-means	6	signature	SIG_EXCLUSION_CONTRAST	seed_11	-0.0172199786108899	-0.0969177691344035	0.0481539664695413	False	2	0		0		False	False	False	False	no opposite-sign point estimate	Post-review descriptive stratification based on spot-bootstrap intervals; it is not an independent-sample or spatial-dependence-resolved test.
GSE285505	GSM8703564_Tumor20	M1_spatial_concat_kmeans	coordinate-augmented k-means	6	signature	SIG_EXCLUSION_TGFB_CXCL12	seed_11	-0.1602047158899979	-0.2153666485189665	-0.1165307180670555	True	2	0		0		False	False	False	False	no opposite-sign point estimate	Post-review descriptive stratification based on spot-bootstrap intervals; it is not an independent-sample or spatial-dependence-resolved test.
GSE285505	GSM8703564_Tumor20	M1_spatial_concat_kmeans	coordinate-augmented k-means	6	signature	SIG_MY_SPP1	seed_11	0.0	-0.0831040008482254	0.0	False	2	0		0		False	False	False	False	no opposite-sign point estimate	Post-review descriptive stratification based on spot-bootstrap intervals; it is not an independent-sample or spatial-dependence-resolved test.
GSE285505	GSM8703564_Tumor20	M1_spatial_concat_kmeans	coordinate-augmented k-means	6	signature	SIG_TCELL	seed_11	0.0	0.0	0.0	False	2	0		0		False	False	False	False	no opposite-sign point estimate	Post-review descriptive stratification based on spot-bootstrap intervals; it is not an independent-sample or spatial-dependence-resolved test.
GSE285505	GSM8703564_Tumor20	M2_spatial_ward	spatial Ward	4	gene	COL1A1	neighbors_6	0.0123006791339037	-0.1674858967573395	0.1502018582163261	False	2	2	neighbors_4;neighbors_8	0		True	False	True	True	reference and alternative intervals include zero	Post-review descriptive stratification based on spot-bootstrap intervals; it is not an independent-sample or spatial-dependence-resolved test.
GSE285505	GSM8703564_Tumor20	M2_spatial_ward	spatial Ward	4	gene	EPCAM	neighbors_6	-0.1433839110292716	-0.2628447612620493	0.0247011458158875	False	2	0		0		False	False	False	False	no opposite-sign point estimate	Post-review descriptive stratification based on spot-bootstrap intervals; it is not an independent-sample or spatial-dependence-resolved test.
GSE285505	GSM8703564_Tumor20	M2_spatial_ward	spatial Ward	4	gene	FAP	neighbors_6	0.0	0.0	0.0	False	2	0		0		False	False	False	False	no opposite-sign point estimate	Post-review descriptive stratification based on spot-bootstrap intervals; it is not an independent-sample or spatial-dependence-resolved test.
GSE285505	GSM8703564_Tumor20	M2_spatial_ward	spatial Ward	4	gene	PTPRC	neighbors_6	0.0	0.0	0.0	False	2	0		0		False	False	False	False	no opposite-sign point estimate	Post-review descriptive stratification based on spot-bootstrap intervals; it is not an independent-sample or spatial-dependence-resolved test.
GSE285505	GSM8703564_Tumor20	M2_spatial_ward	spatial Ward	4	gene	SPP1	neighbors_6	0.0	0.0	0.0	False	2	0		0		False	False	False	False	no opposite-sign point estimate	Post-review descriptive stratification based on spot-bootstrap intervals; it is not an independent-sample or spatial-dependence-resolved test.
GSE285505	GSM8703564_Tumor20	M2_spatial_ward	spatial Ward	4	signature	SIG_CAF_FAP	neighbors_6	0.1641638530827296	0.1114949433738936	0.2287989693351435	True	2	0		0		False	False	False	False	no opposite-sign point estimate	Post-review descriptive stratification based on spot-bootstrap intervals; it is not an independent-sample or spatial-dependence-resolved test.
GSE285505	GSM8703564_Tumor20	M2_spatial_ward	spatial Ward	4	signature	SIG_CYTOTOX	neighbors_6	0.0	0.0	0.0	False	2	0		0		False	False	False	False	no opposite-sign point estimate	Post-review descriptive stratification based on spot-bootstrap intervals; it is not an independent-sample or spatial-dependence-resolved test.
GSE285505	GSM8703564_Tumor20	M2_spatial_ward	spatial Ward	4	signature	SIG_EXCLUSION_CONTRAST	neighbors_6	0.1971562065632111	0.1148467052955349	0.2721738852982021	True	2	1	neighbors_4	0		True	False	False	False	alternative interval includes zero	Post-review descriptive stratification based on spot-bootstrap intervals; it is not an independent-sample or spatial-dependence-resolved test.
GSE285505	GSM8703564_Tumor20	M2_spatial_ward	spatial Ward	4	signature	SIG_EXCLUSION_TGFB_CXCL12	neighbors_6	0.0251920851503254	-0.0342215623023915	0.0617004768286695	False	2	1	neighbors_4	0		True	False	True	True	reference and alternative intervals include zero	Post-review descriptive stratification based on spot-bootstrap intervals; it is not an independent-sample or spatial-dependence-resolved test.
GSE285505	GSM8703564_Tumor20	M2_spatial_ward	spatial Ward	4	signature	SIG_MY_SPP1	neighbors_6	0.1011933853634038	0.0	0.188091892554427	False	2	0		0		False	False	False	False	no opposite-sign point estimate	Post-review descriptive stratification based on spot-bootstrap intervals; it is not an independent-sample or spatial-dependence-resolved test.
GSE285505	GSM8703564_Tumor20	M2_spatial_ward	spatial Ward	4	signature	SIG_TCELL	neighbors_6	0.0	0.0	0.0	False	2	0		0		False	False	False	False	no opposite-sign point estimate	Post-review descriptive stratification based on spot-bootstrap intervals; it is not an independent-sample or spatial-dependence-resolved test.
GSE285505	GSM8703564_Tumor20	M2_spatial_ward	spatial Ward	6	gene	COL1A1	neighbors_6	-0.0434000203359883	-0.2114472923333394	0.09830135921594	False	2	0		0		False	False	False	False	no opposite-sign point estimate	Post-review descriptive stratification based on spot-bootstrap intervals; it is not an independent-sample or spatial-dependence-resolved test.
GSE285505	GSM8703564_Tumor20	M2_spatial_ward	spatial Ward	6	gene	EPCAM	neighbors_6	-0.1323353948925389	-0.2633456229196459	0.0395282188807669	False	2	0		0		False	False	False	False	no opposite-sign point estimate	Post-review descriptive stratification based on spot-bootstrap intervals; it is not an independent-sample or spatial-dependence-resolved test.
GSE285505	GSM8703564_Tumor20	M2_spatial_ward	spatial Ward	6	gene	FAP	neighbors_6	0.0	0.0	0.0	False	2	0		0		False	False	False	False	no opposite-sign point estimate	Post-review descriptive stratification based on spot-bootstrap intervals; it is not an independent-sample or spatial-dependence-resolved test.
GSE285505	GSM8703564_Tumor20	M2_spatial_ward	spatial Ward	6	gene	PTPRC	neighbors_6	0.0	0.0	0.0	False	2	0		0		False	False	False	False	no opposite-sign point estimate	Post-review descriptive stratification based on spot-bootstrap intervals; it is not an independent-sample or spatial-dependence-resolved test.
GSE285505	GSM8703564_Tumor20	M2_spatial_ward	spatial Ward	6	gene	SPP1	neighbors_6	0.0	0.0	0.0	False	2	0		0		False	False	False	False	no opposite-sign point estimate	Post-review descriptive stratification based on spot-bootstrap intervals; it is not an independent-sample or spatial-dependence-resolved test.
GSE285505	GSM8703564_Tumor20	M2_spatial_ward	spatial Ward	6	signature	SIG_CAF_FAP	neighbors_6	0.0734952003208615	0.014796932855351	0.1355383438742192	True	2	2	neighbors_4;neighbors_8	1	neighbors_4	True	True	False	False	reference and alternative intervals exclude zero	Post-review descriptive stratification based on spot-bootstrap intervals; it is not an independent-sample or spatial-dependence-resolved test.
GSE285505	GSM8703564_Tumor20	M2_spatial_ward	spatial Ward	6	signature	SIG_CYTOTOX	neighbors_6	0.0	0.0	0.0	False	2	0		0		False	False	False	False	no opposite-sign point estimate	Post-review descriptive stratification based on spot-bootstrap intervals; it is not an independent-sample or spatial-dependence-resolved test.
GSE285505	GSM8703564_Tumor20	M2_spatial_ward	spatial Ward	6	signature	SIG_EXCLUSION_CONTRAST	neighbors_6	0.0737502014757163	-0.0025372895670551	0.1486222682205383	False	2	1	neighbors_4	0		True	False	True	False	reference interval includes zero	Post-review descriptive stratification based on spot-bootstrap intervals; it is not an independent-sample or spatial-dependence-resolved test.
GSE285505	GSM8703564_Tumor20	M2_spatial_ward	spatial Ward	6	signature	SIG_EXCLUSION_TGFB_CXCL12	neighbors_6	-0.039357283489728	-0.0809552580859612	0.0149309896086201	False	2	0		0		False	False	False	False	no opposite-sign point estimate	Post-review descriptive stratification based on spot-bootstrap intervals; it is not an independent-sample or spatial-dependence-resolved test.
GSE285505	GSM8703564_Tumor20	M2_spatial_ward	spatial Ward	6	signature	SIG_MY_SPP1	neighbors_6	0.0	0.0	0.1783731390985644	False	2	0		0		False	False	False	False	no opposite-sign point estimate	Post-review descriptive stratification based on spot-bootstrap intervals; it is not an independent-sample or spatial-dependence-resolved test.
GSE285505	GSM8703564_Tumor20	M2_spatial_ward	spatial Ward	6	signature	SIG_TCELL	neighbors_6	0.0	0.0	0.0	False	2	0		0		False	False	False	False	no opposite-sign point estimate	Post-review descriptive stratification based on spot-bootstrap intervals; it is not an independent-sample or spatial-dependence-resolved test.
GSE285505	GSM8703564_Tumor20	M3_spatial_leiden	spatial Leiden	4	gene	COL1A1	seed_11	-0.1591179799347419	-1.3692513585051522	0.0590436018087307	False	2	1	seed_23	0		True	False	True	True	reference and alternative intervals include zero	Post-review descriptive stratification based on spot-bootstrap intervals; it is not an independent-sample or spatial-dependence-resolved test.
GSE285505	GSM8703564_Tumor20	M3_spatial_leiden	spatial Leiden	4	gene	EPCAM	seed_11	-1.7963575628536814	-1.8449346080268527	-0.1002496784283466	True	2	0		0		False	False	False	False	no opposite-sign point estimate	Post-review descriptive stratification based on spot-bootstrap intervals; it is not an independent-sample or spatial-dependence-resolved test.
GSE285505	GSM8703564_Tumor20	M3_spatial_leiden	spatial Leiden	4	gene	FAP	seed_11	0.0	0.0	0.0	False	2	0		0		False	False	False	False	no opposite-sign point estimate	Post-review descriptive stratification based on spot-bootstrap intervals; it is not an independent-sample or spatial-dependence-resolved test.
GSE285505	GSM8703564_Tumor20	M3_spatial_leiden	spatial Leiden	4	gene	PTPRC	seed_11	0.0	0.0	0.0	False	2	0		0		False	False	False	False	no opposite-sign point estimate	Post-review descriptive stratification based on spot-bootstrap intervals; it is not an independent-sample or spatial-dependence-resolved test.
GSE285505	GSM8703564_Tumor20	M3_spatial_leiden	spatial Leiden	4	gene	SPP1	seed_11	0.0	0.0	0.0	False	2	0		0		False	False	False	False	no opposite-sign point estimate	Post-review descriptive stratification based on spot-bootstrap intervals; it is not an independent-sample or spatial-dependence-resolved test.
GSE285505	GSM8703564_Tumor20	M3_spatial_leiden	spatial Leiden	4	signature	SIG_CAF_FAP	seed_11	0.0370717056479192	-0.0262423423752439	0.1085762394546149	False	2	0		0		False	False	False	False	no opposite-sign point estimate	Post-review descriptive stratification based on spot-bootstrap intervals; it is not an independent-sample or spatial-dependence-resolved test.
GSE285505	GSM8703564_Tumor20	M3_spatial_leiden	spatial Leiden	4	signature	SIG_CYTOTOX	seed_11	0.0	0.0	0.0	False	2	0		0		False	False	False	False	no opposite-sign point estimate	Post-review descriptive stratification based on spot-bootstrap intervals; it is not an independent-sample or spatial-dependence-resolved test.
GSE285505	GSM8703564_Tumor20	M3_spatial_leiden	spatial Leiden	4	signature	SIG_EXCLUSION_CONTRAST	seed_11	-0.0087643271101502	-0.0911207172413694	0.0922899539068916	False	2	2	seed_23;seed_37	0		True	False	True	True	reference and alternative intervals include zero	Post-review descriptive stratification based on spot-bootstrap intervals; it is not an independent-sample or spatial-dependence-resolved test.
GSE285505	GSM8703564_Tumor20	M3_spatial_leiden	spatial Leiden	4	signature	SIG_EXCLUSION_TGFB_CXCL12	seed_11	-0.0647969201218915	-0.1391321417027312	0.0093737104106718	False	2	0		0		False	False	False	False	no opposite-sign point estimate	Post-review descriptive stratification based on spot-bootstrap intervals; it is not an independent-sample or spatial-dependence-resolved test.
GSE285505	GSM8703564_Tumor20	M3_spatial_leiden	spatial Leiden	4	signature	SIG_MY_SPP1	seed_11	0.0	0.0	0.0	False	2	0		0		False	False	False	False	no opposite-sign point estimate	Post-review descriptive stratification based on spot-bootstrap intervals; it is not an independent-sample or spatial-dependence-resolved test.
GSE285505	GSM8703564_Tumor20	M3_spatial_leiden	spatial Leiden	4	signature	SIG_TCELL	seed_11	0.0	0.0	0.0	False	2	0		0		False	False	False	False	no opposite-sign point estimate	Post-review descriptive stratification based on spot-bootstrap intervals; it is not an independent-sample or spatial-dependence-resolved test.
GSE285505	GSM8703564_Tumor20	M3_spatial_leiden	spatial Leiden	6	gene	COL1A1	seed_11	0.2445078647688543	0.1039731298782019	0.3725442623913156	True	2	0		0		False	False	False	False	no opposite-sign point estimate	Post-review descriptive stratification based on spot-bootstrap intervals; it is not an independent-sample or spatial-dependence-resolved test.
GSE285505	GSM8703564_Tumor20	M3_spatial_leiden	spatial Leiden	6	gene	EPCAM	seed_11	-0.0796671849465393	-0.2574010878646553	0.112722192871799	False	2	1	seed_37	0		True	False	True	True	reference and alternative intervals include zero	Post-review descriptive stratification based on spot-bootstrap intervals; it is not an independent-sample or spatial-dependence-resolved test.
GSE285505	GSM8703564_Tumor20	M3_spatial_leiden	spatial Leiden	6	gene	FAP	seed_11	0.0	0.0	0.0	False	2	0		0		False	False	False	False	no opposite-sign point estimate	Post-review descriptive stratification based on spot-bootstrap intervals; it is not an independent-sample or spatial-dependence-resolved test.
GSE285505	GSM8703564_Tumor20	M3_spatial_leiden	spatial Leiden	6	gene	PTPRC	seed_11	0.0	0.0	0.0	False	2	0		0		False	False	False	False	no opposite-sign point estimate	Post-review descriptive stratification based on spot-bootstrap intervals; it is not an independent-sample or spatial-dependence-resolved test.
GSE285505	GSM8703564_Tumor20	M3_spatial_leiden	spatial Leiden	6	gene	SPP1	seed_11	0.0	0.0	0.0	False	2	0		0		False	False	False	False	no opposite-sign point estimate	Post-review descriptive stratification based on spot-bootstrap intervals; it is not an independent-sample or spatial-dependence-resolved test.
GSE285505	GSM8703564_Tumor20	M3_spatial_leiden	spatial Leiden	6	signature	SIG_CAF_FAP	seed_11	0.1409298679999233	0.0765773897585966	0.2175995693743457	True	2	0		0		False	False	False	False	no opposite-sign point estimate	Post-review descriptive stratification based on spot-bootstrap intervals; it is not an independent-sample or spatial-dependence-resolved test.
GSE285505	GSM8703564_Tumor20	M3_spatial_leiden	spatial Leiden	6	signature	SIG_CYTOTOX	seed_11	0.0	0.0	0.0	False	2	0		0		False	False	False	False	no opposite-sign point estimate	Post-review descriptive stratification based on spot-bootstrap intervals; it is not an independent-sample or spatial-dependence-resolved test.
GSE285505	GSM8703564_Tumor20	M3_spatial_leiden	spatial Leiden	6	signature	SIG_EXCLUSION_CONTRAST	seed_11	0.129208412622134	0.0455116461686757	0.2290739896606226	True	2	0		0		False	False	False	False	no opposite-sign point estimate	Post-review descriptive stratification based on spot-bootstrap intervals; it is not an independent-sample or spatial-dependence-resolved test.
GSE285505	GSM8703564_Tumor20	M3_spatial_leiden	spatial Leiden	6	signature	SIG_EXCLUSION_TGFB_CXCL12	seed_11	0.0679239970600903	0.0183681684348793	0.1159525951218574	True	2	0		0		False	False	False	False	no opposite-sign point estimate	Post-review descriptive stratification based on spot-bootstrap intervals; it is not an independent-sample or spatial-dependence-resolved test.
GSE285505	GSM8703564_Tumor20	M3_spatial_leiden	spatial Leiden	6	signature	SIG_MY_SPP1	seed_11	0.0	0.0	0.1054848052851435	False	2	0		0		False	False	False	False	no opposite-sign point estimate	Post-review descriptive stratification based on spot-bootstrap intervals; it is not an independent-sample or spatial-dependence-resolved test.
GSE285505	GSM8703564_Tumor20	M3_spatial_leiden	spatial Leiden	6	signature	SIG_TCELL	seed_11	0.0	0.0	0.0	False	2	0		0		False	False	False	False	no opposite-sign point estimate	Post-review descriptive stratification based on spot-bootstrap intervals; it is not an independent-sample or spatial-dependence-resolved test.
GSE285505	GSM8703564_Tumor20	M4_spagcn	SpaGCN-style	4	gene	COL1A1	seed_11	0.0315050874904452	-0.103670366402963	0.1678730240234872	False	2	2	seed_23;seed_37	0		True	False	True	True	reference and alternative intervals include zero	Post-review descriptive stratification based on spot-bootstrap intervals; it is not an independent-sample or spatial-dependence-resolved test.
GSE285505	GSM8703564_Tumor20	M4_spagcn	SpaGCN-style	4	gene	EPCAM	seed_11	-0.2359638699860353	-0.3767941493958104	-0.073541476382125	True	2	0		0		False	False	False	False	no opposite-sign point estimate	Post-review descriptive stratification based on spot-bootstrap intervals; it is not an independent-sample or spatial-dependence-resolved test.
GSE285505	GSM8703564_Tumor20	M4_spagcn	SpaGCN-style	4	gene	FAP	seed_11	0.0	0.0	0.0	False	2	0		0		False	False	False	False	no opposite-sign point estimate	Post-review descriptive stratification based on spot-bootstrap intervals; it is not an independent-sample or spatial-dependence-resolved test.
GSE285505	GSM8703564_Tumor20	M4_spagcn	SpaGCN-style	4	gene	PTPRC	seed_11	0.0	0.0	0.0	False	2	0		0		False	False	False	False	no opposite-sign point estimate	Post-review descriptive stratification based on spot-bootstrap intervals; it is not an independent-sample or spatial-dependence-resolved test.
GSE285505	GSM8703564_Tumor20	M4_spagcn	SpaGCN-style	4	gene	SPP1	seed_11	0.0	0.0	0.0	False	2	0		0		False	False	False	False	no opposite-sign point estimate	Post-review descriptive stratification based on spot-bootstrap intervals; it is not an independent-sample or spatial-dependence-resolved test.
GSE285505	GSM8703564_Tumor20	M4_spagcn	SpaGCN-style	4	signature	SIG_CAF_FAP	seed_11	-0.0630653743613995	-0.1165974506182433	-0.0064924548069964	True	2	0		0		False	False	False	False	no opposite-sign point estimate	Post-review descriptive stratification based on spot-bootstrap intervals; it is not an independent-sample or spatial-dependence-resolved test.
GSE285505	GSM8703564_Tumor20	M4_spagcn	SpaGCN-style	4	signature	SIG_CYTOTOX	seed_11	0.0	0.0	0.0	False	2	0		0		False	False	False	False	no opposite-sign point estimate	Post-review descriptive stratification based on spot-bootstrap intervals; it is not an independent-sample or spatial-dependence-resolved test.
GSE285505	GSM8703564_Tumor20	M4_spagcn	SpaGCN-style	4	signature	SIG_EXCLUSION_CONTRAST	seed_11	-0.1058901901448812	-0.1645858509012323	-0.0178442569643637	True	2	0		0		False	False	False	False	no opposite-sign point estimate	Post-review descriptive stratification based on spot-bootstrap intervals; it is not an independent-sample or spatial-dependence-resolved test.
GSE285505	GSM8703564_Tumor20	M4_spagcn	SpaGCN-style	4	signature	SIG_EXCLUSION_TGFB_CXCL12	seed_11	-0.0822922178442163	-0.1412947506979359	-0.033201529197018	True	2	0		0		False	False	False	False	no opposite-sign point estimate	Post-review descriptive stratification based on spot-bootstrap intervals; it is not an independent-sample or spatial-dependence-resolved test.
GSE285505	GSM8703564_Tumor20	M4_spagcn	SpaGCN-style	4	signature	SIG_MY_SPP1	seed_11	0.0	-0.1001515187053672	0.0	False	2	0		0		False	False	False	False	no opposite-sign point estimate	Post-review descriptive stratification based on spot-bootstrap intervals; it is not an independent-sample or spatial-dependence-resolved test.
GSE285505	GSM8703564_Tumor20	M4_spagcn	SpaGCN-style	4	signature	SIG_TCELL	seed_11	0.0	0.0	0.0	False	2	0		0		False	False	False	False	no opposite-sign point estimate	Post-review descriptive stratification based on spot-bootstrap intervals; it is not an independent-sample or spatial-dependence-resolved test.
GSE285505	GSM8703564_Tumor20	M4_spagcn	SpaGCN-style	6	gene	COL1A1	seed_11	-0.0947816728114077	-0.2363277333734853	0.0339030797673658	False	2	1	seed_23	0		True	False	True	True	reference and alternative intervals include zero	Post-review descriptive stratification based on spot-bootstrap intervals; it is not an independent-sample or spatial-dependence-resolved test.
GSE285505	GSM8703564_Tumor20	M4_spagcn	SpaGCN-style	6	gene	EPCAM	seed_11	-0.0617908802103555	-0.1806050658266221	0.1011947056684403	False	2	1	seed_37	0		True	False	True	True	reference and alternative intervals include zero	Post-review descriptive stratification based on spot-bootstrap intervals; it is not an independent-sample or spatial-dependence-resolved test.
GSE285505	GSM8703564_Tumor20	M4_spagcn	SpaGCN-style	6	gene	FAP	seed_11	0.0	0.0	0.0	False	2	0		0		False	False	False	False	no opposite-sign point estimate	Post-review descriptive stratification based on spot-bootstrap intervals; it is not an independent-sample or spatial-dependence-resolved test.
GSE285505	GSM8703564_Tumor20	M4_spagcn	SpaGCN-style	6	gene	PTPRC	seed_11	0.0	0.0	0.0	False	2	0		0		False	False	False	False	no opposite-sign point estimate	Post-review descriptive stratification based on spot-bootstrap intervals; it is not an independent-sample or spatial-dependence-resolved test.
GSE285505	GSM8703564_Tumor20	M4_spagcn	SpaGCN-style	6	gene	SPP1	seed_11	0.0	0.0	0.0	False	2	0		0		False	False	False	False	no opposite-sign point estimate	Post-review descriptive stratification based on spot-bootstrap intervals; it is not an independent-sample or spatial-dependence-resolved test.
GSE285505	GSM8703564_Tumor20	M4_spagcn	SpaGCN-style	6	signature	SIG_CAF_FAP	seed_11	-0.0540746021857803	-0.1041291213162513	-3.769901400872851e-05	True	2	0		0		False	False	False	False	no opposite-sign point estimate	Post-review descriptive stratification based on spot-bootstrap intervals; it is not an independent-sample or spatial-dependence-resolved test.
GSE285505	GSM8703564_Tumor20	M4_spagcn	SpaGCN-style	6	signature	SIG_CYTOTOX	seed_11	0.0	0.0	0.0	False	2	0		0		False	False	False	False	no opposite-sign point estimate	Post-review descriptive stratification based on spot-bootstrap intervals; it is not an independent-sample or spatial-dependence-resolved test.
GSE285505	GSM8703564_Tumor20	M4_spagcn	SpaGCN-style	6	signature	SIG_EXCLUSION_CONTRAST	seed_11	-0.0337245100584349	-0.1158960263651374	0.0320335894698884	False	2	0		0		False	False	False	False	no opposite-sign point estimate	Post-review descriptive stratification based on spot-bootstrap intervals; it is not an independent-sample or spatial-dependence-resolved test.
GSE285505	GSM8703564_Tumor20	M4_spagcn	SpaGCN-style	6	signature	SIG_EXCLUSION_TGFB_CXCL12	seed_11	-0.1174416178961748	-0.1642762253426728	-0.0704764078588757	True	2	0		0		False	False	False	False	no opposite-sign point estimate	Post-review descriptive stratification based on spot-bootstrap intervals; it is not an independent-sample or spatial-dependence-resolved test.
GSE285505	GSM8703564_Tumor20	M4_spagcn	SpaGCN-style	6	signature	SIG_MY_SPP1	seed_11	0.0	0.0	0.0	False	2	0		0		False	False	False	False	no opposite-sign point estimate	Post-review descriptive stratification based on spot-bootstrap intervals; it is not an independent-sample or spatial-dependence-resolved test.
GSE285505	GSM8703564_Tumor20	M4_spagcn	SpaGCN-style	6	signature	SIG_TCELL	seed_11	0.0	0.0	0.0	False	2	0		0		False	False	False	False	no opposite-sign point estimate	Post-review descriptive stratification based on spot-bootstrap intervals; it is not an independent-sample or spatial-dependence-resolved test.
GSE285505	GSM8703564_Tumor20	M5_stagate	STAGATE-style	4	gene	COL1A1	seed_11	-0.1570534920988222	-0.3691362268052899	-0.0010814752730397	True	2	0		0		False	False	False	False	no opposite-sign point estimate	Post-review descriptive stratification based on spot-bootstrap intervals; it is not an independent-sample or spatial-dependence-resolved test.
GSE285505	GSM8703564_Tumor20	M5_stagate	STAGATE-style	4	gene	EPCAM	seed_11	0.0105032880980082	-0.1327152107452128	0.1345888066345334	False	2	2	seed_23;seed_37	0		True	False	True	True	reference and alternative intervals include zero	Post-review descriptive stratification based on spot-bootstrap intervals; it is not an independent-sample or spatial-dependence-resolved test.
GSE285505	GSM8703564_Tumor20	M5_stagate	STAGATE-style	4	gene	FAP	seed_11	0.0	0.0	0.0	False	2	0		0		False	False	False	False	no opposite-sign point estimate	Post-review descriptive stratification based on spot-bootstrap intervals; it is not an independent-sample or spatial-dependence-resolved test.
GSE285505	GSM8703564_Tumor20	M5_stagate	STAGATE-style	4	gene	PTPRC	seed_11	0.0	0.0	0.0	False	2	0		0		False	False	False	False	no opposite-sign point estimate	Post-review descriptive stratification based on spot-bootstrap intervals; it is not an independent-sample or spatial-dependence-resolved test.
GSE285505	GSM8703564_Tumor20	M5_stagate	STAGATE-style	4	gene	SPP1	seed_11	0.0	0.0	0.0	False	2	0		0		False	False	False	False	no opposite-sign point estimate	Post-review descriptive stratification based on spot-bootstrap intervals; it is not an independent-sample or spatial-dependence-resolved test.
GSE285505	GSM8703564_Tumor20	M5_stagate	STAGATE-style	4	signature	SIG_CAF_FAP	seed_11	-0.0681692272849729	-0.1258127975654249	-0.009645492349328	True	2	0		0		False	False	False	False	no opposite-sign point estimate	Post-review descriptive stratification based on spot-bootstrap intervals; it is not an independent-sample or spatial-dependence-resolved test.
GSE285505	GSM8703564_Tumor20	M5_stagate	STAGATE-style	4	signature	SIG_CYTOTOX	seed_11	0.0	0.0	0.0	False	2	0		0		False	False	False	False	no opposite-sign point estimate	Post-review descriptive stratification based on spot-bootstrap intervals; it is not an independent-sample or spatial-dependence-resolved test.
GSE285505	GSM8703564_Tumor20	M5_stagate	STAGATE-style	4	signature	SIG_EXCLUSION_CONTRAST	seed_11	-0.073416501961387	-0.1380332519315845	0.0041607818891192	False	2	0		0		False	False	False	False	no opposite-sign point estimate	Post-review descriptive stratification based on spot-bootstrap intervals; it is not an independent-sample or spatial-dependence-resolved test.
GSE285505	GSM8703564_Tumor20	M5_stagate	STAGATE-style	4	signature	SIG_EXCLUSION_TGFB_CXCL12	seed_11	-0.1008663303845331	-0.1480454958145889	-0.0442062547949268	True	2	0		0		False	False	False	False	no opposite-sign point estimate	Post-review descriptive stratification based on spot-bootstrap intervals; it is not an independent-sample or spatial-dependence-resolved test.
GSE285505	GSM8703564_Tumor20	M5_stagate	STAGATE-style	4	signature	SIG_MY_SPP1	seed_11	0.0	0.0	0.0	False	2	0		0		False	False	False	False	no opposite-sign point estimate	Post-review descriptive stratification based on spot-bootstrap intervals; it is not an independent-sample or spatial-dependence-resolved test.
GSE285505	GSM8703564_Tumor20	M5_stagate	STAGATE-style	4	signature	SIG_TCELL	seed_11	0.0	0.0	0.0	False	2	0		0		False	False	False	False	no opposite-sign point estimate	Post-review descriptive stratification based on spot-bootstrap intervals; it is not an independent-sample or spatial-dependence-resolved test.
GSE285505	GSM8703564_Tumor20	M5_stagate	STAGATE-style	6	gene	COL1A1	seed_11	0.0486190712232494	-0.092842258533594	0.2126079382798339	False	2	1	seed_23	0		True	False	True	True	reference and alternative intervals include zero	Post-review descriptive stratification based on spot-bootstrap intervals; it is not an independent-sample or spatial-dependence-resolved test.
GSE285505	GSM8703564_Tumor20	M5_stagate	STAGATE-style	6	gene	EPCAM	seed_11	0.0510266114822617	-0.0781755651183319	0.2249236362861744	False	2	1	seed_23	0		True	False	True	True	reference and alternative intervals include zero	Post-review descriptive stratification based on spot-bootstrap intervals; it is not an independent-sample or spatial-dependence-resolved test.
GSE285505	GSM8703564_Tumor20	M5_stagate	STAGATE-style	6	gene	FAP	seed_11	0.0	0.0	0.0	False	2	0		0		False	False	False	False	no opposite-sign point estimate	Post-review descriptive stratification based on spot-bootstrap intervals; it is not an independent-sample or spatial-dependence-resolved test.
GSE285505	GSM8703564_Tumor20	M5_stagate	STAGATE-style	6	gene	PTPRC	seed_11	0.0	0.0	0.0	False	2	0		0		False	False	False	False	no opposite-sign point estimate	Post-review descriptive stratification based on spot-bootstrap intervals; it is not an independent-sample or spatial-dependence-resolved test.
GSE285505	GSM8703564_Tumor20	M5_stagate	STAGATE-style	6	gene	SPP1	seed_11	0.0	0.0	0.0	False	2	0		0		False	False	False	False	no opposite-sign point estimate	Post-review descriptive stratification based on spot-bootstrap intervals; it is not an independent-sample or spatial-dependence-resolved test.
GSE285505	GSM8703564_Tumor20	M5_stagate	STAGATE-style	6	signature	SIG_CAF_FAP	seed_11	0.0470218716783399	-0.0060656776527417	0.098438796555813	False	2	1	seed_23	0		True	False	True	False	reference interval includes zero	Post-review descriptive stratification based on spot-bootstrap intervals; it is not an independent-sample or spatial-dependence-resolved test.
GSE285505	GSM8703564_Tumor20	M5_stagate	STAGATE-style	6	signature	SIG_CYTOTOX	seed_11	0.0	0.0	0.0	False	2	0		0		False	False	False	False	no opposite-sign point estimate	Post-review descriptive stratification based on spot-bootstrap intervals; it is not an independent-sample or spatial-dependence-resolved test.
GSE285505	GSM8703564_Tumor20	M5_stagate	STAGATE-style	6	signature	SIG_EXCLUSION_CONTRAST	seed_11	0.0407532058809538	-0.0273707367626369	0.1010436561159094	False	2	1	seed_23	0		True	False	True	False	reference interval includes zero	Post-review descriptive stratification based on spot-bootstrap intervals; it is not an independent-sample or spatial-dependence-resolved test.
GSE285505	GSM8703564_Tumor20	M5_stagate	STAGATE-style	6	signature	SIG_EXCLUSION_TGFB_CXCL12	seed_11	-0.0890830281327251	-0.132518061532904	-0.0466542912876702	True	2	0		0		False	False	False	False	no opposite-sign point estimate	Post-review descriptive stratification based on spot-bootstrap intervals; it is not an independent-sample or spatial-dependence-resolved test.
GSE285505	GSM8703564_Tumor20	M5_stagate	STAGATE-style	6	signature	SIG_MY_SPP1	seed_11	0.0	0.0	0.0	False	2	0		0		False	False	False	False	no opposite-sign point estimate	Post-review descriptive stratification based on spot-bootstrap intervals; it is not an independent-sample or spatial-dependence-resolved test.
GSE285505	GSM8703564_Tumor20	M5_stagate	STAGATE-style	6	signature	SIG_TCELL	seed_11	0.0	0.0	0.0	False	2	0		0		False	False	False	False	no opposite-sign point estimate	Post-review descriptive stratification based on spot-bootstrap intervals; it is not an independent-sample or spatial-dependence-resolved test.
GSE285505	GSM8703565_Tumor24	BayesSpace	BayesSpace	4	gene	COL1A1	seed_11	0.0	0.0	0.0	False	2	0		0		False	False	False	False	no opposite-sign point estimate	Post-review descriptive stratification based on spot-bootstrap intervals; it is not an independent-sample or spatial-dependence-resolved test.
GSE285505	GSM8703565_Tumor24	BayesSpace	BayesSpace	4	gene	EPCAM	seed_11	0.0692630659436246	0.0327939988113144	0.1015659465822348	True	2	0		0		False	False	False	False	no opposite-sign point estimate	Post-review descriptive stratification based on spot-bootstrap intervals; it is not an independent-sample or spatial-dependence-resolved test.
GSE285505	GSM8703565_Tumor24	BayesSpace	BayesSpace	4	gene	FAP	seed_11	0.0	0.0	0.0	False	2	0		0		False	False	False	False	no opposite-sign point estimate	Post-review descriptive stratification based on spot-bootstrap intervals; it is not an independent-sample or spatial-dependence-resolved test.
GSE285505	GSM8703565_Tumor24	BayesSpace	BayesSpace	4	gene	PTPRC	seed_11	0.0	0.0	0.0	False	2	0		0		False	False	False	False	no opposite-sign point estimate	Post-review descriptive stratification based on spot-bootstrap intervals; it is not an independent-sample or spatial-dependence-resolved test.
GSE285505	GSM8703565_Tumor24	BayesSpace	BayesSpace	4	gene	SPP1	seed_11	0.0	0.0	0.0	False	2	0		0		False	False	False	False	no opposite-sign point estimate	Post-review descriptive stratification based on spot-bootstrap intervals; it is not an independent-sample or spatial-dependence-resolved test.
GSE285505	GSM8703565_Tumor24	BayesSpace	BayesSpace	4	signature	SIG_CAF_FAP	seed_11	0.0338662932380403	0.0001675897944744	0.0713657420192693	True	2	0		0		False	False	False	False	no opposite-sign point estimate	Post-review descriptive stratification based on spot-bootstrap intervals; it is not an independent-sample or spatial-dependence-resolved test.
GSE285505	GSM8703565_Tumor24	BayesSpace	BayesSpace	4	signature	SIG_CYTOTOX	seed_11	0.0	0.0	0.0	False	2	0		0		False	False	False	False	no opposite-sign point estimate	Post-review descriptive stratification based on spot-bootstrap intervals; it is not an independent-sample or spatial-dependence-resolved test.
GSE285505	GSM8703565_Tumor24	BayesSpace	BayesSpace	4	signature	SIG_EXCLUSION_CONTRAST	seed_11	0.1038914933044439	0.0473028888042878	0.1565945797105546	True	2	0		0		False	False	False	False	no opposite-sign point estimate	Post-review descriptive stratification based on spot-bootstrap intervals; it is not an independent-sample or spatial-dependence-resolved test.
GSE285505	GSM8703565_Tumor24	BayesSpace	BayesSpace	4	signature	SIG_EXCLUSION_TGFB_CXCL12	seed_11	0.048218897891455	0.0277455951547455	0.0708630281972691	True	2	0		0		False	False	False	False	no opposite-sign point estimate	Post-review descriptive stratification based on spot-bootstrap intervals; it is not an independent-sample or spatial-dependence-resolved test.
GSE285505	GSM8703565_Tumor24	BayesSpace	BayesSpace	4	signature	SIG_MY_SPP1	seed_11	0.0562670974207563	0.0297773960977803	0.0799095286254233	True	2	0		0		False	False	False	False	no opposite-sign point estimate	Post-review descriptive stratification based on spot-bootstrap intervals; it is not an independent-sample or spatial-dependence-resolved test.
GSE285505	GSM8703565_Tumor24	BayesSpace	BayesSpace	4	signature	SIG_TCELL	seed_11	0.0	0.0	0.0	False	2	0		0		False	False	False	False	no opposite-sign point estimate	Post-review descriptive stratification based on spot-bootstrap intervals; it is not an independent-sample or spatial-dependence-resolved test.
GSE285505	GSM8703565_Tumor24	BayesSpace	BayesSpace	6	gene	COL1A1	seed_11	0.0	0.0	0.0	False	2	0		0		False	False	False	False	no opposite-sign point estimate	Post-review descriptive stratification based on spot-bootstrap intervals; it is not an independent-sample or spatial-dependence-resolved test.
GSE285505	GSM8703565_Tumor24	BayesSpace	BayesSpace	6	gene	EPCAM	seed_11	0.1046686773636231	0.0742434657887821	0.141672966779947	True	2	0		0		False	False	False	False	no opposite-sign point estimate	Post-review descriptive stratification based on spot-bootstrap intervals; it is not an independent-sample or spatial-dependence-resolved test.
GSE285505	GSM8703565_Tumor24	BayesSpace	BayesSpace	6	gene	FAP	seed_11	0.0	0.0	0.0	False	2	0		0		False	False	False	False	no opposite-sign point estimate	Post-review descriptive stratification based on spot-bootstrap intervals; it is not an independent-sample or spatial-dependence-resolved test.
GSE285505	GSM8703565_Tumor24	BayesSpace	BayesSpace	6	gene	PTPRC	seed_11	0.0	0.0	0.0	False	2	0		0		False	False	False	False	no opposite-sign point estimate	Post-review descriptive stratification based on spot-bootstrap intervals; it is not an independent-sample or spatial-dependence-resolved test.
GSE285505	GSM8703565_Tumor24	BayesSpace	BayesSpace	6	gene	SPP1	seed_11	0.0	0.0	0.0	False	2	0		0		False	False	False	False	no opposite-sign point estimate	Post-review descriptive stratification based on spot-bootstrap intervals; it is not an independent-sample or spatial-dependence-resolved test.
GSE285505	GSM8703565_Tumor24	BayesSpace	BayesSpace	6	signature	SIG_CAF_FAP	seed_11	0.0226259814463145	-0.0169985678456224	0.0546698156838562	False	2	1	seed_23	0		True	False	True	True	reference and alternative intervals include zero	Post-review descriptive stratification based on spot-bootstrap intervals; it is not an independent-sample or spatial-dependence-resolved test.
GSE285505	GSM8703565_Tumor24	BayesSpace	BayesSpace	6	signature	SIG_CYTOTOX	seed_11	0.0	0.0	0.0	False	2	0		0		False	False	False	False	no opposite-sign point estimate	Post-review descriptive stratification based on spot-bootstrap intervals; it is not an independent-sample or spatial-dependence-resolved test.
GSE285505	GSM8703565_Tumor24	BayesSpace	BayesSpace	6	signature	SIG_EXCLUSION_CONTRAST	seed_11	0.086715538460772	0.0502599142503605	0.1409141561509272	True	2	0		0		False	False	False	False	no opposite-sign point estimate	Post-review descriptive stratification based on spot-bootstrap intervals; it is not an independent-sample or spatial-dependence-resolved test.
GSE285505	GSM8703565_Tumor24	BayesSpace	BayesSpace	6	signature	SIG_EXCLUSION_TGFB_CXCL12	seed_11	0.0445805083953066	0.0211662721038871	0.0661625457255337	True	2	0		0		False	False	False	False	no opposite-sign point estimate	Post-review descriptive stratification based on spot-bootstrap intervals; it is not an independent-sample or spatial-dependence-resolved test.
GSE285505	GSM8703565_Tumor24	BayesSpace	BayesSpace	6	signature	SIG_MY_SPP1	seed_11	0.0637350545884545	0.0435828843270098	0.0912323798684582	True	2	0		0		False	False	False	False	no opposite-sign point estimate	Post-review descriptive stratification based on spot-bootstrap intervals; it is not an independent-sample or spatial-dependence-resolved test.
GSE285505	GSM8703565_Tumor24	BayesSpace	BayesSpace	6	signature	SIG_TCELL	seed_11	0.0	0.0	0.0	False	2	0		0		False	False	False	False	no opposite-sign point estimate	Post-review descriptive stratification based on spot-bootstrap intervals; it is not an independent-sample or spatial-dependence-resolved test.
GSE285505	GSM8703565_Tumor24	M0_expr_kmeans	expression-only k-means	4	gene	COL1A1	seed_11	0.0	0.0	0.0	False	2	0		0		False	False	False	False	no opposite-sign point estimate	Post-review descriptive stratification based on spot-bootstrap intervals; it is not an independent-sample or spatial-dependence-resolved test.
GSE285505	GSM8703565_Tumor24	M0_expr_kmeans	expression-only k-means	4	gene	EPCAM	seed_11	-0.1435862060007076	-0.184085128302907	-0.1070275116353415	True	2	0		0		False	False	False	False	no opposite-sign point estimate	Post-review descriptive stratification based on spot-bootstrap intervals; it is not an independent-sample or spatial-dependence-resolved test.
GSE285505	GSM8703565_Tumor24	M0_expr_kmeans	expression-only k-means	4	gene	FAP	seed_11	0.0	0.0	0.0	False	2	0		0		False	False	False	False	no opposite-sign point estimate	Post-review descriptive stratification based on spot-bootstrap intervals; it is not an independent-sample or spatial-dependence-resolved test.
GSE285505	GSM8703565_Tumor24	M0_expr_kmeans	expression-only k-means	4	gene	PTPRC	seed_11	0.0	0.0	0.0	False	2	0		0		False	False	False	False	no opposite-sign point estimate	Post-review descriptive stratification based on spot-bootstrap intervals; it is not an independent-sample or spatial-dependence-resolved test.
GSE285505	GSM8703565_Tumor24	M0_expr_kmeans	expression-only k-means	4	gene	SPP1	seed_11	0.0	0.0	0.0	False	2	0		0		False	False	False	False	no opposite-sign point estimate	Post-review descriptive stratification based on spot-bootstrap intervals; it is not an independent-sample or spatial-dependence-resolved test.
GSE285505	GSM8703565_Tumor24	M0_expr_kmeans	expression-only k-means	4	signature	SIG_CAF_FAP	seed_11	0.127245840144196	0.0964125148509119	0.1654471308178972	True	2	0		0		False	False	False	False	no opposite-sign point estimate	Post-review descriptive stratification based on spot-bootstrap intervals; it is not an independent-sample or spatial-dependence-resolved test.
GSE285505	GSM8703565_Tumor24	M0_expr_kmeans	expression-only k-means	4	signature	SIG_CYTOTOX	seed_11	0.0	0.0	0.0	False	2	0		0		False	False	False	False	no opposite-sign point estimate	Post-review descriptive stratification based on spot-bootstrap intervals; it is not an independent-sample or spatial-dependence-resolved test.
GSE285505	GSM8703565_Tumor24	M0_expr_kmeans	expression-only k-means	4	signature	SIG_EXCLUSION_CONTRAST	seed_11	0.1416544626770738	0.1034641122760609	0.1800944277766609	True	2	0		0		False	False	False	False	no opposite-sign point estimate	Post-review descriptive stratification based on spot-bootstrap intervals; it is not an independent-sample or spatial-dependence-resolved test.
GSE285505	GSM8703565_Tumor24	M0_expr_kmeans	expression-only k-means	4	signature	SIG_EXCLUSION_TGFB_CXCL12	seed_11	0.0505515585001132	0.0336895322691565	0.0655608496663191	True	2	0		0		False	False	False	False	no opposite-sign point estimate	Post-review descriptive stratification based on spot-bootstrap intervals; it is not an independent-sample or spatial-dependence-resolved test.
GSE285505	GSM8703565_Tumor24	M0_expr_kmeans	expression-only k-means	4	signature	SIG_MY_SPP1	seed_11	-0.0019977406261689	-0.0207917063134039	0.0195028439742556	False	2	0		0		False	False	False	False	no opposite-sign point estimate	Post-review descriptive stratification based on spot-bootstrap intervals; it is not an independent-sample or spatial-dependence-resolved test.
GSE285505	GSM8703565_Tumor24	M0_expr_kmeans	expression-only k-means	4	signature	SIG_TCELL	seed_11	0.0	0.0	0.0	False	2	0		0		False	False	False	False	no opposite-sign point estimate	Post-review descriptive stratification based on spot-bootstrap intervals; it is not an independent-sample or spatial-dependence-resolved test.
GSE285505	GSM8703565_Tumor24	M0_expr_kmeans	expression-only k-means	6	gene	COL1A1	seed_11	0.0	0.0	0.0	False	2	0		0		False	False	False	False	no opposite-sign point estimate	Post-review descriptive stratification based on spot-bootstrap intervals; it is not an independent-sample or spatial-dependence-resolved test.
GSE285505	GSM8703565_Tumor24	M0_expr_kmeans	expression-only k-means	6	gene	EPCAM	seed_11	-0.097250294268973	-0.1366470870941337	-0.0599294293378154	True	2	0		0		False	False	False	False	no opposite-sign point estimate	Post-review descriptive stratification based on spot-bootstrap intervals; it is not an independent-sample or spatial-dependence-resolved test.
GSE285505	GSM8703565_Tumor24	M0_expr_kmeans	expression-only k-means	6	gene	FAP	seed_11	0.0	0.0	0.0	False	2	0		0		False	False	False	False	no opposite-sign point estimate	Post-review descriptive stratification based on spot-bootstrap intervals; it is not an independent-sample or spatial-dependence-resolved test.
GSE285505	GSM8703565_Tumor24	M0_expr_kmeans	expression-only k-means	6	gene	PTPRC	seed_11	0.0	0.0	0.0	False	2	0		0		False	False	False	False	no opposite-sign point estimate	Post-review descriptive stratification based on spot-bootstrap intervals; it is not an independent-sample or spatial-dependence-resolved test.
GSE285505	GSM8703565_Tumor24	M0_expr_kmeans	expression-only k-means	6	gene	SPP1	seed_11	0.0	0.0	0.0	False	2	0		0		False	False	False	False	no opposite-sign point estimate	Post-review descriptive stratification based on spot-bootstrap intervals; it is not an independent-sample or spatial-dependence-resolved test.
GSE285505	GSM8703565_Tumor24	M0_expr_kmeans	expression-only k-means	6	signature	SIG_CAF_FAP	seed_11	0.0646403055876276	0.0352646807553654	0.0970875603965426	True	2	0		0		False	False	False	False	no opposite-sign point estimate	Post-review descriptive stratification based on spot-bootstrap intervals; it is not an independent-sample or spatial-dependence-resolved test.
GSE285505	GSM8703565_Tumor24	M0_expr_kmeans	expression-only k-means	6	signature	SIG_CYTOTOX	seed_11	0.0	0.0	0.0	False	2	0		0		False	False	False	False	no opposite-sign point estimate	Post-review descriptive stratification based on spot-bootstrap intervals; it is not an independent-sample or spatial-dependence-resolved test.
GSE285505	GSM8703565_Tumor24	M0_expr_kmeans	expression-only k-means	6	signature	SIG_EXCLUSION_CONTRAST	seed_11	0.0791295733778346	0.0246867966071237	0.1155101354665524	True	2	0		0		False	False	False	False	no opposite-sign point estimate	Post-review descriptive stratification based on spot-bootstrap intervals; it is not an independent-sample or spatial-dependence-resolved test.
GSE285505	GSM8703565_Tumor24	M0_expr_kmeans	expression-only k-means	6	signature	SIG_EXCLUSION_TGFB_CXCL12	seed_11	0.0116710973492978	-0.0059842776376847	0.0302780206939301	False	2	0		0		False	False	False	False	no opposite-sign point estimate	Post-review descriptive stratification based on spot-bootstrap intervals; it is not an independent-sample or spatial-dependence-resolved test.
GSE285505	GSM8703565_Tumor24	M0_expr_kmeans	expression-only k-means	6	signature	SIG_MY_SPP1	seed_11	0.0057397406505906	-0.0146504604436362	0.0248659404591827	False	2	0		0		False	False	False	False	no opposite-sign point estimate	Post-review descriptive stratification based on spot-bootstrap intervals; it is not an independent-sample or spatial-dependence-resolved test.
GSE285505	GSM8703565_Tumor24	M0_expr_kmeans	expression-only k-means	6	signature	SIG_TCELL	seed_11	0.0	0.0	0.0	False	2	0		0		False	False	False	False	no opposite-sign point estimate	Post-review descriptive stratification based on spot-bootstrap intervals; it is not an independent-sample or spatial-dependence-resolved test.
GSE285505	GSM8703565_Tumor24	M1_spatial_concat_kmeans	coordinate-augmented k-means	4	gene	COL1A1	seed_11	0.0	0.0	0.0	False	2	0		0		False	False	False	False	no opposite-sign point estimate	Post-review descriptive stratification based on spot-bootstrap intervals; it is not an independent-sample or spatial-dependence-resolved test.
GSE285505	GSM8703565_Tumor24	M1_spatial_concat_kmeans	coordinate-augmented k-means	4	gene	EPCAM	seed_11	-0.1399477599558998	-0.182335858652624	-0.1061847399101343	True	2	0		0		False	False	False	False	no opposite-sign point estimate	Post-review descriptive stratification based on spot-bootstrap intervals; it is not an independent-sample or spatial-dependence-resolved test.
GSE285505	GSM8703565_Tumor24	M1_spatial_concat_kmeans	coordinate-augmented k-means	4	gene	FAP	seed_11	0.0	0.0	0.0	False	2	0		0		False	False	False	False	no opposite-sign point estimate	Post-review descriptive stratification based on spot-bootstrap intervals; it is not an independent-sample or spatial-dependence-resolved test.
GSE285505	GSM8703565_Tumor24	M1_spatial_concat_kmeans	coordinate-augmented k-means	4	gene	PTPRC	seed_11	0.0	0.0	0.0	False	2	0		0		False	False	False	False	no opposite-sign point estimate	Post-review descriptive stratification based on spot-bootstrap intervals; it is not an independent-sample or spatial-dependence-resolved test.
GSE285505	GSM8703565_Tumor24	M1_spatial_concat_kmeans	coordinate-augmented k-means	4	gene	SPP1	seed_11	0.0	0.0	0.0	False	2	0		0		False	False	False	False	no opposite-sign point estimate	Post-review descriptive stratification based on spot-bootstrap intervals; it is not an independent-sample or spatial-dependence-resolved test.
GSE285505	GSM8703565_Tumor24	M1_spatial_concat_kmeans	coordinate-augmented k-means	4	signature	SIG_CAF_FAP	seed_11	0.1264501225018377	0.0958178013179935	0.1638477422738543	True	2	0		0		False	False	False	False	no opposite-sign point estimate	Post-review descriptive stratification based on spot-bootstrap intervals; it is not an independent-sample or spatial-dependence-resolved test.
GSE285505	GSM8703565_Tumor24	M1_spatial_concat_kmeans	coordinate-augmented k-means	4	signature	SIG_CYTOTOX	seed_11	0.0	0.0	0.0	False	2	0		0		False	False	False	False	no opposite-sign point estimate	Post-review descriptive stratification based on spot-bootstrap intervals; it is not an independent-sample or spatial-dependence-resolved test.
GSE285505	GSM8703565_Tumor24	M1_spatial_concat_kmeans	coordinate-augmented k-means	4	signature	SIG_EXCLUSION_CONTRAST	seed_11	0.1434954494080966	0.1046228731703064	0.1887929536842998	True	2	0		0		False	False	False	False	no opposite-sign point estimate	Post-review descriptive stratification based on spot-bootstrap intervals; it is not an independent-sample or spatial-dependence-resolved test.
GSE285505	GSM8703565_Tumor24	M1_spatial_concat_kmeans	coordinate-augmented k-means	4	signature	SIG_EXCLUSION_TGFB_CXCL12	seed_11	0.0511352583822345	0.0344811222508995	0.0689824285023852	True	2	0		0		False	False	False	False	no opposite-sign point estimate	Post-review descriptive stratification based on spot-bootstrap intervals; it is not an independent-sample or spatial-dependence-resolved test.
GSE285505	GSM8703565_Tumor24	M1_spatial_concat_kmeans	coordinate-augmented k-means	4	signature	SIG_MY_SPP1	seed_11	-0.0016243672234196	-0.0196194654576784	0.0193062909257779	False	2	1	seed_23	0		True	False	True	True	reference and alternative intervals include zero	Post-review descriptive stratification based on spot-bootstrap intervals; it is not an independent-sample or spatial-dependence-resolved test.
GSE285505	GSM8703565_Tumor24	M1_spatial_concat_kmeans	coordinate-augmented k-means	4	signature	SIG_TCELL	seed_11	0.0	0.0	0.0	False	2	0		0		False	False	False	False	no opposite-sign point estimate	Post-review descriptive stratification based on spot-bootstrap intervals; it is not an independent-sample or spatial-dependence-resolved test.
GSE285505	GSM8703565_Tumor24	M1_spatial_concat_kmeans	coordinate-augmented k-means	6	gene	COL1A1	seed_11	0.0	0.0	0.0	False	2	0		0		False	False	False	False	no opposite-sign point estimate	Post-review descriptive stratification based on spot-bootstrap intervals; it is not an independent-sample or spatial-dependence-resolved test.
GSE285505	GSM8703565_Tumor24	M1_spatial_concat_kmeans	coordinate-augmented k-means	6	gene	EPCAM	seed_11	-0.0933316297759754	-0.1351318868202325	-0.0584901185224068	True	2	0		0		False	False	False	False	no opposite-sign point estimate	Post-review descriptive stratification based on spot-bootstrap intervals; it is not an independent-sample or spatial-dependence-resolved test.
GSE285505	GSM8703565_Tumor24	M1_spatial_concat_kmeans	coordinate-augmented k-means	6	gene	FAP	seed_11	0.0	0.0	0.0	False	2	0		0		False	False	False	False	no opposite-sign point estimate	Post-review descriptive stratification based on spot-bootstrap intervals; it is not an independent-sample or spatial-dependence-resolved test.
GSE285505	GSM8703565_Tumor24	M1_spatial_concat_kmeans	coordinate-augmented k-means	6	gene	PTPRC	seed_11	0.0	0.0	0.0	False	2	0		0		False	False	False	False	no opposite-sign point estimate	Post-review descriptive stratification based on spot-bootstrap intervals; it is not an independent-sample or spatial-dependence-resolved test.
GSE285505	GSM8703565_Tumor24	M1_spatial_concat_kmeans	coordinate-augmented k-means	6	gene	SPP1	seed_11	0.0	0.0	0.0	False	2	0		0		False	False	False	False	no opposite-sign point estimate	Post-review descriptive stratification based on spot-bootstrap intervals; it is not an independent-sample or spatial-dependence-resolved test.
GSE285505	GSM8703565_Tumor24	M1_spatial_concat_kmeans	coordinate-augmented k-means	6	signature	SIG_CAF_FAP	seed_11	0.0625726588151086	0.0323864002991307	0.0927976744411449	True	2	0		0		False	False	False	False	no opposite-sign point estimate	Post-review descriptive stratification based on spot-bootstrap intervals; it is not an independent-sample or spatial-dependence-resolved test.
GSE285505	GSM8703565_Tumor24	M1_spatial_concat_kmeans	coordinate-augmented k-means	6	signature	SIG_CYTOTOX	seed_11	0.0	0.0	0.0	False	2	0		0		False	False	False	False	no opposite-sign point estimate	Post-review descriptive stratification based on spot-bootstrap intervals; it is not an independent-sample or spatial-dependence-resolved test.
GSE285505	GSM8703565_Tumor24	M1_spatial_concat_kmeans	coordinate-augmented k-means	6	signature	SIG_EXCLUSION_CONTRAST	seed_11	0.081024862340684	0.0270476244978974	0.1216077505803805	True	2	0		0		False	False	False	False	no opposite-sign point estimate	Post-review descriptive stratification based on spot-bootstrap intervals; it is not an independent-sample or spatial-dependence-resolved test.
GSE285505	GSM8703565_Tumor24	M1_spatial_concat_kmeans	coordinate-augmented k-means	6	signature	SIG_EXCLUSION_TGFB_CXCL12	seed_11	0.0087135536286252	-0.011778635962009	0.02640054074341	False	2	0		0		False	False	False	False	no opposite-sign point estimate	Post-review descriptive stratification based on spot-bootstrap intervals; it is not an independent-sample or spatial-dependence-resolved test.
GSE285505	GSM8703565_Tumor24	M1_spatial_concat_kmeans	coordinate-augmented k-means	6	signature	SIG_MY_SPP1	seed_11	0.0093115242420893	-0.0097044842771671	0.029451542695345	False	2	0		0		False	False	False	False	no opposite-sign point estimate	Post-review descriptive stratification based on spot-bootstrap intervals; it is not an independent-sample or spatial-dependence-resolved test.
GSE285505	GSM8703565_Tumor24	M1_spatial_concat_kmeans	coordinate-augmented k-means	6	signature	SIG_TCELL	seed_11	0.0	0.0	0.0	False	2	0		0		False	False	False	False	no opposite-sign point estimate	Post-review descriptive stratification based on spot-bootstrap intervals; it is not an independent-sample or spatial-dependence-resolved test.
GSE285505	GSM8703565_Tumor24	M2_spatial_ward	spatial Ward	4	gene	COL1A1	neighbors_6	0.0	0.0	0.0	False	2	0		0		False	False	False	False	no opposite-sign point estimate	Post-review descriptive stratification based on spot-bootstrap intervals; it is not an independent-sample or spatial-dependence-resolved test.
GSE285505	GSM8703565_Tumor24	M2_spatial_ward	spatial Ward	4	gene	EPCAM	neighbors_6	-0.048870807641467	-0.0818884168405096	-0.0074227564148998	True	2	1	neighbors_4	1	neighbors_4	True	True	False	False	reference and alternative intervals exclude zero	Post-review descriptive stratification based on spot-bootstrap intervals; it is not an independent-sample or spatial-dependence-resolved test.
GSE285505	GSM8703565_Tumor24	M2_spatial_ward	spatial Ward	4	gene	FAP	neighbors_6	0.0	0.0	0.0	False	2	0		0		False	False	False	False	no opposite-sign point estimate	Post-review descriptive stratification based on spot-bootstrap intervals; it is not an independent-sample or spatial-dependence-resolved test.
GSE285505	GSM8703565_Tumor24	M2_spatial_ward	spatial Ward	4	gene	PTPRC	neighbors_6	0.0	0.0	0.0	False	2	0		0		False	False	False	False	no opposite-sign point estimate	Post-review descriptive stratification based on spot-bootstrap intervals; it is not an independent-sample or spatial-dependence-resolved test.
GSE285505	GSM8703565_Tumor24	M2_spatial_ward	spatial Ward	4	gene	SPP1	neighbors_6	0.0	0.0	0.0	False	2	0		0		False	False	False	False	no opposite-sign point estimate	Post-review descriptive stratification based on spot-bootstrap intervals; it is not an independent-sample or spatial-dependence-resolved test.
GSE285505	GSM8703565_Tumor24	M2_spatial_ward	spatial Ward	4	signature	SIG_CAF_FAP	neighbors_6	0.0643027262281223	0.0272226946647308	0.0951476662769306	True	2	0		0		False	False	False	False	no opposite-sign point estimate	Post-review descriptive stratification based on spot-bootstrap intervals; it is not an independent-sample or spatial-dependence-resolved test.
GSE285505	GSM8703565_Tumor24	M2_spatial_ward	spatial Ward	4	signature	SIG_CYTOTOX	neighbors_6	0.0	0.0	0.0	False	2	0		0		False	False	False	False	no opposite-sign point estimate	Post-review descriptive stratification based on spot-bootstrap intervals; it is not an independent-sample or spatial-dependence-resolved test.
GSE285505	GSM8703565_Tumor24	M2_spatial_ward	spatial Ward	4	signature	SIG_EXCLUSION_CONTRAST	neighbors_6	0.0651647496491103	0.0074269847526089	0.1112932964894348	True	2	1	neighbors_8	0		True	False	False	False	alternative interval includes zero	Post-review descriptive stratification based on spot-bootstrap intervals; it is not an independent-sample or spatial-dependence-resolved test.
GSE285505	GSM8703565_Tumor24	M2_spatial_ward	spatial Ward	4	signature	SIG_EXCLUSION_TGFB_CXCL12	neighbors_6	0.0083943388506665	-0.0112434445232758	0.0292791438756262	False	2	1	neighbors_8	0		True	False	True	True	reference and alternative intervals include zero	Post-review descriptive stratification based on spot-bootstrap intervals; it is not an independent-sample or spatial-dependence-resolved test.
GSE285505	GSM8703565_Tumor24	M2_spatial_ward	spatial Ward	4	signature	SIG_MY_SPP1	neighbors_6	0.013187000526776	-0.0056833973886994	0.0401752950254494	False	2	0		0		False	False	False	False	no opposite-sign point estimate	Post-review descriptive stratification based on spot-bootstrap intervals; it is not an independent-sample or spatial-dependence-resolved test.
GSE285505	GSM8703565_Tumor24	M2_spatial_ward	spatial Ward	4	signature	SIG_TCELL	neighbors_6	0.0	0.0	0.0	False	2	0		0		False	False	False	False	no opposite-sign point estimate	Post-review descriptive stratification based on spot-bootstrap intervals; it is not an independent-sample or spatial-dependence-resolved test.
GSE285505	GSM8703565_Tumor24	M2_spatial_ward	spatial Ward	6	gene	COL1A1	neighbors_6	0.0	0.0	0.0	False	2	0		0		False	False	False	False	no opposite-sign point estimate	Post-review descriptive stratification based on spot-bootstrap intervals; it is not an independent-sample or spatial-dependence-resolved test.
GSE285505	GSM8703565_Tumor24	M2_spatial_ward	spatial Ward	6	gene	EPCAM	neighbors_6	-0.0524851418252332	-0.090037890211879	-0.0174396228428844	True	2	1	neighbors_4	0		True	False	False	False	alternative interval includes zero	Post-review descriptive stratification based on spot-bootstrap intervals; it is not an independent-sample or spatial-dependence-resolved test.
GSE285505	GSM8703565_Tumor24	M2_spatial_ward	spatial Ward	6	gene	FAP	neighbors_6	0.0	0.0	0.0	False	2	0		0		False	False	False	False	no opposite-sign point estimate	Post-review descriptive stratification based on spot-bootstrap intervals; it is not an independent-sample or spatial-dependence-resolved test.
GSE285505	GSM8703565_Tumor24	M2_spatial_ward	spatial Ward	6	gene	PTPRC	neighbors_6	0.0	0.0	0.0	False	2	0		0		False	False	False	False	no opposite-sign point estimate	Post-review descriptive stratification based on spot-bootstrap intervals; it is not an independent-sample or spatial-dependence-resolved test.
GSE285505	GSM8703565_Tumor24	M2_spatial_ward	spatial Ward	6	gene	SPP1	neighbors_6	0.0	0.0	0.0	False	2	0		0		False	False	False	False	no opposite-sign point estimate	Post-review descriptive stratification based on spot-bootstrap intervals; it is not an independent-sample or spatial-dependence-resolved test.
GSE285505	GSM8703565_Tumor24	M2_spatial_ward	spatial Ward	6	signature	SIG_CAF_FAP	neighbors_6	0.0900166780099053	0.0616016534720682	0.127872246227738	True	2	0		0		False	False	False	False	no opposite-sign point estimate	Post-review descriptive stratification based on spot-bootstrap intervals; it is not an independent-sample or spatial-dependence-resolved test.
GSE285505	GSM8703565_Tumor24	M2_spatial_ward	spatial Ward	6	signature	SIG_CYTOTOX	neighbors_6	0.0	0.0	0.0	False	2	0		0		False	False	False	False	no opposite-sign point estimate	Post-review descriptive stratification based on spot-bootstrap intervals; it is not an independent-sample or spatial-dependence-resolved test.
GSE285505	GSM8703565_Tumor24	M2_spatial_ward	spatial Ward	6	signature	SIG_EXCLUSION_CONTRAST	neighbors_6	0.1051122500013483	0.0508096853677097	0.1439121989338398	True	2	0		0		False	False	False	False	no opposite-sign point estimate	Post-review descriptive stratification based on spot-bootstrap intervals; it is not an independent-sample or spatial-dependence-resolved test.
GSE285505	GSM8703565_Tumor24	M2_spatial_ward	spatial Ward	6	signature	SIG_EXCLUSION_TGFB_CXCL12	neighbors_6	0.0454787608972041	0.0226963059145602	0.0678174903341098	True	2	0		0		False	False	False	False	no opposite-sign point estimate	Post-review descriptive stratification based on spot-bootstrap intervals; it is not an independent-sample or spatial-dependence-resolved test.
GSE285505	GSM8703565_Tumor24	M2_spatial_ward	spatial Ward	6	signature	SIG_MY_SPP1	neighbors_6	0.0047655260218116	-0.0155534112865226	0.0289331215841514	False	2	0		0		False	False	False	False	no opposite-sign point estimate	Post-review descriptive stratification based on spot-bootstrap intervals; it is not an independent-sample or spatial-dependence-resolved test.
GSE285505	GSM8703565_Tumor24	M2_spatial_ward	spatial Ward	6	signature	SIG_TCELL	neighbors_6	0.0	0.0	0.0	False	2	0		0		False	False	False	False	no opposite-sign point estimate	Post-review descriptive stratification based on spot-bootstrap intervals; it is not an independent-sample or spatial-dependence-resolved test.
GSE285505	GSM8703565_Tumor24	M3_spatial_leiden	spatial Leiden	4	gene	COL1A1	seed_11	0.0	0.0	0.0	False	2	0		0		False	False	False	False	no opposite-sign point estimate	Post-review descriptive stratification based on spot-bootstrap intervals; it is not an independent-sample or spatial-dependence-resolved test.
GSE285505	GSM8703565_Tumor24	M3_spatial_leiden	spatial Leiden	4	gene	EPCAM	seed_11	-0.0091071257574646	-0.0650271602252704	0.0427374505798406	False	2	0		0		False	False	False	False	no opposite-sign point estimate	Post-review descriptive stratification based on spot-bootstrap intervals; it is not an independent-sample or spatial-dependence-resolved test.
GSE285505	GSM8703565_Tumor24	M3_spatial_leiden	spatial Leiden	4	gene	FAP	seed_11	0.0	0.0	0.0	False	2	0		0		False	False	False	False	no opposite-sign point estimate	Post-review descriptive stratification based on spot-bootstrap intervals; it is not an independent-sample or spatial-dependence-resolved test.
GSE285505	GSM8703565_Tumor24	M3_spatial_leiden	spatial Leiden	4	gene	PTPRC	seed_11	0.0	0.0	0.0	False	2	0		0		False	False	False	False	no opposite-sign point estimate	Post-review descriptive stratification based on spot-bootstrap intervals; it is not an independent-sample or spatial-dependence-resolved test.
GSE285505	GSM8703565_Tumor24	M3_spatial_leiden	spatial Leiden	4	gene	SPP1	seed_11	0.0	0.0	0.0	False	2	0		0		False	False	False	False	no opposite-sign point estimate	Post-review descriptive stratification based on spot-bootstrap intervals; it is not an independent-sample or spatial-dependence-resolved test.
GSE285505	GSM8703565_Tumor24	M3_spatial_leiden	spatial Leiden	4	signature	SIG_CAF_FAP	seed_11	0.0224133104208287	-0.0241495729410834	0.0756348226496832	False	2	1	seed_23	0		True	False	True	True	reference and alternative intervals include zero	Post-review descriptive stratification based on spot-bootstrap intervals; it is not an independent-sample or spatial-dependence-resolved test.
GSE285505	GSM8703565_Tumor24	M3_spatial_leiden	spatial Leiden	4	signature	SIG_CYTOTOX	seed_11	0.0	0.0	0.0	False	2	0		0		False	False	False	False	no opposite-sign point estimate	Post-review descriptive stratification based on spot-bootstrap intervals; it is not an independent-sample or spatial-dependence-resolved test.
GSE285505	GSM8703565_Tumor24	M3_spatial_leiden	spatial Leiden	4	signature	SIG_EXCLUSION_CONTRAST	seed_11	0.0599184044891034	-0.0052966131228608	0.131723004953891	False	2	1	seed_23	0		True	False	True	False	reference interval includes zero	Post-review descriptive stratification based on spot-bootstrap intervals; it is not an independent-sample or spatial-dependence-resolved test.
GSE285505	GSM8703565_Tumor24	M3_spatial_leiden	spatial Leiden	4	signature	SIG_EXCLUSION_TGFB_CXCL12	seed_11	0.0032909810981307	-0.0289048104844362	0.0379207356597506	False	2	2	seed_23;seed_37	0		True	False	True	True	reference and alternative intervals include zero	Post-review descriptive stratification based on spot-bootstrap intervals; it is not an independent-sample or spatial-dependence-resolved test.
GSE285505	GSM8703565_Tumor24	M3_spatial_leiden	spatial Leiden	4	signature	SIG_MY_SPP1	seed_11	0.008586418839076	-0.0346234079590589	0.0409843181858061	False	2	1	seed_23	0		True	False	True	True	reference and alternative intervals include zero	Post-review descriptive stratification based on spot-bootstrap intervals; it is not an independent-sample or spatial-dependence-resolved test.
GSE285505	GSM8703565_Tumor24	M3_spatial_leiden	spatial Leiden	4	signature	SIG_TCELL	seed_11	0.0	0.0	0.0	False	2	0		0		False	False	False	False	no opposite-sign point estimate	Post-review descriptive stratification based on spot-bootstrap intervals; it is not an independent-sample or spatial-dependence-resolved test.
GSE285505	GSM8703565_Tumor24	M4_spagcn	SpaGCN-style	4	gene	COL1A1	seed_11	0.0	0.0	0.0	False	2	0		0		False	False	False	False	no opposite-sign point estimate	Post-review descriptive stratification based on spot-bootstrap intervals; it is not an independent-sample or spatial-dependence-resolved test.
GSE285505	GSM8703565_Tumor24	M4_spagcn	SpaGCN-style	4	gene	EPCAM	seed_11	-0.0026228602127185	-0.0338155446681265	0.0321985021489753	False	2	0		0		False	False	False	False	no opposite-sign point estimate	Post-review descriptive stratification based on spot-bootstrap intervals; it is not an independent-sample or spatial-dependence-resolved test.
GSE285505	GSM8703565_Tumor24	M4_spagcn	SpaGCN-style	4	gene	FAP	seed_11	0.0	0.0	0.0	False	2	0		0		False	False	False	False	no opposite-sign point estimate	Post-review descriptive stratification based on spot-bootstrap intervals; it is not an independent-sample or spatial-dependence-resolved test.
GSE285505	GSM8703565_Tumor24	M4_spagcn	SpaGCN-style	4	gene	PTPRC	seed_11	0.0	0.0	0.0	False	2	0		0		False	False	False	False	no opposite-sign point estimate	Post-review descriptive stratification based on spot-bootstrap intervals; it is not an independent-sample or spatial-dependence-resolved test.
GSE285505	GSM8703565_Tumor24	M4_spagcn	SpaGCN-style	4	gene	SPP1	seed_11	0.0	0.0	0.0	False	2	0		0		False	False	False	False	no opposite-sign point estimate	Post-review descriptive stratification based on spot-bootstrap intervals; it is not an independent-sample or spatial-dependence-resolved test.
GSE285505	GSM8703565_Tumor24	M4_spagcn	SpaGCN-style	4	signature	SIG_CAF_FAP	seed_11	0.0164895531889972	-0.0213280540313402	0.0413636222736327	False	2	0		0		False	False	False	False	no opposite-sign point estimate	Post-review descriptive stratification based on spot-bootstrap intervals; it is not an independent-sample or spatial-dependence-resolved test.
GSE285505	GSM8703565_Tumor24	M4_spagcn	SpaGCN-style	4	signature	SIG_CYTOTOX	seed_11	0.0	0.0	0.0	False	2	0		0		False	False	False	False	no opposite-sign point estimate	Post-review descriptive stratification based on spot-bootstrap intervals; it is not an independent-sample or spatial-dependence-resolved test.
GSE285505	GSM8703565_Tumor24	M4_spagcn	SpaGCN-style	4	signature	SIG_EXCLUSION_CONTRAST	seed_11	0.007428709725302	-0.041599461463836	0.0572198510859213	False	2	0		0		False	False	False	False	no opposite-sign point estimate	Post-review descriptive stratification based on spot-bootstrap intervals; it is not an independent-sample or spatial-dependence-resolved test.
GSE285505	GSM8703565_Tumor24	M4_spagcn	SpaGCN-style	4	signature	SIG_EXCLUSION_TGFB_CXCL12	seed_11	-0.0172392392138344	-0.0327269914390999	0.0004874981549983	False	2	2	seed_23;seed_37	0		True	False	True	False	reference interval includes zero	Post-review descriptive stratification based on spot-bootstrap intervals; it is not an independent-sample or spatial-dependence-resolved test.
GSE285505	GSM8703565_Tumor24	M4_spagcn	SpaGCN-style	4	signature	SIG_MY_SPP1	seed_11	0.0147158312399935	-0.0027438456489216	0.0358420413944048	False	2	0		0		False	False	False	False	no opposite-sign point estimate	Post-review descriptive stratification based on spot-bootstrap intervals; it is not an independent-sample or spatial-dependence-resolved test.
GSE285505	GSM8703565_Tumor24	M4_spagcn	SpaGCN-style	4	signature	SIG_TCELL	seed_11	0.0	0.0	0.0	False	2	0		0		False	False	False	False	no opposite-sign point estimate	Post-review descriptive stratification based on spot-bootstrap intervals; it is not an independent-sample or spatial-dependence-resolved test.
GSE285505	GSM8703565_Tumor24	M4_spagcn	SpaGCN-style	6	gene	COL1A1	seed_11	0.0	0.0	0.0	False	2	0		0		False	False	False	False	no opposite-sign point estimate	Post-review descriptive stratification based on spot-bootstrap intervals; it is not an independent-sample or spatial-dependence-resolved test.
GSE285505	GSM8703565_Tumor24	M4_spagcn	SpaGCN-style	6	gene	EPCAM	seed_11	-0.0857419096099394	-0.1171819927754193	-0.049079727317569	True	2	0		0		False	False	False	False	no opposite-sign point estimate	Post-review descriptive stratification based on spot-bootstrap intervals; it is not an independent-sample or spatial-dependence-resolved test.
GSE285505	GSM8703565_Tumor24	M4_spagcn	SpaGCN-style	6	gene	FAP	seed_11	0.0	0.0	0.0	False	2	0		0		False	False	False	False	no opposite-sign point estimate	Post-review descriptive stratification based on spot-bootstrap intervals; it is not an independent-sample or spatial-dependence-resolved test.
GSE285505	GSM8703565_Tumor24	M4_spagcn	SpaGCN-style	6	gene	PTPRC	seed_11	0.0	0.0	0.0	False	2	0		0		False	False	False	False	no opposite-sign point estimate	Post-review descriptive stratification based on spot-bootstrap intervals; it is not an independent-sample or spatial-dependence-resolved test.
GSE285505	GSM8703565_Tumor24	M4_spagcn	SpaGCN-style	6	gene	SPP1	seed_11	0.0	0.0	0.0	False	2	0		0		False	False	False	False	no opposite-sign point estimate	Post-review descriptive stratification based on spot-bootstrap intervals; it is not an independent-sample or spatial-dependence-resolved test.
GSE285505	GSM8703565_Tumor24	M4_spagcn	SpaGCN-style	6	signature	SIG_CAF_FAP	seed_11	0.0673137060629655	0.035230545836265	0.1010591637174996	True	2	0		0		False	False	False	False	no opposite-sign point estimate	Post-review descriptive stratification based on spot-bootstrap intervals; it is not an independent-sample or spatial-dependence-resolved test.
GSE285505	GSM8703565_Tumor24	M4_spagcn	SpaGCN-style	6	signature	SIG_CYTOTOX	seed_11	0.0	0.0	0.0	False	2	0		0		False	False	False	False	no opposite-sign point estimate	Post-review descriptive stratification based on spot-bootstrap intervals; it is not an independent-sample or spatial-dependence-resolved test.
GSE285505	GSM8703565_Tumor24	M4_spagcn	SpaGCN-style	6	signature	SIG_EXCLUSION_CONTRAST	seed_11	0.0845204571679152	0.0421405288049709	0.1220578115761875	True	2	0		0		False	False	False	False	no opposite-sign point estimate	Post-review descriptive stratification based on spot-bootstrap intervals; it is not an independent-sample or spatial-dependence-resolved test.
GSE285505	GSM8703565_Tumor24	M4_spagcn	SpaGCN-style	6	signature	SIG_EXCLUSION_TGFB_CXCL12	seed_11	0.0275993507249525	0.0078076890156028	0.0411440458813934	True	2	0		0		False	False	False	False	no opposite-sign point estimate	Post-review descriptive stratification based on spot-bootstrap intervals; it is not an independent-sample or spatial-dependence-resolved test.
GSE285505	GSM8703565_Tumor24	M4_spagcn	SpaGCN-style	6	signature	SIG_MY_SPP1	seed_11	0.0146858421915457	-0.003199134813082	0.0371530700172338	False	2	0		0		False	False	False	False	no opposite-sign point estimate	Post-review descriptive stratification based on spot-bootstrap intervals; it is not an independent-sample or spatial-dependence-resolved test.
GSE285505	GSM8703565_Tumor24	M4_spagcn	SpaGCN-style	6	signature	SIG_TCELL	seed_11	0.0	0.0	0.0	False	2	0		0		False	False	False	False	no opposite-sign point estimate	Post-review descriptive stratification based on spot-bootstrap intervals; it is not an independent-sample or spatial-dependence-resolved test.
GSE285505	GSM8703565_Tumor24	M5_stagate	STAGATE-style	4	gene	COL1A1	seed_11	0.0	0.0	0.0	False	2	0		0		False	False	False	False	no opposite-sign point estimate	Post-review descriptive stratification based on spot-bootstrap intervals; it is not an independent-sample or spatial-dependence-resolved test.
GSE285505	GSM8703565_Tumor24	M5_stagate	STAGATE-style	4	gene	EPCAM	seed_11	-0.0928288487089683	-0.1379906054657816	-0.0542469293464335	True	2	0		0		False	False	False	False	no opposite-sign point estimate	Post-review descriptive stratification based on spot-bootstrap intervals; it is not an independent-sample or spatial-dependence-resolved test.
GSE285505	GSM8703565_Tumor24	M5_stagate	STAGATE-style	4	gene	FAP	seed_11	0.0	0.0	0.0	False	2	0		0		False	False	False	False	no opposite-sign point estimate	Post-review descriptive stratification based on spot-bootstrap intervals; it is not an independent-sample or spatial-dependence-resolved test.
GSE285505	GSM8703565_Tumor24	M5_stagate	STAGATE-style	4	gene	PTPRC	seed_11	0.0	0.0	0.0	False	2	0		0		False	False	False	False	no opposite-sign point estimate	Post-review descriptive stratification based on spot-bootstrap intervals; it is not an independent-sample or spatial-dependence-resolved test.
GSE285505	GSM8703565_Tumor24	M5_stagate	STAGATE-style	4	gene	SPP1	seed_11	0.0	0.0	0.0	False	2	0		0		False	False	False	False	no opposite-sign point estimate	Post-review descriptive stratification based on spot-bootstrap intervals; it is not an independent-sample or spatial-dependence-resolved test.
GSE285505	GSM8703565_Tumor24	M5_stagate	STAGATE-style	4	signature	SIG_CAF_FAP	seed_11	0.0994706202938819	0.0685277126793575	0.1391858664550864	True	2	0		0		False	False	False	False	no opposite-sign point estimate	Post-review descriptive stratification based on spot-bootstrap intervals; it is not an independent-sample or spatial-dependence-resolved test.
GSE285505	GSM8703565_Tumor24	M5_stagate	STAGATE-style	4	signature	SIG_CYTOTOX	seed_11	0.0	0.0	0.0	False	2	0		0		False	False	False	False	no opposite-sign point estimate	Post-review descriptive stratification based on spot-bootstrap intervals; it is not an independent-sample or spatial-dependence-resolved test.
GSE285505	GSM8703565_Tumor24	M5_stagate	STAGATE-style	4	signature	SIG_EXCLUSION_CONTRAST	seed_11	0.1504848052463132	0.1067766200698809	0.1926252767205885	True	2	0		0		False	False	False	False	no opposite-sign point estimate	Post-review descriptive stratification based on spot-bootstrap intervals; it is not an independent-sample or spatial-dependence-resolved test.
GSE285505	GSM8703565_Tumor24	M5_stagate	STAGATE-style	4	signature	SIG_EXCLUSION_TGFB_CXCL12	seed_11	0.0529447621275522	0.0380646808827848	0.0685192184338931	True	2	0		0		False	False	False	False	no opposite-sign point estimate	Post-review descriptive stratification based on spot-bootstrap intervals; it is not an independent-sample or spatial-dependence-resolved test.
GSE285505	GSM8703565_Tumor24	M5_stagate	STAGATE-style	4	signature	SIG_MY_SPP1	seed_11	0.016479269270987	-0.0045361653925177	0.0385909178323946	False	2	1	seed_23	0		True	False	True	True	reference and alternative intervals include zero	Post-review descriptive stratification based on spot-bootstrap intervals; it is not an independent-sample or spatial-dependence-resolved test.
GSE285505	GSM8703565_Tumor24	M5_stagate	STAGATE-style	4	signature	SIG_TCELL	seed_11	0.0	0.0	0.0	False	2	0		0		False	False	False	False	no opposite-sign point estimate	Post-review descriptive stratification based on spot-bootstrap intervals; it is not an independent-sample or spatial-dependence-resolved test.
GSE285505	GSM8703565_Tumor24	M5_stagate	STAGATE-style	6	gene	COL1A1	seed_11	0.0	0.0	0.0	False	2	0		0		False	False	False	False	no opposite-sign point estimate	Post-review descriptive stratification based on spot-bootstrap intervals; it is not an independent-sample or spatial-dependence-resolved test.
GSE285505	GSM8703565_Tumor24	M5_stagate	STAGATE-style	6	gene	EPCAM	seed_11	0.0052358544635859	-0.0330373132785335	0.0357483495524835	False	2	2	seed_23;seed_37	0		True	False	True	False	reference interval includes zero	Post-review descriptive stratification based on spot-bootstrap intervals; it is not an independent-sample or spatial-dependence-resolved test.
GSE285505	GSM8703565_Tumor24	M5_stagate	STAGATE-style	6	gene	FAP	seed_11	0.0	0.0	0.0	False	2	0		0		False	False	False	False	no opposite-sign point estimate	Post-review descriptive stratification based on spot-bootstrap intervals; it is not an independent-sample or spatial-dependence-resolved test.
GSE285505	GSM8703565_Tumor24	M5_stagate	STAGATE-style	6	gene	PTPRC	seed_11	0.0	0.0	0.0	False	2	0		0		False	False	False	False	no opposite-sign point estimate	Post-review descriptive stratification based on spot-bootstrap intervals; it is not an independent-sample or spatial-dependence-resolved test.
GSE285505	GSM8703565_Tumor24	M5_stagate	STAGATE-style	6	gene	SPP1	seed_11	0.0	0.0	0.0	False	2	0		0		False	False	False	False	no opposite-sign point estimate	Post-review descriptive stratification based on spot-bootstrap intervals; it is not an independent-sample or spatial-dependence-resolved test.
GSE285505	GSM8703565_Tumor24	M5_stagate	STAGATE-style	6	signature	SIG_CAF_FAP	seed_11	0.0593533531325294	0.034353858828188	0.0970111559433267	True	2	0		0		False	False	False	False	no opposite-sign point estimate	Post-review descriptive stratification based on spot-bootstrap intervals; it is not an independent-sample or spatial-dependence-resolved test.
GSE285505	GSM8703565_Tumor24	M5_stagate	STAGATE-style	6	signature	SIG_CYTOTOX	seed_11	0.0	0.0	0.0	False	2	0		0		False	False	False	False	no opposite-sign point estimate	Post-review descriptive stratification based on spot-bootstrap intervals; it is not an independent-sample or spatial-dependence-resolved test.
GSE285505	GSM8703565_Tumor24	M5_stagate	STAGATE-style	6	signature	SIG_EXCLUSION_CONTRAST	seed_11	0.0890433965715803	0.0376489603009289	0.1297630755127714	True	2	0		0		False	False	False	False	no opposite-sign point estimate	Post-review descriptive stratification based on spot-bootstrap intervals; it is not an independent-sample or spatial-dependence-resolved test.
GSE285505	GSM8703565_Tumor24	M5_stagate	STAGATE-style	6	signature	SIG_EXCLUSION_TGFB_CXCL12	seed_11	0.0364739235191903	0.0204184846128904	0.0528931120424548	True	2	0		0		False	False	False	False	no opposite-sign point estimate	Post-review descriptive stratification based on spot-bootstrap intervals; it is not an independent-sample or spatial-dependence-resolved test.
GSE285505	GSM8703565_Tumor24	M5_stagate	STAGATE-style	6	signature	SIG_MY_SPP1	seed_11	0.0073748148875903	-0.0149783935940062	0.0292172458278416	False	2	0		0		False	False	False	False	no opposite-sign point estimate	Post-review descriptive stratification based on spot-bootstrap intervals; it is not an independent-sample or spatial-dependence-resolved test.
GSE285505	GSM8703565_Tumor24	M5_stagate	STAGATE-style	6	signature	SIG_TCELL	seed_11	0.0	0.0	0.0	False	2	0		0		False	False	False	False	no opposite-sign point estimate	Post-review descriptive stratification based on spot-bootstrap intervals; it is not an independent-sample or spatial-dependence-resolved test.
GSE285505	GSM8703566_Tumor26	BayesSpace	BayesSpace	4	gene	COL1A1	seed_11	0.0	0.0	0.0	False	2	0		0		False	False	False	False	no opposite-sign point estimate	Post-review descriptive stratification based on spot-bootstrap intervals; it is not an independent-sample or spatial-dependence-resolved test.
GSE285505	GSM8703566_Tumor26	BayesSpace	BayesSpace	4	gene	EPCAM	seed_11	-0.0113910173905247	-0.0647067527268399	0.0316097224972125	False	2	0		0		False	False	False	False	no opposite-sign point estimate	Post-review descriptive stratification based on spot-bootstrap intervals; it is not an independent-sample or spatial-dependence-resolved test.
GSE285505	GSM8703566_Tumor26	BayesSpace	BayesSpace	4	gene	FAP	seed_11	0.0	0.0	0.0	False	2	0		0		False	False	False	False	no opposite-sign point estimate	Post-review descriptive stratification based on spot-bootstrap intervals; it is not an independent-sample or spatial-dependence-resolved test.
GSE285505	GSM8703566_Tumor26	BayesSpace	BayesSpace	4	gene	PTPRC	seed_11	0.0	0.0	0.0	False	2	0		0		False	False	False	False	no opposite-sign point estimate	Post-review descriptive stratification based on spot-bootstrap intervals; it is not an independent-sample or spatial-dependence-resolved test.
GSE285505	GSM8703566_Tumor26	BayesSpace	BayesSpace	4	gene	SPP1	seed_11	0.0	0.0	0.0	False	2	0		0		False	False	False	False	no opposite-sign point estimate	Post-review descriptive stratification based on spot-bootstrap intervals; it is not an independent-sample or spatial-dependence-resolved test.
GSE285505	GSM8703566_Tumor26	BayesSpace	BayesSpace	4	signature	SIG_CAF_FAP	seed_11	0.0015260580040536	-0.0305832305480288	0.030883555820574	False	2	2	seed_23;seed_37	0		True	False	True	True	reference and alternative intervals include zero	Post-review descriptive stratification based on spot-bootstrap intervals; it is not an independent-sample or spatial-dependence-resolved test.
GSE285505	GSM8703566_Tumor26	BayesSpace	BayesSpace	4	signature	SIG_CYTOTOX	seed_11	0.0	0.0	0.0	False	2	0		0		False	False	False	False	no opposite-sign point estimate	Post-review descriptive stratification based on spot-bootstrap intervals; it is not an independent-sample or spatial-dependence-resolved test.
GSE285505	GSM8703566_Tumor26	BayesSpace	BayesSpace	4	signature	SIG_EXCLUSION_CONTRAST	seed_11	0.013371678940423	-0.0217291511112466	0.0394340781941545	False	2	2	seed_23;seed_37	0		True	False	True	True	reference and alternative intervals include zero	Post-review descriptive stratification based on spot-bootstrap intervals; it is not an independent-sample or spatial-dependence-resolved test.
GSE285505	GSM8703566_Tumor26	BayesSpace	BayesSpace	4	signature	SIG_EXCLUSION_TGFB_CXCL12	seed_11	0.0560966053154346	0.029191171343149	0.0818413479215921	True	2	0		0		False	False	False	False	no opposite-sign point estimate	Post-review descriptive stratification based on spot-bootstrap intervals; it is not an independent-sample or spatial-dependence-resolved test.
GSE285505	GSM8703566_Tumor26	BayesSpace	BayesSpace	4	signature	SIG_MY_SPP1	seed_11	0.0	0.0	0.0	False	2	0		0		False	False	False	False	no opposite-sign point estimate	Post-review descriptive stratification based on spot-bootstrap intervals; it is not an independent-sample or spatial-dependence-resolved test.
GSE285505	GSM8703566_Tumor26	BayesSpace	BayesSpace	4	signature	SIG_TCELL	seed_11	0.0	0.0	0.0	False	2	0		0		False	False	False	False	no opposite-sign point estimate	Post-review descriptive stratification based on spot-bootstrap intervals; it is not an independent-sample or spatial-dependence-resolved test.
GSE285505	GSM8703566_Tumor26	BayesSpace	BayesSpace	6	gene	COL1A1	seed_11	0.0	0.0	0.0	False	2	0		0		False	False	False	False	no opposite-sign point estimate	Post-review descriptive stratification based on spot-bootstrap intervals; it is not an independent-sample or spatial-dependence-resolved test.
GSE285505	GSM8703566_Tumor26	BayesSpace	BayesSpace	6	gene	EPCAM	seed_11	0.0613247960009362	0.0236788436690846	0.0900793176403514	True	2	1	seed_23	0		True	False	False	False	alternative interval includes zero	Post-review descriptive stratification based on spot-bootstrap intervals; it is not an independent-sample or spatial-dependence-resolved test.
GSE285505	GSM8703566_Tumor26	BayesSpace	BayesSpace	6	gene	FAP	seed_11	0.0	0.0	0.0	False	2	0		0		False	False	False	False	no opposite-sign point estimate	Post-review descriptive stratification based on spot-bootstrap intervals; it is not an independent-sample or spatial-dependence-resolved test.
GSE285505	GSM8703566_Tumor26	BayesSpace	BayesSpace	6	gene	PTPRC	seed_11	0.0	0.0	0.0	False	2	0		0		False	False	False	False	no opposite-sign point estimate	Post-review descriptive stratification based on spot-bootstrap intervals; it is not an independent-sample or spatial-dependence-resolved test.
GSE285505	GSM8703566_Tumor26	BayesSpace	BayesSpace	6	gene	SPP1	seed_11	0.0	0.0	0.0	False	2	0		0		False	False	False	False	no opposite-sign point estimate	Post-review descriptive stratification based on spot-bootstrap intervals; it is not an independent-sample or spatial-dependence-resolved test.
GSE285505	GSM8703566_Tumor26	BayesSpace	BayesSpace	6	signature	SIG_CAF_FAP	seed_11	0.0361160080580554	0.0111736597921845	0.0620527432596111	True	2	2	seed_23;seed_37	1	seed_23	True	True	False	False	reference and alternative intervals exclude zero	Post-review descriptive stratification based on spot-bootstrap intervals; it is not an independent-sample or spatial-dependence-resolved test.
GSE285505	GSM8703566_Tumor26	BayesSpace	BayesSpace	6	signature	SIG_CYTOTOX	seed_11	0.0	0.0	0.0	False	2	0		0		False	False	False	False	no opposite-sign point estimate	Post-review descriptive stratification based on spot-bootstrap intervals; it is not an independent-sample or spatial-dependence-resolved test.
GSE285505	GSM8703566_Tumor26	BayesSpace	BayesSpace	6	signature	SIG_EXCLUSION_CONTRAST	seed_11	0.0509797161796534	0.0182377467551875	0.07689845990159	True	2	1	seed_23	1	seed_23	True	True	False	False	reference and alternative intervals exclude zero	Post-review descriptive stratification based on spot-bootstrap intervals; it is not an independent-sample or spatial-dependence-resolved test.
GSE285505	GSM8703566_Tumor26	BayesSpace	BayesSpace	6	signature	SIG_EXCLUSION_TGFB_CXCL12	seed_11	0.118065822630179	0.0808025240196662	0.2139644306540098	True	2	1	seed_23	0		True	False	False	False	alternative interval includes zero	Post-review descriptive stratification based on spot-bootstrap intervals; it is not an independent-sample or spatial-dependence-resolved test.
GSE285505	GSM8703566_Tumor26	BayesSpace	BayesSpace	6	signature	SIG_MY_SPP1	seed_11	0.0	0.0	0.0	False	2	0		0		False	False	False	False	no opposite-sign point estimate	Post-review descriptive stratification based on spot-bootstrap intervals; it is not an independent-sample or spatial-dependence-resolved test.
GSE285505	GSM8703566_Tumor26	BayesSpace	BayesSpace	6	signature	SIG_TCELL	seed_11	0.0	0.0	0.0	False	2	0		0		False	False	False	False	no opposite-sign point estimate	Post-review descriptive stratification based on spot-bootstrap intervals; it is not an independent-sample or spatial-dependence-resolved test.
GSE285505	GSM8703566_Tumor26	M0_expr_kmeans	expression-only k-means	4	gene	COL1A1	seed_11	0.0	0.0	0.0	False	2	0		0		False	False	False	False	no opposite-sign point estimate	Post-review descriptive stratification based on spot-bootstrap intervals; it is not an independent-sample or spatial-dependence-resolved test.
GSE285505	GSM8703566_Tumor26	M0_expr_kmeans	expression-only k-means	4	gene	EPCAM	seed_11	-0.119104232002873	-0.1688315824124627	-0.0717341013938123	True	2	0		0		False	False	False	False	no opposite-sign point estimate	Post-review descriptive stratification based on spot-bootstrap intervals; it is not an independent-sample or spatial-dependence-resolved test.
GSE285505	GSM8703566_Tumor26	M0_expr_kmeans	expression-only k-means	4	gene	FAP	seed_11	0.0	0.0	0.0	False	2	0		0		False	False	False	False	no opposite-sign point estimate	Post-review descriptive stratification based on spot-bootstrap intervals; it is not an independent-sample or spatial-dependence-resolved test.
GSE285505	GSM8703566_Tumor26	M0_expr_kmeans	expression-only k-means	4	gene	PTPRC	seed_11	0.0	0.0	0.0	False	2	0		0		False	False	False	False	no opposite-sign point estimate	Post-review descriptive stratification based on spot-bootstrap intervals; it is not an independent-sample or spatial-dependence-resolved test.
GSE285505	GSM8703566_Tumor26	M0_expr_kmeans	expression-only k-means	4	gene	SPP1	seed_11	0.0	0.0	0.0	False	2	0		0		False	False	False	False	no opposite-sign point estimate	Post-review descriptive stratification based on spot-bootstrap intervals; it is not an independent-sample or spatial-dependence-resolved test.
GSE285505	GSM8703566_Tumor26	M0_expr_kmeans	expression-only k-means	4	signature	SIG_CAF_FAP	seed_11	0.003391480776756	-0.0230793115169477	0.0345496577499783	False	2	0		0		False	False	False	False	no opposite-sign point estimate	Post-review descriptive stratification based on spot-bootstrap intervals; it is not an independent-sample or spatial-dependence-resolved test.
GSE285505	GSM8703566_Tumor26	M0_expr_kmeans	expression-only k-means	4	signature	SIG_CYTOTOX	seed_11	0.0	0.0	0.0	False	2	0		0		False	False	False	False	no opposite-sign point estimate	Post-review descriptive stratification based on spot-bootstrap intervals; it is not an independent-sample or spatial-dependence-resolved test.
GSE285505	GSM8703566_Tumor26	M0_expr_kmeans	expression-only k-means	4	signature	SIG_EXCLUSION_CONTRAST	seed_11	0.0038934946674501	-0.0244070908614289	0.0306192258016571	False	2	0		0		False	False	False	False	no opposite-sign point estimate	Post-review descriptive stratification based on spot-bootstrap intervals; it is not an independent-sample or spatial-dependence-resolved test.
GSE285505	GSM8703566_Tumor26	M0_expr_kmeans	expression-only k-means	4	signature	SIG_EXCLUSION_TGFB_CXCL12	seed_11	-0.0248539805054172	-0.0519857739671557	0.0020894872066062	False	2	0		0		False	False	False	False	no opposite-sign point estimate	Post-review descriptive stratification based on spot-bootstrap intervals; it is not an independent-sample or spatial-dependence-resolved test.
GSE285505	GSM8703566_Tumor26	M0_expr_kmeans	expression-only k-means	4	signature	SIG_MY_SPP1	seed_11	0.0	0.0	0.0	False	2	0		0		False	False	False	False	no opposite-sign point estimate	Post-review descriptive stratification based on spot-bootstrap intervals; it is not an independent-sample or spatial-dependence-resolved test.
GSE285505	GSM8703566_Tumor26	M0_expr_kmeans	expression-only k-means	4	signature	SIG_TCELL	seed_11	0.0	0.0	0.0	False	2	0		0		False	False	False	False	no opposite-sign point estimate	Post-review descriptive stratification based on spot-bootstrap intervals; it is not an independent-sample or spatial-dependence-resolved test.
GSE285505	GSM8703566_Tumor26	M0_expr_kmeans	expression-only k-means	6	gene	COL1A1	seed_11	0.0	0.0	0.0	False	2	0		0		False	False	False	False	no opposite-sign point estimate	Post-review descriptive stratification based on spot-bootstrap intervals; it is not an independent-sample or spatial-dependence-resolved test.
GSE285505	GSM8703566_Tumor26	M0_expr_kmeans	expression-only k-means	6	gene	EPCAM	seed_11	-0.060734040393219	-0.1183913701915828	-0.0003716200777879	True	2	0		0		False	False	False	False	no opposite-sign point estimate	Post-review descriptive stratification based on spot-bootstrap intervals; it is not an independent-sample or spatial-dependence-resolved test.
GSE285505	GSM8703566_Tumor26	M0_expr_kmeans	expression-only k-means	6	gene	FAP	seed_11	0.0	0.0	0.0	False	2	0		0		False	False	False	False	no opposite-sign point estimate	Post-review descriptive stratification based on spot-bootstrap intervals; it is not an independent-sample or spatial-dependence-resolved test.
GSE285505	GSM8703566_Tumor26	M0_expr_kmeans	expression-only k-means	6	gene	PTPRC	seed_11	0.0	0.0	0.0	False	2	0		0		False	False	False	False	no opposite-sign point estimate	Post-review descriptive stratification based on spot-bootstrap intervals; it is not an independent-sample or spatial-dependence-resolved test.
GSE285505	GSM8703566_Tumor26	M0_expr_kmeans	expression-only k-means	6	gene	SPP1	seed_11	0.0	0.0	0.0	False	2	0		0		False	False	False	False	no opposite-sign point estimate	Post-review descriptive stratification based on spot-bootstrap intervals; it is not an independent-sample or spatial-dependence-resolved test.
GSE285505	GSM8703566_Tumor26	M0_expr_kmeans	expression-only k-means	6	signature	SIG_CAF_FAP	seed_11	0.0420531179729906	0.0263658310803179	0.0606215796084627	True	2	0		0		False	False	False	False	no opposite-sign point estimate	Post-review descriptive stratification based on spot-bootstrap intervals; it is not an independent-sample or spatial-dependence-resolved test.
GSE285505	GSM8703566_Tumor26	M0_expr_kmeans	expression-only k-means	6	signature	SIG_CYTOTOX	seed_11	0.0	0.0	0.0	False	2	0		0		False	False	False	False	no opposite-sign point estimate	Post-review descriptive stratification based on spot-bootstrap intervals; it is not an independent-sample or spatial-dependence-resolved test.
GSE285505	GSM8703566_Tumor26	M0_expr_kmeans	expression-only k-means	6	signature	SIG_EXCLUSION_CONTRAST	seed_11	0.0502158652708152	0.0066296835746106	0.0775643643012136	True	2	0		0		False	False	False	False	no opposite-sign point estimate	Post-review descriptive stratification based on spot-bootstrap intervals; it is not an independent-sample or spatial-dependence-resolved test.
GSE285505	GSM8703566_Tumor26	M0_expr_kmeans	expression-only k-means	6	signature	SIG_EXCLUSION_TGFB_CXCL12	seed_11	0.0207612807284876	-0.0159134281910435	0.0574268803596821	False	2	0		0		False	False	False	False	no opposite-sign point estimate	Post-review descriptive stratification based on spot-bootstrap intervals; it is not an independent-sample or spatial-dependence-resolved test.
GSE285505	GSM8703566_Tumor26	M0_expr_kmeans	expression-only k-means	6	signature	SIG_MY_SPP1	seed_11	0.0	0.0	0.0	False	2	0		0		False	False	False	False	no opposite-sign point estimate	Post-review descriptive stratification based on spot-bootstrap intervals; it is not an independent-sample or spatial-dependence-resolved test.
GSE285505	GSM8703566_Tumor26	M0_expr_kmeans	expression-only k-means	6	signature	SIG_TCELL	seed_11	0.0	0.0	0.0	False	2	0		0		False	False	False	False	no opposite-sign point estimate	Post-review descriptive stratification based on spot-bootstrap intervals; it is not an independent-sample or spatial-dependence-resolved test.
GSE285505	GSM8703566_Tumor26	M1_spatial_concat_kmeans	coordinate-augmented k-means	4	gene	COL1A1	seed_11	0.0	0.0	0.0	False	2	0		0		False	False	False	False	no opposite-sign point estimate	Post-review descriptive stratification based on spot-bootstrap intervals; it is not an independent-sample or spatial-dependence-resolved test.
GSE285505	GSM8703566_Tumor26	M1_spatial_concat_kmeans	coordinate-augmented k-means	4	gene	EPCAM	seed_11	-0.1181055508905712	-0.164568696060676	-0.0710044326912431	True	2	0		0		False	False	False	False	no opposite-sign point estimate	Post-review descriptive stratification based on spot-bootstrap intervals; it is not an independent-sample or spatial-dependence-resolved test.
GSE285505	GSM8703566_Tumor26	M1_spatial_concat_kmeans	coordinate-augmented k-means	4	gene	FAP	seed_11	0.0	0.0	0.0	False	2	0		0		False	False	False	False	no opposite-sign point estimate	Post-review descriptive stratification based on spot-bootstrap intervals; it is not an independent-sample or spatial-dependence-resolved test.
GSE285505	GSM8703566_Tumor26	M1_spatial_concat_kmeans	coordinate-augmented k-means	4	gene	PTPRC	seed_11	0.0	0.0	0.0	False	2	0		0		False	False	False	False	no opposite-sign point estimate	Post-review descriptive stratification based on spot-bootstrap intervals; it is not an independent-sample or spatial-dependence-resolved test.
GSE285505	GSM8703566_Tumor26	M1_spatial_concat_kmeans	coordinate-augmented k-means	4	gene	SPP1	seed_11	0.0	0.0	0.0	False	2	0		0		False	False	False	False	no opposite-sign point estimate	Post-review descriptive stratification based on spot-bootstrap intervals; it is not an independent-sample or spatial-dependence-resolved test.
GSE285505	GSM8703566_Tumor26	M1_spatial_concat_kmeans	coordinate-augmented k-means	4	signature	SIG_CAF_FAP	seed_11	0.0029338713302953	-0.0211611197343958	0.0334660948900134	False	2	0		0		False	False	False	False	no opposite-sign point estimate	Post-review descriptive stratification based on spot-bootstrap intervals; it is not an independent-sample or spatial-dependence-resolved test.
GSE285505	GSM8703566_Tumor26	M1_spatial_concat_kmeans	coordinate-augmented k-means	4	signature	SIG_CYTOTOX	seed_11	0.0	0.0	0.0	False	2	0		0		False	False	False	False	no opposite-sign point estimate	Post-review descriptive stratification based on spot-bootstrap intervals; it is not an independent-sample or spatial-dependence-resolved test.
GSE285505	GSM8703566_Tumor26	M1_spatial_concat_kmeans	coordinate-augmented k-means	4	signature	SIG_EXCLUSION_CONTRAST	seed_11	0.0035107060450469	-0.0252951187630836	0.0298292126695322	False	2	0		0		False	False	False	False	no opposite-sign point estimate	Post-review descriptive stratification based on spot-bootstrap intervals; it is not an independent-sample or spatial-dependence-resolved test.
GSE285505	GSM8703566_Tumor26	M1_spatial_concat_kmeans	coordinate-augmented k-means	4	signature	SIG_EXCLUSION_TGFB_CXCL12	seed_11	-0.0253608003842979	-0.0523033021954138	0.0037032572791366	False	2	0		0		False	False	False	False	no opposite-sign point estimate	Post-review descriptive stratification based on spot-bootstrap intervals; it is not an independent-sample or spatial-dependence-resolved test.
GSE285505	GSM8703566_Tumor26	M1_spatial_concat_kmeans	coordinate-augmented k-means	4	signature	SIG_MY_SPP1	seed_11	0.0	0.0	0.0	False	2	0		0		False	False	False	False	no opposite-sign point estimate	Post-review descriptive stratification based on spot-bootstrap intervals; it is not an independent-sample or spatial-dependence-resolved test.
GSE285505	GSM8703566_Tumor26	M1_spatial_concat_kmeans	coordinate-augmented k-means	4	signature	SIG_TCELL	seed_11	0.0	0.0	0.0	False	2	0		0		False	False	False	False	no opposite-sign point estimate	Post-review descriptive stratification based on spot-bootstrap intervals; it is not an independent-sample or spatial-dependence-resolved test.
GSE285505	GSM8703566_Tumor26	M1_spatial_concat_kmeans	coordinate-augmented k-means	6	gene	COL1A1	seed_11	0.0	0.0	0.0	False	2	0		0		False	False	False	False	no opposite-sign point estimate	Post-review descriptive stratification based on spot-bootstrap intervals; it is not an independent-sample or spatial-dependence-resolved test.
GSE285505	GSM8703566_Tumor26	M1_spatial_concat_kmeans	coordinate-augmented k-means	6	gene	EPCAM	seed_11	-0.0392896222406324	-0.1063529096878063	0.026376274086405	False	2	0		0		False	False	False	False	no opposite-sign point estimate	Post-review descriptive stratification based on spot-bootstrap intervals; it is not an independent-sample or spatial-dependence-resolved test.
GSE285505	GSM8703566_Tumor26	M1_spatial_concat_kmeans	coordinate-augmented k-means	6	gene	FAP	seed_11	0.0	0.0	0.0	False	2	0		0		False	False	False	False	no opposite-sign point estimate	Post-review descriptive stratification based on spot-bootstrap intervals; it is not an independent-sample or spatial-dependence-resolved test.
GSE285505	GSM8703566_Tumor26	M1_spatial_concat_kmeans	coordinate-augmented k-means	6	gene	PTPRC	seed_11	0.0	0.0	0.0	False	2	0		0		False	False	False	False	no opposite-sign point estimate	Post-review descriptive stratification based on spot-bootstrap intervals; it is not an independent-sample or spatial-dependence-resolved test.
GSE285505	GSM8703566_Tumor26	M1_spatial_concat_kmeans	coordinate-augmented k-means	6	gene	SPP1	seed_11	0.0	0.0	0.0	False	2	0		0		False	False	False	False	no opposite-sign point estimate	Post-review descriptive stratification based on spot-bootstrap intervals; it is not an independent-sample or spatial-dependence-resolved test.
GSE285505	GSM8703566_Tumor26	M1_spatial_concat_kmeans	coordinate-augmented k-means	6	signature	SIG_CAF_FAP	seed_11	0.0486168147293652	0.0333820702282149	0.0684989859914332	True	2	0		0		False	False	False	False	no opposite-sign point estimate	Post-review descriptive stratification based on spot-bootstrap intervals; it is not an independent-sample or spatial-dependence-resolved test.
GSE285505	GSM8703566_Tumor26	M1_spatial_concat_kmeans	coordinate-augmented k-means	6	signature	SIG_CYTOTOX	seed_11	0.0	0.0	0.0	False	2	0		0		False	False	False	False	no opposite-sign point estimate	Post-review descriptive stratification based on spot-bootstrap intervals; it is not an independent-sample or spatial-dependence-resolved test.
GSE285505	GSM8703566_Tumor26	M1_spatial_concat_kmeans	coordinate-augmented k-means	6	signature	SIG_EXCLUSION_CONTRAST	seed_11	0.0583735348918921	0.0306977145845078	0.0843137636373629	True	2	0		0		False	False	False	False	no opposite-sign point estimate	Post-review descriptive stratification based on spot-bootstrap intervals; it is not an independent-sample or spatial-dependence-resolved test.
GSE285505	GSM8703566_Tumor26	M1_spatial_concat_kmeans	coordinate-augmented k-means	6	signature	SIG_EXCLUSION_TGFB_CXCL12	seed_11	0.0381178476950914	0.0072626472551518	0.0678755999822366	True	2	0		0		False	False	False	False	no opposite-sign point estimate	Post-review descriptive stratification based on spot-bootstrap intervals; it is not an independent-sample or spatial-dependence-resolved test.
GSE285505	GSM8703566_Tumor26	M1_spatial_concat_kmeans	coordinate-augmented k-means	6	signature	SIG_MY_SPP1	seed_11	0.0	0.0	0.0	False	2	0		0		False	False	False	False	no opposite-sign point estimate	Post-review descriptive stratification based on spot-bootstrap intervals; it is not an independent-sample or spatial-dependence-resolved test.
GSE285505	GSM8703566_Tumor26	M1_spatial_concat_kmeans	coordinate-augmented k-means	6	signature	SIG_TCELL	seed_11	0.0	0.0	0.0	False	2	0		0		False	False	False	False	no opposite-sign point estimate	Post-review descriptive stratification based on spot-bootstrap intervals; it is not an independent-sample or spatial-dependence-resolved test.
GSE285505	GSM8703566_Tumor26	M2_spatial_ward	spatial Ward	4	gene	COL1A1	neighbors_6	0.0	0.0	0.0	False	2	0		0		False	False	False	False	no opposite-sign point estimate	Post-review descriptive stratification based on spot-bootstrap intervals; it is not an independent-sample or spatial-dependence-resolved test.
GSE285505	GSM8703566_Tumor26	M2_spatial_ward	spatial Ward	4	gene	EPCAM	neighbors_6	0.0495636617889951	0.0034054126974291	0.0823857967857039	True	2	0		0		False	False	False	False	no opposite-sign point estimate	Post-review descriptive stratification based on spot-bootstrap intervals; it is not an independent-sample or spatial-dependence-resolved test.
GSE285505	GSM8703566_Tumor26	M2_spatial_ward	spatial Ward	4	gene	FAP	neighbors_6	0.0	0.0	0.0	False	2	0		0		False	False	False	False	no opposite-sign point estimate	Post-review descriptive stratification based on spot-bootstrap intervals; it is not an independent-sample or spatial-dependence-resolved test.
GSE285505	GSM8703566_Tumor26	M2_spatial_ward	spatial Ward	4	gene	PTPRC	neighbors_6	0.0	0.0	0.0	False	2	0		0		False	False	False	False	no opposite-sign point estimate	Post-review descriptive stratification based on spot-bootstrap intervals; it is not an independent-sample or spatial-dependence-resolved test.
GSE285505	GSM8703566_Tumor26	M2_spatial_ward	spatial Ward	4	gene	SPP1	neighbors_6	0.0	0.0	0.0	False	2	0		0		False	False	False	False	no opposite-sign point estimate	Post-review descriptive stratification based on spot-bootstrap intervals; it is not an independent-sample or spatial-dependence-resolved test.
GSE285505	GSM8703566_Tumor26	M2_spatial_ward	spatial Ward	4	signature	SIG_CAF_FAP	neighbors_6	-0.0097125378175949	-0.0258710932080074	0.0172972162979434	False	2	0		0		False	False	False	False	no opposite-sign point estimate	Post-review descriptive stratification based on spot-bootstrap intervals; it is not an independent-sample or spatial-dependence-resolved test.
GSE285505	GSM8703566_Tumor26	M2_spatial_ward	spatial Ward	4	signature	SIG_CYTOTOX	neighbors_6	0.0	0.0	0.0	False	2	0		0		False	False	False	False	no opposite-sign point estimate	Post-review descriptive stratification based on spot-bootstrap intervals; it is not an independent-sample or spatial-dependence-resolved test.
GSE285505	GSM8703566_Tumor26	M2_spatial_ward	spatial Ward	4	signature	SIG_EXCLUSION_CONTRAST	neighbors_6	0.0080224137294747	-0.020750659719865	0.0431839845686983	False	2	2	neighbors_4;neighbors_8	0		True	False	True	True	reference and alternative intervals include zero	Post-review descriptive stratification based on spot-bootstrap intervals; it is not an independent-sample or spatial-dependence-resolved test.
GSE285505	GSM8703566_Tumor26	M2_spatial_ward	spatial Ward	4	signature	SIG_EXCLUSION_TGFB_CXCL12	neighbors_6	0.0485410653829093	0.0266579163153638	0.0802199605749981	True	2	0		0		False	False	False	False	no opposite-sign point estimate	Post-review descriptive stratification based on spot-bootstrap intervals; it is not an independent-sample or spatial-dependence-resolved test.
GSE285505	GSM8703566_Tumor26	M2_spatial_ward	spatial Ward	4	signature	SIG_MY_SPP1	neighbors_6	0.0	0.0	0.0	False	2	0		0		False	False	False	False	no opposite-sign point estimate	Post-review descriptive stratification based on spot-bootstrap intervals; it is not an independent-sample or spatial-dependence-resolved test.
GSE285505	GSM8703566_Tumor26	M2_spatial_ward	spatial Ward	4	signature	SIG_TCELL	neighbors_6	0.0	0.0	0.0	False	2	0		0		False	False	False	False	no opposite-sign point estimate	Post-review descriptive stratification based on spot-bootstrap intervals; it is not an independent-sample or spatial-dependence-resolved test.
GSE285505	GSM8703566_Tumor26	M2_spatial_ward	spatial Ward	6	gene	COL1A1	neighbors_6	0.0	0.0	0.0	False	2	0		0		False	False	False	False	no opposite-sign point estimate	Post-review descriptive stratification based on spot-bootstrap intervals; it is not an independent-sample or spatial-dependence-resolved test.
GSE285505	GSM8703566_Tumor26	M2_spatial_ward	spatial Ward	6	gene	EPCAM	neighbors_6	0.0279716181978892	-0.0150042830557537	0.0667651653025982	False	2	0		0		False	False	False	False	no opposite-sign point estimate	Post-review descriptive stratification based on spot-bootstrap intervals; it is not an independent-sample or spatial-dependence-resolved test.
GSE285505	GSM8703566_Tumor26	M2_spatial_ward	spatial Ward	6	gene	FAP	neighbors_6	0.0	0.0	0.0	False	2	0		0		False	False	False	False	no opposite-sign point estimate	Post-review descriptive stratification based on spot-bootstrap intervals; it is not an independent-sample or spatial-dependence-resolved test.
GSE285505	GSM8703566_Tumor26	M2_spatial_ward	spatial Ward	6	gene	PTPRC	neighbors_6	0.0	0.0	0.0	False	2	0		0		False	False	False	False	no opposite-sign point estimate	Post-review descriptive stratification based on spot-bootstrap intervals; it is not an independent-sample or spatial-dependence-resolved test.
GSE285505	GSM8703566_Tumor26	M2_spatial_ward	spatial Ward	6	gene	SPP1	neighbors_6	0.0	0.0	0.0	False	2	0		0		False	False	False	False	no opposite-sign point estimate	Post-review descriptive stratification based on spot-bootstrap intervals; it is not an independent-sample or spatial-dependence-resolved test.
GSE285505	GSM8703566_Tumor26	M2_spatial_ward	spatial Ward	6	signature	SIG_CAF_FAP	neighbors_6	0.0124822308449687	-0.0099113987315167	0.0412312357894635	False	2	2	neighbors_4;neighbors_8	0		True	False	True	False	reference interval includes zero	Post-review descriptive stratification based on spot-bootstrap intervals; it is not an independent-sample or spatial-dependence-resolved test.
GSE285505	GSM8703566_Tumor26	M2_spatial_ward	spatial Ward	6	signature	SIG_CYTOTOX	neighbors_6	0.0	0.0	0.0	False	2	0		0		False	False	False	False	no opposite-sign point estimate	Post-review descriptive stratification based on spot-bootstrap intervals; it is not an independent-sample or spatial-dependence-resolved test.
GSE285505	GSM8703566_Tumor26	M2_spatial_ward	spatial Ward	6	signature	SIG_EXCLUSION_CONTRAST	neighbors_6	0.0263578013138702	-9.641906601261932e-05	0.0558321406758799	False	2	2	neighbors_4;neighbors_8	0		True	False	True	False	reference interval includes zero	Post-review descriptive stratification based on spot-bootstrap intervals; it is not an independent-sample or spatial-dependence-resolved test.
GSE285505	GSM8703566_Tumor26	M2_spatial_ward	spatial Ward	6	signature	SIG_EXCLUSION_TGFB_CXCL12	neighbors_6	0.0342379007494654	0.0109464106742008	0.0590031339305308	True	2	0		0		False	False	False	False	no opposite-sign point estimate	Post-review descriptive stratification based on spot-bootstrap intervals; it is not an independent-sample or spatial-dependence-resolved test.
GSE285505	GSM8703566_Tumor26	M2_spatial_ward	spatial Ward	6	signature	SIG_MY_SPP1	neighbors_6	0.0	0.0	0.0	False	2	0		0		False	False	False	False	no opposite-sign point estimate	Post-review descriptive stratification based on spot-bootstrap intervals; it is not an independent-sample or spatial-dependence-resolved test.
GSE285505	GSM8703566_Tumor26	M2_spatial_ward	spatial Ward	6	signature	SIG_TCELL	neighbors_6	0.0	0.0	0.0	False	2	0		0		False	False	False	False	no opposite-sign point estimate	Post-review descriptive stratification based on spot-bootstrap intervals; it is not an independent-sample or spatial-dependence-resolved test.
GSE285505	GSM8703566_Tumor26	M3_spatial_leiden	spatial Leiden	4	gene	COL1A1	seed_11	0.0	0.0	0.0	False	1	0		0		False	False	False	False	no opposite-sign point estimate	Post-review descriptive stratification based on spot-bootstrap intervals; it is not an independent-sample or spatial-dependence-resolved test.
GSE285505	GSM8703566_Tumor26	M3_spatial_leiden	spatial Leiden	4	gene	EPCAM	seed_11	-0.0279760064130609	-0.0953998113659718	0.0550419107922628	False	1	0		0		False	False	False	False	no opposite-sign point estimate	Post-review descriptive stratification based on spot-bootstrap intervals; it is not an independent-sample or spatial-dependence-resolved test.
GSE285505	GSM8703566_Tumor26	M3_spatial_leiden	spatial Leiden	4	gene	FAP	seed_11	0.0	0.0	0.0	False	1	0		0		False	False	False	False	no opposite-sign point estimate	Post-review descriptive stratification based on spot-bootstrap intervals; it is not an independent-sample or spatial-dependence-resolved test.
GSE285505	GSM8703566_Tumor26	M3_spatial_leiden	spatial Leiden	4	gene	PTPRC	seed_11	0.0	0.0	0.0	False	1	0		0		False	False	False	False	no opposite-sign point estimate	Post-review descriptive stratification based on spot-bootstrap intervals; it is not an independent-sample or spatial-dependence-resolved test.
GSE285505	GSM8703566_Tumor26	M3_spatial_leiden	spatial Leiden	4	gene	SPP1	seed_11	0.0	0.0	0.0	False	1	0		0		False	False	False	False	no opposite-sign point estimate	Post-review descriptive stratification based on spot-bootstrap intervals; it is not an independent-sample or spatial-dependence-resolved test.
GSE285505	GSM8703566_Tumor26	M3_spatial_leiden	spatial Leiden	4	signature	SIG_CAF_FAP	seed_11	0.011897671543694	-0.0367770945832418	0.0511176709848769	False	1	0		0		False	False	False	False	no opposite-sign point estimate	Post-review descriptive stratification based on spot-bootstrap intervals; it is not an independent-sample or spatial-dependence-resolved test.
GSE285505	GSM8703566_Tumor26	M3_spatial_leiden	spatial Leiden	4	signature	SIG_CYTOTOX	seed_11	0.0	0.0	0.0	False	1	0		0		False	False	False	False	no opposite-sign point estimate	Post-review descriptive stratification based on spot-bootstrap intervals; it is not an independent-sample or spatial-dependence-resolved test.
GSE285505	GSM8703566_Tumor26	M3_spatial_leiden	spatial Leiden	4	signature	SIG_EXCLUSION_CONTRAST	seed_11	0.0064243048016536	-0.0307513264313922	0.0623963834137915	False	1	0		0		False	False	False	False	no opposite-sign point estimate	Post-review descriptive stratification based on spot-bootstrap intervals; it is not an independent-sample or spatial-dependence-resolved test.
GSE285505	GSM8703566_Tumor26	M3_spatial_leiden	spatial Leiden	4	signature	SIG_EXCLUSION_TGFB_CXCL12	seed_11	0.0583189064662011	0.0259908524625684	0.0743292757108784	True	1	0		0		False	False	False	False	no opposite-sign point estimate	Post-review descriptive stratification based on spot-bootstrap intervals; it is not an independent-sample or spatial-dependence-resolved test.
GSE285505	GSM8703566_Tumor26	M3_spatial_leiden	spatial Leiden	4	signature	SIG_MY_SPP1	seed_11	0.0	0.0	0.0	False	1	0		0		False	False	False	False	no opposite-sign point estimate	Post-review descriptive stratification based on spot-bootstrap intervals; it is not an independent-sample or spatial-dependence-resolved test.
GSE285505	GSM8703566_Tumor26	M3_spatial_leiden	spatial Leiden	4	signature	SIG_TCELL	seed_11	0.0	0.0	0.0	False	1	0		0		False	False	False	False	no opposite-sign point estimate	Post-review descriptive stratification based on spot-bootstrap intervals; it is not an independent-sample or spatial-dependence-resolved test.
GSE285505	GSM8703566_Tumor26	M4_spagcn	SpaGCN-style	4	gene	COL1A1	seed_11	0.0	0.0	0.0	False	2	0		0		False	False	False	False	no opposite-sign point estimate	Post-review descriptive stratification based on spot-bootstrap intervals; it is not an independent-sample or spatial-dependence-resolved test.
GSE285505	GSM8703566_Tumor26	M4_spagcn	SpaGCN-style	4	gene	EPCAM	seed_11	-0.1066627939081521	-0.1449746461782647	-0.07416100623519	True	2	2	seed_23;seed_37	0		True	False	False	False	alternative interval includes zero	Post-review descriptive stratification based on spot-bootstrap intervals; it is not an independent-sample or spatial-dependence-resolved test.
GSE285505	GSM8703566_Tumor26	M4_spagcn	SpaGCN-style	4	gene	FAP	seed_11	0.0	0.0	0.0	False	2	0		0		False	False	False	False	no opposite-sign point estimate	Post-review descriptive stratification based on spot-bootstrap intervals; it is not an independent-sample or spatial-dependence-resolved test.
GSE285505	GSM8703566_Tumor26	M4_spagcn	SpaGCN-style	4	gene	PTPRC	seed_11	0.0	0.0	0.0	False	2	0		0		False	False	False	False	no opposite-sign point estimate	Post-review descriptive stratification based on spot-bootstrap intervals; it is not an independent-sample or spatial-dependence-resolved test.
GSE285505	GSM8703566_Tumor26	M4_spagcn	SpaGCN-style	4	gene	SPP1	seed_11	0.0	0.0	0.0	False	2	0		0		False	False	False	False	no opposite-sign point estimate	Post-review descriptive stratification based on spot-bootstrap intervals; it is not an independent-sample or spatial-dependence-resolved test.
GSE285505	GSM8703566_Tumor26	M4_spagcn	SpaGCN-style	4	signature	SIG_CAF_FAP	seed_11	0.0024464490833392	-0.0207453249370632	0.0218626487654464	False	2	2	seed_23;seed_37	0		True	False	True	True	reference and alternative intervals include zero	Post-review descriptive stratification based on spot-bootstrap intervals; it is not an independent-sample or spatial-dependence-resolved test.
GSE285505	GSM8703566_Tumor26	M4_spagcn	SpaGCN-style	4	signature	SIG_CYTOTOX	seed_11	0.0	0.0	0.0	False	2	0		0		False	False	False	False	no opposite-sign point estimate	Post-review descriptive stratification based on spot-bootstrap intervals; it is not an independent-sample or spatial-dependence-resolved test.
GSE285505	GSM8703566_Tumor26	M4_spagcn	SpaGCN-style	4	signature	SIG_EXCLUSION_CONTRAST	seed_11	0.0047951366832256	-0.0185807193182502	0.0301934535453732	False	2	1	seed_23	0		True	False	True	True	reference and alternative intervals include zero	Post-review descriptive stratification based on spot-bootstrap intervals; it is not an independent-sample or spatial-dependence-resolved test.
GSE285505	GSM8703566_Tumor26	M4_spagcn	SpaGCN-style	4	signature	SIG_EXCLUSION_TGFB_CXCL12	seed_11	0.000313764770426	-0.0276252651760298	0.0244625444162617	False	2	0		0		False	False	False	False	no opposite-sign point estimate	Post-review descriptive stratification based on spot-bootstrap intervals; it is not an independent-sample or spatial-dependence-resolved test.
GSE285505	GSM8703566_Tumor26	M4_spagcn	SpaGCN-style	4	signature	SIG_MY_SPP1	seed_11	0.0	0.0	0.0	False	2	0		0		False	False	False	False	no opposite-sign point estimate	Post-review descriptive stratification based on spot-bootstrap intervals; it is not an independent-sample or spatial-dependence-resolved test.
GSE285505	GSM8703566_Tumor26	M4_spagcn	SpaGCN-style	4	signature	SIG_TCELL	seed_11	0.0	0.0	0.0	False	2	0		0		False	False	False	False	no opposite-sign point estimate	Post-review descriptive stratification based on spot-bootstrap intervals; it is not an independent-sample or spatial-dependence-resolved test.
GSE285505	GSM8703566_Tumor26	M4_spagcn	SpaGCN-style	6	gene	COL1A1	seed_11	0.0	0.0	0.0	False	2	0		0		False	False	False	False	no opposite-sign point estimate	Post-review descriptive stratification based on spot-bootstrap intervals; it is not an independent-sample or spatial-dependence-resolved test.
GSE285505	GSM8703566_Tumor26	M4_spagcn	SpaGCN-style	6	gene	EPCAM	seed_11	-0.0804354222603835	-0.1227247533191591	-0.0380340878959659	True	2	0		0		False	False	False	False	no opposite-sign point estimate	Post-review descriptive stratification based on spot-bootstrap intervals; it is not an independent-sample or spatial-dependence-resolved test.
GSE285505	GSM8703566_Tumor26	M4_spagcn	SpaGCN-style	6	gene	FAP	seed_11	0.0	0.0	0.0	False	2	0		0		False	False	False	False	no opposite-sign point estimate	Post-review descriptive stratification based on spot-bootstrap intervals; it is not an independent-sample or spatial-dependence-resolved test.
GSE285505	GSM8703566_Tumor26	M4_spagcn	SpaGCN-style	6	gene	PTPRC	seed_11	0.0	0.0	0.0	False	2	0		0		False	False	False	False	no opposite-sign point estimate	Post-review descriptive stratification based on spot-bootstrap intervals; it is not an independent-sample or spatial-dependence-resolved test.
GSE285505	GSM8703566_Tumor26	M4_spagcn	SpaGCN-style	6	gene	SPP1	seed_11	0.0	0.0	0.0	False	2	0		0		False	False	False	False	no opposite-sign point estimate	Post-review descriptive stratification based on spot-bootstrap intervals; it is not an independent-sample or spatial-dependence-resolved test.
GSE285505	GSM8703566_Tumor26	M4_spagcn	SpaGCN-style	6	signature	SIG_CAF_FAP	seed_11	0.0144546924977726	-0.0066380903158237	0.0443104187172979	False	2	0		0		False	False	False	False	no opposite-sign point estimate	Post-review descriptive stratification based on spot-bootstrap intervals; it is not an independent-sample or spatial-dependence-resolved test.
GSE285505	GSM8703566_Tumor26	M4_spagcn	SpaGCN-style	6	signature	SIG_CYTOTOX	seed_11	0.0	0.0	0.0	False	2	0		0		False	False	False	False	no opposite-sign point estimate	Post-review descriptive stratification based on spot-bootstrap intervals; it is not an independent-sample or spatial-dependence-resolved test.
GSE285505	GSM8703566_Tumor26	M4_spagcn	SpaGCN-style	6	signature	SIG_EXCLUSION_CONTRAST	seed_11	0.022739448999067	0.0009670001979594	0.0468032098560657	True	2	0		0		False	False	False	False	no opposite-sign point estimate	Post-review descriptive stratification based on spot-bootstrap intervals; it is not an independent-sample or spatial-dependence-resolved test.
GSE285505	GSM8703566_Tumor26	M4_spagcn	SpaGCN-style	6	signature	SIG_EXCLUSION_TGFB_CXCL12	seed_11	-0.0094565540461705	-0.0354598457476326	0.0160829398592012	False	2	2	seed_23;seed_37	0		True	False	True	True	reference and alternative intervals include zero	Post-review descriptive stratification based on spot-bootstrap intervals; it is not an independent-sample or spatial-dependence-resolved test.
GSE285505	GSM8703566_Tumor26	M4_spagcn	SpaGCN-style	6	signature	SIG_MY_SPP1	seed_11	0.0	0.0	0.0	False	2	0		0		False	False	False	False	no opposite-sign point estimate	Post-review descriptive stratification based on spot-bootstrap intervals; it is not an independent-sample or spatial-dependence-resolved test.
GSE285505	GSM8703566_Tumor26	M4_spagcn	SpaGCN-style	6	signature	SIG_TCELL	seed_11	0.0	0.0	0.0	False	2	0		0		False	False	False	False	no opposite-sign point estimate	Post-review descriptive stratification based on spot-bootstrap intervals; it is not an independent-sample or spatial-dependence-resolved test.
GSE285505	GSM8703566_Tumor26	M5_stagate	STAGATE-style	4	gene	COL1A1	seed_11	0.0	0.0	0.0	False	2	0		0		False	False	False	False	no opposite-sign point estimate	Post-review descriptive stratification based on spot-bootstrap intervals; it is not an independent-sample or spatial-dependence-resolved test.
GSE285505	GSM8703566_Tumor26	M5_stagate	STAGATE-style	4	gene	EPCAM	seed_11	-0.0373708576704023	-0.0780544660667011	0.0013353549407884	False	2	0		0		False	False	False	False	no opposite-sign point estimate	Post-review descriptive stratification based on spot-bootstrap intervals; it is not an independent-sample or spatial-dependence-resolved test.
GSE285505	GSM8703566_Tumor26	M5_stagate	STAGATE-style	4	gene	FAP	seed_11	0.0	0.0	0.0	False	2	0		0		False	False	False	False	no opposite-sign point estimate	Post-review descriptive stratification based on spot-bootstrap intervals; it is not an independent-sample or spatial-dependence-resolved test.
GSE285505	GSM8703566_Tumor26	M5_stagate	STAGATE-style	4	gene	PTPRC	seed_11	0.0	0.0	0.0	False	2	0		0		False	False	False	False	no opposite-sign point estimate	Post-review descriptive stratification based on spot-bootstrap intervals; it is not an independent-sample or spatial-dependence-resolved test.
GSE285505	GSM8703566_Tumor26	M5_stagate	STAGATE-style	4	gene	SPP1	seed_11	0.0	0.0	0.0	False	2	0		0		False	False	False	False	no opposite-sign point estimate	Post-review descriptive stratification based on spot-bootstrap intervals; it is not an independent-sample or spatial-dependence-resolved test.
GSE285505	GSM8703566_Tumor26	M5_stagate	STAGATE-style	4	signature	SIG_CAF_FAP	seed_11	-0.0087955740299859	-0.0288186930555183	0.0146119485762835	False	2	0		0		False	False	False	False	no opposite-sign point estimate	Post-review descriptive stratification based on spot-bootstrap intervals; it is not an independent-sample or spatial-dependence-resolved test.
GSE285505	GSM8703566_Tumor26	M5_stagate	STAGATE-style	4	signature	SIG_CYTOTOX	seed_11	0.0	0.0	0.0	False	2	0		0		False	False	False	False	no opposite-sign point estimate	Post-review descriptive stratification based on spot-bootstrap intervals; it is not an independent-sample or spatial-dependence-resolved test.
GSE285505	GSM8703566_Tumor26	M5_stagate	STAGATE-style	4	signature	SIG_EXCLUSION_CONTRAST	seed_11	-0.0084294265058925	-0.0335482682163356	0.016650987354294	False	2	0		0		False	False	False	False	no opposite-sign point estimate	Post-review descriptive stratification based on spot-bootstrap intervals; it is not an independent-sample or spatial-dependence-resolved test.
GSE285505	GSM8703566_Tumor26	M5_stagate	STAGATE-style	4	signature	SIG_EXCLUSION_TGFB_CXCL12	seed_11	-0.0137895316401855	-0.0363741895265169	0.0129579696640014	False	2	1	seed_23	0		True	False	True	False	reference interval includes zero	Post-review descriptive stratification based on spot-bootstrap intervals; it is not an independent-sample or spatial-dependence-resolved test.
GSE285505	GSM8703566_Tumor26	M5_stagate	STAGATE-style	4	signature	SIG_MY_SPP1	seed_11	0.0	0.0	0.0	False	2	0		0		False	False	False	False	no opposite-sign point estimate	Post-review descriptive stratification based on spot-bootstrap intervals; it is not an independent-sample or spatial-dependence-resolved test.
GSE285505	GSM8703566_Tumor26	M5_stagate	STAGATE-style	4	signature	SIG_TCELL	seed_11	0.0	0.0	0.0	False	2	0		0		False	False	False	False	no opposite-sign point estimate	Post-review descriptive stratification based on spot-bootstrap intervals; it is not an independent-sample or spatial-dependence-resolved test.
GSE285505	GSM8703566_Tumor26	M5_stagate	STAGATE-style	6	gene	COL1A1	seed_11	0.0	0.0	0.0	False	2	0		0		False	False	False	False	no opposite-sign point estimate	Post-review descriptive stratification based on spot-bootstrap intervals; it is not an independent-sample or spatial-dependence-resolved test.
GSE285505	GSM8703566_Tumor26	M5_stagate	STAGATE-style	6	gene	EPCAM	seed_11	-0.0418193037876148	-0.0750361032202842	0.0004409372694615	False	2	0		0		False	False	False	False	no opposite-sign point estimate	Post-review descriptive stratification based on spot-bootstrap intervals; it is not an independent-sample or spatial-dependence-resolved test.
GSE285505	GSM8703566_Tumor26	M5_stagate	STAGATE-style	6	gene	FAP	seed_11	0.0	0.0	0.0	False	2	0		0		False	False	False	False	no opposite-sign point estimate	Post-review descriptive stratification based on spot-bootstrap intervals; it is not an independent-sample or spatial-dependence-resolved test.
GSE285505	GSM8703566_Tumor26	M5_stagate	STAGATE-style	6	gene	PTPRC	seed_11	0.0	0.0	0.0	False	2	0		0		False	False	False	False	no opposite-sign point estimate	Post-review descriptive stratification based on spot-bootstrap intervals; it is not an independent-sample or spatial-dependence-resolved test.
GSE285505	GSM8703566_Tumor26	M5_stagate	STAGATE-style	6	gene	SPP1	seed_11	0.0	0.0	0.0	False	2	0		0		False	False	False	False	no opposite-sign point estimate	Post-review descriptive stratification based on spot-bootstrap intervals; it is not an independent-sample or spatial-dependence-resolved test.
GSE285505	GSM8703566_Tumor26	M5_stagate	STAGATE-style	6	signature	SIG_CAF_FAP	seed_11	0.0034730106741591	-0.0175471332317091	0.0263415177417278	False	2	0		0		False	False	False	False	no opposite-sign point estimate	Post-review descriptive stratification based on spot-bootstrap intervals; it is not an independent-sample or spatial-dependence-resolved test.
GSE285505	GSM8703566_Tumor26	M5_stagate	STAGATE-style	6	signature	SIG_CYTOTOX	seed_11	0.0	0.0	0.0	False	2	0		0		False	False	False	False	no opposite-sign point estimate	Post-review descriptive stratification based on spot-bootstrap intervals; it is not an independent-sample or spatial-dependence-resolved test.
GSE285505	GSM8703566_Tumor26	M5_stagate	STAGATE-style	6	signature	SIG_EXCLUSION_CONTRAST	seed_11	0.002813068316628	-0.0242522093198353	0.0267886960220567	False	2	0		0		False	False	False	False	no opposite-sign point estimate	Post-review descriptive stratification based on spot-bootstrap intervals; it is not an independent-sample or spatial-dependence-resolved test.
GSE285505	GSM8703566_Tumor26	M5_stagate	STAGATE-style	6	signature	SIG_EXCLUSION_TGFB_CXCL12	seed_11	-0.0229915618496693	-0.0582560957007458	0.00189367185101	False	2	0		0		False	False	False	False	no opposite-sign point estimate	Post-review descriptive stratification based on spot-bootstrap intervals; it is not an independent-sample or spatial-dependence-resolved test.
GSE285505	GSM8703566_Tumor26	M5_stagate	STAGATE-style	6	signature	SIG_MY_SPP1	seed_11	0.0	0.0	0.0	False	2	0		0		False	False	False	False	no opposite-sign point estimate	Post-review descriptive stratification based on spot-bootstrap intervals; it is not an independent-sample or spatial-dependence-resolved test.
GSE285505	GSM8703566_Tumor26	M5_stagate	STAGATE-style	6	signature	SIG_TCELL	seed_11	0.0	0.0	0.0	False	2	0		0		False	False	False	False	no opposite-sign point estimate	Post-review descriptive stratification based on spot-bootstrap intervals; it is not an independent-sample or spatial-dependence-resolved test.
GSE311294	GSM9322957_TR11_206	BayesSpace	BayesSpace	4	gene	COL1A1	seed_11	0.2947836381924076	0.2311298366898874	0.3928943145768498	True	2	0		0		False	False	False	False	no opposite-sign point estimate	Post-review descriptive stratification based on spot-bootstrap intervals; it is not an independent-sample or spatial-dependence-resolved test.
GSE311294	GSM9322957_TR11_206	BayesSpace	BayesSpace	4	gene	EPCAM	seed_11	-0.1311986576220754	-0.2855690928159719	0.0238917195304783	False	2	1	seed_37	0		True	False	True	True	reference and alternative intervals include zero	Post-review descriptive stratification based on spot-bootstrap intervals; it is not an independent-sample or spatial-dependence-resolved test.
GSE311294	GSM9322957_TR11_206	BayesSpace	BayesSpace	4	gene	FAP	seed_11	0.0	0.0	0.0	False	2	0		0		False	False	False	False	no opposite-sign point estimate	Post-review descriptive stratification based on spot-bootstrap intervals; it is not an independent-sample or spatial-dependence-resolved test.
GSE311294	GSM9322957_TR11_206	BayesSpace	BayesSpace	4	gene	PTPRC	seed_11	0.0	0.0	0.0	False	2	0		0		False	False	False	False	no opposite-sign point estimate	Post-review descriptive stratification based on spot-bootstrap intervals; it is not an independent-sample or spatial-dependence-resolved test.
GSE311294	GSM9322957_TR11_206	BayesSpace	BayesSpace	4	gene	SPP1	seed_11	0.0	0.0	0.0	False	2	0		0		False	False	False	False	no opposite-sign point estimate	Post-review descriptive stratification based on spot-bootstrap intervals; it is not an independent-sample or spatial-dependence-resolved test.
GSE311294	GSM9322957_TR11_206	BayesSpace	BayesSpace	4	signature	SIG_CAF_FAP	seed_11	0.0883974004408036	0.0255819513873645	0.1563346153373341	True	2	1	seed_37	0		True	False	False	False	alternative interval includes zero	Post-review descriptive stratification based on spot-bootstrap intervals; it is not an independent-sample or spatial-dependence-resolved test.
GSE311294	GSM9322957_TR11_206	BayesSpace	BayesSpace	4	signature	SIG_CYTOTOX	seed_11	0.0	0.0	0.0	False	2	0		0		False	False	False	False	no opposite-sign point estimate	Post-review descriptive stratification based on spot-bootstrap intervals; it is not an independent-sample or spatial-dependence-resolved test.
GSE311294	GSM9322957_TR11_206	BayesSpace	BayesSpace	4	signature	SIG_EXCLUSION_CONTRAST	seed_11	0.0679099990910674	0.003629495113884	0.143791115174681	True	2	1	seed_37	1	seed_37	True	True	False	False	reference and alternative intervals exclude zero	Post-review descriptive stratification based on spot-bootstrap intervals; it is not an independent-sample or spatial-dependence-resolved test.
GSE311294	GSM9322957_TR11_206	BayesSpace	BayesSpace	4	signature	SIG_EXCLUSION_TGFB_CXCL12	seed_11	0.0570280423276368	0.0031591816158424	0.1068393730857585	True	2	1	seed_37	1	seed_37	True	True	False	False	reference and alternative intervals exclude zero	Post-review descriptive stratification based on spot-bootstrap intervals; it is not an independent-sample or spatial-dependence-resolved test.
GSE311294	GSM9322957_TR11_206	BayesSpace	BayesSpace	4	signature	SIG_MY_SPP1	seed_11	-0.007308210595959	-0.0257234320373374	0.0124909430482903	False	2	0		0		False	False	False	False	no opposite-sign point estimate	Post-review descriptive stratification based on spot-bootstrap intervals; it is not an independent-sample or spatial-dependence-resolved test.
GSE311294	GSM9322957_TR11_206	BayesSpace	BayesSpace	4	signature	SIG_TCELL	seed_11	0.0	0.0	0.0	False	2	0		0		False	False	False	False	no opposite-sign point estimate	Post-review descriptive stratification based on spot-bootstrap intervals; it is not an independent-sample or spatial-dependence-resolved test.
GSE311294	GSM9322957_TR11_206	BayesSpace	BayesSpace	6	gene	COL1A1	seed_11	-0.2989273875716409	-0.3925017874250039	-0.2071316061482473	True	2	1	seed_23	0		True	False	False	False	alternative interval includes zero	Post-review descriptive stratification based on spot-bootstrap intervals; it is not an independent-sample or spatial-dependence-resolved test.
GSE311294	GSM9322957_TR11_206	BayesSpace	BayesSpace	6	gene	EPCAM	seed_11	2.10742146012732	2.042244780472626	2.173800382493311	True	2	0		0		False	False	False	False	no opposite-sign point estimate	Post-review descriptive stratification based on spot-bootstrap intervals; it is not an independent-sample or spatial-dependence-resolved test.
GSE311294	GSM9322957_TR11_206	BayesSpace	BayesSpace	6	gene	FAP	seed_11	0.0	0.0	0.0	False	2	0		0		False	False	False	False	no opposite-sign point estimate	Post-review descriptive stratification based on spot-bootstrap intervals; it is not an independent-sample or spatial-dependence-resolved test.
GSE311294	GSM9322957_TR11_206	BayesSpace	BayesSpace	6	gene	PTPRC	seed_11	0.0	0.0	0.0	False	2	0		0		False	False	False	False	no opposite-sign point estimate	Post-review descriptive stratification based on spot-bootstrap intervals; it is not an independent-sample or spatial-dependence-resolved test.
GSE311294	GSM9322957_TR11_206	BayesSpace	BayesSpace	6	gene	SPP1	seed_11	0.0	0.0	0.0	False	2	0		0		False	False	False	False	no opposite-sign point estimate	Post-review descriptive stratification based on spot-bootstrap intervals; it is not an independent-sample or spatial-dependence-resolved test.
GSE311294	GSM9322957_TR11_206	BayesSpace	BayesSpace	6	signature	SIG_CAF_FAP	seed_11	-0.233927030225779	-0.2922313241252434	-0.1735738557688874	True	2	0		0		False	False	False	False	no opposite-sign point estimate	Post-review descriptive stratification based on spot-bootstrap intervals; it is not an independent-sample or spatial-dependence-resolved test.
GSE311294	GSM9322957_TR11_206	BayesSpace	BayesSpace	6	signature	SIG_CYTOTOX	seed_11	0.0	0.0	0.0	False	2	0		0		False	False	False	False	no opposite-sign point estimate	Post-review descriptive stratification based on spot-bootstrap intervals; it is not an independent-sample or spatial-dependence-resolved test.
GSE311294	GSM9322957_TR11_206	BayesSpace	BayesSpace	6	signature	SIG_EXCLUSION_CONTRAST	seed_11	-0.2462207555304287	-0.309922210831011	-0.1767168215451332	True	2	0		0		False	False	False	False	no opposite-sign point estimate	Post-review descriptive stratification based on spot-bootstrap intervals; it is not an independent-sample or spatial-dependence-resolved test.
GSE311294	GSM9322957_TR11_206	BayesSpace	BayesSpace	6	signature	SIG_EXCLUSION_TGFB_CXCL12	seed_11	-0.4975481896877409	-0.5577380881455838	-0.4383316499438844	True	2	0		0		False	False	False	False	no opposite-sign point estimate	Post-review descriptive stratification based on spot-bootstrap intervals; it is not an independent-sample or spatial-dependence-resolved test.
GSE311294	GSM9322957_TR11_206	BayesSpace	BayesSpace	6	signature	SIG_MY_SPP1	seed_11	-0.0165352112806588	-0.0323223831615588	0.0007238079713026	False	2	0		0		False	False	False	False	no opposite-sign point estimate	Post-review descriptive stratification based on spot-bootstrap intervals; it is not an independent-sample or spatial-dependence-resolved test.
GSE311294	GSM9322957_TR11_206	BayesSpace	BayesSpace	6	signature	SIG_TCELL	seed_11	0.0	0.0	0.0	False	2	0		0		False	False	False	False	no opposite-sign point estimate	Post-review descriptive stratification based on spot-bootstrap intervals; it is not an independent-sample or spatial-dependence-resolved test.
GSE311294	GSM9322957_TR11_206	M0_expr_kmeans	expression-only k-means	4	gene	COL1A1	seed_11	0.1772848047027517	0.0690985593782674	0.2497207826587887	True	2	0		0		False	False	False	False	no opposite-sign point estimate	Post-review descriptive stratification based on spot-bootstrap intervals; it is not an independent-sample or spatial-dependence-resolved test.
GSE311294	GSM9322957_TR11_206	M0_expr_kmeans	expression-only k-means	4	gene	EPCAM	seed_11	1.963822269372124	1.908614736789357	2.013488423490983	True	2	0		0		False	False	False	False	no opposite-sign point estimate	Post-review descriptive stratification based on spot-bootstrap intervals; it is not an independent-sample or spatial-dependence-resolved test.
GSE311294	GSM9322957_TR11_206	M0_expr_kmeans	expression-only k-means	4	gene	FAP	seed_11	0.0	0.0	0.0	False	2	0		0		False	False	False	False	no opposite-sign point estimate	Post-review descriptive stratification based on spot-bootstrap intervals; it is not an independent-sample or spatial-dependence-resolved test.
GSE311294	GSM9322957_TR11_206	M0_expr_kmeans	expression-only k-means	4	gene	PTPRC	seed_11	0.0	0.0	0.0	False	2	0		0		False	False	False	False	no opposite-sign point estimate	Post-review descriptive stratification based on spot-bootstrap intervals; it is not an independent-sample or spatial-dependence-resolved test.
GSE311294	GSM9322957_TR11_206	M0_expr_kmeans	expression-only k-means	4	gene	SPP1	seed_11	0.0	0.0	0.0	False	2	0		0		False	False	False	False	no opposite-sign point estimate	Post-review descriptive stratification based on spot-bootstrap intervals; it is not an independent-sample or spatial-dependence-resolved test.
GSE311294	GSM9322957_TR11_206	M0_expr_kmeans	expression-only k-means	4	signature	SIG_CAF_FAP	seed_11	-0.022939430150076	-0.0890446036723105	0.0532138663825506	False	2	0		0		False	False	False	False	no opposite-sign point estimate	Post-review descriptive stratification based on spot-bootstrap intervals; it is not an independent-sample or spatial-dependence-resolved test.
GSE311294	GSM9322957_TR11_206	M0_expr_kmeans	expression-only k-means	4	signature	SIG_CYTOTOX	seed_11	0.0	0.0	0.0	False	2	0		0		False	False	False	False	no opposite-sign point estimate	Post-review descriptive stratification based on spot-bootstrap intervals; it is not an independent-sample or spatial-dependence-resolved test.
GSE311294	GSM9322957_TR11_206	M0_expr_kmeans	expression-only k-means	4	signature	SIG_EXCLUSION_CONTRAST	seed_11	-0.0263519428304377	-0.1108963675495914	0.0357423448379904	False	2	0		0		False	False	False	False	no opposite-sign point estimate	Post-review descriptive stratification based on spot-bootstrap intervals; it is not an independent-sample or spatial-dependence-resolved test.
GSE311294	GSM9322957_TR11_206	M0_expr_kmeans	expression-only k-means	4	signature	SIG_EXCLUSION_TGFB_CXCL12	seed_11	-0.3522496512502113	-0.4468008174694268	-0.2809713270430652	True	2	0		0		False	False	False	False	no opposite-sign point estimate	Post-review descriptive stratification based on spot-bootstrap intervals; it is not an independent-sample or spatial-dependence-resolved test.
GSE311294	GSM9322957_TR11_206	M0_expr_kmeans	expression-only k-means	4	signature	SIG_MY_SPP1	seed_11	-0.006955518480499	-0.026352404414742	0.0083371122874754	False	2	0		0		False	False	False	False	no opposite-sign point estimate	Post-review descriptive stratification based on spot-bootstrap intervals; it is not an independent-sample or spatial-dependence-resolved test.
GSE311294	GSM9322957_TR11_206	M0_expr_kmeans	expression-only k-means	4	signature	SIG_TCELL	seed_11	0.0	0.0	0.0	False	2	0		0		False	False	False	False	no opposite-sign point estimate	Post-review descriptive stratification based on spot-bootstrap intervals; it is not an independent-sample or spatial-dependence-resolved test.
GSE311294	GSM9322957_TR11_206	M0_expr_kmeans	expression-only k-means	6	gene	COL1A1	seed_11	0.0505421983062501	-0.09058628458083	0.1566801104858439	False	2	0		0		False	False	False	False	no opposite-sign point estimate	Post-review descriptive stratification based on spot-bootstrap intervals; it is not an independent-sample or spatial-dependence-resolved test.
GSE311294	GSM9322957_TR11_206	M0_expr_kmeans	expression-only k-means	6	gene	EPCAM	seed_11	1.9731791810278143	1.9198682523964612	2.019495667353725	True	2	0		0		False	False	False	False	no opposite-sign point estimate	Post-review descriptive stratification based on spot-bootstrap intervals; it is not an independent-sample or spatial-dependence-resolved test.
GSE311294	GSM9322957_TR11_206	M0_expr_kmeans	expression-only k-means	6	gene	FAP	seed_11	0.0	0.0	0.0	False	2	0		0		False	False	False	False	no opposite-sign point estimate	Post-review descriptive stratification based on spot-bootstrap intervals; it is not an independent-sample or spatial-dependence-resolved test.
GSE311294	GSM9322957_TR11_206	M0_expr_kmeans	expression-only k-means	6	gene	PTPRC	seed_11	0.0	0.0	0.0	False	2	0		0		False	False	False	False	no opposite-sign point estimate	Post-review descriptive stratification based on spot-bootstrap intervals; it is not an independent-sample or spatial-dependence-resolved test.
GSE311294	GSM9322957_TR11_206	M0_expr_kmeans	expression-only k-means	6	gene	SPP1	seed_11	0.0	0.0	0.0	False	2	0		0		False	False	False	False	no opposite-sign point estimate	Post-review descriptive stratification based on spot-bootstrap intervals; it is not an independent-sample or spatial-dependence-resolved test.
GSE311294	GSM9322957_TR11_206	M0_expr_kmeans	expression-only k-means	6	signature	SIG_CAF_FAP	seed_11	-0.127482165239825	-0.1866070000742459	-0.0721485755633682	True	2	0		0		False	False	False	False	no opposite-sign point estimate	Post-review descriptive stratification based on spot-bootstrap intervals; it is not an independent-sample or spatial-dependence-resolved test.
GSE311294	GSM9322957_TR11_206	M0_expr_kmeans	expression-only k-means	6	signature	SIG_CYTOTOX	seed_11	0.0	0.0	0.0	False	2	0		0		False	False	False	False	no opposite-sign point estimate	Post-review descriptive stratification based on spot-bootstrap intervals; it is not an independent-sample or spatial-dependence-resolved test.
GSE311294	GSM9322957_TR11_206	M0_expr_kmeans	expression-only k-means	6	signature	SIG_EXCLUSION_CONTRAST	seed_11	-0.1530885687780578	-0.2252364281066384	-0.0786233846914243	True	2	0		0		False	False	False	False	no opposite-sign point estimate	Post-review descriptive stratification based on spot-bootstrap intervals; it is not an independent-sample or spatial-dependence-resolved test.
GSE311294	GSM9322957_TR11_206	M0_expr_kmeans	expression-only k-means	6	signature	SIG_EXCLUSION_TGFB_CXCL12	seed_11	-0.4777976496053062	-0.5346545726747455	-0.4193359385073831	True	2	0		0		False	False	False	False	no opposite-sign point estimate	Post-review descriptive stratification based on spot-bootstrap intervals; it is not an independent-sample or spatial-dependence-resolved test.
GSE311294	GSM9322957_TR11_206	M0_expr_kmeans	expression-only k-means	6	signature	SIG_MY_SPP1	seed_11	-0.0131108115084553	-0.0322560173942994	0.0043941473823491	False	2	0		0		False	False	False	False	no opposite-sign point estimate	Post-review descriptive stratification based on spot-bootstrap intervals; it is not an independent-sample or spatial-dependence-resolved test.
GSE311294	GSM9322957_TR11_206	M0_expr_kmeans	expression-only k-means	6	signature	SIG_TCELL	seed_11	0.0	0.0	0.0	False	2	0		0		False	False	False	False	no opposite-sign point estimate	Post-review descriptive stratification based on spot-bootstrap intervals; it is not an independent-sample or spatial-dependence-resolved test.
GSE311294	GSM9322957_TR11_206	M1_spatial_concat_kmeans	coordinate-augmented k-means	4	gene	COL1A1	seed_11	0.1772848047027517	0.0677515707001491	0.2534743986229452	True	2	0		0		False	False	False	False	no opposite-sign point estimate	Post-review descriptive stratification based on spot-bootstrap intervals; it is not an independent-sample or spatial-dependence-resolved test.
GSE311294	GSM9322957_TR11_206	M1_spatial_concat_kmeans	coordinate-augmented k-means	4	gene	EPCAM	seed_11	1.963822269372124	1.9126474910630744	2.017139826531166	True	2	0		0		False	False	False	False	no opposite-sign point estimate	Post-review descriptive stratification based on spot-bootstrap intervals; it is not an independent-sample or spatial-dependence-resolved test.
GSE311294	GSM9322957_TR11_206	M1_spatial_concat_kmeans	coordinate-augmented k-means	4	gene	FAP	seed_11	0.0	0.0	0.0	False	2	0		0		False	False	False	False	no opposite-sign point estimate	Post-review descriptive stratification based on spot-bootstrap intervals; it is not an independent-sample or spatial-dependence-resolved test.
GSE311294	GSM9322957_TR11_206	M1_spatial_concat_kmeans	coordinate-augmented k-means	4	gene	PTPRC	seed_11	0.0	0.0	0.0	False	2	0		0		False	False	False	False	no opposite-sign point estimate	Post-review descriptive stratification based on spot-bootstrap intervals; it is not an independent-sample or spatial-dependence-resolved test.
GSE311294	GSM9322957_TR11_206	M1_spatial_concat_kmeans	coordinate-augmented k-means	4	gene	SPP1	seed_11	0.0	0.0	0.0	False	2	0		0		False	False	False	False	no opposite-sign point estimate	Post-review descriptive stratification based on spot-bootstrap intervals; it is not an independent-sample or spatial-dependence-resolved test.
GSE311294	GSM9322957_TR11_206	M1_spatial_concat_kmeans	coordinate-augmented k-means	4	signature	SIG_CAF_FAP	seed_11	-0.022939430150076	-0.092353084395551	0.0500065009474294	False	2	0		0		False	False	False	False	no opposite-sign point estimate	Post-review descriptive stratification based on spot-bootstrap intervals; it is not an independent-sample or spatial-dependence-resolved test.
GSE311294	GSM9322957_TR11_206	M1_spatial_concat_kmeans	coordinate-augmented k-means	4	signature	SIG_CYTOTOX	seed_11	0.0	0.0	0.0	False	2	0		0		False	False	False	False	no opposite-sign point estimate	Post-review descriptive stratification based on spot-bootstrap intervals; it is not an independent-sample or spatial-dependence-resolved test.
GSE311294	GSM9322957_TR11_206	M1_spatial_concat_kmeans	coordinate-augmented k-means	4	signature	SIG_EXCLUSION_CONTRAST	seed_11	-0.0263519428304377	-0.1123921997172775	0.039035960303819	False	2	0		0		False	False	False	False	no opposite-sign point estimate	Post-review descriptive stratification based on spot-bootstrap intervals; it is not an independent-sample or spatial-dependence-resolved test.
GSE311294	GSM9322957_TR11_206	M1_spatial_concat_kmeans	coordinate-augmented k-means	4	signature	SIG_EXCLUSION_TGFB_CXCL12	seed_11	-0.3522496512502113	-0.4411056802572006	-0.2887100367049606	True	2	0		0		False	False	False	False	no opposite-sign point estimate	Post-review descriptive stratification based on spot-bootstrap intervals; it is not an independent-sample or spatial-dependence-resolved test.
GSE311294	GSM9322957_TR11_206	M1_spatial_concat_kmeans	coordinate-augmented k-means	4	signature	SIG_MY_SPP1	seed_11	-0.006955518480499	-0.025876845458276	0.0076361575500527	False	2	0		0		False	False	False	False	no opposite-sign point estimate	Post-review descriptive stratification based on spot-bootstrap intervals; it is not an independent-sample or spatial-dependence-resolved test.
GSE311294	GSM9322957_TR11_206	M1_spatial_concat_kmeans	coordinate-augmented k-means	4	signature	SIG_TCELL	seed_11	0.0	0.0	0.0	False	2	0		0		False	False	False	False	no opposite-sign point estimate	Post-review descriptive stratification based on spot-bootstrap intervals; it is not an independent-sample or spatial-dependence-resolved test.
GSE311294	GSM9322957_TR11_206	M1_spatial_concat_kmeans	coordinate-augmented k-means	6	gene	COL1A1	seed_11	0.0516991870307594	-0.0800013673697736	0.1651749520462533	False	2	0		0		False	False	False	False	no opposite-sign point estimate	Post-review descriptive stratification based on spot-bootstrap intervals; it is not an independent-sample or spatial-dependence-resolved test.
GSE311294	GSM9322957_TR11_206	M1_spatial_concat_kmeans	coordinate-augmented k-means	6	gene	EPCAM	seed_11	1.974385346514027	1.9204332238743769	2.019684598876624	True	2	0		0		False	False	False	False	no opposite-sign point estimate	Post-review descriptive stratification based on spot-bootstrap intervals; it is not an independent-sample or spatial-dependence-resolved test.
GSE311294	GSM9322957_TR11_206	M1_spatial_concat_kmeans	coordinate-augmented k-means	6	gene	FAP	seed_11	0.0	0.0	0.0	False	2	0		0		False	False	False	False	no opposite-sign point estimate	Post-review descriptive stratification based on spot-bootstrap intervals; it is not an independent-sample or spatial-dependence-resolved test.
GSE311294	GSM9322957_TR11_206	M1_spatial_concat_kmeans	coordinate-augmented k-means	6	gene	PTPRC	seed_11	0.0	0.0	0.0	False	2	0		0		False	False	False	False	no opposite-sign point estimate	Post-review descriptive stratification based on spot-bootstrap intervals; it is not an independent-sample or spatial-dependence-resolved test.
GSE311294	GSM9322957_TR11_206	M1_spatial_concat_kmeans	coordinate-augmented k-means	6	gene	SPP1	seed_11	0.0	0.0	0.0	False	2	0		0		False	False	False	False	no opposite-sign point estimate	Post-review descriptive stratification based on spot-bootstrap intervals; it is not an independent-sample or spatial-dependence-resolved test.
GSE311294	GSM9322957_TR11_206	M1_spatial_concat_kmeans	coordinate-augmented k-means	6	signature	SIG_CAF_FAP	seed_11	-0.1266823905705194	-0.1791579847001444	-0.0727387340497248	True	2	0		0		False	False	False	False	no opposite-sign point estimate	Post-review descriptive stratification based on spot-bootstrap intervals; it is not an independent-sample or spatial-dependence-resolved test.
GSE311294	GSM9322957_TR11_206	M1_spatial_concat_kmeans	coordinate-augmented k-means	6	signature	SIG_CYTOTOX	seed_11	0.0	0.0	0.0	False	2	0		0		False	False	False	False	no opposite-sign point estimate	Post-review descriptive stratification based on spot-bootstrap intervals; it is not an independent-sample or spatial-dependence-resolved test.
GSE311294	GSM9322957_TR11_206	M1_spatial_concat_kmeans	coordinate-augmented k-means	6	signature	SIG_EXCLUSION_CONTRAST	seed_11	-0.1495675882168472	-0.2282344796722672	-0.0674061608168326	True	2	0		0		False	False	False	False	no opposite-sign point estimate	Post-review descriptive stratification based on spot-bootstrap intervals; it is not an independent-sample or spatial-dependence-resolved test.
GSE311294	GSM9322957_TR11_206	M1_spatial_concat_kmeans	coordinate-augmented k-means	6	signature	SIG_EXCLUSION_TGFB_CXCL12	seed_11	-0.4773828242776099	-0.5343444621504055	-0.4174035630949878	True	2	0		0		False	False	False	False	no opposite-sign point estimate	Post-review descriptive stratification based on spot-bootstrap intervals; it is not an independent-sample or spatial-dependence-resolved test.
GSE311294	GSM9322957_TR11_206	M1_spatial_concat_kmeans	coordinate-augmented k-means	6	signature	SIG_MY_SPP1	seed_11	-0.013798932657388	-0.0331990446246162	0.0040829853237322	False	2	0		0		False	False	False	False	no opposite-sign point estimate	Post-review descriptive stratification based on spot-bootstrap intervals; it is not an independent-sample or spatial-dependence-resolved test.
GSE311294	GSM9322957_TR11_206	M1_spatial_concat_kmeans	coordinate-augmented k-means	6	signature	SIG_TCELL	seed_11	0.0	0.0	0.0	False	2	0		0		False	False	False	False	no opposite-sign point estimate	Post-review descriptive stratification based on spot-bootstrap intervals; it is not an independent-sample or spatial-dependence-resolved test.
GSE311294	GSM9322957_TR11_206	M2_spatial_ward	spatial Ward	4	gene	COL1A1	neighbors_6	0.1010277395919958	-0.0427059653297358	0.2108843774301507	False	2	0		0		False	False	False	False	no opposite-sign point estimate	Post-review descriptive stratification based on spot-bootstrap intervals; it is not an independent-sample or spatial-dependence-resolved test.
GSE311294	GSM9322957_TR11_206	M2_spatial_ward	spatial Ward	4	gene	EPCAM	neighbors_6	-0.4528898976679603	-0.8013265489116081	-0.2808956323546552	True	2	1	neighbors_8	0		True	False	False	False	alternative interval includes zero	Post-review descriptive stratification based on spot-bootstrap intervals; it is not an independent-sample or spatial-dependence-resolved test.
GSE311294	GSM9322957_TR11_206	M2_spatial_ward	spatial Ward	4	gene	FAP	neighbors_6	0.0	0.0	0.0	False	2	0		0		False	False	False	False	no opposite-sign point estimate	Post-review descriptive stratification based on spot-bootstrap intervals; it is not an independent-sample or spatial-dependence-resolved test.
GSE311294	GSM9322957_TR11_206	M2_spatial_ward	spatial Ward	4	gene	PTPRC	neighbors_6	0.0	0.0	0.0	False	2	0		0		False	False	False	False	no opposite-sign point estimate	Post-review descriptive stratification based on spot-bootstrap intervals; it is not an independent-sample or spatial-dependence-resolved test.
GSE311294	GSM9322957_TR11_206	M2_spatial_ward	spatial Ward	4	gene	SPP1	neighbors_6	0.0	0.0	0.0	False	2	0		0		False	False	False	False	no opposite-sign point estimate	Post-review descriptive stratification based on spot-bootstrap intervals; it is not an independent-sample or spatial-dependence-resolved test.
GSE311294	GSM9322957_TR11_206	M2_spatial_ward	spatial Ward	4	signature	SIG_CAF_FAP	neighbors_6	-0.062951095724576	-0.1196222632057317	0.0051938300974762	False	2	2	neighbors_4;neighbors_8	0		True	False	True	True	reference and alternative intervals include zero	Post-review descriptive stratification based on spot-bootstrap intervals; it is not an independent-sample or spatial-dependence-resolved test.
GSE311294	GSM9322957_TR11_206	M2_spatial_ward	spatial Ward	4	signature	SIG_CYTOTOX	neighbors_6	0.0	0.0	0.0	False	2	0		0		False	False	False	False	no opposite-sign point estimate	Post-review descriptive stratification based on spot-bootstrap intervals; it is not an independent-sample or spatial-dependence-resolved test.
GSE311294	GSM9322957_TR11_206	M2_spatial_ward	spatial Ward	4	signature	SIG_EXCLUSION_CONTRAST	neighbors_6	-0.1203538685116656	-0.1899565421589955	-0.0588509078542597	True	2	1	neighbors_4	0		True	False	False	False	alternative interval includes zero	Post-review descriptive stratification based on spot-bootstrap intervals; it is not an independent-sample or spatial-dependence-resolved test.
GSE311294	GSM9322957_TR11_206	M2_spatial_ward	spatial Ward	4	signature	SIG_EXCLUSION_TGFB_CXCL12	neighbors_6	0.0467357315428116	-0.0014028571197122	0.1088269385085079	False	2	2	neighbors_4;neighbors_8	0		True	False	True	True	reference and alternative intervals include zero	Post-review descriptive stratification based on spot-bootstrap intervals; it is not an independent-sample or spatial-dependence-resolved test.
GSE311294	GSM9322957_TR11_206	M2_spatial_ward	spatial Ward	4	signature	SIG_MY_SPP1	neighbors_6	-0.0679012867896198	-0.0956487868869071	-0.0416191427666594	True	2	0		0		False	False	False	False	no opposite-sign point estimate	Post-review descriptive stratification based on spot-bootstrap intervals; it is not an independent-sample or spatial-dependence-resolved test.
GSE311294	GSM9322957_TR11_206	M2_spatial_ward	spatial Ward	4	signature	SIG_TCELL	neighbors_6	0.0	0.0	0.0	False	2	0		0		False	False	False	False	no opposite-sign point estimate	Post-review descriptive stratification based on spot-bootstrap intervals; it is not an independent-sample or spatial-dependence-resolved test.
GSE311294	GSM9322957_TR11_206	M2_spatial_ward	spatial Ward	6	gene	COL1A1	neighbors_6	-0.0674205646905719	-0.1794947770147932	0.0553449360852328	False	2	0		0		False	False	False	False	no opposite-sign point estimate	Post-review descriptive stratification based on spot-bootstrap intervals; it is not an independent-sample or spatial-dependence-resolved test.
GSE311294	GSM9322957_TR11_206	M2_spatial_ward	spatial Ward	6	gene	EPCAM	neighbors_6	-0.0939260395066587	-0.2290862057544853	0.040442144294737	False	2	1	neighbors_8	0		True	False	True	False	reference interval includes zero	Post-review descriptive stratification based on spot-bootstrap intervals; it is not an independent-sample or spatial-dependence-resolved test.
GSE311294	GSM9322957_TR11_206	M2_spatial_ward	spatial Ward	6	gene	FAP	neighbors_6	0.0	0.0	0.0	False	2	0		0		False	False	False	False	no opposite-sign point estimate	Post-review descriptive stratification based on spot-bootstrap intervals; it is not an independent-sample or spatial-dependence-resolved test.
GSE311294	GSM9322957_TR11_206	M2_spatial_ward	spatial Ward	6	gene	PTPRC	neighbors_6	0.0	0.0	0.0	False	2	0		0		False	False	False	False	no opposite-sign point estimate	Post-review descriptive stratification based on spot-bootstrap intervals; it is not an independent-sample or spatial-dependence-resolved test.
GSE311294	GSM9322957_TR11_206	M2_spatial_ward	spatial Ward	6	gene	SPP1	neighbors_6	0.0	0.0	0.0	False	2	0		0		False	False	False	False	no opposite-sign point estimate	Post-review descriptive stratification based on spot-bootstrap intervals; it is not an independent-sample or spatial-dependence-resolved test.
GSE311294	GSM9322957_TR11_206	M2_spatial_ward	spatial Ward	6	signature	SIG_CAF_FAP	neighbors_6	-0.1380199444784335	-0.2048276912462973	-0.0871833286982299	True	2	0		0		False	False	False	False	no opposite-sign point estimate	Post-review descriptive stratification based on spot-bootstrap intervals; it is not an independent-sample or spatial-dependence-resolved test.
GSE311294	GSM9322957_TR11_206	M2_spatial_ward	spatial Ward	6	signature	SIG_CYTOTOX	neighbors_6	0.0	0.0	0.0	False	2	0		0		False	False	False	False	no opposite-sign point estimate	Post-review descriptive stratification based on spot-bootstrap intervals; it is not an independent-sample or spatial-dependence-resolved test.
GSE311294	GSM9322957_TR11_206	M2_spatial_ward	spatial Ward	6	signature	SIG_EXCLUSION_CONTRAST	neighbors_6	-0.2047447188410038	-0.2738593580468015	-0.1373636053621794	True	2	0		0		False	False	False	False	no opposite-sign point estimate	Post-review descriptive stratification based on spot-bootstrap intervals; it is not an independent-sample or spatial-dependence-resolved test.
GSE311294	GSM9322957_TR11_206	M2_spatial_ward	spatial Ward	6	signature	SIG_EXCLUSION_TGFB_CXCL12	neighbors_6	-0.1107793212443075	-0.1727484831985745	-0.0474748311379843	True	2	0		0		False	False	False	False	no opposite-sign point estimate	Post-review descriptive stratification based on spot-bootstrap intervals; it is not an independent-sample or spatial-dependence-resolved test.
GSE311294	GSM9322957_TR11_206	M2_spatial_ward	spatial Ward	6	signature	SIG_MY_SPP1	neighbors_6	-0.0768790935948262	-0.1010965106351895	-0.0575287046319747	True	2	0		0		False	False	False	False	no opposite-sign point estimate	Post-review descriptive stratification based on spot-bootstrap intervals; it is not an independent-sample or spatial-dependence-resolved test.
GSE311294	GSM9322957_TR11_206	M2_spatial_ward	spatial Ward	6	signature	SIG_TCELL	neighbors_6	0.0	0.0	0.0	False	2	0		0		False	False	False	False	no opposite-sign point estimate	Post-review descriptive stratification based on spot-bootstrap intervals; it is not an independent-sample or spatial-dependence-resolved test.
GSE311294	GSM9322957_TR11_206	M3_spatial_leiden	spatial Leiden	4	gene	COL1A1	seed_11	-0.0816650592714172	-0.2691289378500751	0.102564705959325	False	1	0		0		False	False	False	False	no opposite-sign point estimate	Post-review descriptive stratification based on spot-bootstrap intervals; it is not an independent-sample or spatial-dependence-resolved test.
GSE311294	GSM9322957_TR11_206	M3_spatial_leiden	spatial Leiden	4	gene	EPCAM	seed_11	0.3075876405308255	0.1037838497482678	0.4539251699236361	True	1	0		0		False	False	False	False	no opposite-sign point estimate	Post-review descriptive stratification based on spot-bootstrap intervals; it is not an independent-sample or spatial-dependence-resolved test.
GSE311294	GSM9322957_TR11_206	M3_spatial_leiden	spatial Leiden	4	gene	FAP	seed_11	0.0	0.0	0.0	False	1	0		0		False	False	False	False	no opposite-sign point estimate	Post-review descriptive stratification based on spot-bootstrap intervals; it is not an independent-sample or spatial-dependence-resolved test.
GSE311294	GSM9322957_TR11_206	M3_spatial_leiden	spatial Leiden	4	gene	PTPRC	seed_11	0.0	0.0	0.0	False	1	0		0		False	False	False	False	no opposite-sign point estimate	Post-review descriptive stratification based on spot-bootstrap intervals; it is not an independent-sample or spatial-dependence-resolved test.
GSE311294	GSM9322957_TR11_206	M3_spatial_leiden	spatial Leiden	4	gene	SPP1	seed_11	0.0	0.0	0.0	False	1	0		0		False	False	False	False	no opposite-sign point estimate	Post-review descriptive stratification based on spot-bootstrap intervals; it is not an independent-sample or spatial-dependence-resolved test.
GSE311294	GSM9322957_TR11_206	M3_spatial_leiden	spatial Leiden	4	signature	SIG_CAF_FAP	seed_11	-0.0874388494890405	-0.1964538081554926	0.023750774391674	False	1	0		0		False	False	False	False	no opposite-sign point estimate	Post-review descriptive stratification based on spot-bootstrap intervals; it is not an independent-sample or spatial-dependence-resolved test.
GSE311294	GSM9322957_TR11_206	M3_spatial_leiden	spatial Leiden	4	signature	SIG_CYTOTOX	seed_11	0.0	0.0	0.0	False	1	0		0		False	False	False	False	no opposite-sign point estimate	Post-review descriptive stratification based on spot-bootstrap intervals; it is not an independent-sample or spatial-dependence-resolved test.
GSE311294	GSM9322957_TR11_206	M3_spatial_leiden	spatial Leiden	4	signature	SIG_EXCLUSION_CONTRAST	seed_11	-0.0932949838998189	-0.2209512876071126	0.0605474254327634	False	1	0		0		False	False	False	False	no opposite-sign point estimate	Post-review descriptive stratification based on spot-bootstrap intervals; it is not an independent-sample or spatial-dependence-resolved test.
GSE311294	GSM9322957_TR11_206	M3_spatial_leiden	spatial Leiden	4	signature	SIG_EXCLUSION_TGFB_CXCL12	seed_11	-0.1419594331688836	-0.254131120342681	-0.0251990655580657	True	1	0		0		False	False	False	False	no opposite-sign point estimate	Post-review descriptive stratification based on spot-bootstrap intervals; it is not an independent-sample or spatial-dependence-resolved test.
GSE311294	GSM9322957_TR11_206	M3_spatial_leiden	spatial Leiden	4	signature	SIG_MY_SPP1	seed_11	-0.0343970719978503	-0.0832460963741102	-0.0003703170478989	True	1	0		0		False	False	False	False	no opposite-sign point estimate	Post-review descriptive stratification based on spot-bootstrap intervals; it is not an independent-sample or spatial-dependence-resolved test.
GSE311294	GSM9322957_TR11_206	M3_spatial_leiden	spatial Leiden	4	signature	SIG_TCELL	seed_11	0.0	0.0	0.0	False	1	0		0		False	False	False	False	no opposite-sign point estimate	Post-review descriptive stratification based on spot-bootstrap intervals; it is not an independent-sample or spatial-dependence-resolved test.
GSE311294	GSM9322957_TR11_206	M3_spatial_leiden	spatial Leiden	6	gene	COL1A1	seed_11	-0.1695109805383179	-0.2805162727603959	0.0012314494117383	False	2	2	seed_23;seed_37	0		True	False	True	True	reference and alternative intervals include zero	Post-review descriptive stratification based on spot-bootstrap intervals; it is not an independent-sample or spatial-dependence-resolved test.
GSE311294	GSM9322957_TR11_206	M3_spatial_leiden	spatial Leiden	6	gene	EPCAM	seed_11	-0.3339007493400234	-0.830353952596309	-0.1384894945824774	True	2	1	seed_37	0		True	False	False	False	alternative interval includes zero	Post-review descriptive stratification based on spot-bootstrap intervals; it is not an independent-sample or spatial-dependence-resolved test.
GSE311294	GSM9322957_TR11_206	M3_spatial_leiden	spatial Leiden	6	gene	FAP	seed_11	0.0	0.0	0.0	False	2	0		0		False	False	False	False	no opposite-sign point estimate	Post-review descriptive stratification based on spot-bootstrap intervals; it is not an independent-sample or spatial-dependence-resolved test.
GSE311294	GSM9322957_TR11_206	M3_spatial_leiden	spatial Leiden	6	gene	PTPRC	seed_11	0.0	0.0	0.0	False	2	0		0		False	False	False	False	no opposite-sign point estimate	Post-review descriptive stratification based on spot-bootstrap intervals; it is not an independent-sample or spatial-dependence-resolved test.
GSE311294	GSM9322957_TR11_206	M3_spatial_leiden	spatial Leiden	6	gene	SPP1	seed_11	0.0	0.0	0.0	False	2	0		0		False	False	False	False	no opposite-sign point estimate	Post-review descriptive stratification based on spot-bootstrap intervals; it is not an independent-sample or spatial-dependence-resolved test.
GSE311294	GSM9322957_TR11_206	M3_spatial_leiden	spatial Leiden	6	signature	SIG_CAF_FAP	seed_11	-0.0313454137954232	-0.1173683763424322	0.052796380623614	False	2	1	seed_23	0		True	False	True	True	reference and alternative intervals include zero	Post-review descriptive stratification based on spot-bootstrap intervals; it is not an independent-sample or spatial-dependence-resolved test.
GSE311294	GSM9322957_TR11_206	M3_spatial_leiden	spatial Leiden	6	signature	SIG_CYTOTOX	seed_11	0.0	0.0	0.0	False	2	0		0		False	False	False	False	no opposite-sign point estimate	Post-review descriptive stratification based on spot-bootstrap intervals; it is not an independent-sample or spatial-dependence-resolved test.
GSE311294	GSM9322957_TR11_206	M3_spatial_leiden	spatial Leiden	6	signature	SIG_EXCLUSION_CONTRAST	seed_11	-0.0034237150245874	-0.1250404260539472	0.0999716438794206	False	2	1	seed_23	0		True	False	True	True	reference and alternative intervals include zero	Post-review descriptive stratification based on spot-bootstrap intervals; it is not an independent-sample or spatial-dependence-resolved test.
GSE311294	GSM9322957_TR11_206	M3_spatial_leiden	spatial Leiden	6	signature	SIG_EXCLUSION_TGFB_CXCL12	seed_11	0.0386435248278975	-0.0247538444335918	0.1139690257607798	False	2	0		0		False	False	False	False	no opposite-sign point estimate	Post-review descriptive stratification based on spot-bootstrap intervals; it is not an independent-sample or spatial-dependence-resolved test.
GSE311294	GSM9322957_TR11_206	M3_spatial_leiden	spatial Leiden	6	signature	SIG_MY_SPP1	seed_11	-0.011853087768241	-0.0457263667838061	0.006739981570156	False	2	0		0		False	False	False	False	no opposite-sign point estimate	Post-review descriptive stratification based on spot-bootstrap intervals; it is not an independent-sample or spatial-dependence-resolved test.
GSE311294	GSM9322957_TR11_206	M3_spatial_leiden	spatial Leiden	6	signature	SIG_TCELL	seed_11	0.0	0.0	0.0	False	2	0		0		False	False	False	False	no opposite-sign point estimate	Post-review descriptive stratification based on spot-bootstrap intervals; it is not an independent-sample or spatial-dependence-resolved test.
GSE311294	GSM9322957_TR11_206	M4_spagcn	SpaGCN-style	4	gene	COL1A1	seed_11	0.1489037865187312	0.0420370031582795	0.2555517786301056	True	2	0		0		False	False	False	False	no opposite-sign point estimate	Post-review descriptive stratification based on spot-bootstrap intervals; it is not an independent-sample or spatial-dependence-resolved test.
GSE311294	GSM9322957_TR11_206	M4_spagcn	SpaGCN-style	4	gene	EPCAM	seed_11	0.1346241704989801	-0.0253821415649104	0.3096684654485528	False	2	1	seed_37	0		True	False	True	True	reference and alternative intervals include zero	Post-review descriptive stratification based on spot-bootstrap intervals; it is not an independent-sample or spatial-dependence-resolved test.
GSE311294	GSM9322957_TR11_206	M4_spagcn	SpaGCN-style	4	gene	FAP	seed_11	0.0	0.0	0.0	False	2	0		0		False	False	False	False	no opposite-sign point estimate	Post-review descriptive stratification based on spot-bootstrap intervals; it is not an independent-sample or spatial-dependence-resolved test.
GSE311294	GSM9322957_TR11_206	M4_spagcn	SpaGCN-style	4	gene	PTPRC	seed_11	0.0	0.0	0.0	False	2	0		0		False	False	False	False	no opposite-sign point estimate	Post-review descriptive stratification based on spot-bootstrap intervals; it is not an independent-sample or spatial-dependence-resolved test.
GSE311294	GSM9322957_TR11_206	M4_spagcn	SpaGCN-style	4	gene	SPP1	seed_11	0.0	0.0	0.0	False	2	0		0		False	False	False	False	no opposite-sign point estimate	Post-review descriptive stratification based on spot-bootstrap intervals; it is not an independent-sample or spatial-dependence-resolved test.
GSE311294	GSM9322957_TR11_206	M4_spagcn	SpaGCN-style	4	signature	SIG_CAF_FAP	seed_11	-0.0813573094222088	-0.1257032838035553	-0.0230089435794899	True	2	0		0		False	False	False	False	no opposite-sign point estimate	Post-review descriptive stratification based on spot-bootstrap intervals; it is not an independent-sample or spatial-dependence-resolved test.
GSE311294	GSM9322957_TR11_206	M4_spagcn	SpaGCN-style	4	signature	SIG_CYTOTOX	seed_11	0.0	0.0	0.0	False	2	0		0		False	False	False	False	no opposite-sign point estimate	Post-review descriptive stratification based on spot-bootstrap intervals; it is not an independent-sample or spatial-dependence-resolved test.
GSE311294	GSM9322957_TR11_206	M4_spagcn	SpaGCN-style	4	signature	SIG_EXCLUSION_CONTRAST	seed_11	-0.1377206769973167	-0.1966780621515506	-0.0784023079405754	True	2	0		0		False	False	False	False	no opposite-sign point estimate	Post-review descriptive stratification based on spot-bootstrap intervals; it is not an independent-sample or spatial-dependence-resolved test.
GSE311294	GSM9322957_TR11_206	M4_spagcn	SpaGCN-style	4	signature	SIG_EXCLUSION_TGFB_CXCL12	seed_11	-0.2659035930892235	-0.3281525542062647	-0.2035310143151067	True	2	0		0		False	False	False	False	no opposite-sign point estimate	Post-review descriptive stratification based on spot-bootstrap intervals; it is not an independent-sample or spatial-dependence-resolved test.
GSE311294	GSM9322957_TR11_206	M4_spagcn	SpaGCN-style	4	signature	SIG_MY_SPP1	seed_11	-0.0481142385646108	-0.0685211187560407	-0.0290732651705991	True	2	0		0		False	False	False	False	no opposite-sign point estimate	Post-review descriptive stratification based on spot-bootstrap intervals; it is not an independent-sample or spatial-dependence-resolved test.
GSE311294	GSM9322957_TR11_206	M4_spagcn	SpaGCN-style	4	signature	SIG_TCELL	seed_11	0.0	0.0	0.0	False	2	0		0		False	False	False	False	no opposite-sign point estimate	Post-review descriptive stratification based on spot-bootstrap intervals; it is not an independent-sample or spatial-dependence-resolved test.
GSE311294	GSM9322957_TR11_206	M4_spagcn	SpaGCN-style	6	gene	COL1A1	seed_11	0.1902925089071216	0.0935428082480124	0.2841657803155197	True	2	0		0		False	False	False	False	no opposite-sign point estimate	Post-review descriptive stratification based on spot-bootstrap intervals; it is not an independent-sample or spatial-dependence-resolved test.
GSE311294	GSM9322957_TR11_206	M4_spagcn	SpaGCN-style	6	gene	EPCAM	seed_11	1.971010235057944	0.8073671255091734	2.0188347739318973	True	2	0		0		False	False	False	False	no opposite-sign point estimate	Post-review descriptive stratification based on spot-bootstrap intervals; it is not an independent-sample or spatial-dependence-resolved test.
GSE311294	GSM9322957_TR11_206	M4_spagcn	SpaGCN-style	6	gene	FAP	seed_11	0.0	0.0	0.0	False	2	0		0		False	False	False	False	no opposite-sign point estimate	Post-review descriptive stratification based on spot-bootstrap intervals; it is not an independent-sample or spatial-dependence-resolved test.
GSE311294	GSM9322957_TR11_206	M4_spagcn	SpaGCN-style	6	gene	PTPRC	seed_11	0.0	0.0	0.0	False	2	0		0		False	False	False	False	no opposite-sign point estimate	Post-review descriptive stratification based on spot-bootstrap intervals; it is not an independent-sample or spatial-dependence-resolved test.
GSE311294	GSM9322957_TR11_206	M4_spagcn	SpaGCN-style	6	gene	SPP1	seed_11	0.0	0.0	0.0	False	2	0		0		False	False	False	False	no opposite-sign point estimate	Post-review descriptive stratification based on spot-bootstrap intervals; it is not an independent-sample or spatial-dependence-resolved test.
GSE311294	GSM9322957_TR11_206	M4_spagcn	SpaGCN-style	6	signature	SIG_CAF_FAP	seed_11	-0.048484784356745	-0.1026415480720073	0.022320949289336	False	2	0		0		False	False	False	False	no opposite-sign point estimate	Post-review descriptive stratification based on spot-bootstrap intervals; it is not an independent-sample or spatial-dependence-resolved test.
GSE311294	GSM9322957_TR11_206	M4_spagcn	SpaGCN-style	6	signature	SIG_CYTOTOX	seed_11	0.0	0.0	0.0	False	2	0		0		False	False	False	False	no opposite-sign point estimate	Post-review descriptive stratification based on spot-bootstrap intervals; it is not an independent-sample or spatial-dependence-resolved test.
GSE311294	GSM9322957_TR11_206	M4_spagcn	SpaGCN-style	6	signature	SIG_EXCLUSION_CONTRAST	seed_11	-0.0823920475159887	-0.1506020851262446	-0.0119056379460767	True	2	0		0		False	False	False	False	no opposite-sign point estimate	Post-review descriptive stratification based on spot-bootstrap intervals; it is not an independent-sample or spatial-dependence-resolved test.
GSE311294	GSM9322957_TR11_206	M4_spagcn	SpaGCN-style	6	signature	SIG_EXCLUSION_TGFB_CXCL12	seed_11	-0.3251440223927844	-0.3765936296057046	-0.2522882224397235	True	2	0		0		False	False	False	False	no opposite-sign point estimate	Post-review descriptive stratification based on spot-bootstrap intervals; it is not an independent-sample or spatial-dependence-resolved test.
GSE311294	GSM9322957_TR11_206	M4_spagcn	SpaGCN-style	6	signature	SIG_MY_SPP1	seed_11	-0.0341738017496262	-0.0522141478963705	-0.0158080631097674	True	2	0		0		False	False	False	False	no opposite-sign point estimate	Post-review descriptive stratification based on spot-bootstrap intervals; it is not an independent-sample or spatial-dependence-resolved test.
GSE311294	GSM9322957_TR11_206	M4_spagcn	SpaGCN-style	6	signature	SIG_TCELL	seed_11	0.0	0.0	0.0	False	2	0		0		False	False	False	False	no opposite-sign point estimate	Post-review descriptive stratification based on spot-bootstrap intervals; it is not an independent-sample or spatial-dependence-resolved test.
GSE311294	GSM9322957_TR11_206	M5_stagate	STAGATE-style	4	gene	COL1A1	seed_11	0.127370038012327	0.0205043321858212	0.239524230699451	True	2	0		0		False	False	False	False	no opposite-sign point estimate	Post-review descriptive stratification based on spot-bootstrap intervals; it is not an independent-sample or spatial-dependence-resolved test.
GSE311294	GSM9322957_TR11_206	M5_stagate	STAGATE-style	4	gene	EPCAM	seed_11	2.186160759903687	1.1880096356401233	2.2503826602132624	True	2	0		0		False	False	False	False	no opposite-sign point estimate	Post-review descriptive stratification based on spot-bootstrap intervals; it is not an independent-sample or spatial-dependence-resolved test.
GSE311294	GSM9322957_TR11_206	M5_stagate	STAGATE-style	4	gene	FAP	seed_11	0.0	0.0	0.0	False	2	0		0		False	False	False	False	no opposite-sign point estimate	Post-review descriptive stratification based on spot-bootstrap intervals; it is not an independent-sample or spatial-dependence-resolved test.
GSE311294	GSM9322957_TR11_206	M5_stagate	STAGATE-style	4	gene	PTPRC	seed_11	0.0	0.0	0.0	False	2	0		0		False	False	False	False	no opposite-sign point estimate	Post-review descriptive stratification based on spot-bootstrap intervals; it is not an independent-sample or spatial-dependence-resolved test.
GSE311294	GSM9322957_TR11_206	M5_stagate	STAGATE-style	4	gene	SPP1	seed_11	0.0	0.0	0.0	False	2	0		0		False	False	False	False	no opposite-sign point estimate	Post-review descriptive stratification based on spot-bootstrap intervals; it is not an independent-sample or spatial-dependence-resolved test.
GSE311294	GSM9322957_TR11_206	M5_stagate	STAGATE-style	4	signature	SIG_CAF_FAP	seed_11	-0.0151300048258822	-0.0800954857393363	0.0446140658185523	False	2	0		0		False	False	False	False	no opposite-sign point estimate	Post-review descriptive stratification based on spot-bootstrap intervals; it is not an independent-sample or spatial-dependence-resolved test.
GSE311294	GSM9322957_TR11_206	M5_stagate	STAGATE-style	4	signature	SIG_CYTOTOX	seed_11	0.0	0.0	0.0	False	2	0		0		False	False	False	False	no opposite-sign point estimate	Post-review descriptive stratification based on spot-bootstrap intervals; it is not an independent-sample or spatial-dependence-resolved test.
GSE311294	GSM9322957_TR11_206	M5_stagate	STAGATE-style	4	signature	SIG_EXCLUSION_CONTRAST	seed_11	-0.0438705077035137	-0.1087906495497205	0.0119267161947127	False	2	0		0		False	False	False	False	no opposite-sign point estimate	Post-review descriptive stratification based on spot-bootstrap intervals; it is not an independent-sample or spatial-dependence-resolved test.
GSE311294	GSM9322957_TR11_206	M5_stagate	STAGATE-style	4	signature	SIG_EXCLUSION_TGFB_CXCL12	seed_11	-0.2352250699603484	-0.3003196867410611	-0.1803457700603166	True	2	0		0		False	False	False	False	no opposite-sign point estimate	Post-review descriptive stratification based on spot-bootstrap intervals; it is not an independent-sample or spatial-dependence-resolved test.
GSE311294	GSM9322957_TR11_206	M5_stagate	STAGATE-style	4	signature	SIG_MY_SPP1	seed_11	-0.0111582888150366	-0.0306997995799675	0.0059072302431552	False	2	0		0		False	False	False	False	no opposite-sign point estimate	Post-review descriptive stratification based on spot-bootstrap intervals; it is not an independent-sample or spatial-dependence-resolved test.
GSE311294	GSM9322957_TR11_206	M5_stagate	STAGATE-style	4	signature	SIG_TCELL	seed_11	0.0	0.0	0.0	False	2	0		0		False	False	False	False	no opposite-sign point estimate	Post-review descriptive stratification based on spot-bootstrap intervals; it is not an independent-sample or spatial-dependence-resolved test.
GSE311294	GSM9322957_TR11_206	M5_stagate	STAGATE-style	6	gene	COL1A1	seed_11	-0.0786788796037543	-0.1815839992707213	0.0467526001794872	False	2	1	seed_23	0		True	False	True	False	reference interval includes zero	Post-review descriptive stratification based on spot-bootstrap intervals; it is not an independent-sample or spatial-dependence-resolved test.
GSE311294	GSM9322957_TR11_206	M5_stagate	STAGATE-style	6	gene	EPCAM	seed_11	2.170649586868351	2.1172785486714147	2.228770361018879	True	2	0		0		False	False	False	False	no opposite-sign point estimate	Post-review descriptive stratification based on spot-bootstrap intervals; it is not an independent-sample or spatial-dependence-resolved test.
GSE311294	GSM9322957_TR11_206	M5_stagate	STAGATE-style	6	gene	FAP	seed_11	0.0	0.0	0.0	False	2	0		0		False	False	False	False	no opposite-sign point estimate	Post-review descriptive stratification based on spot-bootstrap intervals; it is not an independent-sample or spatial-dependence-resolved test.
GSE311294	GSM9322957_TR11_206	M5_stagate	STAGATE-style	6	gene	PTPRC	seed_11	0.0	0.0	0.0	False	2	0		0		False	False	False	False	no opposite-sign point estimate	Post-review descriptive stratification based on spot-bootstrap intervals; it is not an independent-sample or spatial-dependence-resolved test.
GSE311294	GSM9322957_TR11_206	M5_stagate	STAGATE-style	6	gene	SPP1	seed_11	0.0	0.0	0.0	False	2	0		0		False	False	False	False	no opposite-sign point estimate	Post-review descriptive stratification based on spot-bootstrap intervals; it is not an independent-sample or spatial-dependence-resolved test.
GSE311294	GSM9322957_TR11_206	M5_stagate	STAGATE-style	6	signature	SIG_CAF_FAP	seed_11	-0.147755046103031	-0.1926829676716388	-0.0985038191735591	True	2	1	seed_23	0		True	False	False	False	alternative interval includes zero	Post-review descriptive stratification based on spot-bootstrap intervals; it is not an independent-sample or spatial-dependence-resolved test.
GSE311294	GSM9322957_TR11_206	M5_stagate	STAGATE-style	6	signature	SIG_CYTOTOX	seed_11	0.0	0.0	0.0	False	2	0		0		False	False	False	False	no opposite-sign point estimate	Post-review descriptive stratification based on spot-bootstrap intervals; it is not an independent-sample or spatial-dependence-resolved test.
GSE311294	GSM9322957_TR11_206	M5_stagate	STAGATE-style	6	signature	SIG_EXCLUSION_CONTRAST	seed_11	-0.1866342045473059	-0.2540911932204797	-0.1215508134291825	True	2	1	seed_23	0		True	False	False	False	alternative interval includes zero	Post-review descriptive stratification based on spot-bootstrap intervals; it is not an independent-sample or spatial-dependence-resolved test.
GSE311294	GSM9322957_TR11_206	M5_stagate	STAGATE-style	6	signature	SIG_EXCLUSION_TGFB_CXCL12	seed_11	-0.4004535999694363	-0.4532586039377811	-0.3350838643911428	True	2	0		0		False	False	False	False	no opposite-sign point estimate	Post-review descriptive stratification based on spot-bootstrap intervals; it is not an independent-sample or spatial-dependence-resolved test.
GSE311294	GSM9322957_TR11_206	M5_stagate	STAGATE-style	6	signature	SIG_MY_SPP1	seed_11	-0.0402473672164724	-0.0569477171240279	-0.0217993543454758	True	2	0		0		False	False	False	False	no opposite-sign point estimate	Post-review descriptive stratification based on spot-bootstrap intervals; it is not an independent-sample or spatial-dependence-resolved test.
GSE311294	GSM9322957_TR11_206	M5_stagate	STAGATE-style	6	signature	SIG_TCELL	seed_11	0.0	0.0	0.0	False	2	0		0		False	False	False	False	no opposite-sign point estimate	Post-review descriptive stratification based on spot-bootstrap intervals; it is not an independent-sample or spatial-dependence-resolved test.
GSE311294	GSM9322958_TR11_16184	BayesSpace	BayesSpace	4	gene	COL1A1	seed_11	0.8556229263983735	0.7072864860359189	1.0078017396739969	True	2	0		0		False	False	False	False	no opposite-sign point estimate	Post-review descriptive stratification based on spot-bootstrap intervals; it is not an independent-sample or spatial-dependence-resolved test.
GSE311294	GSM9322958_TR11_16184	BayesSpace	BayesSpace	4	gene	EPCAM	seed_11	-0.2646813573498625	-0.3381578845317616	-0.1768365800575404	True	2	1	seed_23	1	seed_23	True	True	False	False	reference and alternative intervals exclude zero	Post-review descriptive stratification based on spot-bootstrap intervals; it is not an independent-sample or spatial-dependence-resolved test.
GSE311294	GSM9322958_TR11_16184	BayesSpace	BayesSpace	4	gene	FAP	seed_11	0.0	0.0	0.0	False	2	0		0		False	False	False	False	no opposite-sign point estimate	Post-review descriptive stratification based on spot-bootstrap intervals; it is not an independent-sample or spatial-dependence-resolved test.
GSE311294	GSM9322958_TR11_16184	BayesSpace	BayesSpace	4	gene	PTPRC	seed_11	0.0	0.0	0.0	False	2	0		0		False	False	False	False	no opposite-sign point estimate	Post-review descriptive stratification based on spot-bootstrap intervals; it is not an independent-sample or spatial-dependence-resolved test.
GSE311294	GSM9322958_TR11_16184	BayesSpace	BayesSpace	4	gene	SPP1	seed_11	0.0	0.0	0.8122612686690583	False	2	0		0		False	False	False	False	no opposite-sign point estimate	Post-review descriptive stratification based on spot-bootstrap intervals; it is not an independent-sample or spatial-dependence-resolved test.
GSE311294	GSM9322958_TR11_16184	BayesSpace	BayesSpace	4	signature	SIG_CAF_FAP	seed_11	0.4355903242151335	0.3332115111784807	0.5323927084808676	True	2	0		0		False	False	False	False	no opposite-sign point estimate	Post-review descriptive stratification based on spot-bootstrap intervals; it is not an independent-sample or spatial-dependence-resolved test.
GSE311294	GSM9322958_TR11_16184	BayesSpace	BayesSpace	4	signature	SIG_CYTOTOX	seed_11	0.0	0.0	0.0	False	2	0		0		False	False	False	False	no opposite-sign point estimate	Post-review descriptive stratification based on spot-bootstrap intervals; it is not an independent-sample or spatial-dependence-resolved test.
GSE311294	GSM9322958_TR11_16184	BayesSpace	BayesSpace	4	signature	SIG_EXCLUSION_CONTRAST	seed_11	0.4439666750919055	0.3207370025875379	0.5802511747935551	True	2	0		0		False	False	False	False	no opposite-sign point estimate	Post-review descriptive stratification based on spot-bootstrap intervals; it is not an independent-sample or spatial-dependence-resolved test.
GSE311294	GSM9322958_TR11_16184	BayesSpace	BayesSpace	4	signature	SIG_EXCLUSION_TGFB_CXCL12	seed_11	0.2449029456006115	0.1815807164161573	0.3183277244372558	True	2	0		0		False	False	False	False	no opposite-sign point estimate	Post-review descriptive stratification based on spot-bootstrap intervals; it is not an independent-sample or spatial-dependence-resolved test.
GSE311294	GSM9322958_TR11_16184	BayesSpace	BayesSpace	4	signature	SIG_MY_SPP1	seed_11	0.028096019266259	-0.0046912867599151	0.0602293375586631	False	2	1	seed_23	0		True	False	True	True	reference and alternative intervals include zero	Post-review descriptive stratification based on spot-bootstrap intervals; it is not an independent-sample or spatial-dependence-resolved test.
GSE311294	GSM9322958_TR11_16184	BayesSpace	BayesSpace	4	signature	SIG_TCELL	seed_11	0.0	0.0	0.0	False	2	0		0		False	False	False	False	no opposite-sign point estimate	Post-review descriptive stratification based on spot-bootstrap intervals; it is not an independent-sample or spatial-dependence-resolved test.
GSE311294	GSM9322958_TR11_16184	BayesSpace	BayesSpace	6	gene	COL1A1	seed_11	-0.0729307937066092	-0.26758386266375	0.1009647512114256	False	2	1	seed_37	0		True	False	True	False	reference interval includes zero	Post-review descriptive stratification based on spot-bootstrap intervals; it is not an independent-sample or spatial-dependence-resolved test.
GSE311294	GSM9322958_TR11_16184	BayesSpace	BayesSpace	6	gene	EPCAM	seed_11	-0.0381548018821233	-0.1267023685316747	0.0662433956722064	False	2	1	seed_23	0		True	False	True	True	reference and alternative intervals include zero	Post-review descriptive stratification based on spot-bootstrap intervals; it is not an independent-sample or spatial-dependence-resolved test.
GSE311294	GSM9322958_TR11_16184	BayesSpace	BayesSpace	6	gene	FAP	seed_11	0.0	0.0	0.0	False	2	0		0		False	False	False	False	no opposite-sign point estimate	Post-review descriptive stratification based on spot-bootstrap intervals; it is not an independent-sample or spatial-dependence-resolved test.
GSE311294	GSM9322958_TR11_16184	BayesSpace	BayesSpace	6	gene	PTPRC	seed_11	0.0	0.0	0.0	False	2	0		0		False	False	False	False	no opposite-sign point estimate	Post-review descriptive stratification based on spot-bootstrap intervals; it is not an independent-sample or spatial-dependence-resolved test.
GSE311294	GSM9322958_TR11_16184	BayesSpace	BayesSpace	6	gene	SPP1	seed_11	0.0	0.0	0.0	False	2	0		0		False	False	False	False	no opposite-sign point estimate	Post-review descriptive stratification based on spot-bootstrap intervals; it is not an independent-sample or spatial-dependence-resolved test.
GSE311294	GSM9322958_TR11_16184	BayesSpace	BayesSpace	6	signature	SIG_CAF_FAP	seed_11	-0.2239758187664779	-0.3289292415597179	-0.1070003161201995	True	2	1	seed_37	1	seed_37	True	True	False	False	reference and alternative intervals exclude zero	Post-review descriptive stratification based on spot-bootstrap intervals; it is not an independent-sample or spatial-dependence-resolved test.
GSE311294	GSM9322958_TR11_16184	BayesSpace	BayesSpace	6	signature	SIG_CYTOTOX	seed_11	0.0	0.0	0.0	False	2	0		0		False	False	False	False	no opposite-sign point estimate	Post-review descriptive stratification based on spot-bootstrap intervals; it is not an independent-sample or spatial-dependence-resolved test.
GSE311294	GSM9322958_TR11_16184	BayesSpace	BayesSpace	6	signature	SIG_EXCLUSION_CONTRAST	seed_11	-0.2507406744393325	-0.4085623234656561	-0.1103646756873184	True	2	1	seed_37	1	seed_37	True	True	False	False	reference and alternative intervals exclude zero	Post-review descriptive stratification based on spot-bootstrap intervals; it is not an independent-sample or spatial-dependence-resolved test.
GSE311294	GSM9322958_TR11_16184	BayesSpace	BayesSpace	6	signature	SIG_EXCLUSION_TGFB_CXCL12	seed_11	-0.1292500210325918	-0.1957337948823479	-0.0578862639428143	True	2	1	seed_37	1	seed_37	True	True	False	False	reference and alternative intervals exclude zero	Post-review descriptive stratification based on spot-bootstrap intervals; it is not an independent-sample or spatial-dependence-resolved test.
GSE311294	GSM9322958_TR11_16184	BayesSpace	BayesSpace	6	signature	SIG_MY_SPP1	seed_11	-0.0813632974874045	-0.108886873710577	-0.053689883675217	True	2	1	seed_37	1	seed_37	True	True	False	False	reference and alternative intervals exclude zero	Post-review descriptive stratification based on spot-bootstrap intervals; it is not an independent-sample or spatial-dependence-resolved test.
GSE311294	GSM9322958_TR11_16184	BayesSpace	BayesSpace	6	signature	SIG_TCELL	seed_11	0.0	0.0	0.0	False	2	0		0		False	False	False	False	no opposite-sign point estimate	Post-review descriptive stratification based on spot-bootstrap intervals; it is not an independent-sample or spatial-dependence-resolved test.
GSE311294	GSM9322958_TR11_16184	M0_expr_kmeans	expression-only k-means	4	gene	COL1A1	seed_11	-1.3074551493737423	-1.4934660977877907	-1.1344047883461543	True	2	0		0		False	False	False	False	no opposite-sign point estimate	Post-review descriptive stratification based on spot-bootstrap intervals; it is not an independent-sample or spatial-dependence-resolved test.
GSE311294	GSM9322958_TR11_16184	M0_expr_kmeans	expression-only k-means	4	gene	EPCAM	seed_11	2.248511068250698	1.228799117860026	2.285650835143936	True	2	0		0		False	False	False	False	no opposite-sign point estimate	Post-review descriptive stratification based on spot-bootstrap intervals; it is not an independent-sample or spatial-dependence-resolved test.
GSE311294	GSM9322958_TR11_16184	M0_expr_kmeans	expression-only k-means	4	gene	FAP	seed_11	0.0	0.0	0.0	False	2	0		0		False	False	False	False	no opposite-sign point estimate	Post-review descriptive stratification based on spot-bootstrap intervals; it is not an independent-sample or spatial-dependence-resolved test.
GSE311294	GSM9322958_TR11_16184	M0_expr_kmeans	expression-only k-means	4	gene	PTPRC	seed_11	0.0	0.0	0.0	False	2	0		0		False	False	False	False	no opposite-sign point estimate	Post-review descriptive stratification based on spot-bootstrap intervals; it is not an independent-sample or spatial-dependence-resolved test.
GSE311294	GSM9322958_TR11_16184	M0_expr_kmeans	expression-only k-means	4	gene	SPP1	seed_11	0.174731258209986	0.0	0.7496348819887528	False	2	0		0		False	False	False	False	no opposite-sign point estimate	Post-review descriptive stratification based on spot-bootstrap intervals; it is not an independent-sample or spatial-dependence-resolved test.
GSE311294	GSM9322958_TR11_16184	M0_expr_kmeans	expression-only k-means	4	signature	SIG_CAF_FAP	seed_11	-1.0106414236509635	-1.15836533056075	-0.8206334940127085	True	2	0		0		False	False	False	False	no opposite-sign point estimate	Post-review descriptive stratification based on spot-bootstrap intervals; it is not an independent-sample or spatial-dependence-resolved test.
GSE311294	GSM9322958_TR11_16184	M0_expr_kmeans	expression-only k-means	4	signature	SIG_CYTOTOX	seed_11	0.0	0.0	0.0	False	2	0		0		False	False	False	False	no opposite-sign point estimate	Post-review descriptive stratification based on spot-bootstrap intervals; it is not an independent-sample or spatial-dependence-resolved test.
GSE311294	GSM9322958_TR11_16184	M0_expr_kmeans	expression-only k-means	4	signature	SIG_EXCLUSION_CONTRAST	seed_11	-1.1428111679691857	-1.3158213746046283	-0.9024362320683004	True	2	0		0		False	False	False	False	no opposite-sign point estimate	Post-review descriptive stratification based on spot-bootstrap intervals; it is not an independent-sample or spatial-dependence-resolved test.
GSE311294	GSM9322958_TR11_16184	M0_expr_kmeans	expression-only k-means	4	signature	SIG_EXCLUSION_TGFB_CXCL12	seed_11	-0.5686981722766532	-0.6958723416121984	-0.4343902553376016	True	2	0		0		False	False	False	False	no opposite-sign point estimate	Post-review descriptive stratification based on spot-bootstrap intervals; it is not an independent-sample or spatial-dependence-resolved test.
GSE311294	GSM9322958_TR11_16184	M0_expr_kmeans	expression-only k-means	4	signature	SIG_MY_SPP1	seed_11	-0.1161128520241316	-0.1493403309532086	-0.0770302395734295	True	2	0		0		False	False	False	False	no opposite-sign point estimate	Post-review descriptive stratification based on spot-bootstrap intervals; it is not an independent-sample or spatial-dependence-resolved test.
GSE311294	GSM9322958_TR11_16184	M0_expr_kmeans	expression-only k-means	4	signature	SIG_TCELL	seed_11	0.0	0.0	0.0	False	2	0		0		False	False	False	False	no opposite-sign point estimate	Post-review descriptive stratification based on spot-bootstrap intervals; it is not an independent-sample or spatial-dependence-resolved test.
GSE311294	GSM9322958_TR11_16184	M0_expr_kmeans	expression-only k-means	6	gene	COL1A1	seed_11	-1.9216442554322144	-2.0104625156327	-1.817252393476736	True	2	0		0		False	False	False	False	no opposite-sign point estimate	Post-review descriptive stratification based on spot-bootstrap intervals; it is not an independent-sample or spatial-dependence-resolved test.
GSE311294	GSM9322958_TR11_16184	M0_expr_kmeans	expression-only k-means	6	gene	EPCAM	seed_11	2.264946556767482	2.225142750938801	2.303490657657553	True	2	0		0		False	False	False	False	no opposite-sign point estimate	Post-review descriptive stratification based on spot-bootstrap intervals; it is not an independent-sample or spatial-dependence-resolved test.
GSE311294	GSM9322958_TR11_16184	M0_expr_kmeans	expression-only k-means	6	gene	FAP	seed_11	0.0	0.0	0.0	False	2	0		0		False	False	False	False	no opposite-sign point estimate	Post-review descriptive stratification based on spot-bootstrap intervals; it is not an independent-sample or spatial-dependence-resolved test.
GSE311294	GSM9322958_TR11_16184	M0_expr_kmeans	expression-only k-means	6	gene	PTPRC	seed_11	0.0	0.0	0.0	False	2	0		0		False	False	False	False	no opposite-sign point estimate	Post-review descriptive stratification based on spot-bootstrap intervals; it is not an independent-sample or spatial-dependence-resolved test.
GSE311294	GSM9322958_TR11_16184	M0_expr_kmeans	expression-only k-means	6	gene	SPP1	seed_11	0.0	0.0	0.0	False	2	0		0		False	False	False	False	no opposite-sign point estimate	Post-review descriptive stratification based on spot-bootstrap intervals; it is not an independent-sample or spatial-dependence-resolved test.
GSE311294	GSM9322958_TR11_16184	M0_expr_kmeans	expression-only k-means	6	signature	SIG_CAF_FAP	seed_11	-1.574677029812865	-1.6497895168921426	-1.509673609448255	True	2	0		0		False	False	False	False	no opposite-sign point estimate	Post-review descriptive stratification based on spot-bootstrap intervals; it is not an independent-sample or spatial-dependence-resolved test.
GSE311294	GSM9322958_TR11_16184	M0_expr_kmeans	expression-only k-means	6	signature	SIG_CYTOTOX	seed_11	0.0	0.0	0.0	False	2	0		0		False	False	False	False	no opposite-sign point estimate	Post-review descriptive stratification based on spot-bootstrap intervals; it is not an independent-sample or spatial-dependence-resolved test.
GSE311294	GSM9322958_TR11_16184	M0_expr_kmeans	expression-only k-means	6	signature	SIG_EXCLUSION_CONTRAST	seed_11	-1.767738911090861	-1.8521610945852487	-1.6781802604365732	True	2	0		0		False	False	False	False	no opposite-sign point estimate	Post-review descriptive stratification based on spot-bootstrap intervals; it is not an independent-sample or spatial-dependence-resolved test.
GSE311294	GSM9322958_TR11_16184	M0_expr_kmeans	expression-only k-means	6	signature	SIG_EXCLUSION_TGFB_CXCL12	seed_11	-0.990536983136426	-1.035278117948376	-0.9356704198499046	True	2	0		0		False	False	False	False	no opposite-sign point estimate	Post-review descriptive stratification based on spot-bootstrap intervals; it is not an independent-sample or spatial-dependence-resolved test.
GSE311294	GSM9322958_TR11_16184	M0_expr_kmeans	expression-only k-means	6	signature	SIG_MY_SPP1	seed_11	-0.2621135917711426	-0.2979414133159968	-0.2316418692822622	True	2	0		0		False	False	False	False	no opposite-sign point estimate	Post-review descriptive stratification based on spot-bootstrap intervals; it is not an independent-sample or spatial-dependence-resolved test.
GSE311294	GSM9322958_TR11_16184	M0_expr_kmeans	expression-only k-means	6	signature	SIG_TCELL	seed_11	0.0	0.0	0.0	False	2	0		0		False	False	False	False	no opposite-sign point estimate	Post-review descriptive stratification based on spot-bootstrap intervals; it is not an independent-sample or spatial-dependence-resolved test.
GSE311294	GSM9322958_TR11_16184	M1_spatial_concat_kmeans	coordinate-augmented k-means	4	gene	COL1A1	seed_11	-1.3074551493737423	-1.498124242327265	-1.1444426890221326	True	2	0		0		False	False	False	False	no opposite-sign point estimate	Post-review descriptive stratification based on spot-bootstrap intervals; it is not an independent-sample or spatial-dependence-resolved test.
GSE311294	GSM9322958_TR11_16184	M1_spatial_concat_kmeans	coordinate-augmented k-means	4	gene	EPCAM	seed_11	2.248511068250698	1.1932331185831138	2.2875217345739824	True	2	0		0		False	False	False	False	no opposite-sign point estimate	Post-review descriptive stratification based on spot-bootstrap intervals; it is not an independent-sample or spatial-dependence-resolved test.
GSE311294	GSM9322958_TR11_16184	M1_spatial_concat_kmeans	coordinate-augmented k-means	4	gene	FAP	seed_11	0.0	0.0	0.0	False	2	0		0		False	False	False	False	no opposite-sign point estimate	Post-review descriptive stratification based on spot-bootstrap intervals; it is not an independent-sample or spatial-dependence-resolved test.
GSE311294	GSM9322958_TR11_16184	M1_spatial_concat_kmeans	coordinate-augmented k-means	4	gene	PTPRC	seed_11	0.0	0.0	0.0	False	2	0		0		False	False	False	False	no opposite-sign point estimate	Post-review descriptive stratification based on spot-bootstrap intervals; it is not an independent-sample or spatial-dependence-resolved test.
GSE311294	GSM9322958_TR11_16184	M1_spatial_concat_kmeans	coordinate-augmented k-means	4	gene	SPP1	seed_11	0.174731258209986	0.0	0.754932295656566	False	2	0		0		False	False	False	False	no opposite-sign point estimate	Post-review descriptive stratification based on spot-bootstrap intervals; it is not an independent-sample or spatial-dependence-resolved test.
GSE311294	GSM9322958_TR11_16184	M1_spatial_concat_kmeans	coordinate-augmented k-means	4	signature	SIG_CAF_FAP	seed_11	-1.0106414236509635	-1.1576195451406273	-0.8151760819392565	True	2	0		0		False	False	False	False	no opposite-sign point estimate	Post-review descriptive stratification based on spot-bootstrap intervals; it is not an independent-sample or spatial-dependence-resolved test.
GSE311294	GSM9322958_TR11_16184	M1_spatial_concat_kmeans	coordinate-augmented k-means	4	signature	SIG_CYTOTOX	seed_11	0.0	0.0	0.0	False	2	0		0		False	False	False	False	no opposite-sign point estimate	Post-review descriptive stratification based on spot-bootstrap intervals; it is not an independent-sample or spatial-dependence-resolved test.
GSE311294	GSM9322958_TR11_16184	M1_spatial_concat_kmeans	coordinate-augmented k-means	4	signature	SIG_EXCLUSION_CONTRAST	seed_11	-1.1428111679691857	-1.3301778537190396	-0.9022231227777182	True	2	0		0		False	False	False	False	no opposite-sign point estimate	Post-review descriptive stratification based on spot-bootstrap intervals; it is not an independent-sample or spatial-dependence-resolved test.
GSE311294	GSM9322958_TR11_16184	M1_spatial_concat_kmeans	coordinate-augmented k-means	4	signature	SIG_EXCLUSION_TGFB_CXCL12	seed_11	-0.5686981722766532	-0.6840359258782538	-0.4383197433819535	True	2	0		0		False	False	False	False	no opposite-sign point estimate	Post-review descriptive stratification based on spot-bootstrap intervals; it is not an independent-sample or spatial-dependence-resolved test.
GSE311294	GSM9322958_TR11_16184	M1_spatial_concat_kmeans	coordinate-augmented k-means	4	signature	SIG_MY_SPP1	seed_11	-0.1161128520241316	-0.147515973381996	-0.077338736054857	True	2	0		0		False	False	False	False	no opposite-sign point estimate	Post-review descriptive stratification based on spot-bootstrap intervals; it is not an independent-sample or spatial-dependence-resolved test.
GSE311294	GSM9322958_TR11_16184	M1_spatial_concat_kmeans	coordinate-augmented k-means	4	signature	SIG_TCELL	seed_11	0.0	0.0	0.0	False	2	0		0		False	False	False	False	no opposite-sign point estimate	Post-review descriptive stratification based on spot-bootstrap intervals; it is not an independent-sample or spatial-dependence-resolved test.
GSE311294	GSM9322958_TR11_16184	M1_spatial_concat_kmeans	coordinate-augmented k-means	6	gene	COL1A1	seed_11	-1.9234732515751456	-2.015211263208744	-1.825728550245958	True	2	0		0		False	False	False	False	no opposite-sign point estimate	Post-review descriptive stratification based on spot-bootstrap intervals; it is not an independent-sample or spatial-dependence-resolved test.
GSE311294	GSM9322958_TR11_16184	M1_spatial_concat_kmeans	coordinate-augmented k-means	6	gene	EPCAM	seed_11	2.264946556767482	2.222060850859391	2.302882940302541	True	2	0		0		False	False	False	False	no opposite-sign point estimate	Post-review descriptive stratification based on spot-bootstrap intervals; it is not an independent-sample or spatial-dependence-resolved test.
GSE311294	GSM9322958_TR11_16184	M1_spatial_concat_kmeans	coordinate-augmented k-means	6	gene	FAP	seed_11	0.0	0.0	0.0	False	2	0		0		False	False	False	False	no opposite-sign point estimate	Post-review descriptive stratification based on spot-bootstrap intervals; it is not an independent-sample or spatial-dependence-resolved test.
GSE311294	GSM9322958_TR11_16184	M1_spatial_concat_kmeans	coordinate-augmented k-means	6	gene	PTPRC	seed_11	0.0	0.0	0.0	False	2	0		0		False	False	False	False	no opposite-sign point estimate	Post-review descriptive stratification based on spot-bootstrap intervals; it is not an independent-sample or spatial-dependence-resolved test.
GSE311294	GSM9322958_TR11_16184	M1_spatial_concat_kmeans	coordinate-augmented k-means	6	gene	SPP1	seed_11	0.0	0.0	0.0	False	2	0		0		False	False	False	False	no opposite-sign point estimate	Post-review descriptive stratification based on spot-bootstrap intervals; it is not an independent-sample or spatial-dependence-resolved test.
GSE311294	GSM9322958_TR11_16184	M1_spatial_concat_kmeans	coordinate-augmented k-means	6	signature	SIG_CAF_FAP	seed_11	-1.574751736621431	-1.6460072541919155	-1.5089919270383758	True	2	0		0		False	False	False	False	no opposite-sign point estimate	Post-review descriptive stratification based on spot-bootstrap intervals; it is not an independent-sample or spatial-dependence-resolved test.
GSE311294	GSM9322958_TR11_16184	M1_spatial_concat_kmeans	coordinate-augmented k-means	6	signature	SIG_CYTOTOX	seed_11	0.0	0.0	0.0	False	2	0		0		False	False	False	False	no opposite-sign point estimate	Post-review descriptive stratification based on spot-bootstrap intervals; it is not an independent-sample or spatial-dependence-resolved test.
GSE311294	GSM9322958_TR11_16184	M1_spatial_concat_kmeans	coordinate-augmented k-means	6	signature	SIG_EXCLUSION_CONTRAST	seed_11	-1.7682531789053215	-1.8543110142812131	-1.6700512904078129	True	2	0		0		False	False	False	False	no opposite-sign point estimate	Post-review descriptive stratification based on spot-bootstrap intervals; it is not an independent-sample or spatial-dependence-resolved test.
GSE311294	GSM9322958_TR11_16184	M1_spatial_concat_kmeans	coordinate-augmented k-means	6	signature	SIG_EXCLUSION_TGFB_CXCL12	seed_11	-0.9902695270060364	-1.0346654627709997	-0.9377220789701346	True	2	0		0		False	False	False	False	no opposite-sign point estimate	Post-review descriptive stratification based on spot-bootstrap intervals; it is not an independent-sample or spatial-dependence-resolved test.
GSE311294	GSM9322958_TR11_16184	M1_spatial_concat_kmeans	coordinate-augmented k-means	6	signature	SIG_MY_SPP1	seed_11	-0.2624578695364162	-0.2994231047516312	-0.233273391167955	True	2	0		0		False	False	False	False	no opposite-sign point estimate	Post-review descriptive stratification based on spot-bootstrap intervals; it is not an independent-sample or spatial-dependence-resolved test.
GSE311294	GSM9322958_TR11_16184	M1_spatial_concat_kmeans	coordinate-augmented k-means	6	signature	SIG_TCELL	seed_11	0.0	0.0	0.0	False	2	0		0		False	False	False	False	no opposite-sign point estimate	Post-review descriptive stratification based on spot-bootstrap intervals; it is not an independent-sample or spatial-dependence-resolved test.
GSE311294	GSM9322958_TR11_16184	M2_spatial_ward	spatial Ward	4	gene	COL1A1	neighbors_6	-0.1802707347606458	-0.3347466531873531	0.0060727338927319	False	2	2	neighbors_4;neighbors_8	0		True	False	True	True	reference and alternative intervals include zero	Post-review descriptive stratification based on spot-bootstrap intervals; it is not an independent-sample or spatial-dependence-resolved test.
GSE311294	GSM9322958_TR11_16184	M2_spatial_ward	spatial Ward	4	gene	EPCAM	neighbors_6	0.3455167540014789	0.2599855665653712	0.4433141700194631	True	2	0		0		False	False	False	False	no opposite-sign point estimate	Post-review descriptive stratification based on spot-bootstrap intervals; it is not an independent-sample or spatial-dependence-resolved test.
GSE311294	GSM9322958_TR11_16184	M2_spatial_ward	spatial Ward	4	gene	FAP	neighbors_6	0.0	0.0	0.0	False	2	0		0		False	False	False	False	no opposite-sign point estimate	Post-review descriptive stratification based on spot-bootstrap intervals; it is not an independent-sample or spatial-dependence-resolved test.
GSE311294	GSM9322958_TR11_16184	M2_spatial_ward	spatial Ward	4	gene	PTPRC	neighbors_6	0.0	0.0	0.0	False	2	0		0		False	False	False	False	no opposite-sign point estimate	Post-review descriptive stratification based on spot-bootstrap intervals; it is not an independent-sample or spatial-dependence-resolved test.
GSE311294	GSM9322958_TR11_16184	M2_spatial_ward	spatial Ward	4	gene	SPP1	neighbors_6	0.8500890454881254	0.6790514107595519	0.9696150283481986	True	2	0		0		False	False	False	False	no opposite-sign point estimate	Post-review descriptive stratification based on spot-bootstrap intervals; it is not an independent-sample or spatial-dependence-resolved test.
GSE311294	GSM9322958_TR11_16184	M2_spatial_ward	spatial Ward	4	signature	SIG_CAF_FAP	neighbors_6	-0.0968007949277387	-0.2163090940483902	0.0252896696282055	False	2	1	neighbors_4	0		True	False	True	False	reference interval includes zero	Post-review descriptive stratification based on spot-bootstrap intervals; it is not an independent-sample or spatial-dependence-resolved test.
GSE311294	GSM9322958_TR11_16184	M2_spatial_ward	spatial Ward	4	signature	SIG_CYTOTOX	neighbors_6	0.0	0.0	0.0	False	2	0		0		False	False	False	False	no opposite-sign point estimate	Post-review descriptive stratification based on spot-bootstrap intervals; it is not an independent-sample or spatial-dependence-resolved test.
GSE311294	GSM9322958_TR11_16184	M2_spatial_ward	spatial Ward	4	signature	SIG_EXCLUSION_CONTRAST	neighbors_6	-0.078190597961671	-0.2038317739761178	0.0481231741752649	False	2	1	neighbors_4	0		True	False	True	False	reference interval includes zero	Post-review descriptive stratification based on spot-bootstrap intervals; it is not an independent-sample or spatial-dependence-resolved test.
GSE311294	GSM9322958_TR11_16184	M2_spatial_ward	spatial Ward	4	signature	SIG_EXCLUSION_TGFB_CXCL12	neighbors_6	-0.0149216368882399	-0.0956881675578081	0.0517141223989473	False	2	2	neighbors_4;neighbors_8	0		True	False	True	True	reference and alternative intervals include zero	Post-review descriptive stratification based on spot-bootstrap intervals; it is not an independent-sample or spatial-dependence-resolved test.
GSE311294	GSM9322958_TR11_16184	M2_spatial_ward	spatial Ward	4	signature	SIG_MY_SPP1	neighbors_6	0.0253537944665559	-0.002875547513892	0.0550345760799806	False	2	0		0		False	False	False	False	no opposite-sign point estimate	Post-review descriptive stratification based on spot-bootstrap intervals; it is not an independent-sample or spatial-dependence-resolved test.
GSE311294	GSM9322958_TR11_16184	M2_spatial_ward	spatial Ward	4	signature	SIG_TCELL	neighbors_6	0.0	0.0	0.0	False	2	0		0		False	False	False	False	no opposite-sign point estimate	Post-review descriptive stratification based on spot-bootstrap intervals; it is not an independent-sample or spatial-dependence-resolved test.
GSE311294	GSM9322958_TR11_16184	M2_spatial_ward	spatial Ward	6	gene	COL1A1	neighbors_6	-0.1815132406953896	-0.3403341970828885	0.008038234256397	False	2	1	neighbors_8	0		True	False	True	True	reference and alternative intervals include zero	Post-review descriptive stratification based on spot-bootstrap intervals; it is not an independent-sample or spatial-dependence-resolved test.
GSE311294	GSM9322958_TR11_16184	M2_spatial_ward	spatial Ward	6	gene	EPCAM	neighbors_6	0.3433667870070982	0.2606346069937589	0.4455730021674631	True	2	0		0		False	False	False	False	no opposite-sign point estimate	Post-review descriptive stratification based on spot-bootstrap intervals; it is not an independent-sample or spatial-dependence-resolved test.
GSE311294	GSM9322958_TR11_16184	M2_spatial_ward	spatial Ward	6	gene	FAP	neighbors_6	0.0	0.0	0.0	False	2	0		0		False	False	False	False	no opposite-sign point estimate	Post-review descriptive stratification based on spot-bootstrap intervals; it is not an independent-sample or spatial-dependence-resolved test.
GSE311294	GSM9322958_TR11_16184	M2_spatial_ward	spatial Ward	6	gene	PTPRC	neighbors_6	0.0	0.0	0.0	False	2	0		0		False	False	False	False	no opposite-sign point estimate	Post-review descriptive stratification based on spot-bootstrap intervals; it is not an independent-sample or spatial-dependence-resolved test.
GSE311294	GSM9322958_TR11_16184	M2_spatial_ward	spatial Ward	6	gene	SPP1	neighbors_6	0.8751722366362565	0.7494268336961832	0.983134566954302	True	2	0		0		False	False	False	False	no opposite-sign point estimate	Post-review descriptive stratification based on spot-bootstrap intervals; it is not an independent-sample or spatial-dependence-resolved test.
GSE311294	GSM9322958_TR11_16184	M2_spatial_ward	spatial Ward	6	signature	SIG_CAF_FAP	neighbors_6	-0.0991471009285303	-0.2273759591753834	0.0204195179817396	False	2	0		0		False	False	False	False	no opposite-sign point estimate	Post-review descriptive stratification based on spot-bootstrap intervals; it is not an independent-sample or spatial-dependence-resolved test.
GSE311294	GSM9322958_TR11_16184	M2_spatial_ward	spatial Ward	6	signature	SIG_CYTOTOX	neighbors_6	0.0	0.0	0.0	False	2	0		0		False	False	False	False	no opposite-sign point estimate	Post-review descriptive stratification based on spot-bootstrap intervals; it is not an independent-sample or spatial-dependence-resolved test.
GSE311294	GSM9322958_TR11_16184	M2_spatial_ward	spatial Ward	6	signature	SIG_EXCLUSION_CONTRAST	neighbors_6	-0.0791544717691694	-0.2084483267457583	0.0575876207369797	False	2	0		0		False	False	False	False	no opposite-sign point estimate	Post-review descriptive stratification based on spot-bootstrap intervals; it is not an independent-sample or spatial-dependence-resolved test.
GSE311294	GSM9322958_TR11_16184	M2_spatial_ward	spatial Ward	6	signature	SIG_EXCLUSION_TGFB_CXCL12	neighbors_6	-0.0258558424542127	-0.0960958818125578	0.0381721938328913	False	2	1	neighbors_8	0		True	False	True	True	reference and alternative intervals include zero	Post-review descriptive stratification based on spot-bootstrap intervals; it is not an independent-sample or spatial-dependence-resolved test.
GSE311294	GSM9322958_TR11_16184	M2_spatial_ward	spatial Ward	6	signature	SIG_MY_SPP1	neighbors_6	0.0282246152245845	-0.0016370896273322	0.0641782221500399	False	2	0		0		False	False	False	False	no opposite-sign point estimate	Post-review descriptive stratification based on spot-bootstrap intervals; it is not an independent-sample or spatial-dependence-resolved test.
GSE311294	GSM9322958_TR11_16184	M2_spatial_ward	spatial Ward	6	signature	SIG_TCELL	neighbors_6	0.0	0.0	0.0	False	2	0		0		False	False	False	False	no opposite-sign point estimate	Post-review descriptive stratification based on spot-bootstrap intervals; it is not an independent-sample or spatial-dependence-resolved test.
GSE311294	GSM9322958_TR11_16184	M3_spatial_leiden	spatial Leiden	4	gene	COL1A1	seed_11	0.2015360312590837	-0.0375147748335757	0.4796594627560722	False	2	0		0		False	False	False	False	no opposite-sign point estimate	Post-review descriptive stratification based on spot-bootstrap intervals; it is not an independent-sample or spatial-dependence-resolved test.
GSE311294	GSM9322958_TR11_16184	M3_spatial_leiden	spatial Leiden	4	gene	EPCAM	seed_11	0.1661890129488425	0.0257398885282442	0.2912429710696989	True	2	0		0		False	False	False	False	no opposite-sign point estimate	Post-review descriptive stratification based on spot-bootstrap intervals; it is not an independent-sample or spatial-dependence-resolved test.
GSE311294	GSM9322958_TR11_16184	M3_spatial_leiden	spatial Leiden	4	gene	FAP	seed_11	0.0	0.0	0.0	False	2	0		0		False	False	False	False	no opposite-sign point estimate	Post-review descriptive stratification based on spot-bootstrap intervals; it is not an independent-sample or spatial-dependence-resolved test.
GSE311294	GSM9322958_TR11_16184	M3_spatial_leiden	spatial Leiden	4	gene	PTPRC	seed_11	0.0	0.0	0.0	False	2	0		0		False	False	False	False	no opposite-sign point estimate	Post-review descriptive stratification based on spot-bootstrap intervals; it is not an independent-sample or spatial-dependence-resolved test.
GSE311294	GSM9322958_TR11_16184	M3_spatial_leiden	spatial Leiden	4	gene	SPP1	seed_11	0.0	0.0	0.9179740315381862	False	2	0		0		False	False	False	False	no opposite-sign point estimate	Post-review descriptive stratification based on spot-bootstrap intervals; it is not an independent-sample or spatial-dependence-resolved test.
GSE311294	GSM9322958_TR11_16184	M3_spatial_leiden	spatial Leiden	4	signature	SIG_CAF_FAP	seed_11	0.1139193892919976	-0.0627344242605905	0.3286738590422942	False	2	0		0		False	False	False	False	no opposite-sign point estimate	Post-review descriptive stratification based on spot-bootstrap intervals; it is not an independent-sample or spatial-dependence-resolved test.
GSE311294	GSM9322958_TR11_16184	M3_spatial_leiden	spatial Leiden	4	signature	SIG_CYTOTOX	seed_11	0.0	0.0	0.0	False	2	0		0		False	False	False	False	no opposite-sign point estimate	Post-review descriptive stratification based on spot-bootstrap intervals; it is not an independent-sample or spatial-dependence-resolved test.
GSE311294	GSM9322958_TR11_16184	M3_spatial_leiden	spatial Leiden	4	signature	SIG_EXCLUSION_CONTRAST	seed_11	0.1691914872258755	-0.0427669550142069	0.4499804059938559	False	2	0		0		False	False	False	False	no opposite-sign point estimate	Post-review descriptive stratification based on spot-bootstrap intervals; it is not an independent-sample or spatial-dependence-resolved test.
GSE311294	GSM9322958_TR11_16184	M3_spatial_leiden	spatial Leiden	4	signature	SIG_EXCLUSION_TGFB_CXCL12	seed_11	0.0795917415192908	-0.0457160418989473	0.1828915345773882	False	2	0		0		False	False	False	False	no opposite-sign point estimate	Post-review descriptive stratification based on spot-bootstrap intervals; it is not an independent-sample or spatial-dependence-resolved test.
GSE311294	GSM9322958_TR11_16184	M3_spatial_leiden	spatial Leiden	4	signature	SIG_MY_SPP1	seed_11	0.0432828472377883	0.0050546523353623	0.0883464484226493	True	2	0		0		False	False	False	False	no opposite-sign point estimate	Post-review descriptive stratification based on spot-bootstrap intervals; it is not an independent-sample or spatial-dependence-resolved test.
GSE311294	GSM9322958_TR11_16184	M3_spatial_leiden	spatial Leiden	4	signature	SIG_TCELL	seed_11	0.0	0.0	0.0	False	2	0		0		False	False	False	False	no opposite-sign point estimate	Post-review descriptive stratification based on spot-bootstrap intervals; it is not an independent-sample or spatial-dependence-resolved test.
GSE311294	GSM9322958_TR11_16184	M4_spagcn	SpaGCN-style	4	gene	COL1A1	seed_11	0.3986237862909423	0.2361701967297567	0.5579855057796483	True	2	0		0		False	False	False	False	no opposite-sign point estimate	Post-review descriptive stratification based on spot-bootstrap intervals; it is not an independent-sample or spatial-dependence-resolved test.
GSE311294	GSM9322958_TR11_16184	M4_spagcn	SpaGCN-style	4	gene	EPCAM	seed_11	0.1404128308901504	0.042760649512671	0.2351415402728882	True	2	0		0		False	False	False	False	no opposite-sign point estimate	Post-review descriptive stratification based on spot-bootstrap intervals; it is not an independent-sample or spatial-dependence-resolved test.
GSE311294	GSM9322958_TR11_16184	M4_spagcn	SpaGCN-style	4	gene	FAP	seed_11	0.0	0.0	0.0	False	2	0		0		False	False	False	False	no opposite-sign point estimate	Post-review descriptive stratification based on spot-bootstrap intervals; it is not an independent-sample or spatial-dependence-resolved test.
GSE311294	GSM9322958_TR11_16184	M4_spagcn	SpaGCN-style	4	gene	PTPRC	seed_11	0.0	0.0	0.0	False	2	0		0		False	False	False	False	no opposite-sign point estimate	Post-review descriptive stratification based on spot-bootstrap intervals; it is not an independent-sample or spatial-dependence-resolved test.
GSE311294	GSM9322958_TR11_16184	M4_spagcn	SpaGCN-style	4	gene	SPP1	seed_11	0.9044163081119094	0.819648222530316	1.0073659226238196	True	2	0		0		False	False	False	False	no opposite-sign point estimate	Post-review descriptive stratification based on spot-bootstrap intervals; it is not an independent-sample or spatial-dependence-resolved test.
GSE311294	GSM9322958_TR11_16184	M4_spagcn	SpaGCN-style	4	signature	SIG_CAF_FAP	seed_11	0.2722612147148304	0.1649874555207747	0.3786356946177335	True	2	0		0		False	False	False	False	no opposite-sign point estimate	Post-review descriptive stratification based on spot-bootstrap intervals; it is not an independent-sample or spatial-dependence-resolved test.
GSE311294	GSM9322958_TR11_16184	M4_spagcn	SpaGCN-style	4	signature	SIG_CYTOTOX	seed_11	0.0	0.0	0.0	False	2	0		0		False	False	False	False	no opposite-sign point estimate	Post-review descriptive stratification based on spot-bootstrap intervals; it is not an independent-sample or spatial-dependence-resolved test.
GSE311294	GSM9322958_TR11_16184	M4_spagcn	SpaGCN-style	4	signature	SIG_EXCLUSION_CONTRAST	seed_11	0.2939204232137036	0.1820060007733933	0.4223377150823944	True	2	0		0		False	False	False	False	no opposite-sign point estimate	Post-review descriptive stratification based on spot-bootstrap intervals; it is not an independent-sample or spatial-dependence-resolved test.
GSE311294	GSM9322958_TR11_16184	M4_spagcn	SpaGCN-style	4	signature	SIG_EXCLUSION_TGFB_CXCL12	seed_11	0.1602594637753073	0.0929203576753324	0.2363103902584779	True	2	0		0		False	False	False	False	no opposite-sign point estimate	Post-review descriptive stratification based on spot-bootstrap intervals; it is not an independent-sample or spatial-dependence-resolved test.
GSE311294	GSM9322958_TR11_16184	M4_spagcn	SpaGCN-style	4	signature	SIG_MY_SPP1	seed_11	0.0516447472945438	0.0286535725503452	0.0888991899564839	True	2	0		0		False	False	False	False	no opposite-sign point estimate	Post-review descriptive stratification based on spot-bootstrap intervals; it is not an independent-sample or spatial-dependence-resolved test.
GSE311294	GSM9322958_TR11_16184	M4_spagcn	SpaGCN-style	4	signature	SIG_TCELL	seed_11	0.0	0.0	0.0	False	2	0		0		False	False	False	False	no opposite-sign point estimate	Post-review descriptive stratification based on spot-bootstrap intervals; it is not an independent-sample or spatial-dependence-resolved test.
GSE311294	GSM9322958_TR11_16184	M4_spagcn	SpaGCN-style	6	gene	COL1A1	seed_11	-1.416336500609933	-1.549821207895551	-1.2994973293395886	True	2	0		0		False	False	False	False	no opposite-sign point estimate	Post-review descriptive stratification based on spot-bootstrap intervals; it is not an independent-sample or spatial-dependence-resolved test.
GSE311294	GSM9322958_TR11_16184	M4_spagcn	SpaGCN-style	6	gene	EPCAM	seed_11	0.8993692906204165	0.7810354266922636	1.0817327615794274	True	2	0		0		False	False	False	False	no opposite-sign point estimate	Post-review descriptive stratification based on spot-bootstrap intervals; it is not an independent-sample or spatial-dependence-resolved test.
GSE311294	GSM9322958_TR11_16184	M4_spagcn	SpaGCN-style	6	gene	FAP	seed_11	0.0	0.0	0.0	False	2	0		0		False	False	False	False	no opposite-sign point estimate	Post-review descriptive stratification based on spot-bootstrap intervals; it is not an independent-sample or spatial-dependence-resolved test.
GSE311294	GSM9322958_TR11_16184	M4_spagcn	SpaGCN-style	6	gene	PTPRC	seed_11	0.0	0.0	0.0	False	2	0		0		False	False	False	False	no opposite-sign point estimate	Post-review descriptive stratification based on spot-bootstrap intervals; it is not an independent-sample or spatial-dependence-resolved test.
GSE311294	GSM9322958_TR11_16184	M4_spagcn	SpaGCN-style	6	gene	SPP1	seed_11	0.0	0.0	0.4626017364999201	False	2	0		0		False	False	False	False	no opposite-sign point estimate	Post-review descriptive stratification based on spot-bootstrap intervals; it is not an independent-sample or spatial-dependence-resolved test.
GSE311294	GSM9322958_TR11_16184	M4_spagcn	SpaGCN-style	6	signature	SIG_CAF_FAP	seed_11	-0.964613216094506	-1.0752221096829504	-0.822778866335914	True	2	0		0		False	False	False	False	no opposite-sign point estimate	Post-review descriptive stratification based on spot-bootstrap intervals; it is not an independent-sample or spatial-dependence-resolved test.
GSE311294	GSM9322958_TR11_16184	M4_spagcn	SpaGCN-style	6	signature	SIG_CYTOTOX	seed_11	0.0	0.0	0.0	False	2	0		0		False	False	False	False	no opposite-sign point estimate	Post-review descriptive stratification based on spot-bootstrap intervals; it is not an independent-sample or spatial-dependence-resolved test.
GSE311294	GSM9322958_TR11_16184	M4_spagcn	SpaGCN-style	6	signature	SIG_EXCLUSION_CONTRAST	seed_11	-1.1272116840689517	-1.2649008729690372	-0.9725174097970526	True	2	0		0		False	False	False	False	no opposite-sign point estimate	Post-review descriptive stratification based on spot-bootstrap intervals; it is not an independent-sample or spatial-dependence-resolved test.
GSE311294	GSM9322958_TR11_16184	M4_spagcn	SpaGCN-style	6	signature	SIG_EXCLUSION_TGFB_CXCL12	seed_11	-0.5497269198850538	-0.632367631655035	-0.4720040811503289	True	2	0		0		False	False	False	False	no opposite-sign point estimate	Post-review descriptive stratification based on spot-bootstrap intervals; it is not an independent-sample or spatial-dependence-resolved test.
GSE311294	GSM9322958_TR11_16184	M4_spagcn	SpaGCN-style	6	signature	SIG_MY_SPP1	seed_11	-0.1206120487360445	-0.1509543287178465	-0.0922329757763082	True	2	0		0		False	False	False	False	no opposite-sign point estimate	Post-review descriptive stratification based on spot-bootstrap intervals; it is not an independent-sample or spatial-dependence-resolved test.
GSE311294	GSM9322958_TR11_16184	M4_spagcn	SpaGCN-style	6	signature	SIG_TCELL	seed_11	0.0	0.0	0.0	False	2	0		0		False	False	False	False	no opposite-sign point estimate	Post-review descriptive stratification based on spot-bootstrap intervals; it is not an independent-sample or spatial-dependence-resolved test.
GSE311294	GSM9322958_TR11_16184	M5_stagate	STAGATE-style	4	gene	COL1A1	seed_11	-1.1578107852443669	-1.3185631279606278	-0.9625748313046248	True	2	0		0		False	False	False	False	no opposite-sign point estimate	Post-review descriptive stratification based on spot-bootstrap intervals; it is not an independent-sample or spatial-dependence-resolved test.
GSE311294	GSM9322958_TR11_16184	M5_stagate	STAGATE-style	4	gene	EPCAM	seed_11	1.1638982408014158	1.0124262423679111	1.2810458044158484	True	2	0		0		False	False	False	False	no opposite-sign point estimate	Post-review descriptive stratification based on spot-bootstrap intervals; it is not an independent-sample or spatial-dependence-resolved test.
GSE311294	GSM9322958_TR11_16184	M5_stagate	STAGATE-style	4	gene	FAP	seed_11	0.0	0.0	0.0	False	2	0		0		False	False	False	False	no opposite-sign point estimate	Post-review descriptive stratification based on spot-bootstrap intervals; it is not an independent-sample or spatial-dependence-resolved test.
GSE311294	GSM9322958_TR11_16184	M5_stagate	STAGATE-style	4	gene	PTPRC	seed_11	0.0	0.0	0.0	False	2	0		0		False	False	False	False	no opposite-sign point estimate	Post-review descriptive stratification based on spot-bootstrap intervals; it is not an independent-sample or spatial-dependence-resolved test.
GSE311294	GSM9322958_TR11_16184	M5_stagate	STAGATE-style	4	gene	SPP1	seed_11	0.5981425891083756	0.0	0.7938594741740679	False	2	0		0		False	False	False	False	no opposite-sign point estimate	Post-review descriptive stratification based on spot-bootstrap intervals; it is not an independent-sample or spatial-dependence-resolved test.
GSE311294	GSM9322958_TR11_16184	M5_stagate	STAGATE-style	4	signature	SIG_CAF_FAP	seed_11	-0.7314125307614658	-0.8564495829113066	-0.5899967989464553	True	2	0		0		False	False	False	False	no opposite-sign point estimate	Post-review descriptive stratification based on spot-bootstrap intervals; it is not an independent-sample or spatial-dependence-resolved test.
GSE311294	GSM9322958_TR11_16184	M5_stagate	STAGATE-style	4	signature	SIG_CYTOTOX	seed_11	0.0	0.0	0.1141209026199504	False	2	0		0		False	False	False	False	no opposite-sign point estimate	Post-review descriptive stratification based on spot-bootstrap intervals; it is not an independent-sample or spatial-dependence-resolved test.
GSE311294	GSM9322958_TR11_16184	M5_stagate	STAGATE-style	4	signature	SIG_EXCLUSION_CONTRAST	seed_11	-0.762614983044045	-0.9536713589100068	-0.6077737325427431	True	2	0		0		False	False	False	False	no opposite-sign point estimate	Post-review descriptive stratification based on spot-bootstrap intervals; it is not an independent-sample or spatial-dependence-resolved test.
GSE311294	GSM9322958_TR11_16184	M5_stagate	STAGATE-style	4	signature	SIG_EXCLUSION_TGFB_CXCL12	seed_11	-0.4608154179880235	-0.5460383593367324	-0.3812718592574201	True	2	0		0		False	False	False	False	no opposite-sign point estimate	Post-review descriptive stratification based on spot-bootstrap intervals; it is not an independent-sample or spatial-dependence-resolved test.
GSE311294	GSM9322958_TR11_16184	M5_stagate	STAGATE-style	4	signature	SIG_MY_SPP1	seed_11	-0.085391698163212	-0.1190322796515788	-0.0489977078782683	True	2	0		0		False	False	False	False	no opposite-sign point estimate	Post-review descriptive stratification based on spot-bootstrap intervals; it is not an independent-sample or spatial-dependence-resolved test.
GSE311294	GSM9322958_TR11_16184	M5_stagate	STAGATE-style	4	signature	SIG_TCELL	seed_11	0.0	0.0	0.0	False	2	0		0		False	False	False	False	no opposite-sign point estimate	Post-review descriptive stratification based on spot-bootstrap intervals; it is not an independent-sample or spatial-dependence-resolved test.
GSE311294	GSM9322958_TR11_16184	M5_stagate	STAGATE-style	6	gene	COL1A1	seed_11	-1.471224309886814	-1.6114946427405257	-1.317845860383214	True	2	0		0		False	False	False	False	no opposite-sign point estimate	Post-review descriptive stratification based on spot-bootstrap intervals; it is not an independent-sample or spatial-dependence-resolved test.
GSE311294	GSM9322958_TR11_16184	M5_stagate	STAGATE-style	6	gene	EPCAM	seed_11	1.1943768221621385	1.038025091647575	1.4173402712707177	True	2	0		0		False	False	False	False	no opposite-sign point estimate	Post-review descriptive stratification based on spot-bootstrap intervals; it is not an independent-sample or spatial-dependence-resolved test.
GSE311294	GSM9322958_TR11_16184	M5_stagate	STAGATE-style	6	gene	FAP	seed_11	0.0	0.0	0.0	False	2	0		0		False	False	False	False	no opposite-sign point estimate	Post-review descriptive stratification based on spot-bootstrap intervals; it is not an independent-sample or spatial-dependence-resolved test.
GSE311294	GSM9322958_TR11_16184	M5_stagate	STAGATE-style	6	gene	PTPRC	seed_11	0.0	0.0	0.0	False	2	0		0		False	False	False	False	no opposite-sign point estimate	Post-review descriptive stratification based on spot-bootstrap intervals; it is not an independent-sample or spatial-dependence-resolved test.
GSE311294	GSM9322958_TR11_16184	M5_stagate	STAGATE-style	6	gene	SPP1	seed_11	0.0	0.0	0.0	False	2	0		0		False	False	False	False	no opposite-sign point estimate	Post-review descriptive stratification based on spot-bootstrap intervals; it is not an independent-sample or spatial-dependence-resolved test.
GSE311294	GSM9322958_TR11_16184	M5_stagate	STAGATE-style	6	signature	SIG_CAF_FAP	seed_11	-1.0026048779033347	-1.130074773576712	-0.877858809823804	True	2	0		0		False	False	False	False	no opposite-sign point estimate	Post-review descriptive stratification based on spot-bootstrap intervals; it is not an independent-sample or spatial-dependence-resolved test.
GSE311294	GSM9322958_TR11_16184	M5_stagate	STAGATE-style	6	signature	SIG_CYTOTOX	seed_11	0.0	0.0	0.1074315417668726	False	2	0		0		False	False	False	False	no opposite-sign point estimate	Post-review descriptive stratification based on spot-bootstrap intervals; it is not an independent-sample or spatial-dependence-resolved test.
GSE311294	GSM9322958_TR11_16184	M5_stagate	STAGATE-style	6	signature	SIG_EXCLUSION_CONTRAST	seed_11	-1.1959180898188482	-1.3216669891978117	-1.0426661081545503	True	2	0		0		False	False	False	False	no opposite-sign point estimate	Post-review descriptive stratification based on spot-bootstrap intervals; it is not an independent-sample or spatial-dependence-resolved test.
GSE311294	GSM9322958_TR11_16184	M5_stagate	STAGATE-style	6	signature	SIG_EXCLUSION_TGFB_CXCL12	seed_11	-0.6054389972777966	-0.6998204613015909	-0.5353472626051193	True	2	0		0		False	False	False	False	no opposite-sign point estimate	Post-review descriptive stratification based on spot-bootstrap intervals; it is not an independent-sample or spatial-dependence-resolved test.
GSE311294	GSM9322958_TR11_16184	M5_stagate	STAGATE-style	6	signature	SIG_MY_SPP1	seed_11	-0.1580156242454417	-0.1892964849325843	-0.1327250594807544	True	2	0		0		False	False	False	False	no opposite-sign point estimate	Post-review descriptive stratification based on spot-bootstrap intervals; it is not an independent-sample or spatial-dependence-resolved test.
GSE311294	GSM9322958_TR11_16184	M5_stagate	STAGATE-style	6	signature	SIG_TCELL	seed_11	0.0	0.0	0.0	False	2	0		0		False	False	False	False	no opposite-sign point estimate	Post-review descriptive stratification based on spot-bootstrap intervals; it is not an independent-sample or spatial-dependence-resolved test.
GSE311294	GSM9322959_TR11_18105	BayesSpace	BayesSpace	4	gene	COL1A1	seed_11	-0.043962076616923	-0.1031959628631614	0.0423317574564493	False	2	1	seed_23	0		True	False	True	True	reference and alternative intervals include zero	Post-review descriptive stratification based on spot-bootstrap intervals; it is not an independent-sample or spatial-dependence-resolved test.
GSE311294	GSM9322959_TR11_18105	BayesSpace	BayesSpace	4	gene	EPCAM	seed_11	0.0	0.0	0.0	False	2	0		0		False	False	False	False	no opposite-sign point estimate	Post-review descriptive stratification based on spot-bootstrap intervals; it is not an independent-sample or spatial-dependence-resolved test.
GSE311294	GSM9322959_TR11_18105	BayesSpace	BayesSpace	4	gene	FAP	seed_11	0.0	0.0	0.0	False	2	0		0		False	False	False	False	no opposite-sign point estimate	Post-review descriptive stratification based on spot-bootstrap intervals; it is not an independent-sample or spatial-dependence-resolved test.
GSE311294	GSM9322959_TR11_18105	BayesSpace	BayesSpace	4	gene	PTPRC	seed_11	0.0	0.0	0.0	False	2	0		0		False	False	False	False	no opposite-sign point estimate	Post-review descriptive stratification based on spot-bootstrap intervals; it is not an independent-sample or spatial-dependence-resolved test.
GSE311294	GSM9322959_TR11_18105	BayesSpace	BayesSpace	4	gene	SPP1	seed_11	0.0	0.0	0.0	False	2	0		0		False	False	False	False	no opposite-sign point estimate	Post-review descriptive stratification based on spot-bootstrap intervals; it is not an independent-sample or spatial-dependence-resolved test.
GSE311294	GSM9322959_TR11_18105	BayesSpace	BayesSpace	4	signature	SIG_CAF_FAP	seed_11	-0.2256378682115003	-0.2948328763588483	-0.1564748676507086	True	2	0		0		False	False	False	False	no opposite-sign point estimate	Post-review descriptive stratification based on spot-bootstrap intervals; it is not an independent-sample or spatial-dependence-resolved test.
GSE311294	GSM9322959_TR11_18105	BayesSpace	BayesSpace	4	signature	SIG_CYTOTOX	seed_11	0.0	0.0	0.0	False	2	0		0		False	False	False	False	no opposite-sign point estimate	Post-review descriptive stratification based on spot-bootstrap intervals; it is not an independent-sample or spatial-dependence-resolved test.
GSE311294	GSM9322959_TR11_18105	BayesSpace	BayesSpace	4	signature	SIG_EXCLUSION_CONTRAST	seed_11	-0.4058767302700232	-0.5002707502536524	-0.3181973856705036	True	2	0		0		False	False	False	False	no opposite-sign point estimate	Post-review descriptive stratification based on spot-bootstrap intervals; it is not an independent-sample or spatial-dependence-resolved test.
GSE311294	GSM9322959_TR11_18105	BayesSpace	BayesSpace	4	signature	SIG_EXCLUSION_TGFB_CXCL12	seed_11	-0.2136586687096924	-0.2760248406307289	-0.1564218847974155	True	2	0		0		False	False	False	False	no opposite-sign point estimate	Post-review descriptive stratification based on spot-bootstrap intervals; it is not an independent-sample or spatial-dependence-resolved test.
GSE311294	GSM9322959_TR11_18105	BayesSpace	BayesSpace	4	signature	SIG_MY_SPP1	seed_11	-0.0931469422556957	-0.1244749803612949	-0.0686521887246955	True	2	0		0		False	False	False	False	no opposite-sign point estimate	Post-review descriptive stratification based on spot-bootstrap intervals; it is not an independent-sample or spatial-dependence-resolved test.
GSE311294	GSM9322959_TR11_18105	BayesSpace	BayesSpace	4	signature	SIG_TCELL	seed_11	0.0	0.0	0.0	False	2	0		0		False	False	False	False	no opposite-sign point estimate	Post-review descriptive stratification based on spot-bootstrap intervals; it is not an independent-sample or spatial-dependence-resolved test.
GSE311294	GSM9322959_TR11_18105	BayesSpace	BayesSpace	6	gene	COL1A1	seed_11	-0.0584328490727106	-0.1122734963858534	0.013293129135788	False	2	1	seed_23	0		True	False	True	False	reference interval includes zero	Post-review descriptive stratification based on spot-bootstrap intervals; it is not an independent-sample or spatial-dependence-resolved test.
GSE311294	GSM9322959_TR11_18105	BayesSpace	BayesSpace	6	gene	EPCAM	seed_11	0.0	0.0	0.0	False	2	0		0		False	False	False	False	no opposite-sign point estimate	Post-review descriptive stratification based on spot-bootstrap intervals; it is not an independent-sample or spatial-dependence-resolved test.
GSE311294	GSM9322959_TR11_18105	BayesSpace	BayesSpace	6	gene	FAP	seed_11	0.0	0.0	0.0	False	2	0		0		False	False	False	False	no opposite-sign point estimate	Post-review descriptive stratification based on spot-bootstrap intervals; it is not an independent-sample or spatial-dependence-resolved test.
GSE311294	GSM9322959_TR11_18105	BayesSpace	BayesSpace	6	gene	PTPRC	seed_11	0.0	0.0	0.0	False	2	0		0		False	False	False	False	no opposite-sign point estimate	Post-review descriptive stratification based on spot-bootstrap intervals; it is not an independent-sample or spatial-dependence-resolved test.
GSE311294	GSM9322959_TR11_18105	BayesSpace	BayesSpace	6	gene	SPP1	seed_11	0.0	0.0	0.0	False	2	0		0		False	False	False	False	no opposite-sign point estimate	Post-review descriptive stratification based on spot-bootstrap intervals; it is not an independent-sample or spatial-dependence-resolved test.
GSE311294	GSM9322959_TR11_18105	BayesSpace	BayesSpace	6	signature	SIG_CAF_FAP	seed_11	-0.1382904185630331	-0.2096591287894198	-0.0760810009810865	True	2	0		0		False	False	False	False	no opposite-sign point estimate	Post-review descriptive stratification based on spot-bootstrap intervals; it is not an independent-sample or spatial-dependence-resolved test.
GSE311294	GSM9322959_TR11_18105	BayesSpace	BayesSpace	6	signature	SIG_CYTOTOX	seed_11	0.0	0.0	0.0	False	2	0		0		False	False	False	False	no opposite-sign point estimate	Post-review descriptive stratification based on spot-bootstrap intervals; it is not an independent-sample or spatial-dependence-resolved test.
GSE311294	GSM9322959_TR11_18105	BayesSpace	BayesSpace	6	signature	SIG_EXCLUSION_CONTRAST	seed_11	-0.1833161418341586	-0.2570492652068526	-0.1126995778362835	True	2	0		0		False	False	False	False	no opposite-sign point estimate	Post-review descriptive stratification based on spot-bootstrap intervals; it is not an independent-sample or spatial-dependence-resolved test.
GSE311294	GSM9322959_TR11_18105	BayesSpace	BayesSpace	6	signature	SIG_EXCLUSION_TGFB_CXCL12	seed_11	-0.0826074449293841	-0.1306956329290814	-0.0327781114239502	True	2	0		0		False	False	False	False	no opposite-sign point estimate	Post-review descriptive stratification based on spot-bootstrap intervals; it is not an independent-sample or spatial-dependence-resolved test.
GSE311294	GSM9322959_TR11_18105	BayesSpace	BayesSpace	6	signature	SIG_MY_SPP1	seed_11	-0.0227791331021547	-0.0401235737694735	0.0003549674880215	False	2	0		0		False	False	False	False	no opposite-sign point estimate	Post-review descriptive stratification based on spot-bootstrap intervals; it is not an independent-sample or spatial-dependence-resolved test.
GSE311294	GSM9322959_TR11_18105	BayesSpace	BayesSpace	6	signature	SIG_TCELL	seed_11	0.0	0.0	0.0	False	2	0		0		False	False	False	False	no opposite-sign point estimate	Post-review descriptive stratification based on spot-bootstrap intervals; it is not an independent-sample or spatial-dependence-resolved test.
GSE311294	GSM9322959_TR11_18105	M0_expr_kmeans	expression-only k-means	4	gene	COL1A1	seed_11	0.1066246962782813	0.0462656191929258	0.170127133637304	True	2	0		0		False	False	False	False	no opposite-sign point estimate	Post-review descriptive stratification based on spot-bootstrap intervals; it is not an independent-sample or spatial-dependence-resolved test.
GSE311294	GSM9322959_TR11_18105	M0_expr_kmeans	expression-only k-means	4	gene	EPCAM	seed_11	0.0	0.0	0.0	False	2	0		0		False	False	False	False	no opposite-sign point estimate	Post-review descriptive stratification based on spot-bootstrap intervals; it is not an independent-sample or spatial-dependence-resolved test.
GSE311294	GSM9322959_TR11_18105	M0_expr_kmeans	expression-only k-means	4	gene	FAP	seed_11	0.0	0.0	0.0	False	2	0		0		False	False	False	False	no opposite-sign point estimate	Post-review descriptive stratification based on spot-bootstrap intervals; it is not an independent-sample or spatial-dependence-resolved test.
GSE311294	GSM9322959_TR11_18105	M0_expr_kmeans	expression-only k-means	4	gene	PTPRC	seed_11	0.0	0.0	0.0	False	2	0		0		False	False	False	False	no opposite-sign point estimate	Post-review descriptive stratification based on spot-bootstrap intervals; it is not an independent-sample or spatial-dependence-resolved test.
GSE311294	GSM9322959_TR11_18105	M0_expr_kmeans	expression-only k-means	4	gene	SPP1	seed_11	0.0	0.0	0.0	False	2	0		0		False	False	False	False	no opposite-sign point estimate	Post-review descriptive stratification based on spot-bootstrap intervals; it is not an independent-sample or spatial-dependence-resolved test.
GSE311294	GSM9322959_TR11_18105	M0_expr_kmeans	expression-only k-means	4	signature	SIG_CAF_FAP	seed_11	-0.0622130693261802	-0.1357024670542031	-0.0145624075347017	True	2	0		0		False	False	False	False	no opposite-sign point estimate	Post-review descriptive stratification based on spot-bootstrap intervals; it is not an independent-sample or spatial-dependence-resolved test.
GSE311294	GSM9322959_TR11_18105	M0_expr_kmeans	expression-only k-means	4	signature	SIG_CYTOTOX	seed_11	0.0	0.0	0.0	False	2	0		0		False	False	False	False	no opposite-sign point estimate	Post-review descriptive stratification based on spot-bootstrap intervals; it is not an independent-sample or spatial-dependence-resolved test.
GSE311294	GSM9322959_TR11_18105	M0_expr_kmeans	expression-only k-means	4	signature	SIG_EXCLUSION_CONTRAST	seed_11	-0.2295994312445897	-0.3002042073635839	-0.1619903571627712	True	2	0		0		False	False	False	False	no opposite-sign point estimate	Post-review descriptive stratification based on spot-bootstrap intervals; it is not an independent-sample or spatial-dependence-resolved test.
GSE311294	GSM9322959_TR11_18105	M0_expr_kmeans	expression-only k-means	4	signature	SIG_EXCLUSION_TGFB_CXCL12	seed_11	-0.0509004580495107	-0.0955169701674013	-0.0038723118964273	True	2	0		0		False	False	False	False	no opposite-sign point estimate	Post-review descriptive stratification based on spot-bootstrap intervals; it is not an independent-sample or spatial-dependence-resolved test.
GSE311294	GSM9322959_TR11_18105	M0_expr_kmeans	expression-only k-means	4	signature	SIG_MY_SPP1	seed_11	-0.058876597416383	-0.0820555946712954	-0.0317716253364123	True	2	0		0		False	False	False	False	no opposite-sign point estimate	Post-review descriptive stratification based on spot-bootstrap intervals; it is not an independent-sample or spatial-dependence-resolved test.
GSE311294	GSM9322959_TR11_18105	M0_expr_kmeans	expression-only k-means	4	signature	SIG_TCELL	seed_11	0.0	0.0	0.0	False	2	0		0		False	False	False	False	no opposite-sign point estimate	Post-review descriptive stratification based on spot-bootstrap intervals; it is not an independent-sample or spatial-dependence-resolved test.
GSE311294	GSM9322959_TR11_18105	M0_expr_kmeans	expression-only k-means	6	gene	COL1A1	seed_11	-0.1742746118004259	-0.238657459779106	-0.0943036128000915	True	2	0		0		False	False	False	False	no opposite-sign point estimate	Post-review descriptive stratification based on spot-bootstrap intervals; it is not an independent-sample or spatial-dependence-resolved test.
GSE311294	GSM9322959_TR11_18105	M0_expr_kmeans	expression-only k-means	6	gene	EPCAM	seed_11	0.0	0.0	0.0	False	2	0		0		False	False	False	False	no opposite-sign point estimate	Post-review descriptive stratification based on spot-bootstrap intervals; it is not an independent-sample or spatial-dependence-resolved test.
GSE311294	GSM9322959_TR11_18105	M0_expr_kmeans	expression-only k-means	6	gene	FAP	seed_11	0.0	0.0	0.0	False	2	0		0		False	False	False	False	no opposite-sign point estimate	Post-review descriptive stratification based on spot-bootstrap intervals; it is not an independent-sample or spatial-dependence-resolved test.
GSE311294	GSM9322959_TR11_18105	M0_expr_kmeans	expression-only k-means	6	gene	PTPRC	seed_11	0.0	0.0	0.0	False	2	0		0		False	False	False	False	no opposite-sign point estimate	Post-review descriptive stratification based on spot-bootstrap intervals; it is not an independent-sample or spatial-dependence-resolved test.
GSE311294	GSM9322959_TR11_18105	M0_expr_kmeans	expression-only k-means	6	gene	SPP1	seed_11	0.0	0.0	0.0	False	2	0		0		False	False	False	False	no opposite-sign point estimate	Post-review descriptive stratification based on spot-bootstrap intervals; it is not an independent-sample or spatial-dependence-resolved test.
GSE311294	GSM9322959_TR11_18105	M0_expr_kmeans	expression-only k-means	6	signature	SIG_CAF_FAP	seed_11	-0.2236564668588778	-0.2788354974799127	-0.1709155291393417	True	2	0		0		False	False	False	False	no opposite-sign point estimate	Post-review descriptive stratification based on spot-bootstrap intervals; it is not an independent-sample or spatial-dependence-resolved test.
GSE311294	GSM9322959_TR11_18105	M0_expr_kmeans	expression-only k-means	6	signature	SIG_CYTOTOX	seed_11	0.0	0.0	0.0	False	2	0		0		False	False	False	False	no opposite-sign point estimate	Post-review descriptive stratification based on spot-bootstrap intervals; it is not an independent-sample or spatial-dependence-resolved test.
GSE311294	GSM9322959_TR11_18105	M0_expr_kmeans	expression-only k-means	6	signature	SIG_EXCLUSION_CONTRAST	seed_11	-0.3177408313614673	-0.3916423543991637	-0.2344011464147258	True	2	0		0		False	False	False	False	no opposite-sign point estimate	Post-review descriptive stratification based on spot-bootstrap intervals; it is not an independent-sample or spatial-dependence-resolved test.
GSE311294	GSM9322959_TR11_18105	M0_expr_kmeans	expression-only k-means	6	signature	SIG_EXCLUSION_TGFB_CXCL12	seed_11	-0.1359661933837328	-0.186874684018155	-0.0827747652104606	True	2	0		0		False	False	False	False	no opposite-sign point estimate	Post-review descriptive stratification based on spot-bootstrap intervals; it is not an independent-sample or spatial-dependence-resolved test.
GSE311294	GSM9322959_TR11_18105	M0_expr_kmeans	expression-only k-means	6	signature	SIG_MY_SPP1	seed_11	-0.0067300517246257	-0.0270082830856198	0.0156389769985887	False	2	0		0		False	False	False	False	no opposite-sign point estimate	Post-review descriptive stratification based on spot-bootstrap intervals; it is not an independent-sample or spatial-dependence-resolved test.
GSE311294	GSM9322959_TR11_18105	M0_expr_kmeans	expression-only k-means	6	signature	SIG_TCELL	seed_11	0.0	0.0	0.0	False	2	0		0		False	False	False	False	no opposite-sign point estimate	Post-review descriptive stratification based on spot-bootstrap intervals; it is not an independent-sample or spatial-dependence-resolved test.
GSE311294	GSM9322959_TR11_18105	M1_spatial_concat_kmeans	coordinate-augmented k-means	4	gene	COL1A1	seed_11	0.1094664617190872	0.0533323438922376	0.178785209646551	True	2	0		0		False	False	False	False	no opposite-sign point estimate	Post-review descriptive stratification based on spot-bootstrap intervals; it is not an independent-sample or spatial-dependence-resolved test.
GSE311294	GSM9322959_TR11_18105	M1_spatial_concat_kmeans	coordinate-augmented k-means	4	gene	EPCAM	seed_11	0.0	0.0	0.0	False	2	0		0		False	False	False	False	no opposite-sign point estimate	Post-review descriptive stratification based on spot-bootstrap intervals; it is not an independent-sample or spatial-dependence-resolved test.
GSE311294	GSM9322959_TR11_18105	M1_spatial_concat_kmeans	coordinate-augmented k-means	4	gene	FAP	seed_11	0.0	0.0	0.0	False	2	0		0		False	False	False	False	no opposite-sign point estimate	Post-review descriptive stratification based on spot-bootstrap intervals; it is not an independent-sample or spatial-dependence-resolved test.
GSE311294	GSM9322959_TR11_18105	M1_spatial_concat_kmeans	coordinate-augmented k-means	4	gene	PTPRC	seed_11	0.0	0.0	0.0	False	2	0		0		False	False	False	False	no opposite-sign point estimate	Post-review descriptive stratification based on spot-bootstrap intervals; it is not an independent-sample or spatial-dependence-resolved test.
GSE311294	GSM9322959_TR11_18105	M1_spatial_concat_kmeans	coordinate-augmented k-means	4	gene	SPP1	seed_11	0.0	0.0	0.0	False	2	0		0		False	False	False	False	no opposite-sign point estimate	Post-review descriptive stratification based on spot-bootstrap intervals; it is not an independent-sample or spatial-dependence-resolved test.
GSE311294	GSM9322959_TR11_18105	M1_spatial_concat_kmeans	coordinate-augmented k-means	4	signature	SIG_CAF_FAP	seed_11	-0.0587615774846632	-0.1280553990219612	-0.0158547281207559	True	2	0		0		False	False	False	False	no opposite-sign point estimate	Post-review descriptive stratification based on spot-bootstrap intervals; it is not an independent-sample or spatial-dependence-resolved test.
GSE311294	GSM9322959_TR11_18105	M1_spatial_concat_kmeans	coordinate-augmented k-means	4	signature	SIG_CYTOTOX	seed_11	0.0	0.0	0.0	False	2	0		0		False	False	False	False	no opposite-sign point estimate	Post-review descriptive stratification based on spot-bootstrap intervals; it is not an independent-sample or spatial-dependence-resolved test.
GSE311294	GSM9322959_TR11_18105	M1_spatial_concat_kmeans	coordinate-augmented k-means	4	signature	SIG_EXCLUSION_CONTRAST	seed_11	-0.229032751802531	-0.2966023185659351	-0.1660759450864695	True	2	0		0		False	False	False	False	no opposite-sign point estimate	Post-review descriptive stratification based on spot-bootstrap intervals; it is not an independent-sample or spatial-dependence-resolved test.
GSE311294	GSM9322959_TR11_18105	M1_spatial_concat_kmeans	coordinate-augmented k-means	4	signature	SIG_EXCLUSION_TGFB_CXCL12	seed_11	-0.0494503186050636	-0.0959348535199404	-0.0023337995734139	True	2	0		0		False	False	False	False	no opposite-sign point estimate	Post-review descriptive stratification based on spot-bootstrap intervals; it is not an independent-sample or spatial-dependence-resolved test.
GSE311294	GSM9322959_TR11_18105	M1_spatial_concat_kmeans	coordinate-augmented k-means	4	signature	SIG_MY_SPP1	seed_11	-0.0583851001479673	-0.0807957489954713	-0.0323756670320133	True	2	0		0		False	False	False	False	no opposite-sign point estimate	Post-review descriptive stratification based on spot-bootstrap intervals; it is not an independent-sample or spatial-dependence-resolved test.
GSE311294	GSM9322959_TR11_18105	M1_spatial_concat_kmeans	coordinate-augmented k-means	4	signature	SIG_TCELL	seed_11	0.0	0.0	0.0	False	2	0		0		False	False	False	False	no opposite-sign point estimate	Post-review descriptive stratification based on spot-bootstrap intervals; it is not an independent-sample or spatial-dependence-resolved test.
GSE311294	GSM9322959_TR11_18105	M1_spatial_concat_kmeans	coordinate-augmented k-means	6	gene	COL1A1	seed_11	-0.1593777744404807	-0.2166073206390513	-0.0796989559388195	True	2	0		0		False	False	False	False	no opposite-sign point estimate	Post-review descriptive stratification based on spot-bootstrap intervals; it is not an independent-sample or spatial-dependence-resolved test.
GSE311294	GSM9322959_TR11_18105	M1_spatial_concat_kmeans	coordinate-augmented k-means	6	gene	EPCAM	seed_11	0.0	0.0	0.0	False	2	0		0		False	False	False	False	no opposite-sign point estimate	Post-review descriptive stratification based on spot-bootstrap intervals; it is not an independent-sample or spatial-dependence-resolved test.
GSE311294	GSM9322959_TR11_18105	M1_spatial_concat_kmeans	coordinate-augmented k-means	6	gene	FAP	seed_11	0.0	0.0	0.0	False	2	0		0		False	False	False	False	no opposite-sign point estimate	Post-review descriptive stratification based on spot-bootstrap intervals; it is not an independent-sample or spatial-dependence-resolved test.
GSE311294	GSM9322959_TR11_18105	M1_spatial_concat_kmeans	coordinate-augmented k-means	6	gene	PTPRC	seed_11	0.0	0.0	0.0	False	2	0		0		False	False	False	False	no opposite-sign point estimate	Post-review descriptive stratification based on spot-bootstrap intervals; it is not an independent-sample or spatial-dependence-resolved test.
GSE311294	GSM9322959_TR11_18105	M1_spatial_concat_kmeans	coordinate-augmented k-means	6	gene	SPP1	seed_11	0.0	0.0	0.0	False	2	0		0		False	False	False	False	no opposite-sign point estimate	Post-review descriptive stratification based on spot-bootstrap intervals; it is not an independent-sample or spatial-dependence-resolved test.
GSE311294	GSM9322959_TR11_18105	M1_spatial_concat_kmeans	coordinate-augmented k-means	6	signature	SIG_CAF_FAP	seed_11	-0.2251067020896537	-0.2805706235232233	-0.1713569425775148	True	2	0		0		False	False	False	False	no opposite-sign point estimate	Post-review descriptive stratification based on spot-bootstrap intervals; it is not an independent-sample or spatial-dependence-resolved test.
GSE311294	GSM9322959_TR11_18105	M1_spatial_concat_kmeans	coordinate-augmented k-means	6	signature	SIG_CYTOTOX	seed_11	0.0	0.0	0.0	False	2	0		0		False	False	False	False	no opposite-sign point estimate	Post-review descriptive stratification based on spot-bootstrap intervals; it is not an independent-sample or spatial-dependence-resolved test.
GSE311294	GSM9322959_TR11_18105	M1_spatial_concat_kmeans	coordinate-augmented k-means	6	signature	SIG_EXCLUSION_CONTRAST	seed_11	-0.2892466763274761	-0.3765132776622642	-0.2106270755792659	True	2	0		0		False	False	False	False	no opposite-sign point estimate	Post-review descriptive stratification based on spot-bootstrap intervals; it is not an independent-sample or spatial-dependence-resolved test.
GSE311294	GSM9322959_TR11_18105	M1_spatial_concat_kmeans	coordinate-augmented k-means	6	signature	SIG_EXCLUSION_TGFB_CXCL12	seed_11	-0.13902937109124	-0.1858373470532539	-0.0829103131663023	True	2	0		0		False	False	False	False	no opposite-sign point estimate	Post-review descriptive stratification based on spot-bootstrap intervals; it is not an independent-sample or spatial-dependence-resolved test.
GSE311294	GSM9322959_TR11_18105	M1_spatial_concat_kmeans	coordinate-augmented k-means	6	signature	SIG_MY_SPP1	seed_11	-0.0020658660197589	-0.0231209337227278	0.0207782560025931	False	2	0		0		False	False	False	False	no opposite-sign point estimate	Post-review descriptive stratification based on spot-bootstrap intervals; it is not an independent-sample or spatial-dependence-resolved test.
GSE311294	GSM9322959_TR11_18105	M1_spatial_concat_kmeans	coordinate-augmented k-means	6	signature	SIG_TCELL	seed_11	0.0	0.0	0.0	False	2	0		0		False	False	False	False	no opposite-sign point estimate	Post-review descriptive stratification based on spot-bootstrap intervals; it is not an independent-sample or spatial-dependence-resolved test.
GSE311294	GSM9322959_TR11_18105	M2_spatial_ward	spatial Ward	4	gene	COL1A1	neighbors_6	0.0318200928500562	-0.0374861554207264	0.1251857345845173	False	2	1	neighbors_8	0		True	False	True	False	reference interval includes zero	Post-review descriptive stratification based on spot-bootstrap intervals; it is not an independent-sample or spatial-dependence-resolved test.
GSE311294	GSM9322959_TR11_18105	M2_spatial_ward	spatial Ward	4	gene	EPCAM	neighbors_6	0.0	0.0	0.0	False	2	0		0		False	False	False	False	no opposite-sign point estimate	Post-review descriptive stratification based on spot-bootstrap intervals; it is not an independent-sample or spatial-dependence-resolved test.
GSE311294	GSM9322959_TR11_18105	M2_spatial_ward	spatial Ward	4	gene	FAP	neighbors_6	0.0	0.0	0.0	False	2	0		0		False	False	False	False	no opposite-sign point estimate	Post-review descriptive stratification based on spot-bootstrap intervals; it is not an independent-sample or spatial-dependence-resolved test.
GSE311294	GSM9322959_TR11_18105	M2_spatial_ward	spatial Ward	4	gene	PTPRC	neighbors_6	0.0	0.0	0.0	False	2	0		0		False	False	False	False	no opposite-sign point estimate	Post-review descriptive stratification based on spot-bootstrap intervals; it is not an independent-sample or spatial-dependence-resolved test.
GSE311294	GSM9322959_TR11_18105	M2_spatial_ward	spatial Ward	4	gene	SPP1	neighbors_6	0.0	0.0	0.0	False	2	0		0		False	False	False	False	no opposite-sign point estimate	Post-review descriptive stratification based on spot-bootstrap intervals; it is not an independent-sample or spatial-dependence-resolved test.
GSE311294	GSM9322959_TR11_18105	M2_spatial_ward	spatial Ward	4	signature	SIG_CAF_FAP	neighbors_6	-0.1795852529124006	-0.2613526416738654	-0.1249772262594545	True	2	0		0		False	False	False	False	no opposite-sign point estimate	Post-review descriptive stratification based on spot-bootstrap intervals; it is not an independent-sample or spatial-dependence-resolved test.
GSE311294	GSM9322959_TR11_18105	M2_spatial_ward	spatial Ward	4	signature	SIG_CYTOTOX	neighbors_6	0.0	0.0	0.0	False	2	0		0		False	False	False	False	no opposite-sign point estimate	Post-review descriptive stratification based on spot-bootstrap intervals; it is not an independent-sample or spatial-dependence-resolved test.
GSE311294	GSM9322959_TR11_18105	M2_spatial_ward	spatial Ward	4	signature	SIG_EXCLUSION_CONTRAST	neighbors_6	-0.3425601396212094	-0.4528633544784211	-0.2689439775286073	True	2	0		0		False	False	False	False	no opposite-sign point estimate	Post-review descriptive stratification based on spot-bootstrap intervals; it is not an independent-sample or spatial-dependence-resolved test.
GSE311294	GSM9322959_TR11_18105	M2_spatial_ward	spatial Ward	4	signature	SIG_EXCLUSION_TGFB_CXCL12	neighbors_6	-0.1781534057114506	-0.2372366632959831	-0.109209907000377	True	2	0		0		False	False	False	False	no opposite-sign point estimate	Post-review descriptive stratification based on spot-bootstrap intervals; it is not an independent-sample or spatial-dependence-resolved test.
GSE311294	GSM9322959_TR11_18105	M2_spatial_ward	spatial Ward	4	signature	SIG_MY_SPP1	neighbors_6	-0.0538370945015955	-0.0802773373783616	-0.0312599695116114	True	2	0		0		False	False	False	False	no opposite-sign point estimate	Post-review descriptive stratification based on spot-bootstrap intervals; it is not an independent-sample or spatial-dependence-resolved test.
GSE311294	GSM9322959_TR11_18105	M2_spatial_ward	spatial Ward	4	signature	SIG_TCELL	neighbors_6	0.0	0.0	0.0	False	2	0		0		False	False	False	False	no opposite-sign point estimate	Post-review descriptive stratification based on spot-bootstrap intervals; it is not an independent-sample or spatial-dependence-resolved test.
GSE311294	GSM9322959_TR11_18105	M2_spatial_ward	spatial Ward	6	gene	COL1A1	neighbors_6	-0.1090319642921002	-0.1858622610639994	-0.0560213106959539	True	2	2	neighbors_4;neighbors_8	2	neighbors_4;neighbors_8	True	True	False	False	reference and alternative intervals exclude zero	Post-review descriptive stratification based on spot-bootstrap intervals; it is not an independent-sample or spatial-dependence-resolved test.
GSE311294	GSM9322959_TR11_18105	M2_spatial_ward	spatial Ward	6	gene	EPCAM	neighbors_6	0.0	0.0	0.0	False	2	0		0		False	False	False	False	no opposite-sign point estimate	Post-review descriptive stratification based on spot-bootstrap intervals; it is not an independent-sample or spatial-dependence-resolved test.
GSE311294	GSM9322959_TR11_18105	M2_spatial_ward	spatial Ward	6	gene	FAP	neighbors_6	0.0	0.0	0.0	False	2	0		0		False	False	False	False	no opposite-sign point estimate	Post-review descriptive stratification based on spot-bootstrap intervals; it is not an independent-sample or spatial-dependence-resolved test.
GSE311294	GSM9322959_TR11_18105	M2_spatial_ward	spatial Ward	6	gene	PTPRC	neighbors_6	0.0	0.0	0.0	False	2	0		0		False	False	False	False	no opposite-sign point estimate	Post-review descriptive stratification based on spot-bootstrap intervals; it is not an independent-sample or spatial-dependence-resolved test.
GSE311294	GSM9322959_TR11_18105	M2_spatial_ward	spatial Ward	6	gene	SPP1	neighbors_6	0.0	0.0	0.0	False	2	0		0		False	False	False	False	no opposite-sign point estimate	Post-review descriptive stratification based on spot-bootstrap intervals; it is not an independent-sample or spatial-dependence-resolved test.
GSE311294	GSM9322959_TR11_18105	M2_spatial_ward	spatial Ward	6	signature	SIG_CAF_FAP	neighbors_6	-0.1908025904985288	-0.2591193685713364	-0.1348428246455778	True	2	1	neighbors_8	0		True	False	False	False	alternative interval includes zero	Post-review descriptive stratification based on spot-bootstrap intervals; it is not an independent-sample or spatial-dependence-resolved test.
GSE311294	GSM9322959_TR11_18105	M2_spatial_ward	spatial Ward	6	signature	SIG_CYTOTOX	neighbors_6	0.0	0.0	0.0	False	2	0		0		False	False	False	False	no opposite-sign point estimate	Post-review descriptive stratification based on spot-bootstrap intervals; it is not an independent-sample or spatial-dependence-resolved test.
GSE311294	GSM9322959_TR11_18105	M2_spatial_ward	spatial Ward	6	signature	SIG_EXCLUSION_CONTRAST	neighbors_6	-0.3190192899085846	-0.4027932588549544	-0.224588402221002	True	2	0		0		False	False	False	False	no opposite-sign point estimate	Post-review descriptive stratification based on spot-bootstrap intervals; it is not an independent-sample or spatial-dependence-resolved test.
GSE311294	GSM9322959_TR11_18105	M2_spatial_ward	spatial Ward	6	signature	SIG_EXCLUSION_TGFB_CXCL12	neighbors_6	-0.1872183783851044	-0.2433934153746327	-0.1302024219983791	True	2	1	neighbors_8	0		True	False	False	False	alternative interval includes zero	Post-review descriptive stratification based on spot-bootstrap intervals; it is not an independent-sample or spatial-dependence-resolved test.
GSE311294	GSM9322959_TR11_18105	M2_spatial_ward	spatial Ward	6	signature	SIG_MY_SPP1	neighbors_6	-0.0314337931232976	-0.052649472561379	-0.0049536285373263	True	2	0		0		False	False	False	False	no opposite-sign point estimate	Post-review descriptive stratification based on spot-bootstrap intervals; it is not an independent-sample or spatial-dependence-resolved test.
GSE311294	GSM9322959_TR11_18105	M2_spatial_ward	spatial Ward	6	signature	SIG_TCELL	neighbors_6	0.0	0.0	0.0	False	2	0		0		False	False	False	False	no opposite-sign point estimate	Post-review descriptive stratification based on spot-bootstrap intervals; it is not an independent-sample or spatial-dependence-resolved test.
GSE311294	GSM9322959_TR11_18105	M3_spatial_leiden	spatial Leiden	4	gene	COL1A1	seed_11	-0.1726998661168206	-0.2846253498443063	-0.0826631215242154	True	2	2	seed_23;seed_37	0		True	False	False	False	alternative interval includes zero	Post-review descriptive stratification based on spot-bootstrap intervals; it is not an independent-sample or spatial-dependence-resolved test.
GSE311294	GSM9322959_TR11_18105	M3_spatial_leiden	spatial Leiden	4	gene	EPCAM	seed_11	0.0	0.0	0.0	False	2	0		0		False	False	False	False	no opposite-sign point estimate	Post-review descriptive stratification based on spot-bootstrap intervals; it is not an independent-sample or spatial-dependence-resolved test.
GSE311294	GSM9322959_TR11_18105	M3_spatial_leiden	spatial Leiden	4	gene	FAP	seed_11	0.0	0.0	0.0	False	2	0		0		False	False	False	False	no opposite-sign point estimate	Post-review descriptive stratification based on spot-bootstrap intervals; it is not an independent-sample or spatial-dependence-resolved test.
GSE311294	GSM9322959_TR11_18105	M3_spatial_leiden	spatial Leiden	4	gene	PTPRC	seed_11	0.0	0.0	0.0	False	2	0		0		False	False	False	False	no opposite-sign point estimate	Post-review descriptive stratification based on spot-bootstrap intervals; it is not an independent-sample or spatial-dependence-resolved test.
GSE311294	GSM9322959_TR11_18105	M3_spatial_leiden	spatial Leiden	4	gene	SPP1	seed_11	0.0	0.0	0.0	False	2	0		0		False	False	False	False	no opposite-sign point estimate	Post-review descriptive stratification based on spot-bootstrap intervals; it is not an independent-sample or spatial-dependence-resolved test.
GSE311294	GSM9322959_TR11_18105	M3_spatial_leiden	spatial Leiden	4	signature	SIG_CAF_FAP	seed_11	-0.0620932713112845	-0.167023360673377	0.0167116936637464	False	2	2	seed_23;seed_37	0		True	False	True	True	reference and alternative intervals include zero	Post-review descriptive stratification based on spot-bootstrap intervals; it is not an independent-sample or spatial-dependence-resolved test.
GSE311294	GSM9322959_TR11_18105	M3_spatial_leiden	spatial Leiden	4	signature	SIG_CYTOTOX	seed_11	0.0	0.0	0.0	False	2	0		0		False	False	False	False	no opposite-sign point estimate	Post-review descriptive stratification based on spot-bootstrap intervals; it is not an independent-sample or spatial-dependence-resolved test.
GSE311294	GSM9322959_TR11_18105	M3_spatial_leiden	spatial Leiden	4	signature	SIG_EXCLUSION_CONTRAST	seed_11	0.0589797035190118	-0.0865175247258649	0.1791159896069542	False	2	0		0		False	False	False	False	no opposite-sign point estimate	Post-review descriptive stratification based on spot-bootstrap intervals; it is not an independent-sample or spatial-dependence-resolved test.
GSE311294	GSM9322959_TR11_18105	M3_spatial_leiden	spatial Leiden	4	signature	SIG_EXCLUSION_TGFB_CXCL12	seed_11	-0.0067195716281236	-0.0941516902085871	0.0846415763488053	False	2	2	seed_23;seed_37	0		True	False	True	True	reference and alternative intervals include zero	Post-review descriptive stratification based on spot-bootstrap intervals; it is not an independent-sample or spatial-dependence-resolved test.
GSE311294	GSM9322959_TR11_18105	M3_spatial_leiden	spatial Leiden	4	signature	SIG_MY_SPP1	seed_11	0.016851267678772	-0.0214079729454889	0.0605587521792412	False	2	1	seed_37	0		True	False	True	True	reference and alternative intervals include zero	Post-review descriptive stratification based on spot-bootstrap intervals; it is not an independent-sample or spatial-dependence-resolved test.
GSE311294	GSM9322959_TR11_18105	M3_spatial_leiden	spatial Leiden	4	signature	SIG_TCELL	seed_11	0.0	0.0	0.0	False	2	0		0		False	False	False	False	no opposite-sign point estimate	Post-review descriptive stratification based on spot-bootstrap intervals; it is not an independent-sample or spatial-dependence-resolved test.
GSE311294	GSM9322959_TR11_18105	M4_spagcn	SpaGCN-style	4	gene	COL1A1	seed_11	0.067824329113991	0.0048959248412633	0.1462720604750806	True	2	0		0		False	False	False	False	no opposite-sign point estimate	Post-review descriptive stratification based on spot-bootstrap intervals; it is not an independent-sample or spatial-dependence-resolved test.
GSE311294	GSM9322959_TR11_18105	M4_spagcn	SpaGCN-style	4	gene	EPCAM	seed_11	0.0	0.0	0.0	False	2	0		0		False	False	False	False	no opposite-sign point estimate	Post-review descriptive stratification based on spot-bootstrap intervals; it is not an independent-sample or spatial-dependence-resolved test.
GSE311294	GSM9322959_TR11_18105	M4_spagcn	SpaGCN-style	4	gene	FAP	seed_11	0.0	0.0	0.0	False	2	0		0		False	False	False	False	no opposite-sign point estimate	Post-review descriptive stratification based on spot-bootstrap intervals; it is not an independent-sample or spatial-dependence-resolved test.
GSE311294	GSM9322959_TR11_18105	M4_spagcn	SpaGCN-style	4	gene	PTPRC	seed_11	0.0	0.0	0.0	False	2	0		0		False	False	False	False	no opposite-sign point estimate	Post-review descriptive stratification based on spot-bootstrap intervals; it is not an independent-sample or spatial-dependence-resolved test.
GSE311294	GSM9322959_TR11_18105	M4_spagcn	SpaGCN-style	4	gene	SPP1	seed_11	0.0	0.0	0.0	False	2	0		0		False	False	False	False	no opposite-sign point estimate	Post-review descriptive stratification based on spot-bootstrap intervals; it is not an independent-sample or spatial-dependence-resolved test.
GSE311294	GSM9322959_TR11_18105	M4_spagcn	SpaGCN-style	4	signature	SIG_CAF_FAP	seed_11	0.064173412120891	0.0046862291207784	0.1184379239617327	True	2	2	seed_23;seed_37	0		True	False	False	False	alternative interval includes zero	Post-review descriptive stratification based on spot-bootstrap intervals; it is not an independent-sample or spatial-dependence-resolved test.
GSE311294	GSM9322959_TR11_18105	M4_spagcn	SpaGCN-style	4	signature	SIG_CYTOTOX	seed_11	0.0	0.0	0.0	False	2	0		0		False	False	False	False	no opposite-sign point estimate	Post-review descriptive stratification based on spot-bootstrap intervals; it is not an independent-sample or spatial-dependence-resolved test.
GSE311294	GSM9322959_TR11_18105	M4_spagcn	SpaGCN-style	4	signature	SIG_EXCLUSION_CONTRAST	seed_11	0.061555241642127	-0.0355130746325063	0.1266086665773646	False	2	2	seed_23;seed_37	0		True	False	True	False	reference interval includes zero	Post-review descriptive stratification based on spot-bootstrap intervals; it is not an independent-sample or spatial-dependence-resolved test.
GSE311294	GSM9322959_TR11_18105	M4_spagcn	SpaGCN-style	4	signature	SIG_EXCLUSION_TGFB_CXCL12	seed_11	0.0738456396058551	0.0288900330844617	0.1168224196654714	True	2	2	seed_23;seed_37	0		True	False	False	False	alternative interval includes zero	Post-review descriptive stratification based on spot-bootstrap intervals; it is not an independent-sample or spatial-dependence-resolved test.
GSE311294	GSM9322959_TR11_18105	M4_spagcn	SpaGCN-style	4	signature	SIG_MY_SPP1	seed_11	0.023807755857403	0.0009950271464616	0.0449627483457762	True	2	2	seed_23;seed_37	2	seed_23;seed_37	True	True	False	False	reference and alternative intervals exclude zero	Post-review descriptive stratification based on spot-bootstrap intervals; it is not an independent-sample or spatial-dependence-resolved test.
GSE311294	GSM9322959_TR11_18105	M4_spagcn	SpaGCN-style	4	signature	SIG_TCELL	seed_11	0.0	0.0	0.0	False	2	0		0		False	False	False	False	no opposite-sign point estimate	Post-review descriptive stratification based on spot-bootstrap intervals; it is not an independent-sample or spatial-dependence-resolved test.
GSE311294	GSM9322959_TR11_18105	M4_spagcn	SpaGCN-style	6	gene	COL1A1	seed_11	-0.1674502038446732	-0.2374946913214351	-0.0856873515011394	True	2	0		0		False	False	False	False	no opposite-sign point estimate	Post-review descriptive stratification based on spot-bootstrap intervals; it is not an independent-sample or spatial-dependence-resolved test.
GSE311294	GSM9322959_TR11_18105	M4_spagcn	SpaGCN-style	6	gene	EPCAM	seed_11	0.0	0.0	0.0	False	2	0		0		False	False	False	False	no opposite-sign point estimate	Post-review descriptive stratification based on spot-bootstrap intervals; it is not an independent-sample or spatial-dependence-resolved test.
GSE311294	GSM9322959_TR11_18105	M4_spagcn	SpaGCN-style	6	gene	FAP	seed_11	0.0	0.0	0.0	False	2	0		0		False	False	False	False	no opposite-sign point estimate	Post-review descriptive stratification based on spot-bootstrap intervals; it is not an independent-sample or spatial-dependence-resolved test.
GSE311294	GSM9322959_TR11_18105	M4_spagcn	SpaGCN-style	6	gene	PTPRC	seed_11	0.0	0.0	0.0	False	2	0		0		False	False	False	False	no opposite-sign point estimate	Post-review descriptive stratification based on spot-bootstrap intervals; it is not an independent-sample or spatial-dependence-resolved test.
GSE311294	GSM9322959_TR11_18105	M4_spagcn	SpaGCN-style	6	gene	SPP1	seed_11	0.0	0.0	0.0	False	2	0		0		False	False	False	False	no opposite-sign point estimate	Post-review descriptive stratification based on spot-bootstrap intervals; it is not an independent-sample or spatial-dependence-resolved test.
GSE311294	GSM9322959_TR11_18105	M4_spagcn	SpaGCN-style	6	signature	SIG_CAF_FAP	seed_11	-0.2312354776073997	-0.2857126554797471	-0.1774196480509301	True	2	0		0		False	False	False	False	no opposite-sign point estimate	Post-review descriptive stratification based on spot-bootstrap intervals; it is not an independent-sample or spatial-dependence-resolved test.
GSE311294	GSM9322959_TR11_18105	M4_spagcn	SpaGCN-style	6	signature	SIG_CYTOTOX	seed_11	0.0	0.0	0.0	False	2	0		0		False	False	False	False	no opposite-sign point estimate	Post-review descriptive stratification based on spot-bootstrap intervals; it is not an independent-sample or spatial-dependence-resolved test.
GSE311294	GSM9322959_TR11_18105	M4_spagcn	SpaGCN-style	6	signature	SIG_EXCLUSION_CONTRAST	seed_11	-0.2955144306611879	-0.3673308295895474	-0.2309467723592534	True	2	0		0		False	False	False	False	no opposite-sign point estimate	Post-review descriptive stratification based on spot-bootstrap intervals; it is not an independent-sample or spatial-dependence-resolved test.
GSE311294	GSM9322959_TR11_18105	M4_spagcn	SpaGCN-style	6	signature	SIG_EXCLUSION_TGFB_CXCL12	seed_11	-0.1685638209116264	-0.2079261164351424	-0.1175644934005164	True	2	0		0		False	False	False	False	no opposite-sign point estimate	Post-review descriptive stratification based on spot-bootstrap intervals; it is not an independent-sample or spatial-dependence-resolved test.
GSE311294	GSM9322959_TR11_18105	M4_spagcn	SpaGCN-style	6	signature	SIG_MY_SPP1	seed_11	-0.0248505846932056	-0.0540292721622588	-8.331216567086672e-05	True	2	0		0		False	False	False	False	no opposite-sign point estimate	Post-review descriptive stratification based on spot-bootstrap intervals; it is not an independent-sample or spatial-dependence-resolved test.
GSE311294	GSM9322959_TR11_18105	M4_spagcn	SpaGCN-style	6	signature	SIG_TCELL	seed_11	0.0	0.0	0.0	False	2	0		0		False	False	False	False	no opposite-sign point estimate	Post-review descriptive stratification based on spot-bootstrap intervals; it is not an independent-sample or spatial-dependence-resolved test.
GSE311294	GSM9322959_TR11_18105	M5_stagate	STAGATE-style	4	gene	COL1A1	seed_11	-0.1206374272973445	-0.200838329238762	-0.0672735061888384	True	2	2	seed_23;seed_37	2	seed_23;seed_37	True	True	False	False	reference and alternative intervals exclude zero	Post-review descriptive stratification based on spot-bootstrap intervals; it is not an independent-sample or spatial-dependence-resolved test.
GSE311294	GSM9322959_TR11_18105	M5_stagate	STAGATE-style	4	gene	EPCAM	seed_11	0.0	0.0	0.0	False	2	0		0		False	False	False	False	no opposite-sign point estimate	Post-review descriptive stratification based on spot-bootstrap intervals; it is not an independent-sample or spatial-dependence-resolved test.
GSE311294	GSM9322959_TR11_18105	M5_stagate	STAGATE-style	4	gene	FAP	seed_11	0.0	0.0	0.0	False	2	0		0		False	False	False	False	no opposite-sign point estimate	Post-review descriptive stratification based on spot-bootstrap intervals; it is not an independent-sample or spatial-dependence-resolved test.
GSE311294	GSM9322959_TR11_18105	M5_stagate	STAGATE-style	4	gene	PTPRC	seed_11	0.0	0.0	0.0	False	2	0		0		False	False	False	False	no opposite-sign point estimate	Post-review descriptive stratification based on spot-bootstrap intervals; it is not an independent-sample or spatial-dependence-resolved test.
GSE311294	GSM9322959_TR11_18105	M5_stagate	STAGATE-style	4	gene	SPP1	seed_11	0.0	0.0	0.0	False	2	0		0		False	False	False	False	no opposite-sign point estimate	Post-review descriptive stratification based on spot-bootstrap intervals; it is not an independent-sample or spatial-dependence-resolved test.
GSE311294	GSM9322959_TR11_18105	M5_stagate	STAGATE-style	4	signature	SIG_CAF_FAP	seed_11	-0.2635091237737579	-0.3242556670131389	-0.1989736535245437	True	2	0		0		False	False	False	False	no opposite-sign point estimate	Post-review descriptive stratification based on spot-bootstrap intervals; it is not an independent-sample or spatial-dependence-resolved test.
GSE311294	GSM9322959_TR11_18105	M5_stagate	STAGATE-style	4	signature	SIG_CYTOTOX	seed_11	0.0	0.0	0.0	False	2	0		0		False	False	False	False	no opposite-sign point estimate	Post-review descriptive stratification based on spot-bootstrap intervals; it is not an independent-sample or spatial-dependence-resolved test.
GSE311294	GSM9322959_TR11_18105	M5_stagate	STAGATE-style	4	signature	SIG_EXCLUSION_CONTRAST	seed_11	-0.3674813009809763	-0.4381191246552777	-0.2920571180678402	True	2	0		0		False	False	False	False	no opposite-sign point estimate	Post-review descriptive stratification based on spot-bootstrap intervals; it is not an independent-sample or spatial-dependence-resolved test.
GSE311294	GSM9322959_TR11_18105	M5_stagate	STAGATE-style	4	signature	SIG_EXCLUSION_TGFB_CXCL12	seed_11	-0.2094853574533679	-0.2676051331627818	-0.1557310029828282	True	2	0		0		False	False	False	False	no opposite-sign point estimate	Post-review descriptive stratification based on spot-bootstrap intervals; it is not an independent-sample or spatial-dependence-resolved test.
GSE311294	GSM9322959_TR11_18105	M5_stagate	STAGATE-style	4	signature	SIG_MY_SPP1	seed_11	-0.0457220402556008	-0.0699696876884542	-0.0269079914974003	True	2	0		0		False	False	False	False	no opposite-sign point estimate	Post-review descriptive stratification based on spot-bootstrap intervals; it is not an independent-sample or spatial-dependence-resolved test.
GSE311294	GSM9322959_TR11_18105	M5_stagate	STAGATE-style	4	signature	SIG_TCELL	seed_11	0.0	0.0	0.0	False	2	0		0		False	False	False	False	no opposite-sign point estimate	Post-review descriptive stratification based on spot-bootstrap intervals; it is not an independent-sample or spatial-dependence-resolved test.
GSE311294	GSM9322959_TR11_18105	M5_stagate	STAGATE-style	6	gene	COL1A1	seed_11	-0.1538795024240915	-0.2158728972949745	-0.0823031211095055	True	2	1	seed_37	0		True	False	False	False	alternative interval includes zero	Post-review descriptive stratification based on spot-bootstrap intervals; it is not an independent-sample or spatial-dependence-resolved test.
GSE311294	GSM9322959_TR11_18105	M5_stagate	STAGATE-style	6	gene	EPCAM	seed_11	0.0	0.0	0.0	False	2	0		0		False	False	False	False	no opposite-sign point estimate	Post-review descriptive stratification based on spot-bootstrap intervals; it is not an independent-sample or spatial-dependence-resolved test.
GSE311294	GSM9322959_TR11_18105	M5_stagate	STAGATE-style	6	gene	FAP	seed_11	0.0	0.0	0.0	False	2	0		0		False	False	False	False	no opposite-sign point estimate	Post-review descriptive stratification based on spot-bootstrap intervals; it is not an independent-sample or spatial-dependence-resolved test.
GSE311294	GSM9322959_TR11_18105	M5_stagate	STAGATE-style	6	gene	PTPRC	seed_11	0.0	0.0	0.0	False	2	0		0		False	False	False	False	no opposite-sign point estimate	Post-review descriptive stratification based on spot-bootstrap intervals; it is not an independent-sample or spatial-dependence-resolved test.
GSE311294	GSM9322959_TR11_18105	M5_stagate	STAGATE-style	6	gene	SPP1	seed_11	0.0	0.0	0.0	False	2	0		0		False	False	False	False	no opposite-sign point estimate	Post-review descriptive stratification based on spot-bootstrap intervals; it is not an independent-sample or spatial-dependence-resolved test.
GSE311294	GSM9322959_TR11_18105	M5_stagate	STAGATE-style	6	signature	SIG_CAF_FAP	seed_11	-0.2492962956603563	-0.3031774035654455	-0.1823983585128238	True	2	0		0		False	False	False	False	no opposite-sign point estimate	Post-review descriptive stratification based on spot-bootstrap intervals; it is not an independent-sample or spatial-dependence-resolved test.
GSE311294	GSM9322959_TR11_18105	M5_stagate	STAGATE-style	6	signature	SIG_CYTOTOX	seed_11	0.0	0.0	0.0	False	2	0		0		False	False	False	False	no opposite-sign point estimate	Post-review descriptive stratification based on spot-bootstrap intervals; it is not an independent-sample or spatial-dependence-resolved test.
GSE311294	GSM9322959_TR11_18105	M5_stagate	STAGATE-style	6	signature	SIG_EXCLUSION_CONTRAST	seed_11	-0.2797830771904257	-0.3558655225115343	-0.2166690524440412	True	2	0		0		False	False	False	False	no opposite-sign point estimate	Post-review descriptive stratification based on spot-bootstrap intervals; it is not an independent-sample or spatial-dependence-resolved test.
GSE311294	GSM9322959_TR11_18105	M5_stagate	STAGATE-style	6	signature	SIG_EXCLUSION_TGFB_CXCL12	seed_11	-0.1857502973949507	-0.2341969233902233	-0.1333684462656389	True	2	0		0		False	False	False	False	no opposite-sign point estimate	Post-review descriptive stratification based on spot-bootstrap intervals; it is not an independent-sample or spatial-dependence-resolved test.
GSE311294	GSM9322959_TR11_18105	M5_stagate	STAGATE-style	6	signature	SIG_MY_SPP1	seed_11	-0.0223485209431882	-0.0411580473592595	-0.0029313509460828	True	2	1	seed_23	0		True	False	False	False	alternative interval includes zero	Post-review descriptive stratification based on spot-bootstrap intervals; it is not an independent-sample or spatial-dependence-resolved test.
GSE311294	GSM9322959_TR11_18105	M5_stagate	STAGATE-style	6	signature	SIG_TCELL	seed_11	0.0	0.0	0.0	False	2	0		0		False	False	False	False	no opposite-sign point estimate	Post-review descriptive stratification based on spot-bootstrap intervals; it is not an independent-sample or spatial-dependence-resolved test.
GSE311294	GSM9322960_TR11_21723	BayesSpace	BayesSpace	4	gene	COL1A1	seed_11	0.785880461530819	0.6807062518975278	0.8887562845206867	True	2	0		0		False	False	False	False	no opposite-sign point estimate	Post-review descriptive stratification based on spot-bootstrap intervals; it is not an independent-sample or spatial-dependence-resolved test.
GSE311294	GSM9322960_TR11_21723	BayesSpace	BayesSpace	4	gene	EPCAM	seed_11	0.0	0.0	0.0	False	2	0		0		False	False	False	False	no opposite-sign point estimate	Post-review descriptive stratification based on spot-bootstrap intervals; it is not an independent-sample or spatial-dependence-resolved test.
GSE311294	GSM9322960_TR11_21723	BayesSpace	BayesSpace	4	gene	FAP	seed_11	0.0	0.0	0.0	False	2	0		0		False	False	False	False	no opposite-sign point estimate	Post-review descriptive stratification based on spot-bootstrap intervals; it is not an independent-sample or spatial-dependence-resolved test.
GSE311294	GSM9322960_TR11_21723	BayesSpace	BayesSpace	4	gene	PTPRC	seed_11	0.0	0.0	0.0	False	2	0		0		False	False	False	False	no opposite-sign point estimate	Post-review descriptive stratification based on spot-bootstrap intervals; it is not an independent-sample or spatial-dependence-resolved test.
GSE311294	GSM9322960_TR11_21723	BayesSpace	BayesSpace	4	gene	SPP1	seed_11	0.0	0.0	0.0	False	2	0		0		False	False	False	False	no opposite-sign point estimate	Post-review descriptive stratification based on spot-bootstrap intervals; it is not an independent-sample or spatial-dependence-resolved test.
GSE311294	GSM9322960_TR11_21723	BayesSpace	BayesSpace	4	signature	SIG_CAF_FAP	seed_11	0.4104027135881636	0.337373958564763	0.4801176306261354	True	2	0		0		False	False	False	False	no opposite-sign point estimate	Post-review descriptive stratification based on spot-bootstrap intervals; it is not an independent-sample or spatial-dependence-resolved test.
GSE311294	GSM9322960_TR11_21723	BayesSpace	BayesSpace	4	signature	SIG_CYTOTOX	seed_11	0.0	0.0	0.0	False	2	0		0		False	False	False	False	no opposite-sign point estimate	Post-review descriptive stratification based on spot-bootstrap intervals; it is not an independent-sample or spatial-dependence-resolved test.
GSE311294	GSM9322960_TR11_21723	BayesSpace	BayesSpace	4	signature	SIG_EXCLUSION_CONTRAST	seed_11	0.4025323727806587	0.3144667395677347	0.4663368965819279	True	2	0		0		False	False	False	False	no opposite-sign point estimate	Post-review descriptive stratification based on spot-bootstrap intervals; it is not an independent-sample or spatial-dependence-resolved test.
GSE311294	GSM9322960_TR11_21723	BayesSpace	BayesSpace	4	signature	SIG_EXCLUSION_TGFB_CXCL12	seed_11	0.087840033132633	0.0330011643869649	0.143916381979427	True	2	0		0		False	False	False	False	no opposite-sign point estimate	Post-review descriptive stratification based on spot-bootstrap intervals; it is not an independent-sample or spatial-dependence-resolved test.
GSE311294	GSM9322960_TR11_21723	BayesSpace	BayesSpace	4	signature	SIG_MY_SPP1	seed_11	0.0	0.0	0.2340761718347156	False	2	0		0		False	False	False	False	no opposite-sign point estimate	Post-review descriptive stratification based on spot-bootstrap intervals; it is not an independent-sample or spatial-dependence-resolved test.
GSE311294	GSM9322960_TR11_21723	BayesSpace	BayesSpace	4	signature	SIG_TCELL	seed_11	0.0	0.0	0.0	False	2	0		0		False	False	False	False	no opposite-sign point estimate	Post-review descriptive stratification based on spot-bootstrap intervals; it is not an independent-sample or spatial-dependence-resolved test.
GSE311294	GSM9322960_TR11_21723	BayesSpace	BayesSpace	6	gene	COL1A1	seed_11	0.9589397772617008	0.8783557989947413	1.0361352833466166	True	2	0		0		False	False	False	False	no opposite-sign point estimate	Post-review descriptive stratification based on spot-bootstrap intervals; it is not an independent-sample or spatial-dependence-resolved test.
GSE311294	GSM9322960_TR11_21723	BayesSpace	BayesSpace	6	gene	EPCAM	seed_11	1.6008534864559978	1.4771999937391571	1.7059354733839285	True	2	0		0		False	False	False	False	no opposite-sign point estimate	Post-review descriptive stratification based on spot-bootstrap intervals; it is not an independent-sample or spatial-dependence-resolved test.
GSE311294	GSM9322960_TR11_21723	BayesSpace	BayesSpace	6	gene	FAP	seed_11	0.0	0.0	0.0	False	2	0		0		False	False	False	False	no opposite-sign point estimate	Post-review descriptive stratification based on spot-bootstrap intervals; it is not an independent-sample or spatial-dependence-resolved test.
GSE311294	GSM9322960_TR11_21723	BayesSpace	BayesSpace	6	gene	PTPRC	seed_11	0.0	0.0	0.0	False	2	0		0		False	False	False	False	no opposite-sign point estimate	Post-review descriptive stratification based on spot-bootstrap intervals; it is not an independent-sample or spatial-dependence-resolved test.
GSE311294	GSM9322960_TR11_21723	BayesSpace	BayesSpace	6	gene	SPP1	seed_11	0.0	0.0	0.0	False	2	0		0		False	False	False	False	no opposite-sign point estimate	Post-review descriptive stratification based on spot-bootstrap intervals; it is not an independent-sample or spatial-dependence-resolved test.
GSE311294	GSM9322960_TR11_21723	BayesSpace	BayesSpace	6	signature	SIG_CAF_FAP	seed_11	0.4511286566694603	0.3874770353779195	0.5024431714850713	True	2	0		0		False	False	False	False	no opposite-sign point estimate	Post-review descriptive stratification based on spot-bootstrap intervals; it is not an independent-sample or spatial-dependence-resolved test.
GSE311294	GSM9322960_TR11_21723	BayesSpace	BayesSpace	6	signature	SIG_CYTOTOX	seed_11	0.0	0.0	0.0	False	2	0		0		False	False	False	False	no opposite-sign point estimate	Post-review descriptive stratification based on spot-bootstrap intervals; it is not an independent-sample or spatial-dependence-resolved test.
GSE311294	GSM9322960_TR11_21723	BayesSpace	BayesSpace	6	signature	SIG_EXCLUSION_CONTRAST	seed_11	0.4344499507948849	0.3670214864340038	0.4960180425074473	True	2	0		0		False	False	False	False	no opposite-sign point estimate	Post-review descriptive stratification based on spot-bootstrap intervals; it is not an independent-sample or spatial-dependence-resolved test.
GSE311294	GSM9322960_TR11_21723	BayesSpace	BayesSpace	6	signature	SIG_EXCLUSION_TGFB_CXCL12	seed_11	-0.0891262406039667	-0.1314758258990474	-0.0468826784366535	True	2	0		0		False	False	False	False	no opposite-sign point estimate	Post-review descriptive stratification based on spot-bootstrap intervals; it is not an independent-sample or spatial-dependence-resolved test.
GSE311294	GSM9322960_TR11_21723	BayesSpace	BayesSpace	6	signature	SIG_MY_SPP1	seed_11	0.1378977259338504	0.0	0.1748947883197836	False	2	0		0		False	False	False	False	no opposite-sign point estimate	Post-review descriptive stratification based on spot-bootstrap intervals; it is not an independent-sample or spatial-dependence-resolved test.
GSE311294	GSM9322960_TR11_21723	BayesSpace	BayesSpace	6	signature	SIG_TCELL	seed_11	0.0	0.0	0.0	False	2	0		0		False	False	False	False	no opposite-sign point estimate	Post-review descriptive stratification based on spot-bootstrap intervals; it is not an independent-sample or spatial-dependence-resolved test.
GSE311294	GSM9322960_TR11_21723	M0_expr_kmeans	expression-only k-means	4	gene	COL1A1	seed_11	1.0969832007261822	1.0288105653701507	1.1960723830723203	True	2	0		0		False	False	False	False	no opposite-sign point estimate	Post-review descriptive stratification based on spot-bootstrap intervals; it is not an independent-sample or spatial-dependence-resolved test.
GSE311294	GSM9322960_TR11_21723	M0_expr_kmeans	expression-only k-means	4	gene	EPCAM	seed_11	1.4658945827450494	1.3168487533908977	1.565582499068069	True	2	0		0		False	False	False	False	no opposite-sign point estimate	Post-review descriptive stratification based on spot-bootstrap intervals; it is not an independent-sample or spatial-dependence-resolved test.
GSE311294	GSM9322960_TR11_21723	M0_expr_kmeans	expression-only k-means	4	gene	FAP	seed_11	0.0	0.0	0.0	False	2	0		0		False	False	False	False	no opposite-sign point estimate	Post-review descriptive stratification based on spot-bootstrap intervals; it is not an independent-sample or spatial-dependence-resolved test.
GSE311294	GSM9322960_TR11_21723	M0_expr_kmeans	expression-only k-means	4	gene	PTPRC	seed_11	0.0	0.0	0.0	False	2	0		0		False	False	False	False	no opposite-sign point estimate	Post-review descriptive stratification based on spot-bootstrap intervals; it is not an independent-sample or spatial-dependence-resolved test.
GSE311294	GSM9322960_TR11_21723	M0_expr_kmeans	expression-only k-means	4	gene	SPP1	seed_11	0.0	0.0	0.0	False	2	0		0		False	False	False	False	no opposite-sign point estimate	Post-review descriptive stratification based on spot-bootstrap intervals; it is not an independent-sample or spatial-dependence-resolved test.
GSE311294	GSM9322960_TR11_21723	M0_expr_kmeans	expression-only k-means	4	signature	SIG_CAF_FAP	seed_11	0.5471014551041546	0.4933415269391116	0.5937669999304601	True	2	0		0		False	False	False	False	no opposite-sign point estimate	Post-review descriptive stratification based on spot-bootstrap intervals; it is not an independent-sample or spatial-dependence-resolved test.
GSE311294	GSM9322960_TR11_21723	M0_expr_kmeans	expression-only k-means	4	signature	SIG_CYTOTOX	seed_11	0.0	0.0	0.0	False	2	0		0		False	False	False	False	no opposite-sign point estimate	Post-review descriptive stratification based on spot-bootstrap intervals; it is not an independent-sample or spatial-dependence-resolved test.
GSE311294	GSM9322960_TR11_21723	M0_expr_kmeans	expression-only k-means	4	signature	SIG_EXCLUSION_CONTRAST	seed_11	0.5568379023273284	0.4952418550508747	0.6010357414411176	True	2	0		0		False	False	False	False	no opposite-sign point estimate	Post-review descriptive stratification based on spot-bootstrap intervals; it is not an independent-sample or spatial-dependence-resolved test.
GSE311294	GSM9322960_TR11_21723	M0_expr_kmeans	expression-only k-means	4	signature	SIG_EXCLUSION_TGFB_CXCL12	seed_11	-0.0338389047943408	-0.0662469222899809	0.0166051347100535	False	2	0		0		False	False	False	False	no opposite-sign point estimate	Post-review descriptive stratification based on spot-bootstrap intervals; it is not an independent-sample or spatial-dependence-resolved test.
GSE311294	GSM9322960_TR11_21723	M0_expr_kmeans	expression-only k-means	4	signature	SIG_MY_SPP1	seed_11	0.1455204319032303	0.0	0.1768576722829818	False	2	0		0		False	False	False	False	no opposite-sign point estimate	Post-review descriptive stratification based on spot-bootstrap intervals; it is not an independent-sample or spatial-dependence-resolved test.
GSE311294	GSM9322960_TR11_21723	M0_expr_kmeans	expression-only k-means	4	signature	SIG_TCELL	seed_11	0.0	0.0	0.0	False	2	0		0		False	False	False	False	no opposite-sign point estimate	Post-review descriptive stratification based on spot-bootstrap intervals; it is not an independent-sample or spatial-dependence-resolved test.
GSE311294	GSM9322960_TR11_21723	M0_expr_kmeans	expression-only k-means	6	gene	COL1A1	seed_11	0.9856883297665324	0.8993861422169592	1.0743814758086472	True	2	0		0		False	False	False	False	no opposite-sign point estimate	Post-review descriptive stratification based on spot-bootstrap intervals; it is not an independent-sample or spatial-dependence-resolved test.
GSE311294	GSM9322960_TR11_21723	M0_expr_kmeans	expression-only k-means	6	gene	EPCAM	seed_11	1.7152176656325857	1.609117989212944	1.8207115621224736	True	2	0		0		False	False	False	False	no opposite-sign point estimate	Post-review descriptive stratification based on spot-bootstrap intervals; it is not an independent-sample or spatial-dependence-resolved test.
GSE311294	GSM9322960_TR11_21723	M0_expr_kmeans	expression-only k-means	6	gene	FAP	seed_11	0.0	0.0	0.0	False	2	0		0		False	False	False	False	no opposite-sign point estimate	Post-review descriptive stratification based on spot-bootstrap intervals; it is not an independent-sample or spatial-dependence-resolved test.
GSE311294	GSM9322960_TR11_21723	M0_expr_kmeans	expression-only k-means	6	gene	PTPRC	seed_11	0.0	0.0	0.0	False	2	0		0		False	False	False	False	no opposite-sign point estimate	Post-review descriptive stratification based on spot-bootstrap intervals; it is not an independent-sample or spatial-dependence-resolved test.
GSE311294	GSM9322960_TR11_21723	M0_expr_kmeans	expression-only k-means	6	gene	SPP1	seed_11	0.0	0.0	0.0	False	2	0		0		False	False	False	False	no opposite-sign point estimate	Post-review descriptive stratification based on spot-bootstrap intervals; it is not an independent-sample or spatial-dependence-resolved test.
GSE311294	GSM9322960_TR11_21723	M0_expr_kmeans	expression-only k-means	6	signature	SIG_CAF_FAP	seed_11	0.4865136196085542	0.4352625647381622	0.5357414861661641	True	2	0		0		False	False	False	False	no opposite-sign point estimate	Post-review descriptive stratification based on spot-bootstrap intervals; it is not an independent-sample or spatial-dependence-resolved test.
GSE311294	GSM9322960_TR11_21723	M0_expr_kmeans	expression-only k-means	6	signature	SIG_CYTOTOX	seed_11	0.0	0.0	0.0	False	2	0		0		False	False	False	False	no opposite-sign point estimate	Post-review descriptive stratification based on spot-bootstrap intervals; it is not an independent-sample or spatial-dependence-resolved test.
GSE311294	GSM9322960_TR11_21723	M0_expr_kmeans	expression-only k-means	6	signature	SIG_EXCLUSION_CONTRAST	seed_11	0.4926499509292061	0.4352510179967379	0.5472883351833443	True	2	0		0		False	False	False	False	no opposite-sign point estimate	Post-review descriptive stratification based on spot-bootstrap intervals; it is not an independent-sample or spatial-dependence-resolved test.
GSE311294	GSM9322960_TR11_21723	M0_expr_kmeans	expression-only k-means	6	signature	SIG_EXCLUSION_TGFB_CXCL12	seed_11	-0.1636186340077969	-0.2072616443906121	-0.1256372893595454	True	2	0		0		False	False	False	False	no opposite-sign point estimate	Post-review descriptive stratification based on spot-bootstrap intervals; it is not an independent-sample or spatial-dependence-resolved test.
GSE311294	GSM9322960_TR11_21723	M0_expr_kmeans	expression-only k-means	6	signature	SIG_MY_SPP1	seed_11	0.1154412592114188	0.0	0.1474928129401758	False	2	0		0		False	False	False	False	no opposite-sign point estimate	Post-review descriptive stratification based on spot-bootstrap intervals; it is not an independent-sample or spatial-dependence-resolved test.
GSE311294	GSM9322960_TR11_21723	M0_expr_kmeans	expression-only k-means	6	signature	SIG_TCELL	seed_11	0.0	0.0	0.0	False	2	0		0		False	False	False	False	no opposite-sign point estimate	Post-review descriptive stratification based on spot-bootstrap intervals; it is not an independent-sample or spatial-dependence-resolved test.
GSE311294	GSM9322960_TR11_21723	M1_spatial_concat_kmeans	coordinate-augmented k-means	4	gene	COL1A1	seed_11	1.1084149897769868	1.0333687112767789	1.1979562432372377	True	2	0		0		False	False	False	False	no opposite-sign point estimate	Post-review descriptive stratification based on spot-bootstrap intervals; it is not an independent-sample or spatial-dependence-resolved test.
GSE311294	GSM9322960_TR11_21723	M1_spatial_concat_kmeans	coordinate-augmented k-means	4	gene	EPCAM	seed_11	1.4798143617369075	1.3435332648453782	1.575443838536498	True	2	0		0		False	False	False	False	no opposite-sign point estimate	Post-review descriptive stratification based on spot-bootstrap intervals; it is not an independent-sample or spatial-dependence-resolved test.
GSE311294	GSM9322960_TR11_21723	M1_spatial_concat_kmeans	coordinate-augmented k-means	4	gene	FAP	seed_11	0.0	0.0	0.0	False	2	0		0		False	False	False	False	no opposite-sign point estimate	Post-review descriptive stratification based on spot-bootstrap intervals; it is not an independent-sample or spatial-dependence-resolved test.
GSE311294	GSM9322960_TR11_21723	M1_spatial_concat_kmeans	coordinate-augmented k-means	4	gene	PTPRC	seed_11	0.0	0.0	0.0	False	2	0		0		False	False	False	False	no opposite-sign point estimate	Post-review descriptive stratification based on spot-bootstrap intervals; it is not an independent-sample or spatial-dependence-resolved test.
GSE311294	GSM9322960_TR11_21723	M1_spatial_concat_kmeans	coordinate-augmented k-means	4	gene	SPP1	seed_11	0.0	0.0	0.0	False	2	0		0		False	False	False	False	no opposite-sign point estimate	Post-review descriptive stratification based on spot-bootstrap intervals; it is not an independent-sample or spatial-dependence-resolved test.
GSE311294	GSM9322960_TR11_21723	M1_spatial_concat_kmeans	coordinate-augmented k-means	4	signature	SIG_CAF_FAP	seed_11	0.5511304031675965	0.4999825775901511	0.5991819447526155	True	2	0		0		False	False	False	False	no opposite-sign point estimate	Post-review descriptive stratification based on spot-bootstrap intervals; it is not an independent-sample or spatial-dependence-resolved test.
GSE311294	GSM9322960_TR11_21723	M1_spatial_concat_kmeans	coordinate-augmented k-means	4	signature	SIG_CYTOTOX	seed_11	0.0	0.0	0.0	False	2	0		0		False	False	False	False	no opposite-sign point estimate	Post-review descriptive stratification based on spot-bootstrap intervals; it is not an independent-sample or spatial-dependence-resolved test.
GSE311294	GSM9322960_TR11_21723	M1_spatial_concat_kmeans	coordinate-augmented k-means	4	signature	SIG_EXCLUSION_CONTRAST	seed_11	0.5622057787780537	0.4992848231149811	0.6066066507228628	True	2	0		0		False	False	False	False	no opposite-sign point estimate	Post-review descriptive stratification based on spot-bootstrap intervals; it is not an independent-sample or spatial-dependence-resolved test.
GSE311294	GSM9322960_TR11_21723	M1_spatial_concat_kmeans	coordinate-augmented k-means	4	signature	SIG_EXCLUSION_TGFB_CXCL12	seed_11	-0.0345210339099251	-0.065927445127741	0.0163799567900216	False	2	0		0		False	False	False	False	no opposite-sign point estimate	Post-review descriptive stratification based on spot-bootstrap intervals; it is not an independent-sample or spatial-dependence-resolved test.
GSE311294	GSM9322960_TR11_21723	M1_spatial_concat_kmeans	coordinate-augmented k-means	4	signature	SIG_MY_SPP1	seed_11	0.1478558602771155	0.0	0.1767321183416327	False	2	0		0		False	False	False	False	no opposite-sign point estimate	Post-review descriptive stratification based on spot-bootstrap intervals; it is not an independent-sample or spatial-dependence-resolved test.
GSE311294	GSM9322960_TR11_21723	M1_spatial_concat_kmeans	coordinate-augmented k-means	4	signature	SIG_TCELL	seed_11	0.0	0.0	0.0	False	2	0		0		False	False	False	False	no opposite-sign point estimate	Post-review descriptive stratification based on spot-bootstrap intervals; it is not an independent-sample or spatial-dependence-resolved test.
GSE311294	GSM9322960_TR11_21723	M1_spatial_concat_kmeans	coordinate-augmented k-means	6	gene	COL1A1	seed_11	0.9880866563893926	0.8894036909966109	1.0813854680682338	True	2	0		0		False	False	False	False	no opposite-sign point estimate	Post-review descriptive stratification based on spot-bootstrap intervals; it is not an independent-sample or spatial-dependence-resolved test.
GSE311294	GSM9322960_TR11_21723	M1_spatial_concat_kmeans	coordinate-augmented k-means	6	gene	EPCAM	seed_11	1.713725750030879	1.600222289538079	1.816451430458478	True	2	0		0		False	False	False	False	no opposite-sign point estimate	Post-review descriptive stratification based on spot-bootstrap intervals; it is not an independent-sample or spatial-dependence-resolved test.
GSE311294	GSM9322960_TR11_21723	M1_spatial_concat_kmeans	coordinate-augmented k-means	6	gene	FAP	seed_11	0.0	0.0	0.0	False	2	0		0		False	False	False	False	no opposite-sign point estimate	Post-review descriptive stratification based on spot-bootstrap intervals; it is not an independent-sample or spatial-dependence-resolved test.
GSE311294	GSM9322960_TR11_21723	M1_spatial_concat_kmeans	coordinate-augmented k-means	6	gene	PTPRC	seed_11	0.0	0.0	0.0	False	2	0		0		False	False	False	False	no opposite-sign point estimate	Post-review descriptive stratification based on spot-bootstrap intervals; it is not an independent-sample or spatial-dependence-resolved test.
GSE311294	GSM9322960_TR11_21723	M1_spatial_concat_kmeans	coordinate-augmented k-means	6	gene	SPP1	seed_11	0.0	0.0	0.0	False	2	0		0		False	False	False	False	no opposite-sign point estimate	Post-review descriptive stratification based on spot-bootstrap intervals; it is not an independent-sample or spatial-dependence-resolved test.
GSE311294	GSM9322960_TR11_21723	M1_spatial_concat_kmeans	coordinate-augmented k-means	6	signature	SIG_CAF_FAP	seed_11	0.4897421657261382	0.4410910233174615	0.5395093488471123	True	2	0		0		False	False	False	False	no opposite-sign point estimate	Post-review descriptive stratification based on spot-bootstrap intervals; it is not an independent-sample or spatial-dependence-resolved test.
GSE311294	GSM9322960_TR11_21723	M1_spatial_concat_kmeans	coordinate-augmented k-means	6	signature	SIG_CYTOTOX	seed_11	0.0	0.0	0.0	False	2	0		0		False	False	False	False	no opposite-sign point estimate	Post-review descriptive stratification based on spot-bootstrap intervals; it is not an independent-sample or spatial-dependence-resolved test.
GSE311294	GSM9322960_TR11_21723	M1_spatial_concat_kmeans	coordinate-augmented k-means	6	signature	SIG_EXCLUSION_CONTRAST	seed_11	0.4968938251185726	0.4372066599106579	0.5556974908986079	True	2	0		0		False	False	False	False	no opposite-sign point estimate	Post-review descriptive stratification based on spot-bootstrap intervals; it is not an independent-sample or spatial-dependence-resolved test.
GSE311294	GSM9322960_TR11_21723	M1_spatial_concat_kmeans	coordinate-augmented k-means	6	signature	SIG_EXCLUSION_TGFB_CXCL12	seed_11	-0.1683846772693664	-0.2073667969390087	-0.1265024893185905	True	2	0		0		False	False	False	False	no opposite-sign point estimate	Post-review descriptive stratification based on spot-bootstrap intervals; it is not an independent-sample or spatial-dependence-resolved test.
GSE311294	GSM9322960_TR11_21723	M1_spatial_concat_kmeans	coordinate-augmented k-means	6	signature	SIG_MY_SPP1	seed_11	0.1209028324460743	0.0	0.1479399108493682	False	2	0		0		False	False	False	False	no opposite-sign point estimate	Post-review descriptive stratification based on spot-bootstrap intervals; it is not an independent-sample or spatial-dependence-resolved test.
GSE311294	GSM9322960_TR11_21723	M1_spatial_concat_kmeans	coordinate-augmented k-means	6	signature	SIG_TCELL	seed_11	0.0	0.0	0.0	False	2	0		0		False	False	False	False	no opposite-sign point estimate	Post-review descriptive stratification based on spot-bootstrap intervals; it is not an independent-sample or spatial-dependence-resolved test.
GSE311294	GSM9322960_TR11_21723	M2_spatial_ward	spatial Ward	4	gene	COL1A1	neighbors_6	0.7541695150248588	0.5858039038600316	0.8531643023021239	True	2	0		0		False	False	False	False	no opposite-sign point estimate	Post-review descriptive stratification based on spot-bootstrap intervals; it is not an independent-sample or spatial-dependence-resolved test.
GSE311294	GSM9322960_TR11_21723	M2_spatial_ward	spatial Ward	4	gene	EPCAM	neighbors_6	0.0	0.0	0.0	False	2	0		0		False	False	False	False	no opposite-sign point estimate	Post-review descriptive stratification based on spot-bootstrap intervals; it is not an independent-sample or spatial-dependence-resolved test.
GSE311294	GSM9322960_TR11_21723	M2_spatial_ward	spatial Ward	4	gene	FAP	neighbors_6	0.0	0.0	0.0	False	2	0		0		False	False	False	False	no opposite-sign point estimate	Post-review descriptive stratification based on spot-bootstrap intervals; it is not an independent-sample or spatial-dependence-resolved test.
GSE311294	GSM9322960_TR11_21723	M2_spatial_ward	spatial Ward	4	gene	PTPRC	neighbors_6	0.0	0.0	0.0	False	2	0		0		False	False	False	False	no opposite-sign point estimate	Post-review descriptive stratification based on spot-bootstrap intervals; it is not an independent-sample or spatial-dependence-resolved test.
GSE311294	GSM9322960_TR11_21723	M2_spatial_ward	spatial Ward	4	gene	SPP1	neighbors_6	0.0	0.0	0.0	False	2	0		0		False	False	False	False	no opposite-sign point estimate	Post-review descriptive stratification based on spot-bootstrap intervals; it is not an independent-sample or spatial-dependence-resolved test.
GSE311294	GSM9322960_TR11_21723	M2_spatial_ward	spatial Ward	4	signature	SIG_CAF_FAP	neighbors_6	0.390855798188384	0.3196893055073337	0.4475406465722821	True	2	0		0		False	False	False	False	no opposite-sign point estimate	Post-review descriptive stratification based on spot-bootstrap intervals; it is not an independent-sample or spatial-dependence-resolved test.
GSE311294	GSM9322960_TR11_21723	M2_spatial_ward	spatial Ward	4	signature	SIG_CYTOTOX	neighbors_6	0.0	0.0	0.0	False	2	0		0		False	False	False	False	no opposite-sign point estimate	Post-review descriptive stratification based on spot-bootstrap intervals; it is not an independent-sample or spatial-dependence-resolved test.
GSE311294	GSM9322960_TR11_21723	M2_spatial_ward	spatial Ward	4	signature	SIG_EXCLUSION_CONTRAST	neighbors_6	0.3633941658656636	0.2805307465825242	0.4558953452665491	True	2	0		0		False	False	False	False	no opposite-sign point estimate	Post-review descriptive stratification based on spot-bootstrap intervals; it is not an independent-sample or spatial-dependence-resolved test.
GSE311294	GSM9322960_TR11_21723	M2_spatial_ward	spatial Ward	4	signature	SIG_EXCLUSION_TGFB_CXCL12	neighbors_6	0.1189408873714814	0.0474255560458139	0.1772710273497399	True	2	0		0		False	False	False	False	no opposite-sign point estimate	Post-review descriptive stratification based on spot-bootstrap intervals; it is not an independent-sample or spatial-dependence-resolved test.
GSE311294	GSM9322960_TR11_21723	M2_spatial_ward	spatial Ward	4	signature	SIG_MY_SPP1	neighbors_6	0.2094229181096285	0.0	0.2678080926330118	False	2	0		0		False	False	False	False	no opposite-sign point estimate	Post-review descriptive stratification based on spot-bootstrap intervals; it is not an independent-sample or spatial-dependence-resolved test.
GSE311294	GSM9322960_TR11_21723	M2_spatial_ward	spatial Ward	4	signature	SIG_TCELL	neighbors_6	0.0	0.0	0.0	False	2	0		0		False	False	False	False	no opposite-sign point estimate	Post-review descriptive stratification based on spot-bootstrap intervals; it is not an independent-sample or spatial-dependence-resolved test.
GSE311294	GSM9322960_TR11_21723	M2_spatial_ward	spatial Ward	6	gene	COL1A1	neighbors_6	0.7137702785291897	0.5943893176521108	0.8419962110839179	True	2	0		0		False	False	False	False	no opposite-sign point estimate	Post-review descriptive stratification based on spot-bootstrap intervals; it is not an independent-sample or spatial-dependence-resolved test.
GSE311294	GSM9322960_TR11_21723	M2_spatial_ward	spatial Ward	6	gene	EPCAM	neighbors_6	0.0	0.0	0.0	False	2	0		0		False	False	False	False	no opposite-sign point estimate	Post-review descriptive stratification based on spot-bootstrap intervals; it is not an independent-sample or spatial-dependence-resolved test.
GSE311294	GSM9322960_TR11_21723	M2_spatial_ward	spatial Ward	6	gene	FAP	neighbors_6	0.0	0.0	0.0	False	2	0		0		False	False	False	False	no opposite-sign point estimate	Post-review descriptive stratification based on spot-bootstrap intervals; it is not an independent-sample or spatial-dependence-resolved test.
GSE311294	GSM9322960_TR11_21723	M2_spatial_ward	spatial Ward	6	gene	PTPRC	neighbors_6	0.0	0.0	0.0	False	2	0		0		False	False	False	False	no opposite-sign point estimate	Post-review descriptive stratification based on spot-bootstrap intervals; it is not an independent-sample or spatial-dependence-resolved test.
GSE311294	GSM9322960_TR11_21723	M2_spatial_ward	spatial Ward	6	gene	SPP1	neighbors_6	0.0	0.0	0.0	False	2	0		0		False	False	False	False	no opposite-sign point estimate	Post-review descriptive stratification based on spot-bootstrap intervals; it is not an independent-sample or spatial-dependence-resolved test.
GSE311294	GSM9322960_TR11_21723	M2_spatial_ward	spatial Ward	6	signature	SIG_CAF_FAP	neighbors_6	0.344250911968905	0.2850605302260764	0.4149787828127864	True	2	0		0		False	False	False	False	no opposite-sign point estimate	Post-review descriptive stratification based on spot-bootstrap intervals; it is not an independent-sample or spatial-dependence-resolved test.
GSE311294	GSM9322960_TR11_21723	M2_spatial_ward	spatial Ward	6	signature	SIG_CYTOTOX	neighbors_6	0.0	0.0	0.0	False	2	0		0		False	False	False	False	no opposite-sign point estimate	Post-review descriptive stratification based on spot-bootstrap intervals; it is not an independent-sample or spatial-dependence-resolved test.
GSE311294	GSM9322960_TR11_21723	M2_spatial_ward	spatial Ward	6	signature	SIG_EXCLUSION_CONTRAST	neighbors_6	0.3071531011331152	0.2573967770560945	0.3969692714008614	True	2	0		0		False	False	False	False	no opposite-sign point estimate	Post-review descriptive stratification based on spot-bootstrap intervals; it is not an independent-sample or spatial-dependence-resolved test.
GSE311294	GSM9322960_TR11_21723	M2_spatial_ward	spatial Ward	6	signature	SIG_EXCLUSION_TGFB_CXCL12	neighbors_6	0.0053386230854064	-0.0534959316927525	0.060171629431622	False	2	1	neighbors_4	0		True	False	True	True	reference and alternative intervals include zero	Post-review descriptive stratification based on spot-bootstrap intervals; it is not an independent-sample or spatial-dependence-resolved test.
GSE311294	GSM9322960_TR11_21723	M2_spatial_ward	spatial Ward	6	signature	SIG_MY_SPP1	neighbors_6	0.1893846522590176	0.0	0.226158763627503	False	2	0		0		False	False	False	False	no opposite-sign point estimate	Post-review descriptive stratification based on spot-bootstrap intervals; it is not an independent-sample or spatial-dependence-resolved test.
GSE311294	GSM9322960_TR11_21723	M2_spatial_ward	spatial Ward	6	signature	SIG_TCELL	neighbors_6	0.0	0.0	0.0	False	2	0		0		False	False	False	False	no opposite-sign point estimate	Post-review descriptive stratification based on spot-bootstrap intervals; it is not an independent-sample or spatial-dependence-resolved test.
GSE311294	GSM9322960_TR11_21723	M3_spatial_leiden	spatial Leiden	4	gene	COL1A1	seed_11	0.7691313919712859	0.6152691505328194	0.9569652501151744	True	2	0		0		False	False	False	False	no opposite-sign point estimate	Post-review descriptive stratification based on spot-bootstrap intervals; it is not an independent-sample or spatial-dependence-resolved test.
GSE311294	GSM9322960_TR11_21723	M3_spatial_leiden	spatial Leiden	4	gene	EPCAM	seed_11	1.591132209535267	1.3436115712374912	1.8326969729602984	True	2	0		0		False	False	False	False	no opposite-sign point estimate	Post-review descriptive stratification based on spot-bootstrap intervals; it is not an independent-sample or spatial-dependence-resolved test.
GSE311294	GSM9322960_TR11_21723	M3_spatial_leiden	spatial Leiden	4	gene	FAP	seed_11	0.0	0.0	0.0	False	2	0		0		False	False	False	False	no opposite-sign point estimate	Post-review descriptive stratification based on spot-bootstrap intervals; it is not an independent-sample or spatial-dependence-resolved test.
GSE311294	GSM9322960_TR11_21723	M3_spatial_leiden	spatial Leiden	4	gene	PTPRC	seed_11	0.0	0.0	0.0	False	2	0		0		False	False	False	False	no opposite-sign point estimate	Post-review descriptive stratification based on spot-bootstrap intervals; it is not an independent-sample or spatial-dependence-resolved test.
GSE311294	GSM9322960_TR11_21723	M3_spatial_leiden	spatial Leiden	4	gene	SPP1	seed_11	0.0	0.0	0.0	False	2	0		0		False	False	False	False	no opposite-sign point estimate	Post-review descriptive stratification based on spot-bootstrap intervals; it is not an independent-sample or spatial-dependence-resolved test.
GSE311294	GSM9322960_TR11_21723	M3_spatial_leiden	spatial Leiden	4	signature	SIG_CAF_FAP	seed_11	0.3722676721877345	0.2577186974865885	0.4958589764762531	True	2	0		0		False	False	False	False	no opposite-sign point estimate	Post-review descriptive stratification based on spot-bootstrap intervals; it is not an independent-sample or spatial-dependence-resolved test.
GSE311294	GSM9322960_TR11_21723	M3_spatial_leiden	spatial Leiden	4	signature	SIG_CYTOTOX	seed_11	0.0	0.0	0.0	False	2	0		0		False	False	False	False	no opposite-sign point estimate	Post-review descriptive stratification based on spot-bootstrap intervals; it is not an independent-sample or spatial-dependence-resolved test.
GSE311294	GSM9322960_TR11_21723	M3_spatial_leiden	spatial Leiden	4	signature	SIG_EXCLUSION_CONTRAST	seed_11	0.3899126203059586	0.2286933357039068	0.4812315373008385	True	2	0		0		False	False	False	False	no opposite-sign point estimate	Post-review descriptive stratification based on spot-bootstrap intervals; it is not an independent-sample or spatial-dependence-resolved test.
GSE311294	GSM9322960_TR11_21723	M3_spatial_leiden	spatial Leiden	4	signature	SIG_EXCLUSION_TGFB_CXCL12	seed_11	0.0144609219347646	-0.0704246398736801	0.0938532181003048	False	2	0		0		False	False	False	False	no opposite-sign point estimate	Post-review descriptive stratification based on spot-bootstrap intervals; it is not an independent-sample or spatial-dependence-resolved test.
GSE311294	GSM9322960_TR11_21723	M3_spatial_leiden	spatial Leiden	4	signature	SIG_MY_SPP1	seed_11	0.1606433236412823	0.0	0.1965579595034244	False	2	0		0		False	False	False	False	no opposite-sign point estimate	Post-review descriptive stratification based on spot-bootstrap intervals; it is not an independent-sample or spatial-dependence-resolved test.
GSE311294	GSM9322960_TR11_21723	M3_spatial_leiden	spatial Leiden	4	signature	SIG_TCELL	seed_11	0.0	0.0	0.0	False	2	0		0		False	False	False	False	no opposite-sign point estimate	Post-review descriptive stratification based on spot-bootstrap intervals; it is not an independent-sample or spatial-dependence-resolved test.
GSE311294	GSM9322960_TR11_21723	M3_spatial_leiden	spatial Leiden	6	gene	COL1A1	seed_11	0.561879267404565	0.3231744918319858	0.7451793368286754	True	1	0		0		False	False	False	False	no opposite-sign point estimate	Post-review descriptive stratification based on spot-bootstrap intervals; it is not an independent-sample or spatial-dependence-resolved test.
GSE311294	GSM9322960_TR11_21723	M3_spatial_leiden	spatial Leiden	6	gene	EPCAM	seed_11	0.0	0.0	0.0	False	1	0		0		False	False	False	False	no opposite-sign point estimate	Post-review descriptive stratification based on spot-bootstrap intervals; it is not an independent-sample or spatial-dependence-resolved test.
GSE311294	GSM9322960_TR11_21723	M3_spatial_leiden	spatial Leiden	6	gene	FAP	seed_11	0.0	0.0	0.0	False	1	0		0		False	False	False	False	no opposite-sign point estimate	Post-review descriptive stratification based on spot-bootstrap intervals; it is not an independent-sample or spatial-dependence-resolved test.
GSE311294	GSM9322960_TR11_21723	M3_spatial_leiden	spatial Leiden	6	gene	PTPRC	seed_11	0.0	0.0	0.0	False	1	0		0		False	False	False	False	no opposite-sign point estimate	Post-review descriptive stratification based on spot-bootstrap intervals; it is not an independent-sample or spatial-dependence-resolved test.
GSE311294	GSM9322960_TR11_21723	M3_spatial_leiden	spatial Leiden	6	gene	SPP1	seed_11	0.0	0.0	0.0	False	1	0		0		False	False	False	False	no opposite-sign point estimate	Post-review descriptive stratification based on spot-bootstrap intervals; it is not an independent-sample or spatial-dependence-resolved test.
GSE311294	GSM9322960_TR11_21723	M3_spatial_leiden	spatial Leiden	6	signature	SIG_CAF_FAP	seed_11	0.2822323128275665	0.2114945761606635	0.3676079676768758	True	1	0		0		False	False	False	False	no opposite-sign point estimate	Post-review descriptive stratification based on spot-bootstrap intervals; it is not an independent-sample or spatial-dependence-resolved test.
GSE311294	GSM9322960_TR11_21723	M3_spatial_leiden	spatial Leiden	6	signature	SIG_CYTOTOX	seed_11	0.0	0.0	0.0	False	1	0		0		False	False	False	False	no opposite-sign point estimate	Post-review descriptive stratification based on spot-bootstrap intervals; it is not an independent-sample or spatial-dependence-resolved test.
GSE311294	GSM9322960_TR11_21723	M3_spatial_leiden	spatial Leiden	6	signature	SIG_EXCLUSION_CONTRAST	seed_11	0.2955632697920853	0.1759611055218861	0.4013607372536552	True	1	0		0		False	False	False	False	no opposite-sign point estimate	Post-review descriptive stratification based on spot-bootstrap intervals; it is not an independent-sample or spatial-dependence-resolved test.
GSE311294	GSM9322960_TR11_21723	M3_spatial_leiden	spatial Leiden	6	signature	SIG_EXCLUSION_TGFB_CXCL12	seed_11	0.0213154266291308	-0.0360021682369222	0.0936349828798428	False	1	0		0		False	False	False	False	no opposite-sign point estimate	Post-review descriptive stratification based on spot-bootstrap intervals; it is not an independent-sample or spatial-dependence-resolved test.
GSE311294	GSM9322960_TR11_21723	M3_spatial_leiden	spatial Leiden	6	signature	SIG_MY_SPP1	seed_11	0.1687726916127618	0.0	0.2242498320339509	False	1	0		0		False	False	False	False	no opposite-sign point estimate	Post-review descriptive stratification based on spot-bootstrap intervals; it is not an independent-sample or spatial-dependence-resolved test.
GSE311294	GSM9322960_TR11_21723	M3_spatial_leiden	spatial Leiden	6	signature	SIG_TCELL	seed_11	0.0	0.0	0.0	False	1	0		0		False	False	False	False	no opposite-sign point estimate	Post-review descriptive stratification based on spot-bootstrap intervals; it is not an independent-sample or spatial-dependence-resolved test.
GSE311294	GSM9322960_TR11_21723	M4_spagcn	SpaGCN-style	4	gene	COL1A1	seed_11	0.9982413299079034	0.9008660763894448	1.0606217953062516	True	2	0		0		False	False	False	False	no opposite-sign point estimate	Post-review descriptive stratification based on spot-bootstrap intervals; it is not an independent-sample or spatial-dependence-resolved test.
GSE311294	GSM9322960_TR11_21723	M4_spagcn	SpaGCN-style	4	gene	EPCAM	seed_11	1.7236789803145982	1.626288602785956	1.829440440486872	True	2	0		0		False	False	False	False	no opposite-sign point estimate	Post-review descriptive stratification based on spot-bootstrap intervals; it is not an independent-sample or spatial-dependence-resolved test.
GSE311294	GSM9322960_TR11_21723	M4_spagcn	SpaGCN-style	4	gene	FAP	seed_11	0.0	0.0	0.0	False	2	0		0		False	False	False	False	no opposite-sign point estimate	Post-review descriptive stratification based on spot-bootstrap intervals; it is not an independent-sample or spatial-dependence-resolved test.
GSE311294	GSM9322960_TR11_21723	M4_spagcn	SpaGCN-style	4	gene	PTPRC	seed_11	0.0	0.0	0.0	False	2	0		0		False	False	False	False	no opposite-sign point estimate	Post-review descriptive stratification based on spot-bootstrap intervals; it is not an independent-sample or spatial-dependence-resolved test.
GSE311294	GSM9322960_TR11_21723	M4_spagcn	SpaGCN-style	4	gene	SPP1	seed_11	0.0	0.0	0.0	False	2	0		0		False	False	False	False	no opposite-sign point estimate	Post-review descriptive stratification based on spot-bootstrap intervals; it is not an independent-sample or spatial-dependence-resolved test.
GSE311294	GSM9322960_TR11_21723	M4_spagcn	SpaGCN-style	4	signature	SIG_CAF_FAP	seed_11	0.4850448987286824	0.4391324035958846	0.5409022279411827	True	2	0		0		False	False	False	False	no opposite-sign point estimate	Post-review descriptive stratification based on spot-bootstrap intervals; it is not an independent-sample or spatial-dependence-resolved test.
GSE311294	GSM9322960_TR11_21723	M4_spagcn	SpaGCN-style	4	signature	SIG_CYTOTOX	seed_11	0.0	0.0	0.0	False	2	0		0		False	False	False	False	no opposite-sign point estimate	Post-review descriptive stratification based on spot-bootstrap intervals; it is not an independent-sample or spatial-dependence-resolved test.
GSE311294	GSM9322960_TR11_21723	M4_spagcn	SpaGCN-style	4	signature	SIG_EXCLUSION_CONTRAST	seed_11	0.4790076842250541	0.4160162274343602	0.5295554549261906	True	2	0		0		False	False	False	False	no opposite-sign point estimate	Post-review descriptive stratification based on spot-bootstrap intervals; it is not an independent-sample or spatial-dependence-resolved test.
GSE311294	GSM9322960_TR11_21723	M4_spagcn	SpaGCN-style	4	signature	SIG_EXCLUSION_TGFB_CXCL12	seed_11	-0.0608995490930288	-0.0993066484351593	-0.019090227118108	True	2	0		0		False	False	False	False	no opposite-sign point estimate	Post-review descriptive stratification based on spot-bootstrap intervals; it is not an independent-sample or spatial-dependence-resolved test.
GSE311294	GSM9322960_TR11_21723	M4_spagcn	SpaGCN-style	4	signature	SIG_MY_SPP1	seed_11	0.1510497510097886	0.0	0.1759967220841084	False	2	0		0		False	False	False	False	no opposite-sign point estimate	Post-review descriptive stratification based on spot-bootstrap intervals; it is not an independent-sample or spatial-dependence-resolved test.
GSE311294	GSM9322960_TR11_21723	M4_spagcn	SpaGCN-style	4	signature	SIG_TCELL	seed_11	0.0	0.0	0.0	False	2	0		0		False	False	False	False	no opposite-sign point estimate	Post-review descriptive stratification based on spot-bootstrap intervals; it is not an independent-sample or spatial-dependence-resolved test.
GSE311294	GSM9322960_TR11_21723	M4_spagcn	SpaGCN-style	6	gene	COL1A1	seed_11	0.7830092030390197	0.6913331034954266	0.8908793767527666	True	2	0		0		False	False	False	False	no opposite-sign point estimate	Post-review descriptive stratification based on spot-bootstrap intervals; it is not an independent-sample or spatial-dependence-resolved test.
GSE311294	GSM9322960_TR11_21723	M4_spagcn	SpaGCN-style	6	gene	EPCAM	seed_11	1.7934280829974902	1.6985163240220924	1.8905055232441512	True	2	0		0		False	False	False	False	no opposite-sign point estimate	Post-review descriptive stratification based on spot-bootstrap intervals; it is not an independent-sample or spatial-dependence-resolved test.
GSE311294	GSM9322960_TR11_21723	M4_spagcn	SpaGCN-style	6	gene	FAP	seed_11	0.0	0.0	0.0	False	2	0		0		False	False	False	False	no opposite-sign point estimate	Post-review descriptive stratification based on spot-bootstrap intervals; it is not an independent-sample or spatial-dependence-resolved test.
GSE311294	GSM9322960_TR11_21723	M4_spagcn	SpaGCN-style	6	gene	PTPRC	seed_11	0.0	0.0	0.0	False	2	0		0		False	False	False	False	no opposite-sign point estimate	Post-review descriptive stratification based on spot-bootstrap intervals; it is not an independent-sample or spatial-dependence-resolved test.
GSE311294	GSM9322960_TR11_21723	M4_spagcn	SpaGCN-style	6	gene	SPP1	seed_11	0.0	0.0	0.0	False	2	0		0		False	False	False	False	no opposite-sign point estimate	Post-review descriptive stratification based on spot-bootstrap intervals; it is not an independent-sample or spatial-dependence-resolved test.
GSE311294	GSM9322960_TR11_21723	M4_spagcn	SpaGCN-style	6	signature	SIG_CAF_FAP	seed_11	0.3969740977274583	0.3472000657702964	0.4523227438165432	True	2	0		0		False	False	False	False	no opposite-sign point estimate	Post-review descriptive stratification based on spot-bootstrap intervals; it is not an independent-sample or spatial-dependence-resolved test.
GSE311294	GSM9322960_TR11_21723	M4_spagcn	SpaGCN-style	6	signature	SIG_CYTOTOX	seed_11	0.0	0.0	0.0	False	2	0		0		False	False	False	False	no opposite-sign point estimate	Post-review descriptive stratification based on spot-bootstrap intervals; it is not an independent-sample or spatial-dependence-resolved test.
GSE311294	GSM9322960_TR11_21723	M4_spagcn	SpaGCN-style	6	signature	SIG_EXCLUSION_CONTRAST	seed_11	0.4109078789024636	0.3506913800643155	0.4660164478058689	True	2	0		0		False	False	False	False	no opposite-sign point estimate	Post-review descriptive stratification based on spot-bootstrap intervals; it is not an independent-sample or spatial-dependence-resolved test.
GSE311294	GSM9322960_TR11_21723	M4_spagcn	SpaGCN-style	6	signature	SIG_EXCLUSION_TGFB_CXCL12	seed_11	-0.1609162491375775	-0.1898269076431259	-0.1126608410408308	True	2	0		0		False	False	False	False	no opposite-sign point estimate	Post-review descriptive stratification based on spot-bootstrap intervals; it is not an independent-sample or spatial-dependence-resolved test.
GSE311294	GSM9322960_TR11_21723	M4_spagcn	SpaGCN-style	6	signature	SIG_MY_SPP1	seed_11	0.1521126726930068	0.1169509519198176	0.1661082821121781	True	2	0		0		False	False	False	False	no opposite-sign point estimate	Post-review descriptive stratification based on spot-bootstrap intervals; it is not an independent-sample or spatial-dependence-resolved test.
GSE311294	GSM9322960_TR11_21723	M4_spagcn	SpaGCN-style	6	signature	SIG_TCELL	seed_11	0.0	0.0	0.0	False	2	0		0		False	False	False	False	no opposite-sign point estimate	Post-review descriptive stratification based on spot-bootstrap intervals; it is not an independent-sample or spatial-dependence-resolved test.
GSE311294	GSM9322960_TR11_21723	M5_stagate	STAGATE-style	4	gene	COL1A1	seed_11	0.9272028280851052	0.8638907467508274	1.0363342198662402	True	2	0		0		False	False	False	False	no opposite-sign point estimate	Post-review descriptive stratification based on spot-bootstrap intervals; it is not an independent-sample or spatial-dependence-resolved test.
GSE311294	GSM9322960_TR11_21723	M5_stagate	STAGATE-style	4	gene	EPCAM	seed_11	1.5106989288195118	1.3979538754653764	1.6555371879539815	True	2	0		0		False	False	False	False	no opposite-sign point estimate	Post-review descriptive stratification based on spot-bootstrap intervals; it is not an independent-sample or spatial-dependence-resolved test.
GSE311294	GSM9322960_TR11_21723	M5_stagate	STAGATE-style	4	gene	FAP	seed_11	0.0	0.0	0.0	False	2	0		0		False	False	False	False	no opposite-sign point estimate	Post-review descriptive stratification based on spot-bootstrap intervals; it is not an independent-sample or spatial-dependence-resolved test.
GSE311294	GSM9322960_TR11_21723	M5_stagate	STAGATE-style	4	gene	PTPRC	seed_11	0.0	0.0	0.0	False	2	0		0		False	False	False	False	no opposite-sign point estimate	Post-review descriptive stratification based on spot-bootstrap intervals; it is not an independent-sample or spatial-dependence-resolved test.
GSE311294	GSM9322960_TR11_21723	M5_stagate	STAGATE-style	4	gene	SPP1	seed_11	0.0	0.0	0.0	False	2	0		0		False	False	False	False	no opposite-sign point estimate	Post-review descriptive stratification based on spot-bootstrap intervals; it is not an independent-sample or spatial-dependence-resolved test.
GSE311294	GSM9322960_TR11_21723	M5_stagate	STAGATE-style	4	signature	SIG_CAF_FAP	seed_11	0.4313193595574869	0.3668708096902909	0.4892846133392416	True	2	0		0		False	False	False	False	no opposite-sign point estimate	Post-review descriptive stratification based on spot-bootstrap intervals; it is not an independent-sample or spatial-dependence-resolved test.
GSE311294	GSM9322960_TR11_21723	M5_stagate	STAGATE-style	4	signature	SIG_CYTOTOX	seed_11	0.0	0.0	0.0	False	2	0		0		False	False	False	False	no opposite-sign point estimate	Post-review descriptive stratification based on spot-bootstrap intervals; it is not an independent-sample or spatial-dependence-resolved test.
GSE311294	GSM9322960_TR11_21723	M5_stagate	STAGATE-style	4	signature	SIG_EXCLUSION_CONTRAST	seed_11	0.4030010690872785	0.3321797870724694	0.4722203335132474	True	2	0		0		False	False	False	False	no opposite-sign point estimate	Post-review descriptive stratification based on spot-bootstrap intervals; it is not an independent-sample or spatial-dependence-resolved test.
GSE311294	GSM9322960_TR11_21723	M5_stagate	STAGATE-style	4	signature	SIG_EXCLUSION_TGFB_CXCL12	seed_11	-0.0904940094573478	-0.1291234262664432	-0.037638548401911	True	2	0		0		False	False	False	False	no opposite-sign point estimate	Post-review descriptive stratification based on spot-bootstrap intervals; it is not an independent-sample or spatial-dependence-resolved test.
GSE311294	GSM9322960_TR11_21723	M5_stagate	STAGATE-style	4	signature	SIG_MY_SPP1	seed_11	0.1307377503403984	0.0	0.1869299361813624	False	2	0		0		False	False	False	False	no opposite-sign point estimate	Post-review descriptive stratification based on spot-bootstrap intervals; it is not an independent-sample or spatial-dependence-resolved test.
GSE311294	GSM9322960_TR11_21723	M5_stagate	STAGATE-style	4	signature	SIG_TCELL	seed_11	0.0	0.0	0.0	False	2	0		0		False	False	False	False	no opposite-sign point estimate	Post-review descriptive stratification based on spot-bootstrap intervals; it is not an independent-sample or spatial-dependence-resolved test.
GSE311294	GSM9322960_TR11_21723	M5_stagate	STAGATE-style	6	gene	COL1A1	seed_11	0.7835915933966189	0.6745354423386674	0.8740250514443427	True	2	0		0		False	False	False	False	no opposite-sign point estimate	Post-review descriptive stratification based on spot-bootstrap intervals; it is not an independent-sample or spatial-dependence-resolved test.
GSE311294	GSM9322960_TR11_21723	M5_stagate	STAGATE-style	6	gene	EPCAM	seed_11	1.775488231003675	1.6658190568347733	1.8807897169854952	True	2	0		0		False	False	False	False	no opposite-sign point estimate	Post-review descriptive stratification based on spot-bootstrap intervals; it is not an independent-sample or spatial-dependence-resolved test.
GSE311294	GSM9322960_TR11_21723	M5_stagate	STAGATE-style	6	gene	FAP	seed_11	0.0	0.0	0.0	False	2	0		0		False	False	False	False	no opposite-sign point estimate	Post-review descriptive stratification based on spot-bootstrap intervals; it is not an independent-sample or spatial-dependence-resolved test.
GSE311294	GSM9322960_TR11_21723	M5_stagate	STAGATE-style	6	gene	PTPRC	seed_11	0.0	0.0	0.0	False	2	0		0		False	False	False	False	no opposite-sign point estimate	Post-review descriptive stratification based on spot-bootstrap intervals; it is not an independent-sample or spatial-dependence-resolved test.
GSE311294	GSM9322960_TR11_21723	M5_stagate	STAGATE-style	6	gene	SPP1	seed_11	0.0	0.0	0.0	False	2	0		0		False	False	False	False	no opposite-sign point estimate	Post-review descriptive stratification based on spot-bootstrap intervals; it is not an independent-sample or spatial-dependence-resolved test.
GSE311294	GSM9322960_TR11_21723	M5_stagate	STAGATE-style	6	signature	SIG_CAF_FAP	seed_11	0.3370439181096001	0.2860561093346945	0.3942491867086116	True	2	0		0		False	False	False	False	no opposite-sign point estimate	Post-review descriptive stratification based on spot-bootstrap intervals; it is not an independent-sample or spatial-dependence-resolved test.
GSE311294	GSM9322960_TR11_21723	M5_stagate	STAGATE-style	6	signature	SIG_CYTOTOX	seed_11	0.0	0.0	0.0	False	2	0		0		False	False	False	False	no opposite-sign point estimate	Post-review descriptive stratification based on spot-bootstrap intervals; it is not an independent-sample or spatial-dependence-resolved test.
GSE311294	GSM9322960_TR11_21723	M5_stagate	STAGATE-style	6	signature	SIG_EXCLUSION_CONTRAST	seed_11	0.3540281879255107	0.2846793431819285	0.3972781955262482	True	2	0		0		False	False	False	False	no opposite-sign point estimate	Post-review descriptive stratification based on spot-bootstrap intervals; it is not an independent-sample or spatial-dependence-resolved test.
GSE311294	GSM9322960_TR11_21723	M5_stagate	STAGATE-style	6	signature	SIG_EXCLUSION_TGFB_CXCL12	seed_11	-0.1581369670589112	-0.1907838703719895	-0.1243028672009753	True	2	1	seed_23	0		True	False	False	False	alternative interval includes zero	Post-review descriptive stratification based on spot-bootstrap intervals; it is not an independent-sample or spatial-dependence-resolved test.
GSE311294	GSM9322960_TR11_21723	M5_stagate	STAGATE-style	6	signature	SIG_MY_SPP1	seed_11	0.0	0.0	0.162539804851643	False	2	0		0		False	False	False	False	no opposite-sign point estimate	Post-review descriptive stratification based on spot-bootstrap intervals; it is not an independent-sample or spatial-dependence-resolved test.
GSE311294	GSM9322960_TR11_21723	M5_stagate	STAGATE-style	6	signature	SIG_TCELL	seed_11	0.0	0.0	0.0	False	2	0		0		False	False	False	False	no opposite-sign point estimate	Post-review descriptive stratification based on spot-bootstrap intervals; it is not an independent-sample or spatial-dependence-resolved test.
GSE311294	GSM9322961_TR16_23542	BayesSpace	BayesSpace	4	gene	COL1A1	seed_11	0.7392431528982011	0.6028296820285894	0.8908523032525847	True	2	0		0		False	False	False	False	no opposite-sign point estimate	Post-review descriptive stratification based on spot-bootstrap intervals; it is not an independent-sample or spatial-dependence-resolved test.
GSE311294	GSM9322961_TR16_23542	BayesSpace	BayesSpace	4	gene	EPCAM	seed_11	0.0	0.0	0.0	False	2	0		0		False	False	False	False	no opposite-sign point estimate	Post-review descriptive stratification based on spot-bootstrap intervals; it is not an independent-sample or spatial-dependence-resolved test.
GSE311294	GSM9322961_TR16_23542	BayesSpace	BayesSpace	4	gene	FAP	seed_11	0.0	0.0	0.0	False	2	0		0		False	False	False	False	no opposite-sign point estimate	Post-review descriptive stratification based on spot-bootstrap intervals; it is not an independent-sample or spatial-dependence-resolved test.
GSE311294	GSM9322961_TR16_23542	BayesSpace	BayesSpace	4	gene	PTPRC	seed_11	0.0	0.0	0.0	False	2	0		0		False	False	False	False	no opposite-sign point estimate	Post-review descriptive stratification based on spot-bootstrap intervals; it is not an independent-sample or spatial-dependence-resolved test.
GSE311294	GSM9322961_TR16_23542	BayesSpace	BayesSpace	4	gene	SPP1	seed_11	0.0	0.0	0.0	False	2	0		0		False	False	False	False	no opposite-sign point estimate	Post-review descriptive stratification based on spot-bootstrap intervals; it is not an independent-sample or spatial-dependence-resolved test.
GSE311294	GSM9322961_TR16_23542	BayesSpace	BayesSpace	4	signature	SIG_CAF_FAP	seed_11	0.2113367883549032	0.1436482101288766	0.2943283596839731	True	2	0		0		False	False	False	False	no opposite-sign point estimate	Post-review descriptive stratification based on spot-bootstrap intervals; it is not an independent-sample or spatial-dependence-resolved test.
GSE311294	GSM9322961_TR16_23542	BayesSpace	BayesSpace	4	signature	SIG_CYTOTOX	seed_11	0.0	0.0	0.0	False	2	0		0		False	False	False	False	no opposite-sign point estimate	Post-review descriptive stratification based on spot-bootstrap intervals; it is not an independent-sample or spatial-dependence-resolved test.
GSE311294	GSM9322961_TR16_23542	BayesSpace	BayesSpace	4	signature	SIG_EXCLUSION_CONTRAST	seed_11	0.1558542056099752	0.0886592253820787	0.2253669281965953	True	2	0		0		False	False	False	False	no opposite-sign point estimate	Post-review descriptive stratification based on spot-bootstrap intervals; it is not an independent-sample or spatial-dependence-resolved test.
GSE311294	GSM9322961_TR16_23542	BayesSpace	BayesSpace	4	signature	SIG_EXCLUSION_TGFB_CXCL12	seed_11	-0.1650018400579416	-0.2086689873779837	-0.1197934271356027	True	2	0		0		False	False	False	False	no opposite-sign point estimate	Post-review descriptive stratification based on spot-bootstrap intervals; it is not an independent-sample or spatial-dependence-resolved test.
GSE311294	GSM9322961_TR16_23542	BayesSpace	BayesSpace	4	signature	SIG_MY_SPP1	seed_11	0.0	0.0	0.0	False	2	0		0		False	False	False	False	no opposite-sign point estimate	Post-review descriptive stratification based on spot-bootstrap intervals; it is not an independent-sample or spatial-dependence-resolved test.
GSE311294	GSM9322961_TR16_23542	BayesSpace	BayesSpace	4	signature	SIG_TCELL	seed_11	0.0	0.0	0.0	False	2	0		0		False	False	False	False	no opposite-sign point estimate	Post-review descriptive stratification based on spot-bootstrap intervals; it is not an independent-sample or spatial-dependence-resolved test.
GSE311294	GSM9322961_TR16_23542	BayesSpace	BayesSpace	6	gene	COL1A1	seed_11	0.3208692192561408	0.1400883705211898	0.5024275068879797	True	2	0		0		False	False	False	False	no opposite-sign point estimate	Post-review descriptive stratification based on spot-bootstrap intervals; it is not an independent-sample or spatial-dependence-resolved test.
GSE311294	GSM9322961_TR16_23542	BayesSpace	BayesSpace	6	gene	EPCAM	seed_11	0.0	0.0	0.0	False	2	0		0		False	False	False	False	no opposite-sign point estimate	Post-review descriptive stratification based on spot-bootstrap intervals; it is not an independent-sample or spatial-dependence-resolved test.
GSE311294	GSM9322961_TR16_23542	BayesSpace	BayesSpace	6	gene	FAP	seed_11	0.0	0.0	0.0	False	2	0		0		False	False	False	False	no opposite-sign point estimate	Post-review descriptive stratification based on spot-bootstrap intervals; it is not an independent-sample or spatial-dependence-resolved test.
GSE311294	GSM9322961_TR16_23542	BayesSpace	BayesSpace	6	gene	PTPRC	seed_11	0.0	0.0	0.0	False	2	0		0		False	False	False	False	no opposite-sign point estimate	Post-review descriptive stratification based on spot-bootstrap intervals; it is not an independent-sample or spatial-dependence-resolved test.
GSE311294	GSM9322961_TR16_23542	BayesSpace	BayesSpace	6	gene	SPP1	seed_11	0.0	0.0	0.0	False	2	0		0		False	False	False	False	no opposite-sign point estimate	Post-review descriptive stratification based on spot-bootstrap intervals; it is not an independent-sample or spatial-dependence-resolved test.
GSE311294	GSM9322961_TR16_23542	BayesSpace	BayesSpace	6	signature	SIG_CAF_FAP	seed_11	0.0949320488204368	0.0226241344924474	0.1585547776248738	True	2	0		0		False	False	False	False	no opposite-sign point estimate	Post-review descriptive stratification based on spot-bootstrap intervals; it is not an independent-sample or spatial-dependence-resolved test.
GSE311294	GSM9322961_TR16_23542	BayesSpace	BayesSpace	6	signature	SIG_CYTOTOX	seed_11	0.0	0.0	0.0	False	2	0		0		False	False	False	False	no opposite-sign point estimate	Post-review descriptive stratification based on spot-bootstrap intervals; it is not an independent-sample or spatial-dependence-resolved test.
GSE311294	GSM9322961_TR16_23542	BayesSpace	BayesSpace	6	signature	SIG_EXCLUSION_CONTRAST	seed_11	0.0597461371961463	-0.0065722489506864	0.1104248592474471	False	2	0		0		False	False	False	False	no opposite-sign point estimate	Post-review descriptive stratification based on spot-bootstrap intervals; it is not an independent-sample or spatial-dependence-resolved test.
GSE311294	GSM9322961_TR16_23542	BayesSpace	BayesSpace	6	signature	SIG_EXCLUSION_TGFB_CXCL12	seed_11	-0.2140694406472846	-0.2759518621642108	-0.1637889992698138	True	2	0		0		False	False	False	False	no opposite-sign point estimate	Post-review descriptive stratification based on spot-bootstrap intervals; it is not an independent-sample or spatial-dependence-resolved test.
GSE311294	GSM9322961_TR16_23542	BayesSpace	BayesSpace	6	signature	SIG_MY_SPP1	seed_11	0.0	0.0	0.0	False	2	0		0		False	False	False	False	no opposite-sign point estimate	Post-review descriptive stratification based on spot-bootstrap intervals; it is not an independent-sample or spatial-dependence-resolved test.
GSE311294	GSM9322961_TR16_23542	BayesSpace	BayesSpace	6	signature	SIG_TCELL	seed_11	0.0	0.0	0.0	False	2	0		0		False	False	False	False	no opposite-sign point estimate	Post-review descriptive stratification based on spot-bootstrap intervals; it is not an independent-sample or spatial-dependence-resolved test.
GSE311294	GSM9322961_TR16_23542	M0_expr_kmeans	expression-only k-means	4	gene	COL1A1	seed_11	0.6864501784527801	0.576018347968667	0.8072214422037312	True	2	0		0		False	False	False	False	no opposite-sign point estimate	Post-review descriptive stratification based on spot-bootstrap intervals; it is not an independent-sample or spatial-dependence-resolved test.
GSE311294	GSM9322961_TR16_23542	M0_expr_kmeans	expression-only k-means	4	gene	EPCAM	seed_11	0.0	0.0	0.0	False	2	0		0		False	False	False	False	no opposite-sign point estimate	Post-review descriptive stratification based on spot-bootstrap intervals; it is not an independent-sample or spatial-dependence-resolved test.
GSE311294	GSM9322961_TR16_23542	M0_expr_kmeans	expression-only k-means	4	gene	FAP	seed_11	0.0	0.0	0.0	False	2	0		0		False	False	False	False	no opposite-sign point estimate	Post-review descriptive stratification based on spot-bootstrap intervals; it is not an independent-sample or spatial-dependence-resolved test.
GSE311294	GSM9322961_TR16_23542	M0_expr_kmeans	expression-only k-means	4	gene	PTPRC	seed_11	0.0	0.0	0.0	False	2	0		0		False	False	False	False	no opposite-sign point estimate	Post-review descriptive stratification based on spot-bootstrap intervals; it is not an independent-sample or spatial-dependence-resolved test.
GSE311294	GSM9322961_TR16_23542	M0_expr_kmeans	expression-only k-means	4	gene	SPP1	seed_11	0.0	0.0	0.0	False	2	0		0		False	False	False	False	no opposite-sign point estimate	Post-review descriptive stratification based on spot-bootstrap intervals; it is not an independent-sample or spatial-dependence-resolved test.
GSE311294	GSM9322961_TR16_23542	M0_expr_kmeans	expression-only k-means	4	signature	SIG_CAF_FAP	seed_11	0.3000571327725447	0.2238168027849768	0.3581915111573242	True	2	0		0		False	False	False	False	no opposite-sign point estimate	Post-review descriptive stratification based on spot-bootstrap intervals; it is not an independent-sample or spatial-dependence-resolved test.
GSE311294	GSM9322961_TR16_23542	M0_expr_kmeans	expression-only k-means	4	signature	SIG_CYTOTOX	seed_11	0.0	0.0	0.0	False	2	0		0		False	False	False	False	no opposite-sign point estimate	Post-review descriptive stratification based on spot-bootstrap intervals; it is not an independent-sample or spatial-dependence-resolved test.
GSE311294	GSM9322961_TR16_23542	M0_expr_kmeans	expression-only k-means	4	signature	SIG_EXCLUSION_CONTRAST	seed_11	0.2048253985078458	0.1460496623585043	0.2654527402470413	True	2	0		0		False	False	False	False	no opposite-sign point estimate	Post-review descriptive stratification based on spot-bootstrap intervals; it is not an independent-sample or spatial-dependence-resolved test.
GSE311294	GSM9322961_TR16_23542	M0_expr_kmeans	expression-only k-means	4	signature	SIG_EXCLUSION_TGFB_CXCL12	seed_11	0.0726773561981212	0.02250742856468	0.1227763729839923	True	2	0		0		False	False	False	False	no opposite-sign point estimate	Post-review descriptive stratification based on spot-bootstrap intervals; it is not an independent-sample or spatial-dependence-resolved test.
GSE311294	GSM9322961_TR16_23542	M0_expr_kmeans	expression-only k-means	4	signature	SIG_MY_SPP1	seed_11	0.0	0.0	0.0	False	2	0		0		False	False	False	False	no opposite-sign point estimate	Post-review descriptive stratification based on spot-bootstrap intervals; it is not an independent-sample or spatial-dependence-resolved test.
GSE311294	GSM9322961_TR16_23542	M0_expr_kmeans	expression-only k-means	4	signature	SIG_TCELL	seed_11	0.0	0.0	0.0	False	2	0		0		False	False	False	False	no opposite-sign point estimate	Post-review descriptive stratification based on spot-bootstrap intervals; it is not an independent-sample or spatial-dependence-resolved test.
GSE311294	GSM9322961_TR16_23542	M0_expr_kmeans	expression-only k-means	6	gene	COL1A1	seed_11	0.7246013916700733	0.5809287520672082	1.0725797738229506	True	2	0		0		False	False	False	False	no opposite-sign point estimate	Post-review descriptive stratification based on spot-bootstrap intervals; it is not an independent-sample or spatial-dependence-resolved test.
GSE311294	GSM9322961_TR16_23542	M0_expr_kmeans	expression-only k-means	6	gene	EPCAM	seed_11	0.0	0.0	0.0	False	2	0		0		False	False	False	False	no opposite-sign point estimate	Post-review descriptive stratification based on spot-bootstrap intervals; it is not an independent-sample or spatial-dependence-resolved test.
GSE311294	GSM9322961_TR16_23542	M0_expr_kmeans	expression-only k-means	6	gene	FAP	seed_11	0.0	0.0	0.0	False	2	0		0		False	False	False	False	no opposite-sign point estimate	Post-review descriptive stratification based on spot-bootstrap intervals; it is not an independent-sample or spatial-dependence-resolved test.
GSE311294	GSM9322961_TR16_23542	M0_expr_kmeans	expression-only k-means	6	gene	PTPRC	seed_11	0.0	0.0	0.0	False	2	0		0		False	False	False	False	no opposite-sign point estimate	Post-review descriptive stratification based on spot-bootstrap intervals; it is not an independent-sample or spatial-dependence-resolved test.
GSE311294	GSM9322961_TR16_23542	M0_expr_kmeans	expression-only k-means	6	gene	SPP1	seed_11	0.0	0.0	0.0	False	2	0		0		False	False	False	False	no opposite-sign point estimate	Post-review descriptive stratification based on spot-bootstrap intervals; it is not an independent-sample or spatial-dependence-resolved test.
GSE311294	GSM9322961_TR16_23542	M0_expr_kmeans	expression-only k-means	6	signature	SIG_CAF_FAP	seed_11	0.3197454073271846	0.2456907520543958	0.3757176040998902	True	2	0		0		False	False	False	False	no opposite-sign point estimate	Post-review descriptive stratification based on spot-bootstrap intervals; it is not an independent-sample or spatial-dependence-resolved test.
GSE311294	GSM9322961_TR16_23542	M0_expr_kmeans	expression-only k-means	6	signature	SIG_CYTOTOX	seed_11	0.0	0.0	0.0	False	2	0		0		False	False	False	False	no opposite-sign point estimate	Post-review descriptive stratification based on spot-bootstrap intervals; it is not an independent-sample or spatial-dependence-resolved test.
GSE311294	GSM9322961_TR16_23542	M0_expr_kmeans	expression-only k-means	6	signature	SIG_EXCLUSION_CONTRAST	seed_11	0.231206989253576	0.1510405020222214	0.3003479797662843	True	2	0		0		False	False	False	False	no opposite-sign point estimate	Post-review descriptive stratification based on spot-bootstrap intervals; it is not an independent-sample or spatial-dependence-resolved test.
GSE311294	GSM9322961_TR16_23542	M0_expr_kmeans	expression-only k-means	6	signature	SIG_EXCLUSION_TGFB_CXCL12	seed_11	0.1182896947003822	0.0647854359722849	0.1721854733978942	True	2	0		0		False	False	False	False	no opposite-sign point estimate	Post-review descriptive stratification based on spot-bootstrap intervals; it is not an independent-sample or spatial-dependence-resolved test.
GSE311294	GSM9322961_TR16_23542	M0_expr_kmeans	expression-only k-means	6	signature	SIG_MY_SPP1	seed_11	0.0	0.0	0.0	False	2	0		0		False	False	False	False	no opposite-sign point estimate	Post-review descriptive stratification based on spot-bootstrap intervals; it is not an independent-sample or spatial-dependence-resolved test.
GSE311294	GSM9322961_TR16_23542	M0_expr_kmeans	expression-only k-means	6	signature	SIG_TCELL	seed_11	0.0	0.0	0.0	False	2	0		0		False	False	False	False	no opposite-sign point estimate	Post-review descriptive stratification based on spot-bootstrap intervals; it is not an independent-sample or spatial-dependence-resolved test.
GSE311294	GSM9322961_TR16_23542	M1_spatial_concat_kmeans	coordinate-augmented k-means	4	gene	COL1A1	seed_11	0.6716880460221626	0.5580432705674214	0.797757997690111	True	2	0		0		False	False	False	False	no opposite-sign point estimate	Post-review descriptive stratification based on spot-bootstrap intervals; it is not an independent-sample or spatial-dependence-resolved test.
GSE311294	GSM9322961_TR16_23542	M1_spatial_concat_kmeans	coordinate-augmented k-means	4	gene	EPCAM	seed_11	0.0	0.0	0.0	False	2	0		0		False	False	False	False	no opposite-sign point estimate	Post-review descriptive stratification based on spot-bootstrap intervals; it is not an independent-sample or spatial-dependence-resolved test.
GSE311294	GSM9322961_TR16_23542	M1_spatial_concat_kmeans	coordinate-augmented k-means	4	gene	FAP	seed_11	0.0	0.0	0.0	False	2	0		0		False	False	False	False	no opposite-sign point estimate	Post-review descriptive stratification based on spot-bootstrap intervals; it is not an independent-sample or spatial-dependence-resolved test.
GSE311294	GSM9322961_TR16_23542	M1_spatial_concat_kmeans	coordinate-augmented k-means	4	gene	PTPRC	seed_11	0.0	0.0	0.0	False	2	0		0		False	False	False	False	no opposite-sign point estimate	Post-review descriptive stratification based on spot-bootstrap intervals; it is not an independent-sample or spatial-dependence-resolved test.
GSE311294	GSM9322961_TR16_23542	M1_spatial_concat_kmeans	coordinate-augmented k-means	4	gene	SPP1	seed_11	0.0	0.0	0.0	False	2	0		0		False	False	False	False	no opposite-sign point estimate	Post-review descriptive stratification based on spot-bootstrap intervals; it is not an independent-sample or spatial-dependence-resolved test.
GSE311294	GSM9322961_TR16_23542	M1_spatial_concat_kmeans	coordinate-augmented k-means	4	signature	SIG_CAF_FAP	seed_11	0.2928750646098461	0.2239586931545304	0.3508177076920649	True	2	0		0		False	False	False	False	no opposite-sign point estimate	Post-review descriptive stratification based on spot-bootstrap intervals; it is not an independent-sample or spatial-dependence-resolved test.
GSE311294	GSM9322961_TR16_23542	M1_spatial_concat_kmeans	coordinate-augmented k-means	4	signature	SIG_CYTOTOX	seed_11	0.0	0.0	0.0	False	2	0		0		False	False	False	False	no opposite-sign point estimate	Post-review descriptive stratification based on spot-bootstrap intervals; it is not an independent-sample or spatial-dependence-resolved test.
GSE311294	GSM9322961_TR16_23542	M1_spatial_concat_kmeans	coordinate-augmented k-means	4	signature	SIG_EXCLUSION_CONTRAST	seed_11	0.2005772942703207	0.1396743204591062	0.2624337022753384	True	2	0		0		False	False	False	False	no opposite-sign point estimate	Post-review descriptive stratification based on spot-bootstrap intervals; it is not an independent-sample or spatial-dependence-resolved test.
GSE311294	GSM9322961_TR16_23542	M1_spatial_concat_kmeans	coordinate-augmented k-means	4	signature	SIG_EXCLUSION_TGFB_CXCL12	seed_11	0.0700619901327977	0.0224106008793221	0.1176955125534719	True	2	0		0		False	False	False	False	no opposite-sign point estimate	Post-review descriptive stratification based on spot-bootstrap intervals; it is not an independent-sample or spatial-dependence-resolved test.
GSE311294	GSM9322961_TR16_23542	M1_spatial_concat_kmeans	coordinate-augmented k-means	4	signature	SIG_MY_SPP1	seed_11	0.0	0.0	0.0	False	2	0		0		False	False	False	False	no opposite-sign point estimate	Post-review descriptive stratification based on spot-bootstrap intervals; it is not an independent-sample or spatial-dependence-resolved test.
GSE311294	GSM9322961_TR16_23542	M1_spatial_concat_kmeans	coordinate-augmented k-means	4	signature	SIG_TCELL	seed_11	0.0	0.0	0.0	False	2	0		0		False	False	False	False	no opposite-sign point estimate	Post-review descriptive stratification based on spot-bootstrap intervals; it is not an independent-sample or spatial-dependence-resolved test.
GSE311294	GSM9322961_TR16_23542	M1_spatial_concat_kmeans	coordinate-augmented k-means	6	gene	COL1A1	seed_11	0.7369602024385355	0.5973672852989864	1.124448098711327	True	2	0		0		False	False	False	False	no opposite-sign point estimate	Post-review descriptive stratification based on spot-bootstrap intervals; it is not an independent-sample or spatial-dependence-resolved test.
GSE311294	GSM9322961_TR16_23542	M1_spatial_concat_kmeans	coordinate-augmented k-means	6	gene	EPCAM	seed_11	0.0	0.0	0.0	False	2	0		0		False	False	False	False	no opposite-sign point estimate	Post-review descriptive stratification based on spot-bootstrap intervals; it is not an independent-sample or spatial-dependence-resolved test.
GSE311294	GSM9322961_TR16_23542	M1_spatial_concat_kmeans	coordinate-augmented k-means	6	gene	FAP	seed_11	0.0	0.0	0.0	False	2	0		0		False	False	False	False	no opposite-sign point estimate	Post-review descriptive stratification based on spot-bootstrap intervals; it is not an independent-sample or spatial-dependence-resolved test.
GSE311294	GSM9322961_TR16_23542	M1_spatial_concat_kmeans	coordinate-augmented k-means	6	gene	PTPRC	seed_11	0.0	0.0	0.0	False	2	0		0		False	False	False	False	no opposite-sign point estimate	Post-review descriptive stratification based on spot-bootstrap intervals; it is not an independent-sample or spatial-dependence-resolved test.
GSE311294	GSM9322961_TR16_23542	M1_spatial_concat_kmeans	coordinate-augmented k-means	6	gene	SPP1	seed_11	0.0	0.0	0.0	False	2	0		0		False	False	False	False	no opposite-sign point estimate	Post-review descriptive stratification based on spot-bootstrap intervals; it is not an independent-sample or spatial-dependence-resolved test.
GSE311294	GSM9322961_TR16_23542	M1_spatial_concat_kmeans	coordinate-augmented k-means	6	signature	SIG_CAF_FAP	seed_11	0.3319696179354754	0.2564500315786231	0.3823989362923883	True	2	0		0		False	False	False	False	no opposite-sign point estimate	Post-review descriptive stratification based on spot-bootstrap intervals; it is not an independent-sample or spatial-dependence-resolved test.
GSE311294	GSM9322961_TR16_23542	M1_spatial_concat_kmeans	coordinate-augmented k-means	6	signature	SIG_CYTOTOX	seed_11	0.0	0.0	0.0	False	2	0		0		False	False	False	False	no opposite-sign point estimate	Post-review descriptive stratification based on spot-bootstrap intervals; it is not an independent-sample or spatial-dependence-resolved test.
GSE311294	GSM9322961_TR16_23542	M1_spatial_concat_kmeans	coordinate-augmented k-means	6	signature	SIG_EXCLUSION_CONTRAST	seed_11	0.2367305905181406	0.1591743289046266	0.3054019100206087	True	2	0		0		False	False	False	False	no opposite-sign point estimate	Post-review descriptive stratification based on spot-bootstrap intervals; it is not an independent-sample or spatial-dependence-resolved test.
GSE311294	GSM9322961_TR16_23542	M1_spatial_concat_kmeans	coordinate-augmented k-means	6	signature	SIG_EXCLUSION_TGFB_CXCL12	seed_11	0.1243944042535032	0.0713669364750325	0.1746586891603228	True	2	0		0		False	False	False	False	no opposite-sign point estimate	Post-review descriptive stratification based on spot-bootstrap intervals; it is not an independent-sample or spatial-dependence-resolved test.
GSE311294	GSM9322961_TR16_23542	M1_spatial_concat_kmeans	coordinate-augmented k-means	6	signature	SIG_MY_SPP1	seed_11	0.0	0.0	0.0	False	2	0		0		False	False	False	False	no opposite-sign point estimate	Post-review descriptive stratification based on spot-bootstrap intervals; it is not an independent-sample or spatial-dependence-resolved test.
GSE311294	GSM9322961_TR16_23542	M1_spatial_concat_kmeans	coordinate-augmented k-means	6	signature	SIG_TCELL	seed_11	0.0	0.0	0.0	False	2	0		0		False	False	False	False	no opposite-sign point estimate	Post-review descriptive stratification based on spot-bootstrap intervals; it is not an independent-sample or spatial-dependence-resolved test.
GSE311294	GSM9322961_TR16_23542	M2_spatial_ward	spatial Ward	4	gene	COL1A1	neighbors_6	0.7987404738938095	0.6885606833598761	0.9283655194216968	True	2	0		0		False	False	False	False	no opposite-sign point estimate	Post-review descriptive stratification based on spot-bootstrap intervals; it is not an independent-sample or spatial-dependence-resolved test.
GSE311294	GSM9322961_TR16_23542	M2_spatial_ward	spatial Ward	4	gene	EPCAM	neighbors_6	0.0	0.0	0.0	False	2	0		0		False	False	False	False	no opposite-sign point estimate	Post-review descriptive stratification based on spot-bootstrap intervals; it is not an independent-sample or spatial-dependence-resolved test.
GSE311294	GSM9322961_TR16_23542	M2_spatial_ward	spatial Ward	4	gene	FAP	neighbors_6	0.0	0.0	0.0	False	2	0		0		False	False	False	False	no opposite-sign point estimate	Post-review descriptive stratification based on spot-bootstrap intervals; it is not an independent-sample or spatial-dependence-resolved test.
GSE311294	GSM9322961_TR16_23542	M2_spatial_ward	spatial Ward	4	gene	PTPRC	neighbors_6	0.0	0.0	0.0	False	2	0		0		False	False	False	False	no opposite-sign point estimate	Post-review descriptive stratification based on spot-bootstrap intervals; it is not an independent-sample or spatial-dependence-resolved test.
GSE311294	GSM9322961_TR16_23542	M2_spatial_ward	spatial Ward	4	gene	SPP1	neighbors_6	0.0	0.0	0.0	False	2	0		0		False	False	False	False	no opposite-sign point estimate	Post-review descriptive stratification based on spot-bootstrap intervals; it is not an independent-sample or spatial-dependence-resolved test.
GSE311294	GSM9322961_TR16_23542	M2_spatial_ward	spatial Ward	4	signature	SIG_CAF_FAP	neighbors_6	0.2799674648550316	0.2161814431284424	0.3465944300917529	True	2	0		0		False	False	False	False	no opposite-sign point estimate	Post-review descriptive stratification based on spot-bootstrap intervals; it is not an independent-sample or spatial-dependence-resolved test.
GSE311294	GSM9322961_TR16_23542	M2_spatial_ward	spatial Ward	4	signature	SIG_CYTOTOX	neighbors_6	0.0	0.0	0.0	False	2	0		0		False	False	False	False	no opposite-sign point estimate	Post-review descriptive stratification based on spot-bootstrap intervals; it is not an independent-sample or spatial-dependence-resolved test.
GSE311294	GSM9322961_TR16_23542	M2_spatial_ward	spatial Ward	4	signature	SIG_EXCLUSION_CONTRAST	neighbors_6	0.2041729782727162	0.1473646408008721	0.2525270923917959	True	2	1	neighbors_8	0		True	False	False	False	alternative interval includes zero	Post-review descriptive stratification based on spot-bootstrap intervals; it is not an independent-sample or spatial-dependence-resolved test.
GSE311294	GSM9322961_TR16_23542	M2_spatial_ward	spatial Ward	4	signature	SIG_EXCLUSION_TGFB_CXCL12	neighbors_6	0.1162902456720549	0.0660818732701944	0.1703674841807862	True	2	1	neighbors_8	1	neighbors_8	True	True	False	False	reference and alternative intervals exclude zero	Post-review descriptive stratification based on spot-bootstrap intervals; it is not an independent-sample or spatial-dependence-resolved test.
GSE311294	GSM9322961_TR16_23542	M2_spatial_ward	spatial Ward	4	signature	SIG_MY_SPP1	neighbors_6	0.0	0.0	0.0	False	2	0		0		False	False	False	False	no opposite-sign point estimate	Post-review descriptive stratification based on spot-bootstrap intervals; it is not an independent-sample or spatial-dependence-resolved test.
GSE311294	GSM9322961_TR16_23542	M2_spatial_ward	spatial Ward	4	signature	SIG_TCELL	neighbors_6	0.0	0.0	0.0	False	2	0		0		False	False	False	False	no opposite-sign point estimate	Post-review descriptive stratification based on spot-bootstrap intervals; it is not an independent-sample or spatial-dependence-resolved test.
GSE311294	GSM9322961_TR16_23542	M2_spatial_ward	spatial Ward	6	gene	COL1A1	neighbors_6	0.7208092025232715	0.5904950973266355	0.8323388624151405	True	2	0		0		False	False	False	False	no opposite-sign point estimate	Post-review descriptive stratification based on spot-bootstrap intervals; it is not an independent-sample or spatial-dependence-resolved test.
GSE311294	GSM9322961_TR16_23542	M2_spatial_ward	spatial Ward	6	gene	EPCAM	neighbors_6	0.0	0.0	0.0	False	2	0		0		False	False	False	False	no opposite-sign point estimate	Post-review descriptive stratification based on spot-bootstrap intervals; it is not an independent-sample or spatial-dependence-resolved test.
GSE311294	GSM9322961_TR16_23542	M2_spatial_ward	spatial Ward	6	gene	FAP	neighbors_6	0.0	0.0	0.0	False	2	0		0		False	False	False	False	no opposite-sign point estimate	Post-review descriptive stratification based on spot-bootstrap intervals; it is not an independent-sample or spatial-dependence-resolved test.
GSE311294	GSM9322961_TR16_23542	M2_spatial_ward	spatial Ward	6	gene	PTPRC	neighbors_6	0.0	0.0	0.0	False	2	0		0		False	False	False	False	no opposite-sign point estimate	Post-review descriptive stratification based on spot-bootstrap intervals; it is not an independent-sample or spatial-dependence-resolved test.
GSE311294	GSM9322961_TR16_23542	M2_spatial_ward	spatial Ward	6	gene	SPP1	neighbors_6	0.0	0.0	0.0	False	2	0		0		False	False	False	False	no opposite-sign point estimate	Post-review descriptive stratification based on spot-bootstrap intervals; it is not an independent-sample or spatial-dependence-resolved test.
GSE311294	GSM9322961_TR16_23542	M2_spatial_ward	spatial Ward	6	signature	SIG_CAF_FAP	neighbors_6	0.221410050273184	0.1527144372744212	0.2790523757123374	True	2	1	neighbors_8	1	neighbors_8	True	True	False	False	reference and alternative intervals exclude zero	Post-review descriptive stratification based on spot-bootstrap intervals; it is not an independent-sample or spatial-dependence-resolved test.
GSE311294	GSM9322961_TR16_23542	M2_spatial_ward	spatial Ward	6	signature	SIG_CYTOTOX	neighbors_6	0.0	0.0	0.0	False	2	0		0		False	False	False	False	no opposite-sign point estimate	Post-review descriptive stratification based on spot-bootstrap intervals; it is not an independent-sample or spatial-dependence-resolved test.
GSE311294	GSM9322961_TR16_23542	M2_spatial_ward	spatial Ward	6	signature	SIG_EXCLUSION_CONTRAST	neighbors_6	0.1476628481020427	0.0883404267098479	0.1962072220937812	True	2	1	neighbors_8	1	neighbors_8	True	True	False	False	reference and alternative intervals exclude zero	Post-review descriptive stratification based on spot-bootstrap intervals; it is not an independent-sample or spatial-dependence-resolved test.
GSE311294	GSM9322961_TR16_23542	M2_spatial_ward	spatial Ward	6	signature	SIG_EXCLUSION_TGFB_CXCL12	neighbors_6	-0.013929174680308	-0.0577774999937078	0.0494398060545304	False	2	1	neighbors_4	0		True	False	True	False	reference interval includes zero	Post-review descriptive stratification based on spot-bootstrap intervals; it is not an independent-sample or spatial-dependence-resolved test.
GSE311294	GSM9322961_TR16_23542	M2_spatial_ward	spatial Ward	6	signature	SIG_MY_SPP1	neighbors_6	0.0	0.0	0.0	False	2	0		0		False	False	False	False	no opposite-sign point estimate	Post-review descriptive stratification based on spot-bootstrap intervals; it is not an independent-sample or spatial-dependence-resolved test.
GSE311294	GSM9322961_TR16_23542	M2_spatial_ward	spatial Ward	6	signature	SIG_TCELL	neighbors_6	0.0	0.0	0.0	False	2	0		0		False	False	False	False	no opposite-sign point estimate	Post-review descriptive stratification based on spot-bootstrap intervals; it is not an independent-sample or spatial-dependence-resolved test.
GSE311294	GSM9322961_TR16_23542	M3_spatial_leiden	spatial Leiden	4	gene	COL1A1	seed_11	0.4317410819777354	0.0295991789224805	0.6363515434866583	True	2	2	seed_23;seed_37	1	seed_37	True	True	False	False	reference and alternative intervals exclude zero	Post-review descriptive stratification based on spot-bootstrap intervals; it is not an independent-sample or spatial-dependence-resolved test.
GSE311294	GSM9322961_TR16_23542	M3_spatial_leiden	spatial Leiden	4	gene	EPCAM	seed_11	0.0	0.0	0.0	False	2	0		0		False	False	False	False	no opposite-sign point estimate	Post-review descriptive stratification based on spot-bootstrap intervals; it is not an independent-sample or spatial-dependence-resolved test.
GSE311294	GSM9322961_TR16_23542	M3_spatial_leiden	spatial Leiden	4	gene	FAP	seed_11	0.0	0.0	0.0	False	2	0		0		False	False	False	False	no opposite-sign point estimate	Post-review descriptive stratification based on spot-bootstrap intervals; it is not an independent-sample or spatial-dependence-resolved test.
GSE311294	GSM9322961_TR16_23542	M3_spatial_leiden	spatial Leiden	4	gene	PTPRC	seed_11	0.0	0.0	0.0	False	2	0		0		False	False	False	False	no opposite-sign point estimate	Post-review descriptive stratification based on spot-bootstrap intervals; it is not an independent-sample or spatial-dependence-resolved test.
GSE311294	GSM9322961_TR16_23542	M3_spatial_leiden	spatial Leiden	4	gene	SPP1	seed_11	0.0	0.0	0.0	False	2	0		0		False	False	False	False	no opposite-sign point estimate	Post-review descriptive stratification based on spot-bootstrap intervals; it is not an independent-sample or spatial-dependence-resolved test.
GSE311294	GSM9322961_TR16_23542	M3_spatial_leiden	spatial Leiden	4	signature	SIG_CAF_FAP	seed_11	0.1131009483299565	-0.0747494391615159	0.2258462128383284	False	2	2	seed_23;seed_37	0		True	False	True	True	reference and alternative intervals include zero	Post-review descriptive stratification based on spot-bootstrap intervals; it is not an independent-sample or spatial-dependence-resolved test.
GSE311294	GSM9322961_TR16_23542	M3_spatial_leiden	spatial Leiden	4	signature	SIG_CYTOTOX	seed_11	0.0	0.0	0.0	False	2	0		0		False	False	False	False	no opposite-sign point estimate	Post-review descriptive stratification based on spot-bootstrap intervals; it is not an independent-sample or spatial-dependence-resolved test.
GSE311294	GSM9322961_TR16_23542	M3_spatial_leiden	spatial Leiden	4	signature	SIG_EXCLUSION_CONTRAST	seed_11	0.1062796364025975	0.0014227666391215	0.1886567297683439	True	2	2	seed_23;seed_37	1	seed_37	True	True	False	False	reference and alternative intervals exclude zero	Post-review descriptive stratification based on spot-bootstrap intervals; it is not an independent-sample or spatial-dependence-resolved test.
GSE311294	GSM9322961_TR16_23542	M3_spatial_leiden	spatial Leiden	4	signature	SIG_EXCLUSION_TGFB_CXCL12	seed_11	-0.1349154252275082	-0.1815971210402744	-0.0418608357274404	True	2	0		0		False	False	False	False	no opposite-sign point estimate	Post-review descriptive stratification based on spot-bootstrap intervals; it is not an independent-sample or spatial-dependence-resolved test.
GSE311294	GSM9322961_TR16_23542	M3_spatial_leiden	spatial Leiden	4	signature	SIG_MY_SPP1	seed_11	0.0	0.0	0.0	False	2	0		0		False	False	False	False	no opposite-sign point estimate	Post-review descriptive stratification based on spot-bootstrap intervals; it is not an independent-sample or spatial-dependence-resolved test.
GSE311294	GSM9322961_TR16_23542	M3_spatial_leiden	spatial Leiden	4	signature	SIG_TCELL	seed_11	0.0	0.0	0.0	False	2	0		0		False	False	False	False	no opposite-sign point estimate	Post-review descriptive stratification based on spot-bootstrap intervals; it is not an independent-sample or spatial-dependence-resolved test.
GSE311294	GSM9322961_TR16_23542	M3_spatial_leiden	spatial Leiden	6	gene	COL1A1	seed_11	0.3045236895077217	-0.140077088590745	0.5144086946164254	False	2	0		0		False	False	False	False	no opposite-sign point estimate	Post-review descriptive stratification based on spot-bootstrap intervals; it is not an independent-sample or spatial-dependence-resolved test.
GSE311294	GSM9322961_TR16_23542	M3_spatial_leiden	spatial Leiden	6	gene	EPCAM	seed_11	0.0	0.0	0.0	False	2	0		0		False	False	False	False	no opposite-sign point estimate	Post-review descriptive stratification based on spot-bootstrap intervals; it is not an independent-sample or spatial-dependence-resolved test.
GSE311294	GSM9322961_TR16_23542	M3_spatial_leiden	spatial Leiden	6	gene	FAP	seed_11	0.0	0.0	0.0	False	2	0		0		False	False	False	False	no opposite-sign point estimate	Post-review descriptive stratification based on spot-bootstrap intervals; it is not an independent-sample or spatial-dependence-resolved test.
GSE311294	GSM9322961_TR16_23542	M3_spatial_leiden	spatial Leiden	6	gene	PTPRC	seed_11	0.0	0.0	0.0	False	2	0		0		False	False	False	False	no opposite-sign point estimate	Post-review descriptive stratification based on spot-bootstrap intervals; it is not an independent-sample or spatial-dependence-resolved test.
GSE311294	GSM9322961_TR16_23542	M3_spatial_leiden	spatial Leiden	6	gene	SPP1	seed_11	0.0	0.0	0.0	False	2	0		0		False	False	False	False	no opposite-sign point estimate	Post-review descriptive stratification based on spot-bootstrap intervals; it is not an independent-sample or spatial-dependence-resolved test.
GSE311294	GSM9322961_TR16_23542	M3_spatial_leiden	spatial Leiden	6	signature	SIG_CAF_FAP	seed_11	-0.0267925246756923	-0.2586582233229747	0.0970765011870832	False	2	2	seed_23;seed_37	0		True	False	True	True	reference and alternative intervals include zero	Post-review descriptive stratification based on spot-bootstrap intervals; it is not an independent-sample or spatial-dependence-resolved test.
GSE311294	GSM9322961_TR16_23542	M3_spatial_leiden	spatial Leiden	6	signature	SIG_CYTOTOX	seed_11	0.0	0.0	0.0	False	2	0		0		False	False	False	False	no opposite-sign point estimate	Post-review descriptive stratification based on spot-bootstrap intervals; it is not an independent-sample or spatial-dependence-resolved test.
GSE311294	GSM9322961_TR16_23542	M3_spatial_leiden	spatial Leiden	6	signature	SIG_EXCLUSION_CONTRAST	seed_11	-0.023799177453089	-0.231590792349256	0.0800527506989054	False	2	2	seed_23;seed_37	0		True	False	True	True	reference and alternative intervals include zero	Post-review descriptive stratification based on spot-bootstrap intervals; it is not an independent-sample or spatial-dependence-resolved test.
GSE311294	GSM9322961_TR16_23542	M3_spatial_leiden	spatial Leiden	6	signature	SIG_EXCLUSION_TGFB_CXCL12	seed_11	-0.1425497044838833	-0.187836682815094	-0.0641435134422974	True	2	2	seed_23;seed_37	0		True	False	False	False	alternative interval includes zero	Post-review descriptive stratification based on spot-bootstrap intervals; it is not an independent-sample or spatial-dependence-resolved test.
GSE311294	GSM9322961_TR16_23542	M3_spatial_leiden	spatial Leiden	6	signature	SIG_MY_SPP1	seed_11	0.0	0.0	0.0	False	2	0		0		False	False	False	False	no opposite-sign point estimate	Post-review descriptive stratification based on spot-bootstrap intervals; it is not an independent-sample or spatial-dependence-resolved test.
GSE311294	GSM9322961_TR16_23542	M3_spatial_leiden	spatial Leiden	6	signature	SIG_TCELL	seed_11	0.0	0.0	0.0	False	2	0		0		False	False	False	False	no opposite-sign point estimate	Post-review descriptive stratification based on spot-bootstrap intervals; it is not an independent-sample or spatial-dependence-resolved test.
GSE311294	GSM9322961_TR16_23542	M4_spagcn	SpaGCN-style	4	gene	COL1A1	seed_11	0.6053534724982446	0.4626031411003427	0.7400328628909227	True	2	0		0		False	False	False	False	no opposite-sign point estimate	Post-review descriptive stratification based on spot-bootstrap intervals; it is not an independent-sample or spatial-dependence-resolved test.
GSE311294	GSM9322961_TR16_23542	M4_spagcn	SpaGCN-style	4	gene	EPCAM	seed_11	0.0	0.0	0.0	False	2	0		0		False	False	False	False	no opposite-sign point estimate	Post-review descriptive stratification based on spot-bootstrap intervals; it is not an independent-sample or spatial-dependence-resolved test.
GSE311294	GSM9322961_TR16_23542	M4_spagcn	SpaGCN-style	4	gene	FAP	seed_11	0.0	0.0	0.0	False	2	0		0		False	False	False	False	no opposite-sign point estimate	Post-review descriptive stratification based on spot-bootstrap intervals; it is not an independent-sample or spatial-dependence-resolved test.
GSE311294	GSM9322961_TR16_23542	M4_spagcn	SpaGCN-style	4	gene	PTPRC	seed_11	0.0	0.0	0.0	False	2	0		0		False	False	False	False	no opposite-sign point estimate	Post-review descriptive stratification based on spot-bootstrap intervals; it is not an independent-sample or spatial-dependence-resolved test.
GSE311294	GSM9322961_TR16_23542	M4_spagcn	SpaGCN-style	4	gene	SPP1	seed_11	0.0	0.0	0.0	False	2	0		0		False	False	False	False	no opposite-sign point estimate	Post-review descriptive stratification based on spot-bootstrap intervals; it is not an independent-sample or spatial-dependence-resolved test.
GSE311294	GSM9322961_TR16_23542	M4_spagcn	SpaGCN-style	4	signature	SIG_CAF_FAP	seed_11	0.2477843275310383	0.1762024343857993	0.3202634011005777	True	2	0		0		False	False	False	False	no opposite-sign point estimate	Post-review descriptive stratification based on spot-bootstrap intervals; it is not an independent-sample or spatial-dependence-resolved test.
GSE311294	GSM9322961_TR16_23542	M4_spagcn	SpaGCN-style	4	signature	SIG_CYTOTOX	seed_11	0.0	0.0	0.0	False	2	0		0		False	False	False	False	no opposite-sign point estimate	Post-review descriptive stratification based on spot-bootstrap intervals; it is not an independent-sample or spatial-dependence-resolved test.
GSE311294	GSM9322961_TR16_23542	M4_spagcn	SpaGCN-style	4	signature	SIG_EXCLUSION_CONTRAST	seed_11	0.1745988444548736	0.1172344303406288	0.2398800334255792	True	2	0		0		False	False	False	False	no opposite-sign point estimate	Post-review descriptive stratification based on spot-bootstrap intervals; it is not an independent-sample or spatial-dependence-resolved test.
GSE311294	GSM9322961_TR16_23542	M4_spagcn	SpaGCN-style	4	signature	SIG_EXCLUSION_TGFB_CXCL12	seed_11	-0.0256016949748719	-0.0775718411183062	0.0247106528311534	False	2	0		0		False	False	False	False	no opposite-sign point estimate	Post-review descriptive stratification based on spot-bootstrap intervals; it is not an independent-sample or spatial-dependence-resolved test.
GSE311294	GSM9322961_TR16_23542	M4_spagcn	SpaGCN-style	4	signature	SIG_MY_SPP1	seed_11	0.0	0.0	0.0	False	2	0		0		False	False	False	False	no opposite-sign point estimate	Post-review descriptive stratification based on spot-bootstrap intervals; it is not an independent-sample or spatial-dependence-resolved test.
GSE311294	GSM9322961_TR16_23542	M4_spagcn	SpaGCN-style	4	signature	SIG_TCELL	seed_11	0.0	0.0	0.0	False	2	0		0		False	False	False	False	no opposite-sign point estimate	Post-review descriptive stratification based on spot-bootstrap intervals; it is not an independent-sample or spatial-dependence-resolved test.
GSE311294	GSM9322961_TR16_23542	M4_spagcn	SpaGCN-style	6	gene	COL1A1	seed_11	0.5132015803138881	0.3786358696748992	0.6483887054614392	True	2	0		0		False	False	False	False	no opposite-sign point estimate	Post-review descriptive stratification based on spot-bootstrap intervals; it is not an independent-sample or spatial-dependence-resolved test.
GSE311294	GSM9322961_TR16_23542	M4_spagcn	SpaGCN-style	6	gene	EPCAM	seed_11	0.0	0.0	0.0	False	2	0		0		False	False	False	False	no opposite-sign point estimate	Post-review descriptive stratification based on spot-bootstrap intervals; it is not an independent-sample or spatial-dependence-resolved test.
GSE311294	GSM9322961_TR16_23542	M4_spagcn	SpaGCN-style	6	gene	FAP	seed_11	0.0	0.0	0.0	False	2	0		0		False	False	False	False	no opposite-sign point estimate	Post-review descriptive stratification based on spot-bootstrap intervals; it is not an independent-sample or spatial-dependence-resolved test.
GSE311294	GSM9322961_TR16_23542	M4_spagcn	SpaGCN-style	6	gene	PTPRC	seed_11	0.0	0.0	0.0	False	2	0		0		False	False	False	False	no opposite-sign point estimate	Post-review descriptive stratification based on spot-bootstrap intervals; it is not an independent-sample or spatial-dependence-resolved test.
GSE311294	GSM9322961_TR16_23542	M4_spagcn	SpaGCN-style	6	gene	SPP1	seed_11	0.0	0.0	0.0	False	2	0		0		False	False	False	False	no opposite-sign point estimate	Post-review descriptive stratification based on spot-bootstrap intervals; it is not an independent-sample or spatial-dependence-resolved test.
GSE311294	GSM9322961_TR16_23542	M4_spagcn	SpaGCN-style	6	signature	SIG_CAF_FAP	seed_11	0.1703504291385157	0.106695483854486	0.2422288215221236	True	2	0		0		False	False	False	False	no opposite-sign point estimate	Post-review descriptive stratification based on spot-bootstrap intervals; it is not an independent-sample or spatial-dependence-resolved test.
GSE311294	GSM9322961_TR16_23542	M4_spagcn	SpaGCN-style	6	signature	SIG_CYTOTOX	seed_11	0.0	0.0	0.0	False	2	0		0		False	False	False	False	no opposite-sign point estimate	Post-review descriptive stratification based on spot-bootstrap intervals; it is not an independent-sample or spatial-dependence-resolved test.
GSE311294	GSM9322961_TR16_23542	M4_spagcn	SpaGCN-style	6	signature	SIG_EXCLUSION_CONTRAST	seed_11	0.1355944596386953	0.0778780376349396	0.1857508142050743	True	2	0		0		False	False	False	False	no opposite-sign point estimate	Post-review descriptive stratification based on spot-bootstrap intervals; it is not an independent-sample or spatial-dependence-resolved test.
GSE311294	GSM9322961_TR16_23542	M4_spagcn	SpaGCN-style	6	signature	SIG_EXCLUSION_TGFB_CXCL12	seed_11	0.0640321285052233	0.0042689783012248	0.1115552944815638	True	2	1	seed_23	0		True	False	False	False	alternative interval includes zero	Post-review descriptive stratification based on spot-bootstrap intervals; it is not an independent-sample or spatial-dependence-resolved test.
GSE311294	GSM9322961_TR16_23542	M4_spagcn	SpaGCN-style	6	signature	SIG_MY_SPP1	seed_11	0.0	0.0	0.0	False	2	0		0		False	False	False	False	no opposite-sign point estimate	Post-review descriptive stratification based on spot-bootstrap intervals; it is not an independent-sample or spatial-dependence-resolved test.
GSE311294	GSM9322961_TR16_23542	M4_spagcn	SpaGCN-style	6	signature	SIG_TCELL	seed_11	0.0	0.0	0.0	False	2	0		0		False	False	False	False	no opposite-sign point estimate	Post-review descriptive stratification based on spot-bootstrap intervals; it is not an independent-sample or spatial-dependence-resolved test.
GSE311294	GSM9322961_TR16_23542	M5_stagate	STAGATE-style	4	gene	COL1A1	seed_11	0.9286035620175224	0.7873291740825722	1.053039891075925	True	2	0		0		False	False	False	False	no opposite-sign point estimate	Post-review descriptive stratification based on spot-bootstrap intervals; it is not an independent-sample or spatial-dependence-resolved test.
GSE311294	GSM9322961_TR16_23542	M5_stagate	STAGATE-style	4	gene	EPCAM	seed_11	0.0	0.0	0.0	False	2	0		0		False	False	False	False	no opposite-sign point estimate	Post-review descriptive stratification based on spot-bootstrap intervals; it is not an independent-sample or spatial-dependence-resolved test.
GSE311294	GSM9322961_TR16_23542	M5_stagate	STAGATE-style	4	gene	FAP	seed_11	0.0	0.0	0.0	False	2	0		0		False	False	False	False	no opposite-sign point estimate	Post-review descriptive stratification based on spot-bootstrap intervals; it is not an independent-sample or spatial-dependence-resolved test.
GSE311294	GSM9322961_TR16_23542	M5_stagate	STAGATE-style	4	gene	PTPRC	seed_11	0.0	0.0	0.0	False	2	0		0		False	False	False	False	no opposite-sign point estimate	Post-review descriptive stratification based on spot-bootstrap intervals; it is not an independent-sample or spatial-dependence-resolved test.
GSE311294	GSM9322961_TR16_23542	M5_stagate	STAGATE-style	4	gene	SPP1	seed_11	0.0	0.0	0.0	False	2	0		0		False	False	False	False	no opposite-sign point estimate	Post-review descriptive stratification based on spot-bootstrap intervals; it is not an independent-sample or spatial-dependence-resolved test.
GSE311294	GSM9322961_TR16_23542	M5_stagate	STAGATE-style	4	signature	SIG_CAF_FAP	seed_11	0.3735692569679637	0.3091844579862373	0.4323217389347297	True	2	0		0		False	False	False	False	no opposite-sign point estimate	Post-review descriptive stratification based on spot-bootstrap intervals; it is not an independent-sample or spatial-dependence-resolved test.
GSE311294	GSM9322961_TR16_23542	M5_stagate	STAGATE-style	4	signature	SIG_CYTOTOX	seed_11	0.0	0.0	0.0	False	2	0		0		False	False	False	False	no opposite-sign point estimate	Post-review descriptive stratification based on spot-bootstrap intervals; it is not an independent-sample or spatial-dependence-resolved test.
GSE311294	GSM9322961_TR16_23542	M5_stagate	STAGATE-style	4	signature	SIG_EXCLUSION_CONTRAST	seed_11	0.2881594084928001	0.2354699441728069	0.3485213890445039	True	2	0		0		False	False	False	False	no opposite-sign point estimate	Post-review descriptive stratification based on spot-bootstrap intervals; it is not an independent-sample or spatial-dependence-resolved test.
GSE311294	GSM9322961_TR16_23542	M5_stagate	STAGATE-style	4	signature	SIG_EXCLUSION_TGFB_CXCL12	seed_11	0.1362937167004074	0.0882825288641836	0.1894425598802454	True	2	0		0		False	False	False	False	no opposite-sign point estimate	Post-review descriptive stratification based on spot-bootstrap intervals; it is not an independent-sample or spatial-dependence-resolved test.
GSE311294	GSM9322961_TR16_23542	M5_stagate	STAGATE-style	4	signature	SIG_MY_SPP1	seed_11	0.0	0.0	0.0	False	2	0		0		False	False	False	False	no opposite-sign point estimate	Post-review descriptive stratification based on spot-bootstrap intervals; it is not an independent-sample or spatial-dependence-resolved test.
GSE311294	GSM9322961_TR16_23542	M5_stagate	STAGATE-style	4	signature	SIG_TCELL	seed_11	0.0	0.0	0.0	False	2	0		0		False	False	False	False	no opposite-sign point estimate	Post-review descriptive stratification based on spot-bootstrap intervals; it is not an independent-sample or spatial-dependence-resolved test.
GSE311294	GSM9322961_TR16_23542	M5_stagate	STAGATE-style	6	gene	COL1A1	seed_11	0.7922279323783128	0.6721614719008663	0.9500149922652604	True	2	0		0		False	False	False	False	no opposite-sign point estimate	Post-review descriptive stratification based on spot-bootstrap intervals; it is not an independent-sample or spatial-dependence-resolved test.
GSE311294	GSM9322961_TR16_23542	M5_stagate	STAGATE-style	6	gene	EPCAM	seed_11	0.0	0.0	0.0	False	2	0		0		False	False	False	False	no opposite-sign point estimate	Post-review descriptive stratification based on spot-bootstrap intervals; it is not an independent-sample or spatial-dependence-resolved test.
GSE311294	GSM9322961_TR16_23542	M5_stagate	STAGATE-style	6	gene	FAP	seed_11	0.0	0.0	0.0	False	2	0		0		False	False	False	False	no opposite-sign point estimate	Post-review descriptive stratification based on spot-bootstrap intervals; it is not an independent-sample or spatial-dependence-resolved test.
GSE311294	GSM9322961_TR16_23542	M5_stagate	STAGATE-style	6	gene	PTPRC	seed_11	0.0	0.0	0.0	False	2	0		0		False	False	False	False	no opposite-sign point estimate	Post-review descriptive stratification based on spot-bootstrap intervals; it is not an independent-sample or spatial-dependence-resolved test.
GSE311294	GSM9322961_TR16_23542	M5_stagate	STAGATE-style	6	gene	SPP1	seed_11	0.0	0.0	0.0	False	2	0		0		False	False	False	False	no opposite-sign point estimate	Post-review descriptive stratification based on spot-bootstrap intervals; it is not an independent-sample or spatial-dependence-resolved test.
GSE311294	GSM9322961_TR16_23542	M5_stagate	STAGATE-style	6	signature	SIG_CAF_FAP	seed_11	0.3026442771203705	0.2394895104286503	0.3602618699765855	True	2	0		0		False	False	False	False	no opposite-sign point estimate	Post-review descriptive stratification based on spot-bootstrap intervals; it is not an independent-sample or spatial-dependence-resolved test.
GSE311294	GSM9322961_TR16_23542	M5_stagate	STAGATE-style	6	signature	SIG_CYTOTOX	seed_11	0.0	0.0	0.0	False	2	0		0		False	False	False	False	no opposite-sign point estimate	Post-review descriptive stratification based on spot-bootstrap intervals; it is not an independent-sample or spatial-dependence-resolved test.
GSE311294	GSM9322961_TR16_23542	M5_stagate	STAGATE-style	6	signature	SIG_EXCLUSION_CONTRAST	seed_11	0.2209111708717772	0.1696815218513518	0.2856762465691361	True	2	0		0		False	False	False	False	no opposite-sign point estimate	Post-review descriptive stratification based on spot-bootstrap intervals; it is not an independent-sample or spatial-dependence-resolved test.
GSE311294	GSM9322961_TR16_23542	M5_stagate	STAGATE-style	6	signature	SIG_EXCLUSION_TGFB_CXCL12	seed_11	0.0192571045728177	-0.0276606901445136	0.074797628255365	False	2	0		0		False	False	False	False	no opposite-sign point estimate	Post-review descriptive stratification based on spot-bootstrap intervals; it is not an independent-sample or spatial-dependence-resolved test.
GSE311294	GSM9322961_TR16_23542	M5_stagate	STAGATE-style	6	signature	SIG_MY_SPP1	seed_11	0.0	0.0	0.0	False	2	0		0		False	False	False	False	no opposite-sign point estimate	Post-review descriptive stratification based on spot-bootstrap intervals; it is not an independent-sample or spatial-dependence-resolved test.
GSE311294	GSM9322961_TR16_23542	M5_stagate	STAGATE-style	6	signature	SIG_TCELL	seed_11	0.0	0.0	0.0	False	2	0		0		False	False	False	False	no opposite-sign point estimate	Post-review descriptive stratification based on spot-bootstrap intervals; it is not an independent-sample or spatial-dependence-resolved test.
