resource	patient_id	sample_id	arm	method_id	K	partition_id	fit_status	fit_reason	status	reason	n_registered	n_readout_PCA_features	n_full_band_near	n_full_band_far	full_band_delta_score	stroma_mad	n_selected_near	n_selected_far	n_near_blocks	n_far_blocks	tumor_domain	stroma_domain	same_PCA_features	selected_delta_score	abs_deviation_score	abs_deviation_mad	near_retention	far_retention	selected_stroma_fraction	count_only_excess_mad	block_matched_excess_mad	fit_warnings	fit_observed_K	leiden_resolution	count_only_control_median_abs_departure_score	count_only_rng_key	count_only_draws	block_matched_control_median_abs_departure_score	block_matched_rng_key	block_matched_draws	common_evaluable
GSE294385	Patient1	M-ST-13	allowed	M0_expr_kmeans	4	seed_11	success		success		7746	3	483	244	-0.3388764160359691	0.45664052851335346	316	218	16	10	2.0	4.0	False	-0.20732999774622596	0.13154641828974312	0.28807433873206095	0.6542443064182195	0.8934426229508197	0.5971385542168675	0.2436599592866045	0.2354641840281092		4		0.020281405703565847	jbcb-readout-withholding-20261007-v1|GSE294385|M-ST-13|M0_expr_kmeans|4|seed_11|count_only	1000.0	0.024023928849181808	jbcb-readout-withholding-20261007-v1|GSE294385|M-ST-13|M0_expr_kmeans|4|seed_11|block_matched	1000.0	True
GSE294385	Patient1	M-ST-13	allowed	M0_expr_kmeans	4	seed_23	success		success		7746	3	483	244	-0.3388764160359691	0.45664052851335346	316	218	16	10	2.0	4.0	False	-0.20732999774622596	0.13154641828974312	0.28807433873206095	0.6542443064182195	0.8934426229508197	0.5971385542168675	0.24442672393221593	0.23803585379748687		4		0.019931269890548498	jbcb-readout-withholding-20261007-v1|GSE294385|M-ST-13|M0_expr_kmeans|4|seed_23|count_only	1000.0	0.022849600206531373	jbcb-readout-withholding-20261007-v1|GSE294385|M-ST-13|M0_expr_kmeans|4|seed_23|block_matched	1000.0	True
GSE294385	Patient1	M-ST-13	allowed	M0_expr_kmeans	4	seed_37	success		success		7746	3	483	244	-0.3388764160359691	0.45664052851335346	316	218	16	10	2.0	3.0	False	-0.20732999774622596	0.13154641828974312	0.28807433873206095	0.6542443064182195	0.8934426229508197	0.5971385542168675	0.24701773511826958	0.23683585536617788		4		0.01874810917316494	jbcb-readout-withholding-20261007-v1|GSE294385|M-ST-13|M0_expr_kmeans|4|seed_37|count_only	1000.0	0.02339756812441951	jbcb-readout-withholding-20261007-v1|GSE294385|M-ST-13|M0_expr_kmeans|4|seed_37|block_matched	1000.0	True
GSE294385	Patient1	M-ST-13	allowed	M0_expr_kmeans	6	seed_11	success		success		7746	3	483	244	-0.3388764160359691	0.45664052851335346	204	215	12	9	2.0	4.0	False	-0.2114979386021003	0.12737847743386876	0.2789469385220017	0.422360248447205	0.8811475409836066	0.6154545454545455	0.21552609657756283	0.20013458720020932		6		0.028960526784270413	jbcb-readout-withholding-20261007-v1|GSE294385|M-ST-13|M0_expr_kmeans|6|seed_11|count_only	1000.0	0.03598891376096336	jbcb-readout-withholding-20261007-v1|GSE294385|M-ST-13|M0_expr_kmeans|6|seed_11|block_matched	1000.0	True
GSE294385	Patient1	M-ST-13	allowed	M0_expr_kmeans	6	seed_23	success		success		7746	3	483	244	-0.3388764160359691	0.45664052851335346	204	215	12	9	1.0	6.0	False	-0.2114979386021003	0.12737847743386876	0.2789469385220017	0.422360248447205	0.8811475409836066	0.6154545454545455	0.21543282184124704	0.20468947874247517		6		0.029003119809158595	jbcb-readout-withholding-20261007-v1|GSE294385|M-ST-13|M0_expr_kmeans|6|seed_23|count_only	1000.0	0.03390896567978208	jbcb-readout-withholding-20261007-v1|GSE294385|M-ST-13|M0_expr_kmeans|6|seed_23|block_matched	1000.0	True
GSE294385	Patient1	M-ST-13	allowed	M0_expr_kmeans	6	seed_37	success		success		7746	3	483	244	-0.3388764160359691	0.45664052851335346	204	215	12	9	1.0	3.0	False	-0.2114979386021003	0.12737847743386876	0.2789469385220017	0.422360248447205	0.8811475409836066	0.6154545454545455	0.2160221671600519	0.1998345926132952		6		0.028734000851302677	jbcb-readout-withholding-20261007-v1|GSE294385|M-ST-13|M0_expr_kmeans|6|seed_37|count_only	1000.0	0.03612590344768296	jbcb-readout-withholding-20261007-v1|GSE294385|M-ST-13|M0_expr_kmeans|6|seed_37|block_matched	1000.0	True
GSE294385	Patient1	M-ST-13	allowed	M1_spatial_concat_kmeans	4	seed_11	success		success		7746	3	483	244	-0.3388764160359691	0.45664052851335346	316	218	16	10	2.0	3.0	False	-0.20732999774622596	0.13154641828974312	0.28807433873206095	0.6542443064182195	0.8934426229508197	0.5975885455915599	0.244571714698623	0.23786391368423648		4		0.019865061230346814	jbcb-readout-withholding-20261007-v1|GSE294385|M-ST-13|M1_spatial_concat_kmeans|4|seed_11|count_only	1000.0	0.022928115030718677	jbcb-readout-withholding-20261007-v1|GSE294385|M-ST-13|M1_spatial_concat_kmeans|4|seed_11|block_matched	1000.0	True
GSE294385	Patient1	M-ST-13	allowed	M1_spatial_concat_kmeans	4	seed_23	success		success		7746	3	483	244	-0.3388764160359691	0.45664052851335346	316	218	16	10	2.0	4.0	False	-0.20732999774622596	0.13154641828974312	0.28807433873206095	0.6542443064182195	0.8934426229508197	0.5975885455915599	0.2434266362834225	0.23786391368423648		4		0.020387950443053193	jbcb-readout-withholding-20261007-v1|GSE294385|M-ST-13|M1_spatial_concat_kmeans|4|seed_23|count_only	1000.0	0.022928115030718677	jbcb-readout-withholding-20261007-v1|GSE294385|M-ST-13|M1_spatial_concat_kmeans|4|seed_23|block_matched	1000.0	True
GSE294385	Patient1	M-ST-13	allowed	M1_spatial_concat_kmeans	4	seed_37	success		success		7746	3	483	244	-0.3388764160359691	0.45664052851335346	316	218	16	10	3.0	1.0	False	-0.20732999774622596	0.13154641828974312	0.28807433873206095	0.6542443064182195	0.8934426229508197	0.5975885455915599	0.23877541745150296	0.23819042811250116		4		0.022511885468692205	jbcb-readout-withholding-20261007-v1|GSE294385|M-ST-13|M1_spatial_concat_kmeans|4|seed_37|count_only	1000.0	0.02277901530962867	jbcb-readout-withholding-20261007-v1|GSE294385|M-ST-13|M1_spatial_concat_kmeans|4|seed_37|block_matched	1000.0	True
GSE294385	Patient1	M-ST-13	allowed	M1_spatial_concat_kmeans	6	seed_11	success		success		7746	3	483	244	-0.3388764160359691	0.45664052851335346	204	215	12	9	2.0	4.0	False	-0.2114979386021003	0.12737847743386876	0.2789469385220017	0.422360248447205	0.8811475409836066	0.6148955495004541	0.20765886687481602	0.2045791208722724		6		0.03255302271366867	jbcb-readout-withholding-20261007-v1|GSE294385|M-ST-13|M1_spatial_concat_kmeans|6|seed_11|count_only	1000.0	0.03395935955595708	jbcb-readout-withholding-20261007-v1|GSE294385|M-ST-13|M1_spatial_concat_kmeans|6|seed_11|block_matched	1000.0	True
GSE294385	Patient1	M-ST-13	allowed	M1_spatial_concat_kmeans	6	seed_23	success		success		7746	3	483	244	-0.3388764160359691	0.45664052851335346	204	215	12	9	1.0	6.0	False	-0.2114979386021003	0.12737847743386876	0.2789469385220017	0.422360248447205	0.8811475409836066	0.6148955495004541	0.2110629199825257	0.19672027127291156		6		0.030998594103476607	jbcb-readout-withholding-20261007-v1|GSE294385|M-ST-13|M1_spatial_concat_kmeans|6|seed_23|count_only	1000.0	0.037548028790516164	jbcb-readout-withholding-20261007-v1|GSE294385|M-ST-13|M1_spatial_concat_kmeans|6|seed_23|block_matched	1000.0	True
GSE294385	Patient1	M-ST-13	allowed	M1_spatial_concat_kmeans	6	seed_37	success		success		7746	3	483	244	-0.3388764160359691	0.45664052851335346	204	215	12	9	2.0	3.0	False	-0.2114979386021003	0.12737847743386876	0.2789469385220017	0.422360248447205	0.8811475409836066	0.6148955495004541	0.2101016388874195	0.20257216603104194		6		0.03143755401079579	jbcb-readout-withholding-20261007-v1|GSE294385|M-ST-13|M1_spatial_concat_kmeans|6|seed_37|count_only	1000.0	0.03487581647535898	jbcb-readout-withholding-20261007-v1|GSE294385|M-ST-13|M1_spatial_concat_kmeans|6|seed_37|block_matched	1000.0	True
GSE294385	Patient1	M-ST-13	allowed	M2_spatial_ward	4	neighbors_4	success		success		7746	3	483	244	-0.3388764160359691	0.45664052851335346	28	112	4	3	1.0	3.0	False	-0.19889176065817948	0.1399846553777896	0.30655328784224645	0.057971014492753624	0.45901639344262296	0.42540904716073147	0.1178534785259442	0.09927198847942154	the number of connected components of the connectivity matrix is 2 > 1. Completing it to avoid stopping the tree early.	4		0.08616798065656528	jbcb-readout-withholding-20261007-v1|GSE294385|M-ST-13|M2_spatial_ward|4|neighbors_4|count_only	1000.0	0.094653042091975	jbcb-readout-withholding-20261007-v1|GSE294385|M-ST-13|M2_spatial_ward|4|neighbors_4|block_matched	1000.0	True
GSE294385	Patient1	M-ST-13	allowed	M2_spatial_ward	4	neighbors_6	success		not_evaluable	selected_band_support_below_threshold	7746	3	483	244	-0.3388764160359691	0.45664052851335346	16	112	3	3	1.0	3.0	False	0.10182967959437628	0.44070609563034535	0.9651050840036374	0.033126293995859216	0.45901639344262296	0.4169921875			the number of connected components of the connectivity matrix is 2 > 1. Completing it to avoid stopping the tree early.	4								False
GSE294385	Patient1	M-ST-13	allowed	M2_spatial_ward	4	neighbors_8	success		not_evaluable	selected_band_support_below_threshold	7746	3	483	244	-0.3388764160359691	0.45664052851335346	17	111	3	3	1.0	3.0	False	0.041605202210648784	0.38048161824661786	0.8332191176401275	0.035196687370600416	0.45491803278688525	0.4169921875			the number of connected components of the connectivity matrix is 2 > 1. Completing it to avoid stopping the tree early.	4								False
GSE294385	Patient1	M-ST-13	allowed	M2_spatial_ward	6	neighbors_4	success		success		7746	3	483	244	-0.3388764160359691	0.45664052851335346	238	79	6	5	6.0	4.0	False	-0.29373825203275095	0.04513816400321813	0.09884835266412005	0.4927536231884058	0.3237704918032787	0.4781144781144781	-0.006683276971328255	-0.0037132566404059542	the number of connected components of the connectivity matrix is 2 > 1. Completing it to avoid stopping the tree early.	6		0.04819001913160659	jbcb-readout-withholding-20261007-v1|GSE294385|M-ST-13|M2_spatial_ward|6|neighbors_4|count_only	1000.0	0.04683378747799882	jbcb-readout-withholding-20261007-v1|GSE294385|M-ST-13|M2_spatial_ward|6|neighbors_4|block_matched	1000.0	True
GSE294385	Patient1	M-ST-13	allowed	M2_spatial_ward	6	neighbors_6	success		success		7746	3	483	244	-0.3388764160359691	0.45664052851335346	204	71	6	4	6.0	4.0	False	-0.2670835165440981	0.07179289949187095	0.1572197275734616	0.422360248447205	0.29098360655737704	0.5115646258503401	0.031608811557427716	-0.004087826205791204	the number of connected components of the connectivity matrix is 2 > 1. Completing it to avoid stopping the tree early.	6		0.05735903507660817	jbcb-readout-withholding-20261007-v1|GSE294385|M-ST-13|M2_spatial_ward|6|neighbors_6|count_only	1000.0	0.07365956661095419	jbcb-readout-withholding-20261007-v1|GSE294385|M-ST-13|M2_spatial_ward|6|neighbors_6|block_matched	1000.0	True
GSE294385	Patient1	M-ST-13	allowed	M2_spatial_ward	6	neighbors_8	success		success		7746	3	483	244	-0.3388764160359691	0.45664052851335346	244	80	6	5	6.0	4.0	False	-0.2707584576536508	0.06811795838231827	0.1491719506459145	0.505175983436853	0.32786885245901637	0.49265536723163844	0.0356946603772305	0.04994305013797305	the number of connected components of the connectivity matrix is 2 > 1. Completing it to avoid stopping the tree early.	6		0.051818329802555074	jbcb-readout-withholding-20261007-v1|GSE294385|M-ST-13|M2_spatial_ward|6|neighbors_8|count_only	1000.0	0.04531193757174534	jbcb-readout-withholding-20261007-v1|GSE294385|M-ST-13|M2_spatial_ward|6|neighbors_8|block_matched	1000.0	True
GSE294385	Patient1	M-ST-13	allowed	M3_spatial_leiden	4	seed_11	success		success		7746	3	483	244	-0.3388764160359691	0.45664052851335346	202	149	6	6	4.0	3.0	False	-0.37948374226929915	0.04060732623333008	0.0889262421921505	0.41821946169772256	0.610655737704918	0.413265306122449	0.00040813533534787415	0.04925401460495764		4	0.05	0.04042095509809185	jbcb-readout-withholding-20261007-v1|GSE294385|M-ST-13|M3_spatial_leiden|4|seed_11|count_only	1000.0	0.01811594697271779	jbcb-readout-withholding-20261007-v1|GSE294385|M-ST-13|M3_spatial_leiden|4|seed_11|block_matched	1000.0	True
GSE294385	Patient1	M-ST-13	allowed	M3_spatial_leiden	4	seed_23	success		success		7746	3	483	244	-0.3388764160359691	0.45664052851335346	162	133	4	4	4.0	3.0	False	-0.35402902591497587	0.015152609879006795	0.03318279682343984	0.33540372670807456	0.5450819672131147	0.41735800893426933	-0.06246479500842719	-0.010581372866372448		4	0.05	0.04367656688513327	jbcb-readout-withholding-20261007-v1|GSE294385|M-ST-13|M3_spatial_leiden|4|seed_23|count_only	1000.0	0.019984493577103968	jbcb-readout-withholding-20261007-v1|GSE294385|M-ST-13|M3_spatial_leiden|4|seed_23|block_matched	1000.0	True
GSE294385	Patient1	M-ST-13	allowed	M3_spatial_leiden	4	seed_37	success		success		7746	3	483	244	-0.3388764160359691	0.45664052851335346	164	128	4	4	4.0	3.0	False	-0.3061116021473991	0.03276481388857	0.07175187448919541	0.33954451345755693	0.5245901639344263	0.4151185137732223	-0.01818520880705589	0.03798179951212028		4	0.05	0.04106891724934969	jbcb-readout-withholding-20261007-v1|GSE294385|M-ST-13|M3_spatial_leiden|4|seed_37|count_only	1000.0	0.015420784885467165	jbcb-readout-withholding-20261007-v1|GSE294385|M-ST-13|M3_spatial_leiden|4|seed_37|block_matched	1000.0	True
GSE294385	Patient1	M-ST-13	allowed	M3_spatial_leiden	6	seed_11	success		success		7746	3	483	244	-0.3388764160359691	0.45664052851335346	143	118	4	4	1.0	2.0	False	-0.4483150093417134	0.10943859330574435	0.23966027207885918	0.29606625258799174	0.48360655737704916	0.3929521276595745	0.13581290832394013	0.18064699652857558		6	0.07071067811865477	0.0474209150697647	jbcb-readout-withholding-20261007-v1|GSE294385|M-ST-13|M3_spatial_leiden|6|seed_11|count_only	1000.0	0.02694785333658567	jbcb-readout-withholding-20261007-v1|GSE294385|M-ST-13|M3_spatial_leiden|6|seed_11|block_matched	1000.0	True
GSE294385	Patient1	M-ST-13	allowed	M3_spatial_leiden	6	seed_23	success		success		7746	3	483	244	-0.3388764160359691	0.45664052851335346	151	124	4	4	1.0	2.0	False	-0.39623431784888963	0.05735790181292055	0.12560843427467092	0.31262939958592134	0.5081967213114754	0.40326797385620916	0.030179363127239987	0.06387102897230522		6	0.07071067811865477	0.043576781484301275	jbcb-readout-withholding-20261007-v1|GSE294385|M-ST-13|M3_spatial_leiden|6|seed_23|count_only	1000.0	0.028191801386315385	jbcb-readout-withholding-20261007-v1|GSE294385|M-ST-13|M3_spatial_leiden|6|seed_23|block_matched	1000.0	True
GSE294385	Patient1	M-ST-13	allowed	M3_spatial_leiden	6	seed_37	success		success		7746	3	483	244	-0.3388764160359691	0.45664052851335346	164	143	4	5	1.0	2.0	False	-0.39269754557257186	0.053821129536602785	0.11786323415449731	0.33954451345755693	0.5860655737704918	0.42234848484848486	0.02661822501641103	0.060705381544869555		6	0.07071067811865477	0.041666169197021485	jbcb-readout-withholding-20261007-v1|GSE294385|M-ST-13|M3_spatial_leiden|6|seed_37|count_only	1000.0	0.02610059202434878	jbcb-readout-withholding-20261007-v1|GSE294385|M-ST-13|M3_spatial_leiden|6|seed_37|block_matched	1000.0	True
GSE294385	Patient1	M-ST-13	withheld	M0_expr_kmeans	4	seed_11	success		success		7746	0	483	244	-0.3388764160359691	0.45664052851335346	314	218	16	9	3.0	1.0	False	-0.20700858338613592	0.13186783264983315	0.28877820608508903	0.650103519668737	0.8934426229508197	0.5977358490566038	0.2431998677477014	0.23204773713447494		4		0.02081291650714512	jbcb-readout-withholding-20261007-v1|GSE294385|M-ST-13|M0_expr_kmeans|4|seed_11|count_only	1000.0	0.025905431324418804	jbcb-readout-withholding-20261007-v1|GSE294385|M-ST-13|M0_expr_kmeans|4|seed_11|block_matched	1000.0	True
GSE294385	Patient1	M-ST-13	withheld	M0_expr_kmeans	4	seed_23	success		success		7746	0	483	244	-0.3388764160359691	0.45664052851335346	314	218	16	9	2.0	3.0	False	-0.20700858338613592	0.13186783264983315	0.28877820608508903	0.650103519668737	0.8934426229508197	0.5977358490566038	0.2452406719381555	0.23827303138362374		4		0.01988100260302389	jbcb-readout-withholding-20261007-v1|GSE294385|M-ST-13|M0_expr_kmeans|4|seed_23|count_only	1000.0	0.023062709668336345	jbcb-readout-withholding-20261007-v1|GSE294385|M-ST-13|M0_expr_kmeans|4|seed_23|block_matched	1000.0	True
GSE294385	Patient1	M-ST-13	withheld	M0_expr_kmeans	4	seed_37	success		success		7746	0	483	244	-0.3388764160359691	0.45664052851335346	314	218	16	9	3.0	1.0	False	-0.20700858338613592	0.13186783264983315	0.28877820608508903	0.650103519668737	0.8934426229508197	0.5977358490566038	0.2424612581098221	0.23524870572310655		4		0.02115019560255138	jbcb-readout-withholding-20261007-v1|GSE294385|M-ST-13|M0_expr_kmeans|4|seed_37|count_only	1000.0	0.02444373933635141	jbcb-readout-withholding-20261007-v1|GSE294385|M-ST-13|M0_expr_kmeans|4|seed_37|block_matched	1000.0	True
GSE294385	Patient1	M-ST-13	withheld	M0_expr_kmeans	6	seed_11	success		success		7746	0	483	244	-0.3388764160359691	0.45664052851335346	204	217	12	9	1.0	3.0	False	-0.2114979386021003	0.12737847743386876	0.2789469385220017	0.422360248447205	0.889344262295082	0.614687216681777	0.21273994916636882	0.19919897038172016		6		0.03023279461063416	jbcb-readout-withholding-20261007-v1|GSE294385|M-ST-13|M0_expr_kmeans|6|seed_11|count_only	1000.0	0.03641615431944423	jbcb-readout-withholding-20261007-v1|GSE294385|M-ST-13|M0_expr_kmeans|6|seed_11|block_matched	1000.0	True
GSE294385	Patient1	M-ST-13	withheld	M0_expr_kmeans	6	seed_23	success		success		7746	0	483	244	-0.3388764160359691	0.45664052851335346	204	216	12	9	1.0	4.0	False	-0.21590483566955054	0.12297158036641853	0.26929624658320817	0.422360248447205	0.8852459016393442	0.6152450090744102	0.2046833998125339	0.18948863049269218		6		0.029504844498113025	jbcb-readout-withholding-20261007-v1|GSE294385|M-ST-13|M0_expr_kmeans|6|seed_23|count_only	1000.0	0.036443391990964025	jbcb-readout-withholding-20261007-v1|GSE294385|M-ST-13|M0_expr_kmeans|6|seed_23|block_matched	1000.0	True
GSE294385	Patient1	M-ST-13	withheld	M0_expr_kmeans	6	seed_37	success		success		7746	0	483	244	-0.3388764160359691	0.45664052851335346	204	216	12	9	4.0	5.0	False	-0.21590483566955054	0.12297158036641853	0.26929624658320817	0.422360248447205	0.8852459016393442	0.6152450090744102	0.20359902953924844	0.19045835120511778		6		0.030000011912810265	jbcb-readout-withholding-20261007-v1|GSE294385|M-ST-13|M0_expr_kmeans|6|seed_37|count_only	1000.0	0.03600057821233166	jbcb-readout-withholding-20261007-v1|GSE294385|M-ST-13|M0_expr_kmeans|6|seed_37|block_matched	1000.0	True
GSE294385	Patient1	M-ST-13	withheld	M1_spatial_concat_kmeans	4	seed_11	success		success		7746	0	483	244	-0.3388764160359691	0.45664052851335346	314	218	16	9	2.0	3.0	False	-0.20700858338613592	0.13186783264983315	0.28877820608508903	0.650103519668737	0.8934426229508197	0.5989425981873112	0.24413050363645059	0.23510258610078666		4		0.020387950443053193	jbcb-readout-withholding-20261007-v1|GSE294385|M-ST-13|M1_spatial_concat_kmeans|4|seed_11|count_only	1000.0	0.024510463477913746	jbcb-readout-withholding-20261007-v1|GSE294385|M-ST-13|M1_spatial_concat_kmeans|4|seed_11|block_matched	1000.0	True
GSE294385	Patient1	M-ST-13	withheld	M1_spatial_concat_kmeans	4	seed_23	success		success		7746	0	483	244	-0.3388764160359691	0.45664052851335346	314	218	16	9	2.0	3.0	False	-0.20700858338613592	0.13186783264983315	0.28877820608508903	0.650103519668737	0.8934426229508197	0.5989425981873112	0.24396875315263028	0.2347578223742364		4		0.02046181226947219	jbcb-readout-withholding-20261007-v1|GSE294385|M-ST-13|M1_spatial_concat_kmeans|4|seed_23|count_only	1000.0	0.024667896568217884	jbcb-readout-withholding-20261007-v1|GSE294385|M-ST-13|M1_spatial_concat_kmeans|4|seed_23|block_matched	1000.0	True
GSE294385	Patient1	M-ST-13	withheld	M1_spatial_concat_kmeans	4	seed_37	success		success		7746	0	483	244	-0.3388764160359691	0.45664052851335346	314	218	16	9	2.0	1.0	False	-0.20700858338613592	0.13186783264983315	0.28877820608508903	0.650103519668737	0.8934426229508197	0.5986394557823129	0.24359886211459594	0.2351361222348894		4		0.020630719508572537	jbcb-readout-withholding-20261007-v1|GSE294385|M-ST-13|M1_spatial_concat_kmeans|4|seed_37|count_only	1000.0	0.024495149519912773	jbcb-readout-withholding-20261007-v1|GSE294385|M-ST-13|M1_spatial_concat_kmeans|4|seed_37|block_matched	1000.0	True
GSE294385	Patient1	M-ST-13	withheld	M1_spatial_concat_kmeans	6	seed_11	success		success		7746	0	483	244	-0.3388764160359691	0.45664052851335346	204	217	12	9	2.0	1.0	False	-0.2114979386021003	0.12737847743386876	0.2789469385220017	0.422360248447205	0.889344262295082	0.615036231884058	0.2142420361542373	0.2086546204044781		6		0.02954688081462087	jbcb-readout-withholding-20261007-v1|GSE294385|M-ST-13|M1_spatial_concat_kmeans|6|seed_11|count_only	1000.0	0.03209832129561474	jbcb-readout-withholding-20261007-v1|GSE294385|M-ST-13|M1_spatial_concat_kmeans|6|seed_11|block_matched	1000.0	True
GSE294385	Patient1	M-ST-13	withheld	M1_spatial_concat_kmeans	6	seed_23	success		success		7746	0	483	244	-0.3388764160359691	0.45664052851335346	204	217	12	9	5.0	1.0	False	-0.2114979386021003	0.12737847743386876	0.2789469385220017	0.422360248447205	0.889344262295082	0.6152450090744102	0.21449448047528694	0.1994091761029335		6		0.02943160450643656	jbcb-readout-withholding-20261007-v1|GSE294385|M-ST-13|M1_spatial_concat_kmeans|6|seed_23|count_only	1000.0	0.03632016586781284	jbcb-readout-withholding-20261007-v1|GSE294385|M-ST-13|M1_spatial_concat_kmeans|6|seed_23|block_matched	1000.0	True
GSE294385	Patient1	M-ST-13	withheld	M1_spatial_concat_kmeans	6	seed_37	success		success		7746	0	483	244	-0.3388764160359691	0.45664052851335346	204	217	12	9	3.0	1.0	False	-0.2114979386021003	0.12737847743386876	0.2789469385220017	0.422360248447205	0.889344262295082	0.6152450090744102	0.20366020876187652	0.20952963872290759		6		0.03437897206770557	jbcb-readout-withholding-20261007-v1|GSE294385|M-ST-13|M1_spatial_concat_kmeans|6|seed_37|count_only	1000.0	0.03169875246822823	jbcb-readout-withholding-20261007-v1|GSE294385|M-ST-13|M1_spatial_concat_kmeans|6|seed_37|block_matched	1000.0	True
GSE294385	Patient1	M-ST-13	withheld	M2_spatial_ward	4	neighbors_4	success		success		7746	0	483	244	-0.3388764160359691	0.45664052851335346	28	113	4	3	1.0	3.0	False	-0.1939865697620009	0.14488984627396817	0.3172951966083124	0.057971014492753624	0.46311475409836067	0.42706333973128596	0.13241532330494418	0.11443740188595831	the number of connected components of the connectivity matrix is 2 > 1. Completing it to avoid stopping the tree early.	4		0.08442364305673189	jbcb-readout-withholding-20261007-v1|GSE294385|M-ST-13|M2_spatial_ward|4|neighbors_4|count_only	1000.0	0.09263309059506913	jbcb-readout-withholding-20261007-v1|GSE294385|M-ST-13|M2_spatial_ward|4|neighbors_4|block_matched	1000.0	True
GSE294385	Patient1	M-ST-13	withheld	M2_spatial_ward	4	neighbors_6	success		success		7746	0	483	244	-0.3388764160359691	0.45664052851335346	224	183	6	6	3.0	1.0	False	-0.3613718675008123	0.02249545146484322	0.049262932350923355	0.463768115942029	0.75	0.4574829931972789	-0.025898013018118417	0.011259953388140223	the number of connected components of the connectivity matrix is 2 > 1. Completing it to avoid stopping the tree early.	4		0.03432153381688252	jbcb-readout-withholding-20261007-v1|GSE294385|M-ST-13|M2_spatial_ward|4|neighbors_6|count_only	1000.0	0.017353700398647143	jbcb-readout-withholding-20261007-v1|GSE294385|M-ST-13|M2_spatial_ward|4|neighbors_6|block_matched	1000.0	False
GSE294385	Patient1	M-ST-13	withheld	M2_spatial_ward	4	neighbors_8	success		success		7746	0	483	244	-0.3388764160359691	0.45664052851335346	261	191	6	6	3.0	1.0	False	-0.2990546593329123	0.039821756703056765	0.08720591847749726	0.5403726708074534	0.7827868852459017	0.45206914614981664	0.024092814660709932	0.08153437250649359	the number of connected components of the connectivity matrix is 2 > 1. Completing it to avoid stopping the tree early.	4		0.02882000108301591	jbcb-readout-withholding-20261007-v1|GSE294385|M-ST-13|M2_spatial_ward|4|neighbors_8|count_only	1000.0	0.002589857749686897	jbcb-readout-withholding-20261007-v1|GSE294385|M-ST-13|M2_spatial_ward|4|neighbors_8|block_matched	1000.0	False
GSE294385	Patient1	M-ST-13	withheld	M2_spatial_ward	6	neighbors_4	success		success		7746	0	483	244	-0.3388764160359691	0.45664052851335346	238	78	6	4	6.0	4.0	False	-0.2975620715619569	0.041314344474012166	0.0904745459377332	0.4927536231884058	0.319672131147541	0.47635135135135137	-0.027101720822471777	-0.008754354570208229	the number of connected components of the connectivity matrix is 2 > 1. Completing it to avoid stopping the tree early.	6		0.053690088594007035	jbcb-readout-withholding-20261007-v1|GSE294385|M-ST-13|M2_spatial_ward|6|neighbors_4|count_only	1000.0	0.04531193757174534	jbcb-readout-withholding-20261007-v1|GSE294385|M-ST-13|M2_spatial_ward|6|neighbors_4|block_matched	1000.0	True
GSE294385	Patient1	M-ST-13	withheld	M2_spatial_ward	6	neighbors_6	success		success		7746	0	483	244	-0.3388764160359691	0.45664052851335346	221	162	6	6	6.0	1.0	False	-0.2960335677199537	0.04284284831601537	0.09382182623056973	0.4575569358178054	0.6639344262295082	0.6326530612244898	0.014986840652144473	0.06856981420708977	the number of connected components of the connectivity matrix is 2 > 1. Completing it to avoid stopping the tree early.	6		0.035999249479874706	jbcb-readout-withholding-20261007-v1|GSE294385|M-ST-13|M2_spatial_ward|6|neighbors_6|count_only	1000.0	0.011531092116427444	jbcb-readout-withholding-20261007-v1|GSE294385|M-ST-13|M2_spatial_ward|6|neighbors_6|block_matched	1000.0	True
GSE294385	Patient1	M-ST-13	withheld	M2_spatial_ward	6	neighbors_8	success		success		7746	0	483	244	-0.3388764160359691	0.45664052851335346	189	170	6	6	3.0	4.0	False	-0.19885903146606587	0.1400173845699032	0.30662496170838394	0.391304347826087	0.6967213114754098	0.6978085351787774	0.22270876929361308	0.2578153411249349	the number of connected components of the connectivity matrix is 2 > 1. Completing it to avoid stopping the tree early.	6		0.038319534455109217	jbcb-readout-withholding-20261007-v1|GSE294385|M-ST-13|M2_spatial_ward|6|neighbors_8|count_only	1000.0	0.022288450939762394	jbcb-readout-withholding-20261007-v1|GSE294385|M-ST-13|M2_spatial_ward|6|neighbors_8|block_matched	1000.0	True
GSE294385	Patient1	M-ST-13	withheld	M3_spatial_leiden	4	seed_11	success		success		7746	0	483	244	-0.3388764160359691	0.45664052851335346	295	152	8	7	1.0	3.0	False	-0.29899893186962556	0.03987748416634351	0.0873279564040654	0.6107660455486542	0.6229508196721312	0.356937248128958	0.020518316051927065	0.06207594438058544		4	0.05	0.030507989480187514	jbcb-readout-withholding-20261007-v1|GSE294385|M-ST-13|M3_spatial_leiden|4|seed_11|count_only	1000.0	0.011531092116427444	jbcb-readout-withholding-20261007-v1|GSE294385|M-ST-13|M3_spatial_leiden|4|seed_11|block_matched	1000.0	True
GSE294385	Patient1	M-ST-13	withheld	M3_spatial_leiden	4	seed_23	success		success		7746	0	483	244	-0.3388764160359691	0.45664052851335346	174	137	5	4	4.0	3.0	False	-0.3390505899663332	0.00017417393036411877	0.00038142459875640546	0.36024844720496896	0.5614754098360656	0.41502463054187194	-0.0913847056746761	-0.05023272825588708		4	0.03976353643835254	0.04190413422768546	jbcb-readout-withholding-20261007-v1|GSE294385|M-ST-13|M3_spatial_leiden|4|seed_23|count_only	1000.0	0.023112473509800058	jbcb-readout-withholding-20261007-v1|GSE294385|M-ST-13|M3_spatial_leiden|4|seed_23|block_matched	1000.0	True
GSE294385	Patient1	M-ST-13	withheld	M3_spatial_leiden	4	seed_37	success		success		7746	0	483	244	-0.3388764160359691	0.45664052851335346	157	125	4	4	4.0	3.0	False	-0.35776113297667433	0.01888471694070526	0.041355761833463754	0.3250517598343685	0.5122950819672131	0.40829552819183407	-0.05917173064583524	-0.006915604950753914		4	0.05	0.04590492729586926	jbcb-readout-withholding-20261007-v1|GSE294385|M-ST-13|M3_spatial_leiden|4|seed_37|count_only	1000.0	0.02204266244040709	jbcb-readout-withholding-20261007-v1|GSE294385|M-ST-13|M3_spatial_leiden|4|seed_37|block_matched	1000.0	True
GSE294385	Patient1	M-ST-13	withheld	M3_spatial_leiden	6	seed_11	success		success		7746	0	483	244	-0.3388764160359691	0.45664052851335346	158	127	4	4	1.0	2.0	False	-0.3442699274660399	0.00539351143007083	0.011811285011494787	0.32712215320910976	0.5204918032786885	0.41134751773049644	-0.08525257877663324	-0.022289203358683916		6	0.1	0.04432329405975893	jbcb-readout-withholding-20261007-v1|GSE294385|M-ST-13|M3_spatial_leiden|6|seed_11|count_only	1000.0	0.015571665031921866	jbcb-readout-withholding-20261007-v1|GSE294385|M-ST-13|M3_spatial_leiden|6|seed_11|block_matched	1000.0	True
GSE294385	Patient1	M-ST-13	withheld	M3_spatial_leiden	6	seed_23	success		success		7746	0	483	244	-0.3388764160359691	0.45664052851335346	151	124	4	4	1.0	2.0	False	-0.39623431784888963	0.05735790181292055	0.12560843427467092	0.31262939958592134	0.5081967213114754	0.40326797385620916	0.030179363127239987	0.06387102897230522		6	0.08408964152537146	0.043576781484301275	jbcb-readout-withholding-20261007-v1|GSE294385|M-ST-13|M3_spatial_leiden|6|seed_23|count_only	1000.0	0.028191801386315385	jbcb-readout-withholding-20261007-v1|GSE294385|M-ST-13|M3_spatial_leiden|6|seed_23|block_matched	1000.0	True
GSE294385	Patient1	M-ST-13	withheld	M3_spatial_leiden	6	seed_37	success		success		7746	0	483	244	-0.3388764160359691	0.45664052851335346	169	144	5	5	1.0	2.0	False	-0.40636434564759305	0.06748792961162398	0.1477922466307115	0.3498964803312629	0.5901639344262295	0.4232209737827715	0.05812957741562069	0.09037613114072902		6	0.07071067811865477	0.04094360865829705	jbcb-readout-withholding-20261007-v1|GSE294385|M-ST-13|M3_spatial_leiden|6|seed_37|count_only	1000.0	0.02621852532252933	jbcb-readout-withholding-20261007-v1|GSE294385|M-ST-13|M3_spatial_leiden|6|seed_37|block_matched	1000.0	True
GSE294385	Patient6	M-ST-15	allowed	M0_expr_kmeans	4	seed_11	success		success		9530	3	291	84	-0.923682539963862	0.5533058995270252	79	71	18	9	3.0	4.0	False	-0.32319253576228957	0.6004900042015724	1.085276706275644	0.27147766323024053	0.8452380952380952	0.07984934086629002	0.9909949762334711	0.2938466277245117		4		0.05216663744994865	jbcb-readout-withholding-20261007-v1|GSE294385|M-ST-15|M0_expr_kmeans|4|seed_11|count_only	1000.0	0.43790293152547854	jbcb-readout-withholding-20261007-v1|GSE294385|M-ST-15|M0_expr_kmeans|4|seed_11|block_matched	1000.0	True
GSE294385	Patient6	M-ST-15	allowed	M0_expr_kmeans	4	seed_23	success		success		9530	3	291	84	-0.923682539963862	0.5533058995270252	80	71	18	9	1.0	2.0	False	-0.3277083672149952	0.5959741727488668	1.077115160453404	0.27491408934707906	0.8452380952380952	0.080105302745393	0.9934110563219719	0.29082479517673476		4		0.04631397463054576	jbcb-readout-withholding-20261007-v1|GSE294385|M-ST-15|M0_expr_kmeans|4|seed_23|count_only	1000.0	0.43505909784884067	jbcb-readout-withholding-20261007-v1|GSE294385|M-ST-15|M0_expr_kmeans|4|seed_23|block_matched	1000.0	True
GSE294385	Patient6	M-ST-15	allowed	M0_expr_kmeans	4	seed_37	success		success		9530	3	291	84	-0.923682539963862	0.5533058995270252	80	71	18	9	3.0	1.0	False	-0.3277083672149952	0.5959741727488668	1.077115160453404	0.27491408934707906	0.8452380952380952	0.08016560030109146	0.9818483166867303	0.296099321035844		4		0.05271170668541991	jbcb-readout-withholding-20261007-v1|GSE294385|M-ST-15|M0_expr_kmeans|4|seed_37|count_only	1000.0	0.43214067157378766	jbcb-readout-withholding-20261007-v1|GSE294385|M-ST-15|M0_expr_kmeans|4|seed_37|block_matched	1000.0	True
GSE294385	Patient6	M-ST-15	allowed	M0_expr_kmeans	6	seed_11	success		not_evaluable	selected_band_support_below_threshold	9530	3	291	84	-0.923682539963862	0.5533058995270252	104	4	14	1	5.0	2.0	False	-0.26911395488958645	0.6545685850742755	1.183013927076887	0.35738831615120276	0.047619047619047616	0.1754636233951498				6								False
GSE294385	Patient6	M-ST-15	allowed	M0_expr_kmeans	6	seed_23	success		not_evaluable	selected_band_support_below_threshold	9530	3	291	84	-0.923682539963862	0.5533058995270252	104	4	14	1	6.0	3.0	False	-0.26911395488958645	0.6545685850742755	1.183013927076887	0.35738831615120276	0.047619047619047616	0.1754636233951498				6								False
GSE294385	Patient6	M-ST-15	allowed	M0_expr_kmeans	6	seed_37	success		not_evaluable	selected_band_support_below_threshold	9530	3	291	84	-0.923682539963862	0.5533058995270252	104	4	14	1	6.0	2.0	False	-0.26911395488958645	0.6545685850742755	1.183013927076887	0.35738831615120276	0.047619047619047616	0.1754636233951498				6								False
GSE294385	Patient6	M-ST-15	allowed	M1_spatial_concat_kmeans	4	seed_11	success		success		9530	3	291	84	-0.923682539963862	0.5533058995270252	79	70	18	9	2.0	3.0	False	-0.32314990659828124	0.6005326333655807	1.0853537507532915	0.27147766323024053	0.8333333333333334	0.07947269303201507	0.9949239987970686	0.2933426386394919		4		0.05003531525014371	jbcb-readout-withholding-20261007-v1|GSE294385|M-ST-15|M1_spatial_concat_kmeans|4|seed_11|count_only	1000.0	0.43822442082352553	jbcb-readout-withholding-20261007-v1|GSE294385|M-ST-15|M1_spatial_concat_kmeans|4|seed_11|block_matched	1000.0	True
GSE294385	Patient6	M-ST-15	allowed	M1_spatial_concat_kmeans	4	seed_23	success		success		9530	3	291	84	-0.923682539963862	0.5533058995270252	79	70	18	9	1.0	4.0	False	-0.32314990659828124	0.6005326333655807	1.0853537507532915	0.27147766323024053	0.8333333333333334	0.07947269303201507	0.9964806450781517	0.2933426386394919		4		0.0491740136793436	jbcb-readout-withholding-20261007-v1|GSE294385|M-ST-15|M1_spatial_concat_kmeans|4|seed_23|count_only	1000.0	0.43822442082352553	jbcb-readout-withholding-20261007-v1|GSE294385|M-ST-15|M1_spatial_concat_kmeans|4|seed_23|block_matched	1000.0	True
GSE294385	Patient6	M-ST-15	allowed	M1_spatial_concat_kmeans	4	seed_37	success		success		9530	3	291	84	-0.923682539963862	0.5533058995270252	79	70	18	9	3.0	1.0	False	-0.32314990659828124	0.6005326333655807	1.0853537507532915	0.27147766323024053	0.8333333333333334	0.07947269303201507	1.0012002100008157	0.2933426386394919		4		0.04656265056443276	jbcb-readout-withholding-20261007-v1|GSE294385|M-ST-15|M1_spatial_concat_kmeans|4|seed_37|count_only	1000.0	0.43822442082352553	jbcb-readout-withholding-20261007-v1|GSE294385|M-ST-15|M1_spatial_concat_kmeans|4|seed_37|block_matched	1000.0	True
GSE294385	Patient6	M-ST-15	allowed	M1_spatial_concat_kmeans	6	seed_11	success		not_evaluable	selected_band_support_below_threshold	9530	3	291	84	-0.923682539963862	0.5533058995270252	104	4	14	1	4.0	3.0	False	-0.26911395488958645	0.6545685850742755	1.183013927076887	0.35738831615120276	0.047619047619047616	0.1752136752136752				6								False
GSE294385	Patient6	M-ST-15	allowed	M1_spatial_concat_kmeans	6	seed_23	success		not_evaluable	selected_band_support_below_threshold	9530	3	291	84	-0.923682539963862	0.5533058995270252	104	4	14	1	6.0	1.0	False	-0.26911395488958645	0.6545685850742755	1.183013927076887	0.35738831615120276	0.047619047619047616	0.1754636233951498				6								False
GSE294385	Patient6	M-ST-15	allowed	M1_spatial_concat_kmeans	6	seed_37	success		not_evaluable	selected_band_support_below_threshold	9530	3	291	84	-0.923682539963862	0.5533058995270252	104	4	14	1	4.0	2.0	False	-0.26911395488958645	0.6545685850742755	1.183013927076887	0.35738831615120276	0.047619047619047616	0.17496443812233287				6								False
GSE294385	Patient6	M-ST-15	allowed	M2_spatial_ward	4	neighbors_4	success		not_evaluable	selected_band_support_below_threshold	9530	3	291	84	-0.923682539963862	0.5533058995270252	51	8	3	1	2.0	3.0	False	-0.40750857881370295	0.516173961150159	0.93289076005044	0.17525773195876287	0.09523809523809523	0.09054593874833555				4								False
GSE294385	Patient6	M-ST-15	allowed	M2_spatial_ward	4	neighbors_6	success		not_evaluable	selected_band_support_below_threshold	9530	3	291	84	-0.923682539963862	0.5533058995270252	130	8	11	1	4.0	1.0	False	-0.41974703743273933	0.5039355025311226	0.9107719671196255	0.44673539518900346	0.09523809523809523	0.0859822824387702				4								False
GSE294385	Patient6	M-ST-15	allowed	M2_spatial_ward	4	neighbors_8	success		not_evaluable	selected_band_support_below_threshold	9530	3	291	84	-0.923682539963862	0.5533058995270252	115	0	11	0	4.0	2.0	False				0.3951890034364261	0.0	0.0690968443960827				4								False
GSE294385	Patient6	M-ST-15	allowed	M2_spatial_ward	6	neighbors_4	success		not_evaluable	selected_band_support_below_threshold	9530	3	291	84	-0.923682539963862	0.5533058995270252	57	12	8	2	5.0	6.0	False	-0.8191498560867163	0.10453268387714565	0.1889238556221827	0.1958762886597938	0.14285714285714285	0.10446009389671361				6								False
GSE294385	Patient6	M-ST-15	allowed	M2_spatial_ward	6	neighbors_6	success		not_evaluable	selected_band_support_below_threshold	9530	3	291	84	-0.923682539963862	0.5533058995270252	87	8	8	1	5.0	2.0	False	-0.5549760826774526	0.3687064572864094	0.6663700090701826	0.29896907216494845	0.09523809523809523	0.08754716981132075				6								False
GSE294385	Patient6	M-ST-15	allowed	M2_spatial_ward	6	neighbors_8	success		not_evaluable	selected_band_support_below_threshold	9530	3	291	84	-0.923682539963862	0.5533058995270252	58	14	9	3	4.0	6.0	False	-0.9610957869292401	0.03741324696537818	0.0676176541716971	0.19931271477663232	0.16666666666666666	0.09064885496183206				6								False
GSE294385	Patient6	M-ST-15	allowed	M3_spatial_leiden	4	seed_11	success		not_evaluable	selected_band_support_below_threshold	9530	3	291	84	-0.923682539963862	0.5533058995270252	116	8	7	1	4.0	3.0	False	-0.2668030402343171	0.6568794997295448	1.1871904859338316	0.39862542955326463	0.09523809523809523	0.05766192733017378				4	0.05							False
GSE294385	Patient6	M-ST-15	allowed	M3_spatial_leiden	4	seed_23	success		not_evaluable	selected_band_support_below_threshold	9530	3	291	84	-0.923682539963862	0.5533058995270252	118	9	8	2	4.0	3.0	False	-0.27153507458560566	0.6521474653782563	1.1786381926086862	0.4054982817869416	0.10714285714285714	0.060144346431435444				4	0.05							False
GSE294385	Patient6	M-ST-15	allowed	M3_spatial_leiden	4	seed_37	success		not_evaluable	selected_band_support_below_threshold	9530	3	291	84	-0.923682539963862	0.5533058995270252	111	9	8	2	4.0	3.0	False	-0.2599553465912785	0.6637271933725835	1.1995664494811065	0.38144329896907214	0.10714285714285714	0.06331976481230213				4	0.05							False
GSE294385	Patient6	M-ST-15	allowed	M3_spatial_leiden	6	seed_11	success		not_evaluable	selected_band_support_below_threshold	9530	3	291	84	-0.923682539963862	0.5533058995270252	108	12	7	2	6.0	3.0	False	-0.7737181927919075	0.1499643471719545	0.27103334213523916	0.3711340206185567	0.14285714285714285	0.08303886925795052				6	0.08408964152537146							False
GSE294385	Patient6	M-ST-15	allowed	M3_spatial_leiden	6	seed_23	success		not_evaluable	selected_band_support_below_threshold	9530	3	291	84	-0.923682539963862	0.5533058995270252	113	8	7	1	5.0	3.0	False	-0.2677591530346305	0.6559233869292315	1.1854624855616491	0.38831615120274915	0.09523809523809523	0.08111174134997164				6	0.07071067811865477							False
GSE294385	Patient6	M-ST-15	allowed	M3_spatial_leiden	6	seed_37	success		success		9530	3	291	84	-0.923682539963862	0.5533058995270252	34	30	3	4	6.0	4.0	False	-0.3599343574732621	0.5637481824905999	1.018872531401709	0.11683848797250859	0.35714285714285715	0.0734375	0.8647563362101751	0.028913839225577664		6	0.07711054127039706	0.08527340001213424	jbcb-readout-withholding-20261007-v1|GSE294385|M-ST-15|M3_spatial_leiden|6|seed_37|count_only	1000.0	0.5477499846691118	jbcb-readout-withholding-20261007-v1|GSE294385|M-ST-15|M3_spatial_leiden|6|seed_37|block_matched	1000.0	False
GSE294385	Patient6	M-ST-15	withheld	M0_expr_kmeans	4	seed_11	success		success		9530	0	291	84	-0.923682539963862	0.5533058995270252	80	71	18	9	3.0	4.0	False	-0.3277083672149952	0.5959741727488668	1.077115160453404	0.27491408934707906	0.8452380952380952	0.08066339992461365	0.9860554698637785	0.29499437787421584		4		0.050383864012345236	jbcb-readout-withholding-20261007-v1|GSE294385|M-ST-15|M0_expr_kmeans|4|seed_11|count_only	1000.0	0.4327520431437586	jbcb-readout-withholding-20261007-v1|GSE294385|M-ST-15|M0_expr_kmeans|4|seed_11|block_matched	1000.0	True
GSE294385	Patient6	M-ST-15	withheld	M0_expr_kmeans	4	seed_23	success		success		9530	0	291	84	-0.923682539963862	0.5533058995270252	80	71	18	9	3.0	4.0	False	-0.3277083672149952	0.5959741727488668	1.077115160453404	0.27491408934707906	0.8452380952380952	0.08057228915662651	0.9934110563219719	0.2905273437070393		4		0.04631397463054576	jbcb-readout-withholding-20261007-v1|GSE294385|M-ST-15|M0_expr_kmeans|4|seed_23|count_only	1000.0	0.43522367950184615	jbcb-readout-withholding-20261007-v1|GSE294385|M-ST-15|M0_expr_kmeans|4|seed_23|block_matched	1000.0	True
GSE294385	Patient6	M-ST-15	withheld	M0_expr_kmeans	4	seed_37	success		success		9530	0	291	84	-0.923682539963862	0.5533058995270252	80	71	18	9	2.0	1.0	False	-0.3277083672149952	0.5959741727488668	1.077115160453404	0.27491408934707906	0.8452380952380952	0.08057228915662651	0.9818483166867303	0.29424960388948784		4		0.05271170668541991	jbcb-readout-withholding-20261007-v1|GSE294385|M-ST-15|M0_expr_kmeans|4|seed_37|count_only	1000.0	0.43316413098332285	jbcb-readout-withholding-20261007-v1|GSE294385|M-ST-15|M0_expr_kmeans|4|seed_37|block_matched	1000.0	True
GSE294385	Patient6	M-ST-15	withheld	M0_expr_kmeans	6	seed_11	success		not_evaluable	selected_band_support_below_threshold	9530	0	291	84	-0.923682539963862	0.5533058995270252	91	4	14	1	4.0	1.0	False	-0.26423772075820007	0.6594448192056619	1.1918268353353287	0.3127147766323024	0.047619047619047616	0.16272189349112426				6								False
GSE294385	Patient6	M-ST-15	withheld	M0_expr_kmeans	6	seed_23	success		not_evaluable	selected_band_support_below_threshold	9530	0	291	84	-0.923682539963862	0.5533058995270252	94	4	14	1	5.0	3.0	False	-0.25018130443122777	0.6735012355326342	1.217231256902111	0.3230240549828179	0.047619047619047616	0.1652046783625731				6								False
GSE294385	Patient6	M-ST-15	withheld	M0_expr_kmeans	6	seed_37	success		not_evaluable	selected_band_support_below_threshold	9530	0	291	84	-0.923682539963862	0.5533058995270252	94	4	14	1	5.0	2.0	False	-0.25018130443122777	0.6735012355326342	1.217231256902111	0.3230240549828179	0.047619047619047616	0.1652046783625731				6								False
GSE294385	Patient6	M-ST-15	withheld	M1_spatial_concat_kmeans	4	seed_11	success		success		9530	0	291	84	-0.923682539963862	0.5533058995270252	80	71	18	9	3.0	4.0	False	-0.3277083672149952	0.5959741727488668	1.077115160453404	0.27491408934707906	0.8452380952380952	0.08054196462175386	0.9926040437531326	0.29082479517673476		4		0.04676049944587707	jbcb-readout-withholding-20261007-v1|GSE294385|M-ST-15|M1_spatial_concat_kmeans|4|seed_11|count_only	1000.0	0.43505909784884067	jbcb-readout-withholding-20261007-v1|GSE294385|M-ST-15|M1_spatial_concat_kmeans|4|seed_11|block_matched	1000.0	True
GSE294385	Patient6	M-ST-15	withheld	M1_spatial_concat_kmeans	4	seed_23	success		success		9530	0	291	84	-0.923682539963862	0.5533058995270252	80	71	18	9	2.0	4.0	False	-0.3277083672149952	0.5959741727488668	1.077115160453404	0.27491408934707906	0.8452380952380952	0.08054196462175386	0.9925841550685015	0.28627998484166245		4		0.046771503972417194	jbcb-readout-withholding-20261007-v1|GSE294385|M-ST-15|M1_spatial_concat_kmeans|4|seed_23|count_only	1000.0	0.4375737682194676	jbcb-readout-withholding-20261007-v1|GSE294385|M-ST-15|M1_spatial_concat_kmeans|4|seed_23|block_matched	1000.0	True
GSE294385	Patient6	M-ST-15	withheld	M1_spatial_concat_kmeans	4	seed_37	success		success		9530	0	291	84	-0.923682539963862	0.5533058995270252	80	71	18	9	2.0	3.0	False	-0.3277083672149952	0.5959741727488668	1.077115160453404	0.27491408934707906	0.8452380952380952	0.08057228915662651	0.9882414200093445	0.28627998484166245		4		0.04917436490073174	jbcb-readout-withholding-20261007-v1|GSE294385|M-ST-15|M1_spatial_concat_kmeans|4|seed_37|count_only	1000.0	0.4375737682194676	jbcb-readout-withholding-20261007-v1|GSE294385|M-ST-15|M1_spatial_concat_kmeans|4|seed_37|block_matched	1000.0	True
GSE294385	Patient6	M-ST-15	withheld	M1_spatial_concat_kmeans	6	seed_11	success		not_evaluable	selected_band_support_below_threshold	9530	0	291	84	-0.923682539963862	0.5533058995270252	93	4	14	1	6.0	4.0	False	-0.26423772075820007	0.6594448192056619	1.1918268353353287	0.31958762886597936	0.047619047619047616	0.16470588235294117				6								False
GSE294385	Patient6	M-ST-15	withheld	M1_spatial_concat_kmeans	6	seed_23	success		not_evaluable	selected_band_support_below_threshold	9530	0	291	84	-0.923682539963862	0.5533058995270252	94	4	14	1	1.0	5.0	False	-0.25018130443122777	0.6735012355326342	1.217231256902111	0.3230240549828179	0.047619047619047616	0.1652046783625731				6								False
GSE294385	Patient6	M-ST-15	withheld	M1_spatial_concat_kmeans	6	seed_37	success		not_evaluable	selected_band_support_below_threshold	9530	0	291	84	-0.923682539963862	0.5533058995270252	94	4	14	1	5.0	2.0	False	-0.25018130443122777	0.6735012355326342	1.217231256902111	0.3230240549828179	0.047619047619047616	0.1652046783625731				6								False
GSE294385	Patient6	M-ST-15	withheld	M2_spatial_ward	4	neighbors_4	success		not_evaluable	selected_band_support_below_threshold	9530	0	291	84	-0.923682539963862	0.5533058995270252	51	8	3	1	2.0	4.0	False	-0.40750857881370295	0.516173961150159	0.93289076005044	0.17525773195876287	0.09523809523809523	0.09078771695594126				4								False
GSE294385	Patient6	M-ST-15	withheld	M2_spatial_ward	4	neighbors_6	success		success		9530	0	291	84	-0.923682539963862	0.5533058995270252	193	84	17	10	4.0	1.0	False	-0.8299166804005179	0.09376585956334405	0.1694647746273745	0.6632302405498282	1.0	0.057968774153655894	0.13463734876696618	0.013405920388903033		4		0.01927022019390401	jbcb-readout-withholding-20261007-v1|GSE294385|M-ST-15|M2_spatial_ward|4|neighbors_6|count_only	1000.0	0.08634828472357436	jbcb-readout-withholding-20261007-v1|GSE294385|M-ST-15|M2_spatial_ward|4|neighbors_6|block_matched	1000.0	False
GSE294385	Patient6	M-ST-15	withheld	M2_spatial_ward	4	neighbors_8	success		not_evaluable	selected_band_support_below_threshold	9530	0	291	84	-0.923682539963862	0.5533058995270252	104	0	12	0	4.0	2.0	False				0.35738831615120276	0.0	0.06253398586188146				4								False
GSE294385	Patient6	M-ST-15	withheld	M2_spatial_ward	6	neighbors_4	success		not_evaluable	selected_band_support_below_threshold	9530	0	291	84	-0.923682539963862	0.5533058995270252	51	8	3	1	5.0	4.0	False	-0.40750857881370295	0.516173961150159	0.93289076005044	0.17525773195876287	0.09523809523809523	0.09078771695594126				6								False
GSE294385	Patient6	M-ST-15	withheld	M2_spatial_ward	6	neighbors_6	success		not_evaluable	selected_band_support_below_threshold	9530	0	291	84	-0.923682539963862	0.5533058995270252	48	8	3	1	4.0	5.0	False	-0.46852235510140117	0.4551601848624608	0.8226194321288441	0.16494845360824742	0.09523809523809523	0.13026052104208416				6								False
GSE294385	Patient6	M-ST-15	withheld	M2_spatial_ward	6	neighbors_8	success		not_evaluable	selected_band_support_below_threshold	9530	0	291	84	-0.923682539963862	0.5533058995270252	37	0	7	0	4.0	6.0	False				0.12714776632302405	0.0	0.11948051948051948				6								False
GSE294385	Patient6	M-ST-15	withheld	M3_spatial_leiden	4	seed_11	success		not_evaluable	selected_band_support_below_threshold	9530	0	291	84	-0.923682539963862	0.5533058995270252	117	8	7	1	4.0	3.0	False	-0.2677591530346305	0.6559233869292315	1.1854624855616491	0.4020618556701031	0.09523809523809523	0.05999189298743413				4	0.03976353643835254							False
GSE294385	Patient6	M-ST-15	withheld	M3_spatial_leiden	4	seed_23	success		not_evaluable	selected_band_support_below_threshold	9530	0	291	84	-0.923682539963862	0.5533058995270252	116	8	7	1	4.0	3.0	False	-0.2668030402343171	0.6568794997295448	1.1871904859338316	0.39862542955326463	0.09523809523809523	0.0586109995985548				4	0.05							False
GSE294385	Patient6	M-ST-15	withheld	M3_spatial_leiden	4	seed_37	success		not_evaluable	selected_band_support_below_threshold	9530	0	291	84	-0.923682539963862	0.5533058995270252	110	9	8	2	4.0	3.0	False	-0.26069007240844333	0.6629924675554186	1.1982385659038792	0.37800687285223367	0.10714285714285714	0.06543385490753911				4	0.05							False
GSE294385	Patient6	M-ST-15	withheld	M3_spatial_leiden	6	seed_11	success		not_evaluable	selected_band_support_below_threshold	9530	0	291	84	-0.923682539963862	0.5533058995270252	116	8	7	1	5.0	2.0	False	-0.2668030402343171	0.6568794997295448	1.1871904859338316	0.39862542955326463	0.09523809523809523	0.06413091552410438				6	0.07711054127039706							False
GSE294385	Patient6	M-ST-15	withheld	M3_spatial_leiden	6	seed_23	success		not_evaluable	selected_band_support_below_threshold	9530	0	291	84	-0.923682539963862	0.5533058995270252	110	9	8	2	5.0	2.0	False	-0.26069007240844333	0.6629924675554186	1.1982385659038792	0.37800687285223367	0.10714285714285714	0.06287015945330296				6	0.08408964152537146							False
GSE294385	Patient6	M-ST-15	withheld	M3_spatial_leiden	6	seed_37	success		not_evaluable	selected_band_support_below_threshold	9530	0	291	84	-0.923682539963862	0.5533058995270252	76	8	5	1	5.0	4.0	False	-0.37038905467161676	0.5532934852922452	0.9999775635235578	0.2611683848797251	0.09523809523809523	0.08130762782900251				6	0.07071067811865477							False
GSE294385	Patient11	M-ST-29	allowed	M0_expr_kmeans	4	seed_11	success		success		10876	3	1466	316	-0.1276837666471642	0.2972928363379834	1107	266	26	17	2.0	1.0	False	-0.005618406317616564	0.12206536032954762	0.41058964566093725	0.7551159618008185	0.8417721518987342	0.6450847457627119	0.3744073686639115	0.3267984434818414		4		0.010756731753612359	jbcb-readout-withholding-20261007-v1|GSE294385|M-ST-29|M0_expr_kmeans|4|seed_11|count_only	1000.0	0.02491052415599282	jbcb-readout-withholding-20261007-v1|GSE294385|M-ST-29|M0_expr_kmeans|4|seed_11|block_matched	1000.0	True
GSE294385	Patient11	M-ST-29	allowed	M0_expr_kmeans	4	seed_23	success		success		10876	3	1466	316	-0.1276837666471642	0.2972928363379834	1107	266	26	17	2.0	3.0	False	-0.005618406317616564	0.12206536032954762	0.41058964566093725	0.7551159618008185	0.8417721518987342	0.6450847457627119	0.3770331068690079	0.32355206883334636		4		0.00997611859513825	jbcb-readout-withholding-20261007-v1|GSE294385|M-ST-29|M0_expr_kmeans|4|seed_23|count_only	1000.0	0.025875648083059644	jbcb-readout-withholding-20261007-v1|GSE294385|M-ST-29|M0_expr_kmeans|4|seed_23|block_matched	1000.0	True
GSE294385	Patient11	M-ST-29	allowed	M0_expr_kmeans	4	seed_37	success		success		10876	3	1466	316	-0.1276837666471642	0.2972928363379834	1108	266	26	17	1.0	3.0	False	-0.005575847274034373	0.12210791937312981	0.4107328009555835	0.7557980900409277	0.8417721518987342	0.6453252032520326	0.3765005013341864	0.32277349243613446		4		0.010177017448816827	jbcb-readout-withholding-20261007-v1|GSE294385|M-ST-29|M0_expr_kmeans|4|seed_37|count_only	1000.0	0.026149672312074768	jbcb-readout-withholding-20261007-v1|GSE294385|M-ST-29|M0_expr_kmeans|4|seed_37|block_matched	1000.0	True
GSE294385	Patient11	M-ST-29	allowed	M0_expr_kmeans	6	seed_11	success		success		10876	3	1466	316	-0.1276837666471642	0.2972928363379834	243	141	13	11	4.0	5.0	False	-0.01926106801883276	0.10842269862833143	0.36470000408980213	0.16575716234652116	0.4462025316455696	0.64501679731243	0.26118228916138647	0.10694174993113338		6		0.03077507508229549	jbcb-readout-withholding-20261007-v1|GSE294385|M-ST-29|M0_expr_kmeans|6|seed_11|count_only	1000.0	0.07662968246835744	jbcb-readout-withholding-20261007-v1|GSE294385|M-ST-29|M0_expr_kmeans|6|seed_11|block_matched	1000.0	True
GSE294385	Patient11	M-ST-29	allowed	M0_expr_kmeans	6	seed_23	success		success		10876	3	1466	316	-0.1276837666471642	0.2972928363379834	242	140	13	11	6.0	1.0	False	-0.02258255591520686	0.10510121073195733	0.3535275589771389	0.165075034106412	0.4430379746835443	0.6455981941309256	0.24635575544499547	0.10558797635506251		6		0.03186140944752802	jbcb-readout-withholding-20261007-v1|GSE294385|M-ST-29|M0_expr_kmeans|6|seed_23|count_only	1000.0	0.07371066175817287	jbcb-readout-withholding-20261007-v1|GSE294385|M-ST-29|M0_expr_kmeans|6|seed_23|block_matched	1000.0	True
GSE294385	Patient11	M-ST-29	allowed	M0_expr_kmeans	6	seed_37	success		success		10876	3	1466	316	-0.1276837666471642	0.2972928363379834	242	142	13	11	5.0	6.0	False	-0.029116999292351675	0.09856676735481251	0.3315477378094468	0.165075034106412	0.44936708860759494	0.6468609865470852	0.2294735866795384	0.078419927023111		6		0.03034591390620245	jbcb-readout-withholding-20261007-v1|GSE294385|M-ST-29|M0_expr_kmeans|6|seed_37|count_only	1000.0	0.07525308482469417	jbcb-readout-withholding-20261007-v1|GSE294385|M-ST-29|M0_expr_kmeans|6|seed_37|block_matched	1000.0	True
GSE294385	Patient11	M-ST-29	allowed	M1_spatial_concat_kmeans	4	seed_11	success		success		10876	3	1466	316	-0.1276837666471642	0.2972928363379834	1105	266	26	17	1.0	3.0	False	-0.005533288230452182	0.122150478416712	0.4108759562502298	0.7537517053206003	0.8417721518987342	0.6462793068297655	0.3756877337032724	0.3214016510928973		4		0.010461206486677144	jbcb-readout-withholding-20261007-v1|GSE294385|M-ST-29|M1_spatial_concat_kmeans|4|seed_11|count_only	1000.0	0.02660006995959363	jbcb-readout-withholding-20261007-v1|GSE294385|M-ST-29|M1_spatial_concat_kmeans|4|seed_11|block_matched	1000.0	True
GSE294385	Patient11	M-ST-29	allowed	M1_spatial_concat_kmeans	4	seed_23	success		success		10876	3	1466	316	-0.1276837666471642	0.2972928363379834	1108	267	26	17	2.0	3.0	False	-0.007443970818719503	0.12023979582844468	0.40444901838047526	0.7557980900409277	0.8449367088607594	0.6460027100271003	0.37103978421435885	0.31826030919905735		4		0.009932325985124613	jbcb-readout-withholding-20261007-v1|GSE294385|M-ST-29|M1_spatial_concat_kmeans|4|seed_23|count_only	1000.0	0.025623285812853336	jbcb-readout-withholding-20261007-v1|GSE294385|M-ST-29|M1_spatial_concat_kmeans|4|seed_23|block_matched	1000.0	True
GSE294385	Patient11	M-ST-29	allowed	M1_spatial_concat_kmeans	4	seed_37	success		success		10876	3	1466	316	-0.1276837666471642	0.2972928363379834	1108	266	26	17	1.0	3.0	False	-0.005575847274034373	0.12210791937312981	0.4107328009555835	0.7557980900409277	0.8417721518987342	0.6459816887080366	0.3760420686599927	0.32285018281449723		4		0.010313306198797889	jbcb-readout-withholding-20261007-v1|GSE294385|M-ST-29|M1_spatial_concat_kmeans|4|seed_37|count_only	1000.0	0.026126872811971458	jbcb-readout-withholding-20261007-v1|GSE294385|M-ST-29|M1_spatial_concat_kmeans|4|seed_37|block_matched	1000.0	True
GSE294385	Patient11	M-ST-29	allowed	M1_spatial_concat_kmeans	6	seed_11	success		success		10876	3	1466	316	-0.1276837666471642	0.2972928363379834	247	142	13	11	2.0	1.0	False	-0.03147454854881415	0.09620921809835004	0.3236176804104779	0.1684856753069577	0.44936708860759494	0.6445182724252492	0.22105386135952362	0.06332884527558162		6		0.030491488671313904	jbcb-readout-withholding-20261007-v1|GSE294385|M-ST-29|M1_spatial_concat_kmeans|6|seed_11|count_only	1000.0	0.07738200606436307	jbcb-readout-withholding-20261007-v1|GSE294385|M-ST-29|M1_spatial_concat_kmeans|6|seed_11|block_matched	1000.0	True
GSE294385	Patient11	M-ST-29	allowed	M1_spatial_concat_kmeans	6	seed_23	success		success		10876	3	1466	316	-0.1276837666471642	0.2972928363379834	246	142	13	11	1.0	5.0	False	-0.031700809876992864	0.09598295677017132	0.322856608159408	0.16780354706684858	0.44936708860759494	0.6455555555555555	0.2174952518710289	0.06331457529321731		6		0.031323176451389045	jbcb-readout-withholding-20261007-v1|GSE294385|M-ST-29|M1_spatial_concat_kmeans|6|seed_23|count_only	1000.0	0.07715998709971594	jbcb-readout-withholding-20261007-v1|GSE294385|M-ST-29|M1_spatial_concat_kmeans|6|seed_23|block_matched	1000.0	True
GSE294385	Patient11	M-ST-29	allowed	M1_spatial_concat_kmeans	6	seed_37	success		success		10876	3	1466	316	-0.1276837666471642	0.2972928363379834	245	141	13	11	1.0	5.0	False	-0.023976166531757492	0.1037076001154067	0.34883988929186505	0.16712141882673942	0.4462025316455696	0.6447661469933185	0.24665934338765486	0.09809981463941637		6		0.030377544310426163	jbcb-readout-withholding-20261007-v1|GSE294385|M-ST-29|M1_spatial_concat_kmeans|6|seed_37|count_only	1000.0	0.07454322797702417	jbcb-readout-withholding-20261007-v1|GSE294385|M-ST-29|M1_spatial_concat_kmeans|6|seed_37|block_matched	1000.0	True
GSE294385	Patient11	M-ST-29	allowed	M2_spatial_ward	4	neighbors_4	success		success		10876	3	1466	316	-0.1276837666471642	0.2972928363379834	292	72	6	5	2.0	3.0	False	-0.042243307359287385	0.0854404592878768	0.2873949481606145	0.19918144611186903	0.22784810126582278	0.5678271308523409	0.15333990285785473	0.1280668551757804	the number of connected components of the connectivity matrix is 5 > 1. Completing it to avoid stopping the tree early.	4		0.039853604643474316	jbcb-readout-withholding-20261007-v1|GSE294385|M-ST-29|M2_spatial_ward|4|neighbors_4|count_only	1000.0	0.04736710067178329	jbcb-readout-withholding-20261007-v1|GSE294385|M-ST-29|M2_spatial_ward|4|neighbors_4|block_matched	1000.0	True
GSE294385	Patient11	M-ST-29	allowed	M2_spatial_ward	4	neighbors_6	success		success		10876	3	1466	316	-0.1276837666471642	0.2972928363379834	827	294	17	15	2.0	1.0	False	0.03867968277991474	0.16636344942707892	0.5595945448142089	0.5641200545702592	0.930379746835443	0.457991513437058	0.5194796425044809	0.2534186416836792	the number of connected components of the connectivity matrix is 4 > 1. Completing it to avoid stopping the tree early.	4		0.011925873087080152	jbcb-readout-withholding-20261007-v1|GSE294385|M-ST-29|M2_spatial_ward|4|neighbors_6|count_only	1000.0	0.09102390266001881	jbcb-readout-withholding-20261007-v1|GSE294385|M-ST-29|M2_spatial_ward|4|neighbors_6|block_matched	1000.0	True
GSE294385	Patient11	M-ST-29	allowed	M2_spatial_ward	4	neighbors_8	success		success		10876	3	1466	316	-0.1276837666471642	0.2972928363379834	1034	305	19	17	2.0	1.0	False	0.006177555929842926	0.1338613225770071	0.4502675685895914	0.7053206002728513	0.9651898734177216	0.4803414381789964	0.42036251342467634	0.1972884202085462		4		0.008890558670821447	jbcb-readout-withholding-20261007-v1|GSE294385|M-ST-29|M2_spatial_ward|4|neighbors_8|count_only	1000.0	0.07520888855656849	jbcb-readout-withholding-20261007-v1|GSE294385|M-ST-29|M2_spatial_ward|4|neighbors_8|block_matched	1000.0	True
GSE294385	Patient11	M-ST-29	allowed	M2_spatial_ward	6	neighbors_4	success		success		10876	3	1466	316	-0.1276837666471642	0.2972928363379834	292	72	6	5	1.0	6.0	False	-0.042243307359287385	0.0854404592878768	0.2873949481606145	0.19918144611186903	0.22784810126582278	0.5678271308523409	0.1537132692677308	0.11459964997583756	the number of connected components of the connectivity matrix is 5 > 1. Completing it to avoid stopping the tree early.	6		0.039742605484488935	jbcb-readout-withholding-20261007-v1|GSE294385|M-ST-29|M2_spatial_ward|6|neighbors_4|count_only	1000.0	0.05137080430321994	jbcb-readout-withholding-20261007-v1|GSE294385|M-ST-29|M2_spatial_ward|6|neighbors_4|block_matched	1000.0	True
GSE294385	Patient11	M-ST-29	allowed	M2_spatial_ward	6	neighbors_6	success		success		10876	3	1466	316	-0.1276837666471642	0.2972928363379834	333	77	6	6	2.0	3.0	False	-0.06119332912277331	0.06649043752439088	0.22365300941459573	0.2271487039563438	0.24367088607594936	0.6087456846950517	0.10101290583526644	0.11497354940647082	the number of connected components of the connectivity matrix is 4 > 1. Completing it to avoid stopping the tree early.	6		0.03646002424188288	jbcb-readout-withholding-20261007-v1|GSE294385|M-ST-29|M2_spatial_ward|6|neighbors_6|count_only	1000.0	0.032309624917495894	jbcb-readout-withholding-20261007-v1|GSE294385|M-ST-29|M2_spatial_ward|6|neighbors_6|block_matched	1000.0	False
GSE294385	Patient11	M-ST-29	allowed	M2_spatial_ward	6	neighbors_8	success		not_evaluable	selected_band_support_below_threshold	10876	3	1466	316	-0.1276837666471642	0.2972928363379834	390	17	9	4	5.0	6.0	False	-0.07948144165308224	0.048202324994081946	0.16213752604278076	0.2660300136425648	0.05379746835443038	0.6995515695067265				6								False
GSE294385	Patient11	M-ST-29	allowed	M3_spatial_leiden	4	seed_11	not_evaluable	no_exact_K_resolution	not_evaluable	fit_unavailable	10876	3	1466	316	-0.1276837666471642	0.2972928363379834	0	0	0	0			False										6	0.01							False
GSE294385	Patient11	M-ST-29	allowed	M3_spatial_leiden	4	seed_23	not_evaluable	no_exact_K_resolution	not_evaluable	fit_unavailable	10876	3	1466	316	-0.1276837666471642	0.2972928363379834	0	0	0	0			False										6	0.01							False
GSE294385	Patient11	M-ST-29	allowed	M3_spatial_leiden	4	seed_37	not_evaluable	no_exact_K_resolution	not_evaluable	fit_unavailable	10876	3	1466	316	-0.1276837666471642	0.2972928363379834	0	0	0	0			False										5	0.01							False
GSE294385	Patient11	M-ST-29	allowed	M3_spatial_leiden	6	seed_11	success		not_evaluable	selected_band_support_below_threshold	10876	3	1466	316	-0.1276837666471642	0.2972928363379834	0	0	0	0	1.0	3.0	False				0.0	0.0	0.1111111111111111				6	0.01							False
GSE294385	Patient11	M-ST-29	allowed	M3_spatial_leiden	6	seed_23	success		not_evaluable	selected_band_support_below_threshold	10876	3	1466	316	-0.1276837666471642	0.2972928363379834	0	0	0	0	1.0	3.0	False				0.0	0.0	0.1111111111111111				6	0.01							False
GSE294385	Patient11	M-ST-29	allowed	M3_spatial_leiden	6	seed_37	success		success		10876	3	1466	316	-0.1276837666471642	0.2972928363379834	1026	199	17	13	3.0	1.0	False	-0.13279582774122534	0.005112061094061149	0.01719537260645392	0.6998635743519782	0.629746835443038	0.3301088270858525	-0.0343349355413498	-0.047619402256806644		6	0.01414213562373095	0.015319591466630866	jbcb-readout-withholding-20261007-v1|GSE294385|M-ST-29|M3_spatial_leiden|6|seed_37|count_only	1000.0	0.019268968255706564	jbcb-readout-withholding-20261007-v1|GSE294385|M-ST-29|M3_spatial_leiden|6|seed_37|block_matched	1000.0	True
GSE294385	Patient11	M-ST-29	withheld	M0_expr_kmeans	4	seed_11	success		success		10876	0	1466	316	-0.1276837666471642	0.2972928363379834	1100	266	26	17	2.0	4.0	False	-0.0006827421900474917	0.1270010244571167	0.42719167411330755	0.7503410641200545	0.8417721518987342	0.6451612903225806	0.39138264709479925	0.3393090559722213		4		0.01064576720883581	jbcb-readout-withholding-20261007-v1|GSE294385|M-ST-29|M0_expr_kmeans|4|seed_11|count_only	1000.0	0.026126872811971458	jbcb-readout-withholding-20261007-v1|GSE294385|M-ST-29|M0_expr_kmeans|4|seed_11|block_matched	1000.0	True
GSE294385	Patient11	M-ST-29	withheld	M0_expr_kmeans	4	seed_23	success		success		10876	0	1466	316	-0.1276837666471642	0.2972928363379834	1101	266	26	17	3.0	1.0	False	-0.001485220001693488	0.1261985466454707	0.4244923900621652	0.7510231923601637	0.8417721518987342	0.6450627757041059	0.39114757911891357	0.33645183019028124		4		0.00991317342247311	jbcb-readout-withholding-20261007-v1|GSE294385|M-ST-29|M0_expr_kmeans|4|seed_23|count_only	1000.0	0.026173827757096424	jbcb-readout-withholding-20261007-v1|GSE294385|M-ST-29|M0_expr_kmeans|4|seed_23|block_matched	1000.0	True
GSE294385	Patient11	M-ST-29	withheld	M0_expr_kmeans	4	seed_37	success		success		10876	0	1466	316	-0.1276837666471642	0.2972928363379834	1100	266	26	17	1.0	3.0	False	-0.0006827421900474917	0.1270010244571167	0.42719167411330755	0.7503410641200545	0.8417721518987342	0.6449422946367956	0.392255288295624	0.339333729617038		4		0.010386337231137244	jbcb-readout-withholding-20261007-v1|GSE294385|M-ST-29|M0_expr_kmeans|4|seed_37|count_only	1000.0	0.026119537514121105	jbcb-readout-withholding-20261007-v1|GSE294385|M-ST-29|M0_expr_kmeans|4|seed_37|block_matched	1000.0	True
GSE294385	Patient11	M-ST-29	withheld	M0_expr_kmeans	6	seed_11	success		success		10876	0	1466	316	-0.1276837666471642	0.2972928363379834	243	141	13	11	2.0	4.0	False	-0.03425783205294608	0.09342593459421811	0.3142555863270278	0.16575716234652116	0.4462025316455696	0.6361631753031973	0.21073787139861222	0.05748197749827886		6		0.03077507508229549	jbcb-readout-withholding-20261007-v1|GSE294385|M-ST-29|M0_expr_kmeans|6|seed_11|count_only	1000.0	0.07633695446543864	jbcb-readout-withholding-20261007-v1|GSE294385|M-ST-29|M0_expr_kmeans|6|seed_11|block_matched	1000.0	True
GSE294385	Patient11	M-ST-29	withheld	M0_expr_kmeans	6	seed_23	success		success		10876	0	1466	316	-0.1276837666471642	0.2972928363379834	243	141	13	11	4.0	1.0	False	-0.03425783205294608	0.09342593459421811	0.3142555863270278	0.16575716234652116	0.4462025316455696	0.6361631753031973	0.2081941133417139	0.04748618387050342		6		0.031531316129988385	jbcb-readout-withholding-20261007-v1|GSE294385|M-ST-29|M0_expr_kmeans|6|seed_23|count_only	1000.0	0.07930863230448915	jbcb-readout-withholding-20261007-v1|GSE294385|M-ST-29|M0_expr_kmeans|6|seed_23|block_matched	1000.0	True
GSE294385	Patient11	M-ST-29	withheld	M0_expr_kmeans	6	seed_37	success		success		10876	0	1466	316	-0.1276837666471642	0.2972928363379834	243	141	13	11	1.0	5.0	False	-0.03425783205294608	0.09342593459421811	0.3142555863270278	0.16575716234652116	0.4462025316455696	0.6361631753031973	0.21074876227931386	0.045061700131071004		6		0.030771837301481475	jbcb-readout-withholding-20261007-v1|GSE294385|M-ST-29|M0_expr_kmeans|6|seed_37|count_only	1000.0	0.08002941395204033	jbcb-readout-withholding-20261007-v1|GSE294385|M-ST-29|M0_expr_kmeans|6|seed_37|block_matched	1000.0	True
GSE294385	Patient11	M-ST-29	withheld	M1_spatial_concat_kmeans	4	seed_11	success		success		10876	0	1466	316	-0.1276837666471642	0.2972928363379834	1101	266	26	17	2.0	4.0	False	-0.001485220001693488	0.1261985466454707	0.4244923900621652	0.7510231923601637	0.8417721518987342	0.6450627757041059	0.38987292656736533	0.33586033460976916		4		0.01029211849486833	jbcb-readout-withholding-20261007-v1|GSE294385|M-ST-29|M1_spatial_concat_kmeans|4|seed_11|count_only	1000.0	0.026349675155908248	jbcb-readout-withholding-20261007-v1|GSE294385|M-ST-29|M1_spatial_concat_kmeans|4|seed_11|block_matched	1000.0	True
GSE294385	Patient11	M-ST-29	withheld	M1_spatial_concat_kmeans	4	seed_23	success		success		10876	0	1466	316	-0.1276837666471642	0.2972928363379834	1101	266	26	17	3.0	1.0	False	-0.001485220001693488	0.1261985466454707	0.4244923900621652	0.7510231923601637	0.8417721518987342	0.6452817379497624	0.3877827218436882	0.3374954723385948		4		0.010913521385697345	jbcb-readout-withholding-20261007-v1|GSE294385|M-ST-29|M1_spatial_concat_kmeans|4|seed_23|count_only	1000.0	0.025863560422702436	jbcb-readout-withholding-20261007-v1|GSE294385|M-ST-29|M1_spatial_concat_kmeans|4|seed_23|block_matched	1000.0	True
GSE294385	Patient11	M-ST-29	withheld	M1_spatial_concat_kmeans	4	seed_37	success		success		10876	0	1466	316	-0.1276837666471642	0.2972928363379834	1101	266	26	17	2.0	1.0	False	-0.001485220001693488	0.1261985466454707	0.4244923900621652	0.7510231923601637	0.8417721518987342	0.6450627757041059	0.38845730050688776	0.3363789469702997		4		0.010712973981581664	jbcb-readout-withholding-20261007-v1|GSE294385|M-ST-29|M1_spatial_concat_kmeans|4|seed_37|count_only	1000.0	0.026195495416286185	jbcb-readout-withholding-20261007-v1|GSE294385|M-ST-29|M1_spatial_concat_kmeans|4|seed_37|block_matched	1000.0	True
GSE294385	Patient11	M-ST-29	withheld	M1_spatial_concat_kmeans	6	seed_11	success		success		10876	0	1466	316	-0.1276837666471642	0.2972928363379834	242	141	13	11	6.0	5.0	False	-0.036615381309408335	0.09106838533775585	0.3063255289280597	0.165075034106412	0.4462025316455696	0.6420581655480985	0.20813586469883083	0.04845064355132764		6		0.02919108377778168	jbcb-readout-withholding-20261007-v1|GSE294385|M-ST-29|M1_spatial_concat_kmeans|6|seed_11|count_only	1000.0	0.07666435609398103	jbcb-readout-withholding-20261007-v1|GSE294385|M-ST-29|M1_spatial_concat_kmeans|6|seed_11|block_matched	1000.0	True
GSE294385	Patient11	M-ST-29	withheld	M1_spatial_concat_kmeans	6	seed_23	success		success		10876	0	1466	316	-0.1276837666471642	0.2972928363379834	245	141	13	11	6.0	3.0	False	-0.03425783205294608	0.09342593459421811	0.3142555863270278	0.16712141882673942	0.4462025316455696	0.6390728476821192	0.21775188073565566	0.052460842465140704		6		0.028689860352384744	jbcb-readout-withholding-20261007-v1|GSE294385|M-ST-29|M1_spatial_concat_kmeans|6|seed_23|count_only	1000.0	0.0778297019410763	jbcb-readout-withholding-20261007-v1|GSE294385|M-ST-29|M1_spatial_concat_kmeans|6|seed_23|block_matched	1000.0	True
GSE294385	Patient11	M-ST-29	withheld	M1_spatial_concat_kmeans	6	seed_37	success		success		10876	0	1466	316	-0.1276837666471642	0.2972928363379834	244	141	13	11	1.0	3.0	False	-0.036615381309408335	0.09106838533775585	0.3063255289280597	0.1664392905866303	0.4462025316455696	0.6365638766519823	0.2017311454096808	0.051619110399283234		6		0.031095160941201683	jbcb-readout-withholding-20261007-v1|GSE294385|M-ST-29|M1_spatial_concat_kmeans|6|seed_37|count_only	1000.0	0.07572239359790944	jbcb-readout-withholding-20261007-v1|GSE294385|M-ST-29|M1_spatial_concat_kmeans|6|seed_37|block_matched	1000.0	True
GSE294385	Patient11	M-ST-29	withheld	M2_spatial_ward	4	neighbors_4	success		success		10876	0	1466	316	-0.1276837666471642	0.2972928363379834	292	72	6	5	1.0	3.0	False	-0.042243307359287385	0.0854404592878768	0.2873949481606145	0.19918144611186903	0.22784810126582278	0.5678271308523409	0.15333990285785473	0.1280668551757804	the number of connected components of the connectivity matrix is 5 > 1. Completing it to avoid stopping the tree early.	4		0.039853604643474316	jbcb-readout-withholding-20261007-v1|GSE294385|M-ST-29|M2_spatial_ward|4|neighbors_4|count_only	1000.0	0.04736710067178329	jbcb-readout-withholding-20261007-v1|GSE294385|M-ST-29|M2_spatial_ward|4|neighbors_4|block_matched	1000.0	True
GSE294385	Patient11	M-ST-29	withheld	M2_spatial_ward	4	neighbors_6	success		success		10876	0	1466	316	-0.1276837666471642	0.2972928363379834	963	305	19	17	2.0	1.0	False	-0.015676969306793742	0.11200679734037045	0.3767557897460847	0.6568894952251023	0.9651898734177216	0.4250236518448439	0.34546781227632967	0.20382228403232472	the number of connected components of the connectivity matrix is 4 > 1. Completing it to avoid stopping the tree early.	4		0.009301691565262393	jbcb-readout-withholding-20261007-v1|GSE294385|M-ST-29|M2_spatial_ward|4|neighbors_6|count_only	1000.0	0.05141189241151456	jbcb-readout-withholding-20261007-v1|GSE294385|M-ST-29|M2_spatial_ward|4|neighbors_6|block_matched	1000.0	True
GSE294385	Patient11	M-ST-29	withheld	M2_spatial_ward	4	neighbors_8	success		success		10876	0	1466	316	-0.1276837666471642	0.2972928363379834	1098	306	19	17	2.0	1.0	False	-0.007956889407168433	0.11972687723999575	0.4027237208766168	0.7489768076398363	0.9683544303797469	0.4633083070961492	0.3743370808907227	0.16176791696683826		4		0.00843914471551166	jbcb-readout-withholding-20261007-v1|GSE294385|M-ST-29|M2_spatial_ward|4|neighbors_8|count_only	1000.0	0.07163443437643702	jbcb-readout-withholding-20261007-v1|GSE294385|M-ST-29|M2_spatial_ward|4|neighbors_8|block_matched	1000.0	True
GSE294385	Patient11	M-ST-29	withheld	M2_spatial_ward	6	neighbors_4	success		success		10876	0	1466	316	-0.1276837666471642	0.2972928363379834	292	72	6	5	1.0	6.0	False	-0.042243307359287385	0.0854404592878768	0.2873949481606145	0.19918144611186903	0.22784810126582278	0.5678271308523409	0.1537132692677308	0.11459964997583756	the number of connected components of the connectivity matrix is 5 > 1. Completing it to avoid stopping the tree early.	6		0.039742605484488935	jbcb-readout-withholding-20261007-v1|GSE294385|M-ST-29|M2_spatial_ward|6|neighbors_4|count_only	1000.0	0.05137080430321994	jbcb-readout-withholding-20261007-v1|GSE294385|M-ST-29|M2_spatial_ward|6|neighbors_4|block_matched	1000.0	True
GSE294385	Patient11	M-ST-29	withheld	M2_spatial_ward	6	neighbors_6	success		not_evaluable	selected_band_support_below_threshold	10876	0	1466	316	-0.1276837666471642	0.2972928363379834	284	14	7	3	2.0	6.0	False	-0.09569812492779217	0.031985641719372016	0.10758968198954005	0.1937244201909959	0.04430379746835443	0.6539196940726577			the number of connected components of the connectivity matrix is 4 > 1. Completing it to avoid stopping the tree early.	6								False
GSE294385	Patient11	M-ST-29	withheld	M2_spatial_ward	6	neighbors_8	success		not_evaluable	selected_band_support_below_threshold	10876	0	1466	316	-0.1276837666471642	0.2972928363379834	526	17	13	4	6.0	2.0	False	-0.10801156063073258	0.019672206016431604	0.06617114041075263	0.3587994542974079	0.05379746835443038	0.5152801358234296				6								False
GSE294385	Patient11	M-ST-29	withheld	M3_spatial_leiden	4	seed_11	not_evaluable	no_exact_K_resolution	not_evaluable	fit_unavailable	10876	0	1466	316	-0.1276837666471642	0.2972928363379834	0	0	0	0			False										6	0.01							False
GSE294385	Patient11	M-ST-29	withheld	M3_spatial_leiden	4	seed_23	not_evaluable	no_exact_K_resolution	not_evaluable	fit_unavailable	10876	0	1466	316	-0.1276837666471642	0.2972928363379834	0	0	0	0			False										5	0.01							False
GSE294385	Patient11	M-ST-29	withheld	M3_spatial_leiden	4	seed_37	not_evaluable	no_exact_K_resolution	not_evaluable	fit_unavailable	10876	0	1466	316	-0.1276837666471642	0.2972928363379834	0	0	0	0			False										6	0.01							False
GSE294385	Patient11	M-ST-29	withheld	M3_spatial_leiden	6	seed_11	success		success		10876	0	1466	316	-0.1276837666471642	0.2972928363379834	636	151	18	11	2.0	1.0	False	-0.12427094489370272	0.00341282175346147	0.011479663605420798	0.43383356070941337	0.4778481012658228	0.18576779026217227	-0.06656583896511009	-0.06370033968106434		6	0.01	0.023202368822616504	jbcb-readout-withholding-20261007-v1|GSE294385|M-ST-29|M3_spatial_leiden|6|seed_11|count_only	1000.0	0.02235047641293808	jbcb-readout-withholding-20261007-v1|GSE294385|M-ST-29|M3_spatial_leiden|6|seed_11|block_matched	1000.0	False
GSE294385	Patient11	M-ST-29	withheld	M3_spatial_leiden	6	seed_23	success		not_evaluable	selected_band_support_below_threshold	10876	0	1466	316	-0.1276837666471642	0.2972928363379834	0	0	0	0	1.0	3.0	False				0.0	0.0	0.1111111111111111				6	0.01189207115002721							False
GSE294385	Patient11	M-ST-29	withheld	M3_spatial_leiden	6	seed_37	success		success		10876	0	1466	316	-0.1276837666471642	0.2972928363379834	635	145	17	11	2.0	1.0	False	-0.14523692910268715	0.017553162455522964	0.059043341480207394	0.4331514324693042	0.4588607594936709	0.19206025419739525	-0.014820140767620964	0.024150991588747287		6	0.01	0.02195908413925718	jbcb-readout-withholding-20261007-v1|GSE294385|M-ST-29|M3_spatial_leiden|6|seed_37|count_only	1000.0	0.010373245665729502	jbcb-readout-withholding-20261007-v1|GSE294385|M-ST-29|M3_spatial_leiden|6|seed_37|block_matched	1000.0	True
GSE294385	Patient11	M-ST-30	allowed	M0_expr_kmeans	4	seed_11	success		success		6240	3	173	75	0.08457644318359692	0.32088399480429375	80	50	8	8	3.0	1.0	False	0.1327338480538527	0.04815740487025577	0.15007730410370526	0.4624277456647399	0.6666666666666666	0.11299435028248588	0.037657100575597575	0.06012085098361705		4		0.03607384400481095	jbcb-readout-withholding-20261007-v1|GSE294385|M-ST-30|M0_expr_kmeans|4|seed_11|count_only	1000.0	0.028865586035599078	jbcb-readout-withholding-20261007-v1|GSE294385|M-ST-30|M0_expr_kmeans|4|seed_11|block_matched	1000.0	True
GSE294385	Patient11	M-ST-30	allowed	M0_expr_kmeans	4	seed_23	success		success		6240	3	173	75	0.08457644318359692	0.32088399480429375	80	50	8	8	4.0	2.0	False	0.1327338480538527	0.04815740487025577	0.15007730410370526	0.4624277456647399	0.6666666666666666	0.11299435028248588	0.03056496678688002	0.059143744843399904		4		0.03834959622662115	jbcb-readout-withholding-20261007-v1|GSE294385|M-ST-30|M0_expr_kmeans|4|seed_23|count_only	1000.0	0.02917912375721976	jbcb-readout-withholding-20261007-v1|GSE294385|M-ST-30|M0_expr_kmeans|4|seed_23|block_matched	1000.0	True
GSE294385	Patient11	M-ST-30	allowed	M0_expr_kmeans	4	seed_37	success		success		6240	3	173	75	0.08457644318359692	0.32088399480429375	80	50	8	8	4.0	2.0	False	0.1327338480538527	0.04815740487025577	0.15007730410370526	0.4624277456647399	0.6666666666666666	0.11271133375078271	0.024284666695147845	0.046052332406415854		4		0.040364844008625944	jbcb-readout-withholding-20261007-v1|GSE294385|M-ST-30|M0_expr_kmeans|4|seed_37|count_only	1000.0	0.03337994847762982	jbcb-readout-withholding-20261007-v1|GSE294385|M-ST-30|M0_expr_kmeans|4|seed_37|block_matched	1000.0	True
GSE294385	Patient11	M-ST-30	allowed	M0_expr_kmeans	6	seed_11	success		not_evaluable	selected_band_support_below_threshold	6240	3	173	75	0.08457644318359692	0.32088399480429375	36	10	5	5	3.0	6.0	False	0.09399276280391344	0.009416319620316527	0.029344933910024133	0.20809248554913296	0.13333333333333333	0.14583333333333334				6								False
GSE294385	Patient11	M-ST-30	allowed	M0_expr_kmeans	6	seed_23	success		not_evaluable	selected_band_support_below_threshold	6240	3	173	75	0.08457644318359692	0.32088399480429375	36	10	5	5	4.0	6.0	False	0.09399276280391344	0.009416319620316527	0.029344933910024133	0.20809248554913296	0.13333333333333333	0.1423125794155019				6								False
GSE294385	Patient11	M-ST-30	allowed	M0_expr_kmeans	6	seed_37	success		not_evaluable	selected_band_support_below_threshold	6240	3	173	75	0.08457644318359692	0.32088399480429375	36	10	5	5	5.0	4.0	False	0.09399276280391344	0.009416319620316527	0.029344933910024133	0.20809248554913296	0.13333333333333333	0.14659685863874344				6								False
GSE294385	Patient11	M-ST-30	allowed	M1_spatial_concat_kmeans	4	seed_11	success		success		6240	3	173	75	0.08457644318359692	0.32088399480429375	80	50	8	8	3.0	2.0	False	0.1327338480538527	0.04815740487025577	0.15007730410370526	0.4624277456647399	0.6666666666666666	0.11292346298619825	0.03755716977507074	0.04490277781951671		4		0.036105910199287994	jbcb-readout-withholding-20261007-v1|GSE294385|M-ST-30|M1_spatial_concat_kmeans|4|seed_11|count_only	1000.0	0.033748822145719615	jbcb-readout-withholding-20261007-v1|GSE294385|M-ST-30|M1_spatial_concat_kmeans|4|seed_11|block_matched	1000.0	True
GSE294385	Patient11	M-ST-30	allowed	M1_spatial_concat_kmeans	4	seed_23	success		success		6240	3	173	75	0.08457644318359692	0.32088399480429375	80	50	8	8	1.0	4.0	False	0.1327338480538527	0.04815740487025577	0.15007730410370526	0.4624277456647399	0.6666666666666666	0.11292346298619825	0.03122903482383506	0.05292215496523844		4		0.038136507422101174	jbcb-readout-withholding-20261007-v1|GSE294385|M-ST-30|M1_spatial_concat_kmeans|4|seed_23|count_only	1000.0	0.031175532371358172	jbcb-readout-withholding-20261007-v1|GSE294385|M-ST-30|M1_spatial_concat_kmeans|4|seed_23|block_matched	1000.0	True
GSE294385	Patient11	M-ST-30	allowed	M1_spatial_concat_kmeans	4	seed_37	success		success		6240	3	173	75	0.08457644318359692	0.32088399480429375	80	50	8	8	3.0	4.0	False	0.1327338480538527	0.04815740487025577	0.15007730410370526	0.4624277456647399	0.6666666666666666	0.11292346298619825	0.039752312636786594	0.05416088048884341		4		0.03540152398865448	jbcb-readout-withholding-20261007-v1|GSE294385|M-ST-30|M1_spatial_concat_kmeans|4|seed_37|count_only	1000.0	0.030778045176877766	jbcb-readout-withholding-20261007-v1|GSE294385|M-ST-30|M1_spatial_concat_kmeans|4|seed_37|block_matched	1000.0	True
GSE294385	Patient11	M-ST-30	allowed	M1_spatial_concat_kmeans	6	seed_11	success		not_evaluable	selected_band_support_below_threshold	6240	3	173	75	0.08457644318359692	0.32088399480429375	36	10	5	5	3.0	5.0	False	0.09399276280391344	0.009416319620316527	0.029344933910024133	0.20809248554913296	0.13333333333333333	0.14809960681520315				6								False
GSE294385	Patient11	M-ST-30	allowed	M1_spatial_concat_kmeans	6	seed_23	success		not_evaluable	selected_band_support_below_threshold	6240	3	173	75	0.08457644318359692	0.32088399480429375	36	10	5	5	3.0	2.0	False	0.09399276280391344	0.009416319620316527	0.029344933910024133	0.20809248554913296	0.13333333333333333	0.14122137404580154				6								False
GSE294385	Patient11	M-ST-30	allowed	M1_spatial_concat_kmeans	6	seed_37	success		not_evaluable	selected_band_support_below_threshold	6240	3	173	75	0.08457644318359692	0.32088399480429375	36	10	5	5	4.0	3.0	False	0.09399276280391344	0.009416319620316527	0.029344933910024133	0.20809248554913296	0.13333333333333333	0.15072083879423329				6								False
GSE294385	Patient11	M-ST-30	allowed	M2_spatial_ward	4	neighbors_4	success		success		6240	3	173	75	0.08457644318359692	0.32088399480429375	123	63	10	7	4.0	1.0	False	-0.013903798893480701	0.09848024207707762	0.3069029420963811	0.7109826589595376	0.84	0.10292887029288703	0.23951123213055917	-0.00475945813659341	the number of connected components of the connectivity matrix is 3 > 1. Completing it to avoid stopping the tree early.	4		0.021624921110525275	jbcb-readout-withholding-20261007-v1|GSE294385|M-ST-30|M2_spatial_ward|4|neighbors_4|count_only	1000.0	0.10000747601705151	jbcb-readout-withholding-20261007-v1|GSE294385|M-ST-30|M2_spatial_ward|4|neighbors_4|block_matched	1000.0	True
GSE294385	Patient11	M-ST-30	allowed	M2_spatial_ward	4	neighbors_6	success		success		6240	3	173	75	0.08457644318359692	0.32088399480429375	119	63	8	7	3.0	2.0	False	-0.017341312762936267	0.10191775594653318	0.31761557945167235	0.6878612716763006	0.84	0.10996724379971923	0.24271704017951365	0.0		4		0.024033742486656573	jbcb-readout-withholding-20261007-v1|GSE294385|M-ST-30|M2_spatial_ward|4|neighbors_6|count_only	1000.0	0.10191775594653318	jbcb-readout-withholding-20261007-v1|GSE294385|M-ST-30|M2_spatial_ward|4|neighbors_6|block_matched	1000.0	True
GSE294385	Patient11	M-ST-30	allowed	M2_spatial_ward	4	neighbors_8	success		success		6240	3	173	75	0.08457644318359692	0.32088399480429375	119	63	8	7	1.0	2.0	False	-0.017341312762936267	0.10191775594653318	0.31761557945167235	0.6878612716763006	0.84	0.10603371783496007	0.24271704017951365	0.0		4		0.024033742486656573	jbcb-readout-withholding-20261007-v1|GSE294385|M-ST-30|M2_spatial_ward|4|neighbors_8|count_only	1000.0	0.10191775594653318	jbcb-readout-withholding-20261007-v1|GSE294385|M-ST-30|M2_spatial_ward|4|neighbors_8|block_matched	1000.0	True
GSE294385	Patient11	M-ST-30	allowed	M2_spatial_ward	6	neighbors_4	success		success		6240	3	173	75	0.08457644318359692	0.32088399480429375	107	48	7	6	4.0	1.0	False	0.020291881208966966	0.06428456197462995	0.20033583168844843	0.6184971098265896	0.64	0.1775618374558304	0.10059702567415321	0.03372579049648906	the number of connected components of the connectivity matrix is 3 > 1. Completing it to avoid stopping the tree early.	6		0.032004586510877564	jbcb-readout-withholding-20261007-v1|GSE294385|M-ST-30|M2_spatial_ward|6|neighbors_4|count_only	1000.0	0.053462495592183856	jbcb-readout-withholding-20261007-v1|GSE294385|M-ST-30|M2_spatial_ward|6|neighbors_4|block_matched	1000.0	True
GSE294385	Patient11	M-ST-30	allowed	M2_spatial_ward	6	neighbors_6	success		success		6240	3	173	75	0.08457644318359692	0.32088399480429375	119	63	8	7	3.0	1.0	False	-0.017341312762936267	0.10191775594653318	0.31761557945167235	0.6878612716763006	0.84	0.10996724379971923	0.25016399845869425	0.0		6		0.021644132764892188	jbcb-readout-withholding-20261007-v1|GSE294385|M-ST-30|M2_spatial_ward|6|neighbors_6|count_only	1000.0	0.10191775594653318	jbcb-readout-withholding-20261007-v1|GSE294385|M-ST-30|M2_spatial_ward|6|neighbors_6|block_matched	1000.0	True
GSE294385	Patient11	M-ST-30	allowed	M2_spatial_ward	6	neighbors_8	success		not_evaluable	selected_band_support_below_threshold	6240	3	173	75	0.08457644318359692	0.32088399480429375	33	12	4	3	5.0	4.0	False	0.635851524905843	0.551275081722246	1.7179887144526083	0.1907514450867052	0.16	0.13953488372093023				6								False
GSE294385	Patient11	M-ST-30	allowed	M3_spatial_leiden	4	seed_11	success		success		6240	3	173	75	0.08457644318359692	0.32088399480429375	76	26	5	4	2.0	3.0	False	-0.16506908011879728	0.2496455233023942	0.7779930671040551	0.4393063583815029	0.3466666666666667	0.12226277372262774	0.6097356443841982	0.07788476501438854		4	0.025148668593658708	0.05399111395782241	jbcb-readout-withholding-20261007-v1|GSE294385|M-ST-30|M3_spatial_leiden|4|seed_11|count_only	1000.0	0.2246535487701835	jbcb-readout-withholding-20261007-v1|GSE294385|M-ST-30|M3_spatial_leiden|4|seed_11|block_matched	1000.0	True
GSE294385	Patient11	M-ST-30	allowed	M3_spatial_leiden	4	seed_23	success		not_evaluable	selected_band_support_below_threshold	6240	3	173	75	0.08457644318359692	0.32088399480429375	50	12	4	3	4.0	3.0	False	0.1140621743250625	0.029485731141465576	0.09188906775935908	0.28901734104046245	0.16	0.08813559322033898				4	0.03976353643835254							False
GSE294385	Patient11	M-ST-30	allowed	M3_spatial_leiden	4	seed_37	success		not_evaluable	selected_band_support_below_threshold	6240	3	173	75	0.08457644318359692	0.32088399480429375	50	12	4	3	4.0	3.0	False	0.1140621743250625	0.029485731141465576	0.09188906775935908	0.28901734104046245	0.16	0.08616780045351474				4	0.03162277660168379							False
GSE294385	Patient11	M-ST-30	allowed	M3_spatial_leiden	6	seed_11	success		not_evaluable	selected_band_support_below_threshold	6240	3	173	75	0.08457644318359692	0.32088399480429375	53	12	4	3	5.0	4.0	False	0.1066965106700315	0.02212006748643458	0.0689347796854921	0.3063583815028902	0.16	0.11171662125340599				6	0.05							False
GSE294385	Patient11	M-ST-30	allowed	M3_spatial_leiden	6	seed_23	success		not_evaluable	selected_band_support_below_threshold	6240	3	173	75	0.08457644318359692	0.32088399480429375	38	18	3	3	2.0	5.0	False	-0.23362787542404084	0.31820431860763776	0.9916490811631464	0.21965317919075145	0.24	0.14661654135338345				6	0.05							False
GSE294385	Patient11	M-ST-30	allowed	M3_spatial_leiden	6	seed_37	success		not_evaluable	selected_band_support_below_threshold	6240	3	173	75	0.08457644318359692	0.32088399480429375	50	12	4	3	5.0	4.0	False	0.1140621743250625	0.029485731141465576	0.09188906775935908	0.28901734104046245	0.16	0.11078717201166181				6	0.059460355750136064							False
GSE294385	Patient11	M-ST-30	withheld	M0_expr_kmeans	4	seed_11	success		success		6240	0	173	75	0.08457644318359692	0.32088399480429375	80	50	8	8	3.0	1.0	False	0.1327338480538527	0.04815740487025577	0.15007730410370526	0.4624277456647399	0.6666666666666666	0.11209068010075567	0.037657100575597575	0.06012085098361705		4		0.03607384400481095	jbcb-readout-withholding-20261007-v1|GSE294385|M-ST-30|M0_expr_kmeans|4|seed_11|count_only	1000.0	0.028865586035599078	jbcb-readout-withholding-20261007-v1|GSE294385|M-ST-30|M0_expr_kmeans|4|seed_11|block_matched	1000.0	True
GSE294385	Patient11	M-ST-30	withheld	M0_expr_kmeans	4	seed_23	success		success		6240	0	173	75	0.08457644318359692	0.32088399480429375	80	50	8	8	3.0	4.0	False	0.1327338480538527	0.04815740487025577	0.15007730410370526	0.4624277456647399	0.6666666666666666	0.11209068010075567	0.03056496678688002	0.059143744843399904		4		0.03834959622662115	jbcb-readout-withholding-20261007-v1|GSE294385|M-ST-30|M0_expr_kmeans|4|seed_23|count_only	1000.0	0.02917912375721976	jbcb-readout-withholding-20261007-v1|GSE294385|M-ST-30|M0_expr_kmeans|4|seed_23|block_matched	1000.0	True
GSE294385	Patient11	M-ST-30	withheld	M0_expr_kmeans	4	seed_37	success		success		6240	0	173	75	0.08457644318359692	0.32088399480429375	80	50	8	8	3.0	2.0	False	0.1327338480538527	0.04815740487025577	0.15007730410370526	0.4624277456647399	0.6666666666666666	0.11264946507237256	0.024284666695147845	0.046052332406415854		4		0.040364844008625944	jbcb-readout-withholding-20261007-v1|GSE294385|M-ST-30|M0_expr_kmeans|4|seed_37|count_only	1000.0	0.03337994847762982	jbcb-readout-withholding-20261007-v1|GSE294385|M-ST-30|M0_expr_kmeans|4|seed_37|block_matched	1000.0	True
GSE294385	Patient11	M-ST-30	withheld	M0_expr_kmeans	6	seed_11	success		not_evaluable	selected_band_support_below_threshold	6240	0	173	75	0.08457644318359692	0.32088399480429375	36	10	5	5	3.0	1.0	False	0.09399276280391344	0.009416319620316527	0.029344933910024133	0.20809248554913296	0.13333333333333333	0.1434010152284264				6								False
GSE294385	Patient11	M-ST-30	withheld	M0_expr_kmeans	6	seed_23	success		not_evaluable	selected_band_support_below_threshold	6240	0	173	75	0.08457644318359692	0.32088399480429375	36	10	5	5	3.0	2.0	False	0.09399276280391344	0.009416319620316527	0.029344933910024133	0.20809248554913296	0.13333333333333333	0.1434010152284264				6								False
GSE294385	Patient11	M-ST-30	withheld	M0_expr_kmeans	6	seed_37	success		not_evaluable	selected_band_support_below_threshold	6240	0	173	75	0.08457644318359692	0.32088399480429375	38	16	5	5	4.0	3.0	False	0.20818871638788217	0.12361227320428525	0.3852241782257667	0.21965317919075145	0.21333333333333335	0.17050067658998647				6								False
GSE294385	Patient11	M-ST-30	withheld	M1_spatial_concat_kmeans	4	seed_11	success		success		6240	0	173	75	0.08457644318359692	0.32088399480429375	80	50	8	8	4.0	2.0	False	0.1327338480538527	0.04815740487025577	0.15007730410370526	0.4624277456647399	0.6666666666666666	0.11264946507237256	0.03755716977507074	0.04490277781951671		4		0.036105910199287994	jbcb-readout-withholding-20261007-v1|GSE294385|M-ST-30|M1_spatial_concat_kmeans|4|seed_11|count_only	1000.0	0.033748822145719615	jbcb-readout-withholding-20261007-v1|GSE294385|M-ST-30|M1_spatial_concat_kmeans|4|seed_11|block_matched	1000.0	True
GSE294385	Patient11	M-ST-30	withheld	M1_spatial_concat_kmeans	4	seed_23	success		success		6240	0	173	75	0.08457644318359692	0.32088399480429375	80	50	8	8	1.0	4.0	False	0.1327338480538527	0.04815740487025577	0.15007730410370526	0.4624277456647399	0.6666666666666666	0.11264946507237256	0.03122903482383506	0.05292215496523844		4		0.038136507422101174	jbcb-readout-withholding-20261007-v1|GSE294385|M-ST-30|M1_spatial_concat_kmeans|4|seed_23|count_only	1000.0	0.031175532371358172	jbcb-readout-withholding-20261007-v1|GSE294385|M-ST-30|M1_spatial_concat_kmeans|4|seed_23|block_matched	1000.0	True
GSE294385	Patient11	M-ST-30	withheld	M1_spatial_concat_kmeans	4	seed_37	success		success		6240	0	173	75	0.08457644318359692	0.32088399480429375	80	50	8	8	3.0	4.0	False	0.1327338480538527	0.04815740487025577	0.15007730410370526	0.4624277456647399	0.6666666666666666	0.11264946507237256	0.039752312636786594	0.05416088048884341		4		0.03540152398865448	jbcb-readout-withholding-20261007-v1|GSE294385|M-ST-30|M1_spatial_concat_kmeans|4|seed_37|count_only	1000.0	0.030778045176877766	jbcb-readout-withholding-20261007-v1|GSE294385|M-ST-30|M1_spatial_concat_kmeans|4|seed_37|block_matched	1000.0	True
GSE294385	Patient11	M-ST-30	withheld	M1_spatial_concat_kmeans	6	seed_11	success		not_evaluable	selected_band_support_below_threshold	6240	0	173	75	0.08457644318359692	0.32088399480429375	37	11	5	5	4.0	3.0	False	0.09501540932016228	0.010438966136565364	0.03253190033031115	0.2138728323699422	0.14666666666666667	0.15135834411384216				6								False
GSE294385	Patient11	M-ST-30	withheld	M1_spatial_concat_kmeans	6	seed_23	success		not_evaluable	selected_band_support_below_threshold	6240	0	173	75	0.08457644318359692	0.32088399480429375	36	11	5	5	3.0	2.0	False	0.09586467624506856	0.011288233061471642	0.03517854814901661	0.20809248554913296	0.14666666666666667	0.14702154626108999				6								False
GSE294385	Patient11	M-ST-30	withheld	M1_spatial_concat_kmeans	6	seed_37	success		not_evaluable	selected_band_support_below_threshold	6240	0	173	75	0.08457644318359692	0.32088399480429375	37	11	5	5	3.0	2.0	False	0.09501540932016228	0.010438966136565364	0.03253190033031115	0.2138728323699422	0.14666666666666667	0.15135834411384216				6								False
GSE294385	Patient11	M-ST-30	withheld	M2_spatial_ward	4	neighbors_4	success		success		6240	0	173	75	0.08457644318359692	0.32088399480429375	123	63	10	7	4.0	1.0	False	-0.013903798893480701	0.09848024207707762	0.3069029420963811	0.7109826589595376	0.84	0.10292887029288703	0.23951123213055917	-0.00475945813659341	the number of connected components of the connectivity matrix is 3 > 1. Completing it to avoid stopping the tree early.	4		0.021624921110525275	jbcb-readout-withholding-20261007-v1|GSE294385|M-ST-30|M2_spatial_ward|4|neighbors_4|count_only	1000.0	0.10000747601705151	jbcb-readout-withholding-20261007-v1|GSE294385|M-ST-30|M2_spatial_ward|4|neighbors_4|block_matched	1000.0	True
GSE294385	Patient11	M-ST-30	withheld	M2_spatial_ward	4	neighbors_6	success		success		6240	0	173	75	0.08457644318359692	0.32088399480429375	119	63	8	7	3.0	2.0	False	-0.017341312762936267	0.10191775594653318	0.31761557945167235	0.6878612716763006	0.84	0.11074458058435438	0.24271704017951365	0.0		4		0.024033742486656573	jbcb-readout-withholding-20261007-v1|GSE294385|M-ST-30|M2_spatial_ward|4|neighbors_6|count_only	1000.0	0.10191775594653318	jbcb-readout-withholding-20261007-v1|GSE294385|M-ST-30|M2_spatial_ward|4|neighbors_6|block_matched	1000.0	True
GSE294385	Patient11	M-ST-30	withheld	M2_spatial_ward	4	neighbors_8	success		success		6240	0	173	75	0.08457644318359692	0.32088399480429375	107	51	7	6	3.0	4.0	False	0.036741255703401254	0.04783518748019566	0.14907314872270339	0.6184971098265896	0.68	0.21794871794871795	0.060048317589184136	0.0		4		0.02856664345090132	jbcb-readout-withholding-20261007-v1|GSE294385|M-ST-30|M2_spatial_ward|4|neighbors_8|count_only	1000.0	0.04783518748019566	jbcb-readout-withholding-20261007-v1|GSE294385|M-ST-30|M2_spatial_ward|4|neighbors_8|block_matched	1000.0	True
GSE294385	Patient11	M-ST-30	withheld	M2_spatial_ward	6	neighbors_4	success		success		6240	0	173	75	0.08457644318359692	0.32088399480429375	107	48	7	6	4.0	1.0	False	0.020291881208966966	0.06428456197462995	0.20033583168844843	0.6184971098265896	0.64	0.1775618374558304	0.10059702567415321	0.03372579049648906	the number of connected components of the connectivity matrix is 3 > 1. Completing it to avoid stopping the tree early.	6		0.032004586510877564	jbcb-readout-withholding-20261007-v1|GSE294385|M-ST-30|M2_spatial_ward|6|neighbors_4|count_only	1000.0	0.053462495592183856	jbcb-readout-withholding-20261007-v1|GSE294385|M-ST-30|M2_spatial_ward|6|neighbors_4|block_matched	1000.0	True
GSE294385	Patient11	M-ST-30	withheld	M2_spatial_ward	6	neighbors_6	success		success		6240	0	173	75	0.08457644318359692	0.32088399480429375	119	63	8	7	3.0	1.0	False	-0.017341312762936267	0.10191775594653318	0.31761557945167235	0.6878612716763006	0.84	0.11074458058435438	0.25016399845869425	0.0		6		0.021644132764892188	jbcb-readout-withholding-20261007-v1|GSE294385|M-ST-30|M2_spatial_ward|6|neighbors_6|count_only	1000.0	0.10191775594653318	jbcb-readout-withholding-20261007-v1|GSE294385|M-ST-30|M2_spatial_ward|6|neighbors_6|block_matched	1000.0	True
GSE294385	Patient11	M-ST-30	withheld	M2_spatial_ward	6	neighbors_8	success		success		6240	0	173	75	0.08457644318359692	0.32088399480429375	107	51	7	6	3.0	4.0	False	0.036741255703401254	0.04783518748019566	0.14907314872270339	0.6184971098265896	0.68	0.21794871794871795	0.05239859435418975	0.0		6		0.031021317201693543	jbcb-readout-withholding-20261007-v1|GSE294385|M-ST-30|M2_spatial_ward|6|neighbors_8|count_only	1000.0	0.04783518748019566	jbcb-readout-withholding-20261007-v1|GSE294385|M-ST-30|M2_spatial_ward|6|neighbors_8|block_matched	1000.0	False
GSE294385	Patient11	M-ST-30	withheld	M3_spatial_leiden	4	seed_11	success		success		6240	0	173	75	0.08457644318359692	0.32088399480429375	76	26	5	4	2.0	3.0	False	-0.16506908011879728	0.2496455233023942	0.7779930671040551	0.4393063583815029	0.3466666666666667	0.12384473197781885	0.6097356443841982	0.07788476501438854		4	0.03162277660168379	0.05399111395782241	jbcb-readout-withholding-20261007-v1|GSE294385|M-ST-30|M3_spatial_leiden|4|seed_11|count_only	1000.0	0.2246535487701835	jbcb-readout-withholding-20261007-v1|GSE294385|M-ST-30|M3_spatial_leiden|4|seed_11|block_matched	1000.0	True
GSE294385	Patient11	M-ST-30	withheld	M3_spatial_leiden	4	seed_23	success		not_evaluable	selected_band_support_below_threshold	6240	0	173	75	0.08457644318359692	0.32088399480429375	55	14	4	3	2.0	3.0	False	0.09244803356712361	0.007871590383526694	0.024530953587534196	0.3179190751445087	0.18666666666666668	0.08943089430894309				4	0.03546030780581205							False
GSE294385	Patient11	M-ST-30	withheld	M3_spatial_leiden	4	seed_37	success		not_evaluable	selected_band_support_below_threshold	6240	0	173	75	0.08457644318359692	0.32088399480429375	55	14	4	3	1.0	3.0	False	0.09244803356712361	0.007871590383526694	0.024530953587534196	0.3179190751445087	0.18666666666666668	0.08970438328236494				4	0.03162277660168379							False
GSE294385	Patient11	M-ST-30	withheld	M3_spatial_leiden	6	seed_11	success		not_evaluable	selected_band_support_below_threshold	6240	0	173	75	0.08457644318359692	0.32088399480429375	22	14	2	2	1.0	5.0	False	-0.4279468642565081	0.512523307440105	1.5972230330549566	0.12716763005780346	0.18666666666666668	0.12944162436548223				6	0.05							False
GSE294385	Patient11	M-ST-30	withheld	M3_spatial_leiden	6	seed_23	success		not_evaluable	selected_band_support_below_threshold	6240	0	173	75	0.08457644318359692	0.32088399480429375	50	12	4	3	5.0	4.0	False	0.1140621743250625	0.029485731141465576	0.09188906775935908	0.28901734104046245	0.16	0.11320754716981132				6	0.05							False
GSE294385	Patient11	M-ST-30	withheld	M3_spatial_leiden	6	seed_37	success		not_evaluable	selected_band_support_below_threshold	6240	0	173	75	0.08457644318359692	0.32088399480429375	50	12	4	3	3.0	4.0	False	0.1140621743250625	0.029485731141465576	0.09188906775935908	0.28901734104046245	0.16	0.11078717201166181				6	0.05693943173783459							False
GSE294385	Patient9	M-ST-31	allowed	M0_expr_kmeans	4	seed_11	success		success		4330	3	694	251	0.13078551282351314	0.34183923466125565	376	135	13	9	2.0	3.0	False	0.0799630415764927	0.05082247124702044	0.14867360470597468	0.5417867435158501	0.5378486055776892	0.48361252731245447	0.08846745035495401	-0.16844641164073407		4		0.02058082572525033	jbcb-readout-withholding-20261007-v1|GSE294385|M-ST-31|M0_expr_kmeans|4|seed_11|count_only	1000.0	0.1084040636837238	jbcb-readout-withholding-20261007-v1|GSE294385|M-ST-31|M0_expr_kmeans|4|seed_11|block_matched	1000.0	True
GSE294385	Patient9	M-ST-31	allowed	M0_expr_kmeans	4	seed_23	success		success		4330	3	694	251	0.13078551282351314	0.34183923466125565	376	135	13	9	2.0	1.0	False	0.0799630415764927	0.05082247124702044	0.14867360470597468	0.5417867435158501	0.5378486055776892	0.48361252731245447	0.0879500791455963	-0.16882653212069446		4		0.02075768350349294	jbcb-readout-withholding-20261007-v1|GSE294385|M-ST-31|M0_expr_kmeans|4|seed_23|count_only	1000.0	0.10853400377767253	jbcb-readout-withholding-20261007-v1|GSE294385|M-ST-31|M0_expr_kmeans|4|seed_23|block_matched	1000.0	True
GSE294385	Patient9	M-ST-31	allowed	M0_expr_kmeans	4	seed_37	success		success		4330	3	694	251	0.13078551282351314	0.34183923466125565	376	135	13	9	2.0	1.0	False	0.0799630415764927	0.05082247124702044	0.14867360470597468	0.5417867435158501	0.5378486055776892	0.48361252731245447	0.08900157920589263	-0.16819625812510075		4		0.020398239527634976	jbcb-readout-withholding-20261007-v1|GSE294385|M-ST-31|M0_expr_kmeans|4|seed_37|count_only	1000.0	0.10831855139739188	jbcb-readout-withholding-20261007-v1|GSE294385|M-ST-31|M0_expr_kmeans|4|seed_37|block_matched	1000.0	True
GSE294385	Patient9	M-ST-31	allowed	M0_expr_kmeans	6	seed_11	success		success		4330	3	694	251	0.13078551282351314	0.34183923466125565	213	131	12	8	2.0	1.0	False	0.1753976089542837	0.04461209613077055	0.1305060730520847	0.3069164265129683	0.5219123505976095	0.5682352941176471	0.05331679601939913	-0.07031951573035507		6		0.026386323384908872	jbcb-readout-withholding-20261007-v1|GSE294385|M-ST-31|M0_expr_kmeans|6|seed_11|count_only	1000.0	0.06865006556978526	jbcb-readout-withholding-20261007-v1|GSE294385|M-ST-31|M0_expr_kmeans|6|seed_11|block_matched	1000.0	True
GSE294385	Patient9	M-ST-31	allowed	M0_expr_kmeans	6	seed_23	success		success		4330	3	694	251	0.13078551282351314	0.34183923466125565	213	131	12	8	2.0	6.0	False	0.1753976089542837	0.04461209613077055	0.1305060730520847	0.3069164265129683	0.5219123505976095	0.5669014084507042	0.05094103364169898	-0.06786422749380151		6		0.027198452177838894	jbcb-readout-withholding-20261007-v1|GSE294385|M-ST-31|M0_expr_kmeans|6|seed_23|count_only	1000.0	0.067810751718129	jbcb-readout-withholding-20261007-v1|GSE294385|M-ST-31|M0_expr_kmeans|6|seed_23|block_matched	1000.0	True
GSE294385	Patient9	M-ST-31	allowed	M0_expr_kmeans	6	seed_37	success		success		4330	3	694	251	0.13078551282351314	0.34183923466125565	222	131	12	8	1.0	4.0	False	0.17346157376953864	0.042676060946025496	0.12484248915521702	0.31988472622478387	0.5219123505976095	0.5706018518518519	0.04281558502363772	-0.07819767028181637		6		0.028040014129971258	jbcb-readout-withholding-20261007-v1|GSE294385|M-ST-31|M0_expr_kmeans|6|seed_37|count_only	1000.0	0.06940709270745482	jbcb-readout-withholding-20261007-v1|GSE294385|M-ST-31|M0_expr_kmeans|6|seed_37|block_matched	1000.0	True
GSE294385	Patient9	M-ST-31	allowed	M1_spatial_concat_kmeans	4	seed_11	success		success		4330	3	694	251	0.13078551282351314	0.34183923466125565	376	135	13	9	2.0	3.0	False	0.0799630415764927	0.05082247124702044	0.14867360470597468	0.5417867435158501	0.5378486055776892	0.4839650145772595	0.08664964587714118	-0.1648433530897773		4		0.021202222616709676	jbcb-readout-withholding-20261007-v1|GSE294385|M-ST-31|M1_spatial_concat_kmeans|4|seed_11|count_only	1000.0	0.10717239690622504	jbcb-readout-withholding-20261007-v1|GSE294385|M-ST-31|M1_spatial_concat_kmeans|4|seed_11|block_matched	1000.0	True
GSE294385	Patient9	M-ST-31	allowed	M1_spatial_concat_kmeans	4	seed_23	success		success		4330	3	694	251	0.13078551282351314	0.34183923466125565	375	135	13	9	2.0	4.0	False	0.0808333982229894	0.049952114600523734	0.14612750537551256	0.5403458213256485	0.5378486055776892	0.48358862144420134	0.08581447965516657	-0.17094877194246555		4		0.020617358552347698	jbcb-readout-withholding-20261007-v1|GSE294385|M-ST-31|M1_spatial_concat_kmeans|4|seed_23|count_only	1000.0	0.10838911196761769	jbcb-readout-withholding-20261007-v1|GSE294385|M-ST-31|M1_spatial_concat_kmeans|4|seed_23|block_matched	1000.0	True
GSE294385	Patient9	M-ST-31	allowed	M1_spatial_concat_kmeans	4	seed_37	success		success		4330	3	694	251	0.13078551282351314	0.34183923466125565	375	135	13	9	2.0	1.0	False	0.0808333982229894	0.049952114600523734	0.14612750537551256	0.5403458213256485	0.5378486055776892	0.48323615160349853	0.08564117318906787	-0.16899454439932593		4		0.020676601502080727	jbcb-readout-withholding-20261007-v1|GSE294385|M-ST-31|M1_spatial_concat_kmeans|4|seed_37|count_only	1000.0	0.1077210803199169	jbcb-readout-withholding-20261007-v1|GSE294385|M-ST-31|M1_spatial_concat_kmeans|4|seed_37|block_matched	1000.0	True
GSE294385	Patient9	M-ST-31	allowed	M1_spatial_concat_kmeans	6	seed_11	success		success		4330	3	694	251	0.13078551282351314	0.34183923466125565	191	130	11	8	4.0	3.0	False	0.18333930384460428	0.052553791021091145	0.15373832401997137	0.27521613832853026	0.5179282868525896	0.5373134328358209	0.06378003066250756	-0.040909255012394174		6		0.030751274152748143	jbcb-readout-withholding-20261007-v1|GSE294385|M-ST-31|M1_spatial_concat_kmeans|6|seed_11|count_only	1000.0	0.0665381794450901	jbcb-readout-withholding-20261007-v1|GSE294385|M-ST-31|M1_spatial_concat_kmeans|6|seed_11|block_matched	1000.0	True
GSE294385	Patient9	M-ST-31	allowed	M1_spatial_concat_kmeans	6	seed_23	success		success		4330	3	694	251	0.13078551282351314	0.34183923466125565	213	131	12	8	5.0	2.0	False	0.1753976089542837	0.04461209613077055	0.1305060730520847	0.3069164265129683	0.5219123505976095	0.5608342989571263	0.04658816559190285	-0.06730321401249971		6		0.028686433260562638	jbcb-readout-withholding-20261007-v1|GSE294385|M-ST-31|M1_spatial_concat_kmeans|6|seed_23|count_only	1000.0	0.06761897529904615	jbcb-readout-withholding-20261007-v1|GSE294385|M-ST-31|M1_spatial_concat_kmeans|6|seed_23|block_matched	1000.0	True
GSE294385	Patient9	M-ST-31	allowed	M1_spatial_concat_kmeans	6	seed_37	success		success		4330	3	694	251	0.13078551282351314	0.34183923466125565	193	131	11	8	3.0	6.0	False	0.18016456914185208	0.04937905631833894	0.144451108332462	0.2780979827089337	0.5219123505976095	0.5476744186046512	0.06291758892767102	-0.050954848900216114		6		0.02787135587257239	jbcb-readout-withholding-20261007-v1|GSE294385|M-ST-31|M1_spatial_concat_kmeans|6|seed_37|count_only	1000.0	0.06679742286866874	jbcb-readout-withholding-20261007-v1|GSE294385|M-ST-31|M1_spatial_concat_kmeans|6|seed_37|block_matched	1000.0	True
GSE294385	Patient9	M-ST-31	allowed	M2_spatial_ward	4	neighbors_4	success		success		4330	3	694	251	0.13078551282351314	0.34183923466125565	166	104	5	4	4.0	3.0	False	0.07080708437315897	0.05997842845035417	0.17545800004434708	0.23919308357348704	0.41434262948207173	0.46946564885496184	0.07264003221726616	0.143075436896082	the number of connected components of the connectivity matrix is 5 > 1. Completing it to avoid stopping the tree early.	4		0.03514721543143495	jbcb-readout-withholding-20261007-v1|GSE294385|M-ST-31|M2_spatial_ward|4|neighbors_4|count_only	1000.0	0.011069630602972724	jbcb-readout-withholding-20261007-v1|GSE294385|M-ST-31|M2_spatial_ward|4|neighbors_4|block_matched	1000.0	True
GSE294385	Patient9	M-ST-31	allowed	M2_spatial_ward	4	neighbors_6	success		success		4330	3	694	251	0.13078551282351314	0.34183923466125565	139	104	4	4	4.0	2.0	False	0.06584491586979824	0.0649405969537149	0.18997408831103765	0.20028818443804033	0.41434262948207173	0.4815340909090909	0.07948849771812833	0.15125012068193436	the number of connected components of the connectivity matrix is 4 > 1. Completing it to avoid stopping the tree early.	4		0.03776830972937695	jbcb-readout-withholding-20261007-v1|GSE294385|M-ST-31|M2_spatial_ward|4|neighbors_6|count_only	1000.0	0.01323737145737991	jbcb-readout-withholding-20261007-v1|GSE294385|M-ST-31|M2_spatial_ward|4|neighbors_6|block_matched	1000.0	True
GSE294385	Patient9	M-ST-31	allowed	M2_spatial_ward	4	neighbors_8	success		success		4330	3	694	251	0.13078551282351314	0.34183923466125565	148	100	5	5	2.0	4.0	False	0.08429691932383854	0.0464885934996746	0.13599548789577154	0.2132564841498559	0.398406374501992	0.4766483516483517	0.029172036986563652	0.08225619391112039	the number of connected components of the connectivity matrix is 4 > 1. Completing it to avoid stopping the tree early.	4		0.03651644670267784	jbcb-readout-withholding-20261007-v1|GSE294385|M-ST-31|M2_spatial_ward|4|neighbors_8|count_only	1000.0	0.01837019912694937	jbcb-readout-withholding-20261007-v1|GSE294385|M-ST-31|M2_spatial_ward|4|neighbors_8|block_matched	1000.0	True
GSE294385	Patient9	M-ST-31	allowed	M2_spatial_ward	6	neighbors_4	success		success		4330	3	694	251	0.13078551282351314	0.34183923466125565	166	104	5	4	4.0	1.0	False	0.07080708437315897	0.05997842845035417	0.17545800004434708	0.23919308357348704	0.41434262948207173	0.46946564885496184	0.07304064744930565	0.143075436896082	the number of connected components of the connectivity matrix is 5 > 1. Completing it to avoid stopping the tree early.	6		0.03501026942712093	jbcb-readout-withholding-20261007-v1|GSE294385|M-ST-31|M2_spatial_ward|6|neighbors_4|count_only	1000.0	0.011069630602972724	jbcb-readout-withholding-20261007-v1|GSE294385|M-ST-31|M2_spatial_ward|6|neighbors_4|block_matched	1000.0	True
GSE294385	Patient9	M-ST-31	allowed	M2_spatial_ward	6	neighbors_6	success		not_evaluable	selected_band_support_below_threshold	4330	3	694	251	0.13078551282351314	0.34183923466125565	56	77	2	2	4.0	3.0	False	0.21554957616978299	0.08476406334626985	0.24796470022016778	0.08069164265129683	0.30677290836653387	0.5297872340425532			the number of connected components of the connectivity matrix is 4 > 1. Completing it to avoid stopping the tree early.	6								False
GSE294385	Patient9	M-ST-31	allowed	M2_spatial_ward	6	neighbors_8	success		success		4330	3	694	251	0.13078551282351314	0.34183923466125565	198	22	6	3	3.0	6.0	False	-0.08392802157391732	0.21471353439743046	0.6281126115034749	0.28530259365994237	0.08764940239043825	0.5182186234817814	0.38546623150363535	0.36128246142977366	the number of connected components of the connectivity matrix is 4 > 1. Completing it to avoid stopping the tree early.	6		0.08294605283246936	jbcb-readout-withholding-20261007-v1|GSE294385|M-ST-31|M2_spatial_ward|6|neighbors_8|count_only	1000.0	0.09121301428574202	jbcb-readout-withholding-20261007-v1|GSE294385|M-ST-31|M2_spatial_ward|6|neighbors_8|block_matched	1000.0	True
GSE294385	Patient9	M-ST-31	allowed	M3_spatial_leiden	4	seed_11	not_evaluable	no_exact_K_resolution	not_evaluable	fit_unavailable	4330	3	694	251	0.13078551282351314	0.34183923466125565	0	0	0	0			False										5	0.01							False
GSE294385	Patient9	M-ST-31	allowed	M3_spatial_leiden	4	seed_23	not_evaluable	no_exact_K_resolution	not_evaluable	fit_unavailable	4330	3	694	251	0.13078551282351314	0.34183923466125565	0	0	0	0			False										5	0.01							False
GSE294385	Patient9	M-ST-31	allowed	M3_spatial_leiden	4	seed_37	not_evaluable	no_exact_K_resolution	not_evaluable	fit_unavailable	4330	3	694	251	0.13078551282351314	0.34183923466125565	0	0	0	0			False										5	0.01							False
GSE294385	Patient9	M-ST-31	allowed	M3_spatial_leiden	6	seed_11	success		success		4330	3	694	251	0.13078551282351314	0.34183923466125565	336	140	10	7	1.0	2.0	False	0.12411545473034025	0.0066700580931728926	0.019512266050392264	0.484149855907781	0.5577689243027888	0.3802304426925409	-0.04677611845481235	0.0		6	0.02	0.022659970626190185	jbcb-readout-withholding-20261007-v1|GSE294385|M-ST-31|M3_spatial_leiden|6|seed_11|count_only	1000.0	0.0066700580931728926	jbcb-readout-withholding-20261007-v1|GSE294385|M-ST-31|M3_spatial_leiden|6|seed_11|block_matched	1000.0	True
GSE294385	Patient9	M-ST-31	allowed	M3_spatial_leiden	6	seed_23	success		success		4330	3	694	251	0.13078551282351314	0.34183923466125565	243	124	7	5	1.0	2.0	False	0.07664373792090018	0.05414177490261296	0.15838373543126072	0.35014409221902015	0.4940239043824701	0.3795093795093795	0.07624575585551266	0.04902127374344054		6	0.02	0.02807798407479556	jbcb-readout-withholding-20261007-v1|GSE294385|M-ST-31|M3_spatial_leiden|6|seed_23|count_only	1000.0	0.03738438020403534	jbcb-readout-withholding-20261007-v1|GSE294385|M-ST-31|M3_spatial_leiden|6|seed_23|block_matched	1000.0	True
GSE294385	Patient9	M-ST-31	allowed	M3_spatial_leiden	6	seed_37	success		success		4330	3	694	251	0.13078551282351314	0.34183923466125565	518	174	12	12	2.0	1.0	False	0.2924063116347526	0.16162079881123947	0.47279768506209363	0.7463976945244957	0.6932270916334662	0.3378119001919386	0.4364410025305534	-0.008791269100150208		6	0.02	0.012428140531403953	jbcb-readout-withholding-20261007-v1|GSE294385|M-ST-31|M3_spatial_leiden|6|seed_37|count_only	1000.0	0.16462599951213597	jbcb-readout-withholding-20261007-v1|GSE294385|M-ST-31|M3_spatial_leiden|6|seed_37|block_matched	1000.0	True
GSE294385	Patient9	M-ST-31	withheld	M0_expr_kmeans	4	seed_11	success		success		4330	0	694	251	0.13078551282351314	0.34183923466125565	375	135	13	9	1.0	2.0	False	0.0808333982229894	0.049952114600523734	0.14612750537551256	0.5403458213256485	0.5378486055776892	0.4857142857142857	0.08515523985783743	-0.1721748657308973		4		0.020842712580124934	jbcb-readout-withholding-20261007-v1|GSE294385|M-ST-31|M0_expr_kmeans|4|seed_11|count_only	1000.0	0.10880823892987812	jbcb-readout-withholding-20261007-v1|GSE294385|M-ST-31|M0_expr_kmeans|4|seed_11|block_matched	1000.0	True
GSE294385	Patient9	M-ST-31	withheld	M0_expr_kmeans	4	seed_23	success		success		4330	0	694	251	0.13078551282351314	0.34183923466125565	375	135	13	9	1.0	2.0	False	0.0808333982229894	0.049952114600523734	0.14612750537551256	0.5403458213256485	0.5378486055776892	0.4857142857142857	0.08538890637251637	-0.17296736401730917		4		0.020762836197581125	jbcb-readout-withholding-20261007-v1|GSE294385|M-ST-31|M0_expr_kmeans|4|seed_23|count_only	1000.0	0.1090791459375755	jbcb-readout-withholding-20261007-v1|GSE294385|M-ST-31|M0_expr_kmeans|4|seed_23|block_matched	1000.0	True
GSE294385	Patient9	M-ST-31	withheld	M0_expr_kmeans	4	seed_37	success		success		4330	0	694	251	0.13078551282351314	0.34183923466125565	375	135	13	9	2.0	1.0	False	0.0808333982229894	0.049952114600523734	0.14612750537551256	0.5403458213256485	0.5378486055776892	0.4857142857142857	0.0869919950370209	-0.16813723041385586		4		0.02021483759541276	jbcb-readout-withholding-20261007-v1|GSE294385|M-ST-31|M0_expr_kmeans|4|seed_37|count_only	1000.0	0.10742801676325942	jbcb-readout-withholding-20261007-v1|GSE294385|M-ST-31|M0_expr_kmeans|4|seed_37|block_matched	1000.0	True
GSE294385	Patient9	M-ST-31	withheld	M0_expr_kmeans	6	seed_11	success		success		4330	0	694	251	0.13078551282351314	0.34183923466125565	183	130	11	8	2.0	3.0	False	0.18240816954138128	0.05162265671786814	0.15101442866563702	0.26368876080691644	0.5179282868525896	0.5307068366164542	0.0698608373897993	-0.039146619230075945		6		0.027741481531744716	jbcb-readout-withholding-20261007-v1|GSE294385|M-ST-31|M0_expr_kmeans|6|seed_11|count_only	1000.0	0.0650045070750529	jbcb-readout-withholding-20261007-v1|GSE294385|M-ST-31|M0_expr_kmeans|6|seed_11|block_matched	1000.0	True
GSE294385	Patient9	M-ST-31	withheld	M0_expr_kmeans	6	seed_23	success		success		4330	0	694	251	0.13078551282351314	0.34183923466125565	239	130	12	8	5.0	2.0	False	0.1745767804371272	0.04379126761361407	0.12810486092097903	0.34438040345821325	0.5179282868525896	0.6028537455410226	0.052642903545290214	-0.08041605374638812		6		0.025795857755345764	jbcb-readout-withholding-20261007-v1|GSE294385|M-ST-31|M0_expr_kmeans|6|seed_23|count_only	1000.0	0.07128062988075778	jbcb-readout-withholding-20261007-v1|GSE294385|M-ST-31|M0_expr_kmeans|6|seed_23|block_matched	1000.0	True
GSE294385	Patient9	M-ST-31	withheld	M0_expr_kmeans	6	seed_37	success		success		4330	0	694	251	0.13078551282351314	0.34183923466125565	214	130	12	8	2.0	6.0	False	0.17176644666430874	0.0409809338407956	0.11988364612799787	0.30835734870317005	0.5179282868525896	0.5672514619883041	0.032353564146913594	-0.09148207674430812		6		0.029921216234250814	jbcb-readout-withholding-20261007-v1|GSE294385|M-ST-31|M0_expr_kmeans|6|seed_37|count_only	1000.0	0.07225309694029214	jbcb-readout-withholding-20261007-v1|GSE294385|M-ST-31|M0_expr_kmeans|6|seed_37|block_matched	1000.0	True
GSE294385	Patient9	M-ST-31	withheld	M1_spatial_concat_kmeans	4	seed_11	success		success		4330	0	694	251	0.13078551282351314	0.34183923466125565	375	135	13	9	1.0	2.0	False	0.0808333982229894	0.049952114600523734	0.14612750537551256	0.5403458213256485	0.5378486055776892	0.4857142857142857	0.08338029522155718	-0.16813723041385586		4		0.021449458296157076	jbcb-readout-withholding-20261007-v1|GSE294385|M-ST-31|M1_spatial_concat_kmeans|4|seed_11|count_only	1000.0	0.10742801676325942	jbcb-readout-withholding-20261007-v1|GSE294385|M-ST-31|M1_spatial_concat_kmeans|4|seed_11|block_matched	1000.0	True
GSE294385	Patient9	M-ST-31	withheld	M1_spatial_concat_kmeans	4	seed_23	success		success		4330	0	694	251	0.13078551282351314	0.34183923466125565	375	135	13	9	2.0	1.0	False	0.0808333982229894	0.049952114600523734	0.14612750537551256	0.5403458213256485	0.5378486055776892	0.48535871156661786	0.08581447965516657	-0.17094877194246555		4		0.020617358552347698	jbcb-readout-withholding-20261007-v1|GSE294385|M-ST-31|M1_spatial_concat_kmeans|4|seed_23|count_only	1000.0	0.10838911196761769	jbcb-readout-withholding-20261007-v1|GSE294385|M-ST-31|M1_spatial_concat_kmeans|4|seed_23|block_matched	1000.0	True
GSE294385	Patient9	M-ST-31	withheld	M1_spatial_concat_kmeans	4	seed_37	success		success		4330	0	694	251	0.13078551282351314	0.34183923466125565	375	135	13	9	3.0	4.0	False	0.0808333982229894	0.049952114600523734	0.14612750537551256	0.5403458213256485	0.5378486055776892	0.48535871156661786	0.08564117318906787	-0.16899454439932593		4		0.020676601502080727	jbcb-readout-withholding-20261007-v1|GSE294385|M-ST-31|M1_spatial_concat_kmeans|4|seed_37|count_only	1000.0	0.1077210803199169	jbcb-readout-withholding-20261007-v1|GSE294385|M-ST-31|M1_spatial_concat_kmeans|4|seed_37|block_matched	1000.0	True
GSE294385	Patient9	M-ST-31	withheld	M1_spatial_concat_kmeans	6	seed_11	success		success		4330	0	694	251	0.13078551282351314	0.34183923466125565	183	130	11	8	5.0	1.0	False	0.18240816954138128	0.05162265671786814	0.15101442866563702	0.26368876080691644	0.5179282868525896	0.53125	0.056496170165675604	-0.04229576726225973		6		0.03231004914714153	jbcb-readout-withholding-20261007-v1|GSE294385|M-ST-31|M1_spatial_concat_kmeans|6|seed_11|count_only	1000.0	0.0660810094282096	jbcb-readout-withholding-20261007-v1|GSE294385|M-ST-31|M1_spatial_concat_kmeans|6|seed_11|block_matched	1000.0	True
GSE294385	Patient9	M-ST-31	withheld	M1_spatial_concat_kmeans	6	seed_23	success		success		4330	0	694	251	0.13078551282351314	0.34183923466125565	190	130	11	8	2.0	3.0	False	0.18578878840479396	0.05500327558128082	0.16090392794082317	0.2737752161383285	0.5179282868525896	0.5362485615650172	0.07512368773752526	-0.03318571371535388		6		0.02932305166015403	jbcb-readout-withholding-20261007-v1|GSE294385|M-ST-31|M1_spatial_concat_kmeans|6|seed_23|count_only	1000.0	0.06634745455942492	jbcb-readout-withholding-20261007-v1|GSE294385|M-ST-31|M1_spatial_concat_kmeans|6|seed_23|block_matched	1000.0	True
GSE294385	Patient9	M-ST-31	withheld	M1_spatial_concat_kmeans	6	seed_37	success		success		4330	0	694	251	0.13078551282351314	0.34183923466125565	196	131	11	8	2.0	6.0	False	0.17847483960001287	0.04768932677649973	0.1395080550767009	0.2824207492795389	0.5219123505976095	0.5516431924882629	0.04739812973168008	-0.06571420071661413		6		0.0314867863846473	jbcb-readout-withholding-20261007-v1|GSE294385|M-ST-31|M1_spatial_concat_kmeans|6|seed_37|count_only	1000.0	0.07015301885584324	jbcb-readout-withholding-20261007-v1|GSE294385|M-ST-31|M1_spatial_concat_kmeans|6|seed_37|block_matched	1000.0	True
GSE294385	Patient9	M-ST-31	withheld	M2_spatial_ward	4	neighbors_4	success		success		4330	0	694	251	0.13078551282351314	0.34183923466125565	146	87	4	4	1.0	3.0	False	0.18443203280075748	0.053646519977244345	0.15693494057346918	0.21037463976945245	0.3466135458167331	0.44992947813822287	0.039921157056368534	0.06405910381848846	the number of connected components of the connectivity matrix is 5 > 1. Completing it to avoid stopping the tree early.	4		0.03999990220230354	jbcb-readout-withholding-20261007-v1|GSE294385|M-ST-31|M2_spatial_ward|4|neighbors_4|count_only	1000.0	0.03174860495484633	jbcb-readout-withholding-20261007-v1|GSE294385|M-ST-31|M2_spatial_ward|4|neighbors_4|block_matched	1000.0	True
GSE294385	Patient9	M-ST-31	withheld	M2_spatial_ward	4	neighbors_6	success		success		4330	0	694	251	0.13078551282351314	0.34183923466125565	378	242	11	11	4.0	1.0	False	0.15231935870556068	0.021533845882047542	0.06299407352519505	0.5446685878962536	0.9641434262948207	0.41833030852994557	0.027017128090818077	0.03223291837269406	the number of connected components of the connectivity matrix is 4 > 1. Completing it to avoid stopping the tree early.	4		0.01229833149273718	jbcb-readout-withholding-20261007-v1|GSE294385|M-ST-31|M2_spatial_ward|4|neighbors_6|count_only	1000.0	0.010515369734627078	jbcb-readout-withholding-20261007-v1|GSE294385|M-ST-31|M2_spatial_ward|4|neighbors_6|block_matched	1000.0	True
GSE294385	Patient9	M-ST-31	withheld	M2_spatial_ward	4	neighbors_8	success		success		4330	0	694	251	0.13078551282351314	0.34183923466125565	361	56	11	7	2.0	4.0	False	-0.004545351879850168	0.1353308647033633	0.39589038056871656	0.5201729106628242	0.22310756972111553	0.5609756097560976	0.28154083126017865	0.3346031593123366	the number of connected components of the connectivity matrix is 4 > 1. Completing it to avoid stopping the tree early.	4		0.03908916241949012	jbcb-readout-withholding-20261007-v1|GSE294385|M-ST-31|M2_spatial_ward|4|neighbors_8|count_only	1000.0	0.020950376808795967	jbcb-readout-withholding-20261007-v1|GSE294385|M-ST-31|M2_spatial_ward|4|neighbors_8|block_matched	1000.0	True
GSE294385	Patient9	M-ST-31	withheld	M2_spatial_ward	6	neighbors_4	success		success		4330	0	694	251	0.13078551282351314	0.34183923466125565	146	87	4	4	5.0	3.0	False	0.18443203280075748	0.053646519977244345	0.15693494057346918	0.21037463976945245	0.3466135458167331	0.44992947813822287	0.04070964173718915	0.06229906596245282	the number of connected components of the connectivity matrix is 5 > 1. Completing it to avoid stopping the tree early.	6		0.039730367202469696	jbcb-readout-withholding-20261007-v1|GSE294385|M-ST-31|M2_spatial_ward|6|neighbors_4|count_only	1000.0	0.03235025494852839	jbcb-readout-withholding-20261007-v1|GSE294385|M-ST-31|M2_spatial_ward|6|neighbors_4|block_matched	1000.0	True
GSE294385	Patient9	M-ST-31	withheld	M2_spatial_ward	6	neighbors_6	success		not_evaluable	selected_band_support_below_threshold	4330	0	694	251	0.13078551282351314	0.34183923466125565	166	22	6	2	4.0	6.0	False	-0.002439900708162135	0.13322541353167527	0.3897311953196201	0.23919308357348704	0.08764940239043825	0.5228310502283106			the number of connected components of the connectivity matrix is 4 > 1. Completing it to avoid stopping the tree early.	6								False
GSE294385	Patient9	M-ST-31	withheld	M2_spatial_ward	6	neighbors_8	success		success		4330	0	694	251	0.13078551282351314	0.34183923466125565	361	56	11	7	1.0	4.0	False	-0.004545351879850168	0.1353308647033633	0.39589038056871656	0.5201729106628242	0.22310756972111553	0.5609756097560976	0.27902611644459907	0.33991339184223285	the number of connected components of the connectivity matrix is 4 > 1. Completing it to avoid stopping the tree early.	6		0.039948790607439166	jbcb-readout-withholding-20261007-v1|GSE294385|M-ST-31|M2_spatial_ward|6|neighbors_8|count_only	1000.0	0.019135130984902937	jbcb-readout-withholding-20261007-v1|GSE294385|M-ST-31|M2_spatial_ward|6|neighbors_8|block_matched	1000.0	True
GSE294385	Patient9	M-ST-31	withheld	M3_spatial_leiden	4	seed_11	not_evaluable	no_exact_K_resolution	not_evaluable	fit_unavailable	4330	0	694	251	0.13078551282351314	0.34183923466125565	0	0	0	0			False										5	0.01							False
GSE294385	Patient9	M-ST-31	withheld	M3_spatial_leiden	4	seed_23	not_evaluable	no_exact_K_resolution	not_evaluable	fit_unavailable	4330	0	694	251	0.13078551282351314	0.34183923466125565	0	0	0	0			False										5	0.01							False
GSE294385	Patient9	M-ST-31	withheld	M3_spatial_leiden	4	seed_37	not_evaluable	no_exact_K_resolution	not_evaluable	fit_unavailable	4330	0	694	251	0.13078551282351314	0.34183923466125565	0	0	0	0			False										5	0.01							False
GSE294385	Patient9	M-ST-31	withheld	M3_spatial_leiden	6	seed_11	success		success		4330	0	694	251	0.13078551282351314	0.34183923466125565	334	139	10	6	1.0	2.0	False	0.1264252429805135	0.004360269842999642	0.012755322973152674	0.4812680115273775	0.5537848605577689	0.38390663390663393	-0.04766710245757553	-0.004164715724248223		6	0.01414213562373095	0.02065475566561692	jbcb-readout-withholding-20261007-v1|GSE294385|M-ST-31|M3_spatial_leiden|6|seed_11|count_only	1000.0	0.005783933078758352	jbcb-readout-withholding-20261007-v1|GSE294385|M-ST-31|M3_spatial_leiden|6|seed_11|block_matched	1000.0	True
GSE294385	Patient9	M-ST-31	withheld	M3_spatial_leiden	6	seed_23	success		success		4330	0	694	251	0.13078551282351314	0.34183923466125565	204	98	4	3	1.0	2.0	False	0.014421479725276853	0.11636403309823629	0.3404057267257423	0.29394812680115273	0.3904382470119522	0.3861867704280156	0.24173234887485068	0.041872385169641		6	0.02	0.03373043196598968	jbcb-readout-withholding-20261007-v1|GSE294385|M-ST-31|M3_spatial_leiden|6|seed_23|count_only	1000.0	0.1020504089984049	jbcb-readout-withholding-20261007-v1|GSE294385|M-ST-31|M3_spatial_leiden|6|seed_23|block_matched	1000.0	True
GSE294385	Patient9	M-ST-31	withheld	M3_spatial_leiden	6	seed_37	success		success		4330	0	694	251	0.13078551282351314	0.34183923466125565	332	139	10	6	1.0	2.0	False	0.12343035390721258	0.007355158916300564	0.02151642693557143	0.4783861671469741	0.5537848605577689	0.38191881918819187	-0.045035936152401916	0.004596388238170531		6	0.01414213562373095	0.02275020886289081	jbcb-readout-withholding-20261007-v1|GSE294385|M-ST-31|M3_spatial_leiden|6|seed_37|count_only	1000.0	0.005783933078758352	jbcb-readout-withholding-20261007-v1|GSE294385|M-ST-31|M3_spatial_leiden|6|seed_37|block_matched	1000.0	True
GSE294385	Patient9	M-ST-32	allowed	M0_expr_kmeans	4	seed_11	success		success		7238	3	910	291	0.20214904253262544	0.4500696979983717	345	90	17	6	4.0	3.0	False	0.4424118565054098	0.24026281397278437	0.533834681697797	0.3791208791208791	0.30927835051546393	0.5124777183600713	0.40405146963401795	0.2858553892399354		4		0.058411491058803666	jbcb-readout-withholding-20261007-v1|GSE294385|M-ST-32|M0_expr_kmeans|4|seed_11|count_only	1000.0	0.11160796526635963	jbcb-readout-withholding-20261007-v1|GSE294385|M-ST-32|M0_expr_kmeans|4|seed_11|block_matched	1000.0	True
GSE294385	Patient9	M-ST-32	allowed	M0_expr_kmeans	4	seed_23	success		success		7238	3	910	291	0.20214904253262544	0.4500696979983717	345	93	18	6	4.0	3.0	False	0.43240311119732033	0.2302540686646949	0.5115964698106112	0.3791208791208791	0.31958762886597936	0.5136804942630185	0.3799717767484952	0.26363760600047886		4		0.05924028585559493	jbcb-readout-withholding-20261007-v1|GSE294385|M-ST-32|M0_expr_kmeans|4|seed_23|count_only	1000.0	0.11159877095104564	jbcb-readout-withholding-20261007-v1|GSE294385|M-ST-32|M0_expr_kmeans|4|seed_23|block_matched	1000.0	True
GSE294385	Patient9	M-ST-32	allowed	M0_expr_kmeans	4	seed_37	success		success		7238	3	910	291	0.20214904253262544	0.4500696979983717	345	93	18	6	3.0	4.0	False	0.43240311119732033	0.2302540686646949	0.5115964698106112	0.3791208791208791	0.31958762886597936	0.5127753303964758	0.38009179163454676	0.26363760600047886		4		0.05918627079207439	jbcb-readout-withholding-20261007-v1|GSE294385|M-ST-32|M0_expr_kmeans|4|seed_37|count_only	1000.0	0.11159877095104564	jbcb-readout-withholding-20261007-v1|GSE294385|M-ST-32|M0_expr_kmeans|4|seed_37|block_matched	1000.0	True
GSE294385	Patient9	M-ST-32	allowed	M0_expr_kmeans	6	seed_11	success		not_evaluable	selected_band_support_below_threshold	7238	3	910	291	0.20214904253262544	0.4500696979983717	279	0	13	0	5.0	1.0	False				0.3065934065934066	0.0	0.5420560747663551				6								False
GSE294385	Patient9	M-ST-32	allowed	M0_expr_kmeans	6	seed_23	success		not_evaluable	selected_band_support_below_threshold	7238	3	910	291	0.20214904253262544	0.4500696979983717	280	0	14	0	5.0	1.0	False				0.3076923076923077	0.0	0.542910447761194				6								False
GSE294385	Patient9	M-ST-32	allowed	M0_expr_kmeans	6	seed_37	success		not_evaluable	selected_band_support_below_threshold	7238	3	910	291	0.20214904253262544	0.4500696979983717	280	0	14	0	1.0	5.0	False				0.3076923076923077	0.0	0.542910447761194				6								False
GSE294385	Patient9	M-ST-32	allowed	M1_spatial_concat_kmeans	4	seed_11	success		success		7238	3	910	291	0.20214904253262544	0.4500696979983717	345	90	17	6	2.0	3.0	False	0.4424118565054098	0.24026281397278437	0.533834681697797	0.3791208791208791	0.30927835051546393	0.5129118432769367	0.41640328969925583	0.2908139803595102		4		0.05285231113231181	jbcb-readout-withholding-20261007-v1|GSE294385|M-ST-32|M1_spatial_concat_kmeans|4|seed_11|count_only	1000.0	0.1093762536586752	jbcb-readout-withholding-20261007-v1|GSE294385|M-ST-32|M1_spatial_concat_kmeans|4|seed_11|block_matched	1000.0	True
GSE294385	Patient9	M-ST-32	allowed	M1_spatial_concat_kmeans	4	seed_23	success		success		7238	3	910	291	0.20214904253262544	0.4500696979983717	344	91	17	6	1.0	3.0	False	0.45270705598519656	0.2505580134525711	0.5567093598322578	0.378021978021978	0.3127147766323024	0.5129118432769367	0.4271393751536781	0.3106662864151068		4		0.05831552387394201	jbcb-readout-withholding-20261007-v1|GSE294385|M-ST-32|M1_spatial_concat_kmeans|4|seed_23|count_only	1000.0	0.11073653174744835	jbcb-readout-withholding-20261007-v1|GSE294385|M-ST-32|M1_spatial_concat_kmeans|4|seed_23|block_matched	1000.0	True
GSE294385	Patient9	M-ST-32	allowed	M1_spatial_concat_kmeans	4	seed_37	success		success		7238	3	910	291	0.20214904253262544	0.4500696979983717	345	91	17	6	2.0	1.0	False	0.4524206018134992	0.25027155928087375	0.5560728935849825	0.3791208791208791	0.3127147766323024	0.5133451957295374	0.4217179939987191	0.30543795308989685		4		0.0604690690813911	jbcb-readout-withholding-20261007-v1|GSE294385|M-ST-32|M1_spatial_concat_kmeans|4|seed_37|count_only	1000.0	0.11280319197646305	jbcb-readout-withholding-20261007-v1|GSE294385|M-ST-32|M1_spatial_concat_kmeans|4|seed_37|block_matched	1000.0	True
GSE294385	Patient9	M-ST-32	allowed	M1_spatial_concat_kmeans	6	seed_11	success		not_evaluable	selected_band_support_below_threshold	7238	3	910	291	0.20214904253262544	0.4500696979983717	279	0	13	0	6.0	3.0	False				0.3065934065934066	0.0	0.5420560747663551				6								False
GSE294385	Patient9	M-ST-32	allowed	M1_spatial_concat_kmeans	6	seed_23	success		not_evaluable	selected_band_support_below_threshold	7238	3	910	291	0.20214904253262544	0.4500696979983717	279	0	13	0	6.0	5.0	False				0.3065934065934066	0.0	0.5420560747663551				6								False
GSE294385	Patient9	M-ST-32	allowed	M1_spatial_concat_kmeans	6	seed_37	success		not_evaluable	selected_band_support_below_threshold	7238	3	910	291	0.20214904253262544	0.4500696979983717	279	0	13	0	2.0	4.0	False				0.3065934065934066	0.0	0.5420560747663551				6								False
GSE294385	Patient9	M-ST-32	allowed	M2_spatial_ward	4	neighbors_4	success		not_evaluable	selected_band_support_below_threshold	7238	3	910	291	0.20214904253262544	0.4500696979983717	95	68	2	2	3.0	4.0	False	0.12155865984550296	0.08059038268712249	0.17906200538613923	0.1043956043956044	0.23367697594501718	0.37964458804523427				4								False
GSE294385	Patient9	M-ST-32	allowed	M2_spatial_ward	4	neighbors_6	success		success		7238	3	910	291	0.20214904253262544	0.4500696979983717	352	219	16	12	4.0	2.0	False	0.11194537087980816	0.09020367165281729	0.20042156149144622	0.3868131868131868	0.7525773195876289	0.3317572892040977	0.12488553755182558	-0.08957994037790812		4		0.03399647548250284	jbcb-readout-withholding-20261007-v1|GSE294385|M-ST-32|M2_spatial_ward|4|neighbors_6|count_only	1000.0	0.13052088836541453	jbcb-readout-withholding-20261007-v1|GSE294385|M-ST-32|M2_spatial_ward|4|neighbors_6|block_matched	1000.0	True
GSE294385	Patient9	M-ST-32	allowed	M2_spatial_ward	4	neighbors_8	success		not_evaluable	selected_band_support_below_threshold	7238	3	910	291	0.20214904253262544	0.4500696979983717	258	15	7	1	3.0	4.0	False	0.0498108204914125	0.15233822204121295	0.33847695749951173	0.2835164835164835	0.05154639175257732	0.551660516605166				4								False
GSE294385	Patient9	M-ST-32	allowed	M2_spatial_ward	6	neighbors_4	success		not_evaluable	selected_band_support_below_threshold	7238	3	910	291	0.20214904253262544	0.4500696979983717	37	48	3	2	1.0	5.0	False	-0.30213902514965496	0.5042880676822804	1.1204666075610912	0.04065934065934066	0.16494845360824742	0.76				6								False
GSE294385	Patient9	M-ST-32	allowed	M2_spatial_ward	6	neighbors_6	success		success		7238	3	910	291	0.20214904253262544	0.4500696979983717	332	70	9	3	4.0	3.0	False	0.28428691153098273	0.08213786899835729	0.18250033131236143	0.3648351648351648	0.24054982817869416	0.5427927927927928	0.04188908121161987	0.011508067586182657		6		0.06328486286801427	jbcb-readout-withholding-20261007-v1|GSE294385|M-ST-32|M2_spatial_ward|6|neighbors_6|count_only	1000.0	0.07695843649529921	jbcb-readout-withholding-20261007-v1|GSE294385|M-ST-32|M2_spatial_ward|6|neighbors_6|block_matched	1000.0	True
GSE294385	Patient9	M-ST-32	allowed	M2_spatial_ward	6	neighbors_8	success		not_evaluable	selected_band_support_below_threshold	7238	3	910	291	0.20214904253262544	0.4500696979983717	258	15	7	1	6.0	4.0	False	0.0498108204914125	0.15233822204121295	0.33847695749951173	0.2835164835164835	0.05154639175257732	0.551660516605166				6								False
GSE294385	Patient9	M-ST-32	allowed	M3_spatial_leiden	4	seed_11	success		not_evaluable	selected_band_support_below_threshold	7238	3	910	291	0.20214904253262544	0.4500696979983717	48	35	5	2	1.0	2.0	False	-0.20141486423503308	0.4035639067676585	0.8966698015050961	0.05274725274725275	0.12027491408934708	0.15409054805401112				4	0.01							False
GSE294385	Patient9	M-ST-32	allowed	M3_spatial_leiden	4	seed_23	success		not_evaluable	selected_band_support_below_threshold	7238	3	910	291	0.20214904253262544	0.4500696979983717	62	49	5	2	1.0	2.0	False	-0.17194126766878381	0.37409031020140926	0.8311830631236202	0.06813186813186813	0.16838487972508592	0.16178521617852162				4	0.01414213562373095							False
GSE294385	Patient9	M-ST-32	allowed	M3_spatial_leiden	4	seed_37	success		success		7238	3	910	291	0.20214904253262544	0.4500696979983717	484	211	17	12	2.0	1.0	False	0.02234063012007792	0.17980841241254752	0.3995123715553897	0.5318681318681319	0.7250859106529209	0.1990432612312812	0.3386823507877508	0.01928481702958062		4	0.01414213562373095	0.027377749076125946	jbcb-readout-withholding-20261007-v1|GSE294385|M-ST-32|M3_spatial_leiden|4|seed_37|count_only	1000.0	0.17112890063609032	jbcb-readout-withholding-20261007-v1|GSE294385|M-ST-32|M3_spatial_leiden|4|seed_37|block_matched	1000.0	True
GSE294385	Patient9	M-ST-32	allowed	M3_spatial_leiden	6	seed_11	success		success		7238	3	910	291	0.20214904253262544	0.4500696979983717	343	119	11	6	2.0	1.0	False	-0.04068088453246821	0.24282992706509365	0.5395384940267012	0.3769230769230769	0.40893470790378006	0.265180265654649	0.43409918521618	-0.0007266877702920938		6	0.03162277660168379	0.0474550378735083	jbcb-readout-withholding-20261007-v1|GSE294385|M-ST-32|M3_spatial_leiden|6|seed_11|count_only	1000.0	0.24315698721040813	jbcb-readout-withholding-20261007-v1|GSE294385|M-ST-32|M3_spatial_leiden|6|seed_11|block_matched	1000.0	True
GSE294385	Patient9	M-ST-32	allowed	M3_spatial_leiden	6	seed_23	success		success		7238	3	910	291	0.20214904253262544	0.4500696979983717	264	114	8	6	1.0	3.0	False	0.02393149008837936	0.17821755244424609	0.3959776746509401	0.29010989010989013	0.3917525773195876	0.32723434201266716	0.2728167435614738	-0.11813703714697868		6	0.03976353643835254	0.055431003060634365	jbcb-readout-withholding-20261007-v1|GSE294385|M-ST-32|M3_spatial_leiden|6|seed_23|count_only	1000.0	0.2313874530754092	jbcb-readout-withholding-20261007-v1|GSE294385|M-ST-32|M3_spatial_leiden|6|seed_23|block_matched	1000.0	True
GSE294385	Patient9	M-ST-32	allowed	M3_spatial_leiden	6	seed_37	success		success		7238	3	910	291	0.20214904253262544	0.4500696979983717	373	71	9	3	1.0	2.0	False	0.30177577772915387	0.09962673519652843	0.2213584598998906	0.4098901098901099	0.24398625429553264	0.2933930571108623	0.06320792952425486	-0.0003859437485096926		6	0.03162277660168379	0.07117876144444468	jbcb-readout-withholding-20261007-v1|GSE294385|M-ST-32|M3_spatial_leiden|6|seed_37|count_only	1000.0	0.09980043678286454	jbcb-readout-withholding-20261007-v1|GSE294385|M-ST-32|M3_spatial_leiden|6|seed_37|block_matched	1000.0	True
GSE294385	Patient9	M-ST-32	withheld	M0_expr_kmeans	4	seed_11	success		success		7238	0	910	291	0.20214904253262544	0.4500696979983717	342	91	17	6	4.0	3.0	False	0.45303144643395254	0.2508824039013271	0.5574301158622653	0.3758241758241758	0.3127147766323024	0.5143112701252236	0.4254797809855986	0.30294704436927494		4		0.059386847368725404	jbcb-readout-withholding-20261007-v1|GSE294385|M-ST-32|M0_expr_kmeans|4|seed_11|count_only	1000.0	0.11453511913254821	jbcb-readout-withholding-20261007-v1|GSE294385|M-ST-32|M0_expr_kmeans|4|seed_11|block_matched	1000.0	True
GSE294385	Patient9	M-ST-32	withheld	M0_expr_kmeans	4	seed_23	success		success		7238	0	910	291	0.20214904253262544	0.4500696979983717	342	91	17	6	2.0	3.0	False	0.45303144643395254	0.2508824039013271	0.5574301158622653	0.3758241758241758	0.3127147766323024	0.5143112701252236	0.42148343079691075	0.3111955396026841		4		0.061185483491243864	jbcb-readout-withholding-20261007-v1|GSE294385|M-ST-32|M0_expr_kmeans|4|seed_23|count_only	1000.0	0.11082272137390675	jbcb-readout-withholding-20261007-v1|GSE294385|M-ST-32|M0_expr_kmeans|4|seed_23|block_matched	1000.0	True
GSE294385	Patient9	M-ST-32	withheld	M0_expr_kmeans	4	seed_37	success		success		7238	0	910	291	0.20214904253262544	0.4500696979983717	342	91	17	6	3.0	4.0	False	0.45303144643395254	0.2508824039013271	0.5574301158622653	0.3758241758241758	0.3127147766323024	0.5143112701252236	0.4266948118874494	0.31058146404476406		4		0.05883999877767071	jbcb-readout-withholding-20261007-v1|GSE294385|M-ST-32|M0_expr_kmeans|4|seed_37|count_only	1000.0	0.11109909817480801	jbcb-readout-withholding-20261007-v1|GSE294385|M-ST-32|M0_expr_kmeans|4|seed_37|block_matched	1000.0	True
GSE294385	Patient9	M-ST-32	withheld	M0_expr_kmeans	6	seed_11	success		not_evaluable	selected_band_support_below_threshold	7238	0	910	291	0.20214904253262544	0.4500696979983717	280	0	13	0	2.0	4.0	False				0.3076923076923077	0.0	0.5449438202247191				6								False
GSE294385	Patient9	M-ST-32	withheld	M0_expr_kmeans	6	seed_23	success		not_evaluable	selected_band_support_below_threshold	7238	0	910	291	0.20214904253262544	0.4500696979983717	279	0	13	0	1.0	3.0	False				0.3065934065934066	0.0	0.5440900562851783				6								False
GSE294385	Patient9	M-ST-32	withheld	M0_expr_kmeans	6	seed_37	success		not_evaluable	selected_band_support_below_threshold	7238	0	910	291	0.20214904253262544	0.4500696979983717	279	0	13	0	1.0	2.0	False				0.3065934065934066	0.0	0.5440900562851783				6								False
GSE294385	Patient9	M-ST-32	withheld	M1_spatial_concat_kmeans	4	seed_11	success		success		7238	0	910	291	0.20214904253262544	0.4500696979983717	342	91	17	6	4.0	3.0	False	0.45303144643395254	0.2508824039013271	0.5574301158622653	0.3758241758241758	0.3127147766323024	0.5143112701252236	0.4285223332925739	0.31100403676025384		4		0.05801748677078078	jbcb-readout-withholding-20261007-v1|GSE294385|M-ST-32|M1_spatial_concat_kmeans|4|seed_11|count_only	1000.0	0.11090891100036515	jbcb-readout-withholding-20261007-v1|GSE294385|M-ST-32|M1_spatial_concat_kmeans|4|seed_11|block_matched	1000.0	True
GSE294385	Patient9	M-ST-32	withheld	M1_spatial_concat_kmeans	4	seed_23	success		success		7238	0	910	291	0.20214904253262544	0.4500696979983717	342	91	17	6	1.0	4.0	False	0.45303144643395254	0.2508824039013271	0.5574301158622653	0.3758241758241758	0.3127147766323024	0.5143112701252236	0.4337833399686338	0.3152026002411167		4		0.055649667084919086	jbcb-readout-withholding-20261007-v1|GSE294385|M-ST-32|M1_spatial_concat_kmeans|4|seed_23|count_only	1000.0	0.10901926480250623	jbcb-readout-withholding-20261007-v1|GSE294385|M-ST-32|M1_spatial_concat_kmeans|4|seed_23|block_matched	1000.0	True
GSE294385	Patient9	M-ST-32	withheld	M1_spatial_concat_kmeans	4	seed_37	success		success		7238	0	910	291	0.20214904253262544	0.4500696979983717	342	91	17	6	4.0	3.0	False	0.45303144643395254	0.2508824039013271	0.5574301158622653	0.3758241758241758	0.3127147766323024	0.5143112701252236	0.4368223343211138	0.31147845331564905		4		0.05428190781447967	jbcb-readout-withholding-20261007-v1|GSE294385|M-ST-32|M1_spatial_concat_kmeans|4|seed_37|count_only	1000.0	0.11069539048455301	jbcb-readout-withholding-20261007-v1|GSE294385|M-ST-32|M1_spatial_concat_kmeans|4|seed_37|block_matched	1000.0	True
GSE294385	Patient9	M-ST-32	withheld	M1_spatial_concat_kmeans	6	seed_11	success		not_evaluable	selected_band_support_below_threshold	7238	0	910	291	0.20214904253262544	0.4500696979983717	279	0	13	0	6.0	1.0	False				0.3065934065934066	0.0	0.5440900562851783				6								False
GSE294385	Patient9	M-ST-32	withheld	M1_spatial_concat_kmeans	6	seed_23	success		not_evaluable	selected_band_support_below_threshold	7238	0	910	291	0.20214904253262544	0.4500696979983717	279	0	13	0	1.0	3.0	False				0.3065934065934066	0.0	0.5440900562851783				6								False
GSE294385	Patient9	M-ST-32	withheld	M1_spatial_concat_kmeans	6	seed_37	success		not_evaluable	selected_band_support_below_threshold	7238	0	910	291	0.20214904253262544	0.4500696979983717	279	0	13	0	2.0	4.0	False				0.3065934065934066	0.0	0.5440900562851783				6								False
GSE294385	Patient9	M-ST-32	withheld	M2_spatial_ward	4	neighbors_4	success		not_evaluable	selected_band_support_below_threshold	7238	0	910	291	0.20214904253262544	0.4500696979983717	95	68	2	2	2.0	4.0	False	0.12155865984550296	0.08059038268712249	0.17906200538613923	0.1043956043956044	0.23367697594501718	0.37964458804523427				4								False
GSE294385	Patient9	M-ST-32	withheld	M2_spatial_ward	4	neighbors_6	success		success		7238	0	910	291	0.20214904253262544	0.4500696979983717	362	70	9	3	4.0	1.0	False	0.300629529156514	0.09848048662388853	0.2188116353130817	0.3978021978021978	0.24054982817869416	0.33722438391699094	0.08294395814596223	-0.017797850548958417		4		0.061149924430345726	jbcb-readout-withholding-20261007-v1|GSE294385|M-ST-32|M2_spatial_ward|4|neighbors_6|count_only	1000.0	0.1064907598454784	jbcb-readout-withholding-20261007-v1|GSE294385|M-ST-32|M2_spatial_ward|4|neighbors_6|block_matched	1000.0	True
GSE294385	Patient9	M-ST-32	withheld	M2_spatial_ward	4	neighbors_8	success		not_evaluable	selected_band_support_below_threshold	7238	0	910	291	0.20214904253262544	0.4500696979983717	335	70	9	2	4.0	3.0	False	0.31995941189083665	0.11781036935821121	0.26176027820170517	0.36813186813186816	0.24054982817869416	0.44035874439461886				4								False
GSE294385	Patient9	M-ST-32	withheld	M2_spatial_ward	6	neighbors_4	success		not_evaluable	selected_band_support_below_threshold	7238	0	910	291	0.20214904253262544	0.4500696979983717	37	48	3	2	1.0	5.0	False	-0.30213902514965496	0.5042880676822804	1.1204666075610912	0.04065934065934066	0.16494845360824742	0.76				6								False
GSE294385	Patient9	M-ST-32	withheld	M2_spatial_ward	6	neighbors_6	success		success		7238	0	910	291	0.20214904253262544	0.4500696979983717	272	70	9	3	4.0	3.0	False	0.2028197588227254	0.0006707162900999597	0.0014902498281552522	0.2989010989010989	0.24054982817869416	0.4505844845908608	-0.15094642078983586	-0.06864732999209654		6		0.06860712630891652	jbcb-readout-withholding-20261007-v1|GSE294385|M-ST-32|M2_spatial_ward|6|neighbors_6|count_only	1000.0	0.03156679936803741	jbcb-readout-withholding-20261007-v1|GSE294385|M-ST-32|M2_spatial_ward|6|neighbors_6|block_matched	1000.0	True
GSE294385	Patient9	M-ST-32	withheld	M2_spatial_ward	6	neighbors_8	success		not_evaluable	selected_band_support_below_threshold	7238	0	910	291	0.20214904253262544	0.4500696979983717	220	0	7	0	5.0	6.0	False				0.24175824175824176	0.0	0.5191873589164786				6								False
GSE294385	Patient9	M-ST-32	withheld	M3_spatial_leiden	4	seed_11	success		not_evaluable	selected_band_support_below_threshold	7238	0	910	291	0.20214904253262544	0.4500696979983717	45	35	5	2	1.0	2.0	False	-0.18256341494343653	0.384712457476062	0.8547841793993735	0.04945054945054945	0.12027491408934708	0.14696485623003194				4	0.01414213562373095							False
GSE294385	Patient9	M-ST-32	withheld	M3_spatial_leiden	4	seed_23	success		not_evaluable	selected_band_support_below_threshold	7238	0	910	291	0.20214904253262544	0.4500696979983717	49	35	5	2	1.0	2.0	False	-0.15634619136710542	0.35849523389973087	0.7965327048101511	0.05384615384615385	0.12027491408934708	0.15034695451040864				4	0.01							False
GSE294385	Patient9	M-ST-32	withheld	M3_spatial_leiden	4	seed_37	success		success		7238	0	910	291	0.20214904253262544	0.4500696979983717	308	75	6	3	1.0	2.0	False	0.352913349266468	0.15076430673384256	0.3349799095658913	0.3384615384615385	0.25773195876288657	0.2943372744243933	0.19386549665537967	0.06891787730087667		4	0.02	0.06351132120185149	jbcb-readout-withholding-20261007-v1|GSE294385|M-ST-32|M3_spatial_leiden|4|seed_37|count_only	1000.0	0.11974645851034815	jbcb-readout-withholding-20261007-v1|GSE294385|M-ST-32|M3_spatial_leiden|4|seed_37|block_matched	1000.0	True
GSE294385	Patient9	M-ST-32	withheld	M3_spatial_leiden	6	seed_11	success		success		7238	0	910	291	0.20214904253262544	0.4500696979983717	302	114	9	6	2.0	3.0	False	0.005279221400012468	0.19686982113261298	0.4374207417388167	0.33186813186813185	0.3917525773195876	0.28418079096045196	0.3185478462993434	-0.10745734570128741		6	0.05	0.053501088150635756	jbcb-readout-withholding-20261007-v1|GSE294385|M-ST-32|M3_spatial_leiden|6|seed_11|count_only	1000.0	0.24523311626009803	jbcb-readout-withholding-20261007-v1|GSE294385|M-ST-32|M3_spatial_leiden|6|seed_11|block_matched	1000.0	True
GSE294385	Patient9	M-ST-32	withheld	M3_spatial_leiden	6	seed_23	success		success		7238	0	910	291	0.20214904253262544	0.4500696979983717	335	77	7	3	2.0	3.0	False	0.3700416739712207	0.16789263143859523	0.3730369589094235	0.36813186813186816	0.2646048109965636	0.3399725274725275	0.22577429484487951	0.0907754793173268		6	0.05	0.06627846274196497	jbcb-readout-withholding-20261007-v1|GSE294385|M-ST-32|M3_spatial_leiden|6|seed_23|count_only	1000.0	0.12703733887658852	jbcb-readout-withholding-20261007-v1|GSE294385|M-ST-32|M3_spatial_leiden|6|seed_23|block_matched	1000.0	True
GSE294385	Patient9	M-ST-32	withheld	M3_spatial_leiden	6	seed_37	success		success		7238	0	910	291	0.20214904253262544	0.4500696979983717	374	71	9	3	2.0	3.0	False	0.2990401608035653	0.09689111827093988	0.21528025259609995	0.41098901098901097	0.24398625429553264	0.3005151688609044	0.07038922591367192	-0.0071928036153044135		6	0.05	0.0652110606216344	jbcb-readout-withholding-20261007-v1|GSE294385|M-ST-32|M3_spatial_leiden|6|seed_37|count_only	1000.0	0.10012838122184153	jbcb-readout-withholding-20261007-v1|GSE294385|M-ST-32|M3_spatial_leiden|6|seed_37|block_matched	1000.0	True
GSE294385	Patient10	M-ST-33	allowed	M0_expr_kmeans	4	seed_11	success		success		10801	3	478	132	-0.4044037525761004	0.33607541382235817	278	111	17	14	3.0	1.0	False	-0.26902632427340945	0.13537742830269095	0.40281860182205526	0.5815899581589958	0.8409090909090909	0.17887276409044886	0.325306577779598	0.35465724463100823		4		0.026049885556277408	jbcb-readout-withholding-20261007-v1|GSE294385|M-ST-33|M0_expr_kmeans|4|seed_11|count_only	1000.0	0.016185848048227536	jbcb-readout-withholding-20261007-v1|GSE294385|M-ST-33|M0_expr_kmeans|4|seed_11|block_matched	1000.0	True
GSE294385	Patient10	M-ST-33	allowed	M0_expr_kmeans	4	seed_23	success		success		10801	3	478	132	-0.4044037525761004	0.33607541382235817	278	111	17	14	2.0	3.0	False	-0.26902632427340945	0.13537742830269095	0.40281860182205526	0.5815899581589958	0.8409090909090909	0.17887276409044886	0.32682167482982166	0.35465724463100823		4		0.02554069868814246	jbcb-readout-withholding-20261007-v1|GSE294385|M-ST-33|M0_expr_kmeans|4|seed_23|count_only	1000.0	0.016185848048227536	jbcb-readout-withholding-20261007-v1|GSE294385|M-ST-33|M0_expr_kmeans|4|seed_23|block_matched	1000.0	True
GSE294385	Patient10	M-ST-33	allowed	M0_expr_kmeans	4	seed_37	success		success		10801	3	478	132	-0.4044037525761004	0.33607541382235817	278	111	17	14	4.0	3.0	False	-0.26902632427340945	0.13537742830269095	0.40281860182205526	0.5815899581589958	0.8409090909090909	0.17887276409044886	0.3235503155455877	0.3543043797587605		4		0.026640122113352982	jbcb-readout-withholding-20261007-v1|GSE294385|M-ST-33|M0_expr_kmeans|4|seed_37|count_only	1000.0	0.016304437256191573	jbcb-readout-withholding-20261007-v1|GSE294385|M-ST-33|M0_expr_kmeans|4|seed_37|block_matched	1000.0	True
GSE294385	Patient10	M-ST-33	allowed	M0_expr_kmeans	6	seed_11	success		not_evaluable	selected_band_support_below_threshold	10801	3	478	132	-0.4044037525761004	0.33607541382235817	321	16	17	3	2.0	1.0	False	0.04060720214702496	0.44501095472312535	1.3241401674159599	0.6715481171548117	0.12121212121212122	0.27929373996789725				6								False
GSE294385	Patient10	M-ST-33	allowed	M0_expr_kmeans	6	seed_23	success		not_evaluable	selected_band_support_below_threshold	10801	3	478	132	-0.4044037525761004	0.33607541382235817	321	16	17	3	2.0	6.0	False	0.04060720214702496	0.44501095472312535	1.3241401674159599	0.6715481171548117	0.12121212121212122	0.27929373996789725				6								False
GSE294385	Patient10	M-ST-33	allowed	M0_expr_kmeans	6	seed_37	success		not_evaluable	selected_band_support_below_threshold	10801	3	478	132	-0.4044037525761004	0.33607541382235817	321	16	17	3	2.0	5.0	False	0.04060720214702496	0.44501095472312535	1.3241401674159599	0.6715481171548117	0.12121212121212122	0.27929373996789725				6								False
GSE294385	Patient10	M-ST-33	allowed	M1_spatial_concat_kmeans	4	seed_11	success		success		10801	3	478	132	-0.4044037525761004	0.33607541382235817	275	111	17	14	2.0	3.0	False	-0.2620422357458254	0.14236151683027498	0.42359991530211744	0.5753138075313807	0.8409090909090909	0.17804054054054055	0.3525274597593449	0.37235159736258744		4		0.023885704907908423	jbcb-readout-withholding-20261007-v1|GSE294385|M-ST-33|M1_spatial_concat_kmeans|4|seed_11|count_only	1000.0	0.01722329965922731	jbcb-readout-withholding-20261007-v1|GSE294385|M-ST-33|M1_spatial_concat_kmeans|4|seed_11|block_matched	1000.0	True
GSE294385	Patient10	M-ST-33	allowed	M1_spatial_concat_kmeans	4	seed_23	success		success		10801	3	478	132	-0.4044037525761004	0.33607541382235817	274	111	17	14	2.0	4.0	False	-0.26140561669750584	0.14299813587859456	0.4254941896885683	0.5732217573221757	0.8409090909090909	0.17782285327924274	0.3433154083519948	0.37230061033022016		4		0.027618267945106023	jbcb-readout-withholding-20261007-v1|GSE294385|M-ST-33|M1_spatial_concat_kmeans|4|seed_23|count_only	1000.0	0.017877054195549302	jbcb-readout-withholding-20261007-v1|GSE294385|M-ST-33|M1_spatial_concat_kmeans|4|seed_23|block_matched	1000.0	True
GSE294385	Patient10	M-ST-33	allowed	M1_spatial_concat_kmeans	4	seed_37	success		success		10801	3	478	132	-0.4044037525761004	0.33607541382235817	274	111	17	14	1.0	3.0	False	-0.26140561669750584	0.14299813587859456	0.4254941896885683	0.5732217573221757	0.8409090909090909	0.17782285327924274	0.34718170480446037	0.37586801147206894		4		0.026318900764883746	jbcb-readout-withholding-20261007-v1|GSE294385|M-ST-33|M1_spatial_concat_kmeans|4|seed_37|count_only	1000.0	0.016678138380532115	jbcb-readout-withholding-20261007-v1|GSE294385|M-ST-33|M1_spatial_concat_kmeans|4|seed_37|block_matched	1000.0	True
GSE294385	Patient10	M-ST-33	allowed	M1_spatial_concat_kmeans	6	seed_11	success		not_evaluable	selected_band_support_below_threshold	10801	3	478	132	-0.4044037525761004	0.33607541382235817	321	16	17	3	3.0	1.0	False	0.04060720214702496	0.44501095472312535	1.3241401674159599	0.6715481171548117	0.12121212121212122	0.2779552715654952				6								False
GSE294385	Patient10	M-ST-33	allowed	M1_spatial_concat_kmeans	6	seed_23	success		not_evaluable	selected_band_support_below_threshold	10801	3	478	132	-0.4044037525761004	0.33607541382235817	321	16	17	3	3.0	5.0	False	0.04060720214702496	0.44501095472312535	1.3241401674159599	0.6715481171548117	0.12121212121212122	0.27906976744186046				6								False
GSE294385	Patient10	M-ST-33	allowed	M1_spatial_concat_kmeans	6	seed_37	success		not_evaluable	selected_band_support_below_threshold	10801	3	478	132	-0.4044037525761004	0.33607541382235817	321	16	17	3	5.0	1.0	False	0.04060720214702496	0.44501095472312535	1.3241401674159599	0.6715481171548117	0.12121212121212122	0.27929373996789725				6								False
GSE294385	Patient10	M-ST-33	allowed	M2_spatial_ward	4	neighbors_4	success		success		10801	3	478	132	-0.4044037525761004	0.33607541382235817	252	33	8	6	1.0	3.0	False	-0.429940270941922	0.025536518365821603	0.07598448834855746	0.5271966527196653	0.25	0.14948453608247422	-0.14640847103499763	-0.35096184254859186		4		0.07474080585600718	jbcb-readout-withholding-20261007-v1|GSE294385|M-ST-33|M2_spatial_ward|4|neighbors_4|count_only	1000.0	0.14348616483619692	jbcb-readout-withholding-20261007-v1|GSE294385|M-ST-33|M2_spatial_ward|4|neighbors_4|block_matched	1000.0	True
GSE294385	Patient10	M-ST-33	allowed	M2_spatial_ward	4	neighbors_6	success		success		10801	3	478	132	-0.4044037525761004	0.33607541382235817	264	74	9	7	2.0	4.0	False	-0.4384999502924414	0.03409619771634098	0.10145400798156409	0.5523012552301255	0.5606060606060606	0.1971894832275612	-0.01106043742071033	0.0		4		0.0378133387995625	jbcb-readout-withholding-20261007-v1|GSE294385|M-ST-33|M2_spatial_ward|4|neighbors_6|count_only	1000.0	0.03409619771634098	jbcb-readout-withholding-20261007-v1|GSE294385|M-ST-33|M2_spatial_ward|4|neighbors_6|block_matched	1000.0	True
GSE294385	Patient10	M-ST-33	allowed	M2_spatial_ward	4	neighbors_8	success		success		10801	3	478	132	-0.4044037525761004	0.33607541382235817	198	116	13	12	3.0	2.0	False	-0.4932479424893834	0.08884418991328302	0.26435789783850133	0.41422594142259417	0.8787878787878788	0.10162235241099594	0.18060408502799172	0.012132054288341815		4		0.028147597299492344	jbcb-readout-withholding-20261007-v1|GSE294385|M-ST-33|M2_spatial_ward|4|neighbors_8|count_only	1000.0	0.08476690474781323	jbcb-readout-withholding-20261007-v1|GSE294385|M-ST-33|M2_spatial_ward|4|neighbors_8|block_matched	1000.0	False
GSE294385	Patient10	M-ST-33	allowed	M2_spatial_ward	6	neighbors_4	success		success		10801	3	478	132	-0.4044037525761004	0.33607541382235817	252	33	8	6	5.0	3.0	False	-0.429940270941922	0.025536518365821603	0.07598448834855746	0.5271966527196653	0.25	0.14948453608247422	-0.1450917901314452	-0.35096184254859186		6		0.07429830177647379	jbcb-readout-withholding-20261007-v1|GSE294385|M-ST-33|M2_spatial_ward|6|neighbors_4|count_only	1000.0	0.14348616483619692	jbcb-readout-withholding-20261007-v1|GSE294385|M-ST-33|M2_spatial_ward|6|neighbors_4|block_matched	1000.0	True
GSE294385	Patient10	M-ST-33	allowed	M2_spatial_ward	6	neighbors_6	success		success		10801	3	478	132	-0.4044037525761004	0.33607541382235817	100	48	8	6	2.0	5.0	False	-0.21254740878766065	0.19185634378843974	0.5708728930996739	0.20920502092050208	0.36363636363636365	0.21664766248574688	0.36952514792795715	0.09762362937647573		6		0.06766802678078343	jbcb-readout-withholding-20261007-v1|GSE294385|M-ST-33|M2_spatial_ward|6|neighbors_6|count_only	1000.0	0.15904744214690014	jbcb-readout-withholding-20261007-v1|GSE294385|M-ST-33|M2_spatial_ward|6|neighbors_6|block_matched	1000.0	True
GSE294385	Patient10	M-ST-33	allowed	M2_spatial_ward	6	neighbors_8	success		success		10801	3	478	132	-0.4044037525761004	0.33607541382235817	111	44	7	6	2.0	6.0	False	-0.18712713593020713	0.21727661664589326	0.6465114903071748	0.23221757322175732	0.3333333333333333	0.2305084745762712	0.4356503404609992	0.2627791866059156		6		0.07086524819361173	jbcb-readout-withholding-20261007-v1|GSE294385|M-ST-33|M2_spatial_ward|6|neighbors_8|count_only	1000.0	0.1289629927634075	jbcb-readout-withholding-20261007-v1|GSE294385|M-ST-33|M2_spatial_ward|6|neighbors_8|block_matched	1000.0	True
GSE294385	Patient10	M-ST-33	allowed	M3_spatial_leiden	4	seed_11	success		success		10801	3	478	132	-0.4044037525761004	0.33607541382235817	187	28	8	5	4.0	3.0	False	-0.13026431874125421	0.2741394338348462	0.8157080897912694	0.3912133891213389	0.21212121212121213	0.1208390332877337	0.5711001718629707	0.011731451618984475		4	0.05	0.08220670724197843	jbcb-readout-withholding-20261007-v1|GSE294385|M-ST-33|M3_spatial_leiden|4|seed_11|count_only	1000.0	0.270196781377259	jbcb-readout-withholding-20261007-v1|GSE294385|M-ST-33|M3_spatial_leiden|4|seed_11|block_matched	1000.0	True
GSE294385	Patient10	M-ST-33	allowed	M3_spatial_leiden	4	seed_23	success		success		10801	3	478	132	-0.4044037525761004	0.33607541382235817	135	25	8	5	4.0	3.0	False	-0.2767834185215323	0.12762033405456807	0.3797371923256049	0.2824267782426778	0.1893939393939394	0.09477283829995115	0.09452569217610059	-0.6636205963540729		4	0.04458897646187482	0.09585257293964022	jbcb-readout-withholding-20261007-v1|GSE294385|M-ST-33|M3_spatial_leiden|4|seed_23|count_only	1000.0	0.35064690059530323	jbcb-readout-withholding-20261007-v1|GSE294385|M-ST-33|M3_spatial_leiden|4|seed_23|block_matched	1000.0	True
GSE294385	Patient10	M-ST-33	allowed	M3_spatial_leiden	4	seed_37	success		success		10801	3	478	132	-0.4044037525761004	0.33607541382235817	209	54	6	5	1.0	3.0	False	-0.3948486416667949	0.009555110909305498	0.028431448765115892	0.4372384937238494	0.4090909090909091	0.12702600829249905	-0.13104380626620057	-0.22160662876691564		4	0.05	0.053595712329075784	jbcb-readout-withholding-20261007-v1|GSE294385|M-ST-33|M3_spatial_leiden|4|seed_37|count_only	1000.0	0.08403165037792437	jbcb-readout-withholding-20261007-v1|GSE294385|M-ST-33|M3_spatial_leiden|4|seed_37|block_matched	1000.0	True
GSE294385	Patient10	M-ST-33	allowed	M3_spatial_leiden	6	seed_11	success		success		10801	3	478	132	-0.4044037525761004	0.33607541382235817	209	31	8	6	3.0	2.0	False	-0.11580490024145518	0.2885988523346452	0.8587324167878344	0.4372384937238494	0.23484848484848486	0.12586206896551724	0.6425195935662394	0.0021365536815220664		6	0.08408964152537146	0.0726638140378979	jbcb-readout-withholding-20261007-v1|GSE294385|M-ST-33|M3_spatial_leiden|6|seed_11|count_only	1000.0	0.287880809171974	jbcb-readout-withholding-20261007-v1|GSE294385|M-ST-33|M3_spatial_leiden|6|seed_11|block_matched	1000.0	True
GSE294385	Patient10	M-ST-33	allowed	M3_spatial_leiden	6	seed_23	success		success		10801	3	478	132	-0.4044037525761004	0.33607541382235817	166	24	10	6	3.0	2.0	False	-0.019804095183565185	0.3845996573925352	1.14438498496003	0.3472803347280335	0.18181818181818182	0.1142433234421365	0.8713865758823336	0.18730246661543906		6	0.1	0.09174805330363223	jbcb-readout-withholding-20261007-v1|GSE294385|M-ST-33|M3_spatial_leiden|6|seed_23|count_only	1000.0	0.3216519034148031	jbcb-readout-withholding-20261007-v1|GSE294385|M-ST-33|M3_spatial_leiden|6|seed_23|block_matched	1000.0	True
GSE294385	Patient10	M-ST-33	allowed	M3_spatial_leiden	6	seed_37	success		success		10801	3	478	132	-0.4044037525761004	0.33607541382235817	177	33	8	6	3.0	2.0	False	-0.1670967339792544	0.237307018596846	0.706112404647015	0.3702928870292887	0.25	0.116331096196868	0.4859602013136604	-0.339323656297353		6	0.07071067811865477	0.0739877428391611	jbcb-readout-withholding-20261007-v1|GSE294385|M-ST-33|M3_spatial_leiden|6|seed_37|count_only	1000.0	0.35134535680669454	jbcb-readout-withholding-20261007-v1|GSE294385|M-ST-33|M3_spatial_leiden|6|seed_37|block_matched	1000.0	True
GSE294385	Patient10	M-ST-33	withheld	M0_expr_kmeans	4	seed_11	success		success		10801	0	478	132	-0.4044037525761004	0.33607541382235817	278	111	17	14	1.0	3.0	False	-0.27312607332665606	0.13127767924944433	0.39061970572722327	0.5815899581589958	0.8409090909090909	0.17863161442534548	0.313107681684766	0.3427935789254529		4		0.026049885556277408	jbcb-readout-withholding-20261007-v1|GSE294385|M-ST-33|M0_expr_kmeans|4|seed_11|count_only	1000.0	0.016073185356425546	jbcb-readout-withholding-20261007-v1|GSE294385|M-ST-33|M0_expr_kmeans|4|seed_11|block_matched	1000.0	True
GSE294385	Patient10	M-ST-33	withheld	M0_expr_kmeans	4	seed_23	success		success		10801	0	478	132	-0.4044037525761004	0.33607541382235817	278	111	17	14	4.0	2.0	False	-0.27312607332665606	0.13127767924944433	0.39061970572722327	0.5815899581589958	0.8409090909090909	0.17851128326035703	0.3146227787349896	0.3410952567118364		4		0.02554069868814246	jbcb-readout-withholding-20261007-v1|GSE294385|M-ST-33|M0_expr_kmeans|4|seed_23|count_only	1000.0	0.016643949697170424	jbcb-readout-withholding-20261007-v1|GSE294385|M-ST-33|M0_expr_kmeans|4|seed_23|block_matched	1000.0	True
GSE294385	Patient10	M-ST-33	withheld	M0_expr_kmeans	4	seed_37	success		success		10801	0	478	132	-0.4044037525761004	0.33607541382235817	278	111	17	14	2.0	3.0	False	-0.27312607332665606	0.13127767924944433	0.39061970572722327	0.5815899581589958	0.8409090909090909	0.17863161442534548	0.31135141945075573	0.342145810083333		4		0.026640122113352982	jbcb-readout-withholding-20261007-v1|GSE294385|M-ST-33|M0_expr_kmeans|4|seed_37|count_only	1000.0	0.016290884538102235	jbcb-readout-withholding-20261007-v1|GSE294385|M-ST-33|M0_expr_kmeans|4|seed_37|block_matched	1000.0	True
GSE294385	Patient10	M-ST-33	withheld	M0_expr_kmeans	6	seed_11	success		not_evaluable	selected_band_support_below_threshold	10801	0	478	132	-0.4044037525761004	0.33607541382235817	320	16	17	3	5.0	1.0	False	0.0430769516793601	0.4474807042554605	1.3314889630456235	0.6694560669456067	0.12121212121212122	0.27768860353130015				6								False
GSE294385	Patient10	M-ST-33	withheld	M0_expr_kmeans	6	seed_23	success		not_evaluable	selected_band_support_below_threshold	10801	0	478	132	-0.4044037525761004	0.33607541382235817	318	16	17	3	6.0	4.0	False	0.0430769516793601	0.4474807042554605	1.3314889630456235	0.6652719665271967	0.12121212121212122	0.27410358565737053				6								False
GSE294385	Patient10	M-ST-33	withheld	M0_expr_kmeans	6	seed_37	success		not_evaluable	selected_band_support_below_threshold	10801	0	478	132	-0.4044037525761004	0.33607541382235817	319	16	17	3	2.0	6.0	False	0.04060720214702496	0.44501095472312535	1.3241401674159599	0.6673640167364017	0.12121212121212122	0.2755591054313099				6								False
GSE294385	Patient10	M-ST-33	withheld	M1_spatial_concat_kmeans	4	seed_11	success		success		10801	0	478	132	-0.4044037525761004	0.33607541382235817	278	112	17	14	2.0	1.0	False	-0.2763159177664485	0.1280878348096519	0.38112825140299084	0.5815899581589958	0.8484848484848485	0.17894382778338377	0.3061967888698316	0.33185014172323457		4		0.025182622279146027	jbcb-readout-withholding-20261007-v1|GSE294385|M-ST-33|M1_spatial_concat_kmeans|4|seed_11|count_only	1000.0	0.01656116110300765	jbcb-readout-withholding-20261007-v1|GSE294385|M-ST-33|M1_spatial_concat_kmeans|4|seed_11|block_matched	1000.0	True
GSE294385	Patient10	M-ST-33	withheld	M1_spatial_concat_kmeans	4	seed_23	success		success		10801	0	478	132	-0.4044037525761004	0.33607541382235817	278	112	17	14	2.0	3.0	False	-0.2763159177664485	0.1280878348096519	0.38112825140299084	0.5815899581589958	0.8484848484848485	0.17894382778338377	0.3053198861796199	0.32872322702253726		4		0.025477327713640863	jbcb-readout-withholding-20261007-v1|GSE294385|M-ST-33|M1_spatial_concat_kmeans|4|seed_23|count_only	1000.0	0.017612040255031713	jbcb-readout-withholding-20261007-v1|GSE294385|M-ST-33|M1_spatial_concat_kmeans|4|seed_23|block_matched	1000.0	True
GSE294385	Patient10	M-ST-33	withheld	M1_spatial_concat_kmeans	4	seed_37	success		success		10801	0	478	132	-0.4044037525761004	0.33607541382235817	278	112	17	14	2.0	1.0	False	-0.2763159177664485	0.1280878348096519	0.38112825140299084	0.5815899581589958	0.8484848484848485	0.17894382778338377	0.3096287767480277	0.3286688912713314		4		0.02402921553274795	jbcb-readout-withholding-20261007-v1|GSE294385|M-ST-33|M1_spatial_concat_kmeans|4|seed_37|count_only	1000.0	0.017630301165103557	jbcb-readout-withholding-20261007-v1|GSE294385|M-ST-33|M1_spatial_concat_kmeans|4|seed_37|block_matched	1000.0	True
GSE294385	Patient10	M-ST-33	withheld	M1_spatial_concat_kmeans	6	seed_11	success		not_evaluable	selected_band_support_below_threshold	10801	0	478	132	-0.4044037525761004	0.33607541382235817	316	16	17	3	5.0	1.0	False	0.04642307678658675	0.45082682936268714	1.341445434032803	0.6610878661087866	0.12121212121212122	0.2731629392971246				6								False
GSE294385	Patient10	M-ST-33	withheld	M1_spatial_concat_kmeans	6	seed_23	success		not_evaluable	selected_band_support_below_threshold	10801	0	478	132	-0.4044037525761004	0.33607541382235817	321	16	17	3	5.0	4.0	False	0.04060720214702496	0.44501095472312535	1.3241401674159599	0.6715481171548117	0.12121212121212122	0.27826784282277467				6								False
GSE294385	Patient10	M-ST-33	withheld	M1_spatial_concat_kmeans	6	seed_37	success		not_evaluable	selected_band_support_below_threshold	10801	0	478	132	-0.4044037525761004	0.33607541382235817	318	16	17	3	4.0	5.0	False	0.04642307678658675	0.45082682936268714	1.341445434032803	0.6652719665271967	0.12121212121212122	0.27630522088353415				6								False
GSE294385	Patient10	M-ST-33	withheld	M2_spatial_ward	4	neighbors_4	success		success		10801	0	478	132	-0.4044037525761004	0.33607541382235817	37	66	8	6	1.0	2.0	False	-0.3693815296899794	0.035022222886121	0.10420941683235702	0.07740585774058577	0.5	0.03961848862802641	-0.12536161708335494	-0.10693808296360237		4		0.07715318022484952	jbcb-readout-withholding-20261007-v1|GSE294385|M-ST-33|M2_spatial_ward|4|neighbors_4|count_only	1000.0	0.07096148337148334	jbcb-readout-withholding-20261007-v1|GSE294385|M-ST-33|M2_spatial_ward|4|neighbors_4|block_matched	1000.0	True
GSE294385	Patient10	M-ST-33	withheld	M2_spatial_ward	4	neighbors_6	success		success		10801	0	478	132	-0.4044037525761004	0.33607541382235817	264	74	9	7	2.0	4.0	False	-0.4384999502924414	0.03409619771634098	0.10145400798156409	0.5523012552301255	0.5606060606060606	0.2033096926713948	-0.01106043742071033	0.0		4		0.0378133387995625	jbcb-readout-withholding-20261007-v1|GSE294385|M-ST-33|M2_spatial_ward|4|neighbors_6|count_only	1000.0	0.03409619771634098	jbcb-readout-withholding-20261007-v1|GSE294385|M-ST-33|M2_spatial_ward|4|neighbors_6|block_matched	1000.0	True
GSE294385	Patient10	M-ST-33	withheld	M2_spatial_ward	4	neighbors_8	success		not_evaluable	selected_band_support_below_threshold	10801	0	478	132	-0.4044037525761004	0.33607541382235817	155	18	7	4	4.0	1.0	False	-0.20576978833688742	0.19863396423921298	0.5910398561443307	0.32426778242677823	0.13636363636363635	0.04654970760233918				4								False
GSE294385	Patient10	M-ST-33	withheld	M2_spatial_ward	6	neighbors_4	success		success		10801	0	478	132	-0.4044037525761004	0.33607541382235817	252	33	8	6	5.0	2.0	False	-0.429940270941922	0.025536518365821603	0.07598448834855746	0.5271966527196653	0.25	0.14948453608247422	-0.1450917901314452	-0.35096184254859186		6		0.07429830177647379	jbcb-readout-withholding-20261007-v1|GSE294385|M-ST-33|M2_spatial_ward|6|neighbors_4|count_only	1000.0	0.14348616483619692	jbcb-readout-withholding-20261007-v1|GSE294385|M-ST-33|M2_spatial_ward|6|neighbors_4|block_matched	1000.0	True
GSE294385	Patient10	M-ST-33	withheld	M2_spatial_ward	6	neighbors_6	success		success		10801	0	478	132	-0.4044037525761004	0.33607541382235817	102	41	8	6	2.0	5.0	False	-0.04206416549364622	0.3623395870824542	1.0781496419550007	0.21338912133891214	0.3106060606060606	0.22523584905660377	0.8653803809165892	0.6532071375381421		6		0.07150651745216152	jbcb-readout-withholding-20261007-v1|GSE294385|M-ST-33|M2_spatial_ward|6|neighbors_6|count_only	1000.0	0.14281272802260503	jbcb-readout-withholding-20261007-v1|GSE294385|M-ST-33|M2_spatial_ward|6|neighbors_6|block_matched	1000.0	True
GSE294385	Patient10	M-ST-33	withheld	M2_spatial_ward	6	neighbors_8	success		success		10801	0	478	132	-0.4044037525761004	0.33607541382235817	263	73	9	7	5.0	1.0	False	-0.448144924713197	0.04374117213709661	0.13015284765882099	0.5502092050209205	0.553030303030303	0.20704633204633205	0.018533362572996	0.006458640088503194		6		0.03751256464085717	jbcb-readout-withholding-20261007-v1|GSE294385|M-ST-33|M2_spatial_ward|6|neighbors_8|count_only	1000.0	0.041570581996623224	jbcb-readout-withholding-20261007-v1|GSE294385|M-ST-33|M2_spatial_ward|6|neighbors_8|block_matched	1000.0	True
GSE294385	Patient10	M-ST-33	withheld	M3_spatial_leiden	4	seed_11	success		success		10801	0	478	132	-0.4044037525761004	0.33607541382235817	225	61	9	8	4.0	2.0	False	-0.07309940899699563	0.33130434357910477	0.9858035725107362	0.4707112970711297	0.4621212121212121	0.12150790979468193	0.8433428705436878	0.18260666018655855		4	0.05	0.047877539366999455	jbcb-readout-withholding-20261007-v1|GSE294385|M-ST-33|M3_spatial_leiden|4|seed_11|count_only	1000.0	0.26993473469018836	jbcb-readout-withholding-20261007-v1|GSE294385|M-ST-33|M3_spatial_leiden|4|seed_11|block_matched	1000.0	True
GSE294385	Patient10	M-ST-33	withheld	M3_spatial_leiden	4	seed_23	success		success		10801	0	478	132	-0.4044037525761004	0.33607541382235817	307	79	15	10	4.0	1.0	False	-0.10270329147278634	0.30170046110331405	0.897716550199016	0.6422594142259415	0.5984848484848485	0.12740384615384615	0.7927926120871395	0.08947786634557771		4	0.05	0.03526235592082039	jbcb-readout-withholding-20261007-v1|GSE294385|M-ST-33|M3_spatial_leiden|4|seed_23|count_only	1000.0	0.27162915014328237	jbcb-readout-withholding-20261007-v1|GSE294385|M-ST-33|M3_spatial_leiden|4|seed_23|block_matched	1000.0	True
GSE294385	Patient10	M-ST-33	withheld	M3_spatial_leiden	4	seed_37	success		success		10801	0	478	132	-0.4044037525761004	0.33607541382235817	161	23	8	6	4.0	3.0	False	-0.1670967339792544	0.237307018596846	0.706112404647015	0.3368200836820084	0.17424242424242425	0.08953393295175797	0.42950447932398145	-0.08597254281096404		4	0.05	0.09296112296948245	jbcb-readout-withholding-20261007-v1|GSE294385|M-ST-33|M3_spatial_leiden|4|seed_37|count_only	1000.0	0.26620027649940115	jbcb-readout-withholding-20261007-v1|GSE294385|M-ST-33|M3_spatial_leiden|4|seed_37|block_matched	1000.0	True
GSE294385	Patient10	M-ST-33	withheld	M3_spatial_leiden	6	seed_11	success		success		10801	0	478	132	-0.4044037525761004	0.33607541382235817	64	68	5	5	3.0	5.0	False	-0.5334986110938091	0.12909485851770874	0.3841246732376125	0.13389121338912133	0.5151515151515151	0.15224111282843894	0.18348737940731705	0.20794270162815273		6	0.07711054127039706	0.06742926155221463	jbcb-readout-withholding-20261007-v1|GSE294385|M-ST-33|M3_spatial_leiden|6|seed_11|count_only	1000.0	0.05921042901668816	jbcb-readout-withholding-20261007-v1|GSE294385|M-ST-33|M3_spatial_leiden|6|seed_11|block_matched	1000.0	True
GSE294385	Patient10	M-ST-33	withheld	M3_spatial_leiden	6	seed_23	success		success		10801	0	478	132	-0.4044037525761004	0.33607541382235817	133	56	10	7	4.0	3.0	False	-0.09426207894862904	0.31014167362747136	0.9228335691090013	0.27824267782426776	0.42424242424242425	0.1154039136979428	0.7614362311966131	-0.0599360466275336		6	0.08408964152537146	0.054241677128732846	jbcb-readout-withholding-20261007-v1|GSE294385|M-ST-33|M3_spatial_leiden|6|seed_23|count_only	1000.0	0.33028470530069587	jbcb-readout-withholding-20261007-v1|GSE294385|M-ST-33|M3_spatial_leiden|6|seed_23|block_matched	1000.0	True
GSE294385	Patient10	M-ST-33	withheld	M3_spatial_leiden	6	seed_37	success		success		10801	0	478	132	-0.4044037525761004	0.33607541382235817	185	42	9	6	3.0	2.0	False	-0.1344417971955667	0.2699619553805337	0.803277908104368	0.38702928870292885	0.3181818181818182	0.125552608311229	0.6111069806818644	-0.35158713410037423		6	0.08408964152537146	0.06458392395814427	jbcb-readout-withholding-20261007-v1|GSE294385|M-ST-33|M3_spatial_leiden|6|seed_37|count_only	1000.0	0.3881217469679339	jbcb-readout-withholding-20261007-v1|GSE294385|M-ST-33|M3_spatial_leiden|6|seed_37|block_matched	1000.0	True
GSE294385	Patient10	M-ST-34	allowed	M0_expr_kmeans	4	seed_11	success		success		7392	3	1583	422	-0.28128538526208824	0.25196194765365987	1167	100	27	19	2.0	4.0	False	0.023943583211397668	0.3052289684734859	1.2114089897933535	0.7372078332280481	0.23696682464454977	0.6750109793588055	1.1423183801115007	0.5427996809515712		4		0.01740820458001846	jbcb-readout-withholding-20261007-v1|GSE294385|M-ST-34|M0_expr_kmeans|4|seed_11|count_only	1000.0	0.16846410367514286	jbcb-readout-withholding-20261007-v1|GSE294385|M-ST-34|M0_expr_kmeans|4|seed_11|block_matched	1000.0	True
GSE294385	Patient10	M-ST-34	allowed	M0_expr_kmeans	4	seed_23	success		success		7392	3	1583	422	-0.28128538526208824	0.25196194765365987	1176	92	27	19	4.0	2.0	False	0.025753939115812585	0.3070393243779008	1.2185940267454547	0.7428932406822489	0.21800947867298578	0.6726792784865816	1.1383397159663355	0.5136740293768814		4		0.02022103245150897	jbcb-readout-withholding-20261007-v1|GSE294385|M-ST-34|M0_expr_kmeans|4|seed_23|count_only	1000.0	0.17761301547699848	jbcb-readout-withholding-20261007-v1|GSE294385|M-ST-34|M0_expr_kmeans|4|seed_23|block_matched	1000.0	True
GSE294385	Patient10	M-ST-34	allowed	M0_expr_kmeans	4	seed_37	success		success		7392	3	1583	422	-0.28128538526208824	0.25196194765365987	1176	93	27	19	2.0	4.0	False	0.027352367908887842	0.3086377531709761	1.2249379560885967	0.7428932406822489	0.22037914691943128	0.672231985940246	1.1456342723921507	0.5253277558129896		4		0.019981510600266317	jbcb-readout-withholding-20261007-v1|GSE294385|M-ST-34|M0_expr_kmeans|4|seed_37|count_only	1000.0	0.17627514865980898	jbcb-readout-withholding-20261007-v1|GSE294385|M-ST-34|M0_expr_kmeans|4|seed_37|block_matched	1000.0	True
GSE294385	Patient10	M-ST-34	allowed	M0_expr_kmeans	6	seed_11	success		success		7392	3	1583	422	-0.28128538526208824	0.25196194765365987	713	284	27	26	3.0	6.0	False	-0.0644057623710208	0.21687962289106744	0.8607634006274009	0.4504106127605812	0.6729857819905213	0.6829765545361876	0.8234695908694044	0.7741364912949993		6		0.00939662094204985	jbcb-readout-withholding-20261007-v1|GSE294385|M-ST-34|M0_expr_kmeans|6|seed_11|count_only	1000.0	0.02182668479460892	jbcb-readout-withholding-20261007-v1|GSE294385|M-ST-34|M0_expr_kmeans|6|seed_11|block_matched	1000.0	True
GSE294385	Patient10	M-ST-34	allowed	M0_expr_kmeans	6	seed_23	success		success		7392	3	1583	422	-0.28128538526208824	0.25196194765365987	713	283	27	26	1.0	2.0	False	-0.06386152534307499	0.21742385991901325	0.8629233975357193	0.4504106127605812	0.6706161137440758	0.6843989769820972	0.8259829631802793	0.7724375617775828		6		0.009307583787368845	jbcb-readout-withholding-20261007-v1|GSE294385|M-ST-34|M0_expr_kmeans|6|seed_23|count_only	1000.0	0.022798987412689264	jbcb-readout-withholding-20261007-v1|GSE294385|M-ST-34|M0_expr_kmeans|6|seed_23|block_matched	1000.0	True
GSE294385	Patient10	M-ST-34	allowed	M0_expr_kmeans	6	seed_37	success		success		7392	3	1583	422	-0.28128538526208824	0.25196194765365987	714	282	27	26	3.0	2.0	False	-0.06411698242725183	0.2171684028348364	0.8619095258516983	0.4510423246999368	0.6682464454976303	0.685099846390169	0.8219570809045873	0.7708647396258678		6		0.010066495842399714	jbcb-readout-withholding-20261007-v1|GSE294385|M-ST-34|M0_expr_kmeans|6|seed_37|count_only	1000.0	0.022939821661171367	jbcb-readout-withholding-20261007-v1|GSE294385|M-ST-34|M0_expr_kmeans|6|seed_37|block_matched	1000.0	True
GSE294385	Patient10	M-ST-34	allowed	M1_spatial_concat_kmeans	4	seed_11	success		success		7392	3	1583	422	-0.28128538526208824	0.25196194765365987	1167	99	27	19	2.0	3.0	False	0.024739963900953343	0.3060253491630416	1.2145697078977014	0.7372078332280481	0.23459715639810427	0.6748681898066784	1.1379002500135633	0.5309291868474476		4		0.019317785934037657	jbcb-readout-withholding-20261007-v1|GSE294385|M-ST-34|M1_spatial_concat_kmeans|4|seed_11|count_only	1000.0	0.1722513971787848	jbcb-readout-withholding-20261007-v1|GSE294385|M-ST-34|M1_spatial_concat_kmeans|4|seed_11|block_matched	1000.0	True
GSE294385	Patient10	M-ST-34	allowed	M1_spatial_concat_kmeans	4	seed_23	success		success		7392	3	1583	422	-0.28128538526208824	0.25196194765365987	1176	92	27	19	4.0	2.0	False	0.025753939115812585	0.3070393243779008	1.2185940267454547	0.7428932406822489	0.21800947867298578	0.6717926186291739	1.1369910761134001	0.5165470630607757		4		0.020560838375537904	jbcb-readout-withholding-20261007-v1|GSE294385|M-ST-34|M1_spatial_concat_kmeans|4|seed_23|count_only	1000.0	0.1768891203143299	jbcb-readout-withholding-20261007-v1|GSE294385|M-ST-34|M1_spatial_concat_kmeans|4|seed_23|block_matched	1000.0	True
GSE294385	Patient10	M-ST-34	allowed	M1_spatial_concat_kmeans	4	seed_37	success		success		7392	3	1583	422	-0.28128538526208824	0.25196194765365987	1173	94	27	19	2.0	1.0	False	0.02589430244339952	0.30717968770548776	1.2191511081972137	0.7409981048641819	0.22274881516587677	0.6732716864817261	1.134996735671578	0.5234047435428989		4		0.0212036996051308	jbcb-readout-withholding-20261007-v1|GSE294385|M-ST-34|M1_spatial_concat_kmeans|4|seed_37|count_only	1000.0	0.17530160911125459	jbcb-readout-withholding-20261007-v1|GSE294385|M-ST-34|M1_spatial_concat_kmeans|4|seed_37|block_matched	1000.0	True
GSE294385	Patient10	M-ST-34	allowed	M1_spatial_concat_kmeans	6	seed_11	success		success		7392	3	1583	422	-0.28128538526208824	0.25196194765365987	714	281	27	26	3.0	6.0	False	-0.06381692147332241	0.21746846378876583	0.8631004237500662	0.4510423246999368	0.6658767772511849	0.6856410256410257	0.8261299657507619	0.7705782363473196		6		0.009315148603152523	jbcb-readout-withholding-20261007-v1|GSE294385|M-ST-34|M1_spatial_concat_kmeans|6|seed_11|count_only	1000.0	0.023312070539172947	jbcb-readout-withholding-20261007-v1|GSE294385|M-ST-34|M1_spatial_concat_kmeans|6|seed_11|block_matched	1000.0	True
GSE294385	Patient10	M-ST-34	allowed	M1_spatial_concat_kmeans	6	seed_23	success		success		7392	3	1583	422	-0.28128538526208824	0.25196194765365987	722	276	27	26	3.0	6.0	False	-0.0654218206932693	0.21586356456881894	0.8567308142320729	0.45609602021478207	0.6540284360189573	0.6923076923076923	0.8167213910322757	0.7615936327607993		6		0.010080852193920409	jbcb-readout-withholding-20261007-v1|GSE294385|M-ST-34|M1_spatial_concat_kmeans|6|seed_23|count_only	1000.0	0.023970949537781783	jbcb-readout-withholding-20261007-v1|GSE294385|M-ST-34|M1_spatial_concat_kmeans|6|seed_23|block_matched	1000.0	True
GSE294385	Patient10	M-ST-34	allowed	M1_spatial_concat_kmeans	6	seed_37	success		success		7392	3	1583	422	-0.28128538526208824	0.25196194765365987	722	276	27	26	1.0	2.0	False	-0.0654218206932693	0.21586356456881894	0.8567308142320729	0.45609602021478207	0.6540284360189573	0.6923076923076923	0.8190279755809332	0.7627905358607092		6		0.009499680658612841	jbcb-readout-withholding-20261007-v1|GSE294385|M-ST-34|M1_spatial_concat_kmeans|6|seed_37|count_only	1000.0	0.023669375501575773	jbcb-readout-withholding-20261007-v1|GSE294385|M-ST-34|M1_spatial_concat_kmeans|6|seed_37|block_matched	1000.0	True
GSE294385	Patient10	M-ST-34	allowed	M2_spatial_ward	4	neighbors_4	success		not_evaluable	selected_band_support_below_threshold	7392	3	1583	422	-0.28128538526208824	0.25196194765365987	46	20	4	2	1.0	2.0	False	-0.2796546680070626	0.0016307172550256155	0.006472077510954772	0.029058749210360075	0.04739336492890995	0.1346153846153846			the number of connected components of the connectivity matrix is 2 > 1. Completing it to avoid stopping the tree early.	4								False
GSE294385	Patient10	M-ST-34	allowed	M2_spatial_ward	4	neighbors_6	success		success		7392	3	1583	422	-0.28128538526208824	0.25196194765365987	179	257	11	8	2.0	1.0	False	-0.27228139079467173	0.00900399446741651	0.03573553289004242	0.11307643714466203	0.6090047393364929	0.5360623781676414	-0.03849187826563514	-0.2871978162804569	the number of connected components of the connectivity matrix is 2 > 1. Completing it to avoid stopping the tree early.	4		0.018702483084073518	jbcb-readout-withholding-20261007-v1|GSE294385|M-ST-34|M2_spatial_ward|4|neighbors_6|count_only	1000.0	0.08136691561931841	jbcb-readout-withholding-20261007-v1|GSE294385|M-ST-34|M2_spatial_ward|4|neighbors_6|block_matched	1000.0	True
GSE294385	Patient10	M-ST-34	allowed	M2_spatial_ward	4	neighbors_8	success		success		7392	3	1583	422	-0.28128538526208824	0.25196194765365987	559	337	19	18	2.0	1.0	False	-0.2540130000365324	0.027272385225555862	0.10824009529821443	0.3531269740998105	0.7985781990521327	0.4394703656998739	0.0726635746724683	-0.15344662336307258	the number of connected components of the connectivity matrix is 2 > 1. Completing it to avoid stopping the tree early.	4		0.0089639294276036	jbcb-readout-withholding-20261007-v1|GSE294385|M-ST-34|M2_spatial_ward|4|neighbors_8|count_only	1000.0	0.06593509530899322	jbcb-readout-withholding-20261007-v1|GSE294385|M-ST-34|M2_spatial_ward|4|neighbors_8|block_matched	1000.0	True
GSE294385	Patient10	M-ST-34	allowed	M2_spatial_ward	6	neighbors_4	success		success		7392	3	1583	422	-0.28128538526208824	0.25196194765365987	1010	357	22	21	2.0	3.0	False	-0.28382801692301207	0.002542631660923833	0.010091331983267832	0.6380290587492103	0.8459715639810427	0.46646942800788954	-0.013595803031877607	-0.021179186259657895	the number of connected components of the connectivity matrix is 2 > 1. Completing it to avoid stopping the tree early.	6		0.005968256672751249	jbcb-readout-withholding-20261007-v1|GSE294385|M-ST-34|M2_spatial_ward|6|neighbors_4|count_only	1000.0	0.007878980680626868	jbcb-readout-withholding-20261007-v1|GSE294385|M-ST-34|M2_spatial_ward|6|neighbors_4|block_matched	1000.0	True
GSE294385	Patient10	M-ST-34	allowed	M2_spatial_ward	6	neighbors_6	success		success		7392	3	1583	422	-0.28128538526208824	0.25196194765365987	172	254	10	8	1.0	2.0	False	-0.28837926971076544	0.007093884448677201	0.028154586495053865	0.10865445356917246	0.6018957345971564	0.6921768707482994	-0.05061251475536449	-0.31456395661506553	the number of connected components of the connectivity matrix is 2 > 1. Completing it to avoid stopping the tree early.	6		0.019846312242088437	jbcb-readout-withholding-20261007-v1|GSE294385|M-ST-34|M2_spatial_ward|6|neighbors_6|count_only	1000.0	0.08635203161905047	jbcb-readout-withholding-20261007-v1|GSE294385|M-ST-34|M2_spatial_ward|6|neighbors_6|block_matched	1000.0	True
GSE294385	Patient10	M-ST-34	allowed	M2_spatial_ward	6	neighbors_8	success		not_evaluable	selected_band_support_below_threshold	7392	3	1583	422	-0.28128538526208824	0.25196194765365987	0	48	0	6	1.0	5.0	False				0.0	0.11374407582938388	0.5323741007194245			the number of connected components of the connectivity matrix is 2 > 1. Completing it to avoid stopping the tree early.	6								False
GSE294385	Patient10	M-ST-34	allowed	M3_spatial_leiden	4	seed_11	success		success		7392	3	1583	422	-0.28128538526208824	0.25196194765365987	639	277	13	12	1.0	2.0	False	-0.24163030538212737	0.039655079879960864	0.1573851934756024	0.4036639292482628	0.6563981042654028	0.567001675041876	0.11689657605581241	0.12263573868853869		4	0.02	0.010201590902894186	jbcb-readout-withholding-20261007-v1|GSE294385|M-ST-34|M3_spatial_leiden|4|seed_11|count_only	1000.0	0.008755540308051368	jbcb-readout-withholding-20261007-v1|GSE294385|M-ST-34|M3_spatial_leiden|4|seed_11|block_matched	1000.0	True
GSE294385	Patient10	M-ST-34	allowed	M3_spatial_leiden	4	seed_23	success		success		7392	3	1583	422	-0.28128538526208824	0.25196194765365987	301	59	9	8	1.0	3.0	False	-0.183302751044218	0.09798263421787023	0.38887869827294136	0.1901452937460518	0.13981042654028436	0.32677165354330706	0.26823578658673203	0.019911526311924655		4	0.02	0.030397422999065782	jbcb-readout-withholding-20261007-v1|GSE294385|M-ST-34|M3_spatial_leiden|4|seed_23|count_only	1000.0	0.0929656872675606	jbcb-readout-withholding-20261007-v1|GSE294385|M-ST-34|M3_spatial_leiden|4|seed_23|block_matched	1000.0	True
GSE294385	Patient10	M-ST-34	allowed	M3_spatial_leiden	4	seed_37	success		success		7392	3	1583	422	-0.28128538526208824	0.25196194765365987	779	302	17	13	2.0	1.0	False	-0.27885138563150447	0.002433999630583772	0.009660187394365924	0.4921036007580543	0.7156398104265402	0.4380305602716469	-0.024048449299166063	-0.037723500335312486		4	0.02	0.008493293754051945	jbcb-readout-withholding-20261007-v1|GSE294385|M-ST-34|M3_spatial_leiden|4|seed_37|count_only	1000.0	0.011938886247382596	jbcb-readout-withholding-20261007-v1|GSE294385|M-ST-34|M3_spatial_leiden|4|seed_37|block_matched	1000.0	True
GSE294385	Patient10	M-ST-34	allowed	M3_spatial_leiden	6	seed_11	success		success		7392	3	1583	422	-0.28128538526208824	0.25196194765365987	766	279	15	12	2.0	1.0	False	-0.25447473250066244	0.0268106527614258	0.10640754689783159	0.4838913455464308	0.6611374407582938	0.5379087315846209	0.07123918017714766	0.049611287669326536		6	0.05	0.008861090174741681	jbcb-readout-withholding-20261007-v1|GSE294385|M-ST-34|M3_spatial_leiden|6|seed_11|count_only	1000.0	0.014310496094656289	jbcb-readout-withholding-20261007-v1|GSE294385|M-ST-34|M3_spatial_leiden|6|seed_11|block_matched	1000.0	True
GSE294385	Patient10	M-ST-34	allowed	M3_spatial_leiden	6	seed_23	success		success		7392	3	1583	422	-0.28128538526208824	0.25196194765365987	561	231	13	11	3.0	1.0	False	-0.289020451218688	0.007735065956599785	0.03069934181979018	0.3543903979785218	0.54739336492891	0.541647701411015	-0.017954228111412295	-0.01841122667601288		6	0.059460355750136064	0.012258848240169318	jbcb-readout-withholding-20261007-v1|GSE294385|M-ST-34|M3_spatial_leiden|6|seed_23|count_only	1000.0	0.012373994488581008	jbcb-readout-withholding-20261007-v1|GSE294385|M-ST-34|M3_spatial_leiden|6|seed_23|block_matched	1000.0	True
GSE294385	Patient10	M-ST-34	allowed	M3_spatial_leiden	6	seed_37	success		success		7392	3	1583	422	-0.28128538526208824	0.25196194765365987	453	138	10	9	1.0	3.0	False	-0.2087441921780604	0.07254119308402784	0.2879053514213226	0.2861655085281112	0.32701421800947866	0.5019852524106636	0.21721984430949998	0.09338136792170575		6	0.04490931280083573	0.017810058042781463	jbcb-readout-withholding-20261007-v1|GSE294385|M-ST-34|M3_spatial_leiden|6|seed_37|count_only	1000.0	0.04901264174791187	jbcb-readout-withholding-20261007-v1|GSE294385|M-ST-34|M3_spatial_leiden|6|seed_37|block_matched	1000.0	True
GSE294385	Patient10	M-ST-34	withheld	M0_expr_kmeans	4	seed_11	success		success		7392	0	1583	422	-0.28128538526208824	0.25196194765365987	1166	100	27	19	2.0	3.0	False	0.024205143020513464	0.3054905282826017	1.2124470822972078	0.7365761212886923	0.23696682464454977	0.6766519823788546	1.1406147398646491	0.5349786694238118		4		0.018099016903832088	jbcb-readout-withholding-20261007-v1|GSE294385|M-ST-34|M0_expr_kmeans|4|seed_11|count_only	1000.0	0.17069626078141464	jbcb-readout-withholding-20261007-v1|GSE294385|M-ST-34|M0_expr_kmeans|4|seed_11|block_matched	1000.0	True
GSE294385	Patient10	M-ST-34	withheld	M0_expr_kmeans	4	seed_23	success		success		7392	0	1583	422	-0.28128538526208824	0.25196194765365987	1166	100	27	19	1.0	4.0	False	0.024205143020513464	0.3054905282826017	1.2124470822972078	0.7365761212886923	0.23696682464454977	0.6766519823788546	1.1333597802288702	0.5421285826137843		4		0.01992699066381165	jbcb-readout-withholding-20261007-v1|GSE294385|M-ST-34|M0_expr_kmeans|4|seed_23|count_only	1000.0	0.16889475472851456	jbcb-readout-withholding-20261007-v1|GSE294385|M-ST-34|M0_expr_kmeans|4|seed_23|block_matched	1000.0	True
GSE294385	Patient10	M-ST-34	withheld	M0_expr_kmeans	4	seed_37	success		success		7392	0	1583	422	-0.28128538526208824	0.25196194765365987	1172	94	27	19	2.0	1.0	False	0.02591202851046237	0.3071974137725506	1.21922146035645	0.7403663929248263	0.22274881516587677	0.673568281938326	1.1490143760199358	0.5211661467341725		4		0.017689513708512905	jbcb-readout-withholding-20261007-v1|GSE294385|M-ST-34|M0_expr_kmeans|4|seed_37|count_only	1000.0	0.17588337639025542	jbcb-readout-withholding-20261007-v1|GSE294385|M-ST-34|M0_expr_kmeans|4|seed_37|block_matched	1000.0	True
GSE294385	Patient10	M-ST-34	withheld	M0_expr_kmeans	6	seed_11	success		success		7392	0	1583	422	-0.28128538526208824	0.25196194765365987	719	276	27	26	2.0	1.0	False	-0.06688647157709737	0.21439891368499087	0.8509178297815743	0.4542008843967151	0.6540284360189573	0.6921883083290222	0.8146302045318561	0.7572837111704344		6		0.009143100733645104	jbcb-readout-withholding-20261007-v1|GSE294385|M-ST-34|M0_expr_kmeans|6|seed_11|count_only	1000.0	0.02359223489209661	jbcb-readout-withholding-20261007-v1|GSE294385|M-ST-34|M0_expr_kmeans|6|seed_11|block_matched	1000.0	True
GSE294385	Patient10	M-ST-34	withheld	M0_expr_kmeans	6	seed_23	success		success		7392	0	1583	422	-0.28128538526208824	0.25196194765365987	719	276	27	26	6.0	1.0	False	-0.06688647157709737	0.21439891368499087	0.8509178297815743	0.4542008843967151	0.6540284360189573	0.6921883083290222	0.8152526925064258	0.758756898118496		6		0.008986257451181534	jbcb-readout-withholding-20261007-v1|GSE294385|M-ST-34|M0_expr_kmeans|6|seed_23|count_only	1000.0	0.02322104783940504	jbcb-readout-withholding-20261007-v1|GSE294385|M-ST-34|M0_expr_kmeans|6|seed_23|block_matched	1000.0	True
GSE294385	Patient10	M-ST-34	withheld	M0_expr_kmeans	6	seed_37	success		success		7392	0	1583	422	-0.28128538526208824	0.25196194765365987	716	277	27	26	3.0	1.0	False	-0.06572188164719894	0.2155635036148893	0.8555399163337041	0.45230574857864814	0.6563981042654028	0.6911917098445596	0.817683426146629	0.7585884727096172		6		0.009538394998867106	jbcb-readout-withholding-20261007-v1|GSE294385|M-ST-34|M0_expr_kmeans|6|seed_37|count_only	1000.0	0.024428074563358937	jbcb-readout-withholding-20261007-v1|GSE294385|M-ST-34|M0_expr_kmeans|6|seed_37|block_matched	1000.0	True
GSE294385	Patient10	M-ST-34	withheld	M1_spatial_concat_kmeans	4	seed_11	success		success		7392	0	1583	422	-0.28128538526208824	0.25196194765365987	1166	98	27	19	2.0	1.0	False	0.024205143020513464	0.3054905282826017	1.2124470822972078	0.7365761212886923	0.23222748815165878	0.6762240846934274	1.1309042220925714	0.5403304664650102		4		0.020545697874410296	jbcb-readout-withholding-20261007-v1|GSE294385|M-ST-34|M1_spatial_concat_kmeans|4|seed_11|count_only	1000.0	0.1693478115754672	jbcb-readout-withholding-20261007-v1|GSE294385|M-ST-34|M1_spatial_concat_kmeans|4|seed_11|block_matched	1000.0	True
GSE294385	Patient10	M-ST-34	withheld	M1_spatial_concat_kmeans	4	seed_23	success		success		7392	0	1583	422	-0.28128538526208824	0.25196194765365987	1166	100	27	19	4.0	2.0	False	0.024205143020513464	0.3054905282826017	1.2124470822972078	0.7365761212886923	0.23696682464454977	0.676056338028169	1.1358154035051504	0.5465645777319076		4		0.019308267040416438	jbcb-readout-withholding-20261007-v1|GSE294385|M-ST-34|M1_spatial_concat_kmeans|4|seed_23|count_only	1000.0	0.16777705275877008	jbcb-readout-withholding-20261007-v1|GSE294385|M-ST-34|M1_spatial_concat_kmeans|4|seed_23|block_matched	1000.0	True
GSE294385	Patient10	M-ST-34	withheld	M1_spatial_concat_kmeans	4	seed_37	success		success		7392	0	1583	422	-0.28128538526208824	0.25196194765365987	1169	94	27	19	2.0	1.0	False	0.026196075746165448	0.3074814610082537	1.2203488021568616	0.7384712571067593	0.22274881516587677	0.6734244160423094	1.1461262742769065	0.5282076770278573		4		0.018701252684411585	jbcb-readout-withholding-20261007-v1|GSE294385|M-ST-34|M1_spatial_concat_kmeans|4|seed_37|count_only	1000.0	0.17439322593869944	jbcb-readout-withholding-20261007-v1|GSE294385|M-ST-34|M1_spatial_concat_kmeans|4|seed_37|block_matched	1000.0	True
GSE294385	Patient10	M-ST-34	withheld	M1_spatial_concat_kmeans	6	seed_11	success		success		7392	0	1583	422	-0.28128538526208824	0.25196194765365987	719	276	27	26	3.0	5.0	False	-0.06688647157709737	0.21439891368499087	0.8509178297815743	0.4542008843967151	0.6540284360189573	0.6925465838509317	0.8134300323092926	0.7569103101124519		6		0.009445498464362045	jbcb-readout-withholding-20261007-v1|GSE294385|M-ST-34|M1_spatial_concat_kmeans|6|seed_11|count_only	1000.0	0.023686317749921804	jbcb-readout-withholding-20261007-v1|GSE294385|M-ST-34|M1_spatial_concat_kmeans|6|seed_11|block_matched	1000.0	True
GSE294385	Patient10	M-ST-34	withheld	M1_spatial_concat_kmeans	6	seed_23	success		success		7392	0	1583	422	-0.28128538526208824	0.25196194765365987	719	276	27	26	6.0	1.0	False	-0.06688647157709737	0.21439891368499087	0.8509178297815743	0.4542008843967151	0.6540284360189573	0.6925465838509317	0.8126196644187684	0.7564867839332574		6		0.009649680336374478	jbcb-readout-withholding-20261007-v1|GSE294385|M-ST-34|M1_spatial_concat_kmeans|6|seed_23|count_only	1000.0	0.023793030230913947	jbcb-readout-withholding-20261007-v1|GSE294385|M-ST-34|M1_spatial_concat_kmeans|6|seed_23|block_matched	1000.0	True
GSE294385	Patient10	M-ST-34	withheld	M1_spatial_concat_kmeans	6	seed_37	success		success		7392	0	1583	422	-0.28128538526208824	0.25196194765365987	716	277	27	26	3.0	1.0	False	-0.06572188164719894	0.2155635036148893	0.8555399163337041	0.45230574857864814	0.6563981042654028	0.6915500259201659	0.8179613731179205	0.7634485085128153		6		0.009468362938636066	jbcb-readout-withholding-20261007-v1|GSE294385|M-ST-34|M1_spatial_concat_kmeans|6|seed_37|count_only	1000.0	0.023203530476718637	jbcb-readout-withholding-20261007-v1|GSE294385|M-ST-34|M1_spatial_concat_kmeans|6|seed_37|block_matched	1000.0	True
GSE294385	Patient10	M-ST-34	withheld	M2_spatial_ward	4	neighbors_4	success		not_evaluable	selected_band_support_below_threshold	7392	0	1583	422	-0.28128538526208824	0.25196194765365987	46	22	4	2	1.0	2.0	False	-0.21289842945089044	0.0683869558111978	0.27141779323440013	0.029058749210360075	0.052132701421800945	0.13769363166953527			the number of connected components of the connectivity matrix is 2 > 1. Completing it to avoid stopping the tree early.	4								False
GSE294385	Patient10	M-ST-34	withheld	M2_spatial_ward	4	neighbors_6	success		success		7392	0	1583	422	-0.28128538526208824	0.25196194765365987	151	259	10	8	2.0	1.0	False	-0.22444583574398358	0.05683954951810466	0.22558783200165916	0.09538850284270373	0.6137440758293838	0.5315013404825737	0.14075555958081393	-0.01549871118972239	the number of connected components of the connectivity matrix is 2 > 1. Completing it to avoid stopping the tree early.	4		0.02137450458304202	jbcb-readout-withholding-20261007-v1|GSE294385|M-ST-34|M2_spatial_ward|4|neighbors_6|count_only	1000.0	0.060744634975588685	jbcb-readout-withholding-20261007-v1|GSE294385|M-ST-34|M2_spatial_ward|4|neighbors_6|block_matched	1000.0	True
GSE294385	Patient10	M-ST-34	withheld	M2_spatial_ward	4	neighbors_8	success		success		7392	0	1583	422	-0.28128538526208824	0.25196194765365987	446	333	17	16	1.0	2.0	False	-0.29738091999216687	0.01609553473007863	0.06388081565476356	0.2817435249526216	0.7890995260663507	0.4205764075067024	0.019227133968199885	-0.3249292876547439	the number of connected components of the connectivity matrix is 2 > 1. Completing it to avoid stopping the tree early.	4		0.011251028607653146	jbcb-readout-withholding-20261007-v1|GSE294385|M-ST-34|M2_spatial_ward|4|neighbors_8|count_only	1000.0	0.0979653508972842	jbcb-readout-withholding-20261007-v1|GSE294385|M-ST-34|M2_spatial_ward|4|neighbors_8|block_matched	1000.0	True
GSE294385	Patient10	M-ST-34	withheld	M2_spatial_ward	6	neighbors_4	success		success		7392	0	1583	422	-0.28128538526208824	0.25196194765365987	1011	357	22	21	2.0	3.0	False	-0.2846740329134776	0.0033886476513893538	0.013449045313966608	0.638660770688566	0.8459715639810427	0.46591188776765935	-0.011594086098111234	-0.01895560892027914	the number of connected components of the connectivity matrix is 2 > 1. Completing it to avoid stopping the tree early.	6		0.006309916165933682	jbcb-readout-withholding-20261007-v1|GSE294385|M-ST-34|M2_spatial_ward|6|neighbors_4|count_only	1000.0	0.008164739793903975	jbcb-readout-withholding-20261007-v1|GSE294385|M-ST-34|M2_spatial_ward|6|neighbors_4|block_matched	1000.0	True
GSE294385	Patient10	M-ST-34	withheld	M2_spatial_ward	6	neighbors_6	success		success		7392	0	1583	422	-0.28128538526208824	0.25196194765365987	144	256	9	8	1.0	2.0	False	-0.232559809895176	0.048725575366912244	0.19338465915452088	0.09096651926721415	0.6066350710900474	0.6926483613817538	0.1037973749605803	-0.08384067968325477	the number of connected components of the connectivity matrix is 2 > 1. Completing it to avoid stopping the tree early.	6		0.022572586610507206	jbcb-readout-withholding-20261007-v1|GSE294385|M-ST-34|M2_spatial_ward|6|neighbors_6|count_only	1000.0	0.06985023631251175	jbcb-readout-withholding-20261007-v1|GSE294385|M-ST-34|M2_spatial_ward|6|neighbors_6|block_matched	1000.0	True
GSE294385	Patient10	M-ST-34	withheld	M2_spatial_ward	6	neighbors_8	success		not_evaluable	selected_band_support_below_threshold	7392	0	1583	422	-0.28128538526208824	0.25196194765365987	0	51	0	6	5.0	6.0	False				0.0	0.12085308056872038	0.5385996409335727			the number of connected components of the connectivity matrix is 2 > 1. Completing it to avoid stopping the tree early.	6								False
GSE294385	Patient10	M-ST-34	withheld	M3_spatial_leiden	4	seed_11	success		success		7392	0	1583	422	-0.28128538526208824	0.25196194765365987	1026	334	20	17	2.0	1.0	False	-0.2946634204413763	0.01337803517928804	0.05309545867488343	0.6481364497789008	0.7914691943127962	0.38496209793075187	0.027253983145814356	-0.04403254796210923		4	0.01414213562373095	0.006511068504548634	jbcb-readout-withholding-20261007-v1|GSE294385|M-ST-34|M3_spatial_leiden|4|seed_11|count_only	1000.0	0.024472561723974273	jbcb-readout-withholding-20261007-v1|GSE294385|M-ST-34|M3_spatial_leiden|4|seed_11|block_matched	1000.0	True
GSE294385	Patient10	M-ST-34	withheld	M3_spatial_leiden	4	seed_23	success		success		7392	0	1583	422	-0.28128538526208824	0.25196194765365987	520	235	12	10	3.0	2.0	False	-0.27172365040803736	0.009561734854050874	0.037949122647655424	0.32849020846494	0.556872037914692	0.5493767976989453	-0.008229458718075743	-0.0024361605167875894		4	0.02	0.01163524530079263	jbcb-readout-withholding-20261007-v1|GSE294385|M-ST-34|M3_spatial_leiden|4|seed_23|count_only	1000.0	0.010175554602657622	jbcb-readout-withholding-20261007-v1|GSE294385|M-ST-34|M3_spatial_leiden|4|seed_23|block_matched	1000.0	True
GSE294385	Patient10	M-ST-34	withheld	M3_spatial_leiden	4	seed_37	success		success		7392	0	1583	422	-0.28128538526208824	0.25196194765365987	650	164	12	10	3.0	2.0	False	-0.23964241482584914	0.0416429704362391	0.16527483941138768	0.41061276058117496	0.3886255924170616	0.5010552975939215	0.10691403368370515	-0.0127492083835772		4	0.01681792830507429	0.014704702277783754	jbcb-readout-withholding-20261007-v1|GSE294385|M-ST-34|M3_spatial_leiden|4|seed_37|count_only	1000.0	0.04485528581160758	jbcb-readout-withholding-20261007-v1|GSE294385|M-ST-34|M3_spatial_leiden|4|seed_37|block_matched	1000.0	True
GSE294385	Patient10	M-ST-34	withheld	M3_spatial_leiden	6	seed_11	success		success		7392	0	1583	422	-0.28128538526208824	0.25196194765365987	521	169	11	10	3.0	1.0	False	-0.22649696337650038	0.05478842188558786	0.2174472073890243	0.32912192040429566	0.4004739336492891	0.5321608040201005	0.1592089659008243	0.09399497306088496		6	0.059460355750136064	0.014673820753291045	jbcb-readout-withholding-20261007-v1|GSE294385|M-ST-34|M3_spatial_leiden|6|seed_11|count_only	1000.0	0.031105265403513993	jbcb-readout-withholding-20261007-v1|GSE294385|M-ST-34|M3_spatial_leiden|6|seed_11|block_matched	1000.0	True
GSE294385	Patient10	M-ST-34	withheld	M3_spatial_leiden	6	seed_23	success		success		7392	0	1583	422	-0.28128538526208824	0.25196194765365987	277	238	12	8	1.0	2.0	False	-0.44737324456923444	0.1660878593071462	0.6591783436102269	0.1749842072015161	0.5639810426540285	0.4578375581996896	0.5956060392011877	0.13896637006315918		6	0.05	0.016017801635732853	jbcb-readout-withholding-20261007-v1|GSE294385|M-ST-34|M3_spatial_leiden|6|seed_23|count_only	1000.0	0.13107362204767337	jbcb-readout-withholding-20261007-v1|GSE294385|M-ST-34|M3_spatial_leiden|6|seed_23|block_matched	1000.0	True
GSE294385	Patient10	M-ST-34	withheld	M3_spatial_leiden	6	seed_37	success		success		7392	0	1583	422	-0.28128538526208824	0.25196194765365987	567	249	13	11	1.0	2.0	False	-0.24973029431288563	0.03155509094920261	0.12523752591632367	0.3581806696146557	0.590047393364929	0.5581395348837209	0.08285978075574545	0.0915086625944265		6	0.05	0.010677579207829746	jbcb-readout-withholding-20261007-v1|GSE294385|M-ST-34|M3_spatial_leiden|6|seed_37|count_only	1000.0	0.008498390094729302	jbcb-readout-withholding-20261007-v1|GSE294385|M-ST-34|M3_spatial_leiden|6|seed_37|block_matched	1000.0	True
Valdeolivas	A121573	SN048_A121573_Rep1	allowed	M0_expr_kmeans	4	seed_11	success		success		2203	2	140	49	0.09243128329205413	0.23383701382717587	75	45	16	8	3.0	4.0	False	0.12038924520605415	0.027957961914000018	0.11956174711785865	0.5357142857142857	0.9183673469387755	0.4039408866995074	0.028019431796677426	0.02839055705526823		4		0.021405981653530748	jbcb-readout-withholding-20261007-v1|Valdeolivas|SN048_A121573_Rep1|M0_expr_kmeans|4|seed_11|count_only	1000.0	0.021319198831306035	jbcb-readout-withholding-20261007-v1|Valdeolivas|SN048_A121573_Rep1|M0_expr_kmeans|4|seed_11|block_matched	1000.0	True
Valdeolivas	A121573	SN048_A121573_Rep1	allowed	M0_expr_kmeans	4	seed_23	success		success		2203	2	140	49	0.09243128329205413	0.23383701382717587	77	46	16	8	1.0	3.0	False	0.12982525876745055	0.03739397547539641	0.15991469811974904	0.55	0.9387755102040817	0.4083129584352078	0.06811871997064253	0.10073381913900645		4		0.021465297411731754	jbcb-readout-withholding-20261007-v1|Valdeolivas|SN048_A121573_Rep1|M0_expr_kmeans|4|seed_23|count_only	1000.0	0.01383868001652433	jbcb-readout-withholding-20261007-v1|Valdeolivas|SN048_A121573_Rep1|M0_expr_kmeans|4|seed_23|block_matched	1000.0	True
Valdeolivas	A121573	SN048_A121573_Rep1	allowed	M0_expr_kmeans	4	seed_37	success		success		2203	2	140	49	0.09243128329205413	0.23383701382717587	75	46	16	8	1.0	2.0	False	0.11299550921349716	0.020564225921443025	0.08794256129460164	0.5357142857142857	0.9387755102040817	0.40540540540540543	-0.0010628316004277765	0.02286735058069242		4		0.020812755289088214	jbcb-readout-withholding-20261007-v1|Valdeolivas|SN048_A121573_Rep1|M0_expr_kmeans|4|seed_37|count_only	1000.0	0.015216992947514774	jbcb-readout-withholding-20261007-v1|Valdeolivas|SN048_A121573_Rep1|M0_expr_kmeans|4|seed_37|block_matched	1000.0	True
Valdeolivas	A121573	SN048_A121573_Rep1	allowed	M0_expr_kmeans	6	seed_11	success		success		2203	2	140	49	0.09243128329205413	0.23383701382717587	56	34	15	7	1.0	3.0	False	0.18906651540616215	0.09663523211410802	0.4132589213849999	0.4	0.6938775510204082	0.45703125	0.2713525391175581	0.3053826951290765		6		0.03318296467243631	jbcb-readout-withholding-20261007-v1|Valdeolivas|SN048_A121573_Rep1|M0_expr_kmeans|6|seed_11|count_only	1000.0	0.025225454610629916	jbcb-readout-withholding-20261007-v1|Valdeolivas|SN048_A121573_Rep1|M0_expr_kmeans|6|seed_11|block_matched	1000.0	True
Valdeolivas	A121573	SN048_A121573_Rep1	allowed	M0_expr_kmeans	6	seed_23	success		success		2203	2	140	49	0.09243128329205413	0.23383701382717587	57	34	15	7	5.0	6.0	False	0.19008113475588528	0.09764985146383115	0.4175979237230687	0.40714285714285714	0.6938775510204082	0.4573643410852713	0.2724954692241205	0.30062890932257325		6		0.033930324659027705	jbcb-readout-withholding-20261007-v1|Valdeolivas|SN048_A121573_Rep1|M0_expr_kmeans|6|seed_23|count_only	1000.0	0.027351685037719786	jbcb-readout-withholding-20261007-v1|Valdeolivas|SN048_A121573_Rep1|M0_expr_kmeans|6|seed_23|block_matched	1000.0	True
Valdeolivas	A121573	SN048_A121573_Rep1	allowed	M0_expr_kmeans	6	seed_37	success		success		2203	2	140	49	0.09243128329205413	0.23383701382717587	54	31	15	7	2.0	6.0	False	0.19421653111248977	0.10178524782043563	0.43528287568563895	0.38571428571428573	0.6326530612244898	0.448	0.27932754480691824	0.29376915252580466		6		0.03646812886310921	jbcb-readout-withholding-20261007-v1|Valdeolivas|SN048_A121573_Rep1|M0_expr_kmeans|6|seed_37|count_only	1000.0	0.03309114643926131	jbcb-readout-withholding-20261007-v1|Valdeolivas|SN048_A121573_Rep1|M0_expr_kmeans|6|seed_37|block_matched	1000.0	True
Valdeolivas	A121573	SN048_A121573_Rep1	allowed	M1_spatial_concat_kmeans	4	seed_11	success		success		2203	2	140	49	0.09243128329205413	0.23383701382717587	75	46	16	8	1.0	3.0	False	0.11299550921349716	0.020564225921443025	0.08794256129460164	0.5357142857142857	0.9387755102040817	0.40540540540540543	-0.002188965415105039	0.024070179019673232		4		0.02107608705748215	jbcb-readout-withholding-20261007-v1|Valdeolivas|SN048_A121573_Rep1|M1_spatial_concat_kmeans|4|seed_11|count_only	1000.0	0.014935727137197097	jbcb-readout-withholding-20261007-v1|Valdeolivas|SN048_A121573_Rep1|M1_spatial_concat_kmeans|4|seed_11|block_matched	1000.0	True
Valdeolivas	A121573	SN048_A121573_Rep1	allowed	M1_spatial_concat_kmeans	4	seed_23	success		success		2203	2	140	49	0.09243128329205413	0.23383701382717587	77	46	16	8	1.0	3.0	False	0.12982525876745055	0.03739397547539641	0.15991469811974904	0.55	0.9387755102040817	0.4083129584352078	0.070346238317381	0.09483948740583983		4		0.020944421173285183	jbcb-readout-withholding-20261007-v1|Valdeolivas|SN048_A121573_Rep1|M1_spatial_concat_kmeans|4|seed_23|count_only	1000.0	0.015216992947514774	jbcb-readout-withholding-20261007-v1|Valdeolivas|SN048_A121573_Rep1|M1_spatial_concat_kmeans|4|seed_23|block_matched	1000.0	True
Valdeolivas	A121573	SN048_A121573_Rep1	allowed	M1_spatial_concat_kmeans	4	seed_37	success		success		2203	2	140	49	0.09243128329205413	0.23383701382717587	77	46	17	8	2.0	1.0	False	0.14994639114163333	0.057515107849579195	0.24596237741937393	0.55	0.9387755102040817	0.41089108910891087	0.15583085070966726	0.17887324617952252		4		0.02107608705748215	jbcb-readout-withholding-20261007-v1|Valdeolivas|SN048_A121573_Rep1|M1_spatial_concat_kmeans|4|seed_37|count_only	1000.0	0.015687922109386354	jbcb-readout-withholding-20261007-v1|Valdeolivas|SN048_A121573_Rep1|M1_spatial_concat_kmeans|4|seed_37|block_matched	1000.0	True
Valdeolivas	A121573	SN048_A121573_Rep1	allowed	M1_spatial_concat_kmeans	6	seed_11	success		success		2203	2	140	49	0.09243128329205413	0.23383701382717587	56	34	15	7	1.0	3.0	False	0.18906651540616215	0.09663523211410802	0.4132589213849999	0.4	0.6938775510204082	0.45703125	0.26804952714684477	0.29541212884957135		6		0.03395533112830332	jbcb-readout-withholding-20261007-v1|Valdeolivas|SN048_A121573_Rep1|M1_spatial_concat_kmeans|6|seed_11|count_only	1000.0	0.027556942055595335	jbcb-readout-withholding-20261007-v1|Valdeolivas|SN048_A121573_Rep1|M1_spatial_concat_kmeans|6|seed_11|block_matched	1000.0	True
Valdeolivas	A121573	SN048_A121573_Rep1	allowed	M1_spatial_concat_kmeans	6	seed_23	success		success		2203	2	140	49	0.09243128329205413	0.23383701382717587	56	34	15	7	6.0	1.0	False	0.18906651540616215	0.09663523211410802	0.4132589213849999	0.4	0.6938775510204082	0.45703125	0.2663473199710178	0.2901312720658276		6		0.0343533701712139	jbcb-readout-withholding-20261007-v1|Valdeolivas|SN048_A121573_Rep1|M1_spatial_concat_kmeans|6|seed_23|count_only	1000.0	0.028791801836354963	jbcb-readout-withholding-20261007-v1|Valdeolivas|SN048_A121573_Rep1|M1_spatial_concat_kmeans|6|seed_23|block_matched	1000.0	True
Valdeolivas	A121573	SN048_A121573_Rep1	allowed	M1_spatial_concat_kmeans	6	seed_37	success		success		2203	2	140	49	0.09243128329205413	0.23383701382717587	56	34	15	7	5.0	4.0	False	0.18906651540616215	0.09663523211410802	0.4132589213849999	0.4	0.6938775510204082	0.45703125	0.27419327834943114	0.2965476644587017		6		0.03251869469339341	jbcb-readout-withholding-20261007-v1|Valdeolivas|SN048_A121573_Rep1|M1_spatial_concat_kmeans|6|seed_37|count_only	1000.0	0.02729141179966188	jbcb-readout-withholding-20261007-v1|Valdeolivas|SN048_A121573_Rep1|M1_spatial_concat_kmeans|6|seed_37|block_matched	1000.0	True
Valdeolivas	A121573	SN048_A121573_Rep1	allowed	M2_spatial_ward	4	neighbors_4	success		not_evaluable	selected_band_support_below_threshold	2203	2	140	49	0.09243128329205413	0.23383701382717587	51	19	8	3	2.0	3.0	False	0.0693086914215269	0.02312259187052723	0.09888336962606213	0.36428571428571427	0.3877551020408163	0.25268817204301075				4								False
Valdeolivas	A121573	SN048_A121573_Rep1	allowed	M2_spatial_ward	4	neighbors_6	success		not_evaluable	selected_band_support_below_threshold	2203	2	140	49	0.09243128329205413	0.23383701382717587	60	15	9	5	2.0	3.0	False	0.03155999880430904	0.06087128448774509	0.26031500955077114	0.42857142857142855	0.30612244897959184	0.25196850393700787				4								False
Valdeolivas	A121573	SN048_A121573_Rep1	allowed	M2_spatial_ward	4	neighbors_8	success		success		2203	2	140	49	0.09243128329205413	0.23383701382717587	64	34	9	5	2.0	1.0	False	0.0203877216181933	0.07204356167386083	0.30809306232035083	0.45714285714285713	0.6938775510204082	0.22350993377483444	0.1734069602693079	0.0		4		0.031494595907638145	jbcb-readout-withholding-20261007-v1|Valdeolivas|SN048_A121573_Rep1|M2_spatial_ward|4|neighbors_8|count_only	1000.0	0.07204356167386083	jbcb-readout-withholding-20261007-v1|Valdeolivas|SN048_A121573_Rep1|M2_spatial_ward|4|neighbors_8|block_matched	1000.0	False
Valdeolivas	A121573	SN048_A121573_Rep1	allowed	M2_spatial_ward	6	neighbors_4	success		not_evaluable	selected_band_support_below_threshold	2203	2	140	49	0.09243128329205413	0.23383701382717587	51	19	8	3	6.0	3.0	False	0.0693086914215269	0.02312259187052723	0.09888336962606213	0.36428571428571427	0.3877551020408163	0.25268817204301075				6								False
Valdeolivas	A121573	SN048_A121573_Rep1	allowed	M2_spatial_ward	6	neighbors_6	success		not_evaluable	selected_band_support_below_threshold	2203	2	140	49	0.09243128329205413	0.23383701382717587	60	15	9	5	1.0	3.0	False	0.03155999880430904	0.06087128448774509	0.26031500955077114	0.42857142857142855	0.30612244897959184	0.25196850393700787				6								False
Valdeolivas	A121573	SN048_A121573_Rep1	allowed	M2_spatial_ward	6	neighbors_8	success		not_evaluable	selected_band_support_below_threshold	2203	2	140	49	0.09243128329205413	0.23383701382717587	16	31	6	5	5.0	3.0	False	-0.06297141495897074	0.15540269825102487	0.6645769876529463	0.11428571428571428	0.6326530612244898	0.26136363636363635				6								False
Valdeolivas	A121573	SN048_A121573_Rep1	allowed	M3_spatial_leiden	4	seed_11	success		not_evaluable	selected_band_support_below_threshold	2203	2	140	49	0.09243128329205413	0.23383701382717587	63	12	8	3	2.0	1.0	False	0.15418739990099012	0.061756116608935985	0.26409897902039864	0.45	0.24489795918367346	0.1296551724137931				4	0.1							False
Valdeolivas	A121573	SN048_A121573_Rep1	allowed	M3_spatial_leiden	4	seed_23	not_evaluable	no_exact_K_resolution	not_evaluable	fit_unavailable	2203	2	140	49	0.09243128329205413	0.23383701382717587	0	0	0	0			False										3	0.1							False
Valdeolivas	A121573	SN048_A121573_Rep1	allowed	M3_spatial_leiden	4	seed_37	success		success		2203	2	140	49	0.09243128329205413	0.23383701382717587	40	24	6	4	1.0	2.0	False	-0.08104352802250248	0.1734748113145566	0.7418620708301051	0.2857142857142857	0.4897959183673469	0.1645101663585952	0.5576045580710008	0.00853382405360848		4	0.1	0.0430862265588117	jbcb-readout-withholding-20261007-v1|Valdeolivas|SN048_A121573_Rep1|M3_spatial_leiden|4|seed_37|count_only	1000.0	0.17147928738133428	jbcb-readout-withholding-20261007-v1|Valdeolivas|SN048_A121573_Rep1|M3_spatial_leiden|4|seed_37|block_matched	1000.0	True
Valdeolivas	A121573	SN048_A121573_Rep1	allowed	M3_spatial_leiden	6	seed_11	success		not_evaluable	selected_band_support_below_threshold	2203	2	140	49	0.09243128329205413	0.23383701382717587	27	12	4	3	2.0	6.0	False	0.22655967780931374	0.1341283945172596	0.5735977907090071	0.19285714285714287	0.24489795918367346	0.2345132743362832				6	0.18340080864093425							False
Valdeolivas	A121573	SN048_A121573_Rep1	allowed	M3_spatial_leiden	6	seed_23	success		not_evaluable	selected_band_support_below_threshold	2203	2	140	49	0.09243128329205413	0.23383701382717587	36	19	5	3	6.0	4.0	False	-0.01871246643518837	0.1111437497272425	0.47530434941914956	0.2571428571428571	0.3877551020408163	0.21407624633431085				6	0.14142135623730953							False
Valdeolivas	A121573	SN048_A121573_Rep1	allowed	M3_spatial_leiden	6	seed_37	success		not_evaluable	selected_band_support_below_threshold	2203	2	140	49	0.09243128329205413	0.23383701382717587	33	16	5	2	6.0	4.0	False	0.11652646305247272	0.024095179760418584	0.10304262514328393	0.2357142857142857	0.32653061224489793	0.23183391003460208				6	0.16817928305074292							False
Valdeolivas	A121573	SN048_A121573_Rep1	withheld	M0_expr_kmeans	4	seed_11	success		success		2203	0	140	49	0.09243128329205413	0.23383701382717587	76	46	16	8	1.0	3.0	False	0.09150666224562315	0.0009246210464309845	0.003954126129554292	0.5428571428571428	0.9387755102040817	0.4068627450980392	-0.08146375706045171	-0.06051967036486464		4		0.019973862732589526	jbcb-readout-withholding-20261007-v1|Valdeolivas|SN048_A121573_Rep1|M0_expr_kmeans|4|seed_11|count_only	1000.0	0.015076360042355963	jbcb-readout-withholding-20261007-v1|Valdeolivas|SN048_A121573_Rep1|M0_expr_kmeans|4|seed_11|block_matched	1000.0	True
Valdeolivas	A121573	SN048_A121573_Rep1	withheld	M0_expr_kmeans	4	seed_23	success		success		2203	0	140	49	0.09243128329205413	0.23383701382717587	76	46	16	8	2.0	4.0	False	0.09150666224562315	0.0009246210464309845	0.003954126129554292	0.5428571428571428	0.9387755102040817	0.4068627450980392	-0.08371742621421399	-0.05683238178452489		4		0.020500853997659718	jbcb-readout-withholding-20261007-v1|Valdeolivas|SN048_A121573_Rep1|M0_expr_kmeans|4|seed_23|count_only	1000.0	0.014214135491610269	jbcb-readout-withholding-20261007-v1|Valdeolivas|SN048_A121573_Rep1|M0_expr_kmeans|4|seed_23|block_matched	1000.0	True
Valdeolivas	A121573	SN048_A121573_Rep1	withheld	M0_expr_kmeans	4	seed_37	success		success		2203	0	140	49	0.09243128329205413	0.23383701382717587	76	46	16	8	2.0	1.0	False	0.09150666224562315	0.0009246210464309845	0.003954126129554292	0.5428571428571428	0.9387755102040817	0.4068627450980392	-0.08306986798991797	-0.05599600538045539		4		0.02034943091621111	jbcb-readout-withholding-20261007-v1|Valdeolivas|SN048_A121573_Rep1|M0_expr_kmeans|4|seed_37|count_only	1000.0	0.014018559730847147	jbcb-readout-withholding-20261007-v1|Valdeolivas|SN048_A121573_Rep1|M0_expr_kmeans|4|seed_37|block_matched	1000.0	True
Valdeolivas	A121573	SN048_A121573_Rep1	withheld	M0_expr_kmeans	6	seed_11	success		success		2203	0	140	49	0.09243128329205413	0.23383701382717587	55	34	15	8	1.0	3.0	False	0.19698045295632538	0.10454916966427125	0.44710274029389285	0.39285714285714285	0.6938775510204082	0.45703125	0.30187418201352534	0.3201098688924732		6		0.03395981239070711	jbcb-readout-withholding-20261007-v1|Valdeolivas|SN048_A121573_Rep1|M0_expr_kmeans|6|seed_11|count_only	1000.0	0.02969563382584653	jbcb-readout-withholding-20261007-v1|Valdeolivas|SN048_A121573_Rep1|M0_expr_kmeans|6|seed_11|block_matched	1000.0	True
Valdeolivas	A121573	SN048_A121573_Rep1	withheld	M0_expr_kmeans	6	seed_23	success		success		2203	0	140	49	0.09243128329205413	0.23383701382717587	54	31	15	7	5.0	2.0	False	0.19421653111248977	0.10178524782043563	0.43528287568563895	0.38571428571428573	0.6326530612244898	0.4409448818897638	0.2859757764847707	0.30120790201483366		6		0.03491352622032895	jbcb-readout-withholding-20261007-v1|Valdeolivas|SN048_A121573_Rep1|M0_expr_kmeans|6|seed_23|count_only	1000.0	0.03135169147213834	jbcb-readout-withholding-20261007-v1|Valdeolivas|SN048_A121573_Rep1|M0_expr_kmeans|6|seed_23|block_matched	1000.0	True
Valdeolivas	A121573	SN048_A121573_Rep1	withheld	M0_expr_kmeans	6	seed_37	success		success		2203	0	140	49	0.09243128329205413	0.23383701382717587	53	31	15	7	3.0	1.0	False	0.19320191176276663	0.1007706284707125	0.43094387334757017	0.37857142857142856	0.6326530612244898	0.44223107569721115	0.27677649814906125	0.2999178223918164		6		0.036050038645993154	jbcb-readout-withholding-20261007-v1|Valdeolivas|SN048_A121573_Rep1|M0_expr_kmeans|6|seed_37|count_only	1000.0	0.030638740489060845	jbcb-readout-withholding-20261007-v1|Valdeolivas|SN048_A121573_Rep1|M0_expr_kmeans|6|seed_37|block_matched	1000.0	True
Valdeolivas	A121573	SN048_A121573_Rep1	withheld	M1_spatial_concat_kmeans	4	seed_11	success		success		2203	0	140	49	0.09243128329205413	0.23383701382717587	76	46	16	8	1.0	3.0	False	0.09150666224562315	0.0009246210464309845	0.003954126129554292	0.5428571428571428	0.9387755102040817	0.4068627450980392	-0.08706121605292962	-0.06419019751730497		4		0.021282755828410632	jbcb-readout-withholding-20261007-v1|Valdeolivas|SN048_A121573_Rep1|M1_spatial_concat_kmeans|4|seed_11|count_only	1000.0	0.015934665150854177	jbcb-readout-withholding-20261007-v1|Valdeolivas|SN048_A121573_Rep1|M1_spatial_concat_kmeans|4|seed_11|block_matched	1000.0	True
Valdeolivas	A121573	SN048_A121573_Rep1	withheld	M1_spatial_concat_kmeans	4	seed_23	success		success		2203	0	140	49	0.09243128329205413	0.23383701382717587	76	46	16	8	3.0	1.0	False	0.09150666224562315	0.0009246210464309845	0.003954126129554292	0.5428571428571428	0.9387755102040817	0.4068627450980392	-0.0873124087517823	-0.06259300894612149		4		0.021341493979005532	jbcb-readout-withholding-20261007-v1|Valdeolivas|SN048_A121573_Rep1|M1_spatial_concat_kmeans|4|seed_23|count_only	1000.0	0.015561183344849738	jbcb-readout-withholding-20261007-v1|Valdeolivas|SN048_A121573_Rep1|M1_spatial_concat_kmeans|4|seed_23|block_matched	1000.0	True
Valdeolivas	A121573	SN048_A121573_Rep1	withheld	M1_spatial_concat_kmeans	4	seed_37	success		success		2203	0	140	49	0.09243128329205413	0.23383701382717587	76	46	16	8	1.0	2.0	False	0.09150666224562315	0.0009246210464309845	0.003954126129554292	0.5428571428571428	0.9387755102040817	0.4068627450980392	-0.08700962629985219	-0.06281532375959865		4		0.021270692234606925	jbcb-readout-withholding-20261007-v1|Valdeolivas|SN048_A121573_Rep1|M1_spatial_concat_kmeans|4|seed_37|count_only	1000.0	0.015613168776962782	jbcb-readout-withholding-20261007-v1|Valdeolivas|SN048_A121573_Rep1|M1_spatial_concat_kmeans|4|seed_37|block_matched	1000.0	True
Valdeolivas	A121573	SN048_A121573_Rep1	withheld	M1_spatial_concat_kmeans	6	seed_11	success		success		2203	0	140	49	0.09243128329205413	0.23383701382717587	54	31	15	7	2.0	4.0	False	0.19421653111248977	0.10178524782043563	0.43528287568563895	0.38571428571428573	0.6326530612244898	0.4357976653696498	0.27116310779689357	0.3045149430168272		6		0.03837727643311345	jbcb-readout-withholding-20261007-v1|Valdeolivas|SN048_A121573_Rep1|M1_spatial_concat_kmeans|6|seed_11|count_only	1000.0	0.030578382879628135	jbcb-readout-withholding-20261007-v1|Valdeolivas|SN048_A121573_Rep1|M1_spatial_concat_kmeans|6|seed_11|block_matched	1000.0	True
Valdeolivas	A121573	SN048_A121573_Rep1	withheld	M1_spatial_concat_kmeans	6	seed_23	success		success		2203	0	140	49	0.09243128329205413	0.23383701382717587	54	32	15	7	6.0	3.0	False	0.19799507230604851	0.10556378901399438	0.45144174263196163	0.38571428571428573	0.6530612244897959	0.450199203187251	0.29984628061369284	0.3300902987399189		6		0.03544863014810304	jbcb-readout-withholding-20261007-v1|Valdeolivas|SN048_A121573_Rep1|M1_spatial_concat_kmeans|6|seed_23|count_only	1000.0	0.02837645926333135	jbcb-readout-withholding-20261007-v1|Valdeolivas|SN048_A121573_Rep1|M1_spatial_concat_kmeans|6|seed_23|block_matched	1000.0	True
Valdeolivas	A121573	SN048_A121573_Rep1	withheld	M1_spatial_concat_kmeans	6	seed_37	success		success		2203	0	140	49	0.09243128329205413	0.23383701382717587	59	34	15	7	6.0	1.0	False	0.18805189605643902	0.09562061276438488	0.4089199190469312	0.42142857142857143	0.6938775510204082	0.4368231046931408	0.2658469880169139	0.2968446981323157		6		0.03345574695156073	jbcb-readout-withholding-20261007-v1|Valdeolivas|SN048_A121573_Rep1|M1_spatial_concat_kmeans|6|seed_37|count_only	1000.0	0.02620733498269473	jbcb-readout-withholding-20261007-v1|Valdeolivas|SN048_A121573_Rep1|M1_spatial_concat_kmeans|6|seed_37|block_matched	1000.0	True
Valdeolivas	A121573	SN048_A121573_Rep1	withheld	M2_spatial_ward	4	neighbors_4	success		success		2203	0	140	49	0.09243128329205413	0.23383701382717587	63	29	9	5	2.0	3.0	False	0.029559788613376492	0.06287149467867764	0.26886887430552237	0.45	0.5918367346938775	0.2789115646258503	0.12548809956604262	-0.09555610553915936		4		0.033527732205306915	jbcb-readout-withholding-20261007-v1|Valdeolivas|SN048_A121573_Rep1|M2_spatial_ward|4|neighbors_4|count_only	1000.0	0.08521604905090913	jbcb-readout-withholding-20261007-v1|Valdeolivas|SN048_A121573_Rep1|M2_spatial_ward|4|neighbors_4|block_matched	1000.0	False
Valdeolivas	A121573	SN048_A121573_Rep1	withheld	M2_spatial_ward	4	neighbors_6	success		not_evaluable	selected_band_support_below_threshold	2203	0	140	49	0.09243128329205413	0.23383701382717587	62	19	9	5	3.0	2.0	False	0.03155999880430904	0.06087128448774509	0.26031500955077114	0.44285714285714284	0.3877551020408163	0.25980392156862747				4								False
Valdeolivas	A121573	SN048_A121573_Rep1	withheld	M2_spatial_ward	4	neighbors_8	success		not_evaluable	selected_band_support_below_threshold	2203	0	140	49	0.09243128329205413	0.23383701382717587	55	3	9	3	2.0	3.0	False	-0.1642808772210948	0.25671216051314893	1.0978251745161252	0.39285714285714285	0.061224489795918366	0.20903954802259886				4								False
Valdeolivas	A121573	SN048_A121573_Rep1	withheld	M2_spatial_ward	6	neighbors_4	success		success		2203	0	140	49	0.09243128329205413	0.23383701382717587	63	29	9	5	6.0	3.0	False	0.029559788613376492	0.06287149467867764	0.26886887430552237	0.45	0.5918367346938775	0.2789115646258503	0.11588382365060174	-0.09555610553915936		6		0.035773567405345874	jbcb-readout-withholding-20261007-v1|Valdeolivas|SN048_A121573_Rep1|M2_spatial_ward|6|neighbors_4|count_only	1000.0	0.08521604905090913	jbcb-readout-withholding-20261007-v1|Valdeolivas|SN048_A121573_Rep1|M2_spatial_ward|6|neighbors_4|block_matched	1000.0	False
Valdeolivas	A121573	SN048_A121573_Rep1	withheld	M2_spatial_ward	6	neighbors_6	success		not_evaluable	selected_band_support_below_threshold	2203	0	140	49	0.09243128329205413	0.23383701382717587	62	19	9	5	1.0	2.0	False	0.03155999880430904	0.06087128448774509	0.26031500955077114	0.44285714285714284	0.3877551020408163	0.25980392156862747				6								False
Valdeolivas	A121573	SN048_A121573_Rep1	withheld	M2_spatial_ward	6	neighbors_8	success		not_evaluable	selected_band_support_below_threshold	2203	0	140	49	0.09243128329205413	0.23383701382717587	9	31	4	5	2.0	6.0	False	-0.04845606410986569	0.14088734740191983	0.6025023374017544	0.06428571428571428	0.6326530612244898	0.4066666666666667				6								False
Valdeolivas	A121573	SN048_A121573_Rep1	withheld	M3_spatial_leiden	4	seed_11	success		success		2203	0	140	49	0.09243128329205413	0.23383701382717587	33	20	6	3	2.0	3.0	False	-0.15882966201051635	0.2512609453025705	1.0745131456745007	0.2357142857142857	0.40816326530612246	0.17703349282296652	0.8699592947153763	0.30089824448779784		4	0.08408964152537146	0.04783226167513088	jbcb-readout-withholding-20261007-v1|Valdeolivas|SN048_A121573_Rep1|M3_spatial_leiden|4|seed_11|count_only	1000.0	0.18089979834570435	jbcb-readout-withholding-20261007-v1|Valdeolivas|SN048_A121573_Rep1|M3_spatial_leiden|4|seed_11|block_matched	1000.0	False
Valdeolivas	A121573	SN048_A121573_Rep1	withheld	M3_spatial_leiden	4	seed_23	success		success		2203	0	140	49	0.09243128329205413	0.23383701382717587	36	27	7	5	3.0	4.0	False	-0.0384474962069592	0.13087877949901333	0.5597008675270851	0.2571428571428571	0.5510204081632653	0.19205298013245034	0.3711555037220327	0.03077701379008523		4	0.1	0.04408888484313195	jbcb-readout-withholding-20261007-v1|Valdeolivas|SN048_A121573_Rep1|M3_spatial_leiden|4|seed_23|count_only	1000.0	0.12368197449982199	jbcb-readout-withholding-20261007-v1|Valdeolivas|SN048_A121573_Rep1|M3_spatial_leiden|4|seed_23|block_matched	1000.0	False
Valdeolivas	A121573	SN048_A121573_Rep1	withheld	M3_spatial_leiden	4	seed_37	success		success		2203	0	140	49	0.09243128329205413	0.23383701382717587	64	34	9	5	2.0	1.0	False	0.004065428725749942	0.08836585456630419	0.37789506939056955	0.45714285714285713	0.6938775510204082	0.18403247631935046	0.23693314326720644	0.0698020070702187		4	0.1	0.0329621158680142	jbcb-readout-withholding-20261007-v1|Valdeolivas|SN048_A121573_Rep1|M3_spatial_leiden|4|seed_37|count_only	1000.0	0.07204356167386083	jbcb-readout-withholding-20261007-v1|Valdeolivas|SN048_A121573_Rep1|M3_spatial_leiden|4|seed_37|block_matched	1000.0	True
Valdeolivas	A121573	SN048_A121573_Rep1	withheld	M3_spatial_leiden	6	seed_11	success		not_evaluable	selected_band_support_below_threshold	2203	0	140	49	0.09243128329205413	0.23383701382717587	41	18	7	3	6.0	4.0	False	0.10592973854393739	0.013498455251883257	0.05772591357953146	0.29285714285714287	0.3673469387755102	0.22988505747126436				6	0.2							False
Valdeolivas	A121573	SN048_A121573_Rep1	withheld	M3_spatial_leiden	6	seed_23	success		success		2203	0	140	49	0.09243128329205413	0.23383701382717587	40	33	6	5	6.0	2.0	False	-0.033413397909423215	0.12584468120147735	0.5381726320474078	0.2857142857142857	0.673469387755102	0.22297297297297297	0.36283404473061187	-0.1736385687508799		6	0.17562521603732995	0.041000651666835114	jbcb-readout-withholding-20261007-v1|Valdeolivas|SN048_A121573_Rep1|M3_spatial_leiden|6|seed_23|count_only	1000.0	0.16644780560340788	jbcb-readout-withholding-20261007-v1|Valdeolivas|SN048_A121573_Rep1|M3_spatial_leiden|6|seed_23|block_matched	1000.0	False
Valdeolivas	A121573	SN048_A121573_Rep1	withheld	M3_spatial_leiden	6	seed_37	success		not_evaluable	selected_band_support_below_threshold	2203	0	140	49	0.09243128329205413	0.23383701382717587	24	12	5	2	5.0	6.0	False	0.24119802701233373	0.1487667437202796	0.6361984413221683	0.17142857142857143	0.24489795918367346	0.26666666666666666				6	0.14142135623730953							False
Valdeolivas	A121573	SN048_A121573_Rep2	allowed	M0_expr_kmeans	4	seed_11	success		success		2385	2	169	111	-0.10782903817559208	0.24390592408620415	42	92	16	13	4.0	2.0	False	-0.21555163013117878	0.1077225919555867	0.441656316299698	0.2485207100591716	0.8288288288288288	0.40458015267175573	0.17220885884519582	0.11162326640129817		4		0.06571983110311852	jbcb-readout-withholding-20261007-v1|Valdeolivas|SN048_A121573_Rep2|M0_expr_kmeans|4|seed_11|count_only	1000.0	0.08049701601445752	jbcb-readout-withholding-20261007-v1|Valdeolivas|SN048_A121573_Rep2|M0_expr_kmeans|4|seed_11|block_matched	1000.0	True
Valdeolivas	A121573	SN048_A121573_Rep2	allowed	M0_expr_kmeans	4	seed_23	success		success		2385	2	169	111	-0.10782903817559208	0.24390592408620415	43	93	16	13	1.0	2.0	False	-0.23103818690663114	0.12320914873103905	0.5051502918292915	0.25443786982248523	0.8378378378378378	0.40111940298507465	0.23036009116740677	0.1608688683124305		4		0.06702295782227047	jbcb-readout-withholding-20261007-v1|Valdeolivas|SN048_A121573_Rep2|M0_expr_kmeans|4|seed_23|count_only	1000.0	0.08397227874859381	jbcb-readout-withholding-20261007-v1|Valdeolivas|SN048_A121573_Rep2|M0_expr_kmeans|4|seed_23|block_matched	1000.0	True
Valdeolivas	A121573	SN048_A121573_Rep2	allowed	M0_expr_kmeans	4	seed_37	success		success		2385	2	169	111	-0.10782903817559208	0.24390592408620415	42	93	16	13	4.0	1.0	False	-0.21875434086837647	0.11092530269278439	0.45478724269763876	0.2485207100591716	0.8378378378378378	0.4072657743785851	0.1707283536836308	0.11863684590295014		4		0.06928364581986213	jbcb-readout-withholding-20261007-v1|Valdeolivas|SN048_A121573_Rep2|M0_expr_kmeans|4|seed_37|count_only	1000.0	0.08198907316215273	jbcb-readout-withholding-20261007-v1|Valdeolivas|SN048_A121573_Rep2|M0_expr_kmeans|4|seed_37|block_matched	1000.0	True
Valdeolivas	A121573	SN048_A121573_Rep2	allowed	M0_expr_kmeans	6	seed_11	success		success		2385	2	169	111	-0.10782903817559208	0.24390592408620415	70	37	18	11	3.0	6.0	False	-0.08021987544068199	0.027609162734910098	0.11319594978411486	0.41420118343195267	0.3333333333333333	0.5239852398523985	-0.11147224602255791	-0.06640557499049064		6		0.05479790391100678	jbcb-readout-withholding-20261007-v1|Valdeolivas|SN048_A121573_Rep2|M0_expr_kmeans|6|seed_11|count_only	1000.0	0.043805875867441446	jbcb-readout-withholding-20261007-v1|Valdeolivas|SN048_A121573_Rep2|M0_expr_kmeans|6|seed_11|block_matched	1000.0	True
Valdeolivas	A121573	SN048_A121573_Rep2	allowed	M0_expr_kmeans	6	seed_23	success		success		2385	2	169	111	-0.10782903817559208	0.24390592408620415	70	37	18	11	5.0	1.0	False	-0.08021987544068199	0.027609162734910098	0.11319594978411486	0.41420118343195267	0.3333333333333333	0.5241635687732342	-0.1317372618305344	-0.07322477505432079		6		0.059740661318272825	jbcb-readout-withholding-20261007-v1|Valdeolivas|SN048_A121573_Rep2|M0_expr_kmeans|6|seed_23|count_only	1000.0	0.04546911916053864	jbcb-readout-withholding-20261007-v1|Valdeolivas|SN048_A121573_Rep2|M0_expr_kmeans|6|seed_23|block_matched	1000.0	True
Valdeolivas	A121573	SN048_A121573_Rep2	allowed	M0_expr_kmeans	6	seed_37	success		success		2385	2	169	111	-0.10782903817559208	0.24390592408620415	70	38	18	12	5.0	4.0	False	-0.07653256575496037	0.031296472420631716	0.1283137034817184	0.41420118343195267	0.34234234234234234	0.5238095238095238	-0.10150714785457224	-0.035114803286030165		6		0.056054667119456114	jbcb-readout-withholding-20261007-v1|Valdeolivas|SN048_A121573_Rep2|M0_expr_kmeans|6|seed_37|count_only	1000.0	0.03986118096521618	jbcb-readout-withholding-20261007-v1|Valdeolivas|SN048_A121573_Rep2|M0_expr_kmeans|6|seed_37|block_matched	1000.0	True
Valdeolivas	A121573	SN048_A121573_Rep2	allowed	M1_spatial_concat_kmeans	4	seed_11	success		success		2385	2	169	111	-0.10782903817559208	0.24390592408620415	42	94	16	13	2.0	4.0	False	-0.21555163013117878	0.1077225919555867	0.441656316299698	0.2485207100591716	0.8468468468468469	0.4064272211720227	0.18274457443773828	0.11289019593046269		4		0.06315010765561002	jbcb-readout-withholding-20261007-v1|Valdeolivas|SN048_A121573_Rep2|M1_spatial_concat_kmeans|4|seed_11|count_only	1000.0	0.08018800439689455	jbcb-readout-withholding-20261007-v1|Valdeolivas|SN048_A121573_Rep2|M1_spatial_concat_kmeans|4|seed_11|block_matched	1000.0	True
Valdeolivas	A121573	SN048_A121573_Rep2	allowed	M1_spatial_concat_kmeans	4	seed_23	success		success		2385	2	169	111	-0.10782903817559208	0.24390592408620415	42	92	16	13	1.0	3.0	False	-0.21555163013117878	0.1077225919555867	0.441656316299698	0.2485207100591716	0.8288288288288288	0.40458015267175573	0.1821481514790567	0.11178022505480642		4		0.06329557874849348	jbcb-readout-withholding-20261007-v1|Valdeolivas|SN048_A121573_Rep2|M1_spatial_concat_kmeans|4|seed_23|count_only	1000.0	0.08045873286903027	jbcb-readout-withholding-20261007-v1|Valdeolivas|SN048_A121573_Rep2|M1_spatial_concat_kmeans|4|seed_23|block_matched	1000.0	True
Valdeolivas	A121573	SN048_A121573_Rep2	allowed	M1_spatial_concat_kmeans	4	seed_37	success		success		2385	2	169	111	-0.10782903817559208	0.24390592408620415	43	94	16	13	1.0	4.0	False	-0.23424089764382883	0.12641185946823674	0.5182812182272324	0.25443786982248523	0.8468468468468469	0.4007421150278293	0.2325263284096442	0.18218256293905616		4		0.06969731046311028	jbcb-readout-withholding-20261007-v1|Valdeolivas|SN048_A121573_Rep2|M1_spatial_concat_kmeans|4|seed_37|count_only	1000.0	0.0819764531021932	jbcb-readout-withholding-20261007-v1|Valdeolivas|SN048_A121573_Rep2|M1_spatial_concat_kmeans|4|seed_37|block_matched	1000.0	True
Valdeolivas	A121573	SN048_A121573_Rep2	allowed	M1_spatial_concat_kmeans	6	seed_11	success		success		2385	2	169	111	-0.10782903817559208	0.24390592408620415	70	37	18	11	5.0	6.0	False	-0.08021987544068199	0.027609162734910098	0.11319594978411486	0.41420118343195267	0.3333333333333333	0.5241635687732342	-0.11366716258801382	-0.0586023180981575		6		0.05533325706419642	jbcb-readout-withholding-20261007-v1|Valdeolivas|SN048_A121573_Rep2|M1_spatial_concat_kmeans|6|seed_11|count_only	1000.0	0.04190261528423489	jbcb-readout-withholding-20261007-v1|Valdeolivas|SN048_A121573_Rep2|M1_spatial_concat_kmeans|6|seed_11|block_matched	1000.0	True
Valdeolivas	A121573	SN048_A121573_Rep2	allowed	M1_spatial_concat_kmeans	6	seed_23	success		success		2385	2	169	111	-0.10782903817559208	0.24390592408620415	70	37	18	11	5.0	1.0	False	-0.08021987544068199	0.027609162734910098	0.11319594978411486	0.41420118343195267	0.3333333333333333	0.5261194029850746	-0.12382050849504754	-0.06846753905728664		6		0.05780971828021836	jbcb-readout-withholding-20261007-v1|Valdeolivas|SN048_A121573_Rep2|M1_spatial_concat_kmeans|6|seed_23|count_only	1000.0	0.04430880111858587	jbcb-readout-withholding-20261007-v1|Valdeolivas|SN048_A121573_Rep2|M1_spatial_concat_kmeans|6|seed_23|block_matched	1000.0	True
Valdeolivas	A121573	SN048_A121573_Rep2	allowed	M1_spatial_concat_kmeans	6	seed_37	success		success		2385	2	169	111	-0.10782903817559208	0.24390592408620415	70	37	18	11	5.0	4.0	False	-0.08021987544068199	0.027609162734910098	0.11319594978411486	0.41420118343195267	0.3333333333333333	0.5241635687732342	-0.12953379801595064	-0.06532083129153265		6		0.059203223440386255	jbcb-readout-withholding-20261007-v1|Valdeolivas|SN048_A121573_Rep2|M1_spatial_concat_kmeans|6|seed_37|count_only	1000.0	0.04354130045315041	jbcb-readout-withholding-20261007-v1|Valdeolivas|SN048_A121573_Rep2|M1_spatial_concat_kmeans|6|seed_37|block_matched	1000.0	True
Valdeolivas	A121573	SN048_A121573_Rep2	allowed	M2_spatial_ward	4	neighbors_4	success		success		2385	2	169	111	-0.10782903817559208	0.24390592408620415	61	59	12	6	4.0	3.0	False	-0.09013964260002105	0.017689395575571032	0.07252548556106014	0.3609467455621302	0.5315315315315315	0.34368932038834954	-0.1568975832690068	-0.03897382647696382		4		0.0559576456096903	jbcb-readout-withholding-20261007-v1|Valdeolivas|SN048_A121573_Rep2|M2_spatial_ward|4|neighbors_4|count_only	1000.0	0.027195342737610262	jbcb-readout-withholding-20261007-v1|Valdeolivas|SN048_A121573_Rep2|M2_spatial_ward|4|neighbors_4|block_matched	1000.0	True
Valdeolivas	A121573	SN048_A121573_Rep2	allowed	M2_spatial_ward	4	neighbors_6	success		success		2385	2	169	111	-0.10782903817559208	0.24390592408620415	82	62	15	7	4.0	3.0	False	-0.045073661474606785	0.0627553767009853	0.2572933680725424	0.48520710059171596	0.5585585585585585	0.27391874180865006	0.07209811139479955	0.06428055509159701		4		0.04517022021636663	jbcb-readout-withholding-20261007-v1|Valdeolivas|SN048_A121573_Rep2|M2_spatial_ward|4|neighbors_6|count_only	1000.0	0.047076968510595174	jbcb-readout-withholding-20261007-v1|Valdeolivas|SN048_A121573_Rep2|M2_spatial_ward|4|neighbors_6|block_matched	1000.0	True
Valdeolivas	A121573	SN048_A121573_Rep2	allowed	M2_spatial_ward	4	neighbors_8	success		success		2385	2	169	111	-0.10782903817559208	0.24390592408620415	74	20	8	7	3.0	4.0	False	-0.21248746221057918	0.1046584240349871	0.4290934073335483	0.4378698224852071	0.18018018018018017	0.24307036247334754	0.12135309575587405	0.2437700269744624		4		0.07505968507392902	jbcb-readout-withholding-20261007-v1|Valdeolivas|SN048_A121573_Rep2|M2_spatial_ward|4|neighbors_8|count_only	1000.0	0.04520147034126193	jbcb-readout-withholding-20261007-v1|Valdeolivas|SN048_A121573_Rep2|M2_spatial_ward|4|neighbors_8|block_matched	1000.0	True
Valdeolivas	A121573	SN048_A121573_Rep2	allowed	M2_spatial_ward	6	neighbors_4	success		success		2385	2	169	111	-0.10782903817559208	0.24390592408620415	61	59	12	6	4.0	1.0	False	-0.09013964260002105	0.017689395575571032	0.07252548556106014	0.3609467455621302	0.5315315315315315	0.34368932038834954	-0.15971865367991187	-0.03897382647696382		6		0.05664572139517435	jbcb-readout-withholding-20261007-v1|Valdeolivas|SN048_A121573_Rep2|M2_spatial_ward|6|neighbors_4|count_only	1000.0	0.027195342737610262	jbcb-readout-withholding-20261007-v1|Valdeolivas|SN048_A121573_Rep2|M2_spatial_ward|6|neighbors_4|block_matched	1000.0	True
Valdeolivas	A121573	SN048_A121573_Rep2	allowed	M2_spatial_ward	6	neighbors_6	success		success		2385	2	169	111	-0.10782903817559208	0.24390592408620415	64	62	14	7	6.0	2.0	False	0.018101639598769426	0.1259306777743615	0.5163084014714361	0.378698224852071	0.5585585585585585	0.3149078726968174	0.2942199863897079	0.20462776473155267		6		0.05416868010934939	jbcb-readout-withholding-20261007-v1|Valdeolivas|SN048_A121573_Rep2|M2_spatial_ward|6|neighbors_6|count_only	1000.0	0.07602075372381778	jbcb-readout-withholding-20261007-v1|Valdeolivas|SN048_A121573_Rep2|M2_spatial_ward|6|neighbors_6|block_matched	1000.0	True
Valdeolivas	A121573	SN048_A121573_Rep2	allowed	M2_spatial_ward	6	neighbors_8	success		success		2385	2	169	111	-0.10782903817559208	0.24390592408620415	46	62	11	7	6.0	2.0	False	-0.027128278425072372	0.08070075975051971	0.33086838728032486	0.27218934911242604	0.5585585585585585	0.32665330661322645	0.06709715251194934	0.16747492961983446		6		0.06433536676353974	jbcb-readout-withholding-20261007-v1|Valdeolivas|SN048_A121573_Rep2|M2_spatial_ward|6|neighbors_8|count_only	1000.0	0.03985263228032199	jbcb-readout-withholding-20261007-v1|Valdeolivas|SN048_A121573_Rep2|M2_spatial_ward|6|neighbors_8|block_matched	1000.0	True
Valdeolivas	A121573	SN048_A121573_Rep2	allowed	M3_spatial_leiden	4	seed_11	success		success		2385	2	169	111	-0.10782903817559208	0.24390592408620415	30	46	7	5	4.0	3.0	False	-0.23522216505382032	0.12739312687822824	0.5223043571225577	0.17751479289940827	0.4144144144144144	0.3426183844011142	0.2120147990445932	0.2429158585854735		4	0.07071067811865477	0.07568146139730586	jbcb-readout-withholding-20261007-v1|Valdeolivas|SN048_A121573_Rep2|M3_spatial_leiden|4|seed_11|count_only	1000.0	0.06814450991474463	jbcb-readout-withholding-20261007-v1|Valdeolivas|SN048_A121573_Rep2|M3_spatial_leiden|4|seed_11|block_matched	1000.0	True
Valdeolivas	A121573	SN048_A121573_Rep2	allowed	M3_spatial_leiden	4	seed_23	success		success		2385	2	169	111	-0.10782903817559208	0.24390592408620415	88	48	11	8	3.0	2.0	False	-0.1404510889014789	0.03262205072588681	0.13374849687684148	0.5207100591715976	0.43243243243243246	0.21784472769409038	-0.0698708156932616	0.0		4	0.07071067811865477	0.049663956594208636	jbcb-readout-withholding-20261007-v1|Valdeolivas|SN048_A121573_Rep2|M3_spatial_leiden|4|seed_23|count_only	1000.0	0.03262205072588681	jbcb-readout-withholding-20261007-v1|Valdeolivas|SN048_A121573_Rep2|M3_spatial_leiden|4|seed_23|block_matched	1000.0	True
Valdeolivas	A121573	SN048_A121573_Rep2	allowed	M3_spatial_leiden	4	seed_37	success		success		2385	2	169	111	-0.10782903817559208	0.24390592408620415	84	62	10	9	4.0	1.0	False	-0.2534478569138002	0.1456188187382081	0.5970286260318209	0.4970414201183432	0.5585585585585585	0.2607594936708861	0.42064189932813484	0.06433445048957277		4	0.1	0.04302176757320331	jbcb-readout-withholding-20261007-v1|Valdeolivas|SN048_A121573_Rep2|M3_spatial_leiden|4|seed_37|count_only	1000.0	0.1299272651409707	jbcb-readout-withholding-20261007-v1|Valdeolivas|SN048_A121573_Rep2|M3_spatial_leiden|4|seed_37|block_matched	1000.0	True
Valdeolivas	A121573	SN048_A121573_Rep2	allowed	M3_spatial_leiden	6	seed_11	success		success		2385	2	169	111	-0.10782903817559208	0.24390592408620415	28	41	6	3	2.0	4.0	False	-0.16840238390821866	0.06057334573262657	0.2483471689323053	0.16568047337278108	0.36936936936936937	0.29577464788732394	-0.08303860954329985	0.04041975600040008		6	0.1542210825407941	0.08082695452811861	jbcb-readout-withholding-20261007-v1|Valdeolivas|SN048_A121573_Rep2|M3_spatial_leiden|6|seed_11|count_only	1000.0	0.050714727794010095	jbcb-readout-withholding-20261007-v1|Valdeolivas|SN048_A121573_Rep2|M3_spatial_leiden|6|seed_11|block_matched	1000.0	True
Valdeolivas	A121573	SN048_A121573_Rep2	allowed	M3_spatial_leiden	6	seed_23	success		success		2385	2	169	111	-0.10782903817559208	0.24390592408620415	53	31	8	6	5.0	3.0	False	-0.2172747915084553	0.10944575333286322	0.4487211769984791	0.3136094674556213	0.27927927927927926	0.28232189973614774	0.16034652698441496	0.1999052340376426		6	0.14142135623730953	0.07033628549471602	jbcb-readout-withholding-20261007-v1|Valdeolivas|SN048_A121573_Rep2|M3_spatial_leiden|6|seed_23|count_only	1000.0	0.06068768249524309	jbcb-readout-withholding-20261007-v1|Valdeolivas|SN048_A121573_Rep2|M3_spatial_leiden|6|seed_23|block_matched	1000.0	True
Valdeolivas	A121573	SN048_A121573_Rep2	allowed	M3_spatial_leiden	6	seed_37	success		success		2385	2	169	111	-0.10782903817559208	0.24390592408620415	31	46	7	5	6.0	5.0	False	-0.25860796242166506	0.15077892424607298	0.6181847563193377	0.1834319526627219	0.4144144144144144	0.389937106918239	0.296547770877453	0.19176079839355997		6	0.16817928305074292	0.07844916615450387	jbcb-readout-withholding-20261007-v1|Valdeolivas|SN048_A121573_Rep2|M3_spatial_leiden|6|seed_37|count_only	1000.0	0.10400732951038344	jbcb-readout-withholding-20261007-v1|Valdeolivas|SN048_A121573_Rep2|M3_spatial_leiden|6|seed_37|block_matched	1000.0	True
Valdeolivas	A121573	SN048_A121573_Rep2	withheld	M0_expr_kmeans	4	seed_11	success		success		2385	0	169	111	-0.10782903817559208	0.24390592408620415	41	90	16	13	2.0	4.0	False	-0.2582755199644968	0.15044648178890474	0.6168217617204417	0.24260355029585798	0.8108108108108109	0.3802559414990859	0.3434358109246937	0.29576147782869344		4		0.06668045296102243	jbcb-readout-withholding-20261007-v1|Valdeolivas|SN048_A121573_Rep2|M0_expr_kmeans|4|seed_11|count_only	1000.0	0.07830850522999588	jbcb-readout-withholding-20261007-v1|Valdeolivas|SN048_A121573_Rep2|M0_expr_kmeans|4|seed_11|block_matched	1000.0	True
Valdeolivas	A121573	SN048_A121573_Rep2	withheld	M0_expr_kmeans	4	seed_23	success		success		2385	0	169	111	-0.10782903817559208	0.24390592408620415	41	90	16	13	1.0	4.0	False	-0.2582755199644968	0.15044648178890474	0.6168217617204417	0.24260355029585798	0.8108108108108109	0.38095238095238093	0.36146962827184476	0.29530847731347065		4		0.062281898076163744	jbcb-readout-withholding-20261007-v1|Valdeolivas|SN048_A121573_Rep2|M0_expr_kmeans|4|seed_23|count_only	1000.0	0.07841899473927283	jbcb-readout-withholding-20261007-v1|Valdeolivas|SN048_A121573_Rep2|M0_expr_kmeans|4|seed_23|block_matched	1000.0	True
Valdeolivas	A121573	SN048_A121573_Rep2	withheld	M0_expr_kmeans	4	seed_37	success		success		2385	0	169	111	-0.10782903817559208	0.24390592408620415	41	90	16	13	2.0	1.0	False	-0.2582755199644968	0.15044648178890474	0.6168217617204417	0.24260355029585798	0.8108108108108109	0.381651376146789	0.3478147003029988	0.30315552232533316		4		0.06561241590073566	jbcb-readout-withholding-20261007-v1|Valdeolivas|SN048_A121573_Rep2|M0_expr_kmeans|4|seed_37|count_only	1000.0	0.07650505397430846	jbcb-readout-withholding-20261007-v1|Valdeolivas|SN048_A121573_Rep2|M0_expr_kmeans|4|seed_37|block_matched	1000.0	True
Valdeolivas	A121573	SN048_A121573_Rep2	withheld	M0_expr_kmeans	6	seed_11	success		success		2385	0	169	111	-0.10782903817559208	0.24390592408620415	73	38	18	12	4.0	1.0	False	-0.0904401044694364	0.017388933706155685	0.07129360949843055	0.4319526627218935	0.34234234234234234	0.5228070175438596	-0.15373969454723568	-0.10211989876513906		6		0.05488695597342996	jbcb-readout-withholding-20261007-v1|Valdeolivas|SN048_A121573_Rep2|M0_expr_kmeans|6|seed_11|count_only	1000.0	0.04229658198205655	jbcb-readout-withholding-20261007-v1|Valdeolivas|SN048_A121573_Rep2|M0_expr_kmeans|6|seed_11|block_matched	1000.0	True
Valdeolivas	A121573	SN048_A121573_Rep2	withheld	M0_expr_kmeans	6	seed_23	success		success		2385	0	169	111	-0.10782903817559208	0.24390592408620415	73	38	18	12	4.0	2.0	False	-0.0904401044694364	0.017388933706155685	0.07129360949843055	0.4319526627218935	0.34234234234234234	0.5228070175438596	-0.155289206652538	-0.11696591431794666		6		0.05526489115535649	jbcb-readout-withholding-20261007-v1|Valdeolivas|SN048_A121573_Rep2|M0_expr_kmeans|6|seed_23|count_only	1000.0	0.04591761312446224	jbcb-readout-withholding-20261007-v1|Valdeolivas|SN048_A121573_Rep2|M0_expr_kmeans|6|seed_23|block_matched	1000.0	True
Valdeolivas	A121573	SN048_A121573_Rep2	withheld	M0_expr_kmeans	6	seed_37	success		success		2385	0	169	111	-0.10782903817559208	0.24390592408620415	73	38	18	12	5.0	1.0	False	-0.0904401044694364	0.017388933706155685	0.07129360949843055	0.4319526627218935	0.34234234234234234	0.5211267605633803	-0.16315959362256088	-0.10599354778479643		6		0.05718452516219594	jbcb-readout-withholding-20261007-v1|Valdeolivas|SN048_A121573_Rep2|M0_expr_kmeans|6|seed_37|count_only	1000.0	0.043241387925781694	jbcb-readout-withholding-20261007-v1|Valdeolivas|SN048_A121573_Rep2|M0_expr_kmeans|6|seed_37|block_matched	1000.0	True
Valdeolivas	A121573	SN048_A121573_Rep2	withheld	M1_spatial_concat_kmeans	4	seed_11	success		success		2385	0	169	111	-0.10782903817559208	0.24390592408620415	41	90	16	13	2.0	4.0	False	-0.2582755199644968	0.15044648178890474	0.6168217617204417	0.24260355029585798	0.8108108108108109	0.3802559414990859	0.3460123350715581	0.29576147782869344		4		0.06605202345805106	jbcb-readout-withholding-20261007-v1|Valdeolivas|SN048_A121573_Rep2|M1_spatial_concat_kmeans|4|seed_11|count_only	1000.0	0.07830850522999588	jbcb-readout-withholding-20261007-v1|Valdeolivas|SN048_A121573_Rep2|M1_spatial_concat_kmeans|4|seed_11|block_matched	1000.0	True
Valdeolivas	A121573	SN048_A121573_Rep2	withheld	M1_spatial_concat_kmeans	4	seed_23	success		success		2385	0	169	111	-0.10782903817559208	0.24390592408620415	43	93	16	13	2.0	1.0	False	-0.23103818690663114	0.12320914873103905	0.5051502918292915	0.25443786982248523	0.8378378378378378	0.3894927536231884	0.22837785820309375	0.17581171106122567		4		0.06750643618518537	jbcb-readout-withholding-20261007-v1|Valdeolivas|SN048_A121573_Rep2|M1_spatial_concat_kmeans|4|seed_23|count_only	1000.0	0.08032763087947409	jbcb-readout-withholding-20261007-v1|Valdeolivas|SN048_A121573_Rep2|M1_spatial_concat_kmeans|4|seed_23|block_matched	1000.0	True
Valdeolivas	A121573	SN048_A121573_Rep2	withheld	M1_spatial_concat_kmeans	4	seed_37	success		success		2385	0	169	111	-0.10782903817559208	0.24390592408620415	43	92	16	13	2.0	1.0	False	-0.23424089764382883	0.12641185946823674	0.5182812182272324	0.25443786982248523	0.8288288288288288	0.38838475499092556	0.23674819358864885	0.18503625942363403		4		0.06866757253525779	jbcb-readout-withholding-20261007-v1|Valdeolivas|SN048_A121573_Rep2|M1_spatial_concat_kmeans|4|seed_37|count_only	1000.0	0.08128041962406068	jbcb-readout-withholding-20261007-v1|Valdeolivas|SN048_A121573_Rep2|M1_spatial_concat_kmeans|4|seed_37|block_matched	1000.0	True
Valdeolivas	A121573	SN048_A121573_Rep2	withheld	M1_spatial_concat_kmeans	6	seed_11	success		success		2385	0	169	111	-0.10782903817559208	0.24390592408620415	72	38	18	12	6.0	4.0	False	-0.10018869995264579	0.007640338222946297	0.031324939119748305	0.4260355029585799	0.34234234234234234	0.519434628975265	-0.20773984937779483	-0.15682791828229461		6		0.058309318154966205	jbcb-readout-withholding-20261007-v1|Valdeolivas|SN048_A121573_Rep2|M1_spatial_concat_kmeans|6|seed_11|count_only	1000.0	0.045891596554105074	jbcb-readout-withholding-20261007-v1|Valdeolivas|SN048_A121573_Rep2|M1_spatial_concat_kmeans|6|seed_11|block_matched	1000.0	True
Valdeolivas	A121573	SN048_A121573_Rep2	withheld	M1_spatial_concat_kmeans	6	seed_23	success		success		2385	0	169	111	-0.10782903817559208	0.24390592408620415	72	38	18	12	2.0	1.0	False	-0.10018869995264579	0.007640338222946297	0.031324939119748305	0.4260355029585799	0.34234234234234234	0.5211267605633803	-0.19674651599582677	-0.1618038276696328		6		0.05562797901764957	jbcb-readout-withholding-20261007-v1|Valdeolivas|SN048_A121573_Rep2|M1_spatial_concat_kmeans|6|seed_23|count_only	1000.0	0.04710525033139301	jbcb-readout-withholding-20261007-v1|Valdeolivas|SN048_A121573_Rep2|M1_spatial_concat_kmeans|6|seed_23|block_matched	1000.0	True
Valdeolivas	A121573	SN048_A121573_Rep2	withheld	M1_spatial_concat_kmeans	6	seed_37	success		success		2385	0	169	111	-0.10782903817559208	0.24390592408620415	72	38	18	12	4.0	2.0	False	-0.10018869995264579	0.007640338222946297	0.031324939119748305	0.4260355029585799	0.34234234234234234	0.5211267605633803	-0.18695046291452072	-0.15792256586691727		6		0.05323866363845611	jbcb-readout-withholding-20261007-v1|Valdeolivas|SN048_A121573_Rep2|M1_spatial_concat_kmeans|6|seed_37|count_only	1000.0	0.0461585875847812	jbcb-readout-withholding-20261007-v1|Valdeolivas|SN048_A121573_Rep2|M1_spatial_concat_kmeans|6|seed_37|block_matched	1000.0	True
Valdeolivas	A121573	SN048_A121573_Rep2	withheld	M2_spatial_ward	4	neighbors_4	success		success		2385	0	169	111	-0.10782903817559208	0.24390592408620415	78	61	14	7	2.0	3.0	False	-0.0743036058894877	0.033525432286104384	0.1374523083508846	0.46153846153846156	0.5495495495495496	0.2925764192139738	-0.044090672810735025	-0.07530710445024251		4		0.044279408581589186	jbcb-readout-withholding-20261007-v1|Valdeolivas|SN048_A121573_Rep2|M2_spatial_ward|4|neighbors_4|count_only	1000.0	0.05189328118729708	jbcb-readout-withholding-20261007-v1|Valdeolivas|SN048_A121573_Rep2|M2_spatial_ward|4|neighbors_4|block_matched	1000.0	True
Valdeolivas	A121573	SN048_A121573_Rep2	withheld	M2_spatial_ward	4	neighbors_6	success		success		2385	0	169	111	-0.10782903817559208	0.24390592408620415	79	61	15	7	4.0	3.0	False	-0.061470240218706285	0.0463587979568858	0.19006835578335982	0.46745562130177515	0.5495495495495496	0.2940320232896652	-0.012972975578476754	-0.04538211403553505		4		0.04952298355350193	jbcb-readout-withholding-20261007-v1|Valdeolivas|SN048_A121573_Rep2|M2_spatial_ward|4|neighbors_6|count_only	1000.0	0.05742776441770847	jbcb-readout-withholding-20261007-v1|Valdeolivas|SN048_A121573_Rep2|M2_spatial_ward|4|neighbors_6|block_matched	1000.0	True
Valdeolivas	A121573	SN048_A121573_Rep2	withheld	M2_spatial_ward	4	neighbors_8	success		success		2385	0	169	111	-0.10782903817559208	0.24390592408620415	80	63	15	7	4.0	1.0	False	-0.06467098053608389	0.043158057639508196	0.17694550799124814	0.47337278106508873	0.5675675675675675	0.2957142857142857	-0.006725891640105946	-0.03581390480987898		4		0.04479854245529191	jbcb-readout-withholding-20261007-v1|Valdeolivas|SN048_A121573_Rep2|M2_spatial_ward|4|neighbors_8|count_only	1000.0	0.05189328118729708	jbcb-readout-withholding-20261007-v1|Valdeolivas|SN048_A121573_Rep2|M2_spatial_ward|4|neighbors_8|block_matched	1000.0	True
Valdeolivas	A121573	SN048_A121573_Rep2	withheld	M2_spatial_ward	6	neighbors_4	success		success		2385	0	169	111	-0.10782903817559208	0.24390592408620415	78	61	14	7	2.0	1.0	False	-0.0743036058894877	0.033525432286104384	0.1374523083508846	0.46153846153846156	0.5495495495495496	0.2925764192139738	-0.07457830034424864	-0.07530710445024251		6		0.05171552154834683	jbcb-readout-withholding-20261007-v1|Valdeolivas|SN048_A121573_Rep2|M2_spatial_ward|6|neighbors_4|count_only	1000.0	0.05189328118729708	jbcb-readout-withholding-20261007-v1|Valdeolivas|SN048_A121573_Rep2|M2_spatial_ward|6|neighbors_4|block_matched	1000.0	True
Valdeolivas	A121573	SN048_A121573_Rep2	withheld	M2_spatial_ward	6	neighbors_6	success		success		2385	0	169	111	-0.10782903817559208	0.24390592408620415	61	61	14	7	6.0	2.0	False	0.003078924221556645	0.11090796239714873	0.45471614850138004	0.3609467455621302	0.5495495495495496	0.3474088291746641	0.22529307967131307	0.11099301782338322		6		0.0559576456096903	jbcb-readout-withholding-20261007-v1|Valdeolivas|SN048_A121573_Rep2|M2_spatial_ward|6|neighbors_6|count_only	1000.0	0.08383610781781992	jbcb-readout-withholding-20261007-v1|Valdeolivas|SN048_A121573_Rep2|M2_spatial_ward|6|neighbors_6|block_matched	1000.0	True
Valdeolivas	A121573	SN048_A121573_Rep2	withheld	M2_spatial_ward	6	neighbors_8	success		success		2385	0	169	111	-0.10782903817559208	0.24390592408620415	51	63	11	7	5.0	3.0	False	-0.01838213684781953	0.08944690132777255	0.3667270553713946	0.30177514792899407	0.5675675675675675	0.41545893719806765	0.12449561925520775	0.20290439517225858		6		0.05908168226864688	jbcb-readout-withholding-20261007-v1|Valdeolivas|SN048_A121573_Rep2|M2_spatial_ward|6|neighbors_8|count_only	1000.0	0.03995731732213048	jbcb-readout-withholding-20261007-v1|Valdeolivas|SN048_A121573_Rep2|M2_spatial_ward|6|neighbors_8|block_matched	1000.0	True
Valdeolivas	A121573	SN048_A121573_Rep2	withheld	M3_spatial_leiden	4	seed_11	success		success		2385	0	169	111	-0.10782903817559208	0.24390592408620415	88	50	11	9	2.0	1.0	False	-0.15497101267769536	0.04714197450210328	0.1932793337378792	0.5207100591715976	0.45045045045045046	0.196875	-0.006164823009658369	0.0		4	0.08408964152537146	0.0486456113551019	jbcb-readout-withholding-20261007-v1|Valdeolivas|SN048_A121573_Rep2|M3_spatial_leiden|4|seed_11|count_only	1000.0	0.04714197450210328	jbcb-readout-withholding-20261007-v1|Valdeolivas|SN048_A121573_Rep2|M3_spatial_leiden|4|seed_11|block_matched	1000.0	True
Valdeolivas	A121573	SN048_A121573_Rep2	withheld	M3_spatial_leiden	4	seed_23	success		success		2385	0	169	111	-0.10782903817559208	0.24390592408620415	60	61	11	6	2.0	1.0	False	-0.08057035634229948	0.02725868183329261	0.11175899861972405	0.35502958579881655	0.5495495495495496	0.18052738336713997	-0.11225749369891665	0.0		4	0.07071067811865477	0.05463894956952811	jbcb-readout-withholding-20261007-v1|Valdeolivas|SN048_A121573_Rep2|M3_spatial_leiden|4|seed_23|count_only	1000.0	0.02725868183329261	jbcb-readout-withholding-20261007-v1|Valdeolivas|SN048_A121573_Rep2|M3_spatial_leiden|4|seed_23|block_matched	1000.0	True
Valdeolivas	A121573	SN048_A121573_Rep2	withheld	M3_spatial_leiden	4	seed_37	success		success		2385	0	169	111	-0.10782903817559208	0.24390592408620415	88	50	11	9	2.0	1.0	False	-0.1404510889014789	0.03262205072588681	0.13374849687684148	0.5207100591715976	0.45045045045045046	0.22142857142857142	-0.0672899393152844	-0.059530836861037724		4	0.07071067811865477	0.04903446555628585	jbcb-readout-withholding-20261007-v1|Valdeolivas|SN048_A121573_Rep2|M3_spatial_leiden|4|seed_37|count_only	1000.0	0.04714197450210328	jbcb-readout-withholding-20261007-v1|Valdeolivas|SN048_A121573_Rep2|M3_spatial_leiden|4|seed_37|block_matched	1000.0	True
Valdeolivas	A121573	SN048_A121573_Rep2	withheld	M3_spatial_leiden	6	seed_11	success		success		2385	0	169	111	-0.10782903817559208	0.24390592408620415	24	50	4	4	6.0	4.0	False	-0.09115309905036528	0.016675939125226802	0.06837037348602075	0.14201183431952663	0.45045045045045046	0.3656957928802589	-0.25617609912201017	-0.07473156341614492		6	0.14142135623730953	0.07915880731037972	jbcb-readout-withholding-20261007-v1|Valdeolivas|SN048_A121573_Rep2|M3_spatial_leiden|6|seed_11|count_only	1000.0	0.034903410158648396	jbcb-readout-withholding-20261007-v1|Valdeolivas|SN048_A121573_Rep2|M3_spatial_leiden|6|seed_11|block_matched	1000.0	True
Valdeolivas	A121573	SN048_A121573_Rep2	withheld	M3_spatial_leiden	6	seed_23	success		success		2385	0	169	111	-0.10782903817559208	0.24390592408620415	33	57	7	5	6.0	1.0	False	-0.2365008620831257	0.12867182390753362	0.5275469400327353	0.1952662721893491	0.5135135135135135	0.23462783171521034	0.2141801516823941	0.0		6	0.14142135623730953	0.07643201609051592	jbcb-readout-withholding-20261007-v1|Valdeolivas|SN048_A121573_Rep2|M3_spatial_leiden|6|seed_23|count_only	1000.0	0.12867182390753362	jbcb-readout-withholding-20261007-v1|Valdeolivas|SN048_A121573_Rep2|M3_spatial_leiden|6|seed_23|block_matched	1000.0	True
Valdeolivas	A121573	SN048_A121573_Rep2	withheld	M3_spatial_leiden	6	seed_37	success		success		2385	0	169	111	-0.10782903817559208	0.24390592408620415	33	54	7	5	6.0	4.0	False	-0.2462663968815012	0.13843735870590912	0.5675850606112418	0.1952662721893491	0.4864864864864865	0.3341288782816229	0.2630558352802643	0.08457207584992175		6	0.14142135623730953	0.07427648211560794	jbcb-readout-withholding-20261007-v1|Valdeolivas|SN048_A121573_Rep2|M3_spatial_leiden|6|seed_37|count_only	1000.0	0.1178097283938454	jbcb-readout-withholding-20261007-v1|Valdeolivas|SN048_A121573_Rep2|M3_spatial_leiden|6|seed_37|block_matched	1000.0	True
Valdeolivas	A416371	SN048_A416371_Rep1	allowed	M0_expr_kmeans	4	seed_11	success		not_evaluable	selected_band_support_below_threshold	2317	1	155	298	-0.004943783959300396	0.22456801521535302	6	28	5	6	2.0	3.0	False	0.1970826106793191	0.2020263946386195	0.8996223012653121	0.03870967741935484	0.09395973154362416	0.6257668711656442				4								False
Valdeolivas	A416371	SN048_A416371_Rep1	allowed	M0_expr_kmeans	4	seed_23	success		not_evaluable	selected_band_support_below_threshold	2317	1	155	298	-0.004943783959300396	0.22456801521535302	6	28	5	6	4.0	3.0	False	0.1970826106793191	0.2020263946386195	0.8996223012653121	0.03870967741935484	0.09395973154362416	0.6257668711656442				4								False
Valdeolivas	A416371	SN048_A416371_Rep1	allowed	M0_expr_kmeans	4	seed_37	success		not_evaluable	selected_band_support_below_threshold	2317	1	155	298	-0.004943783959300396	0.22456801521535302	6	28	5	6	1.0	3.0	False	0.1970826106793191	0.2020263946386195	0.8996223012653121	0.03870967741935484	0.09395973154362416	0.6257668711656442				4								False
Valdeolivas	A416371	SN048_A416371_Rep1	allowed	M0_expr_kmeans	6	seed_11	success		not_evaluable	selected_band_support_below_threshold	2317	1	155	298	-0.004943783959300396	0.22456801521535302	1	3	1	2	6.0	3.0	False	-0.5468326259227553	0.5418888419634549	2.4130277031829404	0.0064516129032258064	0.010067114093959731	0.6172839506172839				6								False
Valdeolivas	A416371	SN048_A416371_Rep1	allowed	M0_expr_kmeans	6	seed_23	success		not_evaluable	selected_band_support_below_threshold	2317	1	155	298	-0.004943783959300396	0.22456801521535302	1	3	1	2	2.0	3.0	False	-0.5468326259227553	0.5418888419634549	2.4130277031829404	0.0064516129032258064	0.010067114093959731	0.6172839506172839				6								False
Valdeolivas	A416371	SN048_A416371_Rep1	allowed	M0_expr_kmeans	6	seed_37	success		not_evaluable	selected_band_support_below_threshold	2317	1	155	298	-0.004943783959300396	0.22456801521535302	1	3	1	2	6.0	5.0	False	-0.5468326259227553	0.5418888419634549	2.4130277031829404	0.0064516129032258064	0.010067114093959731	0.6172839506172839				6								False
Valdeolivas	A416371	SN048_A416371_Rep1	allowed	M1_spatial_concat_kmeans	4	seed_11	success		not_evaluable	selected_band_support_below_threshold	2317	1	155	298	-0.004943783959300396	0.22456801521535302	6	28	5	6	3.0	1.0	False	0.1970826106793191	0.2020263946386195	0.8996223012653121	0.03870967741935484	0.09395973154362416	0.6257668711656442				4								False
Valdeolivas	A416371	SN048_A416371_Rep1	allowed	M1_spatial_concat_kmeans	4	seed_23	success		not_evaluable	selected_band_support_below_threshold	2317	1	155	298	-0.004943783959300396	0.22456801521535302	6	28	5	6	3.0	2.0	False	0.1970826106793191	0.2020263946386195	0.8996223012653121	0.03870967741935484	0.09395973154362416	0.6257668711656442				4								False
Valdeolivas	A416371	SN048_A416371_Rep1	allowed	M1_spatial_concat_kmeans	4	seed_37	success		not_evaluable	selected_band_support_below_threshold	2317	1	155	298	-0.004943783959300396	0.22456801521535302	6	28	5	6	1.0	3.0	False	0.1970826106793191	0.2020263946386195	0.8996223012653121	0.03870967741935484	0.09395973154362416	0.6257668711656442				4								False
Valdeolivas	A416371	SN048_A416371_Rep1	allowed	M1_spatial_concat_kmeans	6	seed_11	success		not_evaluable	selected_band_support_below_threshold	2317	1	155	298	-0.004943783959300396	0.22456801521535302	1	3	1	2	6.0	3.0	False	-0.5468326259227553	0.5418888419634549	2.4130277031829404	0.0064516129032258064	0.010067114093959731	0.6172839506172839				6								False
Valdeolivas	A416371	SN048_A416371_Rep1	allowed	M1_spatial_concat_kmeans	6	seed_23	success		not_evaluable	selected_band_support_below_threshold	2317	1	155	298	-0.004943783959300396	0.22456801521535302	1	3	1	2	1.0	2.0	False	-0.5468326259227553	0.5418888419634549	2.4130277031829404	0.0064516129032258064	0.010067114093959731	0.6172839506172839				6								False
Valdeolivas	A416371	SN048_A416371_Rep1	allowed	M1_spatial_concat_kmeans	6	seed_37	success		not_evaluable	selected_band_support_below_threshold	2317	1	155	298	-0.004943783959300396	0.22456801521535302	1	3	1	2	1.0	2.0	False	-0.5468326259227553	0.5418888419634549	2.4130277031829404	0.0064516129032258064	0.010067114093959731	0.6172839506172839				6								False
Valdeolivas	A416371	SN048_A416371_Rep1	allowed	M2_spatial_ward	4	neighbors_4	success		not_evaluable	selected_band_support_below_threshold	2317	1	155	298	-0.004943783959300396	0.22456801521535302	0	19	0	4	4.0	3.0	False				0.0	0.06375838926174497	0.775				4								False
Valdeolivas	A416371	SN048_A416371_Rep1	allowed	M2_spatial_ward	4	neighbors_6	success		not_evaluable	selected_band_support_below_threshold	2317	1	155	298	-0.004943783959300396	0.22456801521535302	0	19	0	4	4.0	3.0	False				0.0	0.06375838926174497	0.8017241379310345				4								False
Valdeolivas	A416371	SN048_A416371_Rep1	allowed	M2_spatial_ward	4	neighbors_8	success		not_evaluable	selected_band_support_below_threshold	2317	1	155	298	-0.004943783959300396	0.22456801521535302	0	17	0	4	2.0	4.0	False				0.0	0.05704697986577181	0.8018018018018018				4								False
Valdeolivas	A416371	SN048_A416371_Rep1	allowed	M2_spatial_ward	6	neighbors_4	success		not_evaluable	selected_band_support_below_threshold	2317	1	155	298	-0.004943783959300396	0.22456801521535302	0	19	0	4	4.0	6.0	False				0.0	0.06375838926174497	0.775				6								False
Valdeolivas	A416371	SN048_A416371_Rep1	allowed	M2_spatial_ward	6	neighbors_6	success		not_evaluable	selected_band_support_below_threshold	2317	1	155	298	-0.004943783959300396	0.22456801521535302	0	19	0	4	4.0	6.0	False				0.0	0.06375838926174497	0.8017241379310345				6								False
Valdeolivas	A416371	SN048_A416371_Rep1	allowed	M2_spatial_ward	6	neighbors_8	success		not_evaluable	selected_band_support_below_threshold	2317	1	155	298	-0.004943783959300396	0.22456801521535302	0	17	0	4	2.0	4.0	False				0.0	0.05704697986577181	0.8018018018018018				6								False
Valdeolivas	A416371	SN048_A416371_Rep1	allowed	M3_spatial_leiden	4	seed_11	success		success		2317	1	155	298	-0.004943783959300396	0.22456801521535302	28	73	5	7	3.0	4.0	False	-0.0250521160655105	0.020108332106210103	0.08954228003897573	0.18064516129032257	0.24496644295302014	0.4783950617283951	-0.1087146750076802	-0.13201860150526012		4	0.08408964152537146	0.04452217089746699	jbcb-readout-withholding-20261007-v1|Valdeolivas|SN048_A416371_Rep1|M3_spatial_leiden|4|seed_11|count_only	1000.0	0.049755487417752986	jbcb-readout-withholding-20261007-v1|Valdeolivas|SN048_A416371_Rep1|M3_spatial_leiden|4|seed_11|block_matched	1000.0	True
Valdeolivas	A416371	SN048_A416371_Rep1	allowed	M3_spatial_leiden	4	seed_23	success		success		2317	1	155	298	-0.004943783959300396	0.22456801521535302	56	77	10	7	4.0	3.0	False	-0.009366383294135583	0.004422599334835187	0.01969380782296208	0.36129032258064514	0.25838926174496646	0.4178082191780822	-0.1451158477022644	-0.10772482373078977		4	0.1	0.03701097722962615	jbcb-readout-withholding-20261007-v1|Valdeolivas|SN048_A416371_Rep1|M3_spatial_leiden|4|seed_23|count_only	1000.0	0.028614149189482407	jbcb-readout-withholding-20261007-v1|Valdeolivas|SN048_A416371_Rep1|M3_spatial_leiden|4|seed_23|block_matched	1000.0	True
Valdeolivas	A416371	SN048_A416371_Rep1	allowed	M3_spatial_leiden	4	seed_37	success		success		2317	1	155	298	-0.004943783959300396	0.22456801521535302	41	96	9	9	2.0	1.0	False	-0.043680379743759434	0.03873659578445904	0.17249382440910818	0.2645161290322581	0.3221476510067114	0.3333333333333333	0.009869304193131114	0.11673711361432723		4	0.1	0.03652026573025102	jbcb-readout-withholding-20261007-v1|Valdeolivas|SN048_A416371_Rep1|M3_spatial_leiden|4|seed_37|count_only	1000.0	0.012521173878120406	jbcb-readout-withholding-20261007-v1|Valdeolivas|SN048_A416371_Rep1|M3_spatial_leiden|4|seed_37|block_matched	1000.0	True
Valdeolivas	A416371	SN048_A416371_Rep1	allowed	M3_spatial_leiden	6	seed_11	success		not_evaluable	selected_band_support_below_threshold	2317	1	155	298	-0.004943783959300396	0.22456801521535302	0	0	0	0	1.0	6.0	False				0.0	0.0	0.9130434782608695				6	0.1							False
Valdeolivas	A416371	SN048_A416371_Rep1	allowed	M3_spatial_leiden	6	seed_23	success		success		2317	1	155	298	-0.004943783959300396	0.22456801521535302	20	68	6	6	6.0	5.0	False	-0.0869740928151469	0.0820303088558465	0.36528046426015853	0.12903225806451613	0.22818791946308725	0.5865724381625441	0.1232600501450404	0.21001692845241843		6	0.14142135623730953	0.05435004403942989	jbcb-readout-withholding-20261007-v1|Valdeolivas|SN048_A416371_Rep1|M3_spatial_leiden|6|seed_23|count_only	1000.0	0.034867224071662095	jbcb-readout-withholding-20261007-v1|Valdeolivas|SN048_A416371_Rep1|M3_spatial_leiden|6|seed_23|block_matched	1000.0	True
Valdeolivas	A416371	SN048_A416371_Rep1	allowed	M3_spatial_leiden	6	seed_37	success		not_evaluable	selected_band_support_below_threshold	2317	1	155	298	-0.004943783959300396	0.22456801521535302	1	26	1	3	2.0	6.0	False	-0.3095865853624524	0.30464280140315203	1.3565725337644812	0.0064516129032258064	0.087248322147651	0.5581395348837209				6	0.14142135623730953							False
Valdeolivas	A416371	SN048_A416371_Rep1	withheld	M0_expr_kmeans	4	seed_11	success		not_evaluable	selected_band_support_below_threshold	2317	0	155	298	-0.004943783959300396	0.22456801521535302	6	28	5	6	1.0	3.0	False	0.1970826106793191	0.2020263946386195	0.8996223012653121	0.03870967741935484	0.09395973154362416	0.6257668711656442				4								False
Valdeolivas	A416371	SN048_A416371_Rep1	withheld	M0_expr_kmeans	4	seed_23	success		not_evaluable	selected_band_support_below_threshold	2317	0	155	298	-0.004943783959300396	0.22456801521535302	6	28	5	6	1.0	4.0	False	0.1970826106793191	0.2020263946386195	0.8996223012653121	0.03870967741935484	0.09395973154362416	0.6257668711656442				4								False
Valdeolivas	A416371	SN048_A416371_Rep1	withheld	M0_expr_kmeans	4	seed_37	success		not_evaluable	selected_band_support_below_threshold	2317	0	155	298	-0.004943783959300396	0.22456801521535302	6	28	5	6	2.0	3.0	False	0.1970826106793191	0.2020263946386195	0.8996223012653121	0.03870967741935484	0.09395973154362416	0.6257668711656442				4								False
Valdeolivas	A416371	SN048_A416371_Rep1	withheld	M0_expr_kmeans	6	seed_11	success		not_evaluable	selected_band_support_below_threshold	2317	0	155	298	-0.004943783959300396	0.22456801521535302	1	3	1	2	4.0	2.0	False	-0.5468326259227553	0.5418888419634549	2.4130277031829404	0.0064516129032258064	0.010067114093959731	0.6103896103896104				6								False
Valdeolivas	A416371	SN048_A416371_Rep1	withheld	M0_expr_kmeans	6	seed_23	success		not_evaluable	selected_band_support_below_threshold	2317	0	155	298	-0.004943783959300396	0.22456801521535302	1	3	1	2	3.0	6.0	False	-0.5468326259227553	0.5418888419634549	2.4130277031829404	0.0064516129032258064	0.010067114093959731	0.6103896103896104				6								False
Valdeolivas	A416371	SN048_A416371_Rep1	withheld	M0_expr_kmeans	6	seed_37	success		not_evaluable	selected_band_support_below_threshold	2317	0	155	298	-0.004943783959300396	0.22456801521535302	1	3	1	2	1.0	2.0	False	-0.5468326259227553	0.5418888419634549	2.4130277031829404	0.0064516129032258064	0.010067114093959731	0.6103896103896104				6								False
Valdeolivas	A416371	SN048_A416371_Rep1	withheld	M1_spatial_concat_kmeans	4	seed_11	success		not_evaluable	selected_band_support_below_threshold	2317	0	155	298	-0.004943783959300396	0.22456801521535302	6	28	5	6	1.0	2.0	False	0.1970826106793191	0.2020263946386195	0.8996223012653121	0.03870967741935484	0.09395973154362416	0.6257668711656442				4								False
Valdeolivas	A416371	SN048_A416371_Rep1	withheld	M1_spatial_concat_kmeans	4	seed_23	success		not_evaluable	selected_band_support_below_threshold	2317	0	155	298	-0.004943783959300396	0.22456801521535302	6	28	5	6	2.0	3.0	False	0.1970826106793191	0.2020263946386195	0.8996223012653121	0.03870967741935484	0.09395973154362416	0.6257668711656442				4								False
Valdeolivas	A416371	SN048_A416371_Rep1	withheld	M1_spatial_concat_kmeans	4	seed_37	success		not_evaluable	selected_band_support_below_threshold	2317	0	155	298	-0.004943783959300396	0.22456801521535302	6	28	5	6	3.0	4.0	False	0.1970826106793191	0.2020263946386195	0.8996223012653121	0.03870967741935484	0.09395973154362416	0.6257668711656442				4								False
Valdeolivas	A416371	SN048_A416371_Rep1	withheld	M1_spatial_concat_kmeans	6	seed_11	success		not_evaluable	selected_band_support_below_threshold	2317	0	155	298	-0.004943783959300396	0.22456801521535302	1	3	1	2	5.0	2.0	False	-0.5468326259227553	0.5418888419634549	2.4130277031829404	0.0064516129032258064	0.010067114093959731	0.6103896103896104				6								False
Valdeolivas	A416371	SN048_A416371_Rep1	withheld	M1_spatial_concat_kmeans	6	seed_23	success		not_evaluable	selected_band_support_below_threshold	2317	0	155	298	-0.004943783959300396	0.22456801521535302	1	3	1	2	1.0	3.0	False	-0.5468326259227553	0.5418888419634549	2.4130277031829404	0.0064516129032258064	0.010067114093959731	0.6103896103896104				6								False
Valdeolivas	A416371	SN048_A416371_Rep1	withheld	M1_spatial_concat_kmeans	6	seed_37	success		not_evaluable	selected_band_support_below_threshold	2317	0	155	298	-0.004943783959300396	0.22456801521535302	1	3	1	2	1.0	2.0	False	-0.5468326259227553	0.5418888419634549	2.4130277031829404	0.0064516129032258064	0.010067114093959731	0.6103896103896104				6								False
Valdeolivas	A416371	SN048_A416371_Rep1	withheld	M2_spatial_ward	4	neighbors_4	success		not_evaluable	selected_band_support_below_threshold	2317	0	155	298	-0.004943783959300396	0.22456801521535302	0	12	0	4	4.0	3.0	False				0.0	0.040268456375838924	0.8316831683168316				4								False
Valdeolivas	A416371	SN048_A416371_Rep1	withheld	M2_spatial_ward	4	neighbors_6	success		not_evaluable	selected_band_support_below_threshold	2317	0	155	298	-0.004943783959300396	0.22456801521535302	0	9	0	4	2.0	4.0	False				0.0	0.030201342281879196	0.8494623655913979				4								False
Valdeolivas	A416371	SN048_A416371_Rep1	withheld	M2_spatial_ward	4	neighbors_8	success		not_evaluable	selected_band_support_below_threshold	2317	0	155	298	-0.004943783959300396	0.22456801521535302	0	8	0	4	2.0	4.0	False				0.0	0.026845637583892617	0.8297872340425532				4								False
Valdeolivas	A416371	SN048_A416371_Rep1	withheld	M2_spatial_ward	6	neighbors_4	success		not_evaluable	selected_band_support_below_threshold	2317	0	155	298	-0.004943783959300396	0.22456801521535302	0	12	0	4	4.0	6.0	False				0.0	0.040268456375838924	0.8316831683168316				6								False
Valdeolivas	A416371	SN048_A416371_Rep1	withheld	M2_spatial_ward	6	neighbors_6	success		not_evaluable	selected_band_support_below_threshold	2317	0	155	298	-0.004943783959300396	0.22456801521535302	0	9	0	4	5.0	4.0	False				0.0	0.030201342281879196	0.8494623655913979				6								False
Valdeolivas	A416371	SN048_A416371_Rep1	withheld	M2_spatial_ward	6	neighbors_8	success		not_evaluable	selected_band_support_below_threshold	2317	0	155	298	-0.004943783959300396	0.22456801521535302	0	8	0	4	5.0	4.0	False				0.0	0.026845637583892617	0.8297872340425532				6								False
Valdeolivas	A416371	SN048_A416371_Rep1	withheld	M3_spatial_leiden	4	seed_11	success		success		2317	0	155	298	-0.004943783959300396	0.22456801521535302	22	76	7	7	3.0	4.0	False	-0.028192763969577816	0.02324898001027742	0.10352756597141603	0.14193548387096774	0.2550335570469799	0.4975247524752475	-0.10617440748353463	-0.03542683501360231		4	0.1	0.047092355965520916	jbcb-readout-withholding-20261007-v1|Valdeolivas|SN048_A416371_Rep1|M3_spatial_leiden|4|seed_11|count_only	1000.0	0.031204714034643866	jbcb-readout-withholding-20261007-v1|Valdeolivas|SN048_A416371_Rep1|M3_spatial_leiden|4|seed_11|block_matched	1000.0	True
Valdeolivas	A416371	SN048_A416371_Rep1	withheld	M3_spatial_leiden	4	seed_23	success		success		2317	0	155	298	-0.004943783959300396	0.22456801521535302	27	71	5	6	1.0	4.0	False	-0.04050461821494611	0.03556083425564571	0.15835217772016238	0.17419354838709677	0.23825503355704697	0.390625	-0.0518992417864351	-0.08371017668621132		4	0.08408964152537146	0.047215743974807156	jbcb-readout-withholding-20261007-v1|Valdeolivas|SN048_A416371_Rep1|M3_spatial_leiden|4|seed_23|count_only	1000.0	0.054359462487394705	jbcb-readout-withholding-20261007-v1|Valdeolivas|SN048_A416371_Rep1|M3_spatial_leiden|4|seed_23|block_matched	1000.0	True
Valdeolivas	A416371	SN048_A416371_Rep1	withheld	M3_spatial_leiden	4	seed_37	success		success		2317	0	155	298	-0.004943783959300396	0.22456801521535302	30	80	5	7	2.0	4.0	False	-0.0389544168669847	0.0340106329076843	0.1514491405869588	0.1935483870967742	0.2684563758389262	0.44533333333333336	-0.05053033292923409	-0.11280550993016557		4	0.08408964152537146	0.045358129481773396	jbcb-readout-withholding-20261007-v1|Valdeolivas|SN048_A416371_Rep1|M3_spatial_leiden|4|seed_37|count_only	1000.0	0.05934314237805738	jbcb-readout-withholding-20261007-v1|Valdeolivas|SN048_A416371_Rep1|M3_spatial_leiden|4|seed_37|block_matched	1000.0	True
Valdeolivas	A416371	SN048_A416371_Rep1	withheld	M3_spatial_leiden	6	seed_11	success		success		2317	0	155	298	-0.004943783959300396	0.22456801521535302	20	54	5	5	4.0	5.0	False	0.06629334748316262	0.07123713144246302	0.31721851116753674	0.12903225806451613	0.18120805369127516	0.5075528700906344	0.0721556250437506	0.2351316731514428		6	0.14142135623730953	0.055033285939764726	jbcb-readout-withholding-20261007-v1|Valdeolivas|SN048_A416371_Rep1|M3_spatial_leiden|6|seed_11|count_only	1000.0	0.018434078288578404	jbcb-readout-withholding-20261007-v1|Valdeolivas|SN048_A416371_Rep1|M3_spatial_leiden|6|seed_11|block_matched	1000.0	False
Valdeolivas	A416371	SN048_A416371_Rep1	withheld	M3_spatial_leiden	6	seed_23	success		success		2317	0	155	298	-0.004943783959300396	0.22456801521535302	21	73	7	7	5.0	4.0	False	0.014554498557718232	0.019498282517018628	0.08682573294474034	0.13548387096774195	0.24496644295302014	0.5091863517060368	-0.13776795614248782	-0.07499273851128567		6	0.1542210825407941	0.05043655898821292	jbcb-readout-withholding-20261007-v1|Valdeolivas|SN048_A416371_Rep1|M3_spatial_leiden|6|seed_23|count_only	1000.0	0.03633925296006202	jbcb-readout-withholding-20261007-v1|Valdeolivas|SN048_A416371_Rep1|M3_spatial_leiden|6|seed_23|block_matched	1000.0	True
Valdeolivas	A416371	SN048_A416371_Rep1	withheld	M3_spatial_leiden	6	seed_37	success		success		2317	0	155	298	-0.004943783959300396	0.22456801521535302	34	88	8	7	5.0	1.0	False	0.0019245115030310789	0.006868295462331475	0.03058447773938339	0.21935483870967742	0.2953020134228188	0.48936170212765956	-0.151146426702819	-0.055585768471020126		6	0.16817928305074292	0.04081094851387637	jbcb-readout-withholding-20261007-v1|Valdeolivas|SN048_A416371_Rep1|M3_spatial_leiden|6|seed_37|count_only	1000.0	0.019351081162088613	jbcb-readout-withholding-20261007-v1|Valdeolivas|SN048_A416371_Rep1|M3_spatial_leiden|6|seed_37|block_matched	1000.0	False
Valdeolivas	A416371	SN048_A416371_Rep2	allowed	M0_expr_kmeans	4	seed_11	success		success		1803	2	111	222	0.011519528950140745	0.22871910788601424	21	69	8	7	2.0	4.0	False	-0.019954838758833193	0.03147436770897394	0.13761144838261474	0.1891891891891892	0.3108108108108108	0.6881188118811881	-0.15803757664062645	-0.2813411715752283		4		0.06762058125068562	jbcb-readout-withholding-20261007-v1|Valdeolivas|SN048_A416371_Rep2|M0_expr_kmeans|4|seed_11|count_only	1000.0	0.09582246948326623	jbcb-readout-withholding-20261007-v1|Valdeolivas|SN048_A416371_Rep2|M0_expr_kmeans|4|seed_11|block_matched	1000.0	True
Valdeolivas	A416371	SN048_A416371_Rep2	allowed	M0_expr_kmeans	4	seed_23	success		success		1803	2	111	222	0.011519528950140745	0.22871910788601424	21	69	8	7	1.0	4.0	False	-0.019954838758833193	0.03147436770897394	0.13761144838261474	0.1891891891891892	0.3108108108108108	0.6881188118811881	-0.17219951718298884	-0.2813411715752283		4		0.07085968765746953	jbcb-readout-withholding-20261007-v1|Valdeolivas|SN048_A416371_Rep2|M0_expr_kmeans|4|seed_23|count_only	1000.0	0.09582246948326623	jbcb-readout-withholding-20261007-v1|Valdeolivas|SN048_A416371_Rep2|M0_expr_kmeans|4|seed_23|block_matched	1000.0	True
Valdeolivas	A416371	SN048_A416371_Rep2	allowed	M0_expr_kmeans	4	seed_37	success		success		1803	2	111	222	0.011519528950140745	0.22871910788601424	21	69	8	7	2.0	1.0	False	-0.019954838758833193	0.03147436770897394	0.13761144838261474	0.1891891891891892	0.3108108108108108	0.6881188118811881	-0.17280216769487758	-0.2675424305676606		4		0.07099752534491577	jbcb-readout-withholding-20261007-v1|Valdeolivas|SN048_A416371_Rep2|M0_expr_kmeans|4|seed_37|count_only	1000.0	0.09266643375006517	jbcb-readout-withholding-20261007-v1|Valdeolivas|SN048_A416371_Rep2|M0_expr_kmeans|4|seed_37|block_matched	1000.0	True
Valdeolivas	A416371	SN048_A416371_Rep2	allowed	M0_expr_kmeans	6	seed_11	success		not_evaluable	selected_band_support_below_threshold	1803	2	111	222	0.011519528950140745	0.22871910788601424	19	70	8	7	1.0	4.0	False	-0.010317900273596747	0.021837429223737492	0.0954770654081972	0.17117117117117117	0.3153153153153153	0.6954314720812182				6								False
Valdeolivas	A416371	SN048_A416371_Rep2	allowed	M0_expr_kmeans	6	seed_23	success		not_evaluable	selected_band_support_below_threshold	1803	2	111	222	0.011519528950140745	0.22871910788601424	19	70	8	7	1.0	2.0	False	-0.010317900273596747	0.021837429223737492	0.0954770654081972	0.17117117117117117	0.3153153153153153	0.6954314720812182				6								False
Valdeolivas	A416371	SN048_A416371_Rep2	allowed	M0_expr_kmeans	6	seed_37	success		not_evaluable	selected_band_support_below_threshold	1803	2	111	222	0.011519528950140745	0.22871910788601424	19	70	8	7	2.0	1.0	False	-0.010317900273596747	0.021837429223737492	0.0954770654081972	0.17117117117117117	0.3153153153153153	0.7025641025641025				6								False
Valdeolivas	A416371	SN048_A416371_Rep2	allowed	M1_spatial_concat_kmeans	4	seed_11	success		success		1803	2	111	222	0.011519528950140745	0.22871910788601424	21	69	8	7	4.0	3.0	False	-0.019954838758833193	0.03147436770897394	0.13761144838261474	0.1891891891891892	0.3108108108108108	0.6881188118811881	-0.16841759221861785	-0.2675424305676606		4		0.06999468915352675	jbcb-readout-withholding-20261007-v1|Valdeolivas|SN048_A416371_Rep2|M1_spatial_concat_kmeans|4|seed_11|count_only	1000.0	0.09266643375006517	jbcb-readout-withholding-20261007-v1|Valdeolivas|SN048_A416371_Rep2|M1_spatial_concat_kmeans|4|seed_11|block_matched	1000.0	True
Valdeolivas	A416371	SN048_A416371_Rep2	allowed	M1_spatial_concat_kmeans	4	seed_23	success		success		1803	2	111	222	0.011519528950140745	0.22871910788601424	21	69	8	7	2.0	1.0	False	-0.019954838758833193	0.03147436770897394	0.13761144838261474	0.1891891891891892	0.3108108108108108	0.6847290640394089	-0.16891403256311915	-0.2675424305676606		4		0.07010823454623971	jbcb-readout-withholding-20261007-v1|Valdeolivas|SN048_A416371_Rep2|M1_spatial_concat_kmeans|4|seed_23|count_only	1000.0	0.09266643375006517	jbcb-readout-withholding-20261007-v1|Valdeolivas|SN048_A416371_Rep2|M1_spatial_concat_kmeans|4|seed_23|block_matched	1000.0	True
Valdeolivas	A416371	SN048_A416371_Rep2	allowed	M1_spatial_concat_kmeans	4	seed_37	success		success		1803	2	111	222	0.011519528950140745	0.22871910788601424	21	69	8	7	1.0	4.0	False	-0.019954838758833193	0.03147436770897394	0.13761144838261474	0.1891891891891892	0.3108108108108108	0.6878048780487804	-0.16998623521200348	-0.2675424305676606		4		0.07035346777956555	jbcb-readout-withholding-20261007-v1|Valdeolivas|SN048_A416371_Rep2|M1_spatial_concat_kmeans|4|seed_37|count_only	1000.0	0.09266643375006517	jbcb-readout-withholding-20261007-v1|Valdeolivas|SN048_A416371_Rep2|M1_spatial_concat_kmeans|4|seed_37|block_matched	1000.0	True
Valdeolivas	A416371	SN048_A416371_Rep2	allowed	M1_spatial_concat_kmeans	6	seed_11	success		not_evaluable	selected_band_support_below_threshold	1803	2	111	222	0.011519528950140745	0.22871910788601424	19	70	8	7	5.0	6.0	False	-0.010317900273596747	0.021837429223737492	0.0954770654081972	0.17117117117117117	0.3153153153153153	0.7061855670103093				6								False
Valdeolivas	A416371	SN048_A416371_Rep2	allowed	M1_spatial_concat_kmeans	6	seed_23	success		not_evaluable	selected_band_support_below_threshold	1803	2	111	222	0.011519528950140745	0.22871910788601424	19	70	8	7	1.0	5.0	False	-0.010317900273596747	0.021837429223737492	0.0954770654081972	0.17117117117117117	0.3153153153153153	0.7061855670103093				6								False
Valdeolivas	A416371	SN048_A416371_Rep2	allowed	M1_spatial_concat_kmeans	6	seed_37	success		not_evaluable	selected_band_support_below_threshold	1803	2	111	222	0.011519528950140745	0.22871910788601424	19	70	8	7	5.0	2.0	False	-0.010317900273596747	0.021837429223737492	0.0954770654081972	0.17117117117117117	0.3153153153153153	0.7061855670103093				6								False
Valdeolivas	A416371	SN048_A416371_Rep2	allowed	M2_spatial_ward	4	neighbors_4	success		success		1803	2	111	222	0.011519528950140745	0.22871910788601424	39	86	11	9	2.0	1.0	False	0.08991533902267279	0.07839581007253205	0.342760212721719	0.35135135135135137	0.38738738738738737	0.5484764542936288	0.16446710878959916	-0.05333883195913012		4		0.04077903967358287	jbcb-readout-withholding-20261007-v1|Valdeolivas|SN048_A416371_Rep2|M2_spatial_ward|4|neighbors_4|count_only	1000.0	0.09059542013390631	jbcb-readout-withholding-20261007-v1|Valdeolivas|SN048_A416371_Rep2|M2_spatial_ward|4|neighbors_4|block_matched	1000.0	True
Valdeolivas	A416371	SN048_A416371_Rep2	allowed	M2_spatial_ward	4	neighbors_6	success		not_evaluable	selected_band_support_below_threshold	1803	2	111	222	0.011519528950140745	0.22871910788601424	18	70	5	6	2.0	3.0	False	0.06435547353238968	0.05283594458224894	0.2310080039686958	0.16216216216216217	0.3153153153153153	0.73224043715847				4								False
Valdeolivas	A416371	SN048_A416371_Rep2	allowed	M2_spatial_ward	4	neighbors_8	success		not_evaluable	selected_band_support_below_threshold	1803	2	111	222	0.011519528950140745	0.22871910788601424	18	70	5	6	2.0	3.0	False	0.06435547353238968	0.05283594458224894	0.2310080039686958	0.16216216216216217	0.3153153153153153	0.7486033519553073				4								False
Valdeolivas	A416371	SN048_A416371_Rep2	allowed	M2_spatial_ward	6	neighbors_4	success		not_evaluable	selected_band_support_below_threshold	1803	2	111	222	0.011519528950140745	0.22871910788601424	14	65	4	6	6.0	1.0	False	0.13343683038467752	0.12191730143453677	0.533043795778078	0.12612612612612611	0.2927927927927928	0.7579617834394905				6								False
Valdeolivas	A416371	SN048_A416371_Rep2	allowed	M2_spatial_ward	6	neighbors_6	success		not_evaluable	selected_band_support_below_threshold	1803	2	111	222	0.011519528950140745	0.22871910788601424	18	70	5	6	3.0	1.0	False	0.06435547353238968	0.05283594458224894	0.2310080039686958	0.16216216216216217	0.3153153153153153	0.73224043715847				6								False
Valdeolivas	A416371	SN048_A416371_Rep2	allowed	M2_spatial_ward	6	neighbors_8	success		not_evaluable	selected_band_support_below_threshold	1803	2	111	222	0.011519528950140745	0.22871910788601424	18	70	5	6	2.0	3.0	False	0.06435547353238968	0.05283594458224894	0.2310080039686958	0.16216216216216217	0.3153153153153153	0.7486033519553073				6								False
Valdeolivas	A416371	SN048_A416371_Rep2	allowed	M3_spatial_leiden	4	seed_11	success		success		1803	2	111	222	0.011519528950140745	0.22871910788601424	34	90	7	9	1.0	3.0	False	0.1436342744869018	0.13211474553676106	0.5776288074829433	0.3063063063063063	0.40540540540540543	0.5218579234972678	0.3573395073637128	-0.04878551286659671		4	0.07071067811865477	0.05038437220010486	jbcb-readout-withholding-20261007-v1|Valdeolivas|SN048_A416371_Rep2|M3_spatial_leiden|4|seed_11|count_only	1000.0	0.14327292451737073	jbcb-readout-withholding-20261007-v1|Valdeolivas|SN048_A416371_Rep2|M3_spatial_leiden|4|seed_11|block_matched	1000.0	True
Valdeolivas	A416371	SN048_A416371_Rep2	allowed	M3_spatial_leiden	4	seed_23	success		success		1803	2	111	222	0.011519528950140745	0.22871910788601424	40	66	9	8	1.0	3.0	False	0.08860475673918644	0.0770852277890457	0.3370301174288522	0.36036036036036034	0.2972972972972973	0.3379721669980119	0.13427018527255688	0.14025272360240967		4	0.07071067811865477	0.04637507079781664	jbcb-readout-withholding-20261007-v1|Valdeolivas|SN048_A416371_Rep2|M3_spatial_leiden|4|seed_23|count_only	1000.0	0.04500674996811882	jbcb-readout-withholding-20261007-v1|Valdeolivas|SN048_A416371_Rep2|M3_spatial_leiden|4|seed_23|block_matched	1000.0	True
Valdeolivas	A416371	SN048_A416371_Rep2	allowed	M3_spatial_leiden	4	seed_37	success		success		1803	2	111	222	0.011519528950140745	0.22871910788601424	35	89	8	9	1.0	3.0	False	0.20096857489835396	0.1894490459482132	0.8283044110272944	0.3153153153153153	0.4009009009009009	0.44212962962962965	0.6280197178038903	0.4037801813555079		4	0.07071067811865477	0.045808936357281005	jbcb-readout-withholding-20261007-v1|Valdeolivas|SN048_A416371_Rep2|M3_spatial_leiden|4|seed_37|count_only	1000.0	0.0970968030865284	jbcb-readout-withholding-20261007-v1|Valdeolivas|SN048_A416371_Rep2|M3_spatial_leiden|4|seed_37|block_matched	1000.0	True
Valdeolivas	A416371	SN048_A416371_Rep2	allowed	M3_spatial_leiden	6	seed_11	success		success		1803	2	111	222	0.011519528950140745	0.22871910788601424	26	86	7	9	2.0	3.0	False	0.15479245346751147	0.14327292451737073	0.62641432034954	0.23423423423423423	0.38738738738738737	0.5272727272727272	0.3948208188392291	0.13333351503691043		6	0.2	0.0529698590576366	jbcb-readout-withholding-20261007-v1|Valdeolivas|SN048_A416371_Rep2|M3_spatial_leiden|6|seed_11|count_only	1000.0	0.1127770019068221	jbcb-readout-withholding-20261007-v1|Valdeolivas|SN048_A416371_Rep2|M3_spatial_leiden|6|seed_11|block_matched	1000.0	True
Valdeolivas	A416371	SN048_A416371_Rep2	allowed	M3_spatial_leiden	6	seed_23	success		not_evaluable	selected_band_support_below_threshold	1803	2	111	222	0.011519528950140745	0.22871910788601424	17	60	4	7	3.0	5.0	False	0.23796846860541992	0.22644893965527918	0.9900744268735674	0.15315315315315314	0.2702702702702703	0.5041666666666667				6	0.14142135623730953							False
Valdeolivas	A416371	SN048_A416371_Rep2	allowed	M3_spatial_leiden	6	seed_37	not_evaluable	no_exact_K_resolution	not_evaluable	fit_unavailable	1803	2	111	222	0.011519528950140745	0.22871910788601424	0	0	0	0			False										5	0.1							False
Valdeolivas	A416371	SN048_A416371_Rep2	withheld	M0_expr_kmeans	4	seed_11	success		success		1803	0	111	222	0.011519528950140745	0.22871910788601424	21	69	8	7	3.0	4.0	False	-0.019954838758833193	0.03147436770897394	0.13761144838261474	0.1891891891891892	0.3108108108108108	0.6847290640394089	-0.15803757664062645	-0.2813411715752283		4		0.06762058125068562	jbcb-readout-withholding-20261007-v1|Valdeolivas|SN048_A416371_Rep2|M0_expr_kmeans|4|seed_11|count_only	1000.0	0.09582246948326623	jbcb-readout-withholding-20261007-v1|Valdeolivas|SN048_A416371_Rep2|M0_expr_kmeans|4|seed_11|block_matched	1000.0	True
Valdeolivas	A416371	SN048_A416371_Rep2	withheld	M0_expr_kmeans	4	seed_23	success		success		1803	0	111	222	0.011519528950140745	0.22871910788601424	21	69	8	7	2.0	4.0	False	-0.019954838758833193	0.03147436770897394	0.13761144838261474	0.1891891891891892	0.3108108108108108	0.6847290640394089	-0.17219951718298884	-0.2813411715752283		4		0.07085968765746953	jbcb-readout-withholding-20261007-v1|Valdeolivas|SN048_A416371_Rep2|M0_expr_kmeans|4|seed_23|count_only	1000.0	0.09582246948326623	jbcb-readout-withholding-20261007-v1|Valdeolivas|SN048_A416371_Rep2|M0_expr_kmeans|4|seed_23|block_matched	1000.0	True
Valdeolivas	A416371	SN048_A416371_Rep2	withheld	M0_expr_kmeans	4	seed_37	success		success		1803	0	111	222	0.011519528950140745	0.22871910788601424	21	69	8	7	2.0	1.0	False	-0.019954838758833193	0.03147436770897394	0.13761144838261474	0.1891891891891892	0.3108108108108108	0.6881188118811881	-0.17280216769487758	-0.2675424305676606		4		0.07099752534491577	jbcb-readout-withholding-20261007-v1|Valdeolivas|SN048_A416371_Rep2|M0_expr_kmeans|4|seed_37|count_only	1000.0	0.09266643375006517	jbcb-readout-withholding-20261007-v1|Valdeolivas|SN048_A416371_Rep2|M0_expr_kmeans|4|seed_37|block_matched	1000.0	True
Valdeolivas	A416371	SN048_A416371_Rep2	withheld	M0_expr_kmeans	6	seed_11	success		not_evaluable	selected_band_support_below_threshold	1803	0	111	222	0.011519528950140745	0.22871910788601424	19	70	8	7	4.0	2.0	False	-0.010317900273596747	0.021837429223737492	0.0954770654081972	0.17117117117117117	0.3153153153153153	0.6954314720812182				6								False
Valdeolivas	A416371	SN048_A416371_Rep2	withheld	M0_expr_kmeans	6	seed_23	success		not_evaluable	selected_band_support_below_threshold	1803	0	111	222	0.011519528950140745	0.22871910788601424	19	70	8	7	1.0	2.0	False	-0.010317900273596747	0.021837429223737492	0.0954770654081972	0.17117117117117117	0.3153153153153153	0.6954314720812182				6								False
Valdeolivas	A416371	SN048_A416371_Rep2	withheld	M0_expr_kmeans	6	seed_37	success		not_evaluable	selected_band_support_below_threshold	1803	0	111	222	0.011519528950140745	0.22871910788601424	19	70	8	7	1.0	2.0	False	-0.010317900273596747	0.021837429223737492	0.0954770654081972	0.17117117117117117	0.3153153153153153	0.6954314720812182				6								False
Valdeolivas	A416371	SN048_A416371_Rep2	withheld	M1_spatial_concat_kmeans	4	seed_11	success		success		1803	0	111	222	0.011519528950140745	0.22871910788601424	21	69	8	7	4.0	3.0	False	-0.019954838758833193	0.03147436770897394	0.13761144838261474	0.1891891891891892	0.3108108108108108	0.6881188118811881	-0.16841759221861785	-0.2675424305676606		4		0.06999468915352675	jbcb-readout-withholding-20261007-v1|Valdeolivas|SN048_A416371_Rep2|M1_spatial_concat_kmeans|4|seed_11|count_only	1000.0	0.09266643375006517	jbcb-readout-withholding-20261007-v1|Valdeolivas|SN048_A416371_Rep2|M1_spatial_concat_kmeans|4|seed_11|block_matched	1000.0	True
Valdeolivas	A416371	SN048_A416371_Rep2	withheld	M1_spatial_concat_kmeans	4	seed_23	success		success		1803	0	111	222	0.011519528950140745	0.22871910788601424	21	69	8	7	3.0	4.0	False	-0.019954838758833193	0.03147436770897394	0.13761144838261474	0.1891891891891892	0.3108108108108108	0.6847290640394089	-0.16891403256311915	-0.2675424305676606		4		0.07010823454623971	jbcb-readout-withholding-20261007-v1|Valdeolivas|SN048_A416371_Rep2|M1_spatial_concat_kmeans|4|seed_23|count_only	1000.0	0.09266643375006517	jbcb-readout-withholding-20261007-v1|Valdeolivas|SN048_A416371_Rep2|M1_spatial_concat_kmeans|4|seed_23|block_matched	1000.0	True
Valdeolivas	A416371	SN048_A416371_Rep2	withheld	M1_spatial_concat_kmeans	4	seed_37	success		success		1803	0	111	222	0.011519528950140745	0.22871910788601424	21	69	8	7	3.0	4.0	False	-0.019954838758833193	0.03147436770897394	0.13761144838261474	0.1891891891891892	0.3108108108108108	0.6881188118811881	-0.16998623521200348	-0.2675424305676606		4		0.07035346777956555	jbcb-readout-withholding-20261007-v1|Valdeolivas|SN048_A416371_Rep2|M1_spatial_concat_kmeans|4|seed_37|count_only	1000.0	0.09266643375006517	jbcb-readout-withholding-20261007-v1|Valdeolivas|SN048_A416371_Rep2|M1_spatial_concat_kmeans|4|seed_37|block_matched	1000.0	True
Valdeolivas	A416371	SN048_A416371_Rep2	withheld	M1_spatial_concat_kmeans	6	seed_11	success		not_evaluable	selected_band_support_below_threshold	1803	0	111	222	0.011519528950140745	0.22871910788601424	19	70	8	7	2.0	4.0	False	-0.010317900273596747	0.021837429223737492	0.0954770654081972	0.17117117117117117	0.3153153153153153	0.6954314720812182				6								False
Valdeolivas	A416371	SN048_A416371_Rep2	withheld	M1_spatial_concat_kmeans	6	seed_23	success		not_evaluable	selected_band_support_below_threshold	1803	0	111	222	0.011519528950140745	0.22871910788601424	19	70	8	7	1.0	2.0	False	-0.010317900273596747	0.021837429223737492	0.0954770654081972	0.17117117117117117	0.3153153153153153	0.6954314720812182				6								False
Valdeolivas	A416371	SN048_A416371_Rep2	withheld	M1_spatial_concat_kmeans	6	seed_37	success		not_evaluable	selected_band_support_below_threshold	1803	0	111	222	0.011519528950140745	0.22871910788601424	19	70	8	7	1.0	5.0	False	-0.010317900273596747	0.021837429223737492	0.0954770654081972	0.17117117117117117	0.3153153153153153	0.6954314720812182				6								False
Valdeolivas	A416371	SN048_A416371_Rep2	withheld	M2_spatial_ward	4	neighbors_4	success		success		1803	0	111	222	0.011519528950140745	0.22871910788601424	39	86	11	9	2.0	1.0	False	0.08991533902267279	0.07839581007253205	0.342760212721719	0.35135135135135137	0.38738738738738737	0.5657142857142857	0.16446710878959916	-0.05333883195913012		4		0.04077903967358287	jbcb-readout-withholding-20261007-v1|Valdeolivas|SN048_A416371_Rep2|M2_spatial_ward|4|neighbors_4|count_only	1000.0	0.09059542013390631	jbcb-readout-withholding-20261007-v1|Valdeolivas|SN048_A416371_Rep2|M2_spatial_ward|4|neighbors_4|block_matched	1000.0	True
Valdeolivas	A416371	SN048_A416371_Rep2	withheld	M2_spatial_ward	4	neighbors_6	success		not_evaluable	selected_band_support_below_threshold	1803	0	111	222	0.011519528950140745	0.22871910788601424	15	65	4	6	2.0	3.0	False	0.12733702535399033	0.11581749640384958	0.5063743797985127	0.13513513513513514	0.2927927927927928	0.8120805369127517				4								False
Valdeolivas	A416371	SN048_A416371_Rep2	withheld	M2_spatial_ward	4	neighbors_8	success		not_evaluable	selected_band_support_below_threshold	1803	0	111	222	0.011519528950140745	0.22871910788601424	18	70	5	6	2.0	3.0	False	0.06435547353238968	0.05283594458224894	0.2310080039686958	0.16216216216216217	0.3153153153153153	0.764367816091954				4								False
Valdeolivas	A416371	SN048_A416371_Rep2	withheld	M2_spatial_ward	6	neighbors_4	success		not_evaluable	selected_band_support_below_threshold	1803	0	111	222	0.011519528950140745	0.22871910788601424	14	65	4	6	2.0	1.0	False	0.13343683038467752	0.12191730143453677	0.533043795778078	0.12612612612612611	0.2927927927927928	0.8194444444444444				6								False
Valdeolivas	A416371	SN048_A416371_Rep2	withheld	M2_spatial_ward	6	neighbors_6	success		not_evaluable	selected_band_support_below_threshold	1803	0	111	222	0.011519528950140745	0.22871910788601424	15	65	4	6	3.0	1.0	False	0.12733702535399033	0.11581749640384958	0.5063743797985127	0.13513513513513514	0.2927927927927928	0.8120805369127517				6								False
Valdeolivas	A416371	SN048_A416371_Rep2	withheld	M2_spatial_ward	6	neighbors_8	success		not_evaluable	selected_band_support_below_threshold	1803	0	111	222	0.011519528950140745	0.22871910788601424	18	70	5	6	2.0	3.0	False	0.06435547353238968	0.05283594458224894	0.2310080039686958	0.16216216216216217	0.3153153153153153	0.764367816091954				6								False
Valdeolivas	A416371	SN048_A416371_Rep2	withheld	M3_spatial_leiden	4	seed_11	success		success		1803	0	111	222	0.011519528950140745	0.22871910788601424	35	85	8	9	1.0	3.0	False	0.21405098880412327	0.20253145985398252	0.8855030160178714	0.3153153153153153	0.38288288288288286	0.512396694214876	0.6590673670552727	0.4543615226951015		4	0.07255311065022045	0.05179015962431627	jbcb-readout-withholding-20261007-v1|Valdeolivas|SN048_A416371_Rep2|M3_spatial_leiden|4|seed_11|count_only	1000.0	0.0986102977254279	jbcb-readout-withholding-20261007-v1|Valdeolivas|SN048_A416371_Rep2|M3_spatial_leiden|4|seed_11|block_matched	1000.0	True
Valdeolivas	A416371	SN048_A416371_Rep2	withheld	M3_spatial_leiden	4	seed_23	success		success		1803	0	111	222	0.011519528950140745	0.22871910788601424	34	86	7	9	1.0	3.0	False	0.16133366042039615	0.1498141314702554	0.6550136228448287	0.3063063063063063	0.38738738738738737	0.4946808510638298	0.43933610602289885	0.0		4	0.07071067811865477	0.049329569238582616	jbcb-readout-withholding-20261007-v1|Valdeolivas|SN048_A416371_Rep2|M3_spatial_leiden|4|seed_23|count_only	1000.0	0.1498141314702554	jbcb-readout-withholding-20261007-v1|Valdeolivas|SN048_A416371_Rep2|M3_spatial_leiden|4|seed_23|block_matched	1000.0	True
Valdeolivas	A416371	SN048_A416371_Rep2	withheld	M3_spatial_leiden	4	seed_37	success		success		1803	0	111	222	0.011519528950140745	0.22871910788601424	35	94	8	9	4.0	3.0	False	0.12152059642431234	0.1100010674741716	0.4809439337660951	0.3153153153153153	0.42342342342342343	0.4512471655328798	0.2769965872244664	0.13049588763070233		4	0.0648419777325505	0.04664665515672112	jbcb-readout-withholding-20261007-v1|Valdeolivas|SN048_A416371_Rep2|M3_spatial_leiden|4|seed_37|count_only	1000.0	0.0801541644724838	jbcb-readout-withholding-20261007-v1|Valdeolivas|SN048_A416371_Rep2|M3_spatial_leiden|4|seed_37|block_matched	1000.0	True
Valdeolivas	A416371	SN048_A416371_Rep2	withheld	M3_spatial_leiden	6	seed_11	success		success		1803	0	111	222	0.011519528950140745	0.22871910788601424	34	89	7	9	4.0	2.0	False	0.1490079938340766	0.13748846488393585	0.6011236496797433	0.3063063063063063	0.4009009009009009	0.5497076023391813	0.3878290272606595	-0.05058134133959358		6	0.16817928305074292	0.048784555756577114	jbcb-readout-withholding-20261007-v1|Valdeolivas|SN048_A416371_Rep2|M3_spatial_leiden|6|seed_11|count_only	1000.0	0.14905738415080566	jbcb-readout-withholding-20261007-v1|Valdeolivas|SN048_A416371_Rep2|M3_spatial_leiden|6|seed_11|block_matched	1000.0	True
Valdeolivas	A416371	SN048_A416371_Rep2	withheld	M3_spatial_leiden	6	seed_23	success		success		1803	0	111	222	0.011519528950140745	0.22871910788601424	23	63	5	7	1.0	4.0	False	0.11614687707713756	0.10462734812699681	0.4574490915692951	0.2072072072072072	0.28378378378378377	0.46619217081850534	0.16912199246439846	0.13049588763070233		6	0.1542210825407941	0.06594591688663437	jbcb-readout-withholding-20261007-v1|Valdeolivas|SN048_A416371_Rep2|M3_spatial_leiden|6|seed_23|count_only	1000.0	0.07478044512530901	jbcb-readout-withholding-20261007-v1|Valdeolivas|SN048_A416371_Rep2|M3_spatial_leiden|6|seed_23|block_matched	1000.0	False
Valdeolivas	A416371	SN048_A416371_Rep2	withheld	M3_spatial_leiden	6	seed_37	success		success		1803	0	111	222	0.011519528950140745	0.22871910788601424	34	85	7	9	5.0	3.0	False	0.1620904077398459	0.15057087878970515	0.6583222546703204	0.3063063063063063	0.38288288288288286	0.5211267605633803	0.45933006140259164	0.0		6	0.1542210825407941	0.04551331692047625	jbcb-readout-withholding-20261007-v1|Valdeolivas|SN048_A416371_Rep2|M3_spatial_leiden|6|seed_37|count_only	1000.0	0.15057087878970515	jbcb-readout-withholding-20261007-v1|Valdeolivas|SN048_A416371_Rep2|M3_spatial_leiden|6|seed_37|block_matched	1000.0	False
Valdeolivas	A551763	SN123_A551763_Rep1	allowed	M0_expr_kmeans	4	seed_11	success		not_evaluable	full_band_support_below_threshold	691	3	52	2	-0.4509950860396974	0.35608857166648644	30	2	12	2	2.0	4.0	False	-0.28885698701045515	0.16213809902924226	0.45533081354012467	0.5769230769230769	1.0	0.30201342281879195				4								False
Valdeolivas	A551763	SN123_A551763_Rep1	allowed	M0_expr_kmeans	4	seed_23	success		not_evaluable	full_band_support_below_threshold	691	3	52	2	-0.4509950860396974	0.35608857166648644	30	2	12	2	2.0	4.0	False	-0.28885698701045515	0.16213809902924226	0.45533081354012467	0.5769230769230769	1.0	0.30201342281879195				4								False
Valdeolivas	A551763	SN123_A551763_Rep1	allowed	M0_expr_kmeans	4	seed_37	success		not_evaluable	full_band_support_below_threshold	691	3	52	2	-0.4509950860396974	0.35608857166648644	30	2	12	2	2.0	1.0	False	-0.28885698701045515	0.16213809902924226	0.45533081354012467	0.5769230769230769	1.0	0.30201342281879195				4								False
Valdeolivas	A551763	SN123_A551763_Rep1	allowed	M0_expr_kmeans	6	seed_11	success		not_evaluable	full_band_support_below_threshold	691	3	52	2	-0.4509950860396974	0.35608857166648644	25	2	11	2	2.0	1.0	False	-0.2692885339799953	0.1817065520597021	0.5102847058789883	0.4807692307692308	1.0	0.3939393939393939				6								False
Valdeolivas	A551763	SN123_A551763_Rep1	allowed	M0_expr_kmeans	6	seed_23	success		not_evaluable	full_band_support_below_threshold	691	3	52	2	-0.4509950860396974	0.35608857166648644	26	2	11	2	2.0	5.0	False	-0.2711893434073488	0.1798057426323486	0.5049466816383963	0.5	1.0	0.3883495145631068				6								False
Valdeolivas	A551763	SN123_A551763_Rep1	allowed	M0_expr_kmeans	6	seed_37	success		not_evaluable	full_band_support_below_threshold	691	3	52	2	-0.4509950860396974	0.35608857166648644	30	2	12	2	4.0	3.0	False	-0.28885698701045515	0.16213809902924226	0.45533081354012467	0.5769230769230769	1.0	0.3284671532846715				6								False
Valdeolivas	A551763	SN123_A551763_Rep1	allowed	M1_spatial_concat_kmeans	4	seed_11	success		not_evaluable	full_band_support_below_threshold	691	3	52	2	-0.4509950860396974	0.35608857166648644	30	2	12	2	3.0	2.0	False	-0.28885698701045515	0.16213809902924226	0.45533081354012467	0.5769230769230769	1.0	0.30612244897959184				4								False
Valdeolivas	A551763	SN123_A551763_Rep1	allowed	M1_spatial_concat_kmeans	4	seed_23	success		not_evaluable	full_band_support_below_threshold	691	3	52	2	-0.4509950860396974	0.35608857166648644	30	2	12	2	1.0	2.0	False	-0.28885698701045515	0.16213809902924226	0.45533081354012467	0.5769230769230769	1.0	0.30612244897959184				4								False
Valdeolivas	A551763	SN123_A551763_Rep1	allowed	M1_spatial_concat_kmeans	4	seed_37	success		not_evaluable	full_band_support_below_threshold	691	3	52	2	-0.4509950860396974	0.35608857166648644	30	2	12	2	2.0	1.0	False	-0.28885698701045515	0.16213809902924226	0.45533081354012467	0.5769230769230769	1.0	0.30612244897959184				4								False
Valdeolivas	A551763	SN123_A551763_Rep1	allowed	M1_spatial_concat_kmeans	6	seed_11	success		not_evaluable	full_band_support_below_threshold	691	3	52	2	-0.4509950860396974	0.35608857166648644	26	2	11	2	4.0	6.0	False	-0.2711893434073488	0.1798057426323486	0.5049466816383963	0.5	1.0	0.4				6								False
Valdeolivas	A551763	SN123_A551763_Rep1	allowed	M1_spatial_concat_kmeans	6	seed_23	success		not_evaluable	full_band_support_below_threshold	691	3	52	2	-0.4509950860396974	0.35608857166648644	26	2	11	2	2.0	5.0	False	-0.2711893434073488	0.1798057426323486	0.5049466816383963	0.5	1.0	0.41237113402061853				6								False
Valdeolivas	A551763	SN123_A551763_Rep1	allowed	M1_spatial_concat_kmeans	6	seed_37	success		not_evaluable	full_band_support_below_threshold	691	3	52	2	-0.4509950860396974	0.35608857166648644	30	2	12	2	2.0	6.0	False	-0.28885698701045515	0.16213809902924226	0.45533081354012467	0.5769230769230769	1.0	0.3191489361702128				6								False
Valdeolivas	A551763	SN123_A551763_Rep1	allowed	M2_spatial_ward	4	neighbors_4	success		not_evaluable	full_band_support_below_threshold	691	3	52	2	-0.4509950860396974	0.35608857166648644	17	0	9	0	1.0	2.0	False				0.3269230769230769	0.0	0.16666666666666666				4								False
Valdeolivas	A551763	SN123_A551763_Rep1	allowed	M2_spatial_ward	4	neighbors_6	success		not_evaluable	full_band_support_below_threshold	691	3	52	2	-0.4509950860396974	0.35608857166648644	4	0	3	0	2.0	3.0	False				0.07692307692307693	0.0	0.21428571428571427				4								False
Valdeolivas	A551763	SN123_A551763_Rep1	allowed	M2_spatial_ward	4	neighbors_8	success		not_evaluable	full_band_support_below_threshold	691	3	52	2	-0.4509950860396974	0.35608857166648644	7	2	3	2	1.0	3.0	False	0.003966788904729013	0.4549618749444264	1.2776649158247768	0.1346153846153846	1.0	0.6086956521739131				4								False
Valdeolivas	A551763	SN123_A551763_Rep1	allowed	M2_spatial_ward	6	neighbors_4	success		not_evaluable	full_band_support_below_threshold	691	3	52	2	-0.4509950860396974	0.35608857166648644	16	2	5	2	6.0	2.0	False	-0.273980868856354	0.17701421718334343	0.49710726843863845	0.3076923076923077	1.0	0.22429906542056074				6								False
Valdeolivas	A551763	SN123_A551763_Rep1	allowed	M2_spatial_ward	6	neighbors_6	success		not_evaluable	full_band_support_below_threshold	691	3	52	2	-0.4509950860396974	0.35608857166648644	7	2	3	2	4.0	3.0	False	0.003966788904729013	0.4549618749444264	1.2776649158247768	0.1346153846153846	1.0	0.6666666666666666				6								False
Valdeolivas	A551763	SN123_A551763_Rep1	allowed	M2_spatial_ward	6	neighbors_8	success		not_evaluable	full_band_support_below_threshold	691	3	52	2	-0.4509950860396974	0.35608857166648644	7	2	3	2	1.0	6.0	False	0.003966788904729013	0.4549618749444264	1.2776649158247768	0.1346153846153846	1.0	0.6086956521739131				6								False
Valdeolivas	A551763	SN123_A551763_Rep1	allowed	M3_spatial_leiden	4	seed_11	success		not_evaluable	full_band_support_below_threshold	691	3	52	2	-0.4509950860396974	0.35608857166648644	14	0	7	0	2.0	3.0	False				0.2692307692307692	0.0	0.11194029850746269				4	0.2							False
Valdeolivas	A551763	SN123_A551763_Rep1	allowed	M3_spatial_leiden	4	seed_23	success		not_evaluable	full_band_support_below_threshold	691	3	52	2	-0.4509950860396974	0.35608857166648644	17	0	5	0	1.0	2.0	False				0.3269230769230769	0.0	0.10294117647058823				4	0.14142135623730953							False
Valdeolivas	A551763	SN123_A551763_Rep1	allowed	M3_spatial_leiden	4	seed_37	success		not_evaluable	full_band_support_below_threshold	691	3	52	2	-0.4509950860396974	0.35608857166648644	7	0	1	0	2.0	4.0	False				0.1346153846153846	0.0	0.1				4	0.14142135623730953							False
Valdeolivas	A551763	SN123_A551763_Rep1	allowed	M3_spatial_leiden	6	seed_11	success		not_evaluable	full_band_support_below_threshold	691	3	52	2	-0.4509950860396974	0.35608857166648644	5	0	4	0	3.0	6.0	False				0.09615384615384616	0.0	0.1206896551724138				6	0.25148668593658713							False
Valdeolivas	A551763	SN123_A551763_Rep1	allowed	M3_spatial_leiden	6	seed_23	success		not_evaluable	full_band_support_below_threshold	691	3	52	2	-0.4509950860396974	0.35608857166648644	18	2	7	2	6.0	4.0	False	-0.3296962890684446	0.12129879697125279	0.3406422070879084	0.34615384615384615	1.0	0.24761904761904763				6	0.2							False
Valdeolivas	A551763	SN123_A551763_Rep1	allowed	M3_spatial_leiden	6	seed_37	success		not_evaluable	full_band_support_below_threshold	691	3	52	2	-0.4509950860396974	0.35608857166648644	14	2	7	2	6.0	5.0	False	-0.32690476361943943	0.12409032242025797	0.34848162028766627	0.2692307692307692	1.0	0.21782178217821782				6	0.2							False
Valdeolivas	A551763	SN123_A551763_Rep1	withheld	M0_expr_kmeans	4	seed_11	success		not_evaluable	full_band_support_below_threshold	691	0	52	2	-0.4509950860396974	0.35608857166648644	30	2	12	2	3.0	4.0	False	-0.28885698701045515	0.16213809902924226	0.45533081354012467	0.5769230769230769	1.0	0.30201342281879195				4								False
Valdeolivas	A551763	SN123_A551763_Rep1	withheld	M0_expr_kmeans	4	seed_23	success		not_evaluable	full_band_support_below_threshold	691	0	52	2	-0.4509950860396974	0.35608857166648644	30	2	12	2	4.0	3.0	False	-0.28885698701045515	0.16213809902924226	0.45533081354012467	0.5769230769230769	1.0	0.3				4								False
Valdeolivas	A551763	SN123_A551763_Rep1	withheld	M0_expr_kmeans	4	seed_37	success		not_evaluable	full_band_support_below_threshold	691	0	52	2	-0.4509950860396974	0.35608857166648644	30	2	12	2	4.0	1.0	False	-0.28885698701045515	0.16213809902924226	0.45533081354012467	0.5769230769230769	1.0	0.3				4								False
Valdeolivas	A551763	SN123_A551763_Rep1	withheld	M0_expr_kmeans	6	seed_11	success		not_evaluable	full_band_support_below_threshold	691	0	52	2	-0.4509950860396974	0.35608857166648644	26	2	11	2	4.0	6.0	False	-0.2711893434073488	0.1798057426323486	0.5049466816383963	0.5	1.0	0.39215686274509803				6								False
Valdeolivas	A551763	SN123_A551763_Rep1	withheld	M0_expr_kmeans	6	seed_23	success		not_evaluable	full_band_support_below_threshold	691	0	52	2	-0.4509950860396974	0.35608857166648644	30	2	12	2	5.0	2.0	False	-0.28885698701045515	0.16213809902924226	0.45533081354012467	0.5769230769230769	1.0	0.31690140845070425				6								False
Valdeolivas	A551763	SN123_A551763_Rep1	withheld	M0_expr_kmeans	6	seed_37	success		not_evaluable	full_band_support_below_threshold	691	0	52	2	-0.4509950860396974	0.35608857166648644	26	2	11	2	2.0	6.0	False	-0.2711893434073488	0.1798057426323486	0.5049466816383963	0.5	1.0	0.38461538461538464				6								False
Valdeolivas	A551763	SN123_A551763_Rep1	withheld	M1_spatial_concat_kmeans	4	seed_11	success		not_evaluable	full_band_support_below_threshold	691	0	52	2	-0.4509950860396974	0.35608857166648644	30	2	12	2	3.0	4.0	False	-0.28885698701045515	0.16213809902924226	0.45533081354012467	0.5769230769230769	1.0	0.30201342281879195				4								False
Valdeolivas	A551763	SN123_A551763_Rep1	withheld	M1_spatial_concat_kmeans	4	seed_23	success		not_evaluable	full_band_support_below_threshold	691	0	52	2	-0.4509950860396974	0.35608857166648644	30	2	12	2	4.0	3.0	False	-0.28885698701045515	0.16213809902924226	0.45533081354012467	0.5769230769230769	1.0	0.3				4								False
Valdeolivas	A551763	SN123_A551763_Rep1	withheld	M1_spatial_concat_kmeans	4	seed_37	success		not_evaluable	full_band_support_below_threshold	691	0	52	2	-0.4509950860396974	0.35608857166648644	30	2	12	2	1.0	4.0	False	-0.28885698701045515	0.16213809902924226	0.45533081354012467	0.5769230769230769	1.0	0.30201342281879195				4								False
Valdeolivas	A551763	SN123_A551763_Rep1	withheld	M1_spatial_concat_kmeans	6	seed_11	success		not_evaluable	full_band_support_below_threshold	691	0	52	2	-0.4509950860396974	0.35608857166648644	26	2	11	2	4.0	6.0	False	-0.2711893434073488	0.1798057426323486	0.5049466816383963	0.5	1.0	0.39215686274509803				6								False
Valdeolivas	A551763	SN123_A551763_Rep1	withheld	M1_spatial_concat_kmeans	6	seed_23	success		not_evaluable	full_band_support_below_threshold	691	0	52	2	-0.4509950860396974	0.35608857166648644	26	2	11	2	1.0	2.0	False	-0.2711893434073488	0.1798057426323486	0.5049466816383963	0.5	1.0	0.38461538461538464				6								False
Valdeolivas	A551763	SN123_A551763_Rep1	withheld	M1_spatial_concat_kmeans	6	seed_37	success		not_evaluable	full_band_support_below_threshold	691	0	52	2	-0.4509950860396974	0.35608857166648644	30	2	12	2	4.0	2.0	False	-0.28885698701045515	0.16213809902924226	0.45533081354012467	0.5769230769230769	1.0	0.3146853146853147				6								False
Valdeolivas	A551763	SN123_A551763_Rep1	withheld	M2_spatial_ward	4	neighbors_4	success		not_evaluable	full_band_support_below_threshold	691	0	52	2	-0.4509950860396974	0.35608857166648644	17	0	9	0	1.0	2.0	False				0.3269230769230769	0.0	0.1693548387096774				4								False
Valdeolivas	A551763	SN123_A551763_Rep1	withheld	M2_spatial_ward	4	neighbors_6	success		not_evaluable	full_band_support_below_threshold	691	0	52	2	-0.4509950860396974	0.35608857166648644	7	2	3	2	2.0	4.0	False	0.003966788904729013	0.4549618749444264	1.2776649158247768	0.1346153846153846	1.0	0.6666666666666666				4								False
Valdeolivas	A551763	SN123_A551763_Rep1	withheld	M2_spatial_ward	4	neighbors_8	success		not_evaluable	full_band_support_below_threshold	691	0	52	2	-0.4509950860396974	0.35608857166648644	7	2	3	2	1.0	4.0	False	0.003966788904729013	0.4549618749444264	1.2776649158247768	0.1346153846153846	1.0	0.6363636363636364				4								False
Valdeolivas	A551763	SN123_A551763_Rep1	withheld	M2_spatial_ward	6	neighbors_4	success		not_evaluable	full_band_support_below_threshold	691	0	52	2	-0.4509950860396974	0.35608857166648644	16	2	5	2	3.0	2.0	False	-0.273980868856354	0.17701421718334343	0.49710726843863845	0.3076923076923077	1.0	0.22857142857142856				6								False
Valdeolivas	A551763	SN123_A551763_Rep1	withheld	M2_spatial_ward	6	neighbors_6	success		not_evaluable	full_band_support_below_threshold	691	0	52	2	-0.4509950860396974	0.35608857166648644	7	2	3	2	1.0	4.0	False	0.003966788904729013	0.4549618749444264	1.2776649158247768	0.1346153846153846	1.0	0.6666666666666666				6								False
Valdeolivas	A551763	SN123_A551763_Rep1	withheld	M2_spatial_ward	6	neighbors_8	success		not_evaluable	full_band_support_below_threshold	691	0	52	2	-0.4509950860396974	0.35608857166648644	7	2	3	2	3.0	4.0	False	0.003966788904729013	0.4549618749444264	1.2776649158247768	0.1346153846153846	1.0	0.6363636363636364				6								False
Valdeolivas	A551763	SN123_A551763_Rep1	withheld	M3_spatial_leiden	4	seed_11	success		not_evaluable	full_band_support_below_threshold	691	0	52	2	-0.4509950860396974	0.35608857166648644	18	2	7	2	4.0	2.0	False	-0.2711893434073488	0.1798057426323486	0.5049466816383963	0.34615384615384615	1.0	0.13705583756345177				4	0.14142135623730953							False
Valdeolivas	A551763	SN123_A551763_Rep1	withheld	M3_spatial_leiden	4	seed_23	success		not_evaluable	full_band_support_below_threshold	691	0	52	2	-0.4509950860396974	0.35608857166648644	7	0	1	0	3.0	4.0	False				0.1346153846153846	0.0	0.11392405063291139				4	0.14142135623730953							False
Valdeolivas	A551763	SN123_A551763_Rep1	withheld	M3_spatial_leiden	4	seed_37	success		not_evaluable	full_band_support_below_threshold	691	0	52	2	-0.4509950860396974	0.35608857166648644	22	2	9	2	3.0	2.0	False	-0.34230360567779683	0.10869148036190057	0.30523720503926005	0.4230769230769231	1.0	0.1724137931034483				4	0.14142135623730953							False
Valdeolivas	A551763	SN123_A551763_Rep1	withheld	M3_spatial_leiden	6	seed_11	success		not_evaluable	full_band_support_below_threshold	691	0	52	2	-0.4509950860396974	0.35608857166648644	18	2	7	2	2.0	3.0	False	-0.3296962890684446	0.12129879697125279	0.3406422070879084	0.34615384615384615	1.0	0.23008849557522124				6	0.22427067839402776							False
Valdeolivas	A551763	SN123_A551763_Rep1	withheld	M3_spatial_leiden	6	seed_23	success		not_evaluable	full_band_support_below_threshold	691	0	52	2	-0.4509950860396974	0.35608857166648644	14	0	5	0	2.0	3.0	False				0.2692307692307692	0.0	0.1557377049180328				6	0.31622776601683794							False
Valdeolivas	A551763	SN123_A551763_Rep1	withheld	M3_spatial_leiden	6	seed_37	success		not_evaluable	full_band_support_below_threshold	691	0	52	2	-0.4509950860396974	0.35608857166648644	15	2	7	2	6.0	4.0	False	-0.38452099325888356	0.06647409278081384	0.1866785346963442	0.28846153846153844	1.0	0.2169811320754717				6	0.25148668593658713							False
Valdeolivas	A595688	SN123_A595688_Rep1	allowed	M0_expr_kmeans	4	seed_11	success		success		1192	2	67	75	0.08856802678396214	0.22833920064324786	61	24	15	12	1.0	4.0	False	-0.08875926220356378	0.17732728898752592	0.7765959085780377	0.9104477611940298	0.32	0.492	0.5111105783936306	0.4455113135199849		4		0.06062070807681624	jbcb-readout-withholding-20261007-v1|Valdeolivas|SN123_A595688_Rep1|M0_expr_kmeans|4|seed_11|count_only	1000.0	0.07559959178084918	jbcb-readout-withholding-20261007-v1|Valdeolivas|SN123_A595688_Rep1|M0_expr_kmeans|4|seed_11|block_matched	1000.0	True
Valdeolivas	A595688	SN123_A595688_Rep1	allowed	M0_expr_kmeans	4	seed_23	success		success		1192	2	67	75	0.08856802678396214	0.22833920064324786	61	24	15	12	4.0	3.0	False	-0.08875926220356378	0.17732728898752592	0.7765959085780377	0.9104477611940298	0.32	0.492	0.5267298174549296	0.4455113135199849		4		0.05705422351490341	jbcb-readout-withholding-20261007-v1|Valdeolivas|SN123_A595688_Rep1|M0_expr_kmeans|4|seed_23|count_only	1000.0	0.07559959178084918	jbcb-readout-withholding-20261007-v1|Valdeolivas|SN123_A595688_Rep1|M0_expr_kmeans|4|seed_23|block_matched	1000.0	True
Valdeolivas	A595688	SN123_A595688_Rep1	allowed	M0_expr_kmeans	4	seed_37	success		success		1192	2	67	75	0.08856802678396214	0.22833920064324786	61	24	15	12	1.0	3.0	False	-0.08875926220356378	0.17732728898752592	0.7765959085780377	0.9104477611940298	0.32	0.4880952380952381	0.4900380084381373	0.4455113135199849		4		0.0654324018559525	jbcb-readout-withholding-20261007-v1|Valdeolivas|SN123_A595688_Rep1|M0_expr_kmeans|4|seed_37|count_only	1000.0	0.07559959178084918	jbcb-readout-withholding-20261007-v1|Valdeolivas|SN123_A595688_Rep1|M0_expr_kmeans|4|seed_37|block_matched	1000.0	True
Valdeolivas	A595688	SN123_A595688_Rep1	allowed	M0_expr_kmeans	6	seed_11	success		not_evaluable	selected_band_support_below_threshold	1192	2	67	75	0.08856802678396214	0.22833920064324786	37	10	11	8	3.0	4.0	False	-0.2684109077628134	0.35697893454677554	1.563371219401401	0.5522388059701493	0.13333333333333333	0.4533333333333333				6								False
Valdeolivas	A595688	SN123_A595688_Rep1	allowed	M0_expr_kmeans	6	seed_23	success		not_evaluable	selected_band_support_below_threshold	1192	2	67	75	0.08856802678396214	0.22833920064324786	37	10	11	8	1.0	5.0	False	-0.2684109077628134	0.35697893454677554	1.563371219401401	0.5522388059701493	0.13333333333333333	0.4533333333333333				6								False
Valdeolivas	A595688	SN123_A595688_Rep1	allowed	M0_expr_kmeans	6	seed_37	success		not_evaluable	selected_band_support_below_threshold	1192	2	67	75	0.08856802678396214	0.22833920064324786	37	10	11	8	6.0	3.0	False	-0.2684109077628134	0.35697893454677554	1.563371219401401	0.5522388059701493	0.13333333333333333	0.4444444444444444				6								False
Valdeolivas	A595688	SN123_A595688_Rep1	allowed	M1_spatial_concat_kmeans	4	seed_11	success		success		1192	2	67	75	0.08856802678396214	0.22833920064324786	61	25	15	12	4.0	1.0	False	-0.03437071765197075	0.12293874443593289	0.5384040238802871	0.9104477611940298	0.3333333333333333	0.4883720930232558	0.2955224982542347	0.2683157954153526		4		0.05545937341246532	jbcb-readout-withholding-20261007-v1|Valdeolivas|SN123_A595688_Rep1|M1_spatial_concat_kmeans|4|seed_11|count_only	1000.0	0.06167173019083405	jbcb-readout-withholding-20261007-v1|Valdeolivas|SN123_A595688_Rep1|M1_spatial_concat_kmeans|4|seed_11|block_matched	1000.0	True
Valdeolivas	A595688	SN123_A595688_Rep1	allowed	M1_spatial_concat_kmeans	4	seed_23	success		success		1192	2	67	75	0.08856802678396214	0.22833920064324786	61	25	15	12	4.0	2.0	False	-0.03437071765197075	0.12293874443593289	0.5384040238802871	0.9104477611940298	0.3333333333333333	0.4883720930232558	0.2855739489626776	0.2691546077107268		4		0.057731017205259416	jbcb-readout-withholding-20261007-v1|Valdeolivas|SN123_A595688_Rep1|M1_spatial_concat_kmeans|4|seed_23|count_only	1000.0	0.06148019646181857	jbcb-readout-withholding-20261007-v1|Valdeolivas|SN123_A595688_Rep1|M1_spatial_concat_kmeans|4|seed_23|block_matched	1000.0	True
Valdeolivas	A595688	SN123_A595688_Rep1	allowed	M1_spatial_concat_kmeans	4	seed_37	success		success		1192	2	67	75	0.08856802678396214	0.22833920064324786	61	25	15	12	1.0	4.0	False	-0.03437071765197075	0.12293874443593289	0.5384040238802871	0.9104477611940298	0.3333333333333333	0.4883720930232558	0.2683157954153526	0.2683157954153526		4		0.06167173019083405	jbcb-readout-withholding-20261007-v1|Valdeolivas|SN123_A595688_Rep1|M1_spatial_concat_kmeans|4|seed_37|count_only	1000.0	0.06167173019083405	jbcb-readout-withholding-20261007-v1|Valdeolivas|SN123_A595688_Rep1|M1_spatial_concat_kmeans|4|seed_37|block_matched	1000.0	True
Valdeolivas	A595688	SN123_A595688_Rep1	allowed	M1_spatial_concat_kmeans	6	seed_11	success		not_evaluable	selected_band_support_below_threshold	1192	2	67	75	0.08856802678396214	0.22833920064324786	37	10	11	8	6.0	2.0	False	-0.2684109077628134	0.35697893454677554	1.563371219401401	0.5522388059701493	0.13333333333333333	0.4533333333333333				6								False
Valdeolivas	A595688	SN123_A595688_Rep1	allowed	M1_spatial_concat_kmeans	6	seed_23	success		not_evaluable	selected_band_support_below_threshold	1192	2	67	75	0.08856802678396214	0.22833920064324786	37	10	11	8	1.0	5.0	False	-0.2684109077628134	0.35697893454677554	1.563371219401401	0.5522388059701493	0.13333333333333333	0.4533333333333333				6								False
Valdeolivas	A595688	SN123_A595688_Rep1	allowed	M1_spatial_concat_kmeans	6	seed_37	success		not_evaluable	selected_band_support_below_threshold	1192	2	67	75	0.08856802678396214	0.22833920064324786	37	10	11	8	1.0	4.0	False	-0.2684109077628134	0.35697893454677554	1.563371219401401	0.5522388059701493	0.13333333333333333	0.4444444444444444				6								False
Valdeolivas	A595688	SN123_A595688_Rep1	allowed	M2_spatial_ward	4	neighbors_4	success		not_evaluable	selected_band_support_below_threshold	1192	2	67	75	0.08856802678396214	0.22833920064324786	4	34	2	7	1.0	3.0	False	0.28181998503901373	0.1932519582550516	0.8463371935727505	0.05970149253731343	0.4533333333333333	0.3567251461988304			the number of connected components of the connectivity matrix is 2 > 1. Completing it to avoid stopping the tree early.	4								False
Valdeolivas	A595688	SN123_A595688_Rep1	allowed	M2_spatial_ward	4	neighbors_6	success		not_evaluable	selected_band_support_below_threshold	1192	2	67	75	0.08856802678396214	0.22833920064324786	0	34	0	7	1.0	3.0	False				0.0	0.4533333333333333	0.3273809523809524				4								False
Valdeolivas	A595688	SN123_A595688_Rep1	allowed	M2_spatial_ward	4	neighbors_8	success		not_evaluable	selected_band_support_below_threshold	1192	2	67	75	0.08856802678396214	0.22833920064324786	0	38	0	7	1.0	3.0	False				0.0	0.5066666666666667	0.38271604938271603				4								False
Valdeolivas	A595688	SN123_A595688_Rep1	allowed	M2_spatial_ward	6	neighbors_4	success		not_evaluable	selected_band_support_below_threshold	1192	2	67	75	0.08856802678396214	0.22833920064324786	4	34	2	7	5.0	3.0	False	0.28181998503901373	0.1932519582550516	0.8463371935727505	0.05970149253731343	0.4533333333333333	0.3567251461988304			the number of connected components of the connectivity matrix is 2 > 1. Completing it to avoid stopping the tree early.	6								False
Valdeolivas	A595688	SN123_A595688_Rep1	allowed	M2_spatial_ward	6	neighbors_6	success		not_evaluable	selected_band_support_below_threshold	1192	2	67	75	0.08856802678396214	0.22833920064324786	12	4	4	3	5.0	6.0	False	-0.1963934992624896	0.28496152604645175	1.2479746151501572	0.1791044776119403	0.05333333333333334	0.3384615384615385				6								False
Valdeolivas	A595688	SN123_A595688_Rep1	allowed	M2_spatial_ward	6	neighbors_8	success		not_evaluable	selected_band_support_below_threshold	1192	2	67	75	0.08856802678396214	0.22833920064324786	0	38	0	7	6.0	3.0	False				0.0	0.5066666666666667	0.38271604938271603				6								False
Valdeolivas	A595688	SN123_A595688_Rep1	allowed	M3_spatial_leiden	4	seed_11	success		not_evaluable	selected_band_support_below_threshold	1192	2	67	75	0.08856802678396214	0.22833920064324786	16	40	6	8	1.0	2.0	False	-0.017807478789368503	0.10637550557333064	0.46586615558635236	0.23880597014925373	0.5333333333333333	0.2222222222222222				4	0.09170040432046712							False
Valdeolivas	A595688	SN123_A595688_Rep1	allowed	M3_spatial_leiden	4	seed_23	success		success		1192	2	67	75	0.08856802678396214	0.22833920064324786	51	29	12	11	3.0	1.0	False	0.02848087937745447	0.06008714740650767	0.26314862816913553	0.7611940298507462	0.38666666666666666	0.20035149384885764	0.04175302663531761	0.0		4	0.09170040432046712	0.05055329468016301	jbcb-readout-withholding-20261007-v1|Valdeolivas|SN123_A595688_Rep1|M3_spatial_leiden|4|seed_23|count_only	1000.0	0.06008714740650767	jbcb-readout-withholding-20261007-v1|Valdeolivas|SN123_A595688_Rep1|M3_spatial_leiden|4|seed_23|block_matched	1000.0	False
Valdeolivas	A595688	SN123_A595688_Rep1	allowed	M3_spatial_leiden	4	seed_37	success		not_evaluable	selected_band_support_below_threshold	1192	2	67	75	0.08856802678396214	0.22833920064324786	14	10	5	3	2.0	3.0	False	0.07580385054377137	0.012764176240190772	0.055900065359925824	0.208955223880597	0.13333333333333333	0.2698412698412698				4	0.1							False
Valdeolivas	A595688	SN123_A595688_Rep1	allowed	M3_spatial_leiden	6	seed_11	success		success		1192	2	67	75	0.08856802678396214	0.22833920064324786	24	24	7	6	3.0	4.0	False	0.1340802249545785	0.04551219817061636	0.19931837390340879	0.3582089552238806	0.32	0.3286384976525822	-0.1058433368708527	-0.09524371516177366		6	0.2	0.06968038110512087	jbcb-readout-withholding-20261007-v1|Valdeolivas|SN123_A595688_Rep1|M3_spatial_leiden|6|seed_11|count_only	1000.0	0.06726007195694894	jbcb-readout-withholding-20261007-v1|Valdeolivas|SN123_A595688_Rep1|M3_spatial_leiden|6|seed_11|block_matched	1000.0	False
Valdeolivas	A595688	SN123_A595688_Rep1	allowed	M3_spatial_leiden	6	seed_23	success		success		1192	2	67	75	0.08856802678396214	0.22833920064324786	32	29	9	7	4.0	3.0	False	-0.021868424717064405	0.11043645150102654	0.483650863232941	0.47761194029850745	0.38666666666666666	0.35546875	0.22922527433067474	0.0		6	0.23748913588217924	0.05809533559313107	jbcb-readout-withholding-20261007-v1|Valdeolivas|SN123_A595688_Rep1|M3_spatial_leiden|6|seed_23|count_only	1000.0	0.11043645150102654	jbcb-readout-withholding-20261007-v1|Valdeolivas|SN123_A595688_Rep1|M3_spatial_leiden|6|seed_23|block_matched	1000.0	True
Valdeolivas	A595688	SN123_A595688_Rep1	allowed	M3_spatial_leiden	6	seed_37	success		success		1192	2	67	75	0.08856802678396214	0.22833920064324786	31	30	8	7	1.0	3.0	False	-0.026988356965173654	0.1155563837491358	0.5060733479998406	0.4626865671641791	0.4	0.39655172413793105	0.243607243110802	0.04790945245803073		6	0.2	0.05993130058630991	jbcb-readout-withholding-20261007-v1|Valdeolivas|SN123_A595688_Rep1|M3_spatial_leiden|6|seed_37|count_only	1000.0	0.10461677767161337	jbcb-readout-withholding-20261007-v1|Valdeolivas|SN123_A595688_Rep1|M3_spatial_leiden|6|seed_37|block_matched	1000.0	False
Valdeolivas	A595688	SN123_A595688_Rep1	withheld	M0_expr_kmeans	4	seed_11	success		success		1192	0	67	75	0.08856802678396214	0.22833920064324786	61	23	15	12	1.0	4.0	False	-0.03437071765197075	0.12293874443593289	0.5384040238802871	0.9104477611940298	0.30666666666666664	0.4939271255060729	0.25910776724341106	0.2538116843574461		4		0.06377428398311569	jbcb-readout-withholding-20261007-v1|Valdeolivas|SN123_A595688_Rep1|M0_expr_kmeans|4|seed_11|count_only	1000.0	0.06498358731583731	jbcb-readout-withholding-20261007-v1|Valdeolivas|SN123_A595688_Rep1|M0_expr_kmeans|4|seed_11|block_matched	1000.0	True
Valdeolivas	A595688	SN123_A595688_Rep1	withheld	M0_expr_kmeans	4	seed_23	success		success		1192	0	67	75	0.08856802678396214	0.22833920064324786	61	23	15	12	4.0	3.0	False	-0.03437071765197075	0.12293874443593289	0.5384040238802871	0.9104477611940298	0.30666666666666664	0.4939271255060729	0.2691546077107268	0.2538116843574461		4		0.06148019646181857	jbcb-readout-withholding-20261007-v1|Valdeolivas|SN123_A595688_Rep1|M0_expr_kmeans|4|seed_23|count_only	1000.0	0.06498358731583731	jbcb-readout-withholding-20261007-v1|Valdeolivas|SN123_A595688_Rep1|M0_expr_kmeans|4|seed_23|block_matched	1000.0	True
Valdeolivas	A595688	SN123_A595688_Rep1	withheld	M0_expr_kmeans	4	seed_37	success		success		1192	0	67	75	0.08856802678396214	0.22833920064324786	61	23	15	12	3.0	4.0	False	-0.03437071765197075	0.12293874443593289	0.5384040238802871	0.9104477611940298	0.30666666666666664	0.4939271255060729	0.2677065075263107	0.2538116843574461		4		0.061810854500379486	jbcb-readout-withholding-20261007-v1|Valdeolivas|SN123_A595688_Rep1|M0_expr_kmeans|4|seed_37|count_only	1000.0	0.06498358731583731	jbcb-readout-withholding-20261007-v1|Valdeolivas|SN123_A595688_Rep1|M0_expr_kmeans|4|seed_37|block_matched	1000.0	True
Valdeolivas	A595688	SN123_A595688_Rep1	withheld	M0_expr_kmeans	6	seed_11	success		not_evaluable	selected_band_support_below_threshold	1192	0	67	75	0.08856802678396214	0.22833920064324786	37	10	11	8	5.0	6.0	False	-0.2684109077628134	0.35697893454677554	1.563371219401401	0.5522388059701493	0.13333333333333333	0.4533333333333333				6								False
Valdeolivas	A595688	SN123_A595688_Rep1	withheld	M0_expr_kmeans	6	seed_23	success		not_evaluable	selected_band_support_below_threshold	1192	0	67	75	0.08856802678396214	0.22833920064324786	37	10	11	8	5.0	3.0	False	-0.2684109077628134	0.35697893454677554	1.563371219401401	0.5522388059701493	0.13333333333333333	0.4533333333333333				6								False
Valdeolivas	A595688	SN123_A595688_Rep1	withheld	M0_expr_kmeans	6	seed_37	success		not_evaluable	selected_band_support_below_threshold	1192	0	67	75	0.08856802678396214	0.22833920064324786	37	10	11	8	1.0	6.0	False	-0.2684109077628134	0.35697893454677554	1.563371219401401	0.5522388059701493	0.13333333333333333	0.4533333333333333				6								False
Valdeolivas	A595688	SN123_A595688_Rep1	withheld	M1_spatial_concat_kmeans	4	seed_11	success		success		1192	0	67	75	0.08856802678396214	0.22833920064324786	61	23	15	12	1.0	4.0	False	-0.03437071765197075	0.12293874443593289	0.5384040238802871	0.9104477611940298	0.30666666666666664	0.4939271255060729	0.2683157954153526	0.2538116843574461		4		0.06167173019083405	jbcb-readout-withholding-20261007-v1|Valdeolivas|SN123_A595688_Rep1|M1_spatial_concat_kmeans|4|seed_11|count_only	1000.0	0.06498358731583731	jbcb-readout-withholding-20261007-v1|Valdeolivas|SN123_A595688_Rep1|M1_spatial_concat_kmeans|4|seed_11|block_matched	1000.0	True
Valdeolivas	A595688	SN123_A595688_Rep1	withheld	M1_spatial_concat_kmeans	4	seed_23	success		success		1192	0	67	75	0.08856802678396214	0.22833920064324786	61	23	15	12	3.0	1.0	False	-0.03437071765197075	0.12293874443593289	0.5384040238802871	0.9104477611940298	0.30666666666666664	0.4939271255060729	0.25910776724341106	0.2538116843574461		4		0.06377428398311569	jbcb-readout-withholding-20261007-v1|Valdeolivas|SN123_A595688_Rep1|M1_spatial_concat_kmeans|4|seed_23|count_only	1000.0	0.06498358731583731	jbcb-readout-withholding-20261007-v1|Valdeolivas|SN123_A595688_Rep1|M1_spatial_concat_kmeans|4|seed_23|block_matched	1000.0	True
Valdeolivas	A595688	SN123_A595688_Rep1	withheld	M1_spatial_concat_kmeans	4	seed_37	success		success		1192	0	67	75	0.08856802678396214	0.22833920064324786	61	23	15	12	3.0	4.0	False	-0.03437071765197075	0.12293874443593289	0.5384040238802871	0.9104477611940298	0.30666666666666664	0.4939271255060729	0.2855739489626776	0.24118069217301089		4		0.057731017205259416	jbcb-readout-withholding-20261007-v1|Valdeolivas|SN123_A595688_Rep1|M1_spatial_concat_kmeans|4|seed_37|count_only	1000.0	0.06786773797456236	jbcb-readout-withholding-20261007-v1|Valdeolivas|SN123_A595688_Rep1|M1_spatial_concat_kmeans|4|seed_37|block_matched	1000.0	True
Valdeolivas	A595688	SN123_A595688_Rep1	withheld	M1_spatial_concat_kmeans	6	seed_11	success		not_evaluable	selected_band_support_below_threshold	1192	0	67	75	0.08856802678396214	0.22833920064324786	37	10	11	8	5.0	6.0	False	-0.2684109077628134	0.35697893454677554	1.563371219401401	0.5522388059701493	0.13333333333333333	0.43870967741935485				6								False
Valdeolivas	A595688	SN123_A595688_Rep1	withheld	M1_spatial_concat_kmeans	6	seed_23	success		not_evaluable	selected_band_support_below_threshold	1192	0	67	75	0.08856802678396214	0.22833920064324786	37	10	11	8	3.0	1.0	False	-0.2684109077628134	0.35697893454677554	1.563371219401401	0.5522388059701493	0.13333333333333333	0.4533333333333333				6								False
Valdeolivas	A595688	SN123_A595688_Rep1	withheld	M1_spatial_concat_kmeans	6	seed_37	success		not_evaluable	selected_band_support_below_threshold	1192	0	67	75	0.08856802678396214	0.22833920064324786	37	10	11	8	6.0	5.0	False	-0.2684109077628134	0.35697893454677554	1.563371219401401	0.5522388059701493	0.13333333333333333	0.4533333333333333				6								False
Valdeolivas	A595688	SN123_A595688_Rep1	withheld	M2_spatial_ward	4	neighbors_4	success		not_evaluable	selected_band_support_below_threshold	1192	0	67	75	0.08856802678396214	0.22833920064324786	4	35	2	7	4.0	3.0	False	0.28153715628464726	0.19296912950068512	0.8450985593234858	0.05970149253731343	0.4666666666666667	0.4155844155844156			the number of connected components of the connectivity matrix is 2 > 1. Completing it to avoid stopping the tree early.	4								False
Valdeolivas	A595688	SN123_A595688_Rep1	withheld	M2_spatial_ward	4	neighbors_6	success		not_evaluable	selected_band_support_below_threshold	1192	0	67	75	0.08856802678396214	0.22833920064324786	0	38	0	7	4.0	3.0	False				0.0	0.5066666666666667	0.3563218390804598				4								False
Valdeolivas	A595688	SN123_A595688_Rep1	withheld	M2_spatial_ward	4	neighbors_8	success		not_evaluable	selected_band_support_below_threshold	1192	0	67	75	0.08856802678396214	0.22833920064324786	0	38	0	7	1.0	3.0	False				0.0	0.5066666666666667	0.3712574850299401				4								False
Valdeolivas	A595688	SN123_A595688_Rep1	withheld	M2_spatial_ward	6	neighbors_4	success		not_evaluable	selected_band_support_below_threshold	1192	0	67	75	0.08856802678396214	0.22833920064324786	4	35	2	7	4.0	3.0	False	0.28153715628464726	0.19296912950068512	0.8450985593234858	0.05970149253731343	0.4666666666666667	0.4155844155844156			the number of connected components of the connectivity matrix is 2 > 1. Completing it to avoid stopping the tree early.	6								False
Valdeolivas	A595688	SN123_A595688_Rep1	withheld	M2_spatial_ward	6	neighbors_6	success		not_evaluable	selected_band_support_below_threshold	1192	0	67	75	0.08856802678396214	0.22833920064324786	0	38	0	7	4.0	3.0	False				0.0	0.5066666666666667	0.3563218390804598				6								False
Valdeolivas	A595688	SN123_A595688_Rep1	withheld	M2_spatial_ward	6	neighbors_8	success		not_evaluable	selected_band_support_below_threshold	1192	0	67	75	0.08856802678396214	0.22833920064324786	0	38	0	7	5.0	3.0	False				0.0	0.5066666666666667	0.3712574850299401				6								False
Valdeolivas	A595688	SN123_A595688_Rep1	withheld	M3_spatial_leiden	4	seed_11	success		not_evaluable	selected_band_support_below_threshold	1192	0	67	75	0.08856802678396214	0.22833920064324786	16	32	6	6	1.0	3.0	False	-0.045581826180755236	0.13414985296471738	0.5875025076150203	0.23880597014925373	0.4266666666666667	0.21965317919075145				4	0.1							False
Valdeolivas	A595688	SN123_A595688_Rep1	withheld	M3_spatial_leiden	4	seed_23	success		not_evaluable	selected_band_support_below_threshold	1192	0	67	75	0.08856802678396214	0.22833920064324786	14	11	2	4	1.0	2.0	False	-0.04267616261289775	0.1312441893968599	0.5747773007312613	0.208955223880597	0.14666666666666667	0.11513157894736842				4	0.08408964152537146							False
Valdeolivas	A595688	SN123_A595688_Rep1	withheld	M3_spatial_leiden	4	seed_37	success		not_evaluable	selected_band_support_below_threshold	1192	0	67	75	0.08856802678396214	0.22833920064324786	0	31	0	6	1.0	2.0	False				0.0	0.41333333333333333	0.16451612903225807				4	0.08408964152537146							False
Valdeolivas	A595688	SN123_A595688_Rep1	withheld	M3_spatial_leiden	6	seed_11	success		not_evaluable	selected_band_support_below_threshold	1192	0	67	75	0.08856802678396214	0.22833920064324786	14	22	5	5	3.0	5.0	False	-0.08173621527989217	0.1703042420638543	0.7458388291808637	0.208955223880597	0.29333333333333333	0.3254437869822485				6	0.2							False
Valdeolivas	A595688	SN123_A595688_Rep1	withheld	M3_spatial_leiden	6	seed_23	success		success		1192	0	67	75	0.08856802678396214	0.22833920064324786	38	29	10	7	3.0	1.0	False	-0.03858284701144199	0.12715087379540413	0.5568508317328388	0.5671641791044776	0.38666666666666666	0.303125	0.3540134628272248	0.0731999684998978		6	0.2	0.04631572267648748	jbcb-readout-withholding-20261007-v1|Valdeolivas|SN123_A595688_Rep1|M3_spatial_leiden|6|seed_23|count_only	1000.0	0.11043645150102654	jbcb-readout-withholding-20261007-v1|Valdeolivas|SN123_A595688_Rep1|M3_spatial_leiden|6|seed_23|block_matched	1000.0	True
Valdeolivas	A595688	SN123_A595688_Rep1	withheld	M3_spatial_leiden	6	seed_37	success		not_evaluable	selected_band_support_below_threshold	1192	0	67	75	0.08856802678396214	0.22833920064324786	10	23	5	4	4.0	5.0	False	-0.1981023263082149	0.28667035309217703	1.255458336915458	0.14925373134328357	0.30666666666666664	0.34306569343065696				6	0.2							False
Valdeolivas	A798015	SN123_A798015_Rep1	allowed	M0_expr_kmeans	4	seed_11	success		not_evaluable	annotation_class_absent	1685	4	0	0		0.3085366052359353	0	0	0	0			False										4								False
Valdeolivas	A798015	SN123_A798015_Rep1	allowed	M0_expr_kmeans	4	seed_23	success		not_evaluable	annotation_class_absent	1685	4	0	0		0.3085366052359353	0	0	0	0			False										4								False
Valdeolivas	A798015	SN123_A798015_Rep1	allowed	M0_expr_kmeans	4	seed_37	success		not_evaluable	annotation_class_absent	1685	4	0	0		0.3085366052359353	0	0	0	0			False										4								False
Valdeolivas	A798015	SN123_A798015_Rep1	allowed	M0_expr_kmeans	6	seed_11	success		not_evaluable	annotation_class_absent	1685	4	0	0		0.3085366052359353	0	0	0	0			False										6								False
Valdeolivas	A798015	SN123_A798015_Rep1	allowed	M0_expr_kmeans	6	seed_23	success		not_evaluable	annotation_class_absent	1685	4	0	0		0.3085366052359353	0	0	0	0			False										6								False
Valdeolivas	A798015	SN123_A798015_Rep1	allowed	M0_expr_kmeans	6	seed_37	success		not_evaluable	annotation_class_absent	1685	4	0	0		0.3085366052359353	0	0	0	0			False										6								False
Valdeolivas	A798015	SN123_A798015_Rep1	allowed	M1_spatial_concat_kmeans	4	seed_11	success		not_evaluable	annotation_class_absent	1685	4	0	0		0.3085366052359353	0	0	0	0			False										4								False
Valdeolivas	A798015	SN123_A798015_Rep1	allowed	M1_spatial_concat_kmeans	4	seed_23	success		not_evaluable	annotation_class_absent	1685	4	0	0		0.3085366052359353	0	0	0	0			False										4								False
Valdeolivas	A798015	SN123_A798015_Rep1	allowed	M1_spatial_concat_kmeans	4	seed_37	success		not_evaluable	annotation_class_absent	1685	4	0	0		0.3085366052359353	0	0	0	0			False										4								False
Valdeolivas	A798015	SN123_A798015_Rep1	allowed	M1_spatial_concat_kmeans	6	seed_11	success		not_evaluable	annotation_class_absent	1685	4	0	0		0.3085366052359353	0	0	0	0			False										6								False
Valdeolivas	A798015	SN123_A798015_Rep1	allowed	M1_spatial_concat_kmeans	6	seed_23	success		not_evaluable	annotation_class_absent	1685	4	0	0		0.3085366052359353	0	0	0	0			False										6								False
Valdeolivas	A798015	SN123_A798015_Rep1	allowed	M1_spatial_concat_kmeans	6	seed_37	success		not_evaluable	annotation_class_absent	1685	4	0	0		0.3085366052359353	0	0	0	0			False										6								False
Valdeolivas	A798015	SN123_A798015_Rep1	allowed	M2_spatial_ward	4	neighbors_4	success		not_evaluable	annotation_class_absent	1685	4	0	0		0.3085366052359353	0	0	0	0			False										4								False
Valdeolivas	A798015	SN123_A798015_Rep1	allowed	M2_spatial_ward	4	neighbors_6	success		not_evaluable	annotation_class_absent	1685	4	0	0		0.3085366052359353	0	0	0	0			False										4								False
Valdeolivas	A798015	SN123_A798015_Rep1	allowed	M2_spatial_ward	4	neighbors_8	success		not_evaluable	annotation_class_absent	1685	4	0	0		0.3085366052359353	0	0	0	0			False										4								False
Valdeolivas	A798015	SN123_A798015_Rep1	allowed	M2_spatial_ward	6	neighbors_4	success		not_evaluable	annotation_class_absent	1685	4	0	0		0.3085366052359353	0	0	0	0			False										6								False
Valdeolivas	A798015	SN123_A798015_Rep1	allowed	M2_spatial_ward	6	neighbors_6	success		not_evaluable	annotation_class_absent	1685	4	0	0		0.3085366052359353	0	0	0	0			False										6								False
Valdeolivas	A798015	SN123_A798015_Rep1	allowed	M2_spatial_ward	6	neighbors_8	success		not_evaluable	annotation_class_absent	1685	4	0	0		0.3085366052359353	0	0	0	0			False										6								False
Valdeolivas	A798015	SN123_A798015_Rep1	allowed	M3_spatial_leiden	4	seed_11	success		not_evaluable	annotation_class_absent	1685	4	0	0		0.3085366052359353	0	0	0	0			False										4	0.11892071150027213							False
Valdeolivas	A798015	SN123_A798015_Rep1	allowed	M3_spatial_leiden	4	seed_23	success		not_evaluable	annotation_class_absent	1685	4	0	0		0.3085366052359353	0	0	0	0			False										4	0.1							False
Valdeolivas	A798015	SN123_A798015_Rep1	allowed	M3_spatial_leiden	4	seed_37	success		not_evaluable	annotation_class_absent	1685	4	0	0		0.3085366052359353	0	0	0	0			False										4	0.14142135623730953							False
Valdeolivas	A798015	SN123_A798015_Rep1	allowed	M3_spatial_leiden	6	seed_11	success		not_evaluable	annotation_class_absent	1685	4	0	0		0.3085366052359353	0	0	0	0			False										6	0.17562521603732995							False
Valdeolivas	A798015	SN123_A798015_Rep1	allowed	M3_spatial_leiden	6	seed_23	success		not_evaluable	annotation_class_absent	1685	4	0	0		0.3085366052359353	0	0	0	0			False										6	0.2							False
Valdeolivas	A798015	SN123_A798015_Rep1	allowed	M3_spatial_leiden	6	seed_37	success		not_evaluable	annotation_class_absent	1685	4	0	0		0.3085366052359353	0	0	0	0			False										6	0.22427067839402776							False
Valdeolivas	A798015	SN123_A798015_Rep1	withheld	M0_expr_kmeans	4	seed_11	success		not_evaluable	annotation_class_absent	1685	0	0	0		0.3085366052359353	0	0	0	0			False										4								False
Valdeolivas	A798015	SN123_A798015_Rep1	withheld	M0_expr_kmeans	4	seed_23	success		not_evaluable	annotation_class_absent	1685	0	0	0		0.3085366052359353	0	0	0	0			False										4								False
Valdeolivas	A798015	SN123_A798015_Rep1	withheld	M0_expr_kmeans	4	seed_37	success		not_evaluable	annotation_class_absent	1685	0	0	0		0.3085366052359353	0	0	0	0			False										4								False
Valdeolivas	A798015	SN123_A798015_Rep1	withheld	M0_expr_kmeans	6	seed_11	success		not_evaluable	annotation_class_absent	1685	0	0	0		0.3085366052359353	0	0	0	0			False										6								False
Valdeolivas	A798015	SN123_A798015_Rep1	withheld	M0_expr_kmeans	6	seed_23	success		not_evaluable	annotation_class_absent	1685	0	0	0		0.3085366052359353	0	0	0	0			False										6								False
Valdeolivas	A798015	SN123_A798015_Rep1	withheld	M0_expr_kmeans	6	seed_37	success		not_evaluable	annotation_class_absent	1685	0	0	0		0.3085366052359353	0	0	0	0			False										6								False
Valdeolivas	A798015	SN123_A798015_Rep1	withheld	M1_spatial_concat_kmeans	4	seed_11	success		not_evaluable	annotation_class_absent	1685	0	0	0		0.3085366052359353	0	0	0	0			False										4								False
Valdeolivas	A798015	SN123_A798015_Rep1	withheld	M1_spatial_concat_kmeans	4	seed_23	success		not_evaluable	annotation_class_absent	1685	0	0	0		0.3085366052359353	0	0	0	0			False										4								False
Valdeolivas	A798015	SN123_A798015_Rep1	withheld	M1_spatial_concat_kmeans	4	seed_37	success		not_evaluable	annotation_class_absent	1685	0	0	0		0.3085366052359353	0	0	0	0			False										4								False
Valdeolivas	A798015	SN123_A798015_Rep1	withheld	M1_spatial_concat_kmeans	6	seed_11	success		not_evaluable	annotation_class_absent	1685	0	0	0		0.3085366052359353	0	0	0	0			False										6								False
Valdeolivas	A798015	SN123_A798015_Rep1	withheld	M1_spatial_concat_kmeans	6	seed_23	success		not_evaluable	annotation_class_absent	1685	0	0	0		0.3085366052359353	0	0	0	0			False										6								False
Valdeolivas	A798015	SN123_A798015_Rep1	withheld	M1_spatial_concat_kmeans	6	seed_37	success		not_evaluable	annotation_class_absent	1685	0	0	0		0.3085366052359353	0	0	0	0			False										6								False
Valdeolivas	A798015	SN123_A798015_Rep1	withheld	M2_spatial_ward	4	neighbors_4	success		not_evaluable	annotation_class_absent	1685	0	0	0		0.3085366052359353	0	0	0	0			False										4								False
Valdeolivas	A798015	SN123_A798015_Rep1	withheld	M2_spatial_ward	4	neighbors_6	success		not_evaluable	annotation_class_absent	1685	0	0	0		0.3085366052359353	0	0	0	0			False										4								False
Valdeolivas	A798015	SN123_A798015_Rep1	withheld	M2_spatial_ward	4	neighbors_8	success		not_evaluable	annotation_class_absent	1685	0	0	0		0.3085366052359353	0	0	0	0			False										4								False
Valdeolivas	A798015	SN123_A798015_Rep1	withheld	M2_spatial_ward	6	neighbors_4	success		not_evaluable	annotation_class_absent	1685	0	0	0		0.3085366052359353	0	0	0	0			False										6								False
Valdeolivas	A798015	SN123_A798015_Rep1	withheld	M2_spatial_ward	6	neighbors_6	success		not_evaluable	annotation_class_absent	1685	0	0	0		0.3085366052359353	0	0	0	0			False										6								False
Valdeolivas	A798015	SN123_A798015_Rep1	withheld	M2_spatial_ward	6	neighbors_8	success		not_evaluable	annotation_class_absent	1685	0	0	0		0.3085366052359353	0	0	0	0			False										6								False
Valdeolivas	A798015	SN123_A798015_Rep1	withheld	M3_spatial_leiden	4	seed_11	success		not_evaluable	annotation_class_absent	1685	0	0	0		0.3085366052359353	0	0	0	0			False										4	0.1							False
Valdeolivas	A798015	SN123_A798015_Rep1	withheld	M3_spatial_leiden	4	seed_23	success		not_evaluable	annotation_class_absent	1685	0	0	0		0.3085366052359353	0	0	0	0			False										4	0.1							False
Valdeolivas	A798015	SN123_A798015_Rep1	withheld	M3_spatial_leiden	4	seed_37	success		not_evaluable	annotation_class_absent	1685	0	0	0		0.3085366052359353	0	0	0	0			False										4	0.1							False
Valdeolivas	A798015	SN123_A798015_Rep1	withheld	M3_spatial_leiden	6	seed_11	success		not_evaluable	annotation_class_absent	1685	0	0	0		0.3085366052359353	0	0	0	0			False										6	0.2							False
Valdeolivas	A798015	SN123_A798015_Rep1	withheld	M3_spatial_leiden	6	seed_23	success		not_evaluable	annotation_class_absent	1685	0	0	0		0.3085366052359353	0	0	0	0			False										6	0.18340080864093425							False
Valdeolivas	A798015	SN123_A798015_Rep1	withheld	M3_spatial_leiden	6	seed_37	success		not_evaluable	annotation_class_absent	1685	0	0	0		0.3085366052359353	0	0	0	0			False										6	0.14142135623730953							False
Valdeolivas	A938797	SN123_A938797_Rep1_X	allowed	M0_expr_kmeans	4	seed_11	success		not_evaluable	selected_band_support_below_threshold	2128	4	116	409	-0.09076272166082511	0.2987825938539158	2	66	2	11	1.0	2.0	False	-0.2003693497817166	0.1096066281208915	0.366844087893827	0.017241379310344827	0.16136919315403422	0.8534653465346534				4								False
Valdeolivas	A938797	SN123_A938797_Rep1_X	allowed	M0_expr_kmeans	4	seed_23	success		not_evaluable	selected_band_support_below_threshold	2128	4	116	409	-0.09076272166082511	0.2987825938539158	2	66	2	11	2.0	3.0	False	-0.2003693497817166	0.1096066281208915	0.366844087893827	0.017241379310344827	0.16136919315403422	0.854043392504931				4								False
Valdeolivas	A938797	SN123_A938797_Rep1_X	allowed	M0_expr_kmeans	4	seed_37	success		not_evaluable	selected_band_support_below_threshold	2128	4	116	409	-0.09076272166082511	0.2987825938539158	2	66	2	11	4.0	3.0	False	-0.2003693497817166	0.1096066281208915	0.366844087893827	0.017241379310344827	0.16136919315403422	0.8534653465346534				4								False
Valdeolivas	A938797	SN123_A938797_Rep1_X	allowed	M0_expr_kmeans	6	seed_11	success		not_evaluable	selected_band_support_below_threshold	2128	4	116	409	-0.09076272166082511	0.2987825938539158	12	172	6	18	6.0	4.0	False	-0.0022575881981667933	0.08850513346265831	0.2962191750230646	0.10344827586206896	0.42053789731051344	0.8757281553398059				6								False
Valdeolivas	A938797	SN123_A938797_Rep1_X	allowed	M0_expr_kmeans	6	seed_23	success		not_evaluable	selected_band_support_below_threshold	2128	4	116	409	-0.09076272166082511	0.2987825938539158	13	173	6	18	4.0	5.0	False	0.014217768119845875	0.10498048978067098	0.35136079524096786	0.11206896551724138	0.4229828850855746	0.8762088974854932				6								False
Valdeolivas	A938797	SN123_A938797_Rep1_X	allowed	M0_expr_kmeans	6	seed_37	success		not_evaluable	selected_band_support_below_threshold	2128	4	116	409	-0.09076272166082511	0.2987825938539158	9	169	5	18	1.0	2.0	False	0.10500192713668288	0.195764648797508	0.655207675495392	0.07758620689655173	0.4132029339853301	0.876984126984127				6								False
Valdeolivas	A938797	SN123_A938797_Rep1_X	allowed	M1_spatial_concat_kmeans	4	seed_11	success		not_evaluable	selected_band_support_below_threshold	2128	4	116	409	-0.09076272166082511	0.2987825938539158	2	66	2	11	4.0	3.0	False	-0.2003693497817166	0.1096066281208915	0.366844087893827	0.017241379310344827	0.16136919315403422	0.854043392504931				4								False
Valdeolivas	A938797	SN123_A938797_Rep1_X	allowed	M1_spatial_concat_kmeans	4	seed_23	success		not_evaluable	selected_band_support_below_threshold	2128	4	116	409	-0.09076272166082511	0.2987825938539158	2	66	2	11	4.0	3.0	False	-0.2003693497817166	0.1096066281208915	0.366844087893827	0.017241379310344827	0.16136919315403422	0.854043392504931				4								False
Valdeolivas	A938797	SN123_A938797_Rep1_X	allowed	M1_spatial_concat_kmeans	4	seed_37	success		not_evaluable	selected_band_support_below_threshold	2128	4	116	409	-0.09076272166082511	0.2987825938539158	2	66	2	11	4.0	3.0	False	-0.2003693497817166	0.1096066281208915	0.366844087893827	0.017241379310344827	0.16136919315403422	0.854043392504931				4								False
Valdeolivas	A938797	SN123_A938797_Rep1_X	allowed	M1_spatial_concat_kmeans	6	seed_11	success		not_evaluable	selected_band_support_below_threshold	2128	4	116	409	-0.09076272166082511	0.2987825938539158	12	172	6	18	6.0	4.0	False	-0.0022575881981667933	0.08850513346265831	0.2962191750230646	0.10344827586206896	0.42053789731051344	0.8757281553398059				6								False
Valdeolivas	A938797	SN123_A938797_Rep1_X	allowed	M1_spatial_concat_kmeans	6	seed_23	success		not_evaluable	selected_band_support_below_threshold	2128	4	116	409	-0.09076272166082511	0.2987825938539158	12	173	6	18	4.0	2.0	False	-0.001290798297422624	0.08947192336340248	0.29945493882132945	0.10344827586206896	0.4229828850855746	0.875968992248062				6								False
Valdeolivas	A938797	SN123_A938797_Rep1_X	allowed	M1_spatial_concat_kmeans	6	seed_37	success		not_evaluable	selected_band_support_below_threshold	2128	4	116	409	-0.09076272166082511	0.2987825938539158	11	172	6	18	5.0	2.0	False	0.013250978219101706	0.10401369987992681	0.348125031442703	0.09482758620689655	0.42053789731051344	0.8757281553398059				6								False
Valdeolivas	A938797	SN123_A938797_Rep1_X	allowed	M2_spatial_ward	4	neighbors_4	success		not_evaluable	selected_band_support_below_threshold	2128	4	116	409	-0.09076272166082511	0.2987825938539158	0	9	0	2	1.0	3.0	False				0.0	0.022004889975550123	0.9210526315789473				4								False
Valdeolivas	A938797	SN123_A938797_Rep1_X	allowed	M2_spatial_ward	4	neighbors_6	success		not_evaluable	selected_band_support_below_threshold	2128	4	116	409	-0.09076272166082511	0.2987825938539158	0	31	0	6	3.0	2.0	False				0.0	0.07579462102689487	0.9163265306122449				4								False
Valdeolivas	A938797	SN123_A938797_Rep1_X	allowed	M2_spatial_ward	4	neighbors_8	success		not_evaluable	selected_band_support_below_threshold	2128	4	116	409	-0.09076272166082511	0.2987825938539158	0	23	0	3	1.0	2.0	False				0.0	0.05623471882640587	0.9182242990654206				4								False
Valdeolivas	A938797	SN123_A938797_Rep1_X	allowed	M2_spatial_ward	6	neighbors_4	success		not_evaluable	selected_band_support_below_threshold	2128	4	116	409	-0.09076272166082511	0.2987825938539158	0	9	0	2	2.0	6.0	False				0.0	0.022004889975550123	0.9210526315789473				6								False
Valdeolivas	A938797	SN123_A938797_Rep1_X	allowed	M2_spatial_ward	6	neighbors_6	success		not_evaluable	selected_band_support_below_threshold	2128	4	116	409	-0.09076272166082511	0.2987825938539158	0	31	0	6	2.0	1.0	False				0.0	0.07579462102689487	0.9163265306122449				6								False
Valdeolivas	A938797	SN123_A938797_Rep1_X	allowed	M2_spatial_ward	6	neighbors_8	success		not_evaluable	selected_band_support_below_threshold	2128	4	116	409	-0.09076272166082511	0.2987825938539158	0	23	0	3	6.0	2.0	False				0.0	0.05623471882640587	0.9182242990654206				6								False
Valdeolivas	A938797	SN123_A938797_Rep1_X	allowed	M3_spatial_leiden	4	seed_11	success		success		2128	4	116	409	-0.09076272166082511	0.2987825938539158	54	119	6	8	1.0	2.0	False	-0.15024099492839493	0.059478273267569826	0.19906873590049431	0.46551724137931033	0.29095354523227385	0.7991452991452992	0.07219394961707959	0.10530971048660528		4	0.07071067811865477	0.037907977740419874	jbcb-readout-withholding-20261007-v1|Valdeolivas|SN123_A938797_Rep1_X|M3_spatial_leiden|4|seed_11|count_only	1000.0	0.02801356481037698	jbcb-readout-withholding-20261007-v1|Valdeolivas|SN123_A938797_Rep1_X|M3_spatial_leiden|4|seed_11|block_matched	1000.0	True
Valdeolivas	A938797	SN123_A938797_Rep1_X	allowed	M3_spatial_leiden	4	seed_23	success		not_evaluable	selected_band_support_below_threshold	2128	4	116	409	-0.09076272166082511	0.2987825938539158	11	109	5	9	3.0	1.0	False	-0.2844330589869293	0.19367033732610417	0.648198192632318	0.09482758620689655	0.2665036674816626	0.805668016194332				4	0.07071067811865477							False
Valdeolivas	A938797	SN123_A938797_Rep1_X	allowed	M3_spatial_leiden	4	seed_37	success		not_evaluable	selected_band_support_below_threshold	2128	4	116	409	-0.09076272166082511	0.2987825938539158	7	60	2	7	3.0	2.0	False	-0.13023605642497316	0.03947333476414805	0.1321139034740685	0.0603448275862069	0.1466992665036675	0.7990033222591362				4	0.05							False
Valdeolivas	A938797	SN123_A938797_Rep1_X	allowed	M3_spatial_leiden	6	seed_11	success		not_evaluable	selected_band_support_below_threshold	2128	4	116	409	-0.09076272166082511	0.2987825938539158	0	13	0	2	1.0	2.0	False				0.0	0.03178484107579462	0.9209876543209876				6	0.1							False
Valdeolivas	A938797	SN123_A938797_Rep1_X	allowed	M3_spatial_leiden	6	seed_23	success		not_evaluable	selected_band_support_below_threshold	2128	4	116	409	-0.09076272166082511	0.2987825938539158	7	44	3	4	1.0	2.0	False	0.1384967580860521	0.22925947974687721	0.7673120337758678	0.0603448275862069	0.10757946210268948	0.9053708439897699				6	0.1							False
Valdeolivas	A938797	SN123_A938797_Rep1_X	allowed	M3_spatial_leiden	6	seed_37	success		not_evaluable	selected_band_support_below_threshold	2128	4	116	409	-0.09076272166082511	0.2987825938539158	4	41	3	5	5.0	3.0	False	0.0683702329884941	0.1591329546493192	0.5326045021455443	0.034482758620689655	0.10024449877750612	0.9077809798270894				6	0.2							False
Valdeolivas	A938797	SN123_A938797_Rep1_X	withheld	M0_expr_kmeans	4	seed_11	success		success		2128	0	116	409	-0.09076272166082511	0.2987825938539158	60	277	12	22	4.0	1.0	False	-0.07240849069333644	0.01835423096748867	0.061430054310535345	0.5172413793103449	0.6772616136919315	0.8536585365853658	-0.019434613216869803	-0.012185506225738028		4		0.024160955114972626	jbcb-readout-withholding-20261007-v1|Valdeolivas|SN123_A938797_Rep1_X|M0_expr_kmeans|4|seed_11|count_only	1000.0	0.02199504812503772	jbcb-readout-withholding-20261007-v1|Valdeolivas|SN123_A938797_Rep1_X|M0_expr_kmeans|4|seed_11|block_matched	1000.0	False
Valdeolivas	A938797	SN123_A938797_Rep1_X	withheld	M0_expr_kmeans	4	seed_23	success		success		2128	0	116	409	-0.09076272166082511	0.2987825938539158	60	277	12	22	4.0	1.0	False	-0.07240849069333644	0.01835423096748867	0.061430054310535345	0.5172413793103449	0.6772616136919315	0.8536585365853658	-0.017360962795423616	-0.01470191234134161		4		0.02354138446330667	jbcb-readout-withholding-20261007-v1|Valdeolivas|SN123_A938797_Rep1_X|M0_expr_kmeans|4|seed_23|count_only	1000.0	0.022746906471447614	jbcb-readout-withholding-20261007-v1|Valdeolivas|SN123_A938797_Rep1_X|M0_expr_kmeans|4|seed_23|block_matched	1000.0	False
Valdeolivas	A938797	SN123_A938797_Rep1_X	withheld	M0_expr_kmeans	4	seed_37	success		success		2128	0	116	409	-0.09076272166082511	0.2987825938539158	60	276	12	22	2.0	1.0	False	-0.07269081597535809	0.018071905685467016	0.0604851355373899	0.5172413793103449	0.6748166259168704	0.8539576365663322	-0.021006803504557928	-0.011200434014486059		4		0.024348372925138362	jbcb-readout-withholding-20261007-v1|Valdeolivas|SN123_A938797_Rep1_X|M0_expr_kmeans|4|seed_37|count_only	1000.0	0.021418400412604788	jbcb-readout-withholding-20261007-v1|Valdeolivas|SN123_A938797_Rep1_X|M0_expr_kmeans|4|seed_37|block_matched	1000.0	False
Valdeolivas	A938797	SN123_A938797_Rep1_X	withheld	M0_expr_kmeans	6	seed_11	success		not_evaluable	selected_band_support_below_threshold	2128	0	116	409	-0.09076272166082511	0.2987825938539158	9	171	5	18	6.0	5.0	False	0.10887394056398714	0.19963666222481224	0.6681669760267925	0.07758620689655173	0.4180929095354523	0.8779527559055118				6								False
Valdeolivas	A938797	SN123_A938797_Rep1_X	withheld	M0_expr_kmeans	6	seed_23	success		not_evaluable	selected_band_support_below_threshold	2128	0	116	409	-0.09076272166082511	0.2987825938539158	9	171	5	18	4.0	6.0	False	0.10887394056398714	0.19963666222481224	0.6681669760267925	0.07758620689655173	0.4180929095354523	0.8779527559055118				6								False
Valdeolivas	A938797	SN123_A938797_Rep1_X	withheld	M0_expr_kmeans	6	seed_37	success		not_evaluable	selected_band_support_below_threshold	2128	0	116	409	-0.09076272166082511	0.2987825938539158	9	171	5	18	3.0	1.0	False	0.10887394056398714	0.19963666222481224	0.6681669760267925	0.07758620689655173	0.4180929095354523	0.8779527559055118				6								False
Valdeolivas	A938797	SN123_A938797_Rep1_X	withheld	M1_spatial_concat_kmeans	4	seed_11	success		success		2128	0	116	409	-0.09076272166082511	0.2987825938539158	60	277	12	22	4.0	1.0	False	-0.07240849069333644	0.01835423096748867	0.061430054310535345	0.5172413793103449	0.6772616136919315	0.8536585365853658	-0.022078634723868354	-0.016449425640240347		4		0.024950942719039193	jbcb-readout-withholding-20261007-v1|Valdeolivas|SN123_A938797_Rep1_X|M1_spatial_concat_kmeans|4|seed_11|count_only	1000.0	0.023269033027686792	jbcb-readout-withholding-20261007-v1|Valdeolivas|SN123_A938797_Rep1_X|M1_spatial_concat_kmeans|4|seed_11|block_matched	1000.0	False
Valdeolivas	A938797	SN123_A938797_Rep1_X	withheld	M1_spatial_concat_kmeans	4	seed_23	success		success		2128	0	116	409	-0.09076272166082511	0.2987825938539158	60	277	12	22	4.0	1.0	False	-0.07240849069333644	0.01835423096748867	0.061430054310535345	0.5172413793103449	0.6772616136919315	0.8536585365853658	-0.01453025880184546	-0.015097545896550652		4		0.02269561938167275	jbcb-readout-withholding-20261007-v1|Valdeolivas|SN123_A938797_Rep1_X|M1_spatial_concat_kmeans|4|seed_23|count_only	1000.0	0.022865114891288618	jbcb-readout-withholding-20261007-v1|Valdeolivas|SN123_A938797_Rep1_X|M1_spatial_concat_kmeans|4|seed_23|block_matched	1000.0	False
Valdeolivas	A938797	SN123_A938797_Rep1_X	withheld	M1_spatial_concat_kmeans	4	seed_37	success		success		2128	0	116	409	-0.09076272166082511	0.2987825938539158	60	277	12	22	4.0	2.0	False	-0.07240849069333644	0.01835423096748867	0.061430054310535345	0.5172413793103449	0.6772616136919315	0.8536585365853658	-0.023239674452466174	-0.013495253509866743		4		0.025297841180717096	jbcb-readout-withholding-20261007-v1|Valdeolivas|SN123_A938797_Rep1_X|M1_spatial_concat_kmeans|4|seed_37|count_only	1000.0	0.02238637781588282	jbcb-readout-withholding-20261007-v1|Valdeolivas|SN123_A938797_Rep1_X|M1_spatial_concat_kmeans|4|seed_37|block_matched	1000.0	False
Valdeolivas	A938797	SN123_A938797_Rep1_X	withheld	M1_spatial_concat_kmeans	6	seed_11	success		not_evaluable	selected_band_support_below_threshold	2128	0	116	409	-0.09076272166082511	0.2987825938539158	9	170	5	18	5.0	3.0	False	0.10693793385033512	0.19770065551116023	0.6616873257610927	0.07758620689655173	0.4156479217603912	0.8764940239043825				6								False
Valdeolivas	A938797	SN123_A938797_Rep1_X	withheld	M1_spatial_concat_kmeans	6	seed_23	success		not_evaluable	selected_band_support_below_threshold	2128	0	116	409	-0.09076272166082511	0.2987825938539158	9	170	5	18	5.0	1.0	False	0.10693793385033512	0.19770065551116023	0.6616873257610927	0.07758620689655173	0.4156479217603912	0.8764940239043825				6								False
Valdeolivas	A938797	SN123_A938797_Rep1_X	withheld	M1_spatial_concat_kmeans	6	seed_37	success		not_evaluable	selected_band_support_below_threshold	2128	0	116	409	-0.09076272166082511	0.2987825938539158	9	170	5	18	3.0	2.0	False	0.10693793385033512	0.19770065551116023	0.6616873257610927	0.07758620689655173	0.4156479217603912	0.8764940239043825				6								False
Valdeolivas	A938797	SN123_A938797_Rep1_X	withheld	M2_spatial_ward	4	neighbors_4	success		not_evaluable	selected_band_support_below_threshold	2128	0	116	409	-0.09076272166082511	0.2987825938539158	0	11	0	1	1.0	3.0	False				0.0	0.02689486552567237	0.9157894736842105				4								False
Valdeolivas	A938797	SN123_A938797_Rep1_X	withheld	M2_spatial_ward	4	neighbors_6	success		not_evaluable	selected_band_support_below_threshold	2128	0	116	409	-0.09076272166082511	0.2987825938539158	0	27	0	4	4.0	2.0	False				0.0	0.06601466992665037	0.9172413793103448				4								False
Valdeolivas	A938797	SN123_A938797_Rep1_X	withheld	M2_spatial_ward	4	neighbors_8	success		not_evaluable	selected_band_support_below_threshold	2128	0	116	409	-0.09076272166082511	0.2987825938539158	0	24	0	3	1.0	2.0	False				0.0	0.05867970660146699	0.9178403755868545				4								False
Valdeolivas	A938797	SN123_A938797_Rep1_X	withheld	M2_spatial_ward	6	neighbors_4	success		not_evaluable	selected_band_support_below_threshold	2128	0	116	409	-0.09076272166082511	0.2987825938539158	0	11	0	1	3.0	6.0	False				0.0	0.02689486552567237	0.9157894736842105				6								False
Valdeolivas	A938797	SN123_A938797_Rep1_X	withheld	M2_spatial_ward	6	neighbors_6	success		not_evaluable	selected_band_support_below_threshold	2128	0	116	409	-0.09076272166082511	0.2987825938539158	0	27	0	4	6.0	2.0	False				0.0	0.06601466992665037	0.9172413793103448				6								False
Valdeolivas	A938797	SN123_A938797_Rep1_X	withheld	M2_spatial_ward	6	neighbors_8	success		not_evaluable	selected_band_support_below_threshold	2128	0	116	409	-0.09076272166082511	0.2987825938539158	0	24	0	3	6.0	2.0	False				0.0	0.05867970660146699	0.9178403755868545				6								False
Valdeolivas	A938797	SN123_A938797_Rep1_X	withheld	M3_spatial_leiden	4	seed_11	success		success		2128	0	116	409	-0.09076272166082511	0.2987825938539158	55	119	6	8	2.0	1.0	False	-0.14776070388110818	0.05699798222028307	0.19076741213429313	0.47413793103448276	0.29095354523227385	0.7919556171983356	0.0789408850014379	0.09390330969243423		4	0.07071067811865477	0.03341181983842978	jbcb-readout-withholding-20261007-v1|Valdeolivas|SN123_A938797_Rep1_X|M3_spatial_leiden|4|seed_11|count_only	1000.0	0.02894130777891002	jbcb-readout-withholding-20261007-v1|Valdeolivas|SN123_A938797_Rep1_X|M3_spatial_leiden|4|seed_11|block_matched	1000.0	True
Valdeolivas	A938797	SN123_A938797_Rep1_X	withheld	M3_spatial_leiden	4	seed_23	success		not_evaluable	selected_band_support_below_threshold	2128	0	116	409	-0.09076272166082511	0.2987825938539158	3	34	1	4	4.0	3.0	False	-0.5128646708267388	0.4221019491659137	1.412739422739909	0.02586206896551724	0.08312958435207823	0.800524934383202				4	0.07071067811865477							False
Valdeolivas	A938797	SN123_A938797_Rep1_X	withheld	M3_spatial_leiden	4	seed_37	success		not_evaluable	selected_band_support_below_threshold	2128	0	116	409	-0.09076272166082511	0.2987825938539158	2	26	1	4	1.0	3.0	False	-0.03452644653138481	0.056236275129440294	0.18821804310640658	0.017241379310344827	0.06356968215158924	0.8453159041394336				4	0.07711054127039706							False
Valdeolivas	A938797	SN123_A938797_Rep1_X	withheld	M3_spatial_leiden	6	seed_11	success		not_evaluable	selected_band_support_below_threshold	2128	0	116	409	-0.09076272166082511	0.2987825938539158	2	17	2	3	1.0	2.0	False	-0.2521797696550012	0.1614170479941761	0.5402491688424726	0.017241379310344827	0.04156479217603912	0.8963963963963963				6	0.1							False
Valdeolivas	A938797	SN123_A938797_Rep1_X	withheld	M3_spatial_leiden	6	seed_23	success		not_evaluable	selected_band_support_below_threshold	2128	0	116	409	-0.09076272166082511	0.2987825938539158	17	62	3	4	5.0	1.0	False	0.07260761800734139	0.1633703396681665	0.546786670404379	0.14655172413793102	0.15158924205378974	0.9060150375939849				6	0.2							False
Valdeolivas	A938797	SN123_A938797_Rep1_X	withheld	M3_spatial_leiden	6	seed_37	success		not_evaluable	selected_band_support_below_threshold	2128	0	116	409	-0.09076272166082511	0.2987825938539158	0	8	0	2	6.0	5.0	False				0.0	0.019559902200488997	0.9337539432176656				6	0.14142135623730953							False
Valdeolivas	A551763	SN124_A551763_Rep2	allowed	M0_expr_kmeans	4	seed_11	success		not_evaluable	full_band_support_below_threshold	1219	2	33	0		0.3003324413392738	13	0	7	0	1.0	3.0	False				0.3939393939393939		0.1402439024390244				4								False
Valdeolivas	A551763	SN124_A551763_Rep2	allowed	M0_expr_kmeans	4	seed_23	success		not_evaluable	full_band_support_below_threshold	1219	2	33	0		0.3003324413392738	12	0	7	0	1.0	3.0	False				0.36363636363636365		0.13333333333333333				4								False
Valdeolivas	A551763	SN124_A551763_Rep2	allowed	M0_expr_kmeans	4	seed_37	success		not_evaluable	full_band_support_below_threshold	1219	2	33	0		0.3003324413392738	12	0	7	0	4.0	1.0	False				0.36363636363636365		0.13333333333333333				4								False
Valdeolivas	A551763	SN124_A551763_Rep2	allowed	M0_expr_kmeans	6	seed_11	success		not_evaluable	full_band_support_below_threshold	1219	2	33	0		0.3003324413392738	19	0	7	0	6.0	2.0	False				0.5757575757575758		0.19310344827586207				6								False
Valdeolivas	A551763	SN124_A551763_Rep2	allowed	M0_expr_kmeans	6	seed_23	success		not_evaluable	full_band_support_below_threshold	1219	2	33	0		0.3003324413392738	19	0	7	0	4.0	5.0	False				0.5757575757575758		0.1917808219178082				6								False
Valdeolivas	A551763	SN124_A551763_Rep2	allowed	M0_expr_kmeans	6	seed_37	success		not_evaluable	full_band_support_below_threshold	1219	2	33	0		0.3003324413392738	19	0	7	0	2.0	1.0	False				0.5757575757575758		0.18055555555555555				6								False
Valdeolivas	A551763	SN124_A551763_Rep2	allowed	M1_spatial_concat_kmeans	4	seed_11	success		not_evaluable	full_band_support_below_threshold	1219	2	33	0		0.3003324413392738	13	0	7	0	3.0	1.0	False				0.3939393939393939		0.1402439024390244				4								False
Valdeolivas	A551763	SN124_A551763_Rep2	allowed	M1_spatial_concat_kmeans	4	seed_23	success		not_evaluable	full_band_support_below_threshold	1219	2	33	0		0.3003324413392738	12	0	7	0	1.0	3.0	False				0.36363636363636365		0.13333333333333333				4								False
Valdeolivas	A551763	SN124_A551763_Rep2	allowed	M1_spatial_concat_kmeans	4	seed_37	success		not_evaluable	full_band_support_below_threshold	1219	2	33	0		0.3003324413392738	12	0	7	0	4.0	1.0	False				0.36363636363636365		0.13333333333333333				4								False
Valdeolivas	A551763	SN124_A551763_Rep2	allowed	M1_spatial_concat_kmeans	6	seed_11	success		not_evaluable	full_band_support_below_threshold	1219	2	33	0		0.3003324413392738	19	0	7	0	5.0	6.0	False				0.5757575757575758		0.19444444444444445				6								False
Valdeolivas	A551763	SN124_A551763_Rep2	allowed	M1_spatial_concat_kmeans	6	seed_23	success		not_evaluable	full_band_support_below_threshold	1219	2	33	0		0.3003324413392738	19	0	7	0	1.0	2.0	False				0.5757575757575758		0.19444444444444445				6								False
Valdeolivas	A551763	SN124_A551763_Rep2	allowed	M1_spatial_concat_kmeans	6	seed_37	success		not_evaluable	full_band_support_below_threshold	1219	2	33	0		0.3003324413392738	19	0	7	0	4.0	6.0	False				0.5757575757575758		0.18181818181818182				6								False
Valdeolivas	A551763	SN124_A551763_Rep2	allowed	M2_spatial_ward	4	neighbors_4	success		not_evaluable	full_band_support_below_threshold	1219	2	33	0		0.3003324413392738	7	0	2	0	2.0	4.0	False				0.21212121212121213		0.14705882352941177				4								False
Valdeolivas	A551763	SN124_A551763_Rep2	allowed	M2_spatial_ward	4	neighbors_6	success		not_evaluable	full_band_support_below_threshold	1219	2	33	0		0.3003324413392738	7	0	2	0	2.0	4.0	False				0.21212121212121213		0.18604651162790697				4								False
Valdeolivas	A551763	SN124_A551763_Rep2	allowed	M2_spatial_ward	4	neighbors_8	success		not_evaluable	full_band_support_below_threshold	1219	2	33	0		0.3003324413392738	6	0	2	0	3.0	4.0	False				0.18181818181818182		0.16279069767441862				4								False
Valdeolivas	A551763	SN124_A551763_Rep2	allowed	M2_spatial_ward	6	neighbors_4	success		not_evaluable	full_band_support_below_threshold	1219	2	33	0		0.3003324413392738	7	0	2	0	1.0	4.0	False				0.21212121212121213		0.14705882352941177				6								False
Valdeolivas	A551763	SN124_A551763_Rep2	allowed	M2_spatial_ward	6	neighbors_6	success		not_evaluable	full_band_support_below_threshold	1219	2	33	0		0.3003324413392738	7	0	2	0	3.0	4.0	False				0.21212121212121213		0.18604651162790697				6								False
Valdeolivas	A551763	SN124_A551763_Rep2	allowed	M2_spatial_ward	6	neighbors_8	success		not_evaluable	full_band_support_below_threshold	1219	2	33	0		0.3003324413392738	6	0	2	0	5.0	4.0	False				0.18181818181818182		0.16279069767441862				6								False
Valdeolivas	A551763	SN124_A551763_Rep2	allowed	M3_spatial_leiden	4	seed_11	success		not_evaluable	full_band_support_below_threshold	1219	2	33	0		0.3003324413392738	6	0	3	0	4.0	3.0	False				0.18181818181818182		0.05217391304347826				4	0.1							False
Valdeolivas	A551763	SN124_A551763_Rep2	allowed	M3_spatial_leiden	4	seed_23	success		not_evaluable	full_band_support_below_threshold	1219	2	33	0		0.3003324413392738	18	0	6	0	4.0	2.0	False				0.5454545454545454		0.05509641873278237				4	0.1							False
Valdeolivas	A551763	SN124_A551763_Rep2	allowed	M3_spatial_leiden	4	seed_37	success		not_evaluable	full_band_support_below_threshold	1219	2	33	0		0.3003324413392738	10	0	3	0	3.0	1.0	False				0.30303030303030304		0.041666666666666664				4	0.1							False
Valdeolivas	A551763	SN124_A551763_Rep2	allowed	M3_spatial_leiden	6	seed_11	success		not_evaluable	full_band_support_below_threshold	1219	2	33	0		0.3003324413392738	8	0	2	0	5.0	4.0	False				0.24242424242424243		0.0663265306122449				6	0.2							False
Valdeolivas	A551763	SN124_A551763_Rep2	allowed	M3_spatial_leiden	6	seed_23	success		not_evaluable	full_band_support_below_threshold	1219	2	33	0		0.3003324413392738	6	0	3	0	6.0	2.0	False				0.18181818181818182		0.0502092050209205				6	0.13876620422985295							False
Valdeolivas	A551763	SN124_A551763_Rep2	allowed	M3_spatial_leiden	6	seed_37	success		not_evaluable	full_band_support_below_threshold	1219	2	33	0		0.3003324413392738	17	0	5	0	4.0	1.0	False				0.5151515151515151		0.055900621118012424				6	0.2							False
Valdeolivas	A551763	SN124_A551763_Rep2	withheld	M0_expr_kmeans	4	seed_11	success		not_evaluable	full_band_support_below_threshold	1219	0	33	0		0.3003324413392738	13	0	7	0	3.0	4.0	False				0.3939393939393939		0.1402439024390244				4								False
Valdeolivas	A551763	SN124_A551763_Rep2	withheld	M0_expr_kmeans	4	seed_23	success		not_evaluable	full_band_support_below_threshold	1219	0	33	0		0.3003324413392738	12	0	7	0	2.0	4.0	False				0.36363636363636365		0.13333333333333333				4								False
Valdeolivas	A551763	SN124_A551763_Rep2	withheld	M0_expr_kmeans	4	seed_37	success		not_evaluable	full_band_support_below_threshold	1219	0	33	0		0.3003324413392738	13	0	7	0	3.0	1.0	False				0.3939393939393939		0.1402439024390244				4								False
Valdeolivas	A551763	SN124_A551763_Rep2	withheld	M0_expr_kmeans	6	seed_11	success		not_evaluable	full_band_support_below_threshold	1219	0	33	0		0.3003324413392738	19	0	7	0	3.0	5.0	False				0.5757575757575758		0.19148936170212766				6								False
Valdeolivas	A551763	SN124_A551763_Rep2	withheld	M0_expr_kmeans	6	seed_23	success		not_evaluable	full_band_support_below_threshold	1219	0	33	0		0.3003324413392738	19	0	7	0	2.0	1.0	False				0.5757575757575758		0.18115942028985507				6								False
Valdeolivas	A551763	SN124_A551763_Rep2	withheld	M0_expr_kmeans	6	seed_37	success		not_evaluable	full_band_support_below_threshold	1219	0	33	0		0.3003324413392738	19	0	7	0	2.0	6.0	False				0.5757575757575758		0.18115942028985507				6								False
Valdeolivas	A551763	SN124_A551763_Rep2	withheld	M1_spatial_concat_kmeans	4	seed_11	success		not_evaluable	full_band_support_below_threshold	1219	0	33	0		0.3003324413392738	13	0	7	0	3.0	4.0	False				0.3939393939393939		0.1402439024390244				4								False
Valdeolivas	A551763	SN124_A551763_Rep2	withheld	M1_spatial_concat_kmeans	4	seed_23	success		not_evaluable	full_band_support_below_threshold	1219	0	33	0		0.3003324413392738	13	0	7	0	3.0	1.0	False				0.3939393939393939		0.1402439024390244				4								False
Valdeolivas	A551763	SN124_A551763_Rep2	withheld	M1_spatial_concat_kmeans	4	seed_37	success		not_evaluable	full_band_support_below_threshold	1219	0	33	0		0.3003324413392738	13	0	7	0	1.0	4.0	False				0.3939393939393939		0.1402439024390244				4								False
Valdeolivas	A551763	SN124_A551763_Rep2	withheld	M1_spatial_concat_kmeans	6	seed_11	success		not_evaluable	full_band_support_below_threshold	1219	0	33	0		0.3003324413392738	19	0	7	0	5.0	2.0	False				0.5757575757575758		0.19444444444444445				6								False
Valdeolivas	A551763	SN124_A551763_Rep2	withheld	M1_spatial_concat_kmeans	6	seed_23	success		not_evaluable	full_band_support_below_threshold	1219	0	33	0		0.3003324413392738	10	0	4	0	1.0	3.0	False				0.30303030303030304		0.19696969696969696				6								False
Valdeolivas	A551763	SN124_A551763_Rep2	withheld	M1_spatial_concat_kmeans	6	seed_37	success		not_evaluable	full_band_support_below_threshold	1219	0	33	0		0.3003324413392738	19	0	7	0	6.0	4.0	False				0.5757575757575758		0.18705035971223022				6								False
Valdeolivas	A551763	SN124_A551763_Rep2	withheld	M2_spatial_ward	4	neighbors_4	success		not_evaluable	full_band_support_below_threshold	1219	0	33	0		0.3003324413392738	19	0	6	0	1.0	2.0	False				0.5757575757575758		0.07384615384615385				4								False
Valdeolivas	A551763	SN124_A551763_Rep2	withheld	M2_spatial_ward	4	neighbors_6	success		not_evaluable	full_band_support_below_threshold	1219	0	33	0		0.3003324413392738	6	0	2	0	2.0	4.0	False				0.18181818181818182		0.15789473684210525				4								False
Valdeolivas	A551763	SN124_A551763_Rep2	withheld	M2_spatial_ward	4	neighbors_8	success		not_evaluable	full_band_support_below_threshold	1219	0	33	0		0.3003324413392738	16	0	4	0	1.0	4.0	False				0.48484848484848486		0.14285714285714285				4								False
Valdeolivas	A551763	SN124_A551763_Rep2	withheld	M2_spatial_ward	6	neighbors_4	success		not_evaluable	full_band_support_below_threshold	1219	0	33	0		0.3003324413392738	7	0	2	0	2.0	1.0	False				0.21212121212121213		0.10810810810810811				6								False
Valdeolivas	A551763	SN124_A551763_Rep2	withheld	M2_spatial_ward	6	neighbors_6	success		not_evaluable	full_band_support_below_threshold	1219	0	33	0		0.3003324413392738	6	0	2	0	3.0	4.0	False				0.18181818181818182		0.15789473684210525				6								False
Valdeolivas	A551763	SN124_A551763_Rep2	withheld	M2_spatial_ward	6	neighbors_8	success		not_evaluable	full_band_support_below_threshold	1219	0	33	0		0.3003324413392738	16	0	4	0	5.0	2.0	False				0.48484848484848486		0.14285714285714285				6								False
Valdeolivas	A551763	SN124_A551763_Rep2	withheld	M3_spatial_leiden	4	seed_11	success		not_evaluable	full_band_support_below_threshold	1219	0	33	0		0.3003324413392738	14	0	5	0	4.0	3.0	False				0.42424242424242425		0.048859934853420196				4	0.1							False
Valdeolivas	A551763	SN124_A551763_Rep2	withheld	M3_spatial_leiden	4	seed_23	success		not_evaluable	full_band_support_below_threshold	1219	0	33	0		0.3003324413392738	15	0	4	0	3.0	1.0	False				0.45454545454545453		0.05721393034825871				4	0.1							False
Valdeolivas	A551763	SN124_A551763_Rep2	withheld	M3_spatial_leiden	4	seed_37	success		not_evaluable	full_band_support_below_threshold	1219	0	33	0		0.3003324413392738	6	0	3	0	2.0	3.0	False				0.18181818181818182		0.05357142857142857				4	0.1							False
Valdeolivas	A551763	SN124_A551763_Rep2	withheld	M3_spatial_leiden	6	seed_11	success		not_evaluable	full_band_support_below_threshold	1219	0	33	0		0.3003324413392738	9	0	2	0	5.0	6.0	False				0.2727272727272727		0.13541666666666666				6	0.1542210825407941							False
Valdeolivas	A551763	SN124_A551763_Rep2	withheld	M3_spatial_leiden	6	seed_23	success		not_evaluable	full_band_support_below_threshold	1219	0	33	0		0.3003324413392738	13	0	3	0	6.0	3.0	False				0.3939393939393939		0.06437768240343347				6	0.17947090750031072							False
Valdeolivas	A551763	SN124_A551763_Rep2	withheld	M3_spatial_leiden	6	seed_37	success		not_evaluable	full_band_support_below_threshold	1219	0	33	0		0.3003324413392738	6	0	3	0	5.0	1.0	False				0.18181818181818182		0.05263157894736842				6	0.2							False
Valdeolivas	A595688	SN124_A595688_Rep2	allowed	M0_expr_kmeans	4	seed_11	success		not_evaluable	selected_band_support_below_threshold	387	3	26	26	-0.09744883780953195	0.24339089917042234	0	18	0	4	4.0	3.0	False				0.0	0.6923076923076923	0.5079365079365079				4								False
Valdeolivas	A595688	SN124_A595688_Rep2	allowed	M0_expr_kmeans	4	seed_23	success		not_evaluable	selected_band_support_below_threshold	387	3	26	26	-0.09744883780953195	0.24339089917042234	0	18	0	4	1.0	2.0	False				0.0	0.6923076923076923	0.5079365079365079				4								False
Valdeolivas	A595688	SN124_A595688_Rep2	allowed	M0_expr_kmeans	4	seed_37	success		not_evaluable	selected_band_support_below_threshold	387	3	26	26	-0.09744883780953195	0.24339089917042234	0	18	0	4	1.0	4.0	False				0.0	0.6923076923076923	0.5079365079365079				4								False
Valdeolivas	A595688	SN124_A595688_Rep2	allowed	M0_expr_kmeans	6	seed_11	success		not_evaluable	selected_band_support_below_threshold	387	3	26	26	-0.09744883780953195	0.24339089917042234	6	15	4	3	1.0	3.0	False	-0.10559121048676756	0.00814237267723561	0.033453891271153564	0.23076923076923078	0.5769230769230769	0.8823529411764706				6								False
Valdeolivas	A595688	SN124_A595688_Rep2	allowed	M0_expr_kmeans	6	seed_23	success		not_evaluable	selected_band_support_below_threshold	387	3	26	26	-0.09744883780953195	0.24339089917042234	6	15	4	3	3.0	4.0	False	-0.10559121048676756	0.00814237267723561	0.033453891271153564	0.23076923076923078	0.5769230769230769	0.8823529411764706				6								False
Valdeolivas	A595688	SN124_A595688_Rep2	allowed	M0_expr_kmeans	6	seed_37	success		not_evaluable	selected_band_support_below_threshold	387	3	26	26	-0.09744883780953195	0.24339089917042234	6	15	4	3	4.0	5.0	False	-0.10559121048676756	0.00814237267723561	0.033453891271153564	0.23076923076923078	0.5769230769230769	0.8823529411764706				6								False
Valdeolivas	A595688	SN124_A595688_Rep2	allowed	M1_spatial_concat_kmeans	4	seed_11	success		not_evaluable	selected_band_support_below_threshold	387	3	26	26	-0.09744883780953195	0.24339089917042234	0	18	0	4	3.0	1.0	False				0.0	0.6923076923076923	0.5079365079365079				4								False
Valdeolivas	A595688	SN124_A595688_Rep2	allowed	M1_spatial_concat_kmeans	4	seed_23	success		not_evaluable	selected_band_support_below_threshold	387	3	26	26	-0.09744883780953195	0.24339089917042234	0	18	0	4	2.0	1.0	False				0.0	0.6923076923076923	0.5079365079365079				4								False
Valdeolivas	A595688	SN124_A595688_Rep2	allowed	M1_spatial_concat_kmeans	4	seed_37	success		not_evaluable	selected_band_support_below_threshold	387	3	26	26	-0.09744883780953195	0.24339089917042234	0	18	0	4	2.0	1.0	False				0.0	0.6923076923076923	0.5079365079365079				4								False
Valdeolivas	A595688	SN124_A595688_Rep2	allowed	M1_spatial_concat_kmeans	6	seed_11	success		not_evaluable	selected_band_support_below_threshold	387	3	26	26	-0.09744883780953195	0.24339089917042234	6	15	4	3	5.0	4.0	False	-0.10559121048676756	0.00814237267723561	0.033453891271153564	0.23076923076923078	0.5769230769230769	0.8823529411764706				6								False
Valdeolivas	A595688	SN124_A595688_Rep2	allowed	M1_spatial_concat_kmeans	6	seed_23	success		not_evaluable	selected_band_support_below_threshold	387	3	26	26	-0.09744883780953195	0.24339089917042234	6	15	4	3	3.0	4.0	False	-0.10559121048676756	0.00814237267723561	0.033453891271153564	0.23076923076923078	0.5769230769230769	0.8823529411764706				6								False
Valdeolivas	A595688	SN124_A595688_Rep2	allowed	M1_spatial_concat_kmeans	6	seed_37	success		not_evaluable	selected_band_support_below_threshold	387	3	26	26	-0.09744883780953195	0.24339089917042234	6	15	4	3	2.0	1.0	False	-0.10559121048676756	0.00814237267723561	0.033453891271153564	0.23076923076923078	0.5769230769230769	0.8823529411764706				6								False
Valdeolivas	A595688	SN124_A595688_Rep2	allowed	M2_spatial_ward	4	neighbors_4	success		not_evaluable	selected_band_support_below_threshold	387	3	26	26	-0.09744883780953195	0.24339089917042234	0	17	0	3	4.0	2.0	False				0.0	0.6538461538461539	0.5294117647058824				4								False
Valdeolivas	A595688	SN124_A595688_Rep2	allowed	M2_spatial_ward	4	neighbors_6	success		not_evaluable	selected_band_support_below_threshold	387	3	26	26	-0.09744883780953195	0.24339089917042234	0	17	0	3	4.0	2.0	False				0.0	0.6538461538461539	0.4666666666666667				4								False
Valdeolivas	A595688	SN124_A595688_Rep2	allowed	M2_spatial_ward	4	neighbors_8	success		not_evaluable	selected_band_support_below_threshold	387	3	26	26	-0.09744883780953195	0.24339089917042234	0	17	0	3	4.0	2.0	False				0.0	0.6538461538461539	0.45161290322580644				4								False
Valdeolivas	A595688	SN124_A595688_Rep2	allowed	M2_spatial_ward	6	neighbors_4	success		not_evaluable	selected_band_support_below_threshold	387	3	26	26	-0.09744883780953195	0.24339089917042234	10	6	3	3	4.0	6.0	False	-0.08325105062898497	0.014197787180546984	0.05833327059039168	0.38461538461538464	0.23076923076923078	0.7096774193548387				6								False
Valdeolivas	A595688	SN124_A595688_Rep2	allowed	M2_spatial_ward	6	neighbors_6	success		not_evaluable	selected_band_support_below_threshold	387	3	26	26	-0.09744883780953195	0.24339089917042234	4	2	2	1	4.0	5.0	False	0.08576586356089733	0.18321470137042928	0.7527590472564971	0.15384615384615385	0.07692307692307693	0.7142857142857143				6								False
Valdeolivas	A595688	SN124_A595688_Rep2	allowed	M2_spatial_ward	6	neighbors_8	success		not_evaluable	selected_band_support_below_threshold	387	3	26	26	-0.09744883780953195	0.24339089917042234	14	8	4	4	4.0	1.0	False	-0.04769812646993654	0.04975071133959541	0.20440662123837242	0.5384615384615384	0.3076923076923077	0.6458333333333334				6								False
Valdeolivas	A595688	SN124_A595688_Rep2	allowed	M3_spatial_leiden	4	seed_11	success		not_evaluable	selected_band_support_below_threshold	387	3	26	26	-0.09744883780953195	0.24339089917042234	11	23	3	4	1.0	2.0	False	-0.31681136398090015	0.2193625261713682	0.9012766168293357	0.4230769230769231	0.8846153846153846	0.4424778761061947				4	0.25148668593658713							False
Valdeolivas	A595688	SN124_A595688_Rep2	allowed	M3_spatial_leiden	4	seed_23	success		not_evaluable	selected_band_support_below_threshold	387	3	26	26	-0.09744883780953195	0.24339089917042234	11	19	3	3	1.0	2.0	False	-0.363560107062339	0.26611126925280704	1.0933493000758254	0.4230769230769231	0.7307692307692307	0.40816326530612246				4	0.25148668593658713							False
Valdeolivas	A595688	SN124_A595688_Rep2	allowed	M3_spatial_leiden	4	seed_37	success		not_evaluable	selected_band_support_below_threshold	387	3	26	26	-0.09744883780953195	0.24339089917042234	11	18	3	3	1.0	3.0	False	-0.35433251934414456	0.2568836815346126	1.0554366757762073	0.4230769230769231	0.6923076923076923	0.40625				4	0.22427067839402776							False
Valdeolivas	A595688	SN124_A595688_Rep2	allowed	M3_spatial_leiden	6	seed_11	success		not_evaluable	selected_band_support_below_threshold	387	3	26	26	-0.09744883780953195	0.24339089917042234	11	3	3	1	2.0	5.0	False	0.08318111301852404	0.180629950828056	0.7421392970884211	0.4230769230769231	0.11538461538461539	0.4318181818181818				6	0.31622776601683794							False
Valdeolivas	A595688	SN124_A595688_Rep2	allowed	M3_spatial_leiden	6	seed_23	success		not_evaluable	selected_band_support_below_threshold	387	3	26	26	-0.09744883780953195	0.24339089917042234	12	3	4	1	2.0	5.0	False	0.010658546606800323	0.10810738441633228	0.44417184366715157	0.46153846153846156	0.11538461538461539	0.43478260869565216				6	0.4458897646187482							False
Valdeolivas	A595688	SN124_A595688_Rep2	allowed	M3_spatial_leiden	6	seed_37	success		not_evaluable	selected_band_support_below_threshold	387	3	26	26	-0.09744883780953195	0.24339089917042234	12	3	4	1	4.0	6.0	False	0.010658546606800323	0.10810738441633228	0.44417184366715157	0.46153846153846156	0.11538461538461539	0.43478260869565216				6	0.3976353643835253							False
Valdeolivas	A595688	SN124_A595688_Rep2	withheld	M0_expr_kmeans	4	seed_11	success		not_evaluable	selected_band_support_below_threshold	387	0	26	26	-0.09744883780953195	0.24339089917042234	0	18	0	4	1.0	2.0	False				0.0	0.6923076923076923	0.5079365079365079				4								False
Valdeolivas	A595688	SN124_A595688_Rep2	withheld	M0_expr_kmeans	4	seed_23	success		not_evaluable	selected_band_support_below_threshold	387	0	26	26	-0.09744883780953195	0.24339089917042234	0	18	0	4	2.0	1.0	False				0.0	0.6923076923076923	0.5079365079365079				4								False
Valdeolivas	A595688	SN124_A595688_Rep2	withheld	M0_expr_kmeans	4	seed_37	success		not_evaluable	selected_band_support_below_threshold	387	0	26	26	-0.09744883780953195	0.24339089917042234	0	18	0	4	3.0	2.0	False				0.0	0.6923076923076923	0.5079365079365079				4								False
Valdeolivas	A595688	SN124_A595688_Rep2	withheld	M0_expr_kmeans	6	seed_11	success		not_evaluable	selected_band_support_below_threshold	387	0	26	26	-0.09744883780953195	0.24339089917042234	6	15	4	3	2.0	1.0	False	-0.10559121048676756	0.00814237267723561	0.033453891271153564	0.23076923076923078	0.5769230769230769	0.8823529411764706				6								False
Valdeolivas	A595688	SN124_A595688_Rep2	withheld	M0_expr_kmeans	6	seed_23	success		not_evaluable	selected_band_support_below_threshold	387	0	26	26	-0.09744883780953195	0.24339089917042234	6	15	4	3	3.0	6.0	False	-0.10559121048676756	0.00814237267723561	0.033453891271153564	0.23076923076923078	0.5769230769230769	0.8823529411764706				6								False
Valdeolivas	A595688	SN124_A595688_Rep2	withheld	M0_expr_kmeans	6	seed_37	success		not_evaluable	selected_band_support_below_threshold	387	0	26	26	-0.09744883780953195	0.24339089917042234	6	15	4	3	2.0	4.0	False	-0.10559121048676756	0.00814237267723561	0.033453891271153564	0.23076923076923078	0.5769230769230769	0.8823529411764706				6								False
Valdeolivas	A595688	SN124_A595688_Rep2	withheld	M1_spatial_concat_kmeans	4	seed_11	success		not_evaluable	selected_band_support_below_threshold	387	0	26	26	-0.09744883780953195	0.24339089917042234	0	18	0	4	1.0	2.0	False				0.0	0.6923076923076923	0.5079365079365079				4								False
Valdeolivas	A595688	SN124_A595688_Rep2	withheld	M1_spatial_concat_kmeans	4	seed_23	success		not_evaluable	selected_band_support_below_threshold	387	0	26	26	-0.09744883780953195	0.24339089917042234	0	18	0	4	2.0	1.0	False				0.0	0.6923076923076923	0.5079365079365079				4								False
Valdeolivas	A595688	SN124_A595688_Rep2	withheld	M1_spatial_concat_kmeans	4	seed_37	success		not_evaluable	selected_band_support_below_threshold	387	0	26	26	-0.09744883780953195	0.24339089917042234	0	18	0	4	3.0	2.0	False				0.0	0.6923076923076923	0.5079365079365079				4								False
Valdeolivas	A595688	SN124_A595688_Rep2	withheld	M1_spatial_concat_kmeans	6	seed_11	success		not_evaluable	selected_band_support_below_threshold	387	0	26	26	-0.09744883780953195	0.24339089917042234	6	15	4	3	4.0	6.0	False	-0.10559121048676756	0.00814237267723561	0.033453891271153564	0.23076923076923078	0.5769230769230769	0.8823529411764706				6								False
Valdeolivas	A595688	SN124_A595688_Rep2	withheld	M1_spatial_concat_kmeans	6	seed_23	success		not_evaluable	selected_band_support_below_threshold	387	0	26	26	-0.09744883780953195	0.24339089917042234	6	15	4	3	3.0	6.0	False	-0.10559121048676756	0.00814237267723561	0.033453891271153564	0.23076923076923078	0.5769230769230769	0.8823529411764706				6								False
Valdeolivas	A595688	SN124_A595688_Rep2	withheld	M1_spatial_concat_kmeans	6	seed_37	success		not_evaluable	selected_band_support_below_threshold	387	0	26	26	-0.09744883780953195	0.24339089917042234	6	15	4	3	2.0	4.0	False	-0.10559121048676756	0.00814237267723561	0.033453891271153564	0.23076923076923078	0.5769230769230769	0.8823529411764706				6								False
Valdeolivas	A595688	SN124_A595688_Rep2	withheld	M2_spatial_ward	4	neighbors_4	success		not_evaluable	selected_band_support_below_threshold	387	0	26	26	-0.09744883780953195	0.24339089917042234	0	17	0	3	4.0	2.0	False				0.0	0.6538461538461539	0.5098039215686274				4								False
Valdeolivas	A595688	SN124_A595688_Rep2	withheld	M2_spatial_ward	4	neighbors_6	success		not_evaluable	selected_band_support_below_threshold	387	0	26	26	-0.09744883780953195	0.24339089917042234	0	17	0	3	4.0	2.0	False				0.0	0.6538461538461539	0.4666666666666667				4								False
Valdeolivas	A595688	SN124_A595688_Rep2	withheld	M2_spatial_ward	4	neighbors_8	success		not_evaluable	selected_band_support_below_threshold	387	0	26	26	-0.09744883780953195	0.24339089917042234	0	17	0	3	4.0	2.0	False				0.0	0.6538461538461539	0.45161290322580644				4								False
Valdeolivas	A595688	SN124_A595688_Rep2	withheld	M2_spatial_ward	6	neighbors_4	success		not_evaluable	selected_band_support_below_threshold	387	0	26	26	-0.09744883780953195	0.24339089917042234	10	6	3	3	4.0	6.0	False	-0.08325105062898497	0.014197787180546984	0.05833327059039168	0.38461538461538464	0.23076923076923078	0.7419354838709677				6								False
Valdeolivas	A595688	SN124_A595688_Rep2	withheld	M2_spatial_ward	6	neighbors_6	success		not_evaluable	selected_band_support_below_threshold	387	0	26	26	-0.09744883780953195	0.24339089917042234	7	3	3	1	4.0	5.0	False	0.08318111301852404	0.180629950828056	0.7421392970884211	0.2692307692307692	0.11538461538461539	0.6521739130434783				6								False
Valdeolivas	A595688	SN124_A595688_Rep2	withheld	M2_spatial_ward	6	neighbors_8	success		not_evaluable	selected_band_support_below_threshold	387	0	26	26	-0.09744883780953195	0.24339089917042234	14	8	4	4	4.0	1.0	False	-0.04769812646993654	0.04975071133959541	0.20440662123837242	0.5384615384615384	0.3076923076923077	0.6458333333333334				6								False
Valdeolivas	A595688	SN124_A595688_Rep2	withheld	M3_spatial_leiden	4	seed_11	success		not_evaluable	selected_band_support_below_threshold	387	0	26	26	-0.09744883780953195	0.24339089917042234	11	19	3	3	1.0	3.0	False	-0.363560107062339	0.26611126925280704	1.0933493000758254	0.4230769230769231	0.7307692307692307	0.40816326530612246				4	0.2							False
Valdeolivas	A595688	SN124_A595688_Rep2	withheld	M3_spatial_leiden	4	seed_23	success		not_evaluable	selected_band_support_below_threshold	387	0	26	26	-0.09744883780953195	0.24339089917042234	11	19	3	3	1.0	2.0	False	-0.363560107062339	0.26611126925280704	1.0933493000758254	0.4230769230769231	0.7307692307692307	0.41				4	0.2							False
Valdeolivas	A595688	SN124_A595688_Rep2	withheld	M3_spatial_leiden	4	seed_37	success		not_evaluable	selected_band_support_below_threshold	387	0	26	26	-0.09744883780953195	0.24339089917042234	11	18	3	3	1.0	3.0	False	-0.35433251934414456	0.2568836815346126	1.0554366757762073	0.4230769230769231	0.6923076923076923	0.4020618556701031				4	0.2820054483103209							False
Valdeolivas	A595688	SN124_A595688_Rep2	withheld	M3_spatial_leiden	6	seed_11	success		not_evaluable	selected_band_support_below_threshold	387	0	26	26	-0.09744883780953195	0.24339089917042234	11	3	3	1	1.0	6.0	False	0.08318111301852404	0.180629950828056	0.7421392970884211	0.4230769230769231	0.11538461538461539	0.4222222222222222				6	0.5							False
Valdeolivas	A595688	SN124_A595688_Rep2	withheld	M3_spatial_leiden	6	seed_23	success		not_evaluable	selected_band_support_below_threshold	387	0	26	26	-0.09744883780953195	0.24339089917042234	12	3	4	1	4.0	5.0	False	0.010658546606800323	0.10810738441633228	0.44417184366715157	0.46153846153846156	0.11538461538461539	0.43478260869565216				6	0.5							False
Valdeolivas	A595688	SN124_A595688_Rep2	withheld	M3_spatial_leiden	6	seed_37	success		not_evaluable	selected_band_support_below_threshold	387	0	26	26	-0.09744883780953195	0.24339089917042234	11	3	3	1	1.0	5.0	False	0.08318111301852404	0.180629950828056	0.7421392970884211	0.4230769230769231	0.11538461538461539	0.4318181818181818				6	0.3976353643835253							False
Valdeolivas	A798015	SN124_A798015_Rep2	allowed	M0_expr_kmeans	4	seed_11	success		not_evaluable	annotation_class_absent	1656	4	0	0		0.32781558919511866	0	0	0	0			False										4								False
Valdeolivas	A798015	SN124_A798015_Rep2	allowed	M0_expr_kmeans	4	seed_23	success		not_evaluable	annotation_class_absent	1656	4	0	0		0.32781558919511866	0	0	0	0			False										4								False
Valdeolivas	A798015	SN124_A798015_Rep2	allowed	M0_expr_kmeans	4	seed_37	success		not_evaluable	annotation_class_absent	1656	4	0	0		0.32781558919511866	0	0	0	0			False										4								False
Valdeolivas	A798015	SN124_A798015_Rep2	allowed	M0_expr_kmeans	6	seed_11	success		not_evaluable	annotation_class_absent	1656	4	0	0		0.32781558919511866	0	0	0	0			False										6								False
Valdeolivas	A798015	SN124_A798015_Rep2	allowed	M0_expr_kmeans	6	seed_23	success		not_evaluable	annotation_class_absent	1656	4	0	0		0.32781558919511866	0	0	0	0			False										6								False
Valdeolivas	A798015	SN124_A798015_Rep2	allowed	M0_expr_kmeans	6	seed_37	success		not_evaluable	annotation_class_absent	1656	4	0	0		0.32781558919511866	0	0	0	0			False										6								False
Valdeolivas	A798015	SN124_A798015_Rep2	allowed	M1_spatial_concat_kmeans	4	seed_11	success		not_evaluable	annotation_class_absent	1656	4	0	0		0.32781558919511866	0	0	0	0			False										4								False
Valdeolivas	A798015	SN124_A798015_Rep2	allowed	M1_spatial_concat_kmeans	4	seed_23	success		not_evaluable	annotation_class_absent	1656	4	0	0		0.32781558919511866	0	0	0	0			False										4								False
Valdeolivas	A798015	SN124_A798015_Rep2	allowed	M1_spatial_concat_kmeans	4	seed_37	success		not_evaluable	annotation_class_absent	1656	4	0	0		0.32781558919511866	0	0	0	0			False										4								False
Valdeolivas	A798015	SN124_A798015_Rep2	allowed	M1_spatial_concat_kmeans	6	seed_11	success		not_evaluable	annotation_class_absent	1656	4	0	0		0.32781558919511866	0	0	0	0			False										6								False
Valdeolivas	A798015	SN124_A798015_Rep2	allowed	M1_spatial_concat_kmeans	6	seed_23	success		not_evaluable	annotation_class_absent	1656	4	0	0		0.32781558919511866	0	0	0	0			False										6								False
Valdeolivas	A798015	SN124_A798015_Rep2	allowed	M1_spatial_concat_kmeans	6	seed_37	success		not_evaluable	annotation_class_absent	1656	4	0	0		0.32781558919511866	0	0	0	0			False										6								False
Valdeolivas	A798015	SN124_A798015_Rep2	allowed	M2_spatial_ward	4	neighbors_4	success		not_evaluable	annotation_class_absent	1656	4	0	0		0.32781558919511866	0	0	0	0			False										4								False
Valdeolivas	A798015	SN124_A798015_Rep2	allowed	M2_spatial_ward	4	neighbors_6	success		not_evaluable	annotation_class_absent	1656	4	0	0		0.32781558919511866	0	0	0	0			False										4								False
Valdeolivas	A798015	SN124_A798015_Rep2	allowed	M2_spatial_ward	4	neighbors_8	success		not_evaluable	annotation_class_absent	1656	4	0	0		0.32781558919511866	0	0	0	0			False										4								False
Valdeolivas	A798015	SN124_A798015_Rep2	allowed	M2_spatial_ward	6	neighbors_4	success		not_evaluable	annotation_class_absent	1656	4	0	0		0.32781558919511866	0	0	0	0			False										6								False
Valdeolivas	A798015	SN124_A798015_Rep2	allowed	M2_spatial_ward	6	neighbors_6	success		not_evaluable	annotation_class_absent	1656	4	0	0		0.32781558919511866	0	0	0	0			False										6								False
Valdeolivas	A798015	SN124_A798015_Rep2	allowed	M2_spatial_ward	6	neighbors_8	success		not_evaluable	annotation_class_absent	1656	4	0	0		0.32781558919511866	0	0	0	0			False										6								False
Valdeolivas	A798015	SN124_A798015_Rep2	allowed	M3_spatial_leiden	4	seed_11	success		not_evaluable	annotation_class_absent	1656	4	0	0		0.32781558919511866	0	0	0	0			False										4	0.1							False
Valdeolivas	A798015	SN124_A798015_Rep2	allowed	M3_spatial_leiden	4	seed_23	success		not_evaluable	annotation_class_absent	1656	4	0	0		0.32781558919511866	0	0	0	0			False										4	0.1							False
Valdeolivas	A798015	SN124_A798015_Rep2	allowed	M3_spatial_leiden	4	seed_37	success		not_evaluable	annotation_class_absent	1656	4	0	0		0.32781558919511866	0	0	0	0			False										4	0.1							False
Valdeolivas	A798015	SN124_A798015_Rep2	allowed	M3_spatial_leiden	6	seed_11	success		not_evaluable	annotation_class_absent	1656	4	0	0		0.32781558919511866	0	0	0	0			False										6	0.16817928305074292							False
Valdeolivas	A798015	SN124_A798015_Rep2	allowed	M3_spatial_leiden	6	seed_23	success		not_evaluable	annotation_class_absent	1656	4	0	0		0.32781558919511866	0	0	0	0			False										6	0.2							False
Valdeolivas	A798015	SN124_A798015_Rep2	allowed	M3_spatial_leiden	6	seed_37	success		not_evaluable	annotation_class_absent	1656	4	0	0		0.32781558919511866	0	0	0	0			False										6	0.2							False
Valdeolivas	A798015	SN124_A798015_Rep2	withheld	M0_expr_kmeans	4	seed_11	success		not_evaluable	annotation_class_absent	1656	0	0	0		0.32781558919511866	0	0	0	0			False										4								False
Valdeolivas	A798015	SN124_A798015_Rep2	withheld	M0_expr_kmeans	4	seed_23	success		not_evaluable	annotation_class_absent	1656	0	0	0		0.32781558919511866	0	0	0	0			False										4								False
Valdeolivas	A798015	SN124_A798015_Rep2	withheld	M0_expr_kmeans	4	seed_37	success		not_evaluable	annotation_class_absent	1656	0	0	0		0.32781558919511866	0	0	0	0			False										4								False
Valdeolivas	A798015	SN124_A798015_Rep2	withheld	M0_expr_kmeans	6	seed_11	success		not_evaluable	annotation_class_absent	1656	0	0	0		0.32781558919511866	0	0	0	0			False										6								False
Valdeolivas	A798015	SN124_A798015_Rep2	withheld	M0_expr_kmeans	6	seed_23	success		not_evaluable	annotation_class_absent	1656	0	0	0		0.32781558919511866	0	0	0	0			False										6								False
Valdeolivas	A798015	SN124_A798015_Rep2	withheld	M0_expr_kmeans	6	seed_37	success		not_evaluable	annotation_class_absent	1656	0	0	0		0.32781558919511866	0	0	0	0			False										6								False
Valdeolivas	A798015	SN124_A798015_Rep2	withheld	M1_spatial_concat_kmeans	4	seed_11	success		not_evaluable	annotation_class_absent	1656	0	0	0		0.32781558919511866	0	0	0	0			False										4								False
Valdeolivas	A798015	SN124_A798015_Rep2	withheld	M1_spatial_concat_kmeans	4	seed_23	success		not_evaluable	annotation_class_absent	1656	0	0	0		0.32781558919511866	0	0	0	0			False										4								False
Valdeolivas	A798015	SN124_A798015_Rep2	withheld	M1_spatial_concat_kmeans	4	seed_37	success		not_evaluable	annotation_class_absent	1656	0	0	0		0.32781558919511866	0	0	0	0			False										4								False
Valdeolivas	A798015	SN124_A798015_Rep2	withheld	M1_spatial_concat_kmeans	6	seed_11	success		not_evaluable	annotation_class_absent	1656	0	0	0		0.32781558919511866	0	0	0	0			False										6								False
Valdeolivas	A798015	SN124_A798015_Rep2	withheld	M1_spatial_concat_kmeans	6	seed_23	success		not_evaluable	annotation_class_absent	1656	0	0	0		0.32781558919511866	0	0	0	0			False										6								False
Valdeolivas	A798015	SN124_A798015_Rep2	withheld	M1_spatial_concat_kmeans	6	seed_37	success		not_evaluable	annotation_class_absent	1656	0	0	0		0.32781558919511866	0	0	0	0			False										6								False
Valdeolivas	A798015	SN124_A798015_Rep2	withheld	M2_spatial_ward	4	neighbors_4	success		not_evaluable	annotation_class_absent	1656	0	0	0		0.32781558919511866	0	0	0	0			False										4								False
Valdeolivas	A798015	SN124_A798015_Rep2	withheld	M2_spatial_ward	4	neighbors_6	success		not_evaluable	annotation_class_absent	1656	0	0	0		0.32781558919511866	0	0	0	0			False										4								False
Valdeolivas	A798015	SN124_A798015_Rep2	withheld	M2_spatial_ward	4	neighbors_8	success		not_evaluable	annotation_class_absent	1656	0	0	0		0.32781558919511866	0	0	0	0			False										4								False
Valdeolivas	A798015	SN124_A798015_Rep2	withheld	M2_spatial_ward	6	neighbors_4	success		not_evaluable	annotation_class_absent	1656	0	0	0		0.32781558919511866	0	0	0	0			False										6								False
Valdeolivas	A798015	SN124_A798015_Rep2	withheld	M2_spatial_ward	6	neighbors_6	success		not_evaluable	annotation_class_absent	1656	0	0	0		0.32781558919511866	0	0	0	0			False										6								False
Valdeolivas	A798015	SN124_A798015_Rep2	withheld	M2_spatial_ward	6	neighbors_8	success		not_evaluable	annotation_class_absent	1656	0	0	0		0.32781558919511866	0	0	0	0			False										6								False
Valdeolivas	A798015	SN124_A798015_Rep2	withheld	M3_spatial_leiden	4	seed_11	success		not_evaluable	annotation_class_absent	1656	0	0	0		0.32781558919511866	0	0	0	0			False										4	0.1							False
Valdeolivas	A798015	SN124_A798015_Rep2	withheld	M3_spatial_leiden	4	seed_23	success		not_evaluable	annotation_class_absent	1656	0	0	0		0.32781558919511866	0	0	0	0			False										4	0.1							False
Valdeolivas	A798015	SN124_A798015_Rep2	withheld	M3_spatial_leiden	4	seed_37	success		not_evaluable	annotation_class_absent	1656	0	0	0		0.32781558919511866	0	0	0	0			False										4	0.1							False
Valdeolivas	A798015	SN124_A798015_Rep2	withheld	M3_spatial_leiden	6	seed_11	success		not_evaluable	annotation_class_absent	1656	0	0	0		0.32781558919511866	0	0	0	0			False										6	0.2							False
Valdeolivas	A798015	SN124_A798015_Rep2	withheld	M3_spatial_leiden	6	seed_23	success		not_evaluable	annotation_class_absent	1656	0	0	0		0.32781558919511866	0	0	0	0			False										6	0.18340080864093425							False
Valdeolivas	A798015	SN124_A798015_Rep2	withheld	M3_spatial_leiden	6	seed_37	success		not_evaluable	annotation_class_absent	1656	0	0	0		0.32781558919511866	0	0	0	0			False										6	0.14142135623730953							False
Valdeolivas	A938797	SN124_A938797_Rep2	allowed	M0_expr_kmeans	4	seed_11	success		not_evaluable	selected_band_support_below_threshold	1691	3	181	336	-0.1712400744863125	0.20480720942550623	17	195	5	17	2.0	4.0	False	-0.01167843956870751	0.159561634917605	0.7790821200346552	0.09392265193370165	0.5803571428571429	0.8770949720670391				4								False
Valdeolivas	A938797	SN124_A938797_Rep2	allowed	M0_expr_kmeans	4	seed_23	success		not_evaluable	selected_band_support_below_threshold	1691	3	181	336	-0.1712400744863125	0.20480720942550623	17	196	5	17	3.0	1.0	False	-0.011142359740798469	0.16009771474551404	0.7816996051779407	0.09392265193370165	0.5833333333333334	0.8775510204081632				4								False
Valdeolivas	A938797	SN124_A938797_Rep2	allowed	M0_expr_kmeans	4	seed_37	success		not_evaluable	selected_band_support_below_threshold	1691	3	181	336	-0.1712400744863125	0.20480720942550623	17	190	5	17	4.0	2.0	False	-0.013096063123807955	0.15814401136250456	0.7721603736807209	0.09392265193370165	0.5654761904761905	0.8759398496240601				4								False
Valdeolivas	A938797	SN124_A938797_Rep2	allowed	M0_expr_kmeans	6	seed_11	success		success		1691	3	181	336	-0.1712400744863125	0.20480720942550623	48	196	12	15	4.0	6.0	False	-0.04058890503994905	0.13065116944636346	0.6379227069830504	0.26519337016574585	0.5833333333333334	0.9170731707317074	0.5001502822623544	0.23920560154330364		6		0.028216785842831382	jbcb-readout-withholding-20261007-v1|Valdeolivas|SN124_A938797_Rep2|M0_expr_kmeans|6|seed_11|count_only	1000.0	0.08166013771532987	jbcb-readout-withholding-20261007-v1|Valdeolivas|SN124_A938797_Rep2|M0_expr_kmeans|6|seed_11|block_matched	1000.0	True
Valdeolivas	A938797	SN124_A938797_Rep2	allowed	M0_expr_kmeans	6	seed_23	success		success		1691	3	181	336	-0.1712400744863125	0.20480720942550623	47	190	11	15	1.0	5.0	False	-0.06053837375523852	0.110701700731074	0.5405166206873158	0.2596685082872928	0.5654761904761905	0.9177057356608479	0.41466481899339686	0.15364404224623854		6		0.025775356306103725	jbcb-readout-withholding-20261007-v1|Valdeolivas|SN124_A938797_Rep2|M0_expr_kmeans|6|seed_23|count_only	1000.0	0.07923429319376729	jbcb-readout-withholding-20261007-v1|Valdeolivas|SN124_A938797_Rep2|M0_expr_kmeans|6|seed_23|block_matched	1000.0	True
Valdeolivas	A938797	SN124_A938797_Rep2	allowed	M0_expr_kmeans	6	seed_37	success		success		1691	3	181	336	-0.1712400744863125	0.20480720942550623	46	189	11	15	1.0	6.0	False	-0.06311177754836295	0.10812829693794956	0.5279516147954678	0.2541436464088398	0.5625	0.9172932330827067	0.3850341801188004	0.13486390353617336		6		0.02927052097438032	jbcb-readout-withholding-20261007-v1|Valdeolivas|SN124_A938797_Rep2|M0_expr_kmeans|6|seed_37|count_only	1000.0	0.08050719720247523	jbcb-readout-withholding-20261007-v1|Valdeolivas|SN124_A938797_Rep2|M0_expr_kmeans|6|seed_37|block_matched	1000.0	True
Valdeolivas	A938797	SN124_A938797_Rep2	allowed	M1_spatial_concat_kmeans	4	seed_11	success		not_evaluable	selected_band_support_below_threshold	1691	3	181	336	-0.1712400744863125	0.20480720942550623	17	189	5	17	2.0	3.0	False	-0.014513686678908622	0.1567263878074039	0.7652386273267856	0.09392265193370165	0.5625	0.8752362948960303				4								False
Valdeolivas	A938797	SN124_A938797_Rep2	allowed	M1_spatial_concat_kmeans	4	seed_23	success		not_evaluable	selected_band_support_below_threshold	1691	3	181	336	-0.1712400744863125	0.20480720942550623	17	190	5	17	2.0	4.0	False	-0.013096063123807955	0.15814401136250456	0.7721603736807209	0.09392265193370165	0.5654761904761905	0.8757062146892656				4								False
Valdeolivas	A938797	SN124_A938797_Rep2	allowed	M1_spatial_concat_kmeans	4	seed_37	success		not_evaluable	selected_band_support_below_threshold	1691	3	181	336	-0.1712400744863125	0.20480720942550623	17	190	5	17	3.0	2.0	False	-0.013096063123807955	0.15814401136250456	0.7721603736807209	0.09392265193370165	0.5654761904761905	0.8757062146892656				4								False
Valdeolivas	A938797	SN124_A938797_Rep2	allowed	M1_spatial_concat_kmeans	6	seed_11	success		success		1691	3	181	336	-0.1712400744863125	0.20480720942550623	48	196	12	15	4.0	6.0	False	-0.04058890503994905	0.13065116944636346	0.6379227069830504	0.26519337016574585	0.5833333333333334	0.9170731707317074	0.5069690646922681	0.23917080154157103		6		0.026820250041681093	jbcb-readout-withholding-20261007-v1|Valdeolivas|SN124_A938797_Rep2|M1_spatial_concat_kmeans|6|seed_11|count_only	1000.0	0.08166726500657273	jbcb-readout-withholding-20261007-v1|Valdeolivas|SN124_A938797_Rep2|M1_spatial_concat_kmeans|6|seed_11|block_matched	1000.0	True
Valdeolivas	A938797	SN124_A938797_Rep2	allowed	M1_spatial_concat_kmeans	6	seed_23	success		success		1691	3	181	336	-0.1712400744863125	0.20480720942550623	48	196	12	15	2.0	3.0	False	-0.04058890503994905	0.13065116944636346	0.6379227069830504	0.26519337016574585	0.5833333333333334	0.9148418491484185	0.4966374073270979	0.23917471865063042		6		0.028936247955382077	jbcb-readout-withholding-20261007-v1|Valdeolivas|SN124_A938797_Rep2|M1_spatial_concat_kmeans|6|seed_23|count_only	1000.0	0.08166646275439726	jbcb-readout-withholding-20261007-v1|Valdeolivas|SN124_A938797_Rep2|M1_spatial_concat_kmeans|6|seed_23|block_matched	1000.0	True
Valdeolivas	A938797	SN124_A938797_Rep2	allowed	M1_spatial_concat_kmeans	6	seed_37	success		success		1691	3	181	336	-0.1712400744863125	0.20480720942550623	48	196	12	15	2.0	1.0	False	-0.04058890503994905	0.13065116944636346	0.6379227069830504	0.26519337016574585	0.5833333333333334	0.9148418491484185	0.5006882660103265	0.2479032164824146		6		0.028106602892692956	jbcb-readout-withholding-20261007-v1|Valdeolivas|SN124_A938797_Rep2|M1_spatial_concat_kmeans|6|seed_37|count_only	1000.0	0.07987880347099297	jbcb-readout-withholding-20261007-v1|Valdeolivas|SN124_A938797_Rep2|M1_spatial_concat_kmeans|6|seed_37|block_matched	1000.0	True
Valdeolivas	A938797	SN124_A938797_Rep2	allowed	M2_spatial_ward	4	neighbors_4	success		success		1691	3	181	336	-0.1712400744863125	0.20480720942550623	52	169	8	12	4.0	1.0	False	-0.07285706594449248	0.09838300854182003	0.4803688738193785	0.287292817679558	0.5029761904761905	0.8201680672268907	0.3439226831521729	0.16505834611759582		4		0.02794516354729093	jbcb-readout-withholding-20261007-v1|Valdeolivas|SN124_A938797_Rep2|M2_spatial_ward|4|neighbors_4|count_only	1000.0	0.06457786928108589	jbcb-readout-withholding-20261007-v1|Valdeolivas|SN124_A938797_Rep2|M2_spatial_ward|4|neighbors_4|block_matched	1000.0	True
Valdeolivas	A938797	SN124_A938797_Rep2	allowed	M2_spatial_ward	4	neighbors_6	success		success		1691	3	181	336	-0.1712400744863125	0.20480720942550623	61	234	10	16	4.0	2.0	False	-0.06401198301484623	0.10722809147146628	0.5235562350185137	0.3370165745856354	0.6964285714285714	0.8251748251748252	0.4153232409770146	0.17715579993728078		4		0.022166897477406855	jbcb-readout-withholding-20261007-v1|Valdeolivas|SN124_A938797_Rep2|M2_spatial_ward|4|neighbors_6|count_only	1000.0	0.07094530645276853	jbcb-readout-withholding-20261007-v1|Valdeolivas|SN124_A938797_Rep2|M2_spatial_ward|4|neighbors_6|block_matched	1000.0	True
Valdeolivas	A938797	SN124_A938797_Rep2	allowed	M2_spatial_ward	4	neighbors_8	success		not_evaluable	selected_band_support_below_threshold	1691	3	181	336	-0.1712400744863125	0.20480720942550623	10	59	4	8	2.0	4.0	False	-0.1394777433531802	0.031762331133132315	0.155084048174999	0.055248618784530384	0.17559523809523808	0.7843137254901961				4								False
Valdeolivas	A938797	SN124_A938797_Rep2	allowed	M2_spatial_ward	6	neighbors_4	success		success		1691	3	181	336	-0.1712400744863125	0.20480720942550623	52	145	8	10	6.0	2.0	False	-0.08130928609245447	0.08993078839385804	0.4390997203961623	0.287292817679558	0.43154761904761907	0.8288043478260869	0.30757291219128485	0.20469401524763278		6		0.02693763855308473	jbcb-readout-withholding-20261007-v1|Valdeolivas|SN124_A938797_Rep2|M2_spatial_ward|6|neighbors_4|count_only	1000.0	0.04800797834488835	jbcb-readout-withholding-20261007-v1|Valdeolivas|SN124_A938797_Rep2|M2_spatial_ward|6|neighbors_4|block_matched	1000.0	True
Valdeolivas	A938797	SN124_A938797_Rep2	allowed	M2_spatial_ward	6	neighbors_6	success		not_evaluable	selected_band_support_below_threshold	1691	3	181	336	-0.1712400744863125	0.20480720942550623	4	43	2	6	4.0	5.0	False	-0.07386692931981198	0.09737314516650053	0.47543807388244164	0.022099447513812154	0.12797619047619047	0.8380281690140845				6								False
Valdeolivas	A938797	SN124_A938797_Rep2	allowed	M2_spatial_ward	6	neighbors_8	success		not_evaluable	selected_band_support_below_threshold	1691	3	181	336	-0.1712400744863125	0.20480720942550623	10	59	4	8	5.0	4.0	False	-0.1394777433531802	0.031762331133132315	0.155084048174999	0.055248618784530384	0.17559523809523808	0.7843137254901961				6								False
Valdeolivas	A938797	SN124_A938797_Rep2	allowed	M3_spatial_leiden	4	seed_11	success		success		1691	3	181	336	-0.1712400744863125	0.20480720942550623	38	130	9	8	2.0	3.0	False	-0.04766922523016337	0.12357084925614914	0.6033520480200435	0.20994475138121546	0.3869047619047619	0.7315789473684211	0.4383408537856327	0.18815069688841424		4	0.11892071150027213	0.033795482215119854	jbcb-readout-withholding-20261007-v1|Valdeolivas|SN124_A938797_Rep2|M3_spatial_leiden|4|seed_11|count_only	1000.0	0.08503623007496874	jbcb-readout-withholding-20261007-v1|Valdeolivas|SN124_A938797_Rep2|M3_spatial_leiden|4|seed_11|block_matched	1000.0	True
Valdeolivas	A938797	SN124_A938797_Rep2	allowed	M3_spatial_leiden	4	seed_23	success		success		1691	3	181	336	-0.1712400744863125	0.20480720942550623	22	82	4	7	4.0	3.0	False	-0.0364343740961357	0.1348057003901768	0.6582077885261611	0.12154696132596685	0.24404761904761904	0.8015463917525774	0.3985264232160172	-0.12305425742031183		4	0.11892071150027213	0.05318461576897604	jbcb-readout-withholding-20261007-v1|Valdeolivas|SN124_A938797_Rep2|M3_spatial_leiden|4|seed_23|count_only	1000.0	0.16000809946035877	jbcb-readout-withholding-20261007-v1|Valdeolivas|SN124_A938797_Rep2|M3_spatial_leiden|4|seed_23|block_matched	1000.0	True
Valdeolivas	A938797	SN124_A938797_Rep2	allowed	M3_spatial_leiden	4	seed_37	success		success		1691	3	181	336	-0.1712400744863125	0.20480720942550623	31	95	6	8	3.0	2.0	False	0.030435613912673354	0.20167568839898586	0.9847099082336778	0.1712707182320442	0.28273809523809523	0.7985948477751756	0.7741627087158209	0.28089983053333023		4	0.1	0.043121584385607536	jbcb-readout-withholding-20261007-v1|Valdeolivas|SN124_A938797_Rep2|M3_spatial_leiden|4|seed_37|count_only	1000.0	0.1441453779793569	jbcb-readout-withholding-20261007-v1|Valdeolivas|SN124_A938797_Rep2|M3_spatial_leiden|4|seed_37|block_matched	1000.0	True
Valdeolivas	A938797	SN124_A938797_Rep2	allowed	M3_spatial_leiden	6	seed_11	success		not_evaluable	selected_band_support_below_threshold	1691	3	181	336	-0.1712400744863125	0.20480720942550623	17	66	4	7	3.0	4.0	False	0.020291291539277223	0.19153136602558973	0.9351788277514456	0.09392265193370165	0.19642857142857142	0.7977099236641222				6	0.2							False
Valdeolivas	A938797	SN124_A938797_Rep2	allowed	M3_spatial_leiden	6	seed_23	success		not_evaluable	selected_band_support_below_threshold	1691	3	181	336	-0.1712400744863125	0.20480720942550623	15	59	4	6	3.0	6.0	False	-0.016121868261298467	0.15511820622501404	0.7573864546083502	0.08287292817679558	0.17559523809523808	0.8370786516853933				6	0.16817928305074292							False
Valdeolivas	A938797	SN124_A938797_Rep2	allowed	M3_spatial_leiden	6	seed_37	success		success		1691	3	181	336	-0.1712400744863125	0.20480720942550623	21	84	6	8	1.0	3.0	False	-0.07594734934334246	0.09529272514297005	0.46528013056899015	0.11602209944751381	0.25	0.8282828282828283	0.2134507629928774	0.21605770977818295		6	0.2	0.05157647002465371	jbcb-readout-withholding-20261007-v1|Valdeolivas|SN124_A938797_Rep2|M3_spatial_leiden|6|seed_37|count_only	1000.0	0.051042548528434484	jbcb-readout-withholding-20261007-v1|Valdeolivas|SN124_A938797_Rep2|M3_spatial_leiden|6|seed_37|block_matched	1000.0	True
Valdeolivas	A938797	SN124_A938797_Rep2	withheld	M0_expr_kmeans	4	seed_11	success		not_evaluable	selected_band_support_below_threshold	1691	0	181	336	-0.1712400744863125	0.20480720942550623	18	199	6	17	4.0	1.0	False	-0.021570210776772347	0.14966986370954016	0.7307841561308858	0.09944751381215469	0.5922619047619048	0.8775137111517367				4								False
Valdeolivas	A938797	SN124_A938797_Rep2	withheld	M0_expr_kmeans	4	seed_23	success		not_evaluable	selected_band_support_below_threshold	1691	0	181	336	-0.1712400744863125	0.20480720942550623	17	197	5	17	3.0	1.0	False	-0.010606279912889649	0.16063379457342286	0.7843170903212252	0.09392265193370165	0.5863095238095238	0.8777777777777778				4								False
Valdeolivas	A938797	SN124_A938797_Rep2	withheld	M0_expr_kmeans	4	seed_37	success		not_evaluable	selected_band_support_below_threshold	1691	0	181	336	-0.1712400744863125	0.20480720942550623	18	198	6	17	2.0	1.0	False	-0.022987834331872792	0.14825224015443972	0.7238624097769515	0.09944751381215469	0.5892857142857143	0.8770642201834863				4								False
Valdeolivas	A938797	SN124_A938797_Rep2	withheld	M0_expr_kmeans	6	seed_11	success		success		1691	0	181	336	-0.1712400744863125	0.20480720942550623	48	196	12	15	3.0	6.0	False	-0.04058890503994905	0.13065116944636346	0.6379227069830504	0.26519337016574585	0.5833333333333334	0.9170731707317074	0.5001502822623544	0.23920560154330364		6		0.028216785842831382	jbcb-readout-withholding-20261007-v1|Valdeolivas|SN124_A938797_Rep2|M0_expr_kmeans|6|seed_11|count_only	1000.0	0.08166013771532987	jbcb-readout-withholding-20261007-v1|Valdeolivas|SN124_A938797_Rep2|M0_expr_kmeans|6|seed_11|block_matched	1000.0	True
Valdeolivas	A938797	SN124_A938797_Rep2	withheld	M0_expr_kmeans	6	seed_23	success		success		1691	0	181	336	-0.1712400744863125	0.20480720942550623	48	196	12	15	2.0	6.0	False	-0.04058890503994905	0.13065116944636346	0.6379227069830504	0.26519337016574585	0.5833333333333334	0.9170731707317074	0.5025250532166765	0.23920560154330364		6		0.027730415630651928	jbcb-readout-withholding-20261007-v1|Valdeolivas|SN124_A938797_Rep2|M0_expr_kmeans|6|seed_23|count_only	1000.0	0.08166013771532987	jbcb-readout-withholding-20261007-v1|Valdeolivas|SN124_A938797_Rep2|M0_expr_kmeans|6|seed_23|block_matched	1000.0	True
Valdeolivas	A938797	SN124_A938797_Rep2	withheld	M0_expr_kmeans	6	seed_37	success		success		1691	0	181	336	-0.1712400744863125	0.20480720942550623	48	196	12	15	1.0	2.0	False	-0.04058890503994905	0.13065116944636346	0.6379227069830504	0.26519337016574585	0.5833333333333334	0.9170731707317074	0.5083670851781151	0.23403873657231627		6		0.026533925367255073	jbcb-readout-withholding-20261007-v1|Valdeolivas|SN124_A938797_Rep2|M0_expr_kmeans|6|seed_37|count_only	1000.0	0.08271834891151619	jbcb-readout-withholding-20261007-v1|Valdeolivas|SN124_A938797_Rep2|M0_expr_kmeans|6|seed_37|block_matched	1000.0	True
Valdeolivas	A938797	SN124_A938797_Rep2	withheld	M1_spatial_concat_kmeans	4	seed_11	success		not_evaluable	selected_band_support_below_threshold	1691	0	181	336	-0.1712400744863125	0.20480720942550623	17	190	5	17	4.0	1.0	False	-0.013096063123807955	0.15814401136250456	0.7721603736807209	0.09392265193370165	0.5654761904761905	0.8757062146892656				4								False
Valdeolivas	A938797	SN124_A938797_Rep2	withheld	M1_spatial_concat_kmeans	4	seed_23	success		not_evaluable	selected_band_support_below_threshold	1691	0	181	336	-0.1712400744863125	0.20480720942550623	17	190	5	17	2.0	4.0	False	-0.013096063123807955	0.15814401136250456	0.7721603736807209	0.09392265193370165	0.5654761904761905	0.8757062146892656				4								False
Valdeolivas	A938797	SN124_A938797_Rep2	withheld	M1_spatial_concat_kmeans	4	seed_37	success		not_evaluable	selected_band_support_below_threshold	1691	0	181	336	-0.1712400744863125	0.20480720942550623	17	190	5	17	3.0	2.0	False	-0.013096063123807955	0.15814401136250456	0.7721603736807209	0.09392265193370165	0.5654761904761905	0.8757062146892656				4								False
Valdeolivas	A938797	SN124_A938797_Rep2	withheld	M1_spatial_concat_kmeans	6	seed_11	success		success		1691	0	181	336	-0.1712400744863125	0.20480720942550623	48	196	12	15	4.0	6.0	False	-0.04058890503994905	0.13065116944636346	0.6379227069830504	0.26519337016574585	0.5833333333333334	0.9170731707317074	0.5069690646922681	0.23917080154157103		6		0.026820250041681093	jbcb-readout-withholding-20261007-v1|Valdeolivas|SN124_A938797_Rep2|M1_spatial_concat_kmeans|6|seed_11|count_only	1000.0	0.08166726500657273	jbcb-readout-withholding-20261007-v1|Valdeolivas|SN124_A938797_Rep2|M1_spatial_concat_kmeans|6|seed_11|block_matched	1000.0	True
Valdeolivas	A938797	SN124_A938797_Rep2	withheld	M1_spatial_concat_kmeans	6	seed_23	success		success		1691	0	181	336	-0.1712400744863125	0.20480720942550623	48	196	12	15	2.0	4.0	False	-0.04058890503994905	0.13065116944636346	0.6379227069830504	0.26519337016574585	0.5833333333333334	0.9170731707317074	0.4966374073270979	0.23917471865063042		6		0.028936247955382077	jbcb-readout-withholding-20261007-v1|Valdeolivas|SN124_A938797_Rep2|M1_spatial_concat_kmeans|6|seed_23|count_only	1000.0	0.08166646275439726	jbcb-readout-withholding-20261007-v1|Valdeolivas|SN124_A938797_Rep2|M1_spatial_concat_kmeans|6|seed_23|block_matched	1000.0	True
Valdeolivas	A938797	SN124_A938797_Rep2	withheld	M1_spatial_concat_kmeans	6	seed_37	success		success		1691	0	181	336	-0.1712400744863125	0.20480720942550623	48	196	12	15	1.0	2.0	False	-0.04058890503994905	0.13065116944636346	0.6379227069830504	0.26519337016574585	0.5833333333333334	0.9170731707317074	0.5006882660103265	0.2479032164824146		6		0.028106602892692956	jbcb-readout-withholding-20261007-v1|Valdeolivas|SN124_A938797_Rep2|M1_spatial_concat_kmeans|6|seed_37|count_only	1000.0	0.07987880347099297	jbcb-readout-withholding-20261007-v1|Valdeolivas|SN124_A938797_Rep2|M1_spatial_concat_kmeans|6|seed_37|block_matched	1000.0	True
Valdeolivas	A938797	SN124_A938797_Rep2	withheld	M2_spatial_ward	4	neighbors_4	success		success		1691	0	181	336	-0.1712400744863125	0.20480720942550623	30	148	8	12	4.0	3.0	False	-0.05612021247474952	0.11511986201156299	0.5620889144209307	0.16574585635359115	0.44047619047619047	0.8336594911937377	0.36247834393255884	0.26355473936717716		4		0.04088168391355673	jbcb-readout-withholding-20261007-v1|Valdeolivas|SN124_A938797_Rep2|M2_spatial_ward|4|neighbors_4|count_only	1000.0	0.06114195131090483	jbcb-readout-withholding-20261007-v1|Valdeolivas|SN124_A938797_Rep2|M2_spatial_ward|4|neighbors_4|block_matched	1000.0	True
Valdeolivas	A938797	SN124_A938797_Rep2	withheld	M2_spatial_ward	4	neighbors_6	success		success		1691	0	181	336	-0.1712400744863125	0.20480720942550623	63	230	9	16	4.0	2.0	False	-0.09613672249860006	0.07510335198771245	0.36670267710976023	0.34806629834254144	0.6845238095238095	0.7951153324287653	0.26170838693101434	0.06645955261735803		4		0.021503587577120786	jbcb-readout-withholding-20261007-v1|Valdeolivas|SN124_A938797_Rep2|M2_spatial_ward|4|neighbors_6|count_only	1000.0	0.061491956476483756	jbcb-readout-withholding-20261007-v1|Valdeolivas|SN124_A938797_Rep2|M2_spatial_ward|4|neighbors_6|block_matched	1000.0	True
Valdeolivas	A938797	SN124_A938797_Rep2	withheld	M2_spatial_ward	4	neighbors_8	success		not_evaluable	selected_band_support_below_threshold	1691	0	181	336	-0.1712400744863125	0.20480720942550623	0	25	0	5	2.0	4.0	False				0.0	0.0744047619047619	0.8044444444444444				4								False
Valdeolivas	A938797	SN124_A938797_Rep2	withheld	M2_spatial_ward	6	neighbors_4	success		success		1691	0	181	336	-0.1712400744863125	0.20480720942550623	28	124	7	10	5.0	3.0	False	-0.08031099486890514	0.09092907961740737	0.4439740176748059	0.15469613259668508	0.36904761904761907	0.8540925266903915	0.24326407195047622	0.22499162204994821		6		0.04110684388774477	jbcb-readout-withholding-20261007-v1|Valdeolivas|SN124_A938797_Rep2|M2_spatial_ward|6|neighbors_4|count_only	1000.0	0.04484917336123928	jbcb-readout-withholding-20261007-v1|Valdeolivas|SN124_A938797_Rep2|M2_spatial_ward|6|neighbors_4|block_matched	1000.0	True
Valdeolivas	A938797	SN124_A938797_Rep2	withheld	M2_spatial_ward	6	neighbors_6	success		not_evaluable	selected_band_support_below_threshold	1691	0	181	336	-0.1712400744863125	0.20480720942550623	4	43	2	6	4.0	5.0	False	-0.07386692931981198	0.09737314516650053	0.47543807388244164	0.022099447513812154	0.12797619047619047	0.8380281690140845				6								False
Valdeolivas	A938797	SN124_A938797_Rep2	withheld	M2_spatial_ward	6	neighbors_8	success		not_evaluable	selected_band_support_below_threshold	1691	0	181	336	-0.1712400744863125	0.20480720942550623	0	25	0	5	5.0	4.0	False				0.0	0.0744047619047619	0.8044444444444444				6								False
Valdeolivas	A938797	SN124_A938797_Rep2	withheld	M3_spatial_leiden	4	seed_11	success		success		1691	0	181	336	-0.1712400744863125	0.20480720942550623	54	80	6	7	4.0	3.0	False	-0.060883499263698404	0.1103565752226141	0.538831496860728	0.2983425414364641	0.23809523809523808	0.7477477477477478	0.38271217552916237	0.20604052177232765		4	0.11892071150027213	0.03197436253932184	jbcb-readout-withholding-20261007-v1|Valdeolivas|SN124_A938797_Rep2|M3_spatial_leiden|4|seed_11|count_only	1000.0	0.06815799092984842	jbcb-readout-withholding-20261007-v1|Valdeolivas|SN124_A938797_Rep2|M3_spatial_leiden|4|seed_11|block_matched	1000.0	True
Valdeolivas	A938797	SN124_A938797_Rep2	withheld	M3_spatial_leiden	4	seed_23	success		success		1691	0	181	336	-0.1712400744863125	0.20480720942550623	65	197	11	11	2.0	1.0	False	-0.0666018475183161	0.1046382269679964	0.5109108573936997	0.35911602209944754	0.5863095238095238	0.7234782608695652	0.4021481987160512	0.1301857188990623		4	0.1	0.022275376613468012	jbcb-readout-withholding-20261007-v1|Valdeolivas|SN124_A938797_Rep2|M3_spatial_leiden|4|seed_23|count_only	1000.0	0.07797525317322607	jbcb-readout-withholding-20261007-v1|Valdeolivas|SN124_A938797_Rep2|M3_spatial_leiden|4|seed_23|block_matched	1000.0	True
Valdeolivas	A938797	SN124_A938797_Rep2	withheld	M3_spatial_leiden	4	seed_37	success		success		1691	0	181	336	-0.1712400744863125	0.20480720942550623	85	122	9	10	4.0	1.0	False	-0.20254947953357827	0.03130940504726576	0.15287257287031106	0.4696132596685083	0.3630952380952381	0.7256493506493507	0.0395749125120577	-0.04217450930433234		4	0.1	0.023204177652412672	jbcb-readout-withholding-20261007-v1|Valdeolivas|SN124_A938797_Rep2|M3_spatial_leiden|4|seed_37|count_only	1000.0	0.039947048606776114	jbcb-readout-withholding-20261007-v1|Valdeolivas|SN124_A938797_Rep2|M3_spatial_leiden|4|seed_37|block_matched	1000.0	True
Valdeolivas	A938797	SN124_A938797_Rep2	withheld	M3_spatial_leiden	6	seed_11	success		success		1691	0	181	336	-0.1712400744863125	0.20480720942550623	25	95	5	6	5.0	6.0	False	-0.06702622517446688	0.10421384931184563	0.5088387738115779	0.13812154696132597	0.28273809523809523	0.8418803418803419	0.27548112133891034	0.14310943177553187		6	0.2	0.04779332960101412	jbcb-readout-withholding-20261007-v1|Valdeolivas|SN124_A938797_Rep2|M3_spatial_leiden|6|seed_11|count_only	1000.0	0.07490400594742908	jbcb-readout-withholding-20261007-v1|Valdeolivas|SN124_A938797_Rep2|M3_spatial_leiden|6|seed_11|block_matched	1000.0	False
Valdeolivas	A938797	SN124_A938797_Rep2	withheld	M3_spatial_leiden	6	seed_23	success		success		1691	0	181	336	-0.1712400744863125	0.20480720942550623	29	121	6	6	4.0	3.0	False	-0.02824833050490505	0.14299174398140746	0.698177297481402	0.16022099447513813	0.3601190476190476	0.852233676975945	0.49091730310152126	0.2410666650742836		6	0.2	0.04244834107448947	jbcb-readout-withholding-20261007-v1|Valdeolivas|SN124_A938797_Rep2|M3_spatial_leiden|6|seed_23|count_only	1000.0	0.09361955302203029	jbcb-readout-withholding-20261007-v1|Valdeolivas|SN124_A938797_Rep2|M3_spatial_leiden|6|seed_23|block_matched	1000.0	False
Valdeolivas	A938797	SN124_A938797_Rep2	withheld	M3_spatial_leiden	6	seed_37	success		success		1691	0	181	336	-0.1712400744863125	0.20480720942550623	58	163	10	9	5.0	1.0	False	-0.07237896603900462	0.09886110844730789	0.48270326383830875	0.32044198895027626	0.4851190476190476	0.8045454545454546	0.36610847321286877	0.07720974942587078		6	0.14142135623730953	0.023879453701547537	jbcb-readout-withholding-20261007-v1|Valdeolivas|SN124_A938797_Rep2|M3_spatial_leiden|6|seed_37|count_only	1000.0	0.08304799512695271	jbcb-readout-withholding-20261007-v1|Valdeolivas|SN124_A938797_Rep2|M3_spatial_leiden|6|seed_37|block_matched	1000.0	True
Valdeolivas	A120838	SN84_A120838_Rep1	allowed	M0_expr_kmeans	4	seed_11	success		not_evaluable	full_band_support_below_threshold	328	2	16	85	-0.36505938293728724	0.2693716899430536	1	48	1	10	3.0	2.0	False	0.10359283712832279	0.46865222006561	1.7397976014654146	0.0625	0.5647058823529412	0.9178082191780822				4								False
Valdeolivas	A120838	SN84_A120838_Rep1	allowed	M0_expr_kmeans	4	seed_23	success		not_evaluable	full_band_support_below_threshold	328	2	16	85	-0.36505938293728724	0.2693716899430536	1	48	1	10	3.0	2.0	False	0.10359283712832279	0.46865222006561	1.7397976014654146	0.0625	0.5647058823529412	0.9178082191780822				4								False
Valdeolivas	A120838	SN84_A120838_Rep1	allowed	M0_expr_kmeans	4	seed_37	success		not_evaluable	full_band_support_below_threshold	328	2	16	85	-0.36505938293728724	0.2693716899430536	1	48	1	10	3.0	2.0	False	0.10359283712832279	0.46865222006561	1.7397976014654146	0.0625	0.5647058823529412	0.9178082191780822				4								False
Valdeolivas	A120838	SN84_A120838_Rep1	allowed	M0_expr_kmeans	6	seed_11	success		not_evaluable	full_band_support_below_threshold	328	2	16	85	-0.36505938293728724	0.2693716899430536	0	33	0	8	3.0	6.0	False				0.0	0.38823529411764707	0.9310344827586207				6								False
Valdeolivas	A120838	SN84_A120838_Rep1	allowed	M0_expr_kmeans	6	seed_23	success		not_evaluable	full_band_support_below_threshold	328	2	16	85	-0.36505938293728724	0.2693716899430536	0	33	0	8	1.0	2.0	False				0.0	0.38823529411764707	0.9310344827586207				6								False
Valdeolivas	A120838	SN84_A120838_Rep1	allowed	M0_expr_kmeans	6	seed_37	success		not_evaluable	full_band_support_below_threshold	328	2	16	85	-0.36505938293728724	0.2693716899430536	0	40	0	9	1.0	4.0	False				0.0	0.47058823529411764	0.9354838709677419				6								False
Valdeolivas	A120838	SN84_A120838_Rep1	allowed	M1_spatial_concat_kmeans	4	seed_11	success		not_evaluable	full_band_support_below_threshold	328	2	16	85	-0.36505938293728724	0.2693716899430536	1	48	1	10	3.0	2.0	False	0.10359283712832279	0.46865222006561	1.7397976014654146	0.0625	0.5647058823529412	0.9178082191780822				4								False
Valdeolivas	A120838	SN84_A120838_Rep1	allowed	M1_spatial_concat_kmeans	4	seed_23	success		not_evaluable	full_band_support_below_threshold	328	2	16	85	-0.36505938293728724	0.2693716899430536	1	48	1	10	3.0	2.0	False	0.10359283712832279	0.46865222006561	1.7397976014654146	0.0625	0.5647058823529412	0.9178082191780822				4								False
Valdeolivas	A120838	SN84_A120838_Rep1	allowed	M1_spatial_concat_kmeans	4	seed_37	success		not_evaluable	full_band_support_below_threshold	328	2	16	85	-0.36505938293728724	0.2693716899430536	1	48	1	10	1.0	2.0	False	0.10359283712832279	0.46865222006561	1.7397976014654146	0.0625	0.5647058823529412	0.9178082191780822				4								False
Valdeolivas	A120838	SN84_A120838_Rep1	allowed	M1_spatial_concat_kmeans	6	seed_11	success		not_evaluable	full_band_support_below_threshold	328	2	16	85	-0.36505938293728724	0.2693716899430536	0	39	0	9	3.0	2.0	False				0.0	0.4588235294117647	0.9344262295081968				6								False
Valdeolivas	A120838	SN84_A120838_Rep1	allowed	M1_spatial_concat_kmeans	6	seed_23	success		not_evaluable	full_band_support_below_threshold	328	2	16	85	-0.36505938293728724	0.2693716899430536	0	40	0	9	3.0	2.0	False				0.0	0.47058823529411764	0.9354838709677419				6								False
Valdeolivas	A120838	SN84_A120838_Rep1	allowed	M1_spatial_concat_kmeans	6	seed_37	success		not_evaluable	full_band_support_below_threshold	328	2	16	85	-0.36505938293728724	0.2693716899430536	0	40	0	9	1.0	4.0	False				0.0	0.47058823529411764	0.9354838709677419				6								False
Valdeolivas	A120838	SN84_A120838_Rep1	allowed	M2_spatial_ward	4	neighbors_4	success		not_evaluable	full_band_support_below_threshold	328	2	16	85	-0.36505938293728724	0.2693716899430536	1	40	1	9	4.0	2.0	False	0.050619107214827874	0.4156784901521151	1.5431409671892078	0.0625	0.47058823529411764	0.8823529411764706				4								False
Valdeolivas	A120838	SN84_A120838_Rep1	allowed	M2_spatial_ward	4	neighbors_6	success		not_evaluable	full_band_support_below_threshold	328	2	16	85	-0.36505938293728724	0.2693716899430536	0	46	0	9	1.0	4.0	False				0.0	0.5411764705882353	0.8904109589041096				4								False
Valdeolivas	A120838	SN84_A120838_Rep1	allowed	M2_spatial_ward	4	neighbors_8	success		not_evaluable	full_band_support_below_threshold	328	2	16	85	-0.36505938293728724	0.2693716899430536	0	46	0	9	1.0	4.0	False				0.0	0.5411764705882353	0.8904109589041096				4								False
Valdeolivas	A120838	SN84_A120838_Rep1	allowed	M2_spatial_ward	6	neighbors_4	success		not_evaluable	full_band_support_below_threshold	328	2	16	85	-0.36505938293728724	0.2693716899430536	2	29	1	6	2.0	6.0	False	-0.3864556544420018	0.02139627150471457	0.07943029020324237	0.125	0.3411764705882353	0.9272727272727272				6								False
Valdeolivas	A120838	SN84_A120838_Rep1	allowed	M2_spatial_ward	6	neighbors_6	success		not_evaluable	full_band_support_below_threshold	328	2	16	85	-0.36505938293728724	0.2693716899430536	0	46	0	9	6.0	2.0	False				0.0	0.5411764705882353	0.8904109589041096				6								False
Valdeolivas	A120838	SN84_A120838_Rep1	allowed	M2_spatial_ward	6	neighbors_8	success		not_evaluable	full_band_support_below_threshold	328	2	16	85	-0.36505938293728724	0.2693716899430536	0	46	0	9	6.0	2.0	False				0.0	0.5411764705882353	0.8904109589041096				6								False
Valdeolivas	A120838	SN84_A120838_Rep1	allowed	M3_spatial_leiden	4	seed_11	success		not_evaluable	full_band_support_below_threshold	328	2	16	85	-0.36505938293728724	0.2693716899430536	4	46	4	9	4.0	2.0	False	-0.30027533495798187	0.06478404797930537	0.2405005811598131	0.25	0.5411764705882353	0.6756756756756757				4	0.14142135623730953							False
Valdeolivas	A120838	SN84_A120838_Rep1	allowed	M3_spatial_leiden	4	seed_23	success		not_evaluable	full_band_support_below_threshold	328	2	16	85	-0.36505938293728724	0.2693716899430536	3	29	2	6	4.0	2.0	False	-0.016119798045757028	0.3489395848915302	1.2953832860657986	0.1875	0.3411764705882353	0.5824175824175825				4	0.14142135623730953							False
Valdeolivas	A120838	SN84_A120838_Rep1	allowed	M3_spatial_leiden	4	seed_37	success		not_evaluable	full_band_support_below_threshold	328	2	16	85	-0.36505938293728724	0.2693716899430536	5	34	4	6	4.0	2.0	False	-0.1737820187739082	0.19127736416337904	0.7100871075346334	0.3125	0.4	0.5636363636363636				4	0.14142135623730953							False
Valdeolivas	A120838	SN84_A120838_Rep1	allowed	M3_spatial_leiden	6	seed_11	success		not_evaluable	full_band_support_below_threshold	328	2	16	85	-0.36505938293728724	0.2693716899430536	0	42	0	8	6.0	2.0	False				0.0	0.49411764705882355	0.8873239436619719				6	0.5							False
Valdeolivas	A120838	SN84_A120838_Rep1	allowed	M3_spatial_leiden	6	seed_23	success		not_evaluable	full_band_support_below_threshold	328	2	16	85	-0.36505938293728724	0.2693716899430536	0	35	0	7	6.0	4.0	False				0.0	0.4117647058823529	0.8688524590163934				6	0.3546030780581205							False
Valdeolivas	A120838	SN84_A120838_Rep1	allowed	M3_spatial_leiden	6	seed_37	success		not_evaluable	full_band_support_below_threshold	328	2	16	85	-0.36505938293728724	0.2693716899430536	1	43	1	8	6.0	2.0	False	0.10725054226601571	0.47230992520330295	1.7533762560688966	0.0625	0.5058823529411764	0.8441558441558441				6	0.42107189294591996							False
Valdeolivas	A120838	SN84_A120838_Rep1	withheld	M0_expr_kmeans	4	seed_11	success		not_evaluable	full_band_support_below_threshold	328	0	16	85	-0.36505938293728724	0.2693716899430536	1	48	1	10	3.0	4.0	False	0.10359283712832279	0.46865222006561	1.7397976014654146	0.0625	0.5647058823529412	0.9178082191780822				4								False
Valdeolivas	A120838	SN84_A120838_Rep1	withheld	M0_expr_kmeans	4	seed_23	success		not_evaluable	full_band_support_below_threshold	328	0	16	85	-0.36505938293728724	0.2693716899430536	1	48	1	10	3.0	1.0	False	0.10359283712832279	0.46865222006561	1.7397976014654146	0.0625	0.5647058823529412	0.9178082191780822				4								False
Valdeolivas	A120838	SN84_A120838_Rep1	withheld	M0_expr_kmeans	4	seed_37	success		not_evaluable	full_band_support_below_threshold	328	0	16	85	-0.36505938293728724	0.2693716899430536	1	48	1	10	3.0	2.0	False	0.10359283712832279	0.46865222006561	1.7397976014654146	0.0625	0.5647058823529412	0.9178082191780822				4								False
Valdeolivas	A120838	SN84_A120838_Rep1	withheld	M0_expr_kmeans	6	seed_11	success		not_evaluable	full_band_support_below_threshold	328	0	16	85	-0.36505938293728724	0.2693716899430536	0	33	0	8	3.0	6.0	False				0.0	0.38823529411764707	0.9310344827586207				6								False
Valdeolivas	A120838	SN84_A120838_Rep1	withheld	M0_expr_kmeans	6	seed_23	success		not_evaluable	full_band_support_below_threshold	328	0	16	85	-0.36505938293728724	0.2693716899430536	0	40	0	9	3.0	2.0	False				0.0	0.47058823529411764	0.9354838709677419				6								False
Valdeolivas	A120838	SN84_A120838_Rep1	withheld	M0_expr_kmeans	6	seed_37	success		not_evaluable	full_band_support_below_threshold	328	0	16	85	-0.36505938293728724	0.2693716899430536	0	40	0	9	1.0	3.0	False				0.0	0.47058823529411764	0.9354838709677419				6								False
Valdeolivas	A120838	SN84_A120838_Rep1	withheld	M1_spatial_concat_kmeans	4	seed_11	success		not_evaluable	full_band_support_below_threshold	328	0	16	85	-0.36505938293728724	0.2693716899430536	1	48	1	10	3.0	4.0	False	0.10359283712832279	0.46865222006561	1.7397976014654146	0.0625	0.5647058823529412	0.9178082191780822				4								False
Valdeolivas	A120838	SN84_A120838_Rep1	withheld	M1_spatial_concat_kmeans	4	seed_23	success		not_evaluable	full_band_support_below_threshold	328	0	16	85	-0.36505938293728724	0.2693716899430536	1	48	1	10	3.0	1.0	False	0.10359283712832279	0.46865222006561	1.7397976014654146	0.0625	0.5647058823529412	0.9178082191780822				4								False
Valdeolivas	A120838	SN84_A120838_Rep1	withheld	M1_spatial_concat_kmeans	4	seed_37	success		not_evaluable	full_band_support_below_threshold	328	0	16	85	-0.36505938293728724	0.2693716899430536	1	48	1	10	3.0	2.0	False	0.10359283712832279	0.46865222006561	1.7397976014654146	0.0625	0.5647058823529412	0.9178082191780822				4								False
Valdeolivas	A120838	SN84_A120838_Rep1	withheld	M1_spatial_concat_kmeans	6	seed_11	success		not_evaluable	full_band_support_below_threshold	328	0	16	85	-0.36505938293728724	0.2693716899430536	0	33	0	8	3.0	6.0	False				0.0	0.38823529411764707	0.9310344827586207				6								False
Valdeolivas	A120838	SN84_A120838_Rep1	withheld	M1_spatial_concat_kmeans	6	seed_23	success		not_evaluable	full_band_support_below_threshold	328	0	16	85	-0.36505938293728724	0.2693716899430536	0	40	0	9	3.0	2.0	False				0.0	0.47058823529411764	0.9354838709677419				6								False
Valdeolivas	A120838	SN84_A120838_Rep1	withheld	M1_spatial_concat_kmeans	6	seed_37	success		not_evaluable	full_band_support_below_threshold	328	0	16	85	-0.36505938293728724	0.2693716899430536	0	40	0	9	1.0	3.0	False				0.0	0.47058823529411764	0.9354838709677419				6								False
Valdeolivas	A120838	SN84_A120838_Rep1	withheld	M2_spatial_ward	4	neighbors_4	success		not_evaluable	full_band_support_below_threshold	328	0	16	85	-0.36505938293728724	0.2693716899430536	1	43	1	9	3.0	4.0	False	0.05829091777663642	0.42335030071392366	1.5716213563623624	0.0625	0.5058823529411764	0.8873239436619719				4								False
Valdeolivas	A120838	SN84_A120838_Rep1	withheld	M2_spatial_ward	4	neighbors_6	success		not_evaluable	full_band_support_below_threshold	328	0	16	85	-0.36505938293728724	0.2693716899430536	0	42	0	9	4.0	2.0	False				0.0	0.49411764705882355	0.8823529411764706				4								False
Valdeolivas	A120838	SN84_A120838_Rep1	withheld	M2_spatial_ward	4	neighbors_8	success		not_evaluable	full_band_support_below_threshold	328	0	16	85	-0.36505938293728724	0.2693716899430536	0	34	0	8	3.0	4.0	False				0.0	0.4	0.8813559322033898				4								False
Valdeolivas	A120838	SN84_A120838_Rep1	withheld	M2_spatial_ward	6	neighbors_4	success		not_evaluable	full_band_support_below_threshold	328	0	16	85	-0.36505938293728724	0.2693716899430536	2	33	1	7	3.0	4.0	False	-0.2988805619569622	0.06617882098032501	0.2456784563898141	0.125	0.38823529411764707	0.95				6								False
Valdeolivas	A120838	SN84_A120838_Rep1	withheld	M2_spatial_ward	6	neighbors_6	success		not_evaluable	full_band_support_below_threshold	328	0	16	85	-0.36505938293728724	0.2693716899430536	4	34	3	8	4.0	1.0	False	-0.20915498894721574	0.1559043939900715	0.5787705234467304	0.25	0.4	0.8970588235294118				6								False
Valdeolivas	A120838	SN84_A120838_Rep1	withheld	M2_spatial_ward	6	neighbors_8	success		not_evaluable	full_band_support_below_threshold	328	0	16	85	-0.36505938293728724	0.2693716899430536	2	40	1	9	1.0	3.0	False	-0.39486627229982296	0.029806889362535727	0.11065338517509779	0.125	0.47058823529411764	0.9523809523809523				6								False
Valdeolivas	A120838	SN84_A120838_Rep1	withheld	M3_spatial_leiden	4	seed_11	success		not_evaluable	full_band_support_below_threshold	328	0	16	85	-0.36505938293728724	0.2693716899430536	3	37	3	7	3.0	2.0	False	-0.3562978379305092	0.00876154500677806	0.032525856776672746	0.1875	0.43529411764705883	0.6404494382022472				4	0.2							False
Valdeolivas	A120838	SN84_A120838_Rep1	withheld	M3_spatial_leiden	4	seed_23	success		not_evaluable	full_band_support_below_threshold	328	0	16	85	-0.36505938293728724	0.2693716899430536	3	37	2	8	4.0	1.0	False	-0.0351787023170953	0.32988068062019194	1.2246301038165155	0.1875	0.43529411764705883	0.5752212389380531				4	0.2							False
Valdeolivas	A120838	SN84_A120838_Rep1	withheld	M3_spatial_leiden	4	seed_37	success		not_evaluable	full_band_support_below_threshold	328	0	16	85	-0.36505938293728724	0.2693716899430536	7	43	5	8	4.0	1.0	False	-0.6796223868322033	0.3145630038949161	1.1677656399654177	0.4375	0.5058823529411764	0.5661764705882353				4	0.14142135623730953							False
Valdeolivas	A120838	SN84_A120838_Rep1	withheld	M3_spatial_leiden	6	seed_11	success		not_evaluable	full_band_support_below_threshold	328	0	16	85	-0.36505938293728724	0.2693716899430536	0	41	0	7	6.0	2.0	False				0.0	0.4823529411764706	0.8985507246376812				6	0.3976353643835253							False
Valdeolivas	A120838	SN84_A120838_Rep1	withheld	M3_spatial_leiden	6	seed_23	success		not_evaluable	full_band_support_below_threshold	328	0	16	85	-0.36505938293728724	0.2693716899430536	1	26	1	4	6.0	4.0	False	0.12487840911661263	0.48993779205389987	1.818816937137956	0.0625	0.3058823529411765	0.7692307692307693				6	0.42107189294591996							False
Valdeolivas	A120838	SN84_A120838_Rep1	withheld	M3_spatial_leiden	6	seed_37	success		not_evaluable	full_band_support_below_threshold	328	0	16	85	-0.36505938293728724	0.2693716899430536	1	35	1	6	6.0	3.0	False	-0.44148903569347486	0.07642965275618763	0.28373305588402853	0.0625	0.4117647058823529	0.7611940298507462				6	0.3976353643835253							False
Valdeolivas	A120838	SN84_A120838_Rep2	allowed	M0_expr_kmeans	4	seed_11	success		not_evaluable	selected_band_support_below_threshold	1048	2	89	169	-0.22387223867117423	0.39966664277170905	0	76	0	9	2.0	4.0	False				0.0	0.44970414201183434	0.9156626506024096				4								False
Valdeolivas	A120838	SN84_A120838_Rep2	allowed	M0_expr_kmeans	4	seed_23	success		not_evaluable	selected_band_support_below_threshold	1048	2	89	169	-0.22387223867117423	0.39966664277170905	2	83	2	9	3.0	1.0	False	0.42022384971751947	0.6440960883886937	1.6115833033296292	0.02247191011235955	0.4911242603550296	0.9060773480662984				4								False
Valdeolivas	A120838	SN84_A120838_Rep2	allowed	M0_expr_kmeans	4	seed_37	success		not_evaluable	selected_band_support_below_threshold	1048	2	89	169	-0.22387223867117423	0.39966664277170905	0	76	0	9	1.0	3.0	False				0.0	0.44970414201183434	0.9156626506024096				4								False
Valdeolivas	A120838	SN84_A120838_Rep2	allowed	M0_expr_kmeans	6	seed_11	success		not_evaluable	selected_band_support_below_threshold	1048	2	89	169	-0.22387223867117423	0.39966664277170905	0	53	0	6	4.0	5.0	False				0.0	0.3136094674556213	0.9491525423728814				6								False
Valdeolivas	A120838	SN84_A120838_Rep2	allowed	M0_expr_kmeans	6	seed_23	success		not_evaluable	selected_band_support_below_threshold	1048	2	89	169	-0.22387223867117423	0.39966664277170905	0	46	0	6	2.0	3.0	False				0.0	0.27218934911242604	0.9439252336448598				6								False
Valdeolivas	A120838	SN84_A120838_Rep2	allowed	M0_expr_kmeans	6	seed_37	success		not_evaluable	selected_band_support_below_threshold	1048	2	89	169	-0.22387223867117423	0.39966664277170905	0	53	0	6	4.0	6.0	False				0.0	0.3136094674556213	0.9495798319327731				6								False
Valdeolivas	A120838	SN84_A120838_Rep2	allowed	M1_spatial_concat_kmeans	4	seed_11	success		not_evaluable	selected_band_support_below_threshold	1048	2	89	169	-0.22387223867117423	0.39966664277170905	2	84	2	9	2.0	1.0	False	0.40150003242251175	0.625372271093686	1.5647347168047265	0.02247191011235955	0.4970414201183432	0.9065934065934066				4								False
Valdeolivas	A120838	SN84_A120838_Rep2	allowed	M1_spatial_concat_kmeans	4	seed_23	success		not_evaluable	selected_band_support_below_threshold	1048	2	89	169	-0.22387223867117423	0.39966664277170905	2	84	2	9	1.0	3.0	False	0.40150003242251175	0.625372271093686	1.5647347168047265	0.02247191011235955	0.4970414201183432	0.9065934065934066				4								False
Valdeolivas	A120838	SN84_A120838_Rep2	allowed	M1_spatial_concat_kmeans	4	seed_37	success		not_evaluable	selected_band_support_below_threshold	1048	2	89	169	-0.22387223867117423	0.39966664277170905	2	84	2	9	1.0	2.0	False	0.40150003242251175	0.625372271093686	1.5647347168047265	0.02247191011235955	0.4970414201183432	0.9065934065934066				4								False
Valdeolivas	A120838	SN84_A120838_Rep2	allowed	M1_spatial_concat_kmeans	6	seed_11	success		not_evaluable	selected_band_support_below_threshold	1048	2	89	169	-0.22387223867117423	0.39966664277170905	0	53	0	6	4.0	5.0	False				0.0	0.3136094674556213	0.9491525423728814				6								False
Valdeolivas	A120838	SN84_A120838_Rep2	allowed	M1_spatial_concat_kmeans	6	seed_23	success		not_evaluable	selected_band_support_below_threshold	1048	2	89	169	-0.22387223867117423	0.39966664277170905	0	46	0	6	2.0	3.0	False				0.0	0.27218934911242604	0.9439252336448598				6								False
Valdeolivas	A120838	SN84_A120838_Rep2	allowed	M1_spatial_concat_kmeans	6	seed_37	success		not_evaluable	selected_band_support_below_threshold	1048	2	89	169	-0.22387223867117423	0.39966664277170905	0	53	0	6	1.0	5.0	False				0.0	0.3136094674556213	0.9491525423728814				6								False
Valdeolivas	A120838	SN84_A120838_Rep2	allowed	M2_spatial_ward	4	neighbors_4	success		not_evaluable	selected_band_support_below_threshold	1048	2	89	169	-0.22387223867117423	0.39966664277170905	0	45	0	6	2.0	3.0	False				0.0	0.26627218934911245	0.9304347826086956				4								False
Valdeolivas	A120838	SN84_A120838_Rep2	allowed	M2_spatial_ward	4	neighbors_6	success		not_evaluable	selected_band_support_below_threshold	1048	2	89	169	-0.22387223867117423	0.39966664277170905	14	93	4	10	4.0	2.0	False	-0.24057785442497037	0.016705615753796144	0.041798874276676744	0.15730337078651685	0.5502958579881657	0.9128440366972477				4								False
Valdeolivas	A120838	SN84_A120838_Rep2	allowed	M2_spatial_ward	4	neighbors_8	success		not_evaluable	selected_band_support_below_threshold	1048	2	89	169	-0.22387223867117423	0.39966664277170905	0	53	0	6	4.0	3.0	False				0.0	0.3136094674556213	0.9349593495934959				4								False
Valdeolivas	A120838	SN84_A120838_Rep2	allowed	M2_spatial_ward	6	neighbors_4	success		not_evaluable	selected_band_support_below_threshold	1048	2	89	169	-0.22387223867117423	0.39966664277170905	0	45	0	6	5.0	3.0	False				0.0	0.26627218934911245	0.9304347826086956				6								False
Valdeolivas	A120838	SN84_A120838_Rep2	allowed	M2_spatial_ward	6	neighbors_6	success		not_evaluable	selected_band_support_below_threshold	1048	2	89	169	-0.22387223867117423	0.39966664277170905	14	66	4	10	4.0	3.0	False	-0.16262245119333407	0.061249787477840156	0.15325218800615853	0.15730337078651685	0.3905325443786982	0.917910447761194				6								False
Valdeolivas	A120838	SN84_A120838_Rep2	allowed	M2_spatial_ward	6	neighbors_8	success		not_evaluable	selected_band_support_below_threshold	1048	2	89	169	-0.22387223867117423	0.39966664277170905	0	53	0	6	1.0	3.0	False				0.0	0.3136094674556213	0.9349593495934959				6								False
Valdeolivas	A120838	SN84_A120838_Rep2	allowed	M3_spatial_leiden	4	seed_11	success		success		1048	2	89	169	-0.22387223867117423	0.39966664277170905	33	103	10	10	4.0	2.0	False	-0.5028757801481973	0.2790035414770231	0.6980906375926672	0.3707865168539326	0.6094674556213018	0.8133802816901409	0.5135752187715565	0.07208890089616965		4	0.14142135623730953	0.07374465797984908	jbcb-readout-withholding-20261007-v1|Valdeolivas|SN84_A120838_Rep2|M3_spatial_leiden|4|seed_11|count_only	1000.0	0.25019201247474854	jbcb-readout-withholding-20261007-v1|Valdeolivas|SN84_A120838_Rep2|M3_spatial_leiden|4|seed_11|block_matched	1000.0	True
Valdeolivas	A120838	SN84_A120838_Rep2	allowed	M3_spatial_leiden	4	seed_23	success		success		1048	2	89	169	-0.22387223867117423	0.39966664277170905	28	82	7	8	4.0	2.0	False	-0.49970221978957685	0.2758299811184026	0.6901501191230454	0.3146067415730337	0.48520710059171596	0.7480916030534351	0.4735216147379416	0.024162626737449823		4	0.1	0.0865791870762509	jbcb-readout-withholding-20261007-v1|Valdeolivas|SN84_A120838_Rep2|M3_spatial_leiden|4|seed_23|count_only	1000.0	0.2661729852097001	jbcb-readout-withholding-20261007-v1|Valdeolivas|SN84_A120838_Rep2|M3_spatial_leiden|4|seed_23|block_matched	1000.0	True
Valdeolivas	A120838	SN84_A120838_Rep2	allowed	M3_spatial_leiden	4	seed_37	success		success		1048	2	89	169	-0.22387223867117423	0.39966664277170905	20	45	6	4	3.0	4.0	False	-0.646385163306614	0.42251292463543977	1.0571633441942778	0.2247191011235955	0.26627218934911245	0.7828947368421053	0.7797762286691547	0.05950246318146333		4	0.14142135623730953	0.11086237721005421	jbcb-readout-withholding-20261007-v1|Valdeolivas|SN84_A120838_Rep2|M3_spatial_leiden|4|seed_37|count_only	1000.0	0.3987317749390571	jbcb-readout-withholding-20261007-v1|Valdeolivas|SN84_A120838_Rep2|M3_spatial_leiden|4|seed_37|block_matched	1000.0	False
Valdeolivas	A120838	SN84_A120838_Rep2	allowed	M3_spatial_leiden	6	seed_11	success		success		1048	2	89	169	-0.22387223867117423	0.39966664277170905	21	84	7	8	2.0	3.0	False	-0.49111443257414455	0.2672421939029703	0.6686627436546412	0.23595505617977527	0.4970414201183432	0.8837209302325582	0.403832993906718	0.0026183369765572367		6	0.2820054483103209	0.1058436169878243	jbcb-readout-withholding-20261007-v1|Valdeolivas|SN84_A120838_Rep2|M3_spatial_leiden|6|seed_11|count_only	1000.0	0.26619573195390467	jbcb-readout-withholding-20261007-v1|Valdeolivas|SN84_A120838_Rep2|M3_spatial_leiden|6|seed_11|block_matched	1000.0	True
Valdeolivas	A120838	SN84_A120838_Rep2	allowed	M3_spatial_leiden	6	seed_23	success		not_evaluable	selected_band_support_below_threshold	1048	2	89	169	-0.22387223867117423	0.39966664277170905	19	81	7	8	5.0	3.0	False	-0.4928518169959524	0.26897957832477815	0.6730098275387476	0.21348314606741572	0.47928994082840237	0.8720379146919431				6	0.25148668593658713							False
Valdeolivas	A120838	SN84_A120838_Rep2	allowed	M3_spatial_leiden	6	seed_37	success		not_evaluable	selected_band_support_below_threshold	1048	2	89	169	-0.22387223867117423	0.39966664277170905	14	80	6	7	1.0	4.0	False	-0.47627384814038765	0.2524016094692134	0.6315303366795765	0.15730337078651685	0.47337278106508873	0.882051282051282				6	0.26630924807753886							False
Valdeolivas	A120838	SN84_A120838_Rep2	withheld	M0_expr_kmeans	4	seed_11	success		not_evaluable	selected_band_support_below_threshold	1048	0	89	169	-0.22387223867117423	0.39966664277170905	0	76	0	9	1.0	4.0	False				0.0	0.44970414201183434	0.9101796407185628				4								False
Valdeolivas	A120838	SN84_A120838_Rep2	withheld	M0_expr_kmeans	4	seed_23	success		not_evaluable	selected_band_support_below_threshold	1048	0	89	169	-0.22387223867117423	0.39966664277170905	0	76	0	9	2.0	1.0	False				0.0	0.44970414201183434	0.9101796407185628				4								False
Valdeolivas	A120838	SN84_A120838_Rep2	withheld	M0_expr_kmeans	4	seed_37	success		not_evaluable	selected_band_support_below_threshold	1048	0	89	169	-0.22387223867117423	0.39966664277170905	0	76	0	9	4.0	2.0	False				0.0	0.44970414201183434	0.9101796407185628				4								False
Valdeolivas	A120838	SN84_A120838_Rep2	withheld	M0_expr_kmeans	6	seed_11	success		not_evaluable	selected_band_support_below_threshold	1048	0	89	169	-0.22387223867117423	0.39966664277170905	0	44	0	6	2.0	6.0	False				0.0	0.2603550295857988	0.9423076923076923				6								False
Valdeolivas	A120838	SN84_A120838_Rep2	withheld	M0_expr_kmeans	6	seed_23	success		not_evaluable	selected_band_support_below_threshold	1048	0	89	169	-0.22387223867117423	0.39966664277170905	0	45	0	6	2.0	3.0	False				0.0	0.26627218934911245	0.9433962264150944				6								False
Valdeolivas	A120838	SN84_A120838_Rep2	withheld	M0_expr_kmeans	6	seed_37	success		not_evaluable	selected_band_support_below_threshold	1048	0	89	169	-0.22387223867117423	0.39966664277170905	0	46	0	6	1.0	3.0	False				0.0	0.27218934911242604	0.9439252336448598				6								False
Valdeolivas	A120838	SN84_A120838_Rep2	withheld	M1_spatial_concat_kmeans	4	seed_11	success		not_evaluable	selected_band_support_below_threshold	1048	0	89	169	-0.22387223867117423	0.39966664277170905	0	76	0	9	1.0	4.0	False				0.0	0.44970414201183434	0.9101796407185628				4								False
Valdeolivas	A120838	SN84_A120838_Rep2	withheld	M1_spatial_concat_kmeans	4	seed_23	success		not_evaluable	selected_band_support_below_threshold	1048	0	89	169	-0.22387223867117423	0.39966664277170905	0	76	0	9	2.0	1.0	False				0.0	0.44970414201183434	0.9101796407185628				4								False
Valdeolivas	A120838	SN84_A120838_Rep2	withheld	M1_spatial_concat_kmeans	4	seed_37	success		not_evaluable	selected_band_support_below_threshold	1048	0	89	169	-0.22387223867117423	0.39966664277170905	0	76	0	9	1.0	3.0	False				0.0	0.44970414201183434	0.9101796407185628				4								False
Valdeolivas	A120838	SN84_A120838_Rep2	withheld	M1_spatial_concat_kmeans	6	seed_11	success		not_evaluable	selected_band_support_below_threshold	1048	0	89	169	-0.22387223867117423	0.39966664277170905	0	44	0	6	2.0	6.0	False				0.0	0.2603550295857988	0.9423076923076923				6								False
Valdeolivas	A120838	SN84_A120838_Rep2	withheld	M1_spatial_concat_kmeans	6	seed_23	success		not_evaluable	selected_band_support_below_threshold	1048	0	89	169	-0.22387223867117423	0.39966664277170905	0	44	0	6	2.0	3.0	False				0.0	0.2603550295857988	0.9423076923076923				6								False
Valdeolivas	A120838	SN84_A120838_Rep2	withheld	M1_spatial_concat_kmeans	6	seed_37	success		not_evaluable	selected_band_support_below_threshold	1048	0	89	169	-0.22387223867117423	0.39966664277170905	0	46	0	6	1.0	3.0	False				0.0	0.27218934911242604	0.9439252336448598				6								False
Valdeolivas	A120838	SN84_A120838_Rep2	withheld	M2_spatial_ward	4	neighbors_4	success		not_evaluable	selected_band_support_below_threshold	1048	0	89	169	-0.22387223867117423	0.39966664277170905	14	92	4	10	4.0	1.0	False	-0.2408235918081192	0.016951353136944958	0.042413730151174084	0.15730337078651685	0.5443786982248521	0.9154929577464789				4								False
Valdeolivas	A120838	SN84_A120838_Rep2	withheld	M2_spatial_ward	4	neighbors_6	success		not_evaluable	selected_band_support_below_threshold	1048	0	89	169	-0.22387223867117423	0.39966664277170905	14	93	4	10	4.0	2.0	False	-0.24057785442497037	0.016705615753796144	0.041798874276676744	0.15730337078651685	0.5502958579881657	0.9128440366972477				4								False
Valdeolivas	A120838	SN84_A120838_Rep2	withheld	M2_spatial_ward	4	neighbors_8	success		not_evaluable	selected_band_support_below_threshold	1048	0	89	169	-0.22387223867117423	0.39966664277170905	0	54	0	6	4.0	3.0	False				0.0	0.31952662721893493	0.936				4								False
Valdeolivas	A120838	SN84_A120838_Rep2	withheld	M2_spatial_ward	6	neighbors_4	success		not_evaluable	selected_band_support_below_threshold	1048	0	89	169	-0.22387223867117423	0.39966664277170905	0	50	0	6	4.0	3.0	False				0.0	0.2958579881656805	0.9333333333333333				6								False
Valdeolivas	A120838	SN84_A120838_Rep2	withheld	M2_spatial_ward	6	neighbors_6	success		not_evaluable	selected_band_support_below_threshold	1048	0	89	169	-0.22387223867117423	0.39966664277170905	0	24	0	5	4.0	6.0	False				0.0	0.14201183431952663	0.9420289855072463				6								False
Valdeolivas	A120838	SN84_A120838_Rep2	withheld	M2_spatial_ward	6	neighbors_8	success		not_evaluable	selected_band_support_below_threshold	1048	0	89	169	-0.22387223867117423	0.39966664277170905	0	54	0	6	5.0	3.0	False				0.0	0.31952662721893493	0.936				6								False
Valdeolivas	A120838	SN84_A120838_Rep2	withheld	M3_spatial_leiden	4	seed_11	success		success		1048	0	89	169	-0.22387223867117423	0.39966664277170905	27	96	9	8	4.0	3.0	False	-0.4948572294848341	0.2709849908136599	0.678027540488155	0.30337078651685395	0.5680473372781065	0.8446215139442231	0.44723544225226164	-0.03497600675676959		4	0.11892071150027213	0.09223990308017793	jbcb-readout-withholding-20261007-v1|Valdeolivas|SN84_A120838_Rep2|M3_spatial_leiden|4|seed_11|count_only	1000.0	0.2849637340116986	jbcb-readout-withholding-20261007-v1|Valdeolivas|SN84_A120838_Rep2|M3_spatial_leiden|4|seed_11|block_matched	1000.0	True
Valdeolivas	A120838	SN84_A120838_Rep2	withheld	M3_spatial_leiden	4	seed_23	success		success		1048	0	89	169	-0.22387223867117423	0.39966664277170905	24	91	8	8	4.0	3.0	False	-0.448431117754575	0.22455887908340078	0.5618654524832826	0.2696629213483146	0.5384615384615384	0.8831168831168831	0.3158091297660394	-0.07941379245181997		4	0.1	0.09834050443315279	jbcb-readout-withholding-20261007-v1|Valdeolivas|SN84_A120838_Rep2|M3_spatial_leiden|4|seed_23|count_only	1000.0	0.25629792290238895	jbcb-readout-withholding-20261007-v1|Valdeolivas|SN84_A120838_Rep2|M3_spatial_leiden|4|seed_23|block_matched	1000.0	True
Valdeolivas	A120838	SN84_A120838_Rep2	withheld	M3_spatial_leiden	4	seed_37	success		not_evaluable	selected_band_support_below_threshold	1048	0	89	169	-0.22387223867117423	0.39966664277170905	10	45	5	4	2.0	4.0	False	-0.43686671371838903	0.2129944750472148	0.5329303280606232	0.11235955056179775	0.26627218934911245	0.84375				4	0.1							False
Valdeolivas	A120838	SN84_A120838_Rep2	withheld	M3_spatial_leiden	6	seed_11	success		success		1048	0	89	169	-0.22387223867117423	0.39966664277170905	24	100	7	8	2.0	1.0	False	-0.3730599801871346	0.14918774151596037	0.37328044312463904	0.2696629213483146	0.591715976331361	0.8801652892561983	0.1361451597873465	-0.08121185845721249		6	0.29019713745863174	0.0947750625741337	jbcb-readout-withholding-20261007-v1|Valdeolivas|SN84_A120838_Rep2|M3_spatial_leiden|6|seed_11|count_only	1000.0	0.1816454123388057	jbcb-readout-withholding-20261007-v1|Valdeolivas|SN84_A120838_Rep2|M3_spatial_leiden|6|seed_11|block_matched	1000.0	True
Valdeolivas	A120838	SN84_A120838_Rep2	withheld	M3_spatial_leiden	6	seed_23	success		success		1048	0	89	169	-0.22387223867117423	0.39966664277170905	22	69	6	7	5.0	2.0	False	-0.4741513277176834	0.2502790890465092	0.6262196096997503	0.24719101123595505	0.40828402366863903	0.875	0.36731152313013204	-0.13223682349486107		6	0.31622776601683794	0.10347692574572637	jbcb-readout-withholding-20261007-v1|Valdeolivas|SN84_A120838_Rep2|M3_spatial_leiden|6|seed_23|count_only	1000.0	0.3031297363434954	jbcb-readout-withholding-20261007-v1|Valdeolivas|SN84_A120838_Rep2|M3_spatial_leiden|6|seed_23|block_matched	1000.0	False
Valdeolivas	A120838	SN84_A120838_Rep2	withheld	M3_spatial_leiden	6	seed_37	success		success		1048	0	89	169	-0.22387223867117423	0.39966664277170905	24	78	6	7	4.0	3.0	False	-0.4524775148701097	0.22860527619893545	0.5719898829022756	0.2696629213483146	0.46153846153846156	0.8393782383419689	0.33113122829606567	-0.016657509799996695		6	0.25148668593658713	0.09626316986897454	jbcb-readout-withholding-20261007-v1|Valdeolivas|SN84_A120838_Rep2|M3_spatial_leiden|6|seed_37|count_only	1000.0	0.23526272721763697	jbcb-readout-withholding-20261007-v1|Valdeolivas|SN84_A120838_Rep2|M3_spatial_leiden|6|seed_37|block_matched	1000.0	False
