resource	patient_id	sample_id	method_id	K	partition_id	allowed_fit_status	withheld_fit_status	allowed_status	withheld_status	common_evaluable	same_PCA_features	n_readout_PCA_features	whole_map_ARI	stromal_domain_Jaccard	band_selection_Jaccard	selected_delta_score_allowed	selected_delta_score_withheld	selected_delta_score_change	abs_deviation_score_allowed	abs_deviation_score_withheld	abs_deviation_score_change	abs_deviation_mad_allowed	abs_deviation_mad_withheld	abs_deviation_mad_change	near_retention_allowed	near_retention_withheld	near_retention_change	far_retention_allowed	far_retention_withheld	far_retention_change	selected_stroma_fraction_allowed	selected_stroma_fraction_withheld	selected_stroma_fraction_change	count_only_excess_mad_allowed	count_only_excess_mad_withheld	count_only_excess_mad_change	block_matched_excess_mad_allowed	block_matched_excess_mad_withheld	block_matched_excess_mad_change
GSE294385	Patient1	M-ST-13	M0_expr_kmeans	4	seed_11	success	success	success	success	True	False	3	0.9964300115965221	0.9912060301507538	0.9888059701492538	-0.20732999774622596	-0.20700858338613592	0.0003214143600900332	0.13154641828974312	0.13186783264983315	0.0003214143600900332	0.28807433873206095	0.28877820608508903	0.0007038673530280759	0.6542443064182195	0.650103519668737	-0.0041407867494824835	0.8934426229508197	0.8934426229508197	0.0	0.5971385542168675	0.5977358490566038	0.000597294839736362	0.2436599592866045	0.2431998677477014	-0.0004600915389031124	0.2354641840281092	0.23204773713447494	-0.0034164468936342673
GSE294385	Patient1	M-ST-13	M0_expr_kmeans	4	seed_23	success	success	success	success	True	False	3	0.9966968906720207	0.9912060301507538	0.9888059701492538	-0.20732999774622596	-0.20700858338613592	0.0003214143600900332	0.13154641828974312	0.13186783264983315	0.0003214143600900332	0.28807433873206095	0.28877820608508903	0.0007038673530280759	0.6542443064182195	0.650103519668737	-0.0041407867494824835	0.8934426229508197	0.8934426229508197	0.0	0.5971385542168675	0.5977358490566038	0.000597294839736362	0.24442672393221593	0.2452406719381555	0.0008139480059395632	0.23803585379748687	0.23827303138362374	0.00023717758613686635
GSE294385	Patient1	M-ST-13	M0_expr_kmeans	4	seed_37	success	success	success	success	True	False	3	0.9966968906720207	0.9912060301507538	0.9888059701492538	-0.20732999774622596	-0.20700858338613592	0.0003214143600900332	0.13154641828974312	0.13186783264983315	0.0003214143600900332	0.28807433873206095	0.28877820608508903	0.0007038673530280759	0.6542443064182195	0.650103519668737	-0.0041407867494824835	0.8934426229508197	0.8934426229508197	0.0	0.5971385542168675	0.5977358490566038	0.000597294839736362	0.24701773511826958	0.2424612581098221	-0.004556477008447468	0.23683585536617788	0.23524870572310655	-0.0015871496430713283
GSE294385	Patient1	M-ST-13	M0_expr_kmeans	6	seed_11	success	success	success	success	True	False	3	0.9967524874989667	0.9955817378497791	0.995249406175772	-0.2114979386021003	-0.2114979386021003	0.0	0.12737847743386876	0.12737847743386876	0.0	0.2789469385220017	0.2789469385220017	0.0	0.422360248447205	0.422360248447205	0.0	0.8811475409836066	0.889344262295082	0.008196721311475419	0.6154545454545455	0.614687216681777	-0.0007673287727685274	0.21552609657756283	0.21273994916636882	-0.002786147411194012	0.20013458720020932	0.19919897038172016	-0.0009356168184891656
GSE294385	Patient1	M-ST-13	M0_expr_kmeans	6	seed_23	success	success	success	success	True	False	3	0.9967805481934875	0.9955817378497791	0.9976190476190476	-0.2114979386021003	-0.21590483566955054	-0.004406897067450233	0.12737847743386876	0.12297158036641853	-0.004406897067450233	0.2789469385220017	0.26929624658320817	-0.009650691938793532	0.422360248447205	0.422360248447205	0.0	0.8811475409836066	0.8852459016393442	0.004098360655737654	0.6154545454545455	0.6152450090744102	-0.00020953638013532228	0.21543282184124704	0.2046833998125339	-0.010749422028713151	0.20468947874247517	0.18948863049269218	-0.015200848249782989
GSE294385	Patient1	M-ST-13	M0_expr_kmeans	6	seed_37	success	success	success	success	True	False	3	0.9967805481934875	0.9955817378497791	0.9976190476190476	-0.2114979386021003	-0.21590483566955054	-0.004406897067450233	0.12737847743386876	0.12297158036641853	-0.004406897067450233	0.2789469385220017	0.26929624658320817	-0.009650691938793532	0.422360248447205	0.422360248447205	0.0	0.8811475409836066	0.8852459016393442	0.004098360655737654	0.6154545454545455	0.6152450090744102	-0.00020953638013532228	0.2160221671600519	0.20359902953924844	-0.012423137620803465	0.1998345926132952	0.19045835120511778	-0.009376241408177416
GSE294385	Patient1	M-ST-13	M1_spatial_concat_kmeans	4	seed_11	success	success	success	success	True	False	3	0.9965919840697989	0.9899623588456713	0.9888059701492538	-0.20732999774622596	-0.20700858338613592	0.0003214143600900332	0.13154641828974312	0.13186783264983315	0.0003214143600900332	0.28807433873206095	0.28877820608508903	0.0007038673530280759	0.6542443064182195	0.650103519668737	-0.0041407867494824835	0.8934426229508197	0.8934426229508197	0.0	0.5975885455915599	0.5989425981873112	0.0013540525957512761	0.244571714698623	0.24413050363645059	-0.000441211062172403	0.23786391368423648	0.23510258610078666	-0.002761327583449824
GSE294385	Patient1	M-ST-13	M1_spatial_concat_kmeans	4	seed_23	success	success	success	success	True	False	3	0.9957897138392178	0.9899623588456713	0.9888059701492538	-0.20732999774622596	-0.20700858338613592	0.0003214143600900332	0.13154641828974312	0.13186783264983315	0.0003214143600900332	0.28807433873206095	0.28877820608508903	0.0007038673530280759	0.6542443064182195	0.650103519668737	-0.0041407867494824835	0.8934426229508197	0.8934426229508197	0.0	0.5975885455915599	0.5989425981873112	0.0013540525957512761	0.2434266362834225	0.24396875315263028	0.0005421168692077705	0.23786391368423648	0.2347578223742364	-0.0031060913100000864
GSE294385	Patient1	M-ST-13	M1_spatial_concat_kmeans	4	seed_37	success	success	success	success	True	False	3	0.9960745005532866	0.9912060301507538	0.9888059701492538	-0.20732999774622596	-0.20700858338613592	0.0003214143600900332	0.13154641828974312	0.13186783264983315	0.0003214143600900332	0.28807433873206095	0.28877820608508903	0.0007038673530280759	0.6542443064182195	0.650103519668737	-0.0041407867494824835	0.8934426229508197	0.8934426229508197	0.0	0.5975885455915599	0.5986394557823129	0.001050910190752985	0.23877541745150296	0.24359886211459594	0.0048234446630929795	0.23819042811250116	0.2351361222348894	-0.003054305877611768
GSE294385	Patient1	M-ST-13	M1_spatial_concat_kmeans	6	seed_11	success	success	success	success	True	False	3	0.996672656841008	0.9941176470588236	0.995249406175772	-0.2114979386021003	-0.2114979386021003	0.0	0.12737847743386876	0.12737847743386876	0.0	0.2789469385220017	0.2789469385220017	0.0	0.422360248447205	0.422360248447205	0.0	0.8811475409836066	0.889344262295082	0.008196721311475419	0.6148955495004541	0.615036231884058	0.00014068238360387397	0.20765886687481602	0.2142420361542373	0.006583169279421264	0.2045791208722724	0.2086546204044781	0.004075499532205706
GSE294385	Patient1	M-ST-13	M1_spatial_concat_kmeans	6	seed_23	success	success	success	success	True	False	3	0.9972176050703038	0.9955817378497791	0.995249406175772	-0.2114979386021003	-0.2114979386021003	0.0	0.12737847743386876	0.12737847743386876	0.0	0.2789469385220017	0.2789469385220017	0.0	0.422360248447205	0.422360248447205	0.0	0.8811475409836066	0.889344262295082	0.008196721311475419	0.6148955495004541	0.6152450090744102	0.00034945957395604577	0.2110629199825257	0.21449448047528694	0.0034315604927612486	0.19672027127291156	0.1994091761029335	0.002688904830021932
GSE294385	Patient1	M-ST-13	M1_spatial_concat_kmeans	6	seed_37	success	success	success	success	True	False	3	0.9972176050703038	0.9955817378497791	0.995249406175772	-0.2114979386021003	-0.2114979386021003	0.0	0.12737847743386876	0.12737847743386876	0.0	0.2789469385220017	0.2789469385220017	0.0	0.422360248447205	0.422360248447205	0.0	0.8811475409836066	0.889344262295082	0.008196721311475419	0.6148955495004541	0.6152450090744102	0.00034945957395604577	0.2101016388874195	0.20366020876187652	-0.006441430125542991	0.20257216603104194	0.20952963872290759	0.0069574726918656404
GSE294385	Patient1	M-ST-13	M2_spatial_ward	4	neighbors_4	success	success	success	success	True	False	3	0.9942767829864659	0.9932584269662922	0.9929078014184397	-0.19889176065817948	-0.1939865697620009	0.0049051908961785795	0.1399846553777896	0.14488984627396817	0.0049051908961785795	0.30655328784224645	0.3172951966083124	0.010741908766065955	0.057971014492753624	0.057971014492753624	0.0	0.45901639344262296	0.46311475409836067	0.0040983606557377095	0.42540904716073147	0.42706333973128596	0.0016542925705544942	0.1178534785259442	0.13241532330494418	0.01456184477899998	0.09927198847942154	0.11443740188595831	0.015165413406536779
GSE294385	Patient1	M-ST-13	M2_spatial_ward	4	neighbors_6	success	success	not_evaluable	success	False	False	3	0.7626958205333751	0.5291201982651796	0.3144963144963145	0.10182967959437628	-0.3613718675008123	-0.46320154709518857	0.44070609563034535	0.02249545146484322	-0.41821064416550213	0.9651050840036374	0.049262932350923355	-0.915842151652714	0.033126293995859216	0.463768115942029	0.4306418219461698	0.45901639344262296	0.75	0.29098360655737704	0.4169921875	0.4574829931972789	0.04049080569727892		-0.025898013018118417			0.011259953388140223	
GSE294385	Patient1	M-ST-13	M2_spatial_ward	4	neighbors_8	success	success	not_evaluable	success	False	False	3	0.7225035029337935	0.4947856315179606	0.2831858407079646	0.041605202210648784	-0.2990546593329123	-0.3406598615435611	0.38048161824661786	0.039821756703056765	-0.3406598615435611	0.8332191176401275	0.08720591847749726	-0.7460131991626302	0.035196687370600416	0.5403726708074534	0.505175983436853	0.45491803278688525	0.7827868852459017	0.3278688524590164	0.4169921875	0.45206914614981664	0.035076958649816636		0.024092814660709932			0.08153437250649359	
GSE294385	Patient1	M-ST-13	M2_spatial_ward	6	neighbors_4	success	success	success	success	True	False	3	0.9949669827693769	0.9929577464788732	0.9968454258675079	-0.29373825203275095	-0.2975620715619569	-0.003823819529205963	0.04513816400321813	0.041314344474012166	-0.003823819529205963	0.09884835266412005	0.0904745459377332	-0.008373806726386851	0.4927536231884058	0.4927536231884058	0.0	0.3237704918032787	0.319672131147541	-0.0040983606557377095	0.4781144781144781	0.47635135135135137	-0.0017631267631267322	-0.006683276971328255	-0.027101720822471777	-0.02041844385114352	-0.0037132566404059542	-0.008754354570208229	-0.005041097929802275
GSE294385	Patient1	M-ST-13	M2_spatial_ward	6	neighbors_6	success	success	success	success	True	False	3	0.9596079698014132	0.6064516129032258	0.7180156657963447	-0.2670835165440981	-0.2960335677199537	-0.028950051175855585	0.07179289949187095	0.04284284831601537	-0.028950051175855585	0.1572197275734616	0.09382182623056973	-0.06339790134289186	0.422360248447205	0.4575569358178054	0.03519668737060039	0.29098360655737704	0.6639344262295082	0.3729508196721311	0.5115646258503401	0.6326530612244898	0.1210884353741497	0.031608811557427716	0.014986840652144473	-0.016621970905283244	-0.004087826205791204	0.06856981420708977	0.07265764041288097
GSE294385	Patient1	M-ST-13	M2_spatial_ward	6	neighbors_8	success	success	success	success	True	False	3	0.9371097491971077	0.5468053491827637	0.6032863849765259	-0.2707584576536508	-0.19885903146606587	0.07189942618758494	0.06811795838231827	0.1400173845699032	0.07189942618758494	0.1491719506459145	0.30662496170838394	0.15745301106246945	0.505175983436853	0.391304347826087	-0.11387163561076602	0.32786885245901637	0.6967213114754098	0.36885245901639346	0.49265536723163844	0.6978085351787774	0.20515316794713895	0.0356946603772305	0.22270876929361308	0.1870141089163826	0.04994305013797305	0.2578153411249349	0.20787229098696186
GSE294385	Patient1	M-ST-13	M3_spatial_leiden	4	seed_11	success	success	success	success	True	False	3	0.8519746270644971	0.47110141766630315	0.5991983967935872	-0.37948374226929915	-0.29899893186962556	0.08048481039967359	0.04060732623333008	0.03987748416634351	-0.0007298420669865635	0.0889262421921505	0.0873279564040654	-0.001598285788085102	0.41821946169772256	0.6107660455486542	0.19254658385093165	0.610655737704918	0.6229508196721312	0.012295081967213184	0.413265306122449	0.356937248128958	-0.056328057993491	0.00040813533534787415	0.020518316051927065	0.02011018071657919	0.04925401460495764	0.06207594438058544	0.0128219297756278
GSE294385	Patient1	M-ST-13	M3_spatial_leiden	4	seed_23	success	success	success	success	True	False	3	0.9603807343479182	0.9703264094955489	0.9485530546623794	-0.35402902591497587	-0.3390505899663332	0.014978435948642677	0.015152609879006795	0.00017417393036411877	-0.014978435948642677	0.03318279682343984	0.00038142459875640546	-0.032801372224683434	0.33540372670807456	0.36024844720496896	0.0248447204968944	0.5450819672131147	0.5614754098360656	0.016393442622950838	0.41735800893426933	0.41502463054187194	-0.0023333783923973894	-0.06246479500842719	-0.0913847056746761	-0.02891991066624891	-0.010581372866372448	-0.05023272825588708	-0.03965135538951463
GSE294385	Patient1	M-ST-13	M3_spatial_leiden	4	seed_37	success	success	success	success	True	False	3	0.990635954304222	0.9722222222222222	0.9657534246575342	-0.3061116021473991	-0.35776113297667433	-0.05164953082927526	0.03276481388857	0.01888471694070526	-0.01388009694786474	0.07175187448919541	0.041355761833463754	-0.03039611265573166	0.33954451345755693	0.3250517598343685	-0.014492753623188415	0.5245901639344263	0.5122950819672131	-0.012295081967213184	0.4151185137732223	0.40829552819183407	-0.006822985581388219	-0.01818520880705589	-0.05917173064583524	-0.04098652183877935	0.03798179951212028	-0.006915604950753914	-0.04489740446287419
GSE294385	Patient1	M-ST-13	M3_spatial_leiden	6	seed_11	success	success	success	success	True	False	3	0.8908412050591648	0.9233176838810642	0.9090909090909091	-0.4483150093417134	-0.3442699274660399	0.10404508187567352	0.10943859330574435	0.00539351143007083	-0.10404508187567352	0.23966027207885918	0.011811285011494787	-0.2278489870673644	0.29606625258799174	0.32712215320910976	0.031055900621118016	0.48360655737704916	0.5204918032786885	0.03688524590163933	0.3929521276595745	0.41134751773049644	0.018395390070921946	0.13581290832394013	-0.08525257877663324	-0.2210654871005734	0.18064699652857558	-0.022289203358683916	-0.2029361998872595
GSE294385	Patient1	M-ST-13	M3_spatial_leiden	6	seed_23	success	success	success	success	True	False	3	0.8369443464197425	1.0	1.0	-0.39623431784888963	-0.39623431784888963	0.0	0.05735790181292055	0.05735790181292055	0.0	0.12560843427467092	0.12560843427467092	0.0	0.31262939958592134	0.31262939958592134	0.0	0.5081967213114754	0.5081967213114754	0.0	0.40326797385620916	0.40326797385620916	0.0	0.030179363127239987	0.030179363127239987	0.0	0.06387102897230522	0.06387102897230522	0.0
GSE294385	Patient1	M-ST-13	M3_spatial_leiden	6	seed_37	success	success	success	success	True	False	3	0.8758290511832301	0.9808823529411764	0.9682539682539683	-0.39269754557257186	-0.40636434564759305	-0.01366680007502119	0.053821129536602785	0.06748792961162398	0.01366680007502119	0.11786323415449731	0.1477922466307115	0.029929012476214184	0.33954451345755693	0.3498964803312629	0.010351966873705987	0.5860655737704918	0.5901639344262295	0.004098360655737654	0.42234848484848486	0.4232209737827715	0.0008724889342866526	0.02661822501641103	0.05812957741562069	0.03151135239920966	0.060705381544869555	0.09037613114072902	0.02967074959585947
GSE294385	Patient6	M-ST-15	M0_expr_kmeans	4	seed_11	success	success	success	success	True	False	3	0.9966950472155055	0.9906542056074766	0.9933774834437086	-0.32319253576228957	-0.3277083672149952	-0.004515831452705621	0.6004900042015724	0.5959741727488668	-0.004515831452705621	1.085276706275644	1.077115160453404	-0.008161545822240157	0.27147766323024053	0.27491408934707906	0.0034364261168385313	0.8452380952380952	0.8452380952380952	0.0	0.07984934086629002	0.08066339992461365	0.0008140590583236296	0.9909949762334711	0.9860554698637785	-0.004939506369692648	0.2938466277245117	0.29499437787421584	0.001147750149704141
GSE294385	Patient6	M-ST-15	M0_expr_kmeans	4	seed_23	success	success	success	success	True	False	3	0.9961773739224032	0.986046511627907	0.9868421052631579	-0.3277083672149952	-0.3277083672149952	0.0	0.5959741727488668	0.5959741727488668	0.0	1.077115160453404	1.077115160453404	0.0	0.27491408934707906	0.27491408934707906	0.0	0.8452380952380952	0.8452380952380952	0.0	0.080105302745393	0.08057228915662651	0.00046698641123350815	0.9934110563219719	0.9934110563219719	0.0	0.29082479517673476	0.2905273437070393	-0.00029745146969545333
GSE294385	Patient6	M-ST-15	M0_expr_kmeans	4	seed_37	success	success	success	success	True	False	3	0.9953428608290691	0.986046511627907	0.9868421052631579	-0.3277083672149952	-0.3277083672149952	0.0	0.5959741727488668	0.5959741727488668	0.0	1.077115160453404	1.077115160453404	0.0	0.27491408934707906	0.27491408934707906	0.0	0.8452380952380952	0.8452380952380952	0.0	0.08016560030109146	0.08057228915662651	0.00040668885553504786	0.9818483166867303	0.9818483166867303	0.0	0.296099321035844	0.29424960388948784	-0.001849717146356178
GSE294385	Patient6	M-ST-15	M0_expr_kmeans	6	seed_11	success	success	not_evaluable	not_evaluable	False	False	3	0.9768492976360055	0.8943089430894309	0.8796296296296297	-0.26911395488958645	-0.26423772075820007	0.004876234131386381	0.6545685850742755	0.6594448192056619	0.004876234131386381	1.183013927076887	1.1918268353353287	0.008812908258441832	0.35738831615120276	0.3127147766323024	-0.04467353951890035	0.047619047619047616	0.047619047619047616	0.0	0.1754636233951498	0.16272189349112426	-0.012741729904025528						
GSE294385	Patient6	M-ST-15	M0_expr_kmeans	6	seed_23	success	success	not_evaluable	not_evaluable	False	False	3	0.9782632890868245	0.9186991869918699	0.9074074074074074	-0.26911395488958645	-0.25018130443122777	0.01893265045835868	0.6545685850742755	0.6735012355326342	0.01893265045835868	1.183013927076887	1.217231256902111	0.034217329825224185	0.35738831615120276	0.3230240549828179	-0.03436426116838487	0.047619047619047616	0.047619047619047616	0.0	0.1754636233951498	0.1652046783625731	-0.010258945032576683						
GSE294385	Patient6	M-ST-15	M0_expr_kmeans	6	seed_37	success	success	not_evaluable	not_evaluable	False	False	3	0.9785583984276356	0.9186991869918699	0.9074074074074074	-0.26911395488958645	-0.25018130443122777	0.01893265045835868	0.6545685850742755	0.6735012355326342	0.01893265045835868	1.183013927076887	1.217231256902111	0.034217329825224185	0.35738831615120276	0.3230240549828179	-0.03436426116838487	0.047619047619047616	0.047619047619047616	0.0	0.1754636233951498	0.1652046783625731	-0.010258945032576683						
GSE294385	Patient6	M-ST-15	M1_spatial_concat_kmeans	4	seed_11	success	success	success	success	True	False	3	0.9945051598339621	0.985981308411215	0.9867549668874173	-0.32314990659828124	-0.3277083672149952	-0.004558460616713944	0.6005326333655807	0.5959741727488668	-0.004558460616713944	1.0853537507532915	1.077115160453404	-0.008238590299887605	0.27147766323024053	0.27491408934707906	0.0034364261168385313	0.8333333333333334	0.8452380952380952	0.011904761904761862	0.07947269303201507	0.08054196462175386	0.001069271589738796	0.9949239987970686	0.9926040437531326	-0.002319955043936006	0.2933426386394919	0.29082479517673476	-0.00251784346275713
GSE294385	Patient6	M-ST-15	M1_spatial_concat_kmeans	4	seed_23	success	success	success	success	True	False	3	0.9945051598339621	0.985981308411215	0.9867549668874173	-0.32314990659828124	-0.3277083672149952	-0.004558460616713944	0.6005326333655807	0.5959741727488668	-0.004558460616713944	1.0853537507532915	1.077115160453404	-0.008238590299887605	0.27147766323024053	0.27491408934707906	0.0034364261168385313	0.8333333333333334	0.8452380952380952	0.011904761904761862	0.07947269303201507	0.08054196462175386	0.001069271589738796	0.9964806450781517	0.9925841550685015	-0.0038964900096501998	0.2933426386394919	0.28627998484166245	-0.0070626537978294435
GSE294385	Patient6	M-ST-15	M1_spatial_concat_kmeans	4	seed_37	success	success	success	success	True	False	3	0.9947971718117149	0.985981308411215	0.9867549668874173	-0.32314990659828124	-0.3277083672149952	-0.004558460616713944	0.6005326333655807	0.5959741727488668	-0.004558460616713944	1.0853537507532915	1.077115160453404	-0.008238590299887605	0.27147766323024053	0.27491408934707906	0.0034364261168385313	0.8333333333333334	0.8452380952380952	0.011904761904761862	0.07947269303201507	0.08057228915662651	0.0010995961246114405	1.0012002100008157	0.9882414200093445	-0.012958789991471265	0.2933426386394919	0.28627998484166245	-0.0070626537978294435
GSE294385	Patient6	M-ST-15	M1_spatial_concat_kmeans	6	seed_11	success	success	not_evaluable	not_evaluable	False	False	3	0.9790886839391711	0.9105691056910569	0.8981481481481481	-0.26911395488958645	-0.26423772075820007	0.004876234131386381	0.6545685850742755	0.6594448192056619	0.004876234131386381	1.183013927076887	1.1918268353353287	0.008812908258441832	0.35738831615120276	0.31958762886597936	-0.0378006872852234	0.047619047619047616	0.047619047619047616	0.0	0.1752136752136752	0.16470588235294117	-0.010507792860734028						
GSE294385	Patient6	M-ST-15	M1_spatial_concat_kmeans	6	seed_23	success	success	not_evaluable	not_evaluable	False	False	3	0.978083774267466	0.9186991869918699	0.9074074074074074	-0.26911395488958645	-0.25018130443122777	0.01893265045835868	0.6545685850742755	0.6735012355326342	0.01893265045835868	1.183013927076887	1.217231256902111	0.034217329825224185	0.35738831615120276	0.3230240549828179	-0.03436426116838487	0.047619047619047616	0.047619047619047616	0.0	0.1754636233951498	0.1652046783625731	-0.010258945032576683						
GSE294385	Patient6	M-ST-15	M1_spatial_concat_kmeans	6	seed_37	success	success	not_evaluable	not_evaluable	False	False	3	0.9766118741963187	0.9186991869918699	0.9074074074074074	-0.26911395488958645	-0.25018130443122777	0.01893265045835868	0.6545685850742755	0.6735012355326342	0.01893265045835868	1.183013927076887	1.217231256902111	0.034217329825224185	0.35738831615120276	0.3230240549828179	-0.03436426116838487	0.047619047619047616	0.047619047619047616	0.0	0.17496443812233287	0.1652046783625731	-0.009759759759759762						
GSE294385	Patient6	M-ST-15	M2_spatial_ward	4	neighbors_4	success	success	not_evaluable	not_evaluable	False	False	3	0.9789814227106937	1.0	1.0	-0.40750857881370295	-0.40750857881370295	0.0	0.516173961150159	0.516173961150159	0.0	0.93289076005044	0.93289076005044	0.0	0.17525773195876287	0.17525773195876287	0.0	0.09523809523809523	0.09523809523809523	0.0	0.09054593874833555	0.09078771695594126	0.00024177820760570845						
GSE294385	Patient6	M-ST-15	M2_spatial_ward	4	neighbors_6	success	success	not_evaluable	success	False	False	3	0.6061858448763187	0.2529002320185615	0.27692307692307694	-0.41974703743273933	-0.8299166804005179	-0.4101696429677786	0.5039355025311226	0.09376585956334405	-0.4101696429677786	0.9107719671196255	0.1694647746273745	-0.741307192492251	0.44673539518900346	0.6632302405498282	0.2164948453608247	0.09523809523809523	1.0	0.9047619047619048	0.0859822824387702	0.057968774153655894	-0.0280135082851143		0.13463734876696618			0.013405920388903033	
GSE294385	Patient6	M-ST-15	M2_spatial_ward	4	neighbors_8	success	success	not_evaluable	not_evaluable	False	False	3	0.9604955547881384	0.8333333333333334	0.8559322033898306										0.3951890034364261	0.35738831615120276	-0.037800687285223344	0.0	0.0	0.0	0.0690968443960827	0.06253398586188146	-0.0065628585342012435						
GSE294385	Patient6	M-ST-15	M2_spatial_ward	6	neighbors_4	success	success	not_evaluable	not_evaluable	False	False	3	0.5676219918923266	0.0	0.0	-0.8191498560867163	-0.40750857881370295	0.41164127727301336	0.10453268387714565	0.516173961150159	0.41164127727301336	0.1889238556221827	0.93289076005044	0.7439669044282573	0.1958762886597938	0.17525773195876287	-0.020618556701030938	0.14285714285714285	0.09523809523809523	-0.047619047619047616	0.10446009389671361	0.09078771695594126	-0.013672376940772349						
GSE294385	Patient6	M-ST-15	M2_spatial_ward	6	neighbors_6	success	success	not_evaluable	not_evaluable	False	False	3	0.8357683139254563	0.5603448275862069	0.5894736842105263	-0.5549760826774526	-0.46852235510140117	0.08645372757605141	0.3687064572864094	0.4551601848624608	0.08645372757605141	0.6663700090701826	0.8226194321288441	0.15624942305866152	0.29896907216494845	0.16494845360824742	-0.13402061855670103	0.09523809523809523	0.09523809523809523	0.0	0.08754716981132075	0.13026052104208416	0.042713351230763405						
GSE294385	Patient6	M-ST-15	M2_spatial_ward	6	neighbors_8	success	success	not_evaluable	not_evaluable	False	False	3	0.77598699912078	0.4842105263157895	0.5138888888888888	-0.9610957869292401			0.03741324696537818			0.0676176541716971			0.19931271477663232	0.12714776632302405	-0.07216494845360827	0.16666666666666666	0.0	-0.16666666666666666	0.09064885496183206	0.11948051948051948	0.02883166451868742						
GSE294385	Patient6	M-ST-15	M3_spatial_leiden	4	seed_11	success	success	not_evaluable	not_evaluable	False	False	3	0.9179171775392416	0.9864864864864865	0.992	-0.2668030402343171	-0.2677591530346305	-0.0009561128003133801	0.6568794997295448	0.6559233869292315	-0.0009561128003133801	1.1871904859338316	1.1854624855616491	-0.0017280003721824588	0.39862542955326463	0.4020618556701031	0.0034364261168384758	0.09523809523809523	0.09523809523809523	0.0	0.05766192733017378	0.05999189298743413	0.0023299656572603536						
GSE294385	Patient6	M-ST-15	M3_spatial_leiden	4	seed_23	success	success	not_evaluable	not_evaluable	False	False	3	0.8613248791482515	0.9733333333333334	0.9763779527559056	-0.27153507458560566	-0.2668030402343171	0.00473203435128855	0.6521474653782563	0.6568794997295448	0.00473203435128855	1.1786381926086862	1.1871904859338316	0.0085522933251454	0.4054982817869416	0.39862542955326463	-0.0068728522336769515	0.10714285714285714	0.09523809523809523	-0.011904761904761904	0.060144346431435444	0.0586109995985548	-0.0015333468328806443						
GSE294385	Patient6	M-ST-15	M3_spatial_leiden	4	seed_37	success	success	not_evaluable	not_evaluable	False	False	3	0.9371782896098018	0.9857142857142858	0.9916666666666667	-0.2599553465912785	-0.26069007240844333	-0.0007347258171648274	0.6637271933725835	0.6629924675554186	-0.0007347258171648274	1.1995664494811065	1.1982385659038792	-0.0013278835772272402	0.38144329896907214	0.37800687285223367	-0.0034364261168384758	0.10714285714285714	0.10714285714285714	0.0	0.06331976481230213	0.06543385490753911	0.002114090095236984						
GSE294385	Patient6	M-ST-15	M3_spatial_leiden	6	seed_11	success	success	not_evaluable	not_evaluable	False	False	3	0.6273793008409125	0.0	0.0	-0.7737181927919075	-0.2668030402343171	0.5069151525575903	0.1499643471719545	0.6568794997295448	0.5069151525575903	0.27103334213523916	1.1871904859338316	0.9161571437985925	0.3711340206185567	0.39862542955326463	0.027491408934707917	0.14285714285714285	0.09523809523809523	-0.047619047619047616	0.08303886925795052	0.06413091552410438	-0.018907953733846142						
GSE294385	Patient6	M-ST-15	M3_spatial_leiden	6	seed_23	success	success	not_evaluable	not_evaluable	False	False	3	0.5176702625608615	0.8986486486486487	0.9047619047619048	-0.2677591530346305	-0.26069007240844333	0.007069080626187163	0.6559233869292315	0.6629924675554186	0.007069080626187163	1.1854624855616491	1.1982385659038792	0.0127760803422301	0.38831615120274915	0.37800687285223367	-0.010309278350515483	0.09523809523809523	0.10714285714285714	0.011904761904761904	0.08111174134997164	0.06287015945330296	-0.018241581896668677						
GSE294385	Patient6	M-ST-15	M3_spatial_leiden	6	seed_37	success	success	success	not_evaluable	False	False	3	0.6968922351825896	0.0	0.0	-0.3599343574732621	-0.37038905467161676	-0.010454697198354679	0.5637481824905999	0.5532934852922452	-0.010454697198354679	1.018872531401709	0.9999775635235578	-0.01889496787815126	0.11683848797250859	0.2611683848797251	0.1443298969072165	0.35714285714285715	0.09523809523809523	-0.2619047619047619	0.0734375	0.08130762782900251	0.00787012782900251	0.8647563362101751			0.028913839225577664		
GSE294385	Patient11	M-ST-29	M0_expr_kmeans	4	seed_11	success	success	success	success	True	False	3	0.9880209561171643	0.9921424829753798	0.992	-0.005618406317616564	-0.0006827421900474917	0.004935664127569073	0.12206536032954762	0.1270010244571167	0.004935664127569073	0.41058964566093725	0.42719167411330755	0.0166020284523703	0.7551159618008185	0.7503410641200545	-0.004774897680764001	0.8417721518987342	0.8417721518987342	0.0	0.6450847457627119	0.6451612903225806	7.654455986871866e-05	0.3744073686639115	0.39138264709479925	0.016975278430887752	0.3267984434818414	0.3393090559722213	0.01251061249037988
GSE294385	Patient11	M-ST-29	M0_expr_kmeans	4	seed_23	success	success	success	success	True	False	3	0.9885975252095042	0.9926663174436878	0.9927272727272727	-0.005618406317616564	-0.001485220001693488	0.004133186315923076	0.12206536032954762	0.1261985466454707	0.004133186315923076	0.41058964566093725	0.4244923900621652	0.013902744401227962	0.7551159618008185	0.7510231923601637	-0.004092769440654842	0.8417721518987342	0.8417721518987342	0.0	0.6450847457627119	0.6450627757041059	-2.1970058606046727e-05	0.3770331068690079	0.39114757911891357	0.014114472249905696	0.32355206883334636	0.33645183019028124	0.01289976135693488
GSE294385	Patient11	M-ST-29	M0_expr_kmeans	4	seed_37	success	success	success	success	True	False	3	0.9881571846939633	0.9921465968586387	0.9927272727272727	-0.005575847274034373	-0.0006827421900474917	0.004893105083986882	0.12210791937312981	0.1270010244571167	0.004893105083986882	0.4107328009555835	0.42719167411330755	0.01645887315772404	0.7557980900409277	0.7503410641200545	-0.00545702592087316	0.8417721518987342	0.8417721518987342	0.0	0.6453252032520326	0.6449422946367956	-0.0003829086152369321	0.3765005013341864	0.392255288295624	0.015754786961437617	0.32277349243613446	0.339333729617038	0.016560237180903548
GSE294385	Patient11	M-ST-29	M0_expr_kmeans	6	seed_11	success	success	success	success	True	False	3	0.9936485237267765	0.9913644214162349	0.9896373056994818	-0.01926106801883276	-0.03425783205294608	-0.014996764034113319	0.10842269862833143	0.09342593459421811	-0.014996764034113319	0.36470000408980213	0.3142555863270278	-0.05044441776277431	0.16575716234652116	0.16575716234652116	0.0	0.4462025316455696	0.4462025316455696	0.0	0.64501679731243	0.6361631753031973	-0.008853622009232676	0.26118228916138647	0.21073787139861222	-0.05044441776277425	0.10694174993113338	0.05748197749827886	-0.04945977243285452
GSE294385	Patient11	M-ST-29	M0_expr_kmeans	6	seed_23	success	success	success	success	True	False	3	0.9926822030088477	0.9810344827586207	0.979328165374677	-0.02258255591520686	-0.03425783205294608	-0.011675276137739221	0.10510121073195733	0.09342593459421811	-0.011675276137739221	0.3535275589771389	0.3142555863270278	-0.039271972650111064	0.165075034106412	0.16575716234652116	0.0006821282401091588	0.4430379746835443	0.4462025316455696	0.0031645569620253333	0.6455981941309256	0.6361631753031973	-0.009435018827728237	0.24635575544499547	0.2081941133417139	-0.03816164210328157	0.10558797635506251	0.04748618387050342	-0.05810179248455909
GSE294385	Patient11	M-ST-29	M0_expr_kmeans	6	seed_37	success	success	success	success	True	False	3	0.9946351150522325	0.9965397923875432	0.9948051948051948	-0.029116999292351675	-0.03425783205294608	-0.005140832760594405	0.09856676735481251	0.09342593459421811	-0.005140832760594405	0.3315477378094468	0.3142555863270278	-0.01729215148241897	0.165075034106412	0.16575716234652116	0.0006821282401091588	0.44936708860759494	0.4462025316455696	-0.0031645569620253333	0.6468609865470852	0.6361631753031973	-0.010697811243887911	0.2294735866795384	0.21074876227931386	-0.01872482440022455	0.078419927023111	0.045061700131071004	-0.033358226892039995
GSE294385	Patient11	M-ST-29	M1_spatial_concat_kmeans	4	seed_11	success	success	success	success	True	False	3	0.9907428345929429	0.994231777661248	0.9941733430444283	-0.005533288230452182	-0.001485220001693488	0.004048068228758694	0.122150478416712	0.1261985466454707	0.004048068228758694	0.4108759562502298	0.4244923900621652	0.013616433811935391	0.7537517053206003	0.7510231923601637	-0.0027285129604366354	0.8417721518987342	0.8417721518987342	0.0	0.6462793068297655	0.6450627757041059	-0.00121653112565967	0.3756877337032724	0.38987292656736533	0.014185192864092921	0.3214016510928973	0.33586033460976916	0.01445868351687185
GSE294385	Patient11	M-ST-29	M1_spatial_concat_kmeans	4	seed_23	success	success	success	success	True	False	3	0.9894915771282327	0.9926739926739927	0.9927325581395349	-0.007443970818719503	-0.001485220001693488	0.005958750817026015	0.12023979582844468	0.1261985466454707	0.005958750817026015	0.40444901838047526	0.4244923900621652	0.02004337168168996	0.7557980900409277	0.7510231923601637	-0.004774897680764001	0.8449367088607594	0.8417721518987342	-0.0031645569620252223	0.6460027100271003	0.6452817379497624	-0.0007209720773379003	0.37103978421435885	0.3877827218436882	0.01674293762932938	0.31826030919905735	0.3374954723385948	0.019235163139537437
GSE294385	Patient11	M-ST-29	M1_spatial_concat_kmeans	4	seed_37	success	success	success	success	True	False	3	0.9886696566873775	0.9926701570680628	0.9934545454545455	-0.005575847274034373	-0.001485220001693488	0.004090627272340885	0.12210791937312981	0.1261985466454707	0.004090627272340885	0.4107328009555835	0.4244923900621652	0.013759589106581704	0.7557980900409277	0.7510231923601637	-0.004774897680764001	0.8417721518987342	0.8417721518987342	0.0	0.6459816887080366	0.6450627757041059	-0.0009189130039307658	0.3760420686599927	0.38845730050688776	0.01241523184689508	0.32285018281449723	0.3363789469702997	0.013528764155802453
GSE294385	Patient11	M-ST-29	M1_spatial_concat_kmeans	6	seed_11	success	success	success	success	True	False	3	0.9947060344847466	0.9862542955326461	0.9845758354755784	-0.03147454854881415	-0.036615381309408335	-0.005140832760594183	0.09620921809835004	0.09106838533775585	-0.005140832760594183	0.3236176804104779	0.3063255289280597	-0.017292151482418194	0.1684856753069577	0.165075034106412	-0.003410641200545711	0.44936708860759494	0.4462025316455696	-0.0031645569620253333	0.6445182724252492	0.6420581655480985	-0.002460106877150703	0.22105386135952362	0.20813586469883083	-0.012917996660692793	0.06332884527558162	0.04845064355132764	-0.014878201724253984
GSE294385	Patient11	M-ST-29	M1_spatial_concat_kmeans	6	seed_23	success	success	success	success	True	False	3	0.9963528251170212	0.993127147766323	0.9897172236503856	-0.031700809876992864	-0.03425783205294608	-0.0025570221759532163	0.09598295677017132	0.09342593459421811	-0.0025570221759532163	0.322856608159408	0.3142555863270278	-0.008601021832380151	0.16780354706684858	0.16712141882673942	-0.0006821282401091588	0.44936708860759494	0.4462025316455696	-0.0031645569620253333	0.6455555555555555	0.6390728476821192	-0.0064827078734363	0.2174952518710289	0.21775188073565566	0.0002566288646267678	0.06331457529321731	0.052460842465140704	-0.010853732828076605
GSE294385	Patient11	M-ST-29	M1_spatial_concat_kmeans	6	seed_37	success	success	success	success	True	False	3	0.9949835520010969	0.9913941480206541	0.9871134020618557	-0.023976166531757492	-0.036615381309408335	-0.012639214777650842	0.1037076001154067	0.09106838533775585	-0.012639214777650842	0.34883988929186505	0.3063255289280597	-0.04251436036380535	0.16712141882673942	0.1664392905866303	-0.0006821282401091311	0.4462025316455696	0.4462025316455696	0.0	0.6447661469933185	0.6365638766519823	-0.008202270341336138	0.24665934338765486	0.2017311454096808	-0.044928197977974066	0.09809981463941637	0.051619110399283234	-0.04648070424013314
GSE294385	Patient11	M-ST-29	M2_spatial_ward	4	neighbors_4	success	success	success	success	True	False	3	0.8112422399099484	1.0	1.0	-0.042243307359287385	-0.042243307359287385	0.0	0.0854404592878768	0.0854404592878768	0.0	0.2873949481606145	0.2873949481606145	0.0	0.19918144611186903	0.19918144611186903	0.0	0.22784810126582278	0.22784810126582278	0.0	0.5678271308523409	0.5678271308523409	0.0	0.15333990285785473	0.15333990285785473	0.0	0.1280668551757804	0.1280668551757804	0.0
GSE294385	Patient11	M-ST-29	M2_spatial_ward	4	neighbors_6	success	success	success	success	True	False	3	0.7063062040427527	0.8218666666666666	0.7855007473841554	0.03867968277991474	-0.015676969306793742	-0.05435665208670848	0.16636344942707892	0.11200679734037045	-0.05435665208670848	0.5595945448142089	0.3767557897460847	-0.1828387550681242	0.5641200545702592	0.6568894952251023	0.09276944065484316	0.930379746835443	0.9651898734177216	0.034810126582278555	0.457991513437058	0.4250236518448439	-0.0329678615922141	0.5194796425044809	0.34546781227632967	-0.1740118302281512	0.2534186416836792	0.20382228403232472	-0.049596357651354506
GSE294385	Patient11	M-ST-29	M2_spatial_ward	4	neighbors_8	success	success	success	success	True	False	3	0.833512748878838	0.9553941908713693	0.9453900709219858	0.006177555929842926	-0.007956889407168433	-0.014134445337011359	0.1338613225770071	0.11972687723999575	-0.014134445337011359	0.4502675685895914	0.4027237208766168	-0.047543847712974596	0.7053206002728513	0.7489768076398363	0.043656207366985056	0.9651898734177216	0.9683544303797469	0.0031645569620253333	0.4803414381789964	0.4633083070961492	-0.017033131082847208	0.42036251342467634	0.3743370808907227	-0.046025432533953636	0.1972884202085462	0.16176791696683826	-0.03552050324170794
GSE294385	Patient11	M-ST-29	M2_spatial_ward	6	neighbors_4	success	success	success	success	True	False	3	0.7391925979642497	1.0	1.0	-0.042243307359287385	-0.042243307359287385	0.0	0.0854404592878768	0.0854404592878768	0.0	0.2873949481606145	0.2873949481606145	0.0	0.19918144611186903	0.19918144611186903	0.0	0.22784810126582278	0.22784810126582278	0.0	0.5678271308523409	0.5678271308523409	0.0	0.1537132692677308	0.1537132692677308	0.0	0.11459964997583756	0.11459964997583756	0.0
GSE294385	Patient11	M-ST-29	M2_spatial_ward	6	neighbors_6	success	success	success	not_evaluable	False	False	3	0.7297165797088352	0.0	0.0	-0.06119332912277331	-0.09569812492779217	-0.03450479580501886	0.06649043752439088	0.031985641719372016	-0.03450479580501886	0.22365300941459573	0.10758968198954005	-0.11606332742505568	0.2271487039563438	0.1937244201909959	-0.033424283765347895	0.24367088607594936	0.04430379746835443	-0.19936708860759494	0.6087456846950517	0.6539196940726577	0.04517400937760596	0.10101290583526644			0.11497354940647082		
GSE294385	Patient11	M-ST-29	M2_spatial_ward	6	neighbors_8	success	success	not_evaluable	not_evaluable	False	False	3	0.8548930138362473	0.750814332247557	0.7304189435336976	-0.07948144165308224	-0.10801156063073258	-0.028530118977650343	0.048202324994081946	0.019672206016431604	-0.028530118977650343	0.16213752604278076	0.06617114041075263	-0.09596638563202813	0.2660300136425648	0.3587994542974079	0.0927694406548431	0.05379746835443038	0.05379746835443038	0.0	0.6995515695067265	0.5152801358234296	-0.1842714336832969						
GSE294385	Patient11	M-ST-29	M3_spatial_leiden	4	seed_11	not_evaluable	not_evaluable	not_evaluable	not_evaluable	False	False	3																											
GSE294385	Patient11	M-ST-29	M3_spatial_leiden	4	seed_23	not_evaluable	not_evaluable	not_evaluable	not_evaluable	False	False	3																											
GSE294385	Patient11	M-ST-29	M3_spatial_leiden	4	seed_37	not_evaluable	not_evaluable	not_evaluable	not_evaluable	False	False	3																											
GSE294385	Patient11	M-ST-29	M3_spatial_leiden	6	seed_11	success	success	not_evaluable	success	False	False	3	0.09121631232378041	0.0	0.0		-0.12427094489370272			0.00341282175346147			0.011479663605420798		0.0	0.43383356070941337	0.43383356070941337	0.0	0.4778481012658228	0.4778481012658228	0.1111111111111111	0.18576779026217227	0.07465667915106117		-0.06656583896511009			-0.06370033968106434	
GSE294385	Patient11	M-ST-29	M3_spatial_leiden	6	seed_23	success	success	not_evaluable	not_evaluable	False	False	3	0.880839963618026	1.0											0.0	0.0	0.0	0.0	0.0	0.0	0.1111111111111111	0.1111111111111111	0.0						
GSE294385	Patient11	M-ST-29	M3_spatial_leiden	6	seed_37	success	success	success	success	True	False	3	0.4352962722898452	0.12323390894819466	0.1295774647887324	-0.13279582774122534	-0.14523692910268715	-0.012441101361461815	0.005112061094061149	0.017553162455522964	0.012441101361461815	0.01719537260645392	0.059043341480207394	0.04184796887375347	0.6998635743519782	0.4331514324693042	-0.266712141882674	0.629746835443038	0.4588607594936709	-0.1708860759493671	0.3301088270858525	0.19206025419739525	-0.13804857288845723	-0.0343349355413498	-0.014820140767620964	0.01951479477372884	-0.047619402256806644	0.024150991588747287	0.07177039384555393
GSE294385	Patient11	M-ST-30	M0_expr_kmeans	4	seed_11	success	success	success	success	True	False	3	0.9981041486554066	0.9888888888888889	1.0	0.1327338480538527	0.1327338480538527	0.0	0.04815740487025577	0.04815740487025577	0.0	0.15007730410370526	0.15007730410370526	0.0	0.4624277456647399	0.4624277456647399	0.0	0.6666666666666666	0.6666666666666666	0.0	0.11299435028248588	0.11209068010075567	-0.0009036701817302095	0.037657100575597575	0.037657100575597575	0.0	0.06012085098361705	0.06012085098361705	0.0
GSE294385	Patient11	M-ST-30	M0_expr_kmeans	4	seed_23	success	success	success	success	True	False	3	0.9981041486554066	0.9888888888888889	1.0	0.1327338480538527	0.1327338480538527	0.0	0.04815740487025577	0.04815740487025577	0.0	0.15007730410370526	0.15007730410370526	0.0	0.4624277456647399	0.4624277456647399	0.0	0.6666666666666666	0.6666666666666666	0.0	0.11299435028248588	0.11209068010075567	-0.0009036701817302095	0.03056496678688002	0.03056496678688002	0.0	0.059143744843399904	0.059143744843399904	0.0
GSE294385	Patient11	M-ST-30	M0_expr_kmeans	4	seed_37	success	success	success	success	True	False	3	0.9936910341490686	0.9944444444444445	1.0	0.1327338480538527	0.1327338480538527	0.0	0.04815740487025577	0.04815740487025577	0.0	0.15007730410370526	0.15007730410370526	0.0	0.4624277456647399	0.4624277456647399	0.0	0.6666666666666666	0.6666666666666666	0.0	0.11271133375078271	0.11264946507237256	-6.186867841015409e-05	0.024284666695147845	0.024284666695147845	0.0	0.046052332406415854	0.046052332406415854	0.0
GSE294385	Patient11	M-ST-30	M0_expr_kmeans	6	seed_11	success	success	not_evaluable	not_evaluable	False	False	3	0.989487859248322	0.9911504424778761	1.0	0.09399276280391344	0.09399276280391344	0.0	0.009416319620316527	0.009416319620316527	0.0	0.029344933910024133	0.029344933910024133	0.0	0.20809248554913296	0.20809248554913296	0.0	0.13333333333333333	0.13333333333333333	0.0	0.14583333333333334	0.1434010152284264	-0.002432318104906933						
GSE294385	Patient11	M-ST-30	M0_expr_kmeans	6	seed_23	success	success	not_evaluable	not_evaluable	False	False	3	0.9977531870895224	0.9911504424778761	1.0	0.09399276280391344	0.09399276280391344	0.0	0.009416319620316527	0.009416319620316527	0.0	0.029344933910024133	0.029344933910024133	0.0	0.20809248554913296	0.20809248554913296	0.0	0.13333333333333333	0.13333333333333333	0.0	0.1423125794155019	0.1434010152284264	0.0010884358129245042						
GSE294385	Patient11	M-ST-30	M0_expr_kmeans	6	seed_37	success	success	not_evaluable	not_evaluable	False	False	3	0.9787293861189089	0.8888888888888888	0.8518518518518519	0.09399276280391344	0.20818871638788217	0.11419595358396872	0.009416319620316527	0.12361227320428525	0.11419595358396872	0.029344933910024133	0.3852241782257667	0.3558792443157426	0.20809248554913296	0.21965317919075145	0.011560693641618491	0.13333333333333333	0.21333333333333335	0.08000000000000002	0.14659685863874344	0.17050067658998647	0.023903817951243023						
GSE294385	Patient11	M-ST-30	M1_spatial_concat_kmeans	4	seed_11	success	success	success	success	True	False	3	0.9971829001605895	0.9944444444444445	1.0	0.1327338480538527	0.1327338480538527	0.0	0.04815740487025577	0.04815740487025577	0.0	0.15007730410370526	0.15007730410370526	0.0	0.4624277456647399	0.4624277456647399	0.0	0.6666666666666666	0.6666666666666666	0.0	0.11292346298619825	0.11264946507237256	-0.0002739979138256937	0.03755716977507074	0.03755716977507074	0.0	0.04490277781951671	0.04490277781951671	0.0
GSE294385	Patient11	M-ST-30	M1_spatial_concat_kmeans	4	seed_23	success	success	success	success	True	False	3	0.9971829001605895	0.9944444444444445	1.0	0.1327338480538527	0.1327338480538527	0.0	0.04815740487025577	0.04815740487025577	0.0	0.15007730410370526	0.15007730410370526	0.0	0.4624277456647399	0.4624277456647399	0.0	0.6666666666666666	0.6666666666666666	0.0	0.11292346298619825	0.11264946507237256	-0.0002739979138256937	0.03122903482383506	0.03122903482383506	0.0	0.05292215496523844	0.05292215496523844	0.0
GSE294385	Patient11	M-ST-30	M1_spatial_concat_kmeans	4	seed_37	success	success	success	success	True	False	3	0.9971829001605895	0.9944444444444445	1.0	0.1327338480538527	0.1327338480538527	0.0	0.04815740487025577	0.04815740487025577	0.0	0.15007730410370526	0.15007730410370526	0.0	0.4624277456647399	0.4624277456647399	0.0	0.6666666666666666	0.6666666666666666	0.0	0.11292346298619825	0.11264946507237256	-0.0002739979138256937	0.039752312636786594	0.039752312636786594	0.0	0.05416088048884341	0.05416088048884341	0.0
GSE294385	Patient11	M-ST-30	M1_spatial_concat_kmeans	6	seed_11	success	success	not_evaluable	not_evaluable	False	False	3	0.9951860057880575	0.9658119658119658	0.9583333333333334	0.09399276280391344	0.09501540932016228	0.0010226465162488374	0.009416319620316527	0.010438966136565364	0.0010226465162488374	0.029344933910024133	0.03253190033031115	0.0031869664202870164	0.20809248554913296	0.2138728323699422	0.005780346820809246	0.13333333333333333	0.14666666666666667	0.013333333333333336	0.14809960681520315	0.15135834411384216	0.003258737298639014						
GSE294385	Patient11	M-ST-30	M1_spatial_concat_kmeans	6	seed_23	success	success	not_evaluable	not_evaluable	False	False	3	0.9937114068055546	0.9568965517241379	0.9787234042553191	0.09399276280391344	0.09586467624506856	0.0018719134411551153	0.009416319620316527	0.011288233061471642	0.0018719134411551153	0.029344933910024133	0.03517854814901661	0.005833614238992476	0.20809248554913296	0.20809248554913296	0.0	0.13333333333333333	0.14666666666666667	0.013333333333333336	0.14122137404580154	0.14702154626108999	0.005800172215288446						
GSE294385	Patient11	M-ST-30	M1_spatial_concat_kmeans	6	seed_37	success	success	not_evaluable	not_evaluable	False	False	3	0.9962035077529	0.9829059829059829	0.9583333333333334	0.09399276280391344	0.09501540932016228	0.0010226465162488374	0.009416319620316527	0.010438966136565364	0.0010226465162488374	0.029344933910024133	0.03253190033031115	0.0031869664202870164	0.20809248554913296	0.2138728323699422	0.005780346820809246	0.13333333333333333	0.14666666666666667	0.013333333333333336	0.15072083879423329	0.15135834411384216	0.0006375053196088776						
GSE294385	Patient11	M-ST-30	M2_spatial_ward	4	neighbors_4	success	success	success	success	True	False	3	1.0	1.0	1.0	-0.013903798893480701	-0.013903798893480701	0.0	0.09848024207707762	0.09848024207707762	0.0	0.3069029420963811	0.3069029420963811	0.0	0.7109826589595376	0.7109826589595376	0.0	0.84	0.84	0.0	0.10292887029288703	0.10292887029288703	0.0	0.23951123213055917	0.23951123213055917	0.0	-0.00475945813659341	-0.00475945813659341	0.0
GSE294385	Patient11	M-ST-30	M2_spatial_ward	4	neighbors_6	success	success	success	success	True	False	3	0.9546208394192884	1.0	1.0	-0.017341312762936267	-0.017341312762936267	0.0	0.10191775594653318	0.10191775594653318	0.0	0.31761557945167235	0.31761557945167235	0.0	0.6878612716763006	0.6878612716763006	0.0	0.84	0.84	0.0	0.10996724379971923	0.11074458058435438	0.000777336784635152	0.24271704017951365	0.24271704017951365	0.0	0.0	0.0	0.0
GSE294385	Patient11	M-ST-30	M2_spatial_ward	4	neighbors_8	success	success	success	success	True	False	3	0.42080485029619574	0.8535564853556485	0.8681318681318682	-0.017341312762936267	0.036741255703401254	0.05408256846633752	0.10191775594653318	0.04783518748019566	-0.05408256846633752	0.31761557945167235	0.14907314872270339	-0.16854243072896896	0.6878612716763006	0.6184971098265896	-0.06936416184971106	0.84	0.68	-0.15999999999999992	0.10603371783496007	0.21794871794871795	0.11191500011375788	0.24271704017951365	0.060048317589184136	-0.1826687225903295	0.0	0.0	0.0
GSE294385	Patient11	M-ST-30	M2_spatial_ward	6	neighbors_4	success	success	success	success	True	False	3	1.0	1.0	1.0	0.020291881208966966	0.020291881208966966	0.0	0.06428456197462995	0.06428456197462995	0.0	0.20033583168844843	0.20033583168844843	0.0	0.6184971098265896	0.6184971098265896	0.0	0.64	0.64	0.0	0.1775618374558304	0.1775618374558304	0.0	0.10059702567415321	0.10059702567415321	0.0	0.03372579049648906	0.03372579049648906	0.0
GSE294385	Patient11	M-ST-30	M2_spatial_ward	6	neighbors_6	success	success	success	success	True	False	3	0.8446521129277169	1.0	1.0	-0.017341312762936267	-0.017341312762936267	0.0	0.10191775594653318	0.10191775594653318	0.0	0.31761557945167235	0.31761557945167235	0.0	0.6878612716763006	0.6878612716763006	0.0	0.84	0.84	0.0	0.10996724379971923	0.11074458058435438	0.000777336784635152	0.25016399845869425	0.25016399845869425	0.0	0.0	0.0	0.0
GSE294385	Patient11	M-ST-30	M2_spatial_ward	6	neighbors_8	success	success	not_evaluable	success	False	False	3	0.705755408277302	0.0	0.0	0.635851524905843	0.036741255703401254	-0.5991102692024417	0.551275081722246	0.04783518748019566	-0.5034398942420504	1.7179887144526083	0.14907314872270339	-1.5689155657299048	0.1907514450867052	0.6184971098265896	0.4277456647398844	0.16	0.68	0.52	0.13953488372093023	0.21794871794871795	0.07841383422778772		0.05239859435418975			0.0	
GSE294385	Patient11	M-ST-30	M3_spatial_leiden	4	seed_11	success	success	success	success	True	False	3	0.9333303424819988	1.0	1.0	-0.16506908011879728	-0.16506908011879728	0.0	0.2496455233023942	0.2496455233023942	0.0	0.7779930671040551	0.7779930671040551	0.0	0.4393063583815029	0.4393063583815029	0.0	0.3466666666666667	0.3466666666666667	0.0	0.12226277372262774	0.12384473197781885	0.0015819582551911127	0.6097356443841982	0.6097356443841982	0.0	0.07788476501438854	0.07788476501438854	0.0
GSE294385	Patient11	M-ST-30	M3_spatial_leiden	4	seed_23	success	success	not_evaluable	not_evaluable	False	False	3	0.49846720077770956	0.8863636363636364	0.8985507246376812	0.1140621743250625	0.09244803356712361	-0.021614140757938882	0.029485731141465576	0.007871590383526694	-0.021614140757938882	0.09188906775935908	0.024530953587534196	-0.06735811417182488	0.28901734104046245	0.3179190751445087	0.02890173410404623	0.16	0.18666666666666668	0.026666666666666672	0.08813559322033898	0.08943089430894309	0.0012953010886041089						
GSE294385	Patient11	M-ST-30	M3_spatial_leiden	4	seed_37	success	success	not_evaluable	not_evaluable	False	False	3	0.5910229878481881	0.8636363636363636	0.8985507246376812	0.1140621743250625	0.09244803356712361	-0.021614140757938882	0.029485731141465576	0.007871590383526694	-0.021614140757938882	0.09188906775935908	0.024530953587534196	-0.06735811417182488	0.28901734104046245	0.3179190751445087	0.02890173410404623	0.16	0.18666666666666668	0.026666666666666672	0.08616780045351474	0.08970438328236494	0.0035365828288501933						
GSE294385	Patient11	M-ST-30	M3_spatial_leiden	6	seed_11	success	success	not_evaluable	not_evaluable	False	False	3	0.6203334961058342	0.0	0.0	0.1066965106700315	-0.4279468642565081	-0.5346433749265396	0.02212006748643458	0.512523307440105	0.4904032399536704	0.0689347796854921	1.5972230330549566	1.5282882533694646	0.3063583815028902	0.12716763005780346	-0.17919075144508673	0.16	0.18666666666666668	0.026666666666666672	0.11171662125340599	0.12944162436548223	0.01772500311207624						
GSE294385	Patient11	M-ST-30	M3_spatial_leiden	6	seed_23	success	success	not_evaluable	not_evaluable	False	False	3	0.5155565704636743	0.033112582781456956	0.02608695652173913	-0.23362787542404084	0.1140621743250625	0.34769004974910334	0.31820431860763776	0.029485731141465576	-0.2887185874661722	0.9916490811631464	0.09188906775935908	-0.8997600134037873	0.21965317919075145	0.28901734104046245	0.069364161849711	0.24	0.16	-0.07999999999999999	0.14661654135338345	0.11320754716981132	-0.03340899418357213						
GSE294385	Patient11	M-ST-30	M3_spatial_leiden	6	seed_37	success	success	not_evaluable	not_evaluable	False	False	3	0.6794497295966461	1.0	1.0	0.1140621743250625	0.1140621743250625	0.0	0.029485731141465576	0.029485731141465576	0.0	0.09188906775935908	0.09188906775935908	0.0	0.28901734104046245	0.28901734104046245	0.0	0.16	0.16	0.0	0.11078717201166181	0.11078717201166181	0.0						
GSE294385	Patient9	M-ST-31	M0_expr_kmeans	4	seed_11	success	success	success	success	True	False	3	0.9942595081441368	0.9984939759036144	0.9980430528375733	0.0799630415764927	0.0808333982229894	0.0008703566464967061	0.05082247124702044	0.049952114600523734	-0.0008703566464967061	0.14867360470597468	0.14612750537551256	-0.002546099330462126	0.5417867435158501	0.5403458213256485	-0.0014409221902016434	0.5378486055776892	0.5378486055776892	0.0	0.48361252731245447	0.4857142857142857	0.002101758401831244	0.08846745035495401	0.08515523985783743	-0.00331221049711658	-0.16844641164073407	-0.1721748657308973	-0.00372845409016323
GSE294385	Patient9	M-ST-31	M0_expr_kmeans	4	seed_23	success	success	success	success	True	False	3	0.9942595081441368	0.9984939759036144	0.9980430528375733	0.0799630415764927	0.0808333982229894	0.0008703566464967061	0.05082247124702044	0.049952114600523734	-0.0008703566464967061	0.14867360470597468	0.14612750537551256	-0.002546099330462126	0.5417867435158501	0.5403458213256485	-0.0014409221902016434	0.5378486055776892	0.5378486055776892	0.0	0.48361252731245447	0.4857142857142857	0.002101758401831244	0.0879500791455963	0.08538890637251637	-0.002561172773079934	-0.16882653212069446	-0.17296736401730917	-0.004140831896614711
GSE294385	Patient9	M-ST-31	M0_expr_kmeans	4	seed_37	success	success	success	success	True	False	3	0.9942595081441368	0.9984939759036144	0.9980430528375733	0.0799630415764927	0.0808333982229894	0.0008703566464967061	0.05082247124702044	0.049952114600523734	-0.0008703566464967061	0.14867360470597468	0.14612750537551256	-0.002546099330462126	0.5417867435158501	0.5403458213256485	-0.0014409221902016434	0.5378486055776892	0.5378486055776892	0.0	0.48361252731245447	0.4857142857142857	0.002101758401831244	0.08900157920589263	0.0869919950370209	-0.002009584168871731	-0.16819625812510075	-0.16813723041385586	5.9027711244885595e-05
GSE294385	Patient9	M-ST-31	M0_expr_kmeans	6	seed_11	success	success	success	success	True	False	3	0.918742699727426	0.9126016260162602	0.9098837209302325	0.1753976089542837	0.18240816954138128	0.007010560587097592	0.04461209613077055	0.05162265671786814	0.007010560587097592	0.1305060730520847	0.15101442866563702	0.020508355613552326	0.3069164265129683	0.26368876080691644	-0.043227665706051854	0.5219123505976095	0.5179282868525896	-0.003984063745019917	0.5682352941176471	0.5307068366164542	-0.037528457501192825	0.05331679601939913	0.0698608373897993	0.01654404137040017	-0.07031951573035507	-0.039146619230075945	0.031172896500279122
GSE294385	Patient9	M-ST-31	M0_expr_kmeans	6	seed_23	success	success	success	success	True	False	3	0.9272917468661932	0.9373776908023483	0.927027027027027	0.1753976089542837	0.1745767804371272	-0.00082082851715648	0.04461209613077055	0.04379126761361407	-0.00082082851715648	0.1305060730520847	0.12810486092097903	-0.0024012121311056678	0.3069164265129683	0.34438040345821325	0.03746397694524495	0.5219123505976095	0.5179282868525896	-0.003984063745019917	0.5669014084507042	0.6028537455410226	0.03595233709031831	0.05094103364169898	0.052642903545290214	0.0017018699035912313	-0.06786422749380151	-0.08041605374638812	-0.012551826252586606
GSE294385	Patient9	M-ST-31	M0_expr_kmeans	6	seed_37	success	success	success	success	True	False	3	0.9819735316161605	0.979757085020243	0.9745042492917847	0.17346157376953864	0.17176644666430874	-0.0016951271052298988	0.042676060946025496	0.0409809338407956	-0.0016951271052298988	0.12484248915521702	0.11988364612799787	-0.004958843027219148	0.31988472622478387	0.30835734870317005	-0.011527377521613813	0.5219123505976095	0.5179282868525896	-0.003984063745019917	0.5706018518518519	0.5672514619883041	-0.0033503898635477425	0.04281558502363772	0.032353564146913594	-0.010462020876724126	-0.07819767028181637	-0.09148207674430812	-0.013284406462491752
GSE294385	Patient9	M-ST-31	M1_spatial_concat_kmeans	4	seed_11	success	success	success	success	True	False	3	0.9947523261688066	0.9984939759036144	0.9980430528375733	0.0799630415764927	0.0808333982229894	0.0008703566464967061	0.05082247124702044	0.049952114600523734	-0.0008703566464967061	0.14867360470597468	0.14612750537551256	-0.002546099330462126	0.5417867435158501	0.5403458213256485	-0.0014409221902016434	0.5378486055776892	0.5378486055776892	0.0	0.4839650145772595	0.4857142857142857	0.0017492711370262204	0.08664964587714118	0.08338029522155718	-0.003269350655583994	-0.1648433530897773	-0.16813723041385586	-0.00329387732407857
GSE294385	Patient9	M-ST-31	M1_spatial_concat_kmeans	4	seed_23	success	success	success	success	True	False	3	0.9958457379774197	1.0	1.0	0.0808333982229894	0.0808333982229894	0.0	0.049952114600523734	0.049952114600523734	0.0	0.14612750537551256	0.14612750537551256	0.0	0.5403458213256485	0.5403458213256485	0.0	0.5378486055776892	0.5378486055776892	0.0	0.48358862144420134	0.48535871156661786	0.0017700901224165233	0.08581447965516657	0.08581447965516657	0.0	-0.17094877194246555	-0.17094877194246555	0.0
GSE294385	Patient9	M-ST-31	M1_spatial_concat_kmeans	4	seed_37	success	success	success	success	True	False	3	0.9953525715172785	1.0	1.0	0.0808333982229894	0.0808333982229894	0.0	0.049952114600523734	0.049952114600523734	0.0	0.14612750537551256	0.14612750537551256	0.0	0.5403458213256485	0.5403458213256485	0.0	0.5378486055776892	0.5378486055776892	0.0	0.48323615160349853	0.48535871156661786	0.0021225599631193304	0.08564117318906787	0.08564117318906787	0.0	-0.16899454439932593	-0.16899454439932593	0.0
GSE294385	Patient9	M-ST-31	M1_spatial_concat_kmeans	6	seed_11	success	success	success	success	True	False	3	0.9795202500622602	0.976545842217484	0.9750778816199377	0.18333930384460428	0.18240816954138128	-0.0009311343032230024	0.052553791021091145	0.05162265671786814	-0.0009311343032230024	0.15373832401997137	0.15101442866563702	-0.0027238953543343436	0.27521613832853026	0.26368876080691644	-0.011527377521613813	0.5179282868525896	0.5179282868525896	0.0	0.5373134328358209	0.53125	-0.006063432835820892	0.06378003066250756	0.056496170165675604	-0.007283860496831961	-0.040909255012394174	-0.04229576726225973	-0.0013865122498655583
GSE294385	Patient9	M-ST-31	M1_spatial_concat_kmeans	6	seed_23	success	success	success	success	True	False	3	0.9445432093311636	0.9348268839103869	0.9302325581395349	0.1753976089542837	0.18578878840479396	0.010391179450510268	0.04461209613077055	0.05500327558128082	0.010391179450510268	0.1305060730520847	0.16090392794082317	0.030397854888738474	0.3069164265129683	0.2737752161383285	-0.033141210374639796	0.5219123505976095	0.5179282868525896	-0.003984063745019917	0.5608342989571263	0.5362485615650172	-0.02458573739210912	0.04658816559190285	0.07512368773752526	0.02853552214562241	-0.06730321401249971	-0.03318571371535388	0.03411750029714583
GSE294385	Patient9	M-ST-31	M1_spatial_concat_kmeans	6	seed_37	success	success	success	success	True	False	3	0.9876610748762701	0.9810526315789474	0.9908256880733946	0.18016456914185208	0.17847483960001287	-0.0016897295418392133	0.04937905631833894	0.04768932677649973	-0.0016897295418392133	0.144451108332462	0.1395080550767009	-0.0049430532557611095	0.2780979827089337	0.2824207492795389	0.004322766570605208	0.5219123505976095	0.5219123505976095	0.0	0.5476744186046512	0.5516431924882629	0.00396877388361172	0.06291758892767102	0.04739812973168008	-0.015519459195990938	-0.050954848900216114	-0.06571420071661413	-0.014759351816398016
GSE294385	Patient9	M-ST-31	M2_spatial_ward	4	neighbors_4	success	success	success	success	True	False	3	0.5276098940878388	0.8644986449864499	0.8629629629629629	0.07080708437315897	0.18443203280075748	0.11362494842759852	0.05997842845035417	0.053646519977244345	-0.006331908473109826	0.17545800004434708	0.15693494057346918	-0.0185230594708779	0.23919308357348704	0.21037463976945245	-0.028818443804034588	0.41434262948207173	0.3466135458167331	-0.06772908366533864	0.46946564885496184	0.44992947813822287	-0.019536170716738965	0.07264003221726616	0.039921157056368534	-0.03271887516089762	0.143075436896082	0.06405910381848846	-0.07901633307759352
GSE294385	Patient9	M-ST-31	M2_spatial_ward	4	neighbors_6	success	success	success	success	True	False	3	0.5614621520299288	0.3676789587852495	0.3919354838709677	0.06584491586979824	0.15231935870556068	0.08647444283576244	0.0649405969537149	0.021533845882047542	-0.04340675107166736	0.18997408831103765	0.06299407352519505	-0.1269800147858426	0.20028818443804033	0.5446685878962536	0.3443804034582133	0.41434262948207173	0.9641434262948207	0.549800796812749	0.4815340909090909	0.41833030852994557	-0.06320378237914531	0.07948849771812833	0.027017128090818077	-0.05247136962731025	0.15125012068193436	0.03223291837269406	-0.11901720230924029
GSE294385	Patient9	M-ST-31	M2_spatial_ward	4	neighbors_8	success	success	success	success	True	False	3	0.4126545829622615	0.0070838252656434475	0.004531722054380665	0.08429691932383854	-0.004545351879850168	-0.0888422712036887	0.0464885934996746	0.1353308647033633	0.0888422712036887	0.13599548789577154	0.39589038056871656	0.259894892672945	0.2132564841498559	0.5201729106628242	0.30691642651296835	0.398406374501992	0.22310756972111553	-0.17529880478087648	0.4766483516483517	0.5609756097560976	0.08432725810774594	0.029172036986563652	0.28154083126017865	0.25236879427361497	0.08225619391112039	0.3346031593123366	0.2523469654012162
GSE294385	Patient9	M-ST-31	M2_spatial_ward	6	neighbors_4	success	success	success	success	True	False	3	0.6102369341974286	0.8644986449864499	0.8629629629629629	0.07080708437315897	0.18443203280075748	0.11362494842759852	0.05997842845035417	0.053646519977244345	-0.006331908473109826	0.17545800004434708	0.15693494057346918	-0.0185230594708779	0.23919308357348704	0.21037463976945245	-0.028818443804034588	0.41434262948207173	0.3466135458167331	-0.06772908366533864	0.46946564885496184	0.44992947813822287	-0.019536170716738965	0.07304064744930565	0.04070964173718915	-0.0323310057121165	0.143075436896082	0.06229906596245282	-0.08077637093362916
GSE294385	Patient9	M-ST-31	M2_spatial_ward	6	neighbors_6	success	success	not_evaluable	not_evaluable	False	False	3	0.6704469546493192	0.0	0.0	0.21554957616978299	-0.002439900708162135	-0.21798947687794512	0.08476406334626985	0.13322541353167527	0.04846135018540543	0.24796470022016778	0.3897311953196201	0.1417664950994523	0.08069164265129683	0.23919308357348704	0.1585014409221902	0.30677290836653387	0.08764940239043825	-0.21912350597609562	0.5297872340425532	0.5228310502283106	-0.006956183814242678						
GSE294385	Patient9	M-ST-31	M2_spatial_ward	6	neighbors_8	success	success	success	success	True	False	3	0.8490827796113938	0.5059288537549407	0.5275779376498801	-0.08392802157391732	-0.004545351879850168	0.07938266969406715	0.21471353439743046	0.1353308647033633	-0.07938266969406715	0.6281126115034749	0.39589038056871656	-0.2322222309347583	0.28530259365994237	0.5201729106628242	0.23487031700288186	0.08764940239043825	0.22310756972111553	0.13545816733067728	0.5182186234817814	0.5609756097560976	0.04275698627431623	0.38546623150363535	0.27902611644459907	-0.10644011505903628	0.36128246142977366	0.33991339184223285	-0.021369069587540812
GSE294385	Patient9	M-ST-31	M3_spatial_leiden	4	seed_11	not_evaluable	not_evaluable	not_evaluable	not_evaluable	False	False	3																											
GSE294385	Patient9	M-ST-31	M3_spatial_leiden	4	seed_23	not_evaluable	not_evaluable	not_evaluable	not_evaluable	False	False	3																											
GSE294385	Patient9	M-ST-31	M3_spatial_leiden	4	seed_37	not_evaluable	not_evaluable	not_evaluable	not_evaluable	False	False	3																											
GSE294385	Patient9	M-ST-31	M3_spatial_leiden	6	seed_11	success	success	success	success	True	False	3	0.9736305725440153	0.9810126582278481	0.9812108559498957	0.12411545473034025	0.1264252429805135	0.0023097882501732503	0.0066700580931728926	0.004360269842999642	-0.0023097882501732503	0.019512266050392264	0.012755322973152674	-0.006756943077239589	0.484149855907781	0.4812680115273775	-0.0028818443804034533	0.5577689243027888	0.5537848605577689	-0.003984063745019917	0.3802304426925409	0.38390663390663393	0.0036761912140930164	-0.04677611845481235	-0.04766710245757553	-0.000890984002763176	0.0	-0.004164715724248223	-0.004164715724248223
GSE294385	Patient9	M-ST-31	M3_spatial_leiden	6	seed_23	success	success	success	success	True	False	3	0.7941290923492008	0.7547528517110266	0.8228882833787466	0.07664373792090018	0.014421479725276853	-0.062222258195623326	0.05414177490261296	0.11636403309823629	0.062222258195623326	0.15838373543126072	0.3404057267257423	0.1820219912944816	0.35014409221902015	0.29394812680115273	-0.05619596541786742	0.4940239043824701	0.3904382470119522	-0.10358565737051795	0.3795093795093795	0.3861867704280156	0.006677390918636061	0.07624575585551266	0.24173234887485068	0.16548659301933802	0.04902127374344054	0.041872385169641	-0.007148888573799542
GSE294385	Patient9	M-ST-31	M3_spatial_leiden	6	seed_37	success	success	success	success	True	False	3	0.5254096008126131	0.23844884488448845	0.2306878306878307	0.2924063116347526	0.12343035390721258	-0.16897595772754004	0.16162079881123947	0.007355158916300564	-0.1542656398949389	0.47279768506209363	0.02151642693557143	-0.4512812581265222	0.7463976945244957	0.4783861671469741	-0.2680115273775216	0.6932270916334662	0.5537848605577689	-0.1394422310756973	0.3378119001919386	0.38191881918819187	0.0441069189962533	0.4364410025305534	-0.045035936152401916	-0.4814769386829553	-0.008791269100150208	0.004596388238170531	0.01338765733832074
GSE294385	Patient9	M-ST-32	M0_expr_kmeans	4	seed_11	success	success	success	success	True	False	3	0.992062230380924	0.9896193771626297	0.9908256880733946	0.4424118565054098	0.45303144643395254	0.010619589928542728	0.24026281397278437	0.2508824039013271	0.010619589928542728	0.533834681697797	0.5574301158622653	0.0235954341644683	0.3791208791208791	0.3758241758241758	-0.003296703296703285	0.30927835051546393	0.3127147766323024	0.0034364261168384758	0.5124777183600713	0.5143112701252236	0.0018335517651523192	0.40405146963401795	0.4254797809855986	0.02142831135158063	0.2858553892399354	0.30294704436927494	0.017091655129339522
GSE294385	Patient9	M-ST-32	M0_expr_kmeans	4	seed_23	success	success	success	success	True	False	3	0.9903845053816076	0.9879725085910653	0.9885844748858448	0.43240311119732033	0.45303144643395254	0.02062833523663221	0.2302540686646949	0.2508824039013271	0.02062833523663221	0.5115964698106112	0.5574301158622653	0.045833646051654076	0.3791208791208791	0.3758241758241758	-0.003296703296703285	0.31958762886597936	0.3127147766323024	-0.0068728522336769515	0.5136804942630185	0.5143112701252236	0.0006307758622050574	0.3799717767484952	0.42148343079691075	0.04151165404841556	0.26363760600047886	0.3111955396026841	0.04755793360220523
GSE294385	Patient9	M-ST-32	M0_expr_kmeans	4	seed_37	success	success	success	success	True	False	3	0.9893521352491706	0.9879725085910653	0.9885844748858448	0.43240311119732033	0.45303144643395254	0.02062833523663221	0.2302540686646949	0.2508824039013271	0.02062833523663221	0.5115964698106112	0.5574301158622653	0.045833646051654076	0.3791208791208791	0.3758241758241758	-0.003296703296703285	0.31958762886597936	0.3127147766323024	-0.0068728522336769515	0.5127753303964758	0.5143112701252236	0.0015359397287477705	0.38009179163454676	0.4266948118874494	0.04660302025290264	0.26363760600047886	0.31058146404476406	0.04694385804428519
GSE294385	Patient9	M-ST-32	M0_expr_kmeans	6	seed_11	success	success	not_evaluable	not_evaluable	False	False	3	0.9923591644473305	0.9965635738831615	0.9964285714285714										0.3065934065934066	0.3076923076923077	0.001098901098901095	0.0	0.0	0.0	0.5420560747663551	0.5449438202247191	0.0028877454583640105						
GSE294385	Patient9	M-ST-32	M0_expr_kmeans	6	seed_23	success	success	not_evaluable	not_evaluable	False	False	3	0.9915729998274376	0.9965635738831615	0.9964285714285714										0.3076923076923077	0.3065934065934066	-0.001098901098901095	0.0	0.0	0.0	0.542910447761194	0.5440900562851783	0.0011796085239842435						
GSE294385	Patient9	M-ST-32	M0_expr_kmeans	6	seed_37	success	success	not_evaluable	not_evaluable	False	False	3	0.9928500571823662	0.9965635738831615	0.9964285714285714										0.3076923076923077	0.3065934065934066	-0.001098901098901095	0.0	0.0	0.0	0.542910447761194	0.5440900562851783	0.0011796085239842435						
GSE294385	Patient9	M-ST-32	M1_spatial_concat_kmeans	4	seed_11	success	success	success	success	True	False	3	0.9923946871147031	0.9913494809688581	0.9908256880733946	0.4424118565054098	0.45303144643395254	0.010619589928542728	0.24026281397278437	0.2508824039013271	0.010619589928542728	0.533834681697797	0.5574301158622653	0.0235954341644683	0.3791208791208791	0.3758241758241758	-0.003296703296703285	0.30927835051546393	0.3127147766323024	0.0034364261168384758	0.5129118432769367	0.5143112701252236	0.0013994268482868666	0.41640328969925583	0.4285223332925739	0.012119043593318057	0.2908139803595102	0.31100403676025384	0.020190056400743617
GSE294385	Patient9	M-ST-32	M1_spatial_concat_kmeans	4	seed_23	success	success	success	success	True	False	3	0.9974323939913579	0.9948006932409013	0.9954022988505747	0.45270705598519656	0.45303144643395254	0.00032439044875598455	0.2505580134525711	0.2508824039013271	0.00032439044875598455	0.5567093598322578	0.5574301158622653	0.0007207560300075411	0.378021978021978	0.3758241758241758	-0.00219780219780219	0.3127147766323024	0.3127147766323024	0.0	0.5129118432769367	0.5143112701252236	0.0013994268482868666	0.4271393751536781	0.4337833399686338	0.006643964814955661	0.3106662864151068	0.3152026002411167	0.004536313826009886
GSE294385	Patient9	M-ST-32	M1_spatial_concat_kmeans	4	seed_37	success	success	success	success	True	False	3	0.9927273751436339	0.9930795847750865	0.9931192660550459	0.4524206018134992	0.45303144643395254	0.0006108446204533546	0.25027155928087375	0.2508824039013271	0.0006108446204533546	0.5560728935849825	0.5574301158622653	0.0013572222772828546	0.3791208791208791	0.3758241758241758	-0.003296703296703285	0.3127147766323024	0.3127147766323024	0.0	0.5133451957295374	0.5143112701252236	0.0009660743956861895	0.4217179939987191	0.4368223343211138	0.01510434032239466	0.30543795308989685	0.31147845331564905	0.006040500225752199
GSE294385	Patient9	M-ST-32	M1_spatial_concat_kmeans	6	seed_11	success	success	not_evaluable	not_evaluable	False	False	3	0.9904504133091768	0.993127147766323	0.9928571428571429										0.3065934065934066	0.3065934065934066	0.0	0.0	0.0	0.0	0.5420560747663551	0.5440900562851783	0.002033981518823169						
GSE294385	Patient9	M-ST-32	M1_spatial_concat_kmeans	6	seed_23	success	success	not_evaluable	not_evaluable	False	False	3	0.9904504133091768	0.993127147766323	0.9928571428571429										0.3065934065934066	0.3065934065934066	0.0	0.0	0.0	0.0	0.5420560747663551	0.5440900562851783	0.002033981518823169						
GSE294385	Patient9	M-ST-32	M1_spatial_concat_kmeans	6	seed_37	success	success	not_evaluable	not_evaluable	False	False	3	0.9906638207876814	0.993127147766323	0.9928571428571429										0.3065934065934066	0.3065934065934066	0.0	0.0	0.0	0.0	0.5420560747663551	0.5440900562851783	0.002033981518823169						
GSE294385	Patient9	M-ST-32	M2_spatial_ward	4	neighbors_4	success	success	not_evaluable	not_evaluable	False	False	3	0.9942474432342963	1.0	1.0	0.12155865984550296	0.12155865984550296	0.0	0.08059038268712249	0.08059038268712249	0.0	0.17906200538613923	0.17906200538613923	0.0	0.1043956043956044	0.1043956043956044	0.0	0.23367697594501718	0.23367697594501718	0.0	0.37964458804523427	0.37964458804523427	0.0						
GSE294385	Patient9	M-ST-32	M2_spatial_ward	4	neighbors_6	success	success	success	success	True	False	3	0.9609173548814571	0.0	0.0	0.11194537087980816	0.300629529156514	0.18868415827670582	0.09020367165281729	0.09848048662388853	0.008276814971071245	0.20042156149144622	0.2188116353130817	0.01839007382163549	0.3868131868131868	0.3978021978021978	0.01098901098901095	0.7525773195876289	0.24054982817869416	-0.5120274914089347	0.3317572892040977	0.33722438391699094	0.00546709471289325	0.12488553755182558	0.08294395814596223	-0.04194157940586335	-0.08957994037790812	-0.017797850548958417	0.07178208982894971
GSE294385	Patient9	M-ST-32	M2_spatial_ward	4	neighbors_8	success	success	not_evaluable	not_evaluable	False	False	3	0.7617849007946212	0.5895372233400402	0.6496350364963503	0.0498108204914125	0.31995941189083665	0.27014859139942415	0.15233822204121295	0.11781036935821121	-0.034527852683001736	0.33847695749951173	0.26176027820170517	-0.07671667929780657	0.2835164835164835	0.36813186813186816	0.08461538461538465	0.05154639175257732	0.24054982817869416	0.18900343642611683	0.551660516605166	0.44035874439461886	-0.11130177221054716						
GSE294385	Patient9	M-ST-32	M2_spatial_ward	6	neighbors_4	success	success	not_evaluable	not_evaluable	False	False	3	0.9934771772178528	1.0	1.0	-0.30213902514965496	-0.30213902514965496	0.0	0.5042880676822804	0.5042880676822804	0.0	1.1204666075610912	1.1204666075610912	0.0	0.04065934065934066	0.04065934065934066	0.0	0.16494845360824742	0.16494845360824742	0.0	0.76	0.76	0.0						
GSE294385	Patient9	M-ST-32	M2_spatial_ward	6	neighbors_6	success	success	success	success	True	False	3	0.9208792729076055	0.8489795918367347	0.8507462686567164	0.28428691153098273	0.2028197588227254	-0.08146715270825733	0.08213786899835729	0.0006707162900999597	-0.08146715270825733	0.18250033131236143	0.0014902498281552522	-0.18101008148420616	0.3648351648351648	0.2989010989010989	-0.06593406593406592	0.24054982817869416	0.24054982817869416	0.0	0.5427927927927928	0.4505844845908608	-0.09220830820193199	0.04188908121161987	-0.15094642078983586	-0.19283550200145572	0.011508067586182657	-0.06864732999209654	-0.08015539757827919
GSE294385	Patient9	M-ST-32	M2_spatial_ward	6	neighbors_8	success	success	not_evaluable	not_evaluable	False	False	3	0.6923859447997363	0.7401315789473685	0.7733812949640287	0.0498108204914125			0.15233822204121295			0.33847695749951173			0.2835164835164835	0.24175824175824176	-0.04175824175824175	0.05154639175257732	0.0	-0.05154639175257732	0.551660516605166	0.5191873589164786	-0.032473157688687415						
GSE294385	Patient9	M-ST-32	M3_spatial_leiden	4	seed_11	success	success	not_evaluable	not_evaluable	False	False	3	0.9490890446125047	0.9384615384615385	0.9404761904761905	-0.20141486423503308	-0.18256341494343653	0.018851449291596545	0.4035639067676585	0.384712457476062	-0.018851449291596545	0.8966698015050961	0.8547841793993735	-0.041885622105722664	0.05274725274725275	0.04945054945054945	-0.003296703296703299	0.12027491408934708	0.12027491408934708	0.0	0.15409054805401112	0.14696485623003194	-0.00712569182397918						
GSE294385	Patient9	M-ST-32	M3_spatial_leiden	4	seed_23	success	success	not_evaluable	not_evaluable	False	False	3	0.8928715330765351	0.8405172413793104	0.7567567567567568	-0.17194126766878381	-0.15634619136710542	0.01559507630167839	0.37409031020140926	0.35849523389973087	-0.01559507630167839	0.8311830631236202	0.7965327048101511	-0.034650358313469076	0.06813186813186813	0.05384615384615385	-0.014285714285714277	0.16838487972508592	0.12027491408934708	-0.04810996563573884	0.16178521617852162	0.15034695451040864	-0.011438261668112987						
GSE294385	Patient9	M-ST-32	M3_spatial_leiden	4	seed_37	success	success	success	success	True	False	3	0.376093644861171	0.0	0.0	0.02234063012007792	0.352913349266468	0.3305727191463901	0.17980841241254752	0.15076430673384256	-0.029044105678704968	0.3995123715553897	0.3349799095658913	-0.06453246198949841	0.5318681318681319	0.3384615384615385	-0.19340659340659339	0.7250859106529209	0.25773195876288657	-0.46735395189003437	0.1990432612312812	0.2943372744243933	0.09529401319311209	0.3386823507877508	0.19386549665537967	-0.1448168541323711	0.01928481702958062	0.06891787730087667	0.049633060271296055
GSE294385	Patient9	M-ST-32	M3_spatial_leiden	6	seed_11	success	success	success	success	True	False	3	0.8117028230236054	0.8863232682060391	0.8841201716738197	-0.04068088453246821	0.005279221400012468	0.04596010593248068	0.24282992706509365	0.19686982113261298	-0.04596010593248068	0.5395384940267012	0.4374207417388167	-0.1021177522878845	0.3769230769230769	0.33186813186813185	-0.04505494505494506	0.40893470790378006	0.3917525773195876	-0.017182130584192434	0.265180265654649	0.28418079096045196	0.019000525305802984	0.43409918521618	0.3185478462993434	-0.11555133891683661	-0.0007266877702920938	-0.10745734570128741	-0.10673065793099532
GSE294385	Patient9	M-ST-32	M3_spatial_leiden	6	seed_23	success	success	success	success	True	False	3	0.5482950457335762	0.0	0.0	0.02393149008837936	0.3700416739712207	0.3461101838828413	0.17821755244424609	0.16789263143859523	-0.010324921005650856	0.3959776746509401	0.3730369589094235	-0.02294071574151657	0.29010989010989013	0.36813186813186816	0.07802197802197802	0.3917525773195876	0.2646048109965636	-0.12714776632302405	0.32723434201266716	0.3399725274725275	0.01273818545986033	0.2728167435614738	0.22577429484487951	-0.04704244871659427	-0.11813703714697868	0.0907754793173268	0.20891251646430548
GSE294385	Patient9	M-ST-32	M3_spatial_leiden	6	seed_37	success	success	success	success	True	False	3	0.7929956632178372	0.9829867674858223	0.9799554565701559	0.30177577772915387	0.2990401608035653	-0.0027356169255885465	0.09962673519652843	0.09689111827093988	-0.0027356169255885465	0.2213584598998906	0.21528025259609995	-0.006078207303790634	0.4098901098901099	0.41098901098901097	0.001098901098901095	0.24398625429553264	0.24398625429553264	0.0	0.2933930571108623	0.3005151688609044	0.007122111750042126	0.06320792952425486	0.07038922591367192	0.007181296389417058	-0.0003859437485096926	-0.0071928036153044135	-0.006806859866794721
GSE294385	Patient10	M-ST-33	M0_expr_kmeans	4	seed_11	success	success	success	success	True	False	3	0.9969094512079023	0.9962335216572504	0.9948717948717949	-0.26902632427340945	-0.27312607332665606	-0.004099749053246615	0.13537742830269095	0.13127767924944433	-0.004099749053246615	0.40281860182205526	0.39061970572722327	-0.01219889609483199	0.5815899581589958	0.5815899581589958	0.0	0.8409090909090909	0.8409090909090909	0.0	0.17887276409044886	0.17863161442534548	-0.0002411496651033851	0.325306577779598	0.313107681684766	-0.01219889609483199	0.35465724463100823	0.3427935789254529	-0.011863665705555304
GSE294385	Patient10	M-ST-33	M0_expr_kmeans	4	seed_23	success	success	success	success	True	False	3	0.9969092726655744	0.9962335216572504	0.9948717948717949	-0.26902632427340945	-0.27312607332665606	-0.004099749053246615	0.13537742830269095	0.13127767924944433	-0.004099749053246615	0.40281860182205526	0.39061970572722327	-0.01219889609483199	0.5815899581589958	0.5815899581589958	0.0	0.8409090909090909	0.8409090909090909	0.0	0.17887276409044886	0.17851128326035703	-0.00036148083009182597	0.32682167482982166	0.3146227787349896	-0.012198896094832046	0.35465724463100823	0.3410952567118364	-0.013561987919171847
GSE294385	Patient10	M-ST-33	M0_expr_kmeans	4	seed_37	success	success	success	success	True	False	3	0.9969094512079023	0.9962335216572504	0.9948717948717949	-0.26902632427340945	-0.27312607332665606	-0.004099749053246615	0.13537742830269095	0.13127767924944433	-0.004099749053246615	0.40281860182205526	0.39061970572722327	-0.01219889609483199	0.5815899581589958	0.5815899581589958	0.0	0.8409090909090909	0.8409090909090909	0.0	0.17887276409044886	0.17863161442534548	-0.0002411496651033851	0.3235503155455877	0.31135141945075573	-0.01219889609483199	0.3543043797587605	0.342145810083333	-0.0121585696754275
GSE294385	Patient10	M-ST-33	M0_expr_kmeans	6	seed_11	success	success	not_evaluable	not_evaluable	False	False	3	0.995209418536883	0.9942528735632183	0.9970326409495549	0.04060720214702496	0.0430769516793601	0.0024697495323351415	0.44501095472312535	0.4474807042554605	0.0024697495323351415	1.3241401674159599	1.3314889630456235	0.007348795629663618	0.6715481171548117	0.6694560669456067	-0.0020920502092049986	0.12121212121212122	0.12121212121212122	0.0	0.27929373996789725	0.27768860353130015	-0.0016051364365970988						
GSE294385	Patient10	M-ST-33	M0_expr_kmeans	6	seed_23	success	success	not_evaluable	not_evaluable	False	False	3	0.992360702049556	0.9828080229226361	0.985207100591716	0.04060720214702496	0.0430769516793601	0.0024697495323351415	0.44501095472312535	0.4474807042554605	0.0024697495323351415	1.3241401674159599	1.3314889630456235	0.007348795629663618	0.6715481171548117	0.6652719665271967	-0.006276150627614996	0.12121212121212122	0.12121212121212122	0.0	0.27929373996789725	0.27410358565737053	-0.005190154310526718						
GSE294385	Patient10	M-ST-33	M0_expr_kmeans	6	seed_37	success	success	not_evaluable	not_evaluable	False	False	3	0.9932849192139774	0.9856733524355301	0.9881656804733728	0.04060720214702496	0.04060720214702496	0.0	0.44501095472312535	0.44501095472312535	0.0	1.3241401674159599	1.3241401674159599	0.0	0.6715481171548117	0.6673640167364017	-0.004184100418409997	0.12121212121212122	0.12121212121212122	0.0	0.27929373996789725	0.2755591054313099	-0.0037346345365873446						
GSE294385	Patient10	M-ST-33	M1_spatial_concat_kmeans	4	seed_11	success	success	success	success	True	False	3	0.9950468818942927	0.9868667917448405	0.9846547314578005	-0.2620422357458254	-0.2763159177664485	-0.014273682020623069	0.14236151683027498	0.1280878348096519	-0.014273682020623069	0.42359991530211744	0.38112825140299084	-0.0424716638991266	0.5753138075313807	0.5815899581589958	0.006276150627615107	0.8409090909090909	0.8484848484848485	0.007575757575757569	0.17804054054054055	0.17894382778338377	0.0009032872428432204	0.3525274597593449	0.3061967888698316	-0.046330670889513315	0.37235159736258744	0.33185014172323457	-0.04050145563935287
GSE294385	Patient10	M-ST-33	M1_spatial_concat_kmeans	4	seed_23	success	success	success	success	True	False	3	0.994510792748135	0.9849906191369606	0.9820971867007673	-0.26140561669750584	-0.2763159177664485	-0.014910301068942644	0.14299813587859456	0.1280878348096519	-0.014910301068942644	0.4254941896885683	0.38112825140299084	-0.044365938285577444	0.5732217573221757	0.5815899581589958	0.008368200836820106	0.8409090909090909	0.8484848484848485	0.007575757575757569	0.17782285327924274	0.17894382778338377	0.0011209745041410313	0.3433154083519948	0.3053198861796199	-0.037995522172374896	0.37230061033022016	0.32872322702253726	-0.043577383307682904
GSE294385	Patient10	M-ST-33	M1_spatial_concat_kmeans	4	seed_37	success	success	success	success	True	False	3	0.994510792748135	0.9849906191369606	0.9820971867007673	-0.26140561669750584	-0.2763159177664485	-0.014910301068942644	0.14299813587859456	0.1280878348096519	-0.014910301068942644	0.4254941896885683	0.38112825140299084	-0.044365938285577444	0.5732217573221757	0.5815899581589958	0.008368200836820106	0.8409090909090909	0.8484848484848485	0.007575757575757569	0.17782285327924274	0.17894382778338377	0.0011209745041410313	0.34718170480446037	0.3096287767480277	-0.03755292805643268	0.37586801147206894	0.3286688912713314	-0.04719912020073752
GSE294385	Patient10	M-ST-33	M1_spatial_concat_kmeans	6	seed_11	success	success	not_evaluable	not_evaluable	False	False	3	0.9925662002756771	0.9770773638968482	0.9792899408284024	0.04060720214702496	0.04642307678658675	0.005815874639561791	0.44501095472312535	0.45082682936268714	0.005815874639561791	1.3241401674159599	1.341445434032803	0.017305266616843173	0.6715481171548117	0.6610878661087866	-0.010460251046025104	0.12121212121212122	0.12121212121212122	0.0	0.2779552715654952	0.2731629392971246	-0.004792332268370614						
GSE294385	Patient10	M-ST-33	M1_spatial_concat_kmeans	6	seed_23	success	success	not_evaluable	not_evaluable	False	False	3	0.9950257335881284	0.9971264367816092	1.0	0.04060720214702496	0.04060720214702496	0.0	0.44501095472312535	0.44501095472312535	0.0	1.3241401674159599	1.3241401674159599	0.0	0.6715481171548117	0.6715481171548117	0.0	0.12121212121212122	0.12121212121212122	0.0	0.27906976744186046	0.27826784282277467	-0.000801924619085792						
GSE294385	Patient10	M-ST-33	M1_spatial_concat_kmeans	6	seed_37	success	success	not_evaluable	not_evaluable	False	False	3	0.9939333829360858	0.9885057471264368	0.9910979228486647	0.04060720214702496	0.04642307678658675	0.005815874639561791	0.44501095472312535	0.45082682936268714	0.005815874639561791	1.3241401674159599	1.341445434032803	0.017305266616843173	0.6715481171548117	0.6652719665271967	-0.006276150627614996	0.12121212121212122	0.12121212121212122	0.0	0.27929373996789725	0.27630522088353415	-0.002988519084363095						
GSE294385	Patient10	M-ST-33	M2_spatial_ward	4	neighbors_4	success	success	success	success	True	False	3	0.7471323422963373	0.0	0.0	-0.429940270941922	-0.3693815296899794	0.060558741251942605	0.025536518365821603	0.035022222886121	0.009485704520299398	0.07598448834855746	0.10420941683235702	0.028224928483799552	0.5271966527196653	0.07740585774058577	-0.44979079497907953	0.25	0.5	0.25	0.14948453608247422	0.03961848862802641	-0.10986604745444781	-0.14640847103499763	-0.12536161708335494	0.021046853951642686	-0.35096184254859186	-0.10693808296360237	0.2440237595849895
GSE294385	Patient10	M-ST-33	M2_spatial_ward	4	neighbors_6	success	success	success	success	True	False	3	0.952900747210399	0.9885057471264368	1.0	-0.4384999502924414	-0.4384999502924414	0.0	0.03409619771634098	0.03409619771634098	0.0	0.10145400798156409	0.10145400798156409	0.0	0.5523012552301255	0.5523012552301255	0.0	0.5606060606060606	0.5606060606060606	0.0	0.1971894832275612	0.2033096926713948	0.006120209443833596	-0.01106043742071033	-0.01106043742071033	0.0	0.0	0.0	0.0
GSE294385	Patient10	M-ST-33	M2_spatial_ward	4	neighbors_8	success	success	success	not_evaluable	False	False	3	0.768065001188089	0.11492281303602059	0.14588235294117646	-0.4932479424893834	-0.20576978833688742	0.287478154152496	0.08884418991328302	0.19863396423921298	0.10978977432592996	0.26435789783850133	0.5910398561443307	0.3266819583058294	0.41422594142259417	0.32426778242677823	-0.08995815899581594	0.8787878787878788	0.13636363636363635	-0.7424242424242424	0.10162235241099594	0.04654970760233918	-0.055072644808656764	0.18060408502799172			0.012132054288341815		
GSE294385	Patient10	M-ST-33	M2_spatial_ward	6	neighbors_4	success	success	success	success	True	False	3	0.9591287905054413	1.0	1.0	-0.429940270941922	-0.429940270941922	0.0	0.025536518365821603	0.025536518365821603	0.0	0.07598448834855746	0.07598448834855746	0.0	0.5271966527196653	0.5271966527196653	0.0	0.25	0.25	0.0	0.14948453608247422	0.14948453608247422	0.0	-0.1450917901314452	-0.1450917901314452	0.0	-0.35096184254859186	-0.35096184254859186	0.0
GSE294385	Patient10	M-ST-33	M2_spatial_ward	6	neighbors_6	success	success	success	success	True	False	3	0.9442805679481111	0.914572864321608	0.94	-0.21254740878766065	-0.04206416549364622	0.17048324329401443	0.19185634378843974	0.3623395870824542	0.17048324329401443	0.5708728930996739	1.0781496419550007	0.5072767488553268	0.20920502092050208	0.21338912133891214	0.004184100418410053	0.36363636363636365	0.3106060606060606	-0.05303030303030304	0.21664766248574688	0.22523584905660377	0.008588186570856887	0.36952514792795715	0.8653803809165892	0.49585523298863204	0.09762362937647573	0.6532071375381421	0.5555835081616664
GSE294385	Patient10	M-ST-33	M2_spatial_ward	6	neighbors_8	success	success	success	success	True	False	3	0.7576956416405954	0.0	0.0	-0.18712713593020713	-0.448144924713197	-0.26101778878298987	0.21727661664589326	0.04374117213709661	-0.17353544450879665	0.6465114903071748	0.13015284765882099	-0.5163586426483538	0.23221757322175732	0.5502092050209205	0.31799163179916323	0.3333333333333333	0.553030303030303	0.21969696969696967	0.2305084745762712	0.20704633204633205	-0.02346214252993914	0.4356503404609992	0.018533362572996	-0.4171169778880032	0.2627791866059156	0.006458640088503194	-0.2563205465174124
GSE294385	Patient10	M-ST-33	M3_spatial_leiden	4	seed_11	success	success	success	success	True	False	3	0.7810226452848466	0.6517150395778364	0.6589403973509934	-0.13026431874125421	-0.07309940899699563	0.057164909744258585	0.2741394338348462	0.33130434357910477	0.057164909744258585	0.8157080897912694	0.9858035725107362	0.17009548271946684	0.3912133891213389	0.4707112970711297	0.07949790794979078	0.21212121212121213	0.4621212121212121	0.24999999999999997	0.1208390332877337	0.12150790979468193	0.0006688765069482322	0.5711001718629707	0.8433428705436878	0.27224269868071715	0.011731451618984475	0.18260666018655855	0.17087520856757407
GSE294385	Patient10	M-ST-33	M3_spatial_leiden	4	seed_23	success	success	success	success	True	False	3	0.5884334783170281	0.40670859538784065	0.41450777202072536	-0.2767834185215323	-0.10270329147278634	0.17408012704874598	0.12762033405456807	0.30170046110331405	0.17408012704874598	0.3797371923256049	0.897716550199016	0.5179793578734111	0.2824267782426778	0.6422594142259415	0.35983263598326365	0.1893939393939394	0.5984848484848485	0.4090909090909091	0.09477283829995115	0.12740384615384615	0.032631007853895	0.09452569217610059	0.7927926120871395	0.6982669199110388	-0.6636205963540729	0.08947786634557771	0.7530984626996506
GSE294385	Patient10	M-ST-33	M3_spatial_leiden	4	seed_37	success	success	success	success	True	False	3	0.2816574923302209	0.3051643192488263	0.3628048780487805	-0.3948486416667949	-0.1670967339792544	0.2277519076875405	0.009555110909305498	0.237307018596846	0.2277519076875405	0.028431448765115892	0.706112404647015	0.677680955881899	0.4372384937238494	0.3368200836820084	-0.10041841004184099	0.4090909090909091	0.17424242424242425	-0.23484848484848486	0.12702600829249905	0.08953393295175797	-0.037492075340741074	-0.13104380626620057	0.42950447932398145	0.560548285590182	-0.22160662876691564	-0.08597254281096404	0.1356340859559516
GSE294385	Patient10	M-ST-33	M3_spatial_leiden	6	seed_11	success	success	success	success	True	False	3	0.7855147430259576	0.0	0.0	-0.11580490024145518	-0.5334986110938091	-0.41769371085235396	0.2885988523346452	0.12909485851770874	-0.15950399381693647	0.8587324167878344	0.3841246732376125	-0.4746077435502219	0.4372384937238494	0.13389121338912133	-0.303347280334728	0.23484848484848486	0.5151515151515151	0.2803030303030303	0.12586206896551724	0.15224111282843894	0.026379043862921697	0.6425195935662394	0.18348737940731705	-0.45903221415892237	0.0021365536815220664	0.20794270162815273	0.20580614794663066
GSE294385	Patient10	M-ST-33	M3_spatial_leiden	6	seed_23	success	success	success	success	True	False	3	0.7171463833484245	0.2131578947368421	0.23452768729641693	-0.019804095183565185	-0.09426207894862904	-0.07445798376506385	0.3845996573925352	0.31014167362747136	-0.07445798376506385	1.14438498496003	0.9228335691090013	-0.22155141585102878	0.3472803347280335	0.27824267782426776	-0.06903765690376573	0.18181818181818182	0.42424242424242425	0.24242424242424243	0.1142433234421365	0.1154039136979428	0.0011605902558062958	0.8713865758823336	0.7614362311966131	-0.10995034468572051	0.18730246661543906	-0.0599360466275336	-0.24723851324297266
GSE294385	Patient10	M-ST-33	M3_spatial_leiden	6	seed_37	success	success	success	success	True	False	3	0.8152348399483752	0.8954703832752613	0.9	-0.1670967339792544	-0.1344417971955667	0.032654936783687694	0.237307018596846	0.2699619553805337	0.032654936783687694	0.706112404647015	0.803277908104368	0.09716550345735309	0.3702928870292887	0.38702928870292885	0.016736401673640156	0.25	0.3181818181818182	0.06818181818181818	0.116331096196868	0.125552608311229	0.009221512114360994	0.4859602013136604	0.6111069806818644	0.125146779368204	-0.339323656297353	-0.35158713410037423	-0.012263477803021228
GSE294385	Patient10	M-ST-34	M0_expr_kmeans	4	seed_11	success	success	success	success	True	False	3	0.9970157192889699	0.9993493819128172	0.9992107340173638	0.023943583211397668	0.024205143020513464	0.0002615598091157967	0.3052289684734859	0.3054905282826017	0.0002615598091157967	1.2114089897933535	1.2124470822972078	0.0010380925038542266	0.7372078332280481	0.7365761212886923	-0.0006317119393557391	0.23696682464454977	0.23696682464454977	0.0	0.6750109793588055	0.6766519823788546	0.0016410030200491033	1.1423183801115007	1.1406147398646491	-0.0017036402468515455	0.5427996809515712	0.5349786694238118	-0.00782101152775938
GSE294385	Patient10	M-ST-34	M0_expr_kmeans	4	seed_23	success	success	success	success	True	False	3	0.9729043897698841	0.9774193548387097	0.9796875	0.025753939115812585	0.024205143020513464	-0.0015487960952991209	0.3070393243779008	0.3054905282826017	-0.0015487960952991209	1.2185940267454547	1.2124470822972078	-0.006146944448246927	0.7428932406822489	0.7365761212886923	-0.006317119393556614	0.21800947867298578	0.23696682464454977	0.018957345971563982	0.6726792784865816	0.6766519823788546	0.003972703892273	1.1383397159663355	1.1333597802288702	-0.0049799357374653574	0.5136740293768814	0.5421285826137843	0.028454553236902824
GSE294385	Patient10	M-ST-34	M0_expr_kmeans	4	seed_37	success	success	success	success	True	False	3	0.990482005139266	0.9928338762214983	0.9929245283018868	0.027352367908887842	0.02591202851046237	-0.001440339398425472	0.3086377531709761	0.3071974137725506	-0.001440339398425472	1.2249379560885967	1.21922146035645	-0.00571649573214672	0.7428932406822489	0.7403663929248263	-0.0025268477574226234	0.22037914691943128	0.22274881516587677	0.0023696682464454943	0.672231985940246	0.673568281938326	0.0013362959980799394	1.1456342723921507	1.1490143760199358	0.0033801036277851804	0.5253277558129896	0.5211661467341725	-0.00416160907881713
GSE294385	Patient10	M-ST-34	M0_expr_kmeans	6	seed_11	success	success	success	success	True	False	3	0.9795224531810088	0.9851742031134173	0.9840637450199203	-0.0644057623710208	-0.06688647157709737	-0.00248070920607657	0.21687962289106744	0.21439891368499087	-0.00248070920607657	0.8607634006274009	0.8509178297815743	-0.009845570845826601	0.4504106127605812	0.4542008843967151	0.0037902716361338795	0.6729857819905213	0.6540284360189573	-0.018957345971563955	0.6829765545361876	0.6921883083290222	0.009211753792834676	0.8234695908694044	0.8146302045318561	-0.008839386337548327	0.7741364912949993	0.7572837111704344	-0.016852780124564926
GSE294385	Patient10	M-ST-34	M0_expr_kmeans	6	seed_23	success	success	success	success	True	False	3	0.9820877845444649	0.9866369710467706	0.9850448654037887	-0.06386152534307499	-0.06688647157709737	-0.0030249462340223854	0.21742385991901325	0.21439891368499087	-0.0030249462340223854	0.8629233975357193	0.8509178297815743	-0.012005567754145074	0.4504106127605812	0.4542008843967151	0.0037902716361338795	0.6706161137440758	0.6540284360189573	-0.016587677725118488	0.6843989769820972	0.6921883083290222	0.007789331346925055	0.8259829631802793	0.8152526925064258	-0.01073027067385346	0.7724375617775828	0.758756898118496	-0.013680663659086822
GSE294385	Patient10	M-ST-34	M0_expr_kmeans	6	seed_37	success	success	success	success	True	False	3	0.98533764044037	0.9925428784489188	0.990990990990991	-0.06411698242725183	-0.06572188164719894	-0.001604899219947109	0.2171684028348364	0.2155635036148893	-0.001604899219947109	0.8619095258516983	0.8555399163337041	-0.006369609517994257	0.4510423246999368	0.45230574857864814	0.0012634238787113117	0.6682464454976303	0.6563981042654028	-0.011848341232227555	0.685099846390169	0.6911917098445596	0.006091863454390611	0.8219570809045873	0.817683426146629	-0.004273654757958267	0.7708647396258678	0.7585884727096172	-0.012276266916250611
GSE294385	Patient10	M-ST-34	M1_spatial_concat_kmeans	4	seed_11	success	success	success	success	True	False	3	0.9963576319914763	0.998046875	0.9984202211690363	0.024739963900953343	0.024205143020513464	-0.0005348208804398791	0.3060253491630416	0.3054905282826017	-0.0005348208804398791	1.2145697078977014	1.2124470822972078	-0.0021226256004935884	0.7372078332280481	0.7365761212886923	-0.0006317119393557391	0.23459715639810427	0.23222748815165878	-0.0023696682464454943	0.6748681898066784	0.6762240846934274	0.0013558948867490317	1.1379002500135633	1.1309042220925714	-0.006996027920991965	0.5309291868474476	0.5403304664650102	0.009401279617562541
GSE294385	Patient10	M-ST-34	M1_spatial_concat_kmeans	4	seed_23	success	success	success	success	True	False	3	0.9748466922015827	0.9774193548387097	0.9796875	0.025753939115812585	0.024205143020513464	-0.0015487960952991209	0.3070393243779008	0.3054905282826017	-0.0015487960952991209	1.2185940267454547	1.2124470822972078	-0.006146944448246927	0.7428932406822489	0.7365761212886923	-0.006317119393556614	0.21800947867298578	0.23696682464454977	0.018957345971563982	0.6717926186291739	0.676056338028169	0.004263719398995058	1.1369910761134001	1.1358154035051504	-0.0011756726082496893	0.5165470630607757	0.5465645777319076	0.030017514671131895
GSE294385	Patient10	M-ST-34	M1_spatial_concat_kmeans	4	seed_37	success	success	success	success	True	False	3	0.9937750853210118	0.9954308093994778	0.9968429360694554	0.02589430244339952	0.026196075746165448	0.0003017733027659286	0.30717968770548776	0.3074814610082537	0.0003017733027659286	1.2191511081972137	1.2203488021568616	0.0011976939596478609	0.7409981048641819	0.7384712571067593	-0.0025268477574226234	0.22274881516587677	0.22274881516587677	0.0	0.6732716864817261	0.6734244160423094	0.0001527295605833201	1.134996735671578	1.1461262742769065	0.011129538605328504	0.5234047435428989	0.5282076770278573	0.004802933484958416
GSE294385	Patient10	M-ST-34	M1_spatial_concat_kmeans	6	seed_11	success	success	success	success	True	False	3	0.9843179167957173	0.9888475836431226	0.988011988011988	-0.06381692147332241	-0.06688647157709737	-0.003069550103774965	0.21746846378876583	0.21439891368499087	-0.003069550103774965	0.8631004237500662	0.8509178297815743	-0.012182593968491973	0.4510423246999368	0.4542008843967151	0.0031585596967782514	0.6658767772511849	0.6540284360189573	-0.011848341232227555	0.6856410256410257	0.6925465838509317	0.006905558209906015	0.8261299657507619	0.8134300323092926	-0.012699933441469358	0.7705782363473196	0.7569103101124519	-0.013667926234867678
GSE294385	Patient10	M-ST-34	M1_spatial_concat_kmeans	6	seed_23	success	success	success	success	True	False	3	0.9909123610154683	0.9947877885331348	0.994994994994995	-0.0654218206932693	-0.06688647157709737	-0.001464650883828078	0.21586356456881894	0.21439891368499087	-0.001464650883828078	0.8567308142320729	0.8509178297815743	-0.005812984450498604	0.45609602021478207	0.4542008843967151	-0.0018951358180669953	0.6540284360189573	0.6540284360189573	0.0	0.6923076923076923	0.6925465838509317	0.00023889154323941675	0.8167213910322757	0.8126196644187684	-0.004101726613507273	0.7615936327607993	0.7564867839332574	-0.0051068488275418655
GSE294385	Patient10	M-ST-34	M1_spatial_concat_kmeans	6	seed_37	success	success	success	success	True	False	3	0.989099006597332	0.9932935916542474	0.992992992992993	-0.0654218206932693	-0.06572188164719894	-0.0003000609539296484	0.21586356456881894	0.2155635036148893	-0.0003000609539296484	0.8567308142320729	0.8555399163337041	-0.0011908978983687923	0.45609602021478207	0.45230574857864814	-0.003790271636133935	0.6540284360189573	0.6563981042654028	0.0023696682464454666	0.6923076923076923	0.6915500259201659	-0.00075766638752639	0.8190279755809332	0.8179613731179205	-0.0010666024630127113	0.7627905358607092	0.7634485085128153	0.000657972652106098
GSE294385	Patient10	M-ST-34	M2_spatial_ward	4	neighbors_4	success	success	not_evaluable	not_evaluable	False	False	3	0.9979860369293658	0.9625	0.9705882352941176	-0.2796546680070626	-0.21289842945089044	0.06675623855617219	0.0016307172550256155	0.0683869558111978	0.06675623855617219	0.006472077510954772	0.27141779323440013	0.26494571572344533	0.029058749210360075	0.029058749210360075	0.0	0.04739336492890995	0.052132701421800945	0.004739336492890996	0.1346153846153846	0.13769363166953527	0.0030782470541506624						
GSE294385	Patient10	M-ST-34	M2_spatial_ward	4	neighbors_6	success	success	success	success	True	False	3	0.8558052034385795	0.9470517448856799	0.9183673469387755	-0.27228139079467173	-0.22444583574398358	0.04783555505068815	0.00900399446741651	0.05683954951810466	0.04783555505068815	0.03573553289004242	0.22558783200165916	0.18985229911161675	0.11307643714466203	0.09538850284270373	-0.017687934301958308	0.6090047393364929	0.6137440758293838	0.004739336492890933	0.5360623781676414	0.5315013404825737	-0.004561037685067659	-0.03849187826563514	0.14075555958081393	0.17924743784644906	-0.2871978162804569	-0.01549871118972239	0.27169910509073447
GSE294385	Patient10	M-ST-34	M2_spatial_ward	4	neighbors_8	success	success	success	success	True	False	3	0.8814127858297084	0.8854092526690391	0.8467475192943771	-0.2540130000365324	-0.29738091999216687	-0.04336791995563449	0.027272385225555862	0.01609553473007863	-0.01117685049547723	0.10824009529821443	0.06388081565476356	-0.04435927964345088	0.3531269740998105	0.2817435249526216	-0.07138344914718886	0.7985781990521327	0.7890995260663507	-0.009478672985781977	0.4394703656998739	0.4205764075067024	-0.018893958193171523	0.0726635746724683	0.019227133968199885	-0.05343644070426841	-0.15344662336307258	-0.3249292876547439	-0.1714826642916713
GSE294385	Patient10	M-ST-34	M2_spatial_ward	6	neighbors_4	success	success	success	success	True	False	3	0.9963666606942652	0.9994717379820391	0.9992690058479532	-0.28382801692301207	-0.2846740329134776	-0.0008460159904655207	0.002542631660923833	0.0033886476513893538	0.0008460159904655207	0.010091331983267832	0.013449045313966608	0.0033577133306987757	0.6380290587492103	0.638660770688566	0.0006317119393556281	0.8459715639810427	0.8459715639810427	0.0	0.46646942800788954	0.46591188776765935	-0.0005575402402301921	-0.013595803031877607	-0.011594086098111234	0.002001716933766372	-0.021179186259657895	-0.01895560892027914	0.002223577339378755
GSE294385	Patient10	M-ST-34	M2_spatial_ward	6	neighbors_6	success	success	success	success	True	False	3	0.8342340839728128	0.9463414634146341	0.9164733178654292	-0.28837926971076544	-0.232559809895176	0.055819459815589445	0.007093884448677201	0.048725575366912244	0.04163169091823504	0.028154586495053865	0.19338465915452088	0.16523007265946701	0.10865445356917246	0.09096651926721415	-0.017687934301958308	0.6018957345971564	0.6066350710900474	0.004739336492891044	0.6921768707482994	0.6926483613817538	0.0004714906334544189	-0.05061251475536449	0.1037973749605803	0.15440988971594477	-0.31456395661506553	-0.08384067968325477	0.23072327693181077
GSE294385	Patient10	M-ST-34	M2_spatial_ward	6	neighbors_8	success	success	not_evaluable	not_evaluable	False	False	3	0.5731345254808368	0.966996699669967	0.8333333333333334										0.0	0.0	0.0	0.11374407582938388	0.12085308056872038	0.007109004739336497	0.5323741007194245	0.5385996409335727	0.0062255402141482286						
GSE294385	Patient10	M-ST-34	M3_spatial_leiden	4	seed_11	success	success	success	success	True	False	3	0.43374787107398605	0.7205960617349654	0.6735294117647059	-0.24163030538212737	-0.2946634204413763	-0.0530331150592489	0.039655079879960864	0.01337803517928804	-0.026277044700672825	0.1573851934756024	0.05309545867488343	-0.10428973480071896	0.4036639292482628	0.6481364497789008	0.24447252053063806	0.6563981042654028	0.7914691943127962	0.13507109004739337	0.567001675041876	0.38496209793075187	-0.18203957711112417	0.11689657605581241	0.027253983145814356	-0.08964259290999806	0.12263573868853869	-0.04403254796210923	-0.16666828665064792
GSE294385	Patient10	M-ST-34	M3_spatial_leiden	4	seed_23	success	success	success	success	True	False	3	0.5328626375466622	0.0	0.0	-0.183302751044218	-0.27172365040803736	-0.08842089936381936	0.09798263421787023	0.009561734854050874	-0.08842089936381936	0.38887869827294136	0.037949122647655424	-0.3509295756252859	0.1901452937460518	0.32849020846494	0.13834491471888818	0.13981042654028436	0.556872037914692	0.4170616113744076	0.32677165354330706	0.5493767976989453	0.22260514415563826	0.26823578658673203	-0.008229458718075743	-0.27646524530480776	0.019911526311924655	-0.0024361605167875894	-0.022347686828712243
GSE294385	Patient10	M-ST-34	M3_spatial_leiden	4	seed_37	success	success	success	success	True	False	3	0.3618263747306212	0.6289458010720667	0.5818030050083473	-0.27885138563150447	-0.23964241482584914	0.03920897080565533	0.002433999630583772	0.0416429704362391	0.03920897080565533	0.009660187394365924	0.16527483941138768	0.15561465201702177	0.4921036007580543	0.41061276058117496	-0.08149084017687935	0.7156398104265402	0.3886255924170616	-0.3270142180094786	0.4380305602716469	0.5010552975939215	0.06302473732227465	-0.024048449299166063	0.10691403368370515	0.13096248298287122	-0.037723500335312486	-0.0127492083835772	0.024974291951735287
GSE294385	Patient10	M-ST-34	M3_spatial_leiden	6	seed_11	success	success	success	success	True	False	3	0.5183949344923747	0.7074148296593187	0.6602870813397129	-0.25447473250066244	-0.22649696337650038	0.027977769124162055	0.0268106527614258	0.05478842188558786	0.027977769124162055	0.10640754689783159	0.2174472073890243	0.1110396604911927	0.4838913455464308	0.32912192040429566	-0.15476942514213515	0.6611374407582938	0.4004739336492891	-0.2606635071090047	0.5379087315846209	0.5321608040201005	-0.005747927564520472	0.07123918017714766	0.1592089659008243	0.08796978572367666	0.049611287669326536	0.09399497306088496	0.044383685391558424
GSE294385	Patient10	M-ST-34	M3_spatial_leiden	6	seed_23	success	success	success	success	True	False	3	0.5630416992745946	0.4270976616231087	0.29791459781529295	-0.289020451218688	-0.44737324456923444	-0.15835279335054642	0.007735065956599785	0.1660878593071462	0.15835279335054642	0.03069934181979018	0.6591783436102269	0.6284790017904367	0.3543903979785218	0.1749842072015161	-0.17940619077700568	0.54739336492891	0.5639810426540285	0.016587677725118488	0.541647701411015	0.4578375581996896	-0.08381014321132546	-0.017954228111412295	0.5956060392011877	0.6135602673126	-0.01841122667601288	0.13896637006315918	0.15737759673917207
GSE294385	Patient10	M-ST-34	M3_spatial_leiden	6	seed_37	success	success	success	success	True	False	3	0.779032032764016	0.6899038461538461	0.6850299401197605	-0.2087441921780604	-0.24973029431288563	-0.04098610213482523	0.07254119308402784	0.03155509094920261	-0.04098610213482523	0.2879053514213226	0.12523752591632367	-0.16266782550499895	0.2861655085281112	0.3581806696146557	0.07201516108654454	0.32701421800947866	0.590047393364929	0.2630331753554503	0.5019852524106636	0.5581395348837209	0.056154282473057315	0.21721984430949998	0.08285978075574545	-0.13436006355375452	0.09338136792170575	0.0915086625944265	-0.0018727053272792477
Valdeolivas	A121573	SN048_A121573_Rep1	M0_expr_kmeans	4	seed_11	success	success	success	success	True	False	2	0.993177525700151	0.9760479041916168	0.967479674796748	0.12038924520605415	0.09150666224562315	-0.028882582960431002	0.027957961914000018	0.0009246210464309845	-0.027033340867569033	0.11956174711785865	0.003954126129554292	-0.11560762098830436	0.5357142857142857	0.5428571428571428	0.0071428571428571175	0.9183673469387755	0.9387755102040817	0.020408163265306145	0.4039408866995074	0.4068627450980392	0.002921858398531818	0.028019431796677426	-0.08146375706045171	-0.10948318885712914	0.02839055705526823	-0.06051967036486464	-0.08891022742013288
Valdeolivas	A121573	SN048_A121573_Rep1	M0_expr_kmeans	4	seed_23	success	success	success	success	True	False	2	0.9885360124257199	0.9704142011834319	0.96	0.12982525876745055	0.09150666224562315	-0.0383185965218274	0.03739397547539641	0.0009246210464309845	-0.03646935442896543	0.15991469811974904	0.003954126129554292	-0.15596057199019475	0.55	0.5428571428571428	-0.0071428571428572285	0.9387755102040817	0.9387755102040817	0.0	0.4083129584352078	0.4068627450980392	-0.0014502133371686043	0.06811871997064253	-0.08371742621421399	-0.15183614618485652	0.10073381913900645	-0.05683238178452489	-0.15756620092353135
Valdeolivas	A121573	SN048_A121573_Rep1	M0_expr_kmeans	4	seed_37	success	success	success	success	True	False	2	0.9943333516026459	0.9820359281437125	0.975609756097561	0.11299550921349716	0.09150666224562315	-0.02148884696787401	0.020564225921443025	0.0009246210464309845	-0.01963960487501204	0.08794256129460164	0.003954126129554292	-0.08398843516504735	0.5357142857142857	0.5428571428571428	0.0071428571428571175	0.9387755102040817	0.9387755102040817	0.0	0.40540540540540543	0.4068627450980392	0.0014573396926337856	-0.0010628316004277765	-0.08306986798991797	-0.0820070363894902	0.02286735058069242	-0.05599600538045539	-0.07886335596114781
Valdeolivas	A121573	SN048_A121573_Rep1	M0_expr_kmeans	6	seed_11	success	success	success	success	True	False	2	0.9899186750602207	0.9663865546218487	0.967032967032967	0.18906651540616215	0.19698045295632538	0.00791393755016323	0.09663523211410802	0.10454916966427125	0.00791393755016323	0.4132589213849999	0.44710274029389285	0.03384381890889293	0.4	0.39285714285714285	-0.007142857142857173	0.6938775510204082	0.6938775510204082	0.0	0.45703125	0.45703125	0.0	0.2713525391175581	0.30187418201352534	0.03052164289596726	0.3053826951290765	0.3201098688924732	0.014727173763396717
Valdeolivas	A121573	SN048_A121573_Rep1	M0_expr_kmeans	6	seed_23	success	success	success	success	True	False	2	0.9747774330020059	0.9491525423728814	0.9340659340659341	0.19008113475588528	0.19421653111248977	0.004135396356604482	0.09764985146383115	0.10178524782043563	0.004135396356604482	0.4175979237230687	0.43528287568563895	0.01768495196257025	0.40714285714285714	0.38571428571428573	-0.021428571428571408	0.6938775510204082	0.6326530612244898	-0.061224489795918324	0.4573643410852713	0.4409448818897638	-0.016419459195507524	0.2724954692241205	0.2859757764847707	0.013480307260650193	0.30062890932257325	0.30120790201483366	0.000578992692260416
Valdeolivas	A121573	SN048_A121573_Rep1	M0_expr_kmeans	6	seed_37	success	success	success	success	True	False	2	0.9938579321655027	0.9910714285714286	0.9882352941176471	0.19421653111248977	0.19320191176276663	-0.0010146193497231337	0.10178524782043563	0.1007706284707125	-0.0010146193497231337	0.43528287568563895	0.43094387334757017	-0.004339002338068776	0.38571428571428573	0.37857142857142856	-0.007142857142857173	0.6326530612244898	0.6326530612244898	0.0	0.448	0.44223107569721115	-0.005768924302788858	0.27932754480691824	0.27677649814906125	-0.0025510466578569924	0.29376915252580466	0.2999178223918164	0.006148669866011758
Valdeolivas	A121573	SN048_A121573_Rep1	M1_spatial_concat_kmeans	4	seed_11	success	success	success	success	True	False	2	0.9943320281047523	0.9820359281437125	0.975609756097561	0.11299550921349716	0.09150666224562315	-0.02148884696787401	0.020564225921443025	0.0009246210464309845	-0.01963960487501204	0.08794256129460164	0.003954126129554292	-0.08398843516504735	0.5357142857142857	0.5428571428571428	0.0071428571428571175	0.9387755102040817	0.9387755102040817	0.0	0.40540540540540543	0.4068627450980392	0.0014573396926337856	-0.002188965415105039	-0.08706121605292962	-0.08487225063782458	0.024070179019673232	-0.06419019751730497	-0.0882603765369782
Valdeolivas	A121573	SN048_A121573_Rep1	M1_spatial_concat_kmeans	4	seed_23	success	success	success	success	True	False	2	0.9885360124257199	0.9704142011834319	0.96	0.12982525876745055	0.09150666224562315	-0.0383185965218274	0.03739397547539641	0.0009246210464309845	-0.03646935442896543	0.15991469811974904	0.003954126129554292	-0.15596057199019475	0.55	0.5428571428571428	-0.0071428571428572285	0.9387755102040817	0.9387755102040817	0.0	0.4083129584352078	0.4068627450980392	-0.0014502133371686043	0.070346238317381	-0.0873124087517823	-0.1576586470691633	0.09483948740583983	-0.06259300894612149	-0.15743249635196133
Valdeolivas	A121573	SN048_A121573_Rep1	M1_spatial_concat_kmeans	4	seed_37	success	success	success	success	True	False	2	0.9726712988980009	0.9415204678362573	0.9291338582677166	0.14994639114163333	0.09150666224562315	-0.05843972889601018	0.057515107849579195	0.0009246210464309845	-0.05659048680314821	0.24596237741937393	0.003954126129554292	-0.24200825128981965	0.55	0.5428571428571428	-0.0071428571428572285	0.9387755102040817	0.9387755102040817	0.0	0.41089108910891087	0.4068627450980392	-0.004028344010871654	0.15583085070966726	-0.08700962629985219	-0.24284047700951944	0.17887324617952252	-0.06281532375959865	-0.2416885699391212
Valdeolivas	A121573	SN048_A121573_Rep1	M1_spatial_concat_kmeans	6	seed_11	success	success	success	success	True	False	2	0.9778597974185732	0.940677966101695	0.9230769230769231	0.18906651540616215	0.19421653111248977	0.005150015706327615	0.09663523211410802	0.10178524782043563	0.005150015706327615	0.4132589213849999	0.43528287568563895	0.022023954300639026	0.4	0.38571428571428573	-0.01428571428571429	0.6938775510204082	0.6326530612244898	-0.061224489795918324	0.45703125	0.4357976653696498	-0.02123358463035019	0.26804952714684477	0.27116310779689357	0.0031135806500487972	0.29541212884957135	0.3045149430168272	0.009102814167255835
Valdeolivas	A121573	SN048_A121573_Rep1	M1_spatial_concat_kmeans	6	seed_23	success	success	success	success	True	False	2	0.9939144551384131	0.9658119658119658	0.9555555555555556	0.18906651540616215	0.19799507230604851	0.008928556899886364	0.09663523211410802	0.10556378901399438	0.008928556899886364	0.4132589213849999	0.45144174263196163	0.03818282124696171	0.4	0.38571428571428573	-0.01428571428571429	0.6938775510204082	0.6530612244897959	-0.04081632653061229	0.45703125	0.450199203187251	-0.006832046812749015	0.2663473199710178	0.29984628061369284	0.033498960642675046	0.2901312720658276	0.3300902987399189	0.03995902667409129
Valdeolivas	A121573	SN048_A121573_Rep1	M1_spatial_concat_kmeans	6	seed_37	success	success	success	success	True	False	2	0.9732432476778019	0.9669421487603306	0.967741935483871	0.18906651540616215	0.18805189605643902	-0.0010146193497231337	0.09663523211410802	0.09562061276438488	-0.0010146193497231337	0.4132589213849999	0.4089199190469312	-0.00433900233806872	0.4	0.42142857142857143	0.021428571428571408	0.6938775510204082	0.6938775510204082	0.0	0.45703125	0.4368231046931408	-0.020208145306859215	0.27419327834943114	0.2658469880169139	-0.008346290332517214	0.2965476644587017	0.2968446981323157	0.000297033673614
Valdeolivas	A121573	SN048_A121573_Rep1	M2_spatial_ward	4	neighbors_4	success	success	not_evaluable	success	False	False	2	0.8044996837172658	0.736	0.7419354838709677	0.0693086914215269	0.029559788613376492	-0.03974890280815041	0.02312259187052723	0.06287149467867764	0.03974890280815041	0.09888336962606213	0.26886887430552237	0.16998550467946022	0.36428571428571427	0.45	0.08571428571428574	0.3877551020408163	0.5918367346938775	0.20408163265306123	0.25268817204301075	0.2789115646258503	0.026223392582839566		0.12548809956604262			-0.09555610553915936	
Valdeolivas	A121573	SN048_A121573_Rep1	M2_spatial_ward	4	neighbors_6	success	success	not_evaluable	not_evaluable	False	False	2	0.5195171392643884	0.8878504672897196	0.9259259259259259	0.03155999880430904	0.03155999880430904	0.0	0.06087128448774509	0.06087128448774509	0.0	0.26031500955077114	0.26031500955077114	0.0	0.42857142857142855	0.44285714285714284	0.01428571428571429	0.30612244897959184	0.3877551020408163	0.08163265306122447	0.25196850393700787	0.25980392156862747	0.007835417631619601						
Valdeolivas	A121573	SN048_A121573_Rep1	M2_spatial_ward	4	neighbors_8	success	success	success	not_evaluable	False	False	2	0.35467052411782224	0.5481481481481482	0.5918367346938775	0.0203877216181933	-0.1642808772210948	-0.1846685988392881	0.07204356167386083	0.25671216051314893	0.1846685988392881	0.30809306232035083	1.0978251745161252	0.7897321121957743	0.45714285714285713	0.39285714285714285	-0.06428571428571428	0.6938775510204082	0.061224489795918366	-0.6326530612244898	0.22350993377483444	0.20903954802259886	-0.014470385752235582	0.1734069602693079			0.0		
Valdeolivas	A121573	SN048_A121573_Rep1	M2_spatial_ward	6	neighbors_4	success	success	not_evaluable	success	False	False	2	0.5718287354246443	0.736	0.7419354838709677	0.0693086914215269	0.029559788613376492	-0.03974890280815041	0.02312259187052723	0.06287149467867764	0.03974890280815041	0.09888336962606213	0.26886887430552237	0.16998550467946022	0.36428571428571427	0.45	0.08571428571428574	0.3877551020408163	0.5918367346938775	0.20408163265306123	0.25268817204301075	0.2789115646258503	0.026223392582839566		0.11588382365060174			-0.09555610553915936	
Valdeolivas	A121573	SN048_A121573_Rep1	M2_spatial_ward	6	neighbors_6	success	success	not_evaluable	not_evaluable	False	False	2	0.6529842656062227	0.8878504672897196	0.9259259259259259	0.03155999880430904	0.03155999880430904	0.0	0.06087128448774509	0.06087128448774509	0.0	0.26031500955077114	0.26031500955077114	0.0	0.42857142857142855	0.44285714285714284	0.01428571428571429	0.30612244897959184	0.3877551020408163	0.08163265306122447	0.25196850393700787	0.25980392156862747	0.007835417631619601						
Valdeolivas	A121573	SN048_A121573_Rep1	M2_spatial_ward	6	neighbors_8	success	success	not_evaluable	not_evaluable	False	False	2	0.49704254871459375	0.8571428571428571	0.851063829787234	-0.06297141495897074	-0.04845606410986569	0.014515350849105046	0.15540269825102487	0.14088734740191983	-0.014515350849105046	0.6645769876529463	0.6025023374017544	-0.062074650251191854	0.11428571428571428	0.06428571428571428	-0.05	0.6326530612244898	0.6326530612244898	0.0	0.26136363636363635	0.4066666666666667	0.14530303030303032						
Valdeolivas	A121573	SN048_A121573_Rep1	M3_spatial_leiden	4	seed_11	success	success	not_evaluable	success	False	False	2	0.6455783982635119	0.012048192771084338	0.015873015873015872	0.15418739990099012	-0.15882966201051635	-0.31301706191150647	0.061756116608935985	0.2512609453025705	0.1895048286936345	0.26409897902039864	1.0745131456745007	0.810414166654102	0.45	0.2357142857142857	-0.2142857142857143	0.24489795918367346	0.40816326530612246	0.163265306122449	0.1296551724137931	0.17703349282296652	0.04737832040917342		0.8699592947153763			0.30089824448779784	
Valdeolivas	A121573	SN048_A121573_Rep1	M3_spatial_leiden	4	seed_23	not_evaluable	success	not_evaluable	success	False	False	2					-0.0384474962069592			0.13087877949901333			0.5597008675270851			0.2571428571428571			0.5510204081632653			0.19205298013245034			0.3711555037220327			0.03077701379008523	
Valdeolivas	A121573	SN048_A121573_Rep1	M3_spatial_leiden	4	seed_37	success	success	success	success	True	False	2	0.6214256471599973	0.6304347826086957	0.62	-0.08104352802250248	0.004065428725749942	0.08510895674825242	0.1734748113145566	0.08836585456630419	-0.08510895674825242	0.7418620708301051	0.37789506939056955	-0.3639670014395356	0.2857142857142857	0.45714285714285713	0.17142857142857143	0.4897959183673469	0.6938775510204082	0.20408163265306123	0.1645101663585952	0.18403247631935046	0.01952230996075527	0.5576045580710008	0.23693314326720644	-0.3206714148037944	0.00853382405360848	0.0698020070702187	0.061268183016610224
Valdeolivas	A121573	SN048_A121573_Rep1	M3_spatial_leiden	6	seed_11	success	success	not_evaluable	not_evaluable	False	False	2	0.610195723700674	0.0	0.0	0.22655967780931374	0.10592973854393739	-0.12062993926537635	0.1341283945172596	0.013498455251883257	-0.12062993926537635	0.5735977907090071	0.05772591357953146	-0.5158718771294756	0.19285714285714287	0.29285714285714287	0.1	0.24489795918367346	0.3673469387755102	0.12244897959183676	0.2345132743362832	0.22988505747126436	-0.004628216865018825						
Valdeolivas	A121573	SN048_A121573_Rep1	M3_spatial_leiden	6	seed_23	success	success	not_evaluable	success	False	False	2	0.5151453026455042	0.6862745098039216	0.7066666666666667	-0.01871246643518837	-0.033413397909423215	-0.014700931474234846	0.1111437497272425	0.12584468120147735	0.014700931474234846	0.47530434941914956	0.5381726320474078	0.06286828262825828	0.2571428571428571	0.2857142857142857	0.02857142857142858	0.3877551020408163	0.673469387755102	0.2857142857142857	0.21407624633431085	0.22297297297297297	0.008896726638662117		0.36283404473061187			-0.1736385687508799	
Valdeolivas	A121573	SN048_A121573_Rep1	M3_spatial_leiden	6	seed_37	success	success	not_evaluable	not_evaluable	False	False	2	0.5118362095148918	0.6911764705882353	0.7	0.11652646305247272	0.24119802701233373	0.12467156395986101	0.024095179760418584	0.1487667437202796	0.12467156395986101	0.10304262514328393	0.6361984413221683	0.5331558161788844	0.2357142857142857	0.17142857142857143	-0.06428571428571428	0.32653061224489793	0.24489795918367346	-0.08163265306122447	0.23183391003460208	0.26666666666666666	0.03483275663206459						
Valdeolivas	A121573	SN048_A121573_Rep2	M0_expr_kmeans	4	seed_11	success	success	success	success	True	False	2	0.9527293774698813	0.9626168224299065	0.9629629629629629	-0.21555163013117878	-0.2582755199644968	-0.04272388983331804	0.1077225919555867	0.15044648178890474	0.04272388983331804	0.441656316299698	0.6168217617204417	0.1751654454207437	0.2485207100591716	0.24260355029585798	-0.005917159763313612	0.8288288288288288	0.8108108108108109	-0.018018018018017945	0.40458015267175573	0.3802559414990859	-0.024324211172669807	0.17220885884519582	0.3434358109246937	0.1712269520794979	0.11162326640129817	0.29576147782869344	0.18413821142739528
Valdeolivas	A121573	SN048_A121573_Rep2	M0_expr_kmeans	4	seed_23	success	success	success	success	True	False	2	0.9623703364011956	0.9674418604651163	0.9632352941176471	-0.23103818690663114	-0.2582755199644968	-0.027237333057865687	0.12320914873103905	0.15044648178890474	0.027237333057865687	0.5051502918292915	0.6168217617204417	0.11167146989115018	0.25443786982248523	0.24260355029585798	-0.011834319526627252	0.8378378378378378	0.8108108108108109	-0.027027027027026973	0.40111940298507465	0.38095238095238093	-0.020167022032693716	0.23036009116740677	0.36146962827184476	0.13110953710443798	0.1608688683124305	0.29530847731347065	0.13443960900104016
Valdeolivas	A121573	SN048_A121573_Rep2	M0_expr_kmeans	4	seed_37	success	success	success	success	True	False	2	0.9485785709925214	0.958139534883721	0.9558823529411765	-0.21875434086837647	-0.2582755199644968	-0.03952117909612035	0.11092530269278439	0.15044648178890474	0.03952117909612035	0.45478724269763876	0.6168217617204417	0.16203451902280291	0.2485207100591716	0.24260355029585798	-0.005917159763313612	0.8378378378378378	0.8108108108108109	-0.027027027027026973	0.4072657743785851	0.381651376146789	-0.025614398231796065	0.1707283536836308	0.3478147003029988	0.17708634661936803	0.11863684590295014	0.30315552232533316	0.184518676422383
Valdeolivas	A121573	SN048_A121573_Rep2	M0_expr_kmeans	6	seed_11	success	success	success	success	True	False	2	0.9759393559513243	0.9530201342281879	0.963963963963964	-0.08021987544068199	-0.0904401044694364	-0.010220229028754413	0.027609162734910098	0.017388933706155685	-0.010220229028754413	0.11319594978411486	0.07129360949843055	-0.041902340285684306	0.41420118343195267	0.4319526627218935	0.017751479289940808	0.3333333333333333	0.34234234234234234	0.009009009009009028	0.5239852398523985	0.5228070175438596	-0.0011782223085389232	-0.11147224602255791	-0.15373969454723568	-0.04226744852467777	-0.06640557499049064	-0.10211989876513906	-0.03571432377464842
Valdeolivas	A121573	SN048_A121573_Rep2	M0_expr_kmeans	6	seed_23	success	success	success	success	True	False	2	0.9826260020832931	0.9463087248322147	0.963963963963964	-0.08021987544068199	-0.0904401044694364	-0.010220229028754413	0.027609162734910098	0.017388933706155685	-0.010220229028754413	0.11319594978411486	0.07129360949843055	-0.041902340285684306	0.41420118343195267	0.4319526627218935	0.017751479289940808	0.3333333333333333	0.34234234234234234	0.009009009009009028	0.5241635687732342	0.5228070175438596	-0.001356551229374614	-0.1317372618305344	-0.155289206652538	-0.023551944822003595	-0.07322477505432079	-0.11696591431794666	-0.04374113926362587
Valdeolivas	A121573	SN048_A121573_Rep2	M0_expr_kmeans	6	seed_37	success	success	success	success	True	False	2	0.9842252674347474	0.9662162162162162	0.972972972972973	-0.07653256575496037	-0.0904401044694364	-0.013907538714476031	0.031296472420631716	0.017388933706155685	-0.013907538714476031	0.1283137034817184	0.07129360949843055	-0.057020093983287834	0.41420118343195267	0.4319526627218935	0.017751479289940808	0.34234234234234234	0.34234234234234234	0.0	0.5238095238095238	0.5211267605633803	-0.0026827632461435824	-0.10150714785457224	-0.16315959362256088	-0.061652445767988645	-0.035114803286030165	-0.10599354778479643	-0.07087874449876627
Valdeolivas	A121573	SN048_A121573_Rep2	M1_spatial_concat_kmeans	4	seed_11	success	success	success	success	True	False	2	0.9517411096069189	0.9583333333333334	0.948905109489051	-0.21555163013117878	-0.2582755199644968	-0.04272388983331804	0.1077225919555867	0.15044648178890474	0.04272388983331804	0.441656316299698	0.6168217617204417	0.1751654454207437	0.2485207100591716	0.24260355029585798	-0.005917159763313612	0.8468468468468469	0.8108108108108109	-0.036036036036036	0.4064272211720227	0.3802559414990859	-0.026171279672936754	0.18274457443773828	0.3460123350715581	0.16326776063381981	0.11289019593046269	0.29576147782869344	0.18287128189823076
Valdeolivas	A121573	SN048_A121573_Rep2	M1_spatial_concat_kmeans	4	seed_23	success	success	success	success	True	False	2	0.9626996440358091	0.986046511627907	0.9852941176470589	-0.21555163013117878	-0.23103818690663114	-0.015486556775452354	0.1077225919555867	0.12320914873103905	0.015486556775452354	0.441656316299698	0.5051502918292915	0.06349397552959352	0.2485207100591716	0.25443786982248523	0.00591715976331364	0.8288288288288288	0.8378378378378378	0.009009009009009028	0.40458015267175573	0.3894927536231884	-0.015087399048567318	0.1821481514790567	0.22837785820309375	0.04622970672403706	0.11178022505480642	0.17581171106122567	0.06403148600641925
Valdeolivas	A121573	SN048_A121573_Rep2	M1_spatial_concat_kmeans	4	seed_37	success	success	success	success	True	False	2	0.9801914141622602	0.9907407407407407	0.9854014598540146	-0.23424089764382883	-0.23424089764382883	0.0	0.12641185946823674	0.12641185946823674	0.0	0.5182812182272324	0.5182812182272324	0.0	0.25443786982248523	0.25443786982248523	0.0	0.8468468468468469	0.8288288288288288	-0.018018018018018056	0.4007421150278293	0.38838475499092556	-0.012357360036903742	0.2325263284096442	0.23674819358864885	0.004221865179004636	0.18218256293905616	0.18503625942363403	0.0028536964845778667
Valdeolivas	A121573	SN048_A121573_Rep2	M1_spatial_concat_kmeans	6	seed_11	success	success	success	success	True	False	2	0.9803622915486521	0.9459459459459459	0.954954954954955	-0.08021987544068199	-0.10018869995264579	-0.0199688245119638	0.027609162734910098	0.007640338222946297	-0.0199688245119638	0.11319594978411486	0.031324939119748305	-0.08187101066436656	0.41420118343195267	0.4260355029585799	0.011834319526627224	0.3333333333333333	0.34234234234234234	0.009009009009009028	0.5241635687732342	0.519434628975265	-0.004728939797969178	-0.11366716258801382	-0.20773984937779483	-0.09407268678978101	-0.0586023180981575	-0.15682791828229461	-0.09822560018413712
Valdeolivas	A121573	SN048_A121573_Rep2	M1_spatial_concat_kmeans	6	seed_23	success	success	success	success	True	False	2	0.9824600313316526	0.9395973154362416	0.954954954954955	-0.08021987544068199	-0.10018869995264579	-0.0199688245119638	0.027609162734910098	0.007640338222946297	-0.0199688245119638	0.11319594978411486	0.031324939119748305	-0.08187101066436656	0.41420118343195267	0.4260355029585799	0.011834319526627224	0.3333333333333333	0.34234234234234234	0.009009009009009028	0.5261194029850746	0.5211267605633803	-0.004992642421694393	-0.12382050849504754	-0.19674651599582677	-0.07292600750077922	-0.06846753905728664	-0.1618038276696328	-0.09333628861234616
Valdeolivas	A121573	SN048_A121573_Rep2	M1_spatial_concat_kmeans	6	seed_37	success	success	success	success	True	False	2	0.9830962759463064	0.9395973154362416	0.954954954954955	-0.08021987544068199	-0.10018869995264579	-0.0199688245119638	0.027609162734910098	0.007640338222946297	-0.0199688245119638	0.11319594978411486	0.031324939119748305	-0.08187101066436656	0.41420118343195267	0.4260355029585799	0.011834319526627224	0.3333333333333333	0.34234234234234234	0.009009009009009028	0.5241635687732342	0.5211267605633803	-0.0030368082098539695	-0.12953379801595064	-0.18695046291452072	-0.057416664898570086	-0.06532083129153265	-0.15792256586691727	-0.09260173457538462
Valdeolivas	A121573	SN048_A121573_Rep2	M2_spatial_ward	4	neighbors_4	success	success	success	success	True	False	2	0.6793391204310061	0.8349514563106796	0.823943661971831	-0.09013964260002105	-0.0743036058894877	0.015836036710533352	0.017689395575571032	0.033525432286104384	0.015836036710533352	0.07252548556106014	0.1374523083508846	0.06492682278982445	0.3609467455621302	0.46153846153846156	0.10059171597633138	0.5315315315315315	0.5495495495495496	0.018018018018018056	0.34368932038834954	0.2925764192139738	-0.051112901174375724	-0.1568975832690068	-0.044090672810735025	0.11280691045827176	-0.03897382647696382	-0.07530710445024251	-0.03633327797327869
Valdeolivas	A121573	SN048_A121573_Rep2	M2_spatial_ward	4	neighbors_6	success	success	success	success	True	False	2	0.8426257150220714	0.9571428571428572	0.9586206896551724	-0.045073661474606785	-0.061470240218706285	-0.0163965787440995	0.0627553767009853	0.0463587979568858	-0.0163965787440995	0.2572933680725424	0.19006835578335982	-0.06722501228918257	0.48520710059171596	0.46745562130177515	-0.017751479289940808	0.5585585585585585	0.5495495495495496	-0.009009009009008917	0.27391874180865006	0.2940320232896652	0.020113281481015155	0.07209811139479955	-0.012972975578476754	-0.0850710869732763	0.06428055509159701	-0.04538211403553505	-0.10966266912713206
Valdeolivas	A121573	SN048_A121573_Rep2	M2_spatial_ward	4	neighbors_8	success	success	success	success	True	False	2	0.4573310359625948	0.0	0.0	-0.21248746221057918	-0.06467098053608389	0.1478164816744953	0.1046584240349871	0.043158057639508196	-0.0615003663954789	0.4290934073335483	0.17694550799124814	-0.25214789934230014	0.4378698224852071	0.47337278106508873	0.035502958579881616	0.18018018018018017	0.5675675675675675	0.38738738738738737	0.24307036247334754	0.2957142857142857	0.05264392324093817	0.12135309575587405	-0.006725891640105946	-0.12807898739598	0.2437700269744624	-0.03581390480987898	-0.2795839317843414
Valdeolivas	A121573	SN048_A121573_Rep2	M2_spatial_ward	6	neighbors_4	success	success	success	success	True	False	2	0.6892103363596508	0.8349514563106796	0.823943661971831	-0.09013964260002105	-0.0743036058894877	0.015836036710533352	0.017689395575571032	0.033525432286104384	0.015836036710533352	0.07252548556106014	0.1374523083508846	0.06492682278982445	0.3609467455621302	0.46153846153846156	0.10059171597633138	0.5315315315315315	0.5495495495495496	0.018018018018018056	0.34368932038834954	0.2925764192139738	-0.051112901174375724	-0.15971865367991187	-0.07457830034424864	0.08514035333566322	-0.03897382647696382	-0.07530710445024251	-0.03633327797327869
Valdeolivas	A121573	SN048_A121573_Rep2	M2_spatial_ward	6	neighbors_6	success	success	success	success	True	False	2	0.8328903554336345	0.9523809523809523	0.952755905511811	0.018101639598769426	0.003078924221556645	-0.01502271537721278	0.1259306777743615	0.11090796239714873	-0.01502271537721278	0.5163084014714361	0.45471614850138004	-0.06159225297005605	0.378698224852071	0.3609467455621302	-0.017751479289940808	0.5585585585585585	0.5495495495495496	-0.009009009009008917	0.3149078726968174	0.3474088291746641	0.032500956477846676	0.2942199863897079	0.22529307967131307	-0.06892690671839485	0.20462776473155267	0.11099301782338322	-0.09363474690816945
Valdeolivas	A121573	SN048_A121573_Rep2	M2_spatial_ward	6	neighbors_8	success	success	success	success	True	False	2	0.67156254839284	0.9142857142857143	0.9137931034482759	-0.027128278425072372	-0.01838213684781953	0.008746141577252842	0.08070075975051971	0.08944690132777255	0.008746141577252842	0.33086838728032486	0.3667270553713946	0.035858668091069745	0.27218934911242604	0.30177514792899407	0.029585798816568032	0.5585585585585585	0.5675675675675675	0.009009009009009028	0.32665330661322645	0.41545893719806765	0.0888056305848412	0.06709715251194934	0.12449561925520775	0.05739846674325841	0.16747492961983446	0.20290439517225858	0.03542946555242413
Valdeolivas	A121573	SN048_A121573_Rep2	M3_spatial_leiden	4	seed_11	success	success	success	success	True	False	2	0.5161856908820813	0.08333333333333333	0.06467661691542288	-0.23522216505382032	-0.15497101267769536	0.08025115237612496	0.12739312687822824	0.04714197450210328	-0.08025115237612496	0.5223043571225577	0.1932793337378792	-0.32902502338467854	0.17751479289940827	0.5207100591715976	0.3431952662721893	0.4144144144144144	0.45045045045045046	0.03603603603603606	0.3426183844011142	0.196875	-0.1457433844011142	0.2120147990445932	-0.006164823009658369	-0.21817962205425157	0.2429158585854735	0.0	-0.2429158585854735
Valdeolivas	A121573	SN048_A121573_Rep2	M3_spatial_leiden	4	seed_23	success	success	success	success	True	False	2	0.6151660253559381	0.0	0.0	-0.1404510889014789	-0.08057035634229948	0.05988073255917942	0.03262205072588681	0.02725868183329261	-0.0053633688925942	0.13374849687684148	0.11175899861972405	-0.021989498257117435	0.5207100591715976	0.35502958579881655	-0.16568047337278108	0.43243243243243246	0.5495495495495496	0.11711711711711714	0.21784472769409038	0.18052738336713997	-0.037317344326950413	-0.0698708156932616	-0.11225749369891665	-0.04238667800565504	0.0	0.0	0.0
Valdeolivas	A121573	SN048_A121573_Rep2	M3_spatial_leiden	4	seed_37	success	success	success	success	True	False	2	0.36560342516068123	0.37543859649122807	0.4129353233830846	-0.2534478569138002	-0.1404510889014789	0.11299676801232128	0.1456188187382081	0.03262205072588681	-0.11299676801232128	0.5970286260318209	0.13374849687684148	-0.46328012915497946	0.4970414201183432	0.5207100591715976	0.023668639053254448	0.5585585585585585	0.45045045045045046	-0.10810810810810806	0.2607594936708861	0.22142857142857142	-0.03933092224231466	0.42064189932813484	-0.0672899393152844	-0.48793183864341927	0.06433445048957277	-0.059530836861037724	-0.1238652873506105
Valdeolivas	A121573	SN048_A121573_Rep2	M3_spatial_leiden	6	seed_11	success	success	success	success	True	False	2	0.4709738367165945	0.8166666666666667	0.7875	-0.16840238390821866	-0.09115309905036528	0.07724928485785337	0.06057334573262657	0.016675939125226802	-0.04389740660739977	0.2483471689323053	0.06837037348602075	-0.17997679544628453	0.16568047337278108	0.14201183431952663	-0.023668639053254448	0.36936936936936937	0.45045045045045046	0.08108108108108109	0.29577464788732394	0.3656957928802589	0.06992114499293495	-0.08303860954329985	-0.25617609912201017	-0.17313748957871034	0.04041975600040008	-0.07473156341614492	-0.115151319416545
Valdeolivas	A121573	SN048_A121573_Rep2	M3_spatial_leiden	6	seed_23	success	success	success	success	True	False	2	0.6197380874203328	0.0	0.0	-0.2172747915084553	-0.2365008620831257	-0.019226070574670406	0.10944575333286322	0.12867182390753362	0.019226070574670406	0.4487211769984791	0.5275469400327353	0.0788257630342562	0.3136094674556213	0.1952662721893491	-0.11834319526627218	0.27927927927927926	0.5135135135135135	0.23423423423423423	0.28232189973614774	0.23462783171521034	-0.0476940680209374	0.16034652698441496	0.2141801516823941	0.05383362469797914	0.1999052340376426	0.0	-0.1999052340376426
Valdeolivas	A121573	SN048_A121573_Rep2	M3_spatial_leiden	6	seed_37	success	success	success	success	True	False	2	0.481875505348069	0.8206896551724138	0.8021978021978022	-0.25860796242166506	-0.2462663968815012	0.012341565540163857	0.15077892424607298	0.13843735870590912	-0.012341565540163857	0.6181847563193377	0.5675850606112418	-0.05059969570809586	0.1834319526627219	0.1952662721893491	0.011834319526627224	0.4144144144144144	0.4864864864864865	0.07207207207207211	0.389937106918239	0.3341288782816229	-0.05580822863661611	0.296547770877453	0.2630558352802643	-0.03349193559718866	0.19176079839355997	0.08457207584992175	-0.10718872254363822
Valdeolivas	A416371	SN048_A416371_Rep1	M0_expr_kmeans	4	seed_11	success	success	not_evaluable	not_evaluable	False	False	1	0.99704872456209	1.0	1.0	0.1970826106793191	0.1970826106793191	0.0	0.2020263946386195	0.2020263946386195	0.0	0.8996223012653121	0.8996223012653121	0.0	0.03870967741935484	0.03870967741935484	0.0	0.09395973154362416	0.09395973154362416	0.0	0.6257668711656442	0.6257668711656442	0.0						
Valdeolivas	A416371	SN048_A416371_Rep1	M0_expr_kmeans	4	seed_23	success	success	not_evaluable	not_evaluable	False	False	1	0.99704872456209	1.0	1.0	0.1970826106793191	0.1970826106793191	0.0	0.2020263946386195	0.2020263946386195	0.0	0.8996223012653121	0.8996223012653121	0.0	0.03870967741935484	0.03870967741935484	0.0	0.09395973154362416	0.09395973154362416	0.0	0.6257668711656442	0.6257668711656442	0.0						
Valdeolivas	A416371	SN048_A416371_Rep1	M0_expr_kmeans	4	seed_37	success	success	not_evaluable	not_evaluable	False	False	1	0.9970493141978556	1.0	1.0	0.1970826106793191	0.1970826106793191	0.0	0.2020263946386195	0.2020263946386195	0.0	0.8996223012653121	0.8996223012653121	0.0	0.03870967741935484	0.03870967741935484	0.0	0.09395973154362416	0.09395973154362416	0.0	0.6257668711656442	0.6257668711656442	0.0						
Valdeolivas	A416371	SN048_A416371_Rep1	M0_expr_kmeans	6	seed_11	success	success	not_evaluable	not_evaluable	False	False	1	0.9836367801603965	0.94	1.0	-0.5468326259227553	-0.5468326259227553	0.0	0.5418888419634549	0.5418888419634549	0.0	2.4130277031829404	2.4130277031829404	0.0	0.0064516129032258064	0.0064516129032258064	0.0	0.010067114093959731	0.010067114093959731	0.0	0.6172839506172839	0.6103896103896104	-0.0068943402276735455						
Valdeolivas	A416371	SN048_A416371_Rep1	M0_expr_kmeans	6	seed_23	success	success	not_evaluable	not_evaluable	False	False	1	0.9812604424584566	0.94	1.0	-0.5468326259227553	-0.5468326259227553	0.0	0.5418888419634549	0.5418888419634549	0.0	2.4130277031829404	2.4130277031829404	0.0	0.0064516129032258064	0.0064516129032258064	0.0	0.010067114093959731	0.010067114093959731	0.0	0.6172839506172839	0.6103896103896104	-0.0068943402276735455						
Valdeolivas	A416371	SN048_A416371_Rep1	M0_expr_kmeans	6	seed_37	success	success	not_evaluable	not_evaluable	False	False	1	0.9803692707243777	0.94	1.0	-0.5468326259227553	-0.5468326259227553	0.0	0.5418888419634549	0.5418888419634549	0.0	2.4130277031829404	2.4130277031829404	0.0	0.0064516129032258064	0.0064516129032258064	0.0	0.010067114093959731	0.010067114093959731	0.0	0.6172839506172839	0.6103896103896104	-0.0068943402276735455						
Valdeolivas	A416371	SN048_A416371_Rep1	M1_spatial_concat_kmeans	4	seed_11	success	success	not_evaluable	not_evaluable	False	False	1	0.9970493141978556	1.0	1.0	0.1970826106793191	0.1970826106793191	0.0	0.2020263946386195	0.2020263946386195	0.0	0.8996223012653121	0.8996223012653121	0.0	0.03870967741935484	0.03870967741935484	0.0	0.09395973154362416	0.09395973154362416	0.0	0.6257668711656442	0.6257668711656442	0.0						
Valdeolivas	A416371	SN048_A416371_Rep1	M1_spatial_concat_kmeans	4	seed_23	success	success	not_evaluable	not_evaluable	False	False	1	0.995576034395324	1.0	1.0	0.1970826106793191	0.1970826106793191	0.0	0.2020263946386195	0.2020263946386195	0.0	0.8996223012653121	0.8996223012653121	0.0	0.03870967741935484	0.03870967741935484	0.0	0.09395973154362416	0.09395973154362416	0.0	0.6257668711656442	0.6257668711656442	0.0						
Valdeolivas	A416371	SN048_A416371_Rep1	M1_spatial_concat_kmeans	4	seed_37	success	success	not_evaluable	not_evaluable	False	False	1	0.9970493141978556	1.0	1.0	0.1970826106793191	0.1970826106793191	0.0	0.2020263946386195	0.2020263946386195	0.0	0.8996223012653121	0.8996223012653121	0.0	0.03870967741935484	0.03870967741935484	0.0	0.09395973154362416	0.09395973154362416	0.0	0.6257668711656442	0.6257668711656442	0.0						
Valdeolivas	A416371	SN048_A416371_Rep1	M1_spatial_concat_kmeans	6	seed_11	success	success	not_evaluable	not_evaluable	False	False	1	0.9757537007255034	0.94	1.0	-0.5468326259227553	-0.5468326259227553	0.0	0.5418888419634549	0.5418888419634549	0.0	2.4130277031829404	2.4130277031829404	0.0	0.0064516129032258064	0.0064516129032258064	0.0	0.010067114093959731	0.010067114093959731	0.0	0.6172839506172839	0.6103896103896104	-0.0068943402276735455						
Valdeolivas	A416371	SN048_A416371_Rep1	M1_spatial_concat_kmeans	6	seed_23	success	success	not_evaluable	not_evaluable	False	False	1	0.9825674825912425	0.94	1.0	-0.5468326259227553	-0.5468326259227553	0.0	0.5418888419634549	0.5418888419634549	0.0	2.4130277031829404	2.4130277031829404	0.0	0.0064516129032258064	0.0064516129032258064	0.0	0.010067114093959731	0.010067114093959731	0.0	0.6172839506172839	0.6103896103896104	-0.0068943402276735455						
Valdeolivas	A416371	SN048_A416371_Rep1	M1_spatial_concat_kmeans	6	seed_37	success	success	not_evaluable	not_evaluable	False	False	1	0.9772411538596022	0.94	1.0	-0.5468326259227553	-0.5468326259227553	0.0	0.5418888419634549	0.5418888419634549	0.0	2.4130277031829404	2.4130277031829404	0.0	0.0064516129032258064	0.0064516129032258064	0.0	0.010067114093959731	0.010067114093959731	0.0	0.6172839506172839	0.6103896103896104	-0.0068943402276735455						
Valdeolivas	A416371	SN048_A416371_Rep1	M2_spatial_ward	4	neighbors_4	success	success	not_evaluable	not_evaluable	False	False	1	0.9525004699984584	0.8829787234042553	0.55										0.0	0.0	0.0	0.06375838926174497	0.040268456375838924	-0.023489932885906048	0.775	0.8316831683168316	0.05668316831683162						
Valdeolivas	A416371	SN048_A416371_Rep1	M2_spatial_ward	4	neighbors_6	success	success	not_evaluable	not_evaluable	False	False	1	0.5196915118951455	0.8297872340425532	0.4										0.0	0.0	0.0	0.06375838926174497	0.030201342281879196	-0.03355704697986578	0.8017241379310345	0.8494623655913979	0.0477382276603634						
Valdeolivas	A416371	SN048_A416371_Rep1	M2_spatial_ward	4	neighbors_8	success	success	not_evaluable	not_evaluable	False	False	1	0.9022435359861994	0.8764044943820225	0.47058823529411764										0.0	0.0	0.0	0.05704697986577181	0.026845637583892617	-0.030201342281879196	0.8018018018018018	0.8297872340425532	0.02798543224075134						
Valdeolivas	A416371	SN048_A416371_Rep1	M2_spatial_ward	6	neighbors_4	success	success	not_evaluable	not_evaluable	False	False	1	0.7926399295484554	0.8829787234042553	0.55										0.0	0.0	0.0	0.06375838926174497	0.040268456375838924	-0.023489932885906048	0.775	0.8316831683168316	0.05668316831683162						
Valdeolivas	A416371	SN048_A416371_Rep1	M2_spatial_ward	6	neighbors_6	success	success	not_evaluable	not_evaluable	False	False	1	0.7172552115521983	0.8297872340425532	0.4										0.0	0.0	0.0	0.06375838926174497	0.030201342281879196	-0.03355704697986578	0.8017241379310345	0.8494623655913979	0.0477382276603634						
Valdeolivas	A416371	SN048_A416371_Rep1	M2_spatial_ward	6	neighbors_8	success	success	not_evaluable	not_evaluable	False	False	1	0.843075804790403	0.8764044943820225	0.47058823529411764										0.0	0.0	0.0	0.05704697986577181	0.026845637583892617	-0.030201342281879196	0.8018018018018018	0.8297872340425532	0.02798543224075134						
Valdeolivas	A416371	SN048_A416371_Rep1	M3_spatial_leiden	4	seed_11	success	success	success	success	True	False	1	0.4403559384027947	0.0	0.0	-0.0250521160655105	-0.028192763969577816	-0.0031406479040673174	0.020108332106210103	0.02324898001027742	0.0031406479040673174	0.08954228003897573	0.10352756597141603	0.013985285932440306	0.18064516129032257	0.14193548387096774	-0.03870967741935483	0.24496644295302014	0.2550335570469799	0.010067114093959745	0.4783950617283951	0.4975247524752475	0.019129690746852446	-0.1087146750076802	-0.10617440748353463	0.002540267524145573	-0.13201860150526012	-0.03542683501360231	0.09659176649165782
Valdeolivas	A416371	SN048_A416371_Rep1	M3_spatial_leiden	4	seed_23	success	success	success	success	True	False	1	0.31846424977694276	0.0	0.0	-0.009366383294135583	-0.04050461821494611	-0.031138234920810526	0.004422599334835187	0.03556083425564571	0.031138234920810526	0.01969380782296208	0.15835217772016238	0.13865836989720032	0.36129032258064514	0.17419354838709677	-0.18709677419354837	0.25838926174496646	0.23825503355704697	-0.02013422818791949	0.4178082191780822	0.390625	-0.027183219178082196	-0.1451158477022644	-0.0518992417864351	0.09321660591582931	-0.10772482373078977	-0.08371017668621132	0.024014647044578452
Valdeolivas	A416371	SN048_A416371_Rep1	M3_spatial_leiden	4	seed_37	success	success	success	success	True	False	1	0.43582441332770433	0.0	0.0	-0.043680379743759434	-0.0389544168669847	0.004725962876774736	0.03873659578445904	0.0340106329076843	-0.004725962876774736	0.17249382440910818	0.1514491405869588	-0.021044683822149385	0.2645161290322581	0.1935483870967742	-0.07096774193548389	0.3221476510067114	0.2684563758389262	-0.05369127516778521	0.3333333333333333	0.44533333333333336	0.11200000000000004	0.009869304193131114	-0.05053033292923409	-0.06039963712236521	0.11673711361432723	-0.11280550993016557	-0.22954262354449279
Valdeolivas	A416371	SN048_A416371_Rep1	M3_spatial_leiden	6	seed_11	success	success	not_evaluable	success	False	False	1	0.49655762040550483	0.125	0.0		0.06629334748316262			0.07123713144246302			0.31721851116753674		0.0	0.12903225806451613	0.12903225806451613	0.0	0.18120805369127516	0.18120805369127516	0.9130434782608695	0.5075528700906344	-0.4054906081702351		0.0721556250437506			0.2351316731514428	
Valdeolivas	A416371	SN048_A416371_Rep1	M3_spatial_leiden	6	seed_23	success	success	success	success	True	False	1	0.5980539723667481	0.4457831325301205	0.3893129770992366	-0.0869740928151469	0.014554498557718232	0.10152859137286513	0.0820303088558465	0.019498282517018628	-0.06253202633882787	0.36528046426015853	0.08682573294474034	-0.2784547313154182	0.12903225806451613	0.13548387096774195	0.006451612903225823	0.22818791946308725	0.24496644295302014	0.01677852348993289	0.5865724381625441	0.5091863517060368	-0.07738608645650735	0.1232600501450404	-0.13776795614248782	-0.2610280062875282	0.21001692845241843	-0.07499273851128567	-0.2850096669637041
Valdeolivas	A416371	SN048_A416371_Rep1	M3_spatial_leiden	6	seed_37	success	success	not_evaluable	success	False	False	1	0.5427130881900376	0.3130434782608696	0.22131147540983606	-0.3095865853624524	0.0019245115030310789	0.3115110968654835	0.30464280140315203	0.006868295462331475	-0.29777450594082056	1.3565725337644812	0.03058447773938339	-1.3259880560250978	0.0064516129032258064	0.21935483870967742	0.21290322580645163	0.087248322147651	0.2953020134228188	0.20805369127516782	0.5581395348837209	0.48936170212765956	-0.06877783275606136		-0.151146426702819			-0.055585768471020126	
Valdeolivas	A416371	SN048_A416371_Rep2	M0_expr_kmeans	4	seed_11	success	success	success	success	True	False	2	0.999010356353302	1.0	1.0	-0.019954838758833193	-0.019954838758833193	0.0	0.03147436770897394	0.03147436770897394	0.0	0.13761144838261474	0.13761144838261474	0.0	0.1891891891891892	0.1891891891891892	0.0	0.3108108108108108	0.3108108108108108	0.0	0.6881188118811881	0.6847290640394089	-0.003389747841779145	-0.15803757664062645	-0.15803757664062645	0.0	-0.2813411715752283	-0.2813411715752283	0.0
Valdeolivas	A416371	SN048_A416371_Rep2	M0_expr_kmeans	4	seed_23	success	success	success	success	True	False	2	0.999010356353302	1.0	1.0	-0.019954838758833193	-0.019954838758833193	0.0	0.03147436770897394	0.03147436770897394	0.0	0.13761144838261474	0.13761144838261474	0.0	0.1891891891891892	0.1891891891891892	0.0	0.3108108108108108	0.3108108108108108	0.0	0.6881188118811881	0.6847290640394089	-0.003389747841779145	-0.17219951718298884	-0.17219951718298884	0.0	-0.2813411715752283	-0.2813411715752283	0.0
Valdeolivas	A416371	SN048_A416371_Rep2	M0_expr_kmeans	4	seed_37	success	success	success	success	True	False	2	0.9981989661988236	1.0	1.0	-0.019954838758833193	-0.019954838758833193	0.0	0.03147436770897394	0.03147436770897394	0.0	0.13761144838261474	0.13761144838261474	0.0	0.1891891891891892	0.1891891891891892	0.0	0.3108108108108108	0.3108108108108108	0.0	0.6881188118811881	0.6881188118811881	0.0	-0.17280216769487758	-0.17280216769487758	0.0	-0.2675424305676606	-0.2675424305676606	0.0
Valdeolivas	A416371	SN048_A416371_Rep2	M0_expr_kmeans	6	seed_11	success	success	not_evaluable	not_evaluable	False	False	2	0.9970273191658487	1.0	1.0	-0.010317900273596747	-0.010317900273596747	0.0	0.021837429223737492	0.021837429223737492	0.0	0.0954770654081972	0.0954770654081972	0.0	0.17117117117117117	0.17117117117117117	0.0	0.3153153153153153	0.3153153153153153	0.0	0.6954314720812182	0.6954314720812182	0.0						
Valdeolivas	A416371	SN048_A416371_Rep2	M0_expr_kmeans	6	seed_23	success	success	not_evaluable	not_evaluable	False	False	2	1.0	1.0	1.0	-0.010317900273596747	-0.010317900273596747	0.0	0.021837429223737492	0.021837429223737492	0.0	0.0954770654081972	0.0954770654081972	0.0	0.17117117117117117	0.17117117117117117	0.0	0.3153153153153153	0.3153153153153153	0.0	0.6954314720812182	0.6954314720812182	0.0						
Valdeolivas	A416371	SN048_A416371_Rep2	M0_expr_kmeans	6	seed_37	success	success	not_evaluable	not_evaluable	False	False	2	0.9944624059510594	1.0	1.0	-0.010317900273596747	-0.010317900273596747	0.0	0.021837429223737492	0.021837429223737492	0.0	0.0954770654081972	0.0954770654081972	0.0	0.17117117117117117	0.17117117117117117	0.0	0.3153153153153153	0.3153153153153153	0.0	0.7025641025641025	0.6954314720812182	-0.007132630482884261						
Valdeolivas	A416371	SN048_A416371_Rep2	M1_spatial_concat_kmeans	4	seed_11	success	success	success	success	True	False	2	0.9981989661988236	1.0	1.0	-0.019954838758833193	-0.019954838758833193	0.0	0.03147436770897394	0.03147436770897394	0.0	0.13761144838261474	0.13761144838261474	0.0	0.1891891891891892	0.1891891891891892	0.0	0.3108108108108108	0.3108108108108108	0.0	0.6881188118811881	0.6881188118811881	0.0	-0.16841759221861785	-0.16841759221861785	0.0	-0.2675424305676606	-0.2675424305676606	0.0
Valdeolivas	A416371	SN048_A416371_Rep2	M1_spatial_concat_kmeans	4	seed_23	success	success	success	success	True	False	2	0.9981998618947683	1.0	1.0	-0.019954838758833193	-0.019954838758833193	0.0	0.03147436770897394	0.03147436770897394	0.0	0.13761144838261474	0.13761144838261474	0.0	0.1891891891891892	0.1891891891891892	0.0	0.3108108108108108	0.3108108108108108	0.0	0.6847290640394089	0.6847290640394089	0.0	-0.16891403256311915	-0.16891403256311915	0.0	-0.2675424305676606	-0.2675424305676606	0.0
Valdeolivas	A416371	SN048_A416371_Rep2	M1_spatial_concat_kmeans	4	seed_37	success	success	success	success	True	False	2	0.9955244415991654	0.9858156028368794	1.0	-0.019954838758833193	-0.019954838758833193	0.0	0.03147436770897394	0.03147436770897394	0.0	0.13761144838261474	0.13761144838261474	0.0	0.1891891891891892	0.1891891891891892	0.0	0.3108108108108108	0.3108108108108108	0.0	0.6878048780487804	0.6881188118811881	0.0003139338324076313	-0.16998623521200348	-0.16998623521200348	0.0	-0.2675424305676606	-0.2675424305676606	0.0
Valdeolivas	A416371	SN048_A416371_Rep2	M1_spatial_concat_kmeans	6	seed_11	success	success	not_evaluable	not_evaluable	False	False	2	0.9923946136759126	1.0	1.0	-0.010317900273596747	-0.010317900273596747	0.0	0.021837429223737492	0.021837429223737492	0.0	0.0954770654081972	0.0954770654081972	0.0	0.17117117117117117	0.17117117117117117	0.0	0.3153153153153153	0.3153153153153153	0.0	0.7061855670103093	0.6954314720812182	-0.010754094929091074						
Valdeolivas	A416371	SN048_A416371_Rep2	M1_spatial_concat_kmeans	6	seed_23	success	success	not_evaluable	not_evaluable	False	False	2	0.9946304749197057	1.0	1.0	-0.010317900273596747	-0.010317900273596747	0.0	0.021837429223737492	0.021837429223737492	0.0	0.0954770654081972	0.0954770654081972	0.0	0.17117117117117117	0.17117117117117117	0.0	0.3153153153153153	0.3153153153153153	0.0	0.7061855670103093	0.6954314720812182	-0.010754094929091074						
Valdeolivas	A416371	SN048_A416371_Rep2	M1_spatial_concat_kmeans	6	seed_37	success	success	not_evaluable	not_evaluable	False	False	2	0.9946660468861224	1.0	1.0	-0.010317900273596747	-0.010317900273596747	0.0	0.021837429223737492	0.021837429223737492	0.0	0.0954770654081972	0.0954770654081972	0.0	0.17117117117117117	0.17117117117117117	0.0	0.3153153153153153	0.3153153153153153	0.0	0.7061855670103093	0.6954314720812182	-0.010754094929091074						
Valdeolivas	A416371	SN048_A416371_Rep2	M2_spatial_ward	4	neighbors_4	success	success	success	success	True	False	2	0.9772328979238988	1.0	1.0	0.08991533902267279	0.08991533902267279	0.0	0.07839581007253205	0.07839581007253205	0.0	0.342760212721719	0.342760212721719	0.0	0.35135135135135137	0.35135135135135137	0.0	0.38738738738738737	0.38738738738738737	0.0	0.5484764542936288	0.5657142857142857	0.017237831420656935	0.16446710878959916	0.16446710878959916	0.0	-0.05333883195913012	-0.05333883195913012	0.0
Valdeolivas	A416371	SN048_A416371_Rep2	M2_spatial_ward	4	neighbors_6	success	success	not_evaluable	not_evaluable	False	False	2	0.9428382407550895	0.9029850746268657	0.9090909090909091	0.06435547353238968	0.12733702535399033	0.06298155182160065	0.05283594458224894	0.11581749640384958	0.06298155182160065	0.2310080039686958	0.5063743797985127	0.27536637582981693	0.16216216216216217	0.13513513513513514	-0.02702702702702703	0.3153153153153153	0.2927927927927928	-0.022522522522522515	0.73224043715847	0.8120805369127517	0.07984009975428175						
Valdeolivas	A416371	SN048_A416371_Rep2	M2_spatial_ward	4	neighbors_8	success	success	not_evaluable	not_evaluable	False	False	2	0.973946398760722	0.9925373134328358	1.0	0.06435547353238968	0.06435547353238968	0.0	0.05283594458224894	0.05283594458224894	0.0	0.2310080039686958	0.2310080039686958	0.0	0.16216216216216217	0.16216216216216217	0.0	0.3153153153153153	0.3153153153153153	0.0	0.7486033519553073	0.764367816091954	0.015764464136646783						
Valdeolivas	A416371	SN048_A416371_Rep2	M2_spatial_ward	6	neighbors_4	success	success	not_evaluable	not_evaluable	False	False	2	0.4932272670743704	0.9915966386554622	1.0	0.13343683038467752	0.13343683038467752	0.0	0.12191730143453677	0.12191730143453677	0.0	0.533043795778078	0.533043795778078	0.0	0.12612612612612611	0.12612612612612611	0.0	0.2927927927927928	0.2927927927927928	0.0	0.7579617834394905	0.8194444444444444	0.06148266100495392						
Valdeolivas	A416371	SN048_A416371_Rep2	M2_spatial_ward	6	neighbors_6	success	success	not_evaluable	not_evaluable	False	False	2	0.7676562206056047	0.9029850746268657	0.9090909090909091	0.06435547353238968	0.12733702535399033	0.06298155182160065	0.05283594458224894	0.11581749640384958	0.06298155182160065	0.2310080039686958	0.5063743797985127	0.27536637582981693	0.16216216216216217	0.13513513513513514	-0.02702702702702703	0.3153153153153153	0.2927927927927928	-0.022522522522522515	0.73224043715847	0.8120805369127517	0.07984009975428175						
Valdeolivas	A416371	SN048_A416371_Rep2	M2_spatial_ward	6	neighbors_8	success	success	not_evaluable	not_evaluable	False	False	2	0.9419140515952938	0.9925373134328358	1.0	0.06435547353238968	0.06435547353238968	0.0	0.05283594458224894	0.05283594458224894	0.0	0.2310080039686958	0.2310080039686958	0.0	0.16216216216216217	0.16216216216216217	0.0	0.3153153153153153	0.3153153153153153	0.0	0.7486033519553073	0.764367816091954	0.015764464136646783						
Valdeolivas	A416371	SN048_A416371_Rep2	M3_spatial_leiden	4	seed_11	success	success	success	success	True	False	2	0.6237551160942338	0.9635416666666666	0.952	0.1436342744869018	0.21405098880412327	0.07041671431722146	0.13211474553676106	0.20253145985398252	0.07041671431722146	0.5776288074829433	0.8855030160178714	0.3078742085349281	0.3063063063063063	0.3153153153153153	0.009009009009009028	0.40540540540540543	0.38288288288288286	-0.02252252252252257	0.5218579234972678	0.512396694214876	-0.009461229282391792	0.3573395073637128	0.6590673670552727	0.3017278596915599	-0.04878551286659671	0.4543615226951015	0.5031470355616982
Valdeolivas	A416371	SN048_A416371_Rep2	M3_spatial_leiden	4	seed_23	success	success	success	success	True	False	2	0.49570932213466956	0.47717842323651455	0.5066666666666667	0.08860475673918644	0.16133366042039615	0.07272890368120971	0.0770852277890457	0.1498141314702554	0.07272890368120971	0.3370301174288522	0.6550136228448287	0.3179835054159765	0.36036036036036034	0.3063063063063063	-0.05405405405405406	0.2972972972972973	0.38738738738738737	0.09009009009009006	0.3379721669980119	0.4946808510638298	0.1567086840658179	0.13427018527255688	0.43933610602289885	0.305065920750342	0.14025272360240967	0.0	-0.14025272360240967
Valdeolivas	A416371	SN048_A416371_Rep2	M3_spatial_leiden	4	seed_37	success	success	success	success	True	False	2	0.7046982829263629	0.95	0.9461538461538461	0.20096857489835396	0.12152059642431234	-0.07944797847404161	0.1894490459482132	0.1100010674741716	-0.07944797847404161	0.8283044110272944	0.4809439337660951	-0.34736047726119923	0.3153153153153153	0.3153153153153153	0.0	0.4009009009009009	0.42342342342342343	0.022522522522522515	0.44212962962962965	0.4512471655328798	0.009117535903250151	0.6280197178038903	0.2769965872244664	-0.3510231305794239	0.4037801813555079	0.13049588763070233	-0.27328429372480556
Valdeolivas	A416371	SN048_A416371_Rep2	M3_spatial_leiden	6	seed_11	success	success	success	success	True	False	2	0.593030350089916	0.8952879581151832	0.8951612903225806	0.15479245346751147	0.1490079938340766	-0.00578445963343488	0.14327292451737073	0.13748846488393585	-0.00578445963343488	0.62641432034954	0.6011236496797433	-0.025290670669796733	0.23423423423423423	0.3063063063063063	0.07207207207207206	0.38738738738738737	0.4009009009009009	0.013513513513513542	0.5272727272727272	0.5497076023391813	0.02243487506645403	0.3948208188392291	0.3878290272606595	-0.006991791578569606	0.13333351503691043	-0.05058134133959358	-0.183914856376504
Valdeolivas	A416371	SN048_A416371_Rep2	M3_spatial_leiden	6	seed_23	success	success	not_evaluable	success	False	False	2	0.564009136198683	0.7622377622377622	0.7717391304347826	0.23796846860541992	0.11614687707713756	-0.12182159152828237	0.22644893965527918	0.10462734812699681	-0.12182159152828237	0.9900744268735674	0.4574490915692951	-0.5326253353042723	0.15315315315315314	0.2072072072072072	0.05405405405405406	0.2702702702702703	0.28378378378378377	0.013513513513513487	0.5041666666666667	0.46619217081850534	-0.037974495848161316		0.16912199246439846			0.13049588763070233	
Valdeolivas	A416371	SN048_A416371_Rep2	M3_spatial_leiden	6	seed_37	not_evaluable	success	not_evaluable	success	False	False	2					0.1620904077398459			0.15057087878970515			0.6583222546703204			0.3063063063063063			0.38288288288288286			0.5211267605633803			0.45933006140259164			0.0	
Valdeolivas	A551763	SN123_A551763_Rep1	M0_expr_kmeans	4	seed_11	success	success	not_evaluable	not_evaluable	False	False	3	1.0	1.0	1.0	-0.28885698701045515	-0.28885698701045515	0.0	0.16213809902924226	0.16213809902924226	0.0	0.45533081354012467	0.45533081354012467	0.0	0.5769230769230769	0.5769230769230769	0.0	1.0	1.0	0.0	0.30201342281879195	0.30201342281879195	0.0						
Valdeolivas	A551763	SN123_A551763_Rep1	M0_expr_kmeans	4	seed_23	success	success	not_evaluable	not_evaluable	False	False	3	0.9954452556768296	1.0	1.0	-0.28885698701045515	-0.28885698701045515	0.0	0.16213809902924226	0.16213809902924226	0.0	0.45533081354012467	0.45533081354012467	0.0	0.5769230769230769	0.5769230769230769	0.0	1.0	1.0	0.0	0.30201342281879195	0.3	-0.0020134228187919656						
Valdeolivas	A551763	SN123_A551763_Rep1	M0_expr_kmeans	4	seed_37	success	success	not_evaluable	not_evaluable	False	False	3	0.9954452556768296	1.0	1.0	-0.28885698701045515	-0.28885698701045515	0.0	0.16213809902924226	0.16213809902924226	0.0	0.45533081354012467	0.45533081354012467	0.0	0.5769230769230769	0.5769230769230769	0.0	1.0	1.0	0.0	0.30201342281879195	0.3	-0.0020134228187919656						
Valdeolivas	A551763	SN123_A551763_Rep1	M0_expr_kmeans	6	seed_11	success	success	not_evaluable	not_evaluable	False	False	3	0.7110760307044575	0.975	0.9642857142857143	-0.2692885339799953	-0.2711893434073488	-0.0019008094273534892	0.1817065520597021	0.1798057426323486	-0.0019008094273534892	0.5102847058789883	0.5049466816383963	-0.005338024240592043	0.4807692307692308	0.5	0.019230769230769218	1.0	1.0	0.0	0.3939393939393939	0.39215686274509803	-0.0017825311942958888						
Valdeolivas	A551763	SN123_A551763_Rep1	M0_expr_kmeans	6	seed_23	success	success	not_evaluable	not_evaluable	False	False	3	0.4995912334147845	0.8888888888888888	0.875	-0.2711893434073488	-0.28885698701045515	-0.017667643603106353	0.1798057426323486	0.16213809902924226	-0.017667643603106353	0.5049466816383963	0.45533081354012467	-0.04961586809827162	0.5	0.5769230769230769	0.07692307692307687	1.0	1.0	0.0	0.3883495145631068	0.31690140845070425	-0.07144810611240254						
Valdeolivas	A551763	SN123_A551763_Rep1	M0_expr_kmeans	6	seed_37	success	success	not_evaluable	not_evaluable	False	False	3	0.4330806307253033	0.8888888888888888	0.875	-0.28885698701045515	-0.2711893434073488	0.017667643603106353	0.16213809902924226	0.1798057426323486	0.017667643603106353	0.45533081354012467	0.5049466816383963	0.04961586809827162	0.5769230769230769	0.5	-0.07692307692307687	1.0	1.0	0.0	0.3284671532846715	0.38461538461538464	0.056148231330713116						
Valdeolivas	A551763	SN123_A551763_Rep1	M1_spatial_concat_kmeans	4	seed_11	success	success	not_evaluable	not_evaluable	False	False	3	0.9909265841313705	1.0	1.0	-0.28885698701045515	-0.28885698701045515	0.0	0.16213809902924226	0.16213809902924226	0.0	0.45533081354012467	0.45533081354012467	0.0	0.5769230769230769	0.5769230769230769	0.0	1.0	1.0	0.0	0.30612244897959184	0.30201342281879195	-0.004109026160799889						
Valdeolivas	A551763	SN123_A551763_Rep1	M1_spatial_concat_kmeans	4	seed_23	success	success	not_evaluable	not_evaluable	False	False	3	0.9864106583422955	1.0	1.0	-0.28885698701045515	-0.28885698701045515	0.0	0.16213809902924226	0.16213809902924226	0.0	0.45533081354012467	0.45533081354012467	0.0	0.5769230769230769	0.5769230769230769	0.0	1.0	1.0	0.0	0.30612244897959184	0.3	-0.006122448979591855						
Valdeolivas	A551763	SN123_A551763_Rep1	M1_spatial_concat_kmeans	4	seed_37	success	success	not_evaluable	not_evaluable	False	False	3	0.9909265841313705	1.0	1.0	-0.28885698701045515	-0.28885698701045515	0.0	0.16213809902924226	0.16213809902924226	0.0	0.45533081354012467	0.45533081354012467	0.0	0.5769230769230769	0.5769230769230769	0.0	1.0	1.0	0.0	0.30612244897959184	0.30201342281879195	-0.004109026160799889						
Valdeolivas	A551763	SN123_A551763_Rep1	M1_spatial_concat_kmeans	6	seed_11	success	success	not_evaluable	not_evaluable	False	False	3	0.987782279200576	1.0	1.0	-0.2711893434073488	-0.2711893434073488	0.0	0.1798057426323486	0.1798057426323486	0.0	0.5049466816383963	0.5049466816383963	0.0	0.5	0.5	0.0	1.0	1.0	0.0	0.4	0.39215686274509803	-0.007843137254901988						
Valdeolivas	A551763	SN123_A551763_Rep1	M1_spatial_concat_kmeans	6	seed_23	success	success	not_evaluable	not_evaluable	False	False	3	0.7102042001061563	1.0	1.0	-0.2711893434073488	-0.2711893434073488	0.0	0.1798057426323486	0.1798057426323486	0.0	0.5049466816383963	0.5049466816383963	0.0	0.5	0.5	0.0	1.0	1.0	0.0	0.41237113402061853	0.38461538461538464	-0.027755749405233898						
Valdeolivas	A551763	SN123_A551763_Rep1	M1_spatial_concat_kmeans	6	seed_37	success	success	not_evaluable	not_evaluable	False	False	3	0.5589158749121907	1.0	1.0	-0.28885698701045515	-0.28885698701045515	0.0	0.16213809902924226	0.16213809902924226	0.0	0.45533081354012467	0.45533081354012467	0.0	0.5769230769230769	0.5769230769230769	0.0	1.0	1.0	0.0	0.3191489361702128	0.3146853146853147	-0.004463621484898095						
Valdeolivas	A551763	SN123_A551763_Rep1	M2_spatial_ward	4	neighbors_4	success	success	not_evaluable	not_evaluable	False	False	3	0.8813381986182284	1.0	1.0										0.3269230769230769	0.3269230769230769	0.0	0.0	0.0	0.0	0.16666666666666666	0.1693548387096774	0.0026881720430107503						
Valdeolivas	A551763	SN123_A551763_Rep1	M2_spatial_ward	4	neighbors_6	success	success	not_evaluable	not_evaluable	False	False	3	0.19142851690911813	0.0	0.0		0.003966788904729013			0.4549618749444264			1.2776649158247768		0.07692307692307693	0.1346153846153846	0.05769230769230768	0.0	1.0	1.0	0.21428571428571427	0.6666666666666666	0.45238095238095233						
Valdeolivas	A551763	SN123_A551763_Rep1	M2_spatial_ward	4	neighbors_8	success	success	not_evaluable	not_evaluable	False	False	3	0.9850921604893267	1.0	1.0	0.003966788904729013	0.003966788904729013	0.0	0.4549618749444264	0.4549618749444264	0.0	1.2776649158247768	1.2776649158247768	0.0	0.1346153846153846	0.1346153846153846	0.0	1.0	1.0	0.0	0.6086956521739131	0.6363636363636364	0.02766798418972327						
Valdeolivas	A551763	SN123_A551763_Rep1	M2_spatial_ward	6	neighbors_4	success	success	not_evaluable	not_evaluable	False	False	3	0.8825754682743405	1.0	1.0	-0.273980868856354	-0.273980868856354	0.0	0.17701421718334343	0.17701421718334343	0.0	0.49710726843863845	0.49710726843863845	0.0	0.3076923076923077	0.3076923076923077	0.0	1.0	1.0	0.0	0.22429906542056074	0.22857142857142856	0.0042723631508678195						
Valdeolivas	A551763	SN123_A551763_Rep1	M2_spatial_ward	6	neighbors_6	success	success	not_evaluable	not_evaluable	False	False	3	0.2889821346039774	1.0	1.0	0.003966788904729013	0.003966788904729013	0.0	0.4549618749444264	0.4549618749444264	0.0	1.2776649158247768	1.2776649158247768	0.0	0.1346153846153846	0.1346153846153846	0.0	1.0	1.0	0.0	0.6666666666666666	0.6666666666666666	0.0						
Valdeolivas	A551763	SN123_A551763_Rep1	M2_spatial_ward	6	neighbors_8	success	success	not_evaluable	not_evaluable	False	False	3	0.7887647503026318	1.0	1.0	0.003966788904729013	0.003966788904729013	0.0	0.4549618749444264	0.4549618749444264	0.0	1.2776649158247768	1.2776649158247768	0.0	0.1346153846153846	0.1346153846153846	0.0	1.0	1.0	0.0	0.6086956521739131	0.6363636363636364	0.02766798418972327						
Valdeolivas	A551763	SN123_A551763_Rep1	M3_spatial_leiden	4	seed_11	success	success	not_evaluable	not_evaluable	False	False	3	0.6260797051310042	0.07692307692307693	0.0967741935483871		-0.2711893434073488			0.1798057426323486			0.5049466816383963		0.2692307692307692	0.34615384615384615	0.07692307692307693	0.0	1.0	1.0	0.11194029850746269	0.13705583756345177	0.02511553905598908						
Valdeolivas	A551763	SN123_A551763_Rep1	M3_spatial_leiden	4	seed_23	success	success	not_evaluable	not_evaluable	False	False	3	0.41736980135059903	0.42857142857142855	0.4117647058823529										0.3269230769230769	0.1346153846153846	-0.19230769230769232	0.0	0.0	0.0	0.10294117647058823	0.11392405063291139	0.010982874162323158						
Valdeolivas	A551763	SN123_A551763_Rep1	M3_spatial_leiden	4	seed_37	success	success	not_evaluable	not_evaluable	False	False	3	0.6831920341589516	0.0	0.0		-0.34230360567779683			0.10869148036190057			0.30523720503926005		0.1346153846153846	0.4230769230769231	0.28846153846153844	0.0	1.0	1.0	0.1	0.1724137931034483	0.07241379310344828						
Valdeolivas	A551763	SN123_A551763_Rep1	M3_spatial_leiden	6	seed_11	success	success	not_evaluable	not_evaluable	False	False	3	0.5085478926450466	0.0	0.0		-0.3296962890684446			0.12129879697125279			0.3406422070879084		0.09615384615384616	0.34615384615384615	0.25	0.0	1.0	1.0	0.1206896551724138	0.23008849557522124	0.10939884040280744						
Valdeolivas	A551763	SN123_A551763_Rep1	M3_spatial_leiden	6	seed_23	success	success	not_evaluable	not_evaluable	False	False	3	0.46109296034500774	0.0	0.0	-0.3296962890684446			0.12129879697125279			0.3406422070879084			0.34615384615384615	0.2692307692307692	-0.07692307692307693	1.0	0.0	-1.0	0.24761904761904763	0.1557377049180328	-0.09188134270101483						
Valdeolivas	A551763	SN123_A551763_Rep1	M3_spatial_leiden	6	seed_37	success	success	not_evaluable	not_evaluable	False	False	3	0.7915524612516646	0.9565217391304348	0.9411764705882353	-0.32690476361943943	-0.38452099325888356	-0.05761622963944413	0.12409032242025797	0.06647409278081384	-0.05761622963944413	0.34848162028766627	0.1866785346963442	-0.16180308559132206	0.2692307692307692	0.28846153846153844	0.019230769230769218	1.0	1.0	0.0	0.21782178217821782	0.2169811320754717	-0.0008406501027461155						
Valdeolivas	A595688	SN123_A595688_Rep1	M0_expr_kmeans	4	seed_11	success	success	success	success	True	False	2	0.9932597697401533	0.991869918699187	0.9882352941176471	-0.08875926220356378	-0.03437071765197075	0.05438854455159303	0.17732728898752592	0.12293874443593289	-0.05438854455159303	0.7765959085780377	0.5384040238802871	-0.23819188469775066	0.9104477611940298	0.9104477611940298	0.0	0.32	0.30666666666666664	-0.013333333333333364	0.492	0.4939271255060729	0.0019271255060728798	0.5111105783936306	0.25910776724341106	-0.25200281115021955	0.4455113135199849	0.2538116843574461	-0.1916996291625388
Valdeolivas	A595688	SN123_A595688_Rep1	M0_expr_kmeans	4	seed_23	success	success	success	success	True	False	2	0.9932597697401533	0.991869918699187	0.9882352941176471	-0.08875926220356378	-0.03437071765197075	0.05438854455159303	0.17732728898752592	0.12293874443593289	-0.05438854455159303	0.7765959085780377	0.5384040238802871	-0.23819188469775066	0.9104477611940298	0.9104477611940298	0.0	0.32	0.30666666666666664	-0.013333333333333364	0.492	0.4939271255060729	0.0019271255060728798	0.5267298174549296	0.2691546077107268	-0.25757520974420284	0.4455113135199849	0.2538116843574461	-0.1916996291625388
Valdeolivas	A595688	SN123_A595688_Rep1	M0_expr_kmeans	4	seed_37	success	success	success	success	True	False	2	0.9887978922588597	0.991869918699187	0.9882352941176471	-0.08875926220356378	-0.03437071765197075	0.05438854455159303	0.17732728898752592	0.12293874443593289	-0.05438854455159303	0.7765959085780377	0.5384040238802871	-0.23819188469775066	0.9104477611940298	0.9104477611940298	0.0	0.32	0.30666666666666664	-0.013333333333333364	0.4880952380952381	0.4939271255060729	0.005831887410834791	0.4900380084381373	0.2677065075263107	-0.22233150091182657	0.4455113135199849	0.2538116843574461	-0.1916996291625388
Valdeolivas	A595688	SN123_A595688_Rep1	M0_expr_kmeans	6	seed_11	success	success	not_evaluable	not_evaluable	False	False	2	0.983990991503235	1.0	1.0	-0.2684109077628134	-0.2684109077628134	0.0	0.35697893454677554	0.35697893454677554	0.0	1.563371219401401	1.563371219401401	0.0	0.5522388059701493	0.5522388059701493	0.0	0.13333333333333333	0.13333333333333333	0.0	0.4533333333333333	0.4533333333333333	0.0						
Valdeolivas	A595688	SN123_A595688_Rep1	M0_expr_kmeans	6	seed_23	success	success	not_evaluable	not_evaluable	False	False	2	0.9892626594602001	1.0	1.0	-0.2684109077628134	-0.2684109077628134	0.0	0.35697893454677554	0.35697893454677554	0.0	1.563371219401401	1.563371219401401	0.0	0.5522388059701493	0.5522388059701493	0.0	0.13333333333333333	0.13333333333333333	0.0	0.4533333333333333	0.4533333333333333	0.0						
Valdeolivas	A595688	SN123_A595688_Rep1	M0_expr_kmeans	6	seed_37	success	success	not_evaluable	not_evaluable	False	False	2	0.9832266087012885	1.0	1.0	-0.2684109077628134	-0.2684109077628134	0.0	0.35697893454677554	0.35697893454677554	0.0	1.563371219401401	1.563371219401401	0.0	0.5522388059701493	0.5522388059701493	0.0	0.13333333333333333	0.13333333333333333	0.0	0.4444444444444444	0.4533333333333333	0.00888888888888889						
Valdeolivas	A595688	SN123_A595688_Rep1	M1_spatial_concat_kmeans	4	seed_11	success	success	success	success	True	False	2	0.9766172424808764	0.9682539682539683	0.9767441860465116	-0.03437071765197075	-0.03437071765197075	0.0	0.12293874443593289	0.12293874443593289	0.0	0.5384040238802871	0.5384040238802871	0.0	0.9104477611940298	0.9104477611940298	0.0	0.3333333333333333	0.30666666666666664	-0.026666666666666672	0.4883720930232558	0.4939271255060729	0.005555032482817079	0.2955224982542347	0.2683157954153526	-0.027206702838882102	0.2683157954153526	0.2538116843574461	-0.014504111057906499
Valdeolivas	A595688	SN123_A595688_Rep1	M1_spatial_concat_kmeans	4	seed_23	success	success	success	success	True	False	2	0.9766172424808764	0.9682539682539683	0.9767441860465116	-0.03437071765197075	-0.03437071765197075	0.0	0.12293874443593289	0.12293874443593289	0.0	0.5384040238802871	0.5384040238802871	0.0	0.9104477611940298	0.9104477611940298	0.0	0.3333333333333333	0.30666666666666664	-0.026666666666666672	0.4883720930232558	0.4939271255060729	0.005555032482817079	0.2855739489626776	0.25910776724341106	-0.026466181719266568	0.2691546077107268	0.2538116843574461	-0.01534292335328069
Valdeolivas	A595688	SN123_A595688_Rep1	M1_spatial_concat_kmeans	4	seed_37	success	success	success	success	True	False	2	0.9766172424808764	0.9682539682539683	0.9767441860465116	-0.03437071765197075	-0.03437071765197075	0.0	0.12293874443593289	0.12293874443593289	0.0	0.5384040238802871	0.5384040238802871	0.0	0.9104477611940298	0.9104477611940298	0.0	0.3333333333333333	0.30666666666666664	-0.026666666666666672	0.4883720930232558	0.4939271255060729	0.005555032482817079	0.2683157954153526	0.2855739489626776	0.017258153547325017	0.2683157954153526	0.24118069217301089	-0.027135103242341724
Valdeolivas	A595688	SN123_A595688_Rep1	M1_spatial_concat_kmeans	6	seed_11	success	success	not_evaluable	not_evaluable	False	False	2	0.9799813273315143	1.0	1.0	-0.2684109077628134	-0.2684109077628134	0.0	0.35697893454677554	0.35697893454677554	0.0	1.563371219401401	1.563371219401401	0.0	0.5522388059701493	0.5522388059701493	0.0	0.13333333333333333	0.13333333333333333	0.0	0.4533333333333333	0.43870967741935485	-0.014623655913978462						
Valdeolivas	A595688	SN123_A595688_Rep1	M1_spatial_concat_kmeans	6	seed_23	success	success	not_evaluable	not_evaluable	False	False	2	0.9877095434023865	1.0	1.0	-0.2684109077628134	-0.2684109077628134	0.0	0.35697893454677554	0.35697893454677554	0.0	1.563371219401401	1.563371219401401	0.0	0.5522388059701493	0.5522388059701493	0.0	0.13333333333333333	0.13333333333333333	0.0	0.4533333333333333	0.4533333333333333	0.0						
Valdeolivas	A595688	SN123_A595688_Rep1	M1_spatial_concat_kmeans	6	seed_37	success	success	not_evaluable	not_evaluable	False	False	2	0.9832266087012885	1.0	1.0	-0.2684109077628134	-0.2684109077628134	0.0	0.35697893454677554	0.35697893454677554	0.0	1.563371219401401	1.563371219401401	0.0	0.5522388059701493	0.5522388059701493	0.0	0.13333333333333333	0.13333333333333333	0.0	0.4444444444444444	0.4533333333333333	0.00888888888888889						
Valdeolivas	A595688	SN123_A595688_Rep1	M2_spatial_ward	4	neighbors_4	success	success	not_evaluable	not_evaluable	False	False	2	0.5947759355549512	0.953125	0.9743589743589743	0.28181998503901373	0.28153715628464726	-0.0002828287543664709	0.1932519582550516	0.19296912950068512	-0.0002828287543664709	0.8463371935727505	0.8450985593234858	-0.0012386342492647362	0.05970149253731343	0.05970149253731343	0.0	0.4533333333333333	0.4666666666666667	0.013333333333333364	0.3567251461988304	0.4155844155844156	0.05885926938558522						
Valdeolivas	A595688	SN123_A595688_Rep1	M2_spatial_ward	4	neighbors_6	success	success	not_evaluable	not_evaluable	False	False	2	0.5923417021524287	0.8870967741935484	0.8947368421052632										0.0	0.0	0.0	0.4533333333333333	0.5066666666666667	0.0533333333333334	0.3273809523809524	0.3563218390804598	0.028940886699507395						
Valdeolivas	A595688	SN123_A595688_Rep1	M2_spatial_ward	4	neighbors_8	success	success	not_evaluable	not_evaluable	False	False	2	0.9808495872105664	1.0	1.0										0.0	0.0	0.0	0.5066666666666667	0.5066666666666667	0.0	0.38271604938271603	0.3712574850299401	-0.011458564352775924						
Valdeolivas	A595688	SN123_A595688_Rep1	M2_spatial_ward	6	neighbors_4	success	success	not_evaluable	not_evaluable	False	False	2	0.7507601345627912	0.953125	0.9743589743589743	0.28181998503901373	0.28153715628464726	-0.0002828287543664709	0.1932519582550516	0.19296912950068512	-0.0002828287543664709	0.8463371935727505	0.8450985593234858	-0.0012386342492647362	0.05970149253731343	0.05970149253731343	0.0	0.4533333333333333	0.4666666666666667	0.013333333333333364	0.3567251461988304	0.4155844155844156	0.05885926938558522						
Valdeolivas	A595688	SN123_A595688_Rep1	M2_spatial_ward	6	neighbors_6	success	success	not_evaluable	not_evaluable	False	False	2	0.8807321484753957	0.0	0.0	-0.1963934992624896			0.28496152604645175			1.2479746151501572			0.1791044776119403	0.0	-0.1791044776119403	0.05333333333333334	0.5066666666666667	0.45333333333333337	0.3384615384615385	0.3563218390804598	0.0178603006189213						
Valdeolivas	A595688	SN123_A595688_Rep1	M2_spatial_ward	6	neighbors_8	success	success	not_evaluable	not_evaluable	False	False	2	0.7552834336562875	1.0	1.0										0.0	0.0	0.0	0.5066666666666667	0.5066666666666667	0.0	0.38271604938271603	0.3712574850299401	-0.011458564352775924						
Valdeolivas	A595688	SN123_A595688_Rep1	M3_spatial_leiden	4	seed_11	success	success	not_evaluable	not_evaluable	False	False	2	0.8320808349440072	0.8636363636363636	0.8571428571428571	-0.017807478789368503	-0.045581826180755236	-0.027774347391386733	0.10637550557333064	0.13414985296471738	0.027774347391386733	0.46586615558635236	0.5875025076150203	0.12163635202866796	0.23880597014925373	0.23880597014925373	0.0	0.5333333333333333	0.4266666666666667	-0.10666666666666663	0.2222222222222222	0.21965317919075145	-0.0025690430314707635						
Valdeolivas	A595688	SN123_A595688_Rep1	M3_spatial_leiden	4	seed_23	success	success	success	not_evaluable	False	False	2	0.3410985214949594	0.28448275862068967	0.2804878048780488	0.02848087937745447	-0.04267616261289775	-0.07115704199035222	0.06008714740650767	0.1312441893968599	0.07115704199035222	0.26314862816913553	0.5747773007312613	0.3116286725621258	0.7611940298507462	0.208955223880597	-0.5522388059701493	0.38666666666666666	0.14666666666666667	-0.24	0.20035149384885764	0.11513157894736842	-0.08521991490148922	0.04175302663531761			0.0		
Valdeolivas	A595688	SN123_A595688_Rep1	M3_spatial_leiden	4	seed_37	success	success	not_evaluable	not_evaluable	False	False	2	0.5074467430235874	0.0	0.0	0.07580385054377137			0.012764176240190772			0.055900065359925824			0.208955223880597	0.0	-0.208955223880597	0.13333333333333333	0.41333333333333333	0.28	0.2698412698412698	0.16451612903225807	-0.10532514080901176						
Valdeolivas	A595688	SN123_A595688_Rep1	M3_spatial_leiden	6	seed_11	success	success	success	not_evaluable	False	False	2	0.4863978167436428	0.42045454545454547	0.4	0.1340802249545785	-0.08173621527989217	-0.21581644023447066	0.04551219817061636	0.1703042420638543	0.12479204389323795	0.19931837390340879	0.7458388291808637	0.546520455277455	0.3582089552238806	0.208955223880597	-0.14925373134328357	0.32	0.29333333333333333	-0.026666666666666672	0.3286384976525822	0.3254437869822485	-0.003194710670333667	-0.1058433368708527			-0.09524371516177366		
Valdeolivas	A595688	SN123_A595688_Rep1	M3_spatial_leiden	6	seed_23	success	success	success	success	True	False	2	0.57876049308705	0.9381443298969072	0.9104477611940298	-0.021868424717064405	-0.03858284701144199	-0.016714422294377584	0.11043645150102654	0.12715087379540413	0.016714422294377584	0.483650863232941	0.5568508317328388	0.0731999684998978	0.47761194029850745	0.5671641791044776	0.08955223880597013	0.38666666666666666	0.38666666666666666	0.0	0.35546875	0.303125	-0.05234375000000002	0.22922527433067474	0.3540134628272248	0.12478818849655005	0.0	0.0731999684998978	0.0731999684998978
Valdeolivas	A595688	SN123_A595688_Rep1	M3_spatial_leiden	6	seed_37	success	success	success	not_evaluable	False	False	2	0.482502592839633	0.28703703703703703	0.2876712328767123	-0.026988356965173654	-0.1981023263082149	-0.17111396934304124	0.1155563837491358	0.28667035309217703	0.17111396934304124	0.5060733479998406	1.255458336915458	0.7493849889156173	0.4626865671641791	0.14925373134328357	-0.31343283582089554	0.4	0.30666666666666664	-0.09333333333333338	0.39655172413793105	0.34306569343065696	-0.05348603070727409	0.243607243110802			0.04790945245803073		
Valdeolivas	A798015	SN123_A798015_Rep1	M0_expr_kmeans	4	seed_11	success	success	not_evaluable	not_evaluable	False	False	4	0.936670736869445																										
Valdeolivas	A798015	SN123_A798015_Rep1	M0_expr_kmeans	4	seed_23	success	success	not_evaluable	not_evaluable	False	False	4	0.936670736869445																										
Valdeolivas	A798015	SN123_A798015_Rep1	M0_expr_kmeans	4	seed_37	success	success	not_evaluable	not_evaluable	False	False	4	0.940099867930168																										
Valdeolivas	A798015	SN123_A798015_Rep1	M0_expr_kmeans	6	seed_11	success	success	not_evaluable	not_evaluable	False	False	4	0.972714921174003																										
Valdeolivas	A798015	SN123_A798015_Rep1	M0_expr_kmeans	6	seed_23	success	success	not_evaluable	not_evaluable	False	False	4	0.9723767024484307																										
Valdeolivas	A798015	SN123_A798015_Rep1	M0_expr_kmeans	6	seed_37	success	success	not_evaluable	not_evaluable	False	False	4	0.98473141176203																										
Valdeolivas	A798015	SN123_A798015_Rep1	M1_spatial_concat_kmeans	4	seed_11	success	success	not_evaluable	not_evaluable	False	False	4	0.934874948115795																										
Valdeolivas	A798015	SN123_A798015_Rep1	M1_spatial_concat_kmeans	4	seed_23	success	success	not_evaluable	not_evaluable	False	False	4	0.934874948115795																										
Valdeolivas	A798015	SN123_A798015_Rep1	M1_spatial_concat_kmeans	4	seed_37	success	success	not_evaluable	not_evaluable	False	False	4	0.9332293006850257																										
Valdeolivas	A798015	SN123_A798015_Rep1	M1_spatial_concat_kmeans	6	seed_11	success	success	not_evaluable	not_evaluable	False	False	4	0.9864738139364554																										
Valdeolivas	A798015	SN123_A798015_Rep1	M1_spatial_concat_kmeans	6	seed_23	success	success	not_evaluable	not_evaluable	False	False	4	0.9793477603724384																										
Valdeolivas	A798015	SN123_A798015_Rep1	M1_spatial_concat_kmeans	6	seed_37	success	success	not_evaluable	not_evaluable	False	False	4	0.9827768001982509																										
Valdeolivas	A798015	SN123_A798015_Rep1	M2_spatial_ward	4	neighbors_4	success	success	not_evaluable	not_evaluable	False	False	4	0.9666843185701288																										
Valdeolivas	A798015	SN123_A798015_Rep1	M2_spatial_ward	4	neighbors_6	success	success	not_evaluable	not_evaluable	False	False	4	0.8534050195971772																										
Valdeolivas	A798015	SN123_A798015_Rep1	M2_spatial_ward	4	neighbors_8	success	success	not_evaluable	not_evaluable	False	False	4	0.775893172121818																										
Valdeolivas	A798015	SN123_A798015_Rep1	M2_spatial_ward	6	neighbors_4	success	success	not_evaluable	not_evaluable	False	False	4	0.7752415693920488																										
Valdeolivas	A798015	SN123_A798015_Rep1	M2_spatial_ward	6	neighbors_6	success	success	not_evaluable	not_evaluable	False	False	4	0.84362603489453																										
Valdeolivas	A798015	SN123_A798015_Rep1	M2_spatial_ward	6	neighbors_8	success	success	not_evaluable	not_evaluable	False	False	4	0.7491468144564499																										
Valdeolivas	A798015	SN123_A798015_Rep1	M3_spatial_leiden	4	seed_11	success	success	not_evaluable	not_evaluable	False	False	4	0.6678955877636612																										
Valdeolivas	A798015	SN123_A798015_Rep1	M3_spatial_leiden	4	seed_23	success	success	not_evaluable	not_evaluable	False	False	4	0.3783227893322265																										
Valdeolivas	A798015	SN123_A798015_Rep1	M3_spatial_leiden	4	seed_37	success	success	not_evaluable	not_evaluable	False	False	4	0.37380106723403994																										
Valdeolivas	A798015	SN123_A798015_Rep1	M3_spatial_leiden	6	seed_11	success	success	not_evaluable	not_evaluable	False	False	4	0.3957518191410066																										
Valdeolivas	A798015	SN123_A798015_Rep1	M3_spatial_leiden	6	seed_23	success	success	not_evaluable	not_evaluable	False	False	4	0.6776412553008933																										
Valdeolivas	A798015	SN123_A798015_Rep1	M3_spatial_leiden	6	seed_37	success	success	not_evaluable	not_evaluable	False	False	4	0.5455555186171025																										
Valdeolivas	A938797	SN123_A938797_Rep1_X	M0_expr_kmeans	4	seed_11	success	success	not_evaluable	success	False	False	4	0.9917581808711153	0.0025041736227045075	0.0	-0.2003693497817166	-0.07240849069333644	0.12796085908838017	0.1096066281208915	0.01835423096748867	-0.09125239715340283	0.366844087893827	0.061430054310535345	-0.30541403358329167	0.017241379310344827	0.5172413793103449	0.5	0.16136919315403422	0.6772616136919315	0.5158924205378973	0.8534653465346534	0.8536585365853658	0.00019319005071238848		-0.019434613216869803			-0.012185506225738028	
Valdeolivas	A938797	SN123_A938797_Rep1_X	M0_expr_kmeans	4	seed_23	success	success	not_evaluable	success	False	False	4	0.9888275826376777	0.004173622704507512	0.0	-0.2003693497817166	-0.07240849069333644	0.12796085908838017	0.1096066281208915	0.01835423096748867	-0.09125239715340283	0.366844087893827	0.061430054310535345	-0.30541403358329167	0.017241379310344827	0.5172413793103449	0.5	0.16136919315403422	0.6772616136919315	0.5158924205378973	0.854043392504931	0.8536585365853658	-0.0003848559195651635		-0.017360962795423616			-0.01470191234134161	
Valdeolivas	A938797	SN123_A938797_Rep1_X	M0_expr_kmeans	4	seed_37	success	success	not_evaluable	success	False	False	4	0.9932264944982085	0.0008361204013377926	0.0	-0.2003693497817166	-0.07269081597535809	0.12767853380635852	0.1096066281208915	0.018071905685467016	-0.09153472243542449	0.366844087893827	0.0604851355373899	-0.3063589523564371	0.017241379310344827	0.5172413793103449	0.5	0.16136919315403422	0.6748166259168704	0.5134474327628362	0.8534653465346534	0.8539576365663322	0.0004922900316787215		-0.021006803504557928			-0.011200434014486059	
Valdeolivas	A938797	SN123_A938797_Rep1_X	M0_expr_kmeans	6	seed_11	success	success	not_evaluable	not_evaluable	False	False	4	0.9307889384797573	0.9714285714285714	0.956989247311828	-0.0022575881981667933	0.10887394056398714	0.11113152876215393	0.08850513346265831	0.19963666222481224	0.11113152876215393	0.2962191750230646	0.6681669760267925	0.37194780100372793	0.10344827586206896	0.07758620689655173	-0.025862068965517238	0.42053789731051344	0.4180929095354523	-0.002444987775061136	0.8757281553398059	0.8779527559055118	0.0022246005657059476						
Valdeolivas	A938797	SN123_A938797_Rep1_X	M0_expr_kmeans	6	seed_23	success	success	not_evaluable	not_evaluable	False	False	4	0.9329730418094184	0.9671772428884027	0.9468085106382979	0.014217768119845875	0.10887394056398714	0.09465617244414126	0.10498048978067098	0.19963666222481224	0.09465617244414126	0.35136079524096786	0.6681669760267925	0.3168061807858247	0.11206896551724138	0.07758620689655173	-0.034482758620689655	0.4229828850855746	0.4180929095354523	-0.004889975550122272	0.8762088974854932	0.8779527559055118	0.0017438584200185625						
Valdeolivas	A938797	SN123_A938797_Rep1_X	M0_expr_kmeans	6	seed_37	success	success	not_evaluable	not_evaluable	False	False	4	0.9851928152477957	0.9865771812080537	0.9888888888888889	0.10500192713668288	0.10887394056398714	0.003872013427304255	0.195764648797508	0.19963666222481224	0.003872013427304255	0.655207675495392	0.6681669760267925	0.012959300531400486	0.07758620689655173	0.07758620689655173	0.0	0.4132029339853301	0.4180929095354523	0.004889975550122216	0.876984126984127	0.8779527559055118	0.0009686289213848287						
Valdeolivas	A938797	SN123_A938797_Rep1_X	M1_spatial_concat_kmeans	4	seed_11	success	success	not_evaluable	success	False	False	4	0.9888275826376777	0.004173622704507512	0.0	-0.2003693497817166	-0.07240849069333644	0.12796085908838017	0.1096066281208915	0.01835423096748867	-0.09125239715340283	0.366844087893827	0.061430054310535345	-0.30541403358329167	0.017241379310344827	0.5172413793103449	0.5	0.16136919315403422	0.6772616136919315	0.5158924205378973	0.854043392504931	0.8536585365853658	-0.0003848559195651635		-0.022078634723868354			-0.016449425640240347	
Valdeolivas	A938797	SN123_A938797_Rep1_X	M1_spatial_concat_kmeans	4	seed_23	success	success	not_evaluable	success	False	False	4	0.9888275826376777	0.004173622704507512	0.0	-0.2003693497817166	-0.07240849069333644	0.12796085908838017	0.1096066281208915	0.01835423096748867	-0.09125239715340283	0.366844087893827	0.061430054310535345	-0.30541403358329167	0.017241379310344827	0.5172413793103449	0.5	0.16136919315403422	0.6772616136919315	0.5158924205378973	0.854043392504931	0.8536585365853658	-0.0003848559195651635		-0.01453025880184546			-0.015097545896550652	
Valdeolivas	A938797	SN123_A938797_Rep1_X	M1_spatial_concat_kmeans	4	seed_37	success	success	not_evaluable	success	False	False	4	0.9888275826376777	0.004173622704507512	0.0	-0.2003693497817166	-0.07240849069333644	0.12796085908838017	0.1096066281208915	0.01835423096748867	-0.09125239715340283	0.366844087893827	0.061430054310535345	-0.30541403358329167	0.017241379310344827	0.5172413793103449	0.5	0.16136919315403422	0.6772616136919315	0.5158924205378973	0.854043392504931	0.8536585365853658	-0.0003848559195651635		-0.023239674452466174			-0.013495253509866743	
Valdeolivas	A938797	SN123_A938797_Rep1_X	M1_spatial_concat_kmeans	6	seed_11	success	success	not_evaluable	not_evaluable	False	False	4	0.92610863130087	0.9582417582417583	0.9516129032258065	-0.0022575881981667933	0.10693793385033512	0.10919552204850191	0.08850513346265831	0.19770065551116023	0.10919552204850191	0.2962191750230646	0.6616873257610927	0.3654681507380281	0.10344827586206896	0.07758620689655173	-0.025862068965517238	0.42053789731051344	0.4156479217603912	-0.004889975550122216	0.8757281553398059	0.8764940239043825	0.0007658685645766106						
Valdeolivas	A938797	SN123_A938797_Rep1_X	M1_spatial_concat_kmeans	6	seed_23	success	success	not_evaluable	not_evaluable	False	False	4	0.9224883967937915	0.956140350877193	0.946524064171123	-0.001290798297422624	0.10693793385033512	0.10822873214775774	0.08947192336340248	0.19770065551116023	0.10822873214775774	0.29945493882132945	0.6616873257610927	0.36223238693976323	0.10344827586206896	0.07758620689655173	-0.025862068965517238	0.4229828850855746	0.4156479217603912	-0.007334963325183352	0.875968992248062	0.8764940239043825	0.0005250316563204516						
Valdeolivas	A938797	SN123_A938797_Rep1_X	M1_spatial_concat_kmeans	6	seed_37	success	success	not_evaluable	not_evaluable	False	False	4	0.939174146009192	0.9625550660792952	0.9567567567567568	0.013250978219101706	0.10693793385033512	0.09368695563123342	0.10401369987992681	0.19770065551116023	0.09368695563123342	0.348125031442703	0.6616873257610927	0.31356229431838967	0.09482758620689655	0.07758620689655173	-0.01724137931034482	0.42053789731051344	0.4156479217603912	-0.004889975550122216	0.8757281553398059	0.8764940239043825	0.0007658685645766106						
Valdeolivas	A938797	SN123_A938797_Rep1_X	M2_spatial_ward	4	neighbors_4	success	success	not_evaluable	not_evaluable	False	False	4	0.47046602911136326	0.8891752577319587	0.6666666666666666										0.0	0.0	0.0	0.022004889975550123	0.02689486552567237	0.004889975550122248	0.9210526315789473	0.9157894736842105	-0.0052631578947368585						
Valdeolivas	A938797	SN123_A938797_Rep1_X	M2_spatial_ward	4	neighbors_6	success	success	not_evaluable	not_evaluable	False	False	4	0.5708113898272216	0.8394793926247288	0.6571428571428571										0.0	0.0	0.0	0.07579462102689487	0.06601466992665037	-0.009779951100244502	0.9163265306122449	0.9172413793103448	0.0009148486980998793						
Valdeolivas	A938797	SN123_A938797_Rep1_X	M2_spatial_ward	4	neighbors_8	success	success	not_evaluable	not_evaluable	False	False	4	0.6465265845366023	0.9698492462311558	0.9583333333333334										0.0	0.0	0.0	0.05623471882640587	0.05867970660146699	0.002444987775061122	0.9182242990654206	0.9178403755868545	-0.0003839234785660839						
Valdeolivas	A938797	SN123_A938797_Rep1_X	M2_spatial_ward	6	neighbors_4	success	success	not_evaluable	not_evaluable	False	False	4	0.6180257136025377	0.8891752577319587	0.6666666666666666										0.0	0.0	0.0	0.022004889975550123	0.02689486552567237	0.004889975550122248	0.9210526315789473	0.9157894736842105	-0.0052631578947368585						
Valdeolivas	A938797	SN123_A938797_Rep1_X	M2_spatial_ward	6	neighbors_6	success	success	not_evaluable	not_evaluable	False	False	4	0.5509767299681794	0.8394793926247288	0.6571428571428571										0.0	0.0	0.0	0.07579462102689487	0.06601466992665037	-0.009779951100244502	0.9163265306122449	0.9172413793103448	0.0009148486980998793						
Valdeolivas	A938797	SN123_A938797_Rep1_X	M2_spatial_ward	6	neighbors_8	success	success	not_evaluable	not_evaluable	False	False	4	0.6402922734862994	0.9698492462311558	0.9583333333333334										0.0	0.0	0.0	0.05623471882640587	0.05867970660146699	0.002444987775061122	0.9182242990654206	0.9178403755868545	-0.0003839234785660839						
Valdeolivas	A938797	SN123_A938797_Rep1_X	M3_spatial_leiden	4	seed_11	success	success	success	success	True	False	4	0.8435298079228039	0.9824868651488616	0.9942528735632183	-0.15024099492839493	-0.14776070388110818	0.0024802910472867534	0.059478273267569826	0.05699798222028307	-0.0024802910472867534	0.19906873590049431	0.19076741213429313	-0.008301323766201185	0.46551724137931033	0.47413793103448276	0.008620689655172431	0.29095354523227385	0.29095354523227385	0.0	0.7991452991452992	0.7919556171983356	-0.0071896819469635664	0.07219394961707959	0.0789408850014379	0.006746935384358305	0.10530971048660528	0.09390330969243423	-0.01140640079417106
Valdeolivas	A938797	SN123_A938797_Rep1_X	M3_spatial_leiden	4	seed_23	success	success	not_evaluable	not_evaluable	False	False	4	0.45063516075706356	0.5108877721943048	0.30833333333333335	-0.2844330589869293	-0.5128646708267388	-0.22843161183980953	0.19367033732610417	0.4221019491659137	0.22843161183980953	0.648198192632318	1.412739422739909	0.764541230107591	0.09482758620689655	0.02586206896551724	-0.06896551724137931	0.2665036674816626	0.08312958435207823	-0.18337408312958436	0.805668016194332	0.800524934383202	-0.00514308181112999						
Valdeolivas	A938797	SN123_A938797_Rep1_X	M3_spatial_leiden	4	seed_37	success	success	not_evaluable	not_evaluable	False	False	4	0.7363510099485643	0.8066528066528067	0.417910447761194	-0.13023605642497316	-0.03452644653138481	0.09570960989358834	0.03947333476414805	0.056236275129440294	0.016762940365292245	0.1321139034740685	0.18821804310640658	0.05610413963233807	0.0603448275862069	0.017241379310344827	-0.04310344827586207	0.1466992665036675	0.06356968215158924	-0.08312958435207825	0.7990033222591362	0.8453159041394336	0.04631258188029741						
Valdeolivas	A938797	SN123_A938797_Rep1_X	M3_spatial_leiden	6	seed_11	success	success	not_evaluable	not_evaluable	False	False	4	0.7490979340404418	0.744343891402715	0.10344827586206896		-0.2521797696550012			0.1614170479941761			0.5402491688424726		0.0	0.017241379310344827	0.017241379310344827	0.03178484107579462	0.04156479217603912	0.009779951100244495	0.9209876543209876	0.8963963963963963	-0.02459125792459127						
Valdeolivas	A938797	SN123_A938797_Rep1_X	M3_spatial_leiden	6	seed_23	success	success	not_evaluable	not_evaluable	False	False	4	0.5881738011723012	0.7061224489795919	0.5116279069767442	0.1384967580860521	0.07260761800734139	-0.06588914007871072	0.22925947974687721	0.1633703396681665	-0.06588914007871072	0.7673120337758678	0.546786670404379	-0.22052536337148876	0.0603448275862069	0.14655172413793102	0.08620689655172412	0.10757946210268948	0.15158924205378974	0.04400977995110025	0.9053708439897699	0.9060150375939849	0.000644193604215082						
Valdeolivas	A938797	SN123_A938797_Rep1_X	M3_spatial_leiden	6	seed_37	success	success	not_evaluable	not_evaluable	False	False	4	0.7556273773285359	0.7357954545454546	0.17777777777777778	0.0683702329884941			0.1591329546493192			0.5326045021455443			0.034482758620689655	0.0	-0.034482758620689655	0.10024449877750612	0.019559902200488997	-0.08068459657701713	0.9077809798270894	0.9337539432176656	0.025972963390576198						
Valdeolivas	A551763	SN124_A551763_Rep2	M0_expr_kmeans	4	seed_11	success	success	not_evaluable	not_evaluable	False	False	2	0.9844579793781626	1.0	1.0										0.3939393939393939	0.3939393939393939	0.0				0.1402439024390244	0.1402439024390244	0.0						
Valdeolivas	A551763	SN124_A551763_Rep2	M0_expr_kmeans	4	seed_23	success	success	not_evaluable	not_evaluable	False	False	2	0.9927392636285985	1.0	1.0										0.36363636363636365	0.36363636363636365	0.0				0.13333333333333333	0.13333333333333333	0.0						
Valdeolivas	A551763	SN124_A551763_Rep2	M0_expr_kmeans	4	seed_37	success	success	not_evaluable	not_evaluable	False	False	2	0.9869576602672328	0.9565217391304348	0.9230769230769231										0.36363636363636365	0.3939393939393939	0.030303030303030276				0.13333333333333333	0.1402439024390244	0.006910569105691072						
Valdeolivas	A551763	SN124_A551763_Rep2	M0_expr_kmeans	6	seed_11	success	success	not_evaluable	not_evaluable	False	False	2	0.9469260348813247	0.9642857142857143	1.0										0.5757575757575758	0.5757575757575758	0.0				0.19310344827586207	0.19148936170212766	-0.001614086573734408						
Valdeolivas	A551763	SN124_A551763_Rep2	M0_expr_kmeans	6	seed_23	success	success	not_evaluable	not_evaluable	False	False	2	0.8757127163637407	0.8928571428571429	1.0										0.5757575757575758	0.5757575757575758	0.0				0.1917808219178082	0.18115942028985507	-0.010621401627953136						
Valdeolivas	A551763	SN124_A551763_Rep2	M0_expr_kmeans	6	seed_37	success	success	not_evaluable	not_evaluable	False	False	2	0.8603533007150771	0.9615384615384616	1.0										0.5757575757575758	0.5757575757575758	0.0				0.18055555555555555	0.18115942028985507	0.0006038647342995196						
Valdeolivas	A551763	SN124_A551763_Rep2	M1_spatial_concat_kmeans	4	seed_11	success	success	not_evaluable	not_evaluable	False	False	2	0.9798593485628158	1.0	1.0										0.3939393939393939	0.3939393939393939	0.0				0.1402439024390244	0.1402439024390244	0.0						
Valdeolivas	A551763	SN124_A551763_Rep2	M1_spatial_concat_kmeans	4	seed_23	success	success	not_evaluable	not_evaluable	False	False	2	0.979524819007845	0.9565217391304348	0.9230769230769231										0.36363636363636365	0.3939393939393939	0.030303030303030276				0.13333333333333333	0.1402439024390244	0.006910569105691072						
Valdeolivas	A551763	SN124_A551763_Rep2	M1_spatial_concat_kmeans	4	seed_37	success	success	not_evaluable	not_evaluable	False	False	2	0.97713011281292	0.9565217391304348	0.9230769230769231										0.36363636363636365	0.3939393939393939	0.030303030303030276				0.13333333333333333	0.1402439024390244	0.006910569105691072						
Valdeolivas	A551763	SN124_A551763_Rep2	M1_spatial_concat_kmeans	6	seed_11	success	success	not_evaluable	not_evaluable	False	False	2	0.9351986333089194	1.0	1.0										0.5757575757575758	0.5757575757575758	0.0				0.19444444444444445	0.19444444444444445	0.0						
Valdeolivas	A551763	SN124_A551763_Rep2	M1_spatial_concat_kmeans	6	seed_23	success	success	not_evaluable	not_evaluable	False	False	2	0.9500512661598692	0.0	0.0										0.5757575757575758	0.30303030303030304	-0.27272727272727276				0.19444444444444445	0.19696969696969696	0.0025252525252525138						
Valdeolivas	A551763	SN124_A551763_Rep2	M1_spatial_concat_kmeans	6	seed_37	success	success	not_evaluable	not_evaluable	False	False	2	0.9217760690243978	0.9259259259259259	1.0										0.5757575757575758	0.5757575757575758	0.0				0.18181818181818182	0.18705035971223022	0.005232177894048395						
Valdeolivas	A551763	SN124_A551763_Rep2	M2_spatial_ward	4	neighbors_4	success	success	not_evaluable	not_evaluable	False	False	2	0.3754048114096338	0.4166666666666667	0.3684210526315789										0.21212121212121213	0.5757575757575758	0.36363636363636365				0.14705882352941177	0.07384615384615385	-0.07321266968325792						
Valdeolivas	A551763	SN124_A551763_Rep2	M2_spatial_ward	4	neighbors_6	success	success	not_evaluable	not_evaluable	False	False	2	0.8154755183559664	0.75	0.8571428571428571										0.21212121212121213	0.18181818181818182	-0.030303030303030304				0.18604651162790697	0.15789473684210525	-0.02815177478580172						
Valdeolivas	A551763	SN124_A551763_Rep2	M2_spatial_ward	4	neighbors_8	success	success	not_evaluable	not_evaluable	False	False	2	0.16176837990112214	0.35	0.375										0.18181818181818182	0.48484848484848486	0.30303030303030304				0.16279069767441862	0.14285714285714285	-0.019933554817275767						
Valdeolivas	A551763	SN124_A551763_Rep2	M2_spatial_ward	6	neighbors_4	success	success	not_evaluable	not_evaluable	False	False	2	0.2803315463329704	0.8	1.0										0.21212121212121213	0.21212121212121213	0.0				0.14705882352941177	0.10810810810810811	-0.038950715421303655						
Valdeolivas	A551763	SN124_A551763_Rep2	M2_spatial_ward	6	neighbors_6	success	success	not_evaluable	not_evaluable	False	False	2	0.7411621688573166	0.75	0.8571428571428571										0.21212121212121213	0.18181818181818182	-0.030303030303030304				0.18604651162790697	0.15789473684210525	-0.02815177478580172						
Valdeolivas	A551763	SN124_A551763_Rep2	M2_spatial_ward	6	neighbors_8	success	success	not_evaluable	not_evaluable	False	False	2	0.4045811614969449	0.35	0.375										0.18181818181818182	0.48484848484848486	0.30303030303030304				0.16279069767441862	0.14285714285714285	-0.019933554817275767						
Valdeolivas	A551763	SN124_A551763_Rep2	M3_spatial_leiden	4	seed_11	success	success	not_evaluable	not_evaluable	False	False	2	0.6877890093389578	0.0	0.0										0.18181818181818182	0.42424242424242425	0.24242424242424243				0.05217391304347826	0.048859934853420196	-0.0033139781900580617						
Valdeolivas	A551763	SN124_A551763_Rep2	M3_spatial_leiden	4	seed_23	success	success	not_evaluable	not_evaluable	False	False	2	0.8211761878633573	0.30303030303030304	0.32										0.5454545454545454	0.45454545454545453	-0.09090909090909088				0.05509641873278237	0.05721393034825871	0.002117511615476339						
Valdeolivas	A551763	SN124_A551763_Rep2	M3_spatial_leiden	4	seed_37	success	success	not_evaluable	not_evaluable	False	False	2	0.6643196652374955	0.0	0.0										0.30303030303030304	0.18181818181818182	-0.12121212121212122				0.041666666666666664	0.05357142857142857	0.011904761904761904						
Valdeolivas	A551763	SN124_A551763_Rep2	M3_spatial_leiden	6	seed_11	success	success	not_evaluable	not_evaluable	False	False	2	0.5943019646346329	0.8571428571428571	0.8888888888888888										0.24242424242424243	0.2727272727272727	0.030303030303030276				0.0663265306122449	0.13541666666666666	0.06909013605442176						
Valdeolivas	A551763	SN124_A551763_Rep2	M3_spatial_leiden	6	seed_23	success	success	not_evaluable	not_evaluable	False	False	2	0.7343148588352559	0.0	0.0										0.18181818181818182	0.3939393939393939	0.2121212121212121				0.0502092050209205	0.06437768240343347	0.014168477382512971						
Valdeolivas	A551763	SN124_A551763_Rep2	M3_spatial_leiden	6	seed_37	success	success	not_evaluable	not_evaluable	False	False	2	0.6424986912096633	0.0	0.0										0.5151515151515151	0.18181818181818182	-0.3333333333333333				0.055900621118012424	0.05263157894736842	-0.0032690421706440057						
Valdeolivas	A595688	SN124_A595688_Rep2	M0_expr_kmeans	4	seed_11	success	success	not_evaluable	not_evaluable	False	False	3	1.0	1.0	1.0										0.0	0.0	0.0	0.6923076923076923	0.6923076923076923	0.0	0.5079365079365079	0.5079365079365079	0.0						
Valdeolivas	A595688	SN124_A595688_Rep2	M0_expr_kmeans	4	seed_23	success	success	not_evaluable	not_evaluable	False	False	3	1.0	1.0	1.0										0.0	0.0	0.0	0.6923076923076923	0.6923076923076923	0.0	0.5079365079365079	0.5079365079365079	0.0						
Valdeolivas	A595688	SN124_A595688_Rep2	M0_expr_kmeans	4	seed_37	success	success	not_evaluable	not_evaluable	False	False	3	0.9670250216410998	1.0	1.0										0.0	0.0	0.0	0.6923076923076923	0.6923076923076923	0.0	0.5079365079365079	0.5079365079365079	0.0						
Valdeolivas	A595688	SN124_A595688_Rep2	M0_expr_kmeans	6	seed_11	success	success	not_evaluable	not_evaluable	False	False	3	1.0	1.0	1.0	-0.10559121048676756	-0.10559121048676756	0.0	0.00814237267723561	0.00814237267723561	0.0	0.033453891271153564	0.033453891271153564	0.0	0.23076923076923078	0.23076923076923078	0.0	0.5769230769230769	0.5769230769230769	0.0	0.8823529411764706	0.8823529411764706	0.0						
Valdeolivas	A595688	SN124_A595688_Rep2	M0_expr_kmeans	6	seed_23	success	success	not_evaluable	not_evaluable	False	False	3	0.9913449375366669	1.0	1.0	-0.10559121048676756	-0.10559121048676756	0.0	0.00814237267723561	0.00814237267723561	0.0	0.033453891271153564	0.033453891271153564	0.0	0.23076923076923078	0.23076923076923078	0.0	0.5769230769230769	0.5769230769230769	0.0	0.8823529411764706	0.8823529411764706	0.0						
Valdeolivas	A595688	SN124_A595688_Rep2	M0_expr_kmeans	6	seed_37	success	success	not_evaluable	not_evaluable	False	False	3	0.9913449375366669	1.0	1.0	-0.10559121048676756	-0.10559121048676756	0.0	0.00814237267723561	0.00814237267723561	0.0	0.033453891271153564	0.033453891271153564	0.0	0.23076923076923078	0.23076923076923078	0.0	0.5769230769230769	0.5769230769230769	0.0	0.8823529411764706	0.8823529411764706	0.0						
Valdeolivas	A595688	SN124_A595688_Rep2	M1_spatial_concat_kmeans	4	seed_11	success	success	not_evaluable	not_evaluable	False	False	3	0.9751475754208732	1.0	1.0										0.0	0.0	0.0	0.6923076923076923	0.6923076923076923	0.0	0.5079365079365079	0.5079365079365079	0.0						
Valdeolivas	A595688	SN124_A595688_Rep2	M1_spatial_concat_kmeans	4	seed_23	success	success	not_evaluable	not_evaluable	False	False	3	0.9751475754208732	1.0	1.0										0.0	0.0	0.0	0.6923076923076923	0.6923076923076923	0.0	0.5079365079365079	0.5079365079365079	0.0						
Valdeolivas	A595688	SN124_A595688_Rep2	M1_spatial_concat_kmeans	4	seed_37	success	success	not_evaluable	not_evaluable	False	False	3	0.9751475754208732	1.0	1.0										0.0	0.0	0.0	0.6923076923076923	0.6923076923076923	0.0	0.5079365079365079	0.5079365079365079	0.0						
Valdeolivas	A595688	SN124_A595688_Rep2	M1_spatial_concat_kmeans	6	seed_11	success	success	not_evaluable	not_evaluable	False	False	3	0.9956289046106522	1.0	1.0	-0.10559121048676756	-0.10559121048676756	0.0	0.00814237267723561	0.00814237267723561	0.0	0.033453891271153564	0.033453891271153564	0.0	0.23076923076923078	0.23076923076923078	0.0	0.5769230769230769	0.5769230769230769	0.0	0.8823529411764706	0.8823529411764706	0.0						
Valdeolivas	A595688	SN124_A595688_Rep2	M1_spatial_concat_kmeans	6	seed_23	success	success	not_evaluable	not_evaluable	False	False	3	0.9913449375366669	1.0	1.0	-0.10559121048676756	-0.10559121048676756	0.0	0.00814237267723561	0.00814237267723561	0.0	0.033453891271153564	0.033453891271153564	0.0	0.23076923076923078	0.23076923076923078	0.0	0.5769230769230769	0.5769230769230769	0.0	0.8823529411764706	0.8823529411764706	0.0						
Valdeolivas	A595688	SN124_A595688_Rep2	M1_spatial_concat_kmeans	6	seed_37	success	success	not_evaluable	not_evaluable	False	False	3	0.9913449375366669	1.0	1.0	-0.10559121048676756	-0.10559121048676756	0.0	0.00814237267723561	0.00814237267723561	0.0	0.033453891271153564	0.033453891271153564	0.0	0.23076923076923078	0.23076923076923078	0.0	0.5769230769230769	0.5769230769230769	0.0	0.8823529411764706	0.8823529411764706	0.0						
Valdeolivas	A595688	SN124_A595688_Rep2	M2_spatial_ward	4	neighbors_4	success	success	not_evaluable	not_evaluable	False	False	3	0.9867246682828823	0.9629629629629629	1.0										0.0	0.0	0.0	0.6538461538461539	0.6538461538461539	0.0	0.5294117647058824	0.5098039215686274	-0.019607843137254943						
Valdeolivas	A595688	SN124_A595688_Rep2	M2_spatial_ward	4	neighbors_6	success	success	not_evaluable	not_evaluable	False	False	3	0.957479106486008	1.0	1.0										0.0	0.0	0.0	0.6538461538461539	0.6538461538461539	0.0	0.4666666666666667	0.4666666666666667	0.0						
Valdeolivas	A595688	SN124_A595688_Rep2	M2_spatial_ward	4	neighbors_8	success	success	not_evaluable	not_evaluable	False	False	3	0.8269355222474327	1.0	1.0										0.0	0.0	0.0	0.6538461538461539	0.6538461538461539	0.0	0.45161290322580644	0.45161290322580644	0.0						
Valdeolivas	A595688	SN124_A595688_Rep2	M2_spatial_ward	6	neighbors_4	success	success	not_evaluable	not_evaluable	False	False	3	0.9931204551826867	0.9565217391304348	1.0	-0.08325105062898497	-0.08325105062898497	0.0	0.014197787180546984	0.014197787180546984	0.0	0.05833327059039168	0.05833327059039168	0.0	0.38461538461538464	0.38461538461538464	0.0	0.23076923076923078	0.23076923076923078	0.0	0.7096774193548387	0.7419354838709677	0.032258064516129004						
Valdeolivas	A595688	SN124_A595688_Rep2	M2_spatial_ward	6	neighbors_6	success	success	not_evaluable	not_evaluable	False	False	3	0.9355035600302185	0.6666666666666666	0.6	0.08576586356089733	0.08318111301852404	-0.002584750542373282	0.18321470137042928	0.180629950828056	-0.002584750542373282	0.7527590472564971	0.7421392970884211	-0.010619750168076036	0.15384615384615385	0.2692307692307692	0.11538461538461536	0.07692307692307693	0.11538461538461539	0.038461538461538464	0.7142857142857143	0.6521739130434783	-0.06211180124223603						
Valdeolivas	A595688	SN124_A595688_Rep2	M2_spatial_ward	6	neighbors_8	success	success	not_evaluable	not_evaluable	False	False	3	0.8451094651769959	1.0	1.0	-0.04769812646993654	-0.04769812646993654	0.0	0.04975071133959541	0.04975071133959541	0.0	0.20440662123837242	0.20440662123837242	0.0	0.5384615384615384	0.5384615384615384	0.0	0.3076923076923077	0.3076923076923077	0.0	0.6458333333333334	0.6458333333333334	0.0						
Valdeolivas	A595688	SN124_A595688_Rep2	M3_spatial_leiden	4	seed_11	success	success	not_evaluable	not_evaluable	False	False	3	0.7265241831975119	0.8	0.8823529411764706	-0.31681136398090015	-0.363560107062339	-0.04674874308143884	0.2193625261713682	0.26611126925280704	0.04674874308143884	0.9012766168293357	1.0933493000758254	0.19207268324648974	0.4230769230769231	0.4230769230769231	0.0	0.8846153846153846	0.7307692307692307	-0.15384615384615385	0.4424778761061947	0.40816326530612246	-0.034314610800072254						
Valdeolivas	A595688	SN124_A595688_Rep2	M3_spatial_leiden	4	seed_23	success	success	not_evaluable	not_evaluable	False	False	3	0.8630907338415266	0.975609756097561	1.0	-0.363560107062339	-0.363560107062339	0.0	0.26611126925280704	0.26611126925280704	0.0	1.0933493000758254	1.0933493000758254	0.0	0.4230769230769231	0.4230769230769231	0.0	0.7307692307692307	0.7307692307692307	0.0	0.40816326530612246	0.41	0.0018367346938775175						
Valdeolivas	A595688	SN124_A595688_Rep2	M3_spatial_leiden	4	seed_37	success	success	not_evaluable	not_evaluable	False	False	3	0.9938220589877802	1.0	1.0	-0.35433251934414456	-0.35433251934414456	0.0	0.2568836815346126	0.2568836815346126	0.0	1.0554366757762073	1.0554366757762073	0.0	0.4230769230769231	0.4230769230769231	0.0	0.6923076923076923	0.6923076923076923	0.0	0.40625	0.4020618556701031	-0.004188144329896892						
Valdeolivas	A595688	SN124_A595688_Rep2	M3_spatial_leiden	6	seed_11	success	success	not_evaluable	not_evaluable	False	False	3	0.8382337469756526	1.0	1.0	0.08318111301852404	0.08318111301852404	0.0	0.180629950828056	0.180629950828056	0.0	0.7421392970884211	0.7421392970884211	0.0	0.4230769230769231	0.4230769230769231	0.0	0.11538461538461539	0.11538461538461539	0.0	0.4318181818181818	0.4222222222222222	-0.009595959595959602						
Valdeolivas	A595688	SN124_A595688_Rep2	M3_spatial_leiden	6	seed_23	success	success	not_evaluable	not_evaluable	False	False	3	0.8271760824420654	1.0	1.0	0.010658546606800323	0.010658546606800323	0.0	0.10810738441633228	0.10810738441633228	0.0	0.44417184366715157	0.44417184366715157	0.0	0.46153846153846156	0.46153846153846156	0.0	0.11538461538461539	0.11538461538461539	0.0	0.43478260869565216	0.43478260869565216	0.0						
Valdeolivas	A595688	SN124_A595688_Rep2	M3_spatial_leiden	6	seed_37	success	success	not_evaluable	not_evaluable	False	False	3	0.8815144695549653	0.95	0.9333333333333333	0.010658546606800323	0.08318111301852404	0.07252256641172372	0.10810738441633228	0.180629950828056	0.07252256641172372	0.44417184366715157	0.7421392970884211	0.2979674534212695	0.46153846153846156	0.4230769230769231	-0.03846153846153849	0.11538461538461539	0.11538461538461539	0.0	0.43478260869565216	0.4318181818181818	-0.0029644268774703386						
Valdeolivas	A798015	SN124_A798015_Rep2	M0_expr_kmeans	4	seed_11	success	success	not_evaluable	not_evaluable	False	False	4	0.9862822051408966																										
Valdeolivas	A798015	SN124_A798015_Rep2	M0_expr_kmeans	4	seed_23	success	success	not_evaluable	not_evaluable	False	False	4	0.9909309996756241																										
Valdeolivas	A798015	SN124_A798015_Rep2	M0_expr_kmeans	4	seed_37	success	success	not_evaluable	not_evaluable	False	False	4	0.9774741760380304																										
Valdeolivas	A798015	SN124_A798015_Rep2	M0_expr_kmeans	6	seed_11	success	success	not_evaluable	not_evaluable	False	False	4	0.9831653629596134																										
Valdeolivas	A798015	SN124_A798015_Rep2	M0_expr_kmeans	6	seed_23	success	success	not_evaluable	not_evaluable	False	False	4	0.9856284822608734																										
Valdeolivas	A798015	SN124_A798015_Rep2	M0_expr_kmeans	6	seed_37	success	success	not_evaluable	not_evaluable	False	False	4	0.9852572823079985																										
Valdeolivas	A798015	SN124_A798015_Rep2	M1_spatial_concat_kmeans	4	seed_11	success	success	not_evaluable	not_evaluable	False	False	4	0.9827375366644482																										
Valdeolivas	A798015	SN124_A798015_Rep2	M1_spatial_concat_kmeans	4	seed_23	success	success	not_evaluable	not_evaluable	False	False	4	0.9842374513819306																										
Valdeolivas	A798015	SN124_A798015_Rep2	M1_spatial_concat_kmeans	4	seed_37	success	success	not_evaluable	not_evaluable	False	False	4	0.9822116313854277																										
Valdeolivas	A798015	SN124_A798015_Rep2	M1_spatial_concat_kmeans	6	seed_11	success	success	not_evaluable	not_evaluable	False	False	4	0.9832149157008632																										
Valdeolivas	A798015	SN124_A798015_Rep2	M1_spatial_concat_kmeans	6	seed_23	success	success	not_evaluable	not_evaluable	False	False	4	0.9867177580926886																										
Valdeolivas	A798015	SN124_A798015_Rep2	M1_spatial_concat_kmeans	6	seed_37	success	success	not_evaluable	not_evaluable	False	False	4	0.9838210267338108																										
Valdeolivas	A798015	SN124_A798015_Rep2	M2_spatial_ward	4	neighbors_4	success	success	not_evaluable	not_evaluable	False	False	4	0.7857995823240915																										
Valdeolivas	A798015	SN124_A798015_Rep2	M2_spatial_ward	4	neighbors_6	success	success	not_evaluable	not_evaluable	False	False	4	0.8688904725406236																										
Valdeolivas	A798015	SN124_A798015_Rep2	M2_spatial_ward	4	neighbors_8	success	success	not_evaluable	not_evaluable	False	False	4	0.7327231059032766																										
Valdeolivas	A798015	SN124_A798015_Rep2	M2_spatial_ward	6	neighbors_4	success	success	not_evaluable	not_evaluable	False	False	4	0.7315271414160804																										
Valdeolivas	A798015	SN124_A798015_Rep2	M2_spatial_ward	6	neighbors_6	success	success	not_evaluable	not_evaluable	False	False	4	0.5538356744540059																										
Valdeolivas	A798015	SN124_A798015_Rep2	M2_spatial_ward	6	neighbors_8	success	success	not_evaluable	not_evaluable	False	False	4	0.5029652781048177																										
Valdeolivas	A798015	SN124_A798015_Rep2	M3_spatial_leiden	4	seed_11	success	success	not_evaluable	not_evaluable	False	False	4	0.643512709052786																										
Valdeolivas	A798015	SN124_A798015_Rep2	M3_spatial_leiden	4	seed_23	success	success	not_evaluable	not_evaluable	False	False	4	0.851846485912653																										
Valdeolivas	A798015	SN124_A798015_Rep2	M3_spatial_leiden	4	seed_37	success	success	not_evaluable	not_evaluable	False	False	4	0.47081091625282323																										
Valdeolivas	A798015	SN124_A798015_Rep2	M3_spatial_leiden	6	seed_11	success	success	not_evaluable	not_evaluable	False	False	4	0.4490279987204035																										
Valdeolivas	A798015	SN124_A798015_Rep2	M3_spatial_leiden	6	seed_23	success	success	not_evaluable	not_evaluable	False	False	4	0.5737529256019284																										
Valdeolivas	A798015	SN124_A798015_Rep2	M3_spatial_leiden	6	seed_37	success	success	not_evaluable	not_evaluable	False	False	4	0.46135563590005396																										
Valdeolivas	A938797	SN124_A938797_Rep2	M0_expr_kmeans	4	seed_11	success	success	not_evaluable	not_evaluable	False	False	3	0.9682130309388957	0.98125	0.9769585253456221	-0.01167843956870751	-0.021570210776772347	-0.009891771208064837	0.159561634917605	0.14966986370954016	-0.009891771208064837	0.7790821200346552	0.7307841561308858	-0.04829796390376939	0.09392265193370165	0.09944751381215469	0.0055248618784530384	0.5803571428571429	0.5922619047619048	0.011904761904761862	0.8770949720670391	0.8775137111517367	0.0004187390846975836						
Valdeolivas	A938797	SN124_A938797_Rep2	M0_expr_kmeans	4	seed_23	success	success	not_evaluable	not_evaluable	False	False	3	0.995028130513573	0.9978902953586498	0.9953271028037384	-0.011142359740798469	-0.010606279912889649	0.0005360798279088197	0.16009771474551404	0.16063379457342286	0.0005360798279088197	0.7816996051779407	0.7843170903212252	0.002617485143284526	0.09392265193370165	0.09392265193370165	0.0	0.5833333333333334	0.5863095238095238	0.0029761904761904656	0.8775510204081632	0.8777777777777778	0.00022675736961452753						
Valdeolivas	A938797	SN124_A938797_Rep2	M0_expr_kmeans	4	seed_37	success	success	not_evaluable	not_evaluable	False	False	3	0.9542844830054676	0.9666666666666667	0.9493087557603687	-0.013096063123807955	-0.022987834331872792	-0.009891771208064837	0.15814401136250456	0.14825224015443972	-0.009891771208064837	0.7721603736807209	0.7238624097769515	-0.04829796390376939	0.09392265193370165	0.09944751381215469	0.0055248618784530384	0.5654761904761905	0.5892857142857143	0.023809523809523836	0.8759398496240601	0.8770642201834863	0.0011243705594261577						
Valdeolivas	A938797	SN124_A938797_Rep2	M0_expr_kmeans	6	seed_11	success	success	success	success	True	False	3	1.0	1.0	1.0	-0.04058890503994905	-0.04058890503994905	0.0	0.13065116944636346	0.13065116944636346	0.0	0.6379227069830504	0.6379227069830504	0.0	0.26519337016574585	0.26519337016574585	0.0	0.5833333333333334	0.5833333333333334	0.0	0.9170731707317074	0.9170731707317074	0.0	0.5001502822623544	0.5001502822623544	0.0	0.23920560154330364	0.23920560154330364	0.0
Valdeolivas	A938797	SN124_A938797_Rep2	M0_expr_kmeans	6	seed_23	success	success	success	success	True	False	3	0.9826469475608889	0.9787234042553191	0.9713114754098361	-0.06053837375523852	-0.04058890503994905	0.019949468715289465	0.110701700731074	0.13065116944636346	0.019949468715289465	0.5405166206873158	0.6379227069830504	0.09740608629573466	0.2596685082872928	0.26519337016574585	0.0055248618784530246	0.5654761904761905	0.5833333333333334	0.017857142857142905	0.9177057356608479	0.9170731707317074	-0.0006325649291405444	0.41466481899339686	0.5025250532166765	0.08786023422327965	0.15364404224623854	0.23920560154330364	0.0855615592970651
Valdeolivas	A938797	SN124_A938797_Rep2	M0_expr_kmeans	6	seed_37	success	success	success	success	True	False	3	0.9708988652321604	0.973404255319149	0.9631147540983607	-0.06311177754836295	-0.04058890503994905	0.022522872508413894	0.10812829693794956	0.13065116944636346	0.022522872508413894	0.5279516147954678	0.6379227069830504	0.10997109218758261	0.2541436464088398	0.26519337016574585	0.011049723756906049	0.5625	0.5833333333333334	0.02083333333333337	0.9172932330827067	0.9170731707317074	-0.00022006235099936156	0.3850341801188004	0.5083670851781151	0.12333290505931471	0.13486390353617336	0.23403873657231627	0.09917483303614291
Valdeolivas	A938797	SN124_A938797_Rep2	M1_spatial_concat_kmeans	4	seed_11	success	success	not_evaluable	not_evaluable	False	False	3	0.9960678473156296	0.9956989247311828	0.9951690821256038	-0.014513686678908622	-0.013096063123807955	0.0014176235551006666	0.1567263878074039	0.15814401136250456	0.0014176235551006666	0.7652386273267856	0.7721603736807209	0.006921746353935276	0.09392265193370165	0.09392265193370165	0.0	0.5625	0.5654761904761905	0.0029761904761904656	0.8752362948960303	0.8757062146892656	0.0004699197932352961						
Valdeolivas	A938797	SN124_A938797_Rep2	M1_spatial_concat_kmeans	4	seed_23	success	success	not_evaluable	not_evaluable	False	False	3	1.0	1.0	1.0	-0.013096063123807955	-0.013096063123807955	0.0	0.15814401136250456	0.15814401136250456	0.0	0.7721603736807209	0.7721603736807209	0.0	0.09392265193370165	0.09392265193370165	0.0	0.5654761904761905	0.5654761904761905	0.0	0.8757062146892656	0.8757062146892656	0.0						
Valdeolivas	A938797	SN124_A938797_Rep2	M1_spatial_concat_kmeans	4	seed_37	success	success	not_evaluable	not_evaluable	False	False	3	1.0	1.0	1.0	-0.013096063123807955	-0.013096063123807955	0.0	0.15814401136250456	0.15814401136250456	0.0	0.7721603736807209	0.7721603736807209	0.0	0.09392265193370165	0.09392265193370165	0.0	0.5654761904761905	0.5654761904761905	0.0	0.8757062146892656	0.8757062146892656	0.0						
Valdeolivas	A938797	SN124_A938797_Rep2	M1_spatial_concat_kmeans	6	seed_11	success	success	success	success	True	False	3	0.9985120321788459	1.0	1.0	-0.04058890503994905	-0.04058890503994905	0.0	0.13065116944636346	0.13065116944636346	0.0	0.6379227069830504	0.6379227069830504	0.0	0.26519337016574585	0.26519337016574585	0.0	0.5833333333333334	0.5833333333333334	0.0	0.9170731707317074	0.9170731707317074	0.0	0.5069690646922681	0.5069690646922681	0.0	0.23917080154157103	0.23917080154157103	0.0
Valdeolivas	A938797	SN124_A938797_Rep2	M1_spatial_concat_kmeans	6	seed_23	success	success	success	success	True	False	3	0.9933145084692777	1.0	1.0	-0.04058890503994905	-0.04058890503994905	0.0	0.13065116944636346	0.13065116944636346	0.0	0.6379227069830504	0.6379227069830504	0.0	0.26519337016574585	0.26519337016574585	0.0	0.5833333333333334	0.5833333333333334	0.0	0.9148418491484185	0.9170731707317074	0.00223132158328887	0.4966374073270979	0.4966374073270979	0.0	0.23917471865063042	0.23917471865063042	0.0
Valdeolivas	A938797	SN124_A938797_Rep2	M1_spatial_concat_kmeans	6	seed_37	success	success	success	success	True	False	3	0.9947985345214312	1.0	1.0	-0.04058890503994905	-0.04058890503994905	0.0	0.13065116944636346	0.13065116944636346	0.0	0.6379227069830504	0.6379227069830504	0.0	0.26519337016574585	0.26519337016574585	0.0	0.5833333333333334	0.5833333333333334	0.0	0.9148418491484185	0.9170731707317074	0.00223132158328887	0.5006882660103265	0.5006882660103265	0.0	0.2479032164824146	0.2479032164824146	0.0
Valdeolivas	A938797	SN124_A938797_Rep2	M2_spatial_ward	4	neighbors_4	success	success	success	success	True	False	3	0.8368044171880883	0.8729508196721312	0.8054298642533937	-0.07285706594449248	-0.05612021247474952	0.016736853469742963	0.09838300854182003	0.11511986201156299	0.016736853469742963	0.4803688738193785	0.5620889144209307	0.08172004060155219	0.287292817679558	0.16574585635359115	-0.12154696132596685	0.5029761904761905	0.44047619047619047	-0.0625	0.8201680672268907	0.8336594911937377	0.013491423966846994	0.3439226831521729	0.36247834393255884	0.018555660780385952	0.16505834611759582	0.26355473936717716	0.09849639324958134
Valdeolivas	A938797	SN124_A938797_Rep2	M2_spatial_ward	4	neighbors_6	success	success	success	success	True	False	3	0.9363106688504145	0.9764705882352941	0.9665551839464883	-0.06401198301484623	-0.09613672249860006	-0.03212473948375383	0.10722809147146628	0.07510335198771245	-0.03212473948375383	0.5235562350185137	0.36670267710976023	-0.15685355790875344	0.3370165745856354	0.34806629834254144	0.011049723756906049	0.6964285714285714	0.6845238095238095	-0.011904761904761862	0.8251748251748252	0.7951153324287653	-0.0300594927460599	0.4153232409770146	0.26170838693101434	-0.15361485404600028	0.17715579993728078	0.06645955261735803	-0.11069624731992275
Valdeolivas	A938797	SN124_A938797_Rep2	M2_spatial_ward	4	neighbors_8	success	success	not_evaluable	not_evaluable	False	False	3	0.5012919623493152	0.0	0.0	-0.1394777433531802			0.031762331133132315			0.155084048174999			0.055248618784530384	0.0	-0.055248618784530384	0.17559523809523808	0.0744047619047619	-0.10119047619047618	0.7843137254901961	0.8044444444444444	0.02013071895424834						
Valdeolivas	A938797	SN124_A938797_Rep2	M2_spatial_ward	6	neighbors_4	success	success	success	success	True	False	3	0.8503109920851321	0.7868852459016393	0.7715736040609137	-0.08130928609245447	-0.08031099486890514	0.0009982912235493302	0.08993078839385804	0.09092907961740737	0.0009982912235493302	0.4390997203961623	0.4439740176748059	0.00487429727864358	0.287292817679558	0.15469613259668508	-0.13259668508287292	0.43154761904761907	0.36904761904761907	-0.0625	0.8288043478260869	0.8540925266903915	0.025288178864304567	0.30757291219128485	0.24326407195047622	-0.06430884024080863	0.20469401524763278	0.22499162204994821	0.020297606802315432
Valdeolivas	A938797	SN124_A938797_Rep2	M2_spatial_ward	6	neighbors_6	success	success	not_evaluable	not_evaluable	False	False	3	0.9434536142497352	1.0	1.0	-0.07386692931981198	-0.07386692931981198	0.0	0.09737314516650053	0.09737314516650053	0.0	0.47543807388244164	0.47543807388244164	0.0	0.022099447513812154	0.022099447513812154	0.0	0.12797619047619047	0.12797619047619047	0.0	0.8380281690140845	0.8380281690140845	0.0						
Valdeolivas	A938797	SN124_A938797_Rep2	M2_spatial_ward	6	neighbors_8	success	success	not_evaluable	not_evaluable	False	False	3	0.5401846396698843	0.0	0.0	-0.1394777433531802			0.031762331133132315			0.155084048174999			0.055248618784530384	0.0	-0.055248618784530384	0.17559523809523808	0.0744047619047619	-0.10119047619047618	0.7843137254901961	0.8044444444444444	0.02013071895424834						
Valdeolivas	A938797	SN124_A938797_Rep2	M3_spatial_leiden	4	seed_11	success	success	success	success	True	False	3	0.34672529632156873	0.1596958174904943	0.16602316602316602	-0.04766922523016337	-0.060883499263698404	-0.013214274033535034	0.12357084925614914	0.1103565752226141	-0.013214274033535034	0.6033520480200435	0.538831496860728	-0.06452055115931554	0.20994475138121546	0.2983425414364641	0.08839779005524864	0.3869047619047619	0.23809523809523808	-0.14880952380952384	0.7315789473684211	0.7477477477477478	0.016168800379326664	0.4383408537856327	0.38271217552916237	-0.05562867825647033	0.18815069688841424	0.20604052177232765	0.017889824883913413
Valdeolivas	A938797	SN124_A938797_Rep2	M3_spatial_leiden	4	seed_23	success	success	success	success	True	False	3	0.3983677282377278	0.17828200972447325	0.14018691588785046	-0.0364343740961357	-0.0666018475183161	-0.030167473422180402	0.1348057003901768	0.1046382269679964	-0.030167473422180402	0.6582077885261611	0.5109108573936997	-0.14729693113246145	0.12154696132596685	0.35911602209944754	0.2375690607734807	0.24404761904761904	0.5863095238095238	0.34226190476190477	0.8015463917525774	0.7234782608695652	-0.07806813088301212	0.3985264232160172	0.4021481987160512	0.0036217755000339524	-0.12305425742031183	0.1301857188990623	0.2532399763193741
Valdeolivas	A938797	SN124_A938797_Rep2	M3_spatial_leiden	4	seed_37	success	success	success	success	True	False	3	0.5036749635259831	0.7628635346756152	0.6086956521739131	0.030435613912673354	-0.20254947953357827	-0.23298509344625162	0.20167568839898586	0.03130940504726576	-0.1703662833517201	0.9847099082336778	0.15287257287031106	-0.8318373353633667	0.1712707182320442	0.4696132596685083	0.2983425414364641	0.28273809523809523	0.3630952380952381	0.08035714285714285	0.7985948477751756	0.7256493506493507	-0.07294549712582499	0.7741627087158209	0.0395749125120577	-0.7345877962037632	0.28089983053333023	-0.04217450930433234	-0.3230743398376626
Valdeolivas	A938797	SN124_A938797_Rep2	M3_spatial_leiden	6	seed_11	success	success	not_evaluable	success	False	False	3	0.7029493296750636	0.5320754716981132	0.5615384615384615	0.020291291539277223	-0.06702622517446688	-0.0873175167137441	0.19153136602558973	0.10421384931184563	-0.0873175167137441	0.9351788277514456	0.5088387738115779	-0.4263400539398676	0.09392265193370165	0.13812154696132597	0.04419889502762432	0.19642857142857142	0.28273809523809523	0.08630952380952381	0.7977099236641222	0.8418803418803419	0.0441704182162197		0.27548112133891034			0.14310943177553187	
Valdeolivas	A938797	SN124_A938797_Rep2	M3_spatial_leiden	6	seed_23	success	success	not_evaluable	success	False	False	3	0.6758165990354446	0.55078125	0.48344370860927155	-0.016121868261298467	-0.02824833050490505	-0.012126462243606584	0.15511820622501404	0.14299174398140746	-0.012126462243606584	0.7573864546083502	0.698177297481402	-0.059209157126948186	0.08287292817679558	0.16022099447513813	0.07734806629834255	0.17559523809523808	0.3601190476190476	0.18452380952380953	0.8370786516853933	0.852233676975945	0.015155025290551682		0.49091730310152126			0.2410666650742836	
Valdeolivas	A938797	SN124_A938797_Rep2	M3_spatial_leiden	6	seed_37	success	success	success	success	True	False	3	0.5968100613994125	0.3544018058690745	0.3360655737704918	-0.07594734934334246	-0.07237896603900462	0.003568383304337841	0.09529272514297005	0.09886110844730789	0.003568383304337841	0.46528013056899015	0.48270326383830875	0.017423133269318603	0.11602209944751381	0.32044198895027626	0.20441988950276246	0.25	0.4851190476190476	0.23511904761904762	0.8282828282828283	0.8045454545454546	-0.023737373737373724	0.2134507629928774	0.36610847321286877	0.15265771021999136	0.21605770977818295	0.07720974942587078	-0.13884796035231217
Valdeolivas	A120838	SN84_A120838_Rep1	M0_expr_kmeans	4	seed_11	success	success	not_evaluable	not_evaluable	False	False	2	0.9911123145206514	1.0	1.0	0.10359283712832279	0.10359283712832279	0.0	0.46865222006561	0.46865222006561	0.0	1.7397976014654146	1.7397976014654146	0.0	0.0625	0.0625	0.0	0.5647058823529412	0.5647058823529412	0.0	0.9178082191780822	0.9178082191780822	0.0						
Valdeolivas	A120838	SN84_A120838_Rep1	M0_expr_kmeans	4	seed_23	success	success	not_evaluable	not_evaluable	False	False	2	0.964995640319587	1.0	1.0	0.10359283712832279	0.10359283712832279	0.0	0.46865222006561	0.46865222006561	0.0	1.7397976014654146	1.7397976014654146	0.0	0.0625	0.0625	0.0	0.5647058823529412	0.5647058823529412	0.0	0.9178082191780822	0.9178082191780822	0.0						
Valdeolivas	A120838	SN84_A120838_Rep1	M0_expr_kmeans	4	seed_37	success	success	not_evaluable	not_evaluable	False	False	2	0.964995640319587	1.0	1.0	0.10359283712832279	0.10359283712832279	0.0	0.46865222006561	0.46865222006561	0.0	1.7397976014654146	1.7397976014654146	0.0	0.0625	0.0625	0.0	0.5647058823529412	0.5647058823529412	0.0	0.9178082191780822	0.9178082191780822	0.0						
Valdeolivas	A120838	SN84_A120838_Rep1	M0_expr_kmeans	6	seed_11	success	success	not_evaluable	not_evaluable	False	False	2	0.9838226030841293	1.0	1.0										0.0	0.0	0.0	0.38823529411764707	0.38823529411764707	0.0	0.9310344827586207	0.9310344827586207	0.0						
Valdeolivas	A120838	SN84_A120838_Rep1	M0_expr_kmeans	6	seed_23	success	success	not_evaluable	not_evaluable	False	False	2	0.9229170519665748	0.009009009009009009	0.013888888888888888										0.0	0.0	0.0	0.38823529411764707	0.47058823529411764	0.08235294117647057	0.9310344827586207	0.9354838709677419	0.004449388209121219						
Valdeolivas	A120838	SN84_A120838_Rep1	M0_expr_kmeans	6	seed_37	success	success	not_evaluable	not_evaluable	False	False	2	0.9873764240009512	1.0	1.0										0.0	0.0	0.0	0.47058823529411764	0.47058823529411764	0.0	0.9354838709677419	0.9354838709677419	0.0						
Valdeolivas	A120838	SN84_A120838_Rep1	M1_spatial_concat_kmeans	4	seed_11	success	success	not_evaluable	not_evaluable	False	False	2	0.9911123145206514	1.0	1.0	0.10359283712832279	0.10359283712832279	0.0	0.46865222006561	0.46865222006561	0.0	1.7397976014654146	1.7397976014654146	0.0	0.0625	0.0625	0.0	0.5647058823529412	0.5647058823529412	0.0	0.9178082191780822	0.9178082191780822	0.0						
Valdeolivas	A120838	SN84_A120838_Rep1	M1_spatial_concat_kmeans	4	seed_23	success	success	not_evaluable	not_evaluable	False	False	2	0.964995640319587	1.0	1.0	0.10359283712832279	0.10359283712832279	0.0	0.46865222006561	0.46865222006561	0.0	1.7397976014654146	1.7397976014654146	0.0	0.0625	0.0625	0.0	0.5647058823529412	0.5647058823529412	0.0	0.9178082191780822	0.9178082191780822	0.0						
Valdeolivas	A120838	SN84_A120838_Rep1	M1_spatial_concat_kmeans	4	seed_37	success	success	not_evaluable	not_evaluable	False	False	2	0.964995640319587	1.0	1.0	0.10359283712832279	0.10359283712832279	0.0	0.46865222006561	0.46865222006561	0.0	1.7397976014654146	1.7397976014654146	0.0	0.0625	0.0625	0.0	0.5647058823529412	0.5647058823529412	0.0	0.9178082191780822	0.9178082191780822	0.0						
Valdeolivas	A120838	SN84_A120838_Rep1	M1_spatial_concat_kmeans	6	seed_11	success	success	not_evaluable	not_evaluable	False	False	2	0.9762997614794702	0.0	0.0										0.0	0.0	0.0	0.4588235294117647	0.38823529411764707	-0.07058823529411762	0.9344262295081968	0.9310344827586207	-0.0033917467495760967						
Valdeolivas	A120838	SN84_A120838_Rep1	M1_spatial_concat_kmeans	6	seed_23	success	success	not_evaluable	not_evaluable	False	False	2	0.9955021886039332	1.0	1.0										0.0	0.0	0.0	0.47058823529411764	0.47058823529411764	0.0	0.9354838709677419	0.9354838709677419	0.0						
Valdeolivas	A120838	SN84_A120838_Rep1	M1_spatial_concat_kmeans	6	seed_37	success	success	not_evaluable	not_evaluable	False	False	2	0.9873764240009512	1.0	1.0										0.0	0.0	0.0	0.47058823529411764	0.47058823529411764	0.0	0.9354838709677419	0.9354838709677419	0.0						
Valdeolivas	A120838	SN84_A120838_Rep1	M2_spatial_ward	4	neighbors_4	success	success	not_evaluable	not_evaluable	False	False	2	0.8835441864057543	0.9523809523809523	0.9318181818181818	0.050619107214827874	0.05829091777663642	0.007671810561808545	0.4156784901521151	0.42335030071392366	0.007671810561808545	1.5431409671892078	1.5716213563623624	0.028480389173154652	0.0625	0.0625	0.0	0.47058823529411764	0.5058823529411764	0.03529411764705881	0.8823529411764706	0.8873239436619719	0.004971002485501308						
Valdeolivas	A120838	SN84_A120838_Rep1	M2_spatial_ward	4	neighbors_6	success	success	not_evaluable	not_evaluable	False	False	2	0.43934836101342345	0.9230769230769231	0.9130434782608695										0.0	0.0	0.0	0.5411764705882353	0.49411764705882355	-0.04705882352941171	0.8904109589041096	0.8823529411764706	-0.008058017727639033						
Valdeolivas	A120838	SN84_A120838_Rep1	M2_spatial_ward	4	neighbors_8	success	success	not_evaluable	not_evaluable	False	False	2	0.8271118195796444	0.8	0.7391304347826086										0.0	0.0	0.0	0.5411764705882353	0.4	-0.14117647058823524	0.8904109589041096	0.8813559322033898	-0.009055026700719782						
Valdeolivas	A120838	SN84_A120838_Rep1	M2_spatial_ward	6	neighbors_4	success	success	not_evaluable	not_evaluable	False	False	2	0.8974520356935162	0.8	0.7368421052631579	-0.3864556544420018	-0.2988805619569622	0.08757509248503959	0.02139627150471457	0.06617882098032501	0.044782549475610445	0.07943029020324237	0.2456784563898141	0.16624816618657173	0.125	0.125	0.0	0.3411764705882353	0.38823529411764707	0.047058823529411764	0.9272727272727272	0.95	0.022727272727272707						
Valdeolivas	A120838	SN84_A120838_Rep1	M2_spatial_ward	6	neighbors_6	success	success	not_evaluable	not_evaluable	False	False	2	0.6619846876261377	0.04132231404958678	0.05		-0.20915498894721574			0.1559043939900715			0.5787705234467304		0.0	0.25	0.25	0.5411764705882353	0.4	-0.14117647058823524	0.8904109589041096	0.8970588235294118	0.006647864625302202						
Valdeolivas	A120838	SN84_A120838_Rep1	M2_spatial_ward	6	neighbors_8	success	success	not_evaluable	not_evaluable	False	False	2	0.632489178380014	0.11607142857142858	0.15789473684210525		-0.39486627229982296			0.029806889362535727			0.11065338517509779		0.0	0.125	0.125	0.5411764705882353	0.47058823529411764	-0.07058823529411762	0.8904109589041096	0.9523809523809523	0.06196999347684273						
Valdeolivas	A120838	SN84_A120838_Rep1	M3_spatial_leiden	4	seed_11	success	success	not_evaluable	not_evaluable	False	False	2	0.7143021520087746	0.76	0.8	-0.30027533495798187	-0.3562978379305092	-0.05602250297252731	0.06478404797930537	0.00876154500677806	-0.05602250297252731	0.2405005811598131	0.032525856776672746	-0.20797472438314035	0.25	0.1875	-0.0625	0.5411764705882353	0.43529411764705883	-0.10588235294117643	0.6756756756756757	0.6404494382022472	-0.03522623747342846						
Valdeolivas	A120838	SN84_A120838_Rep1	M3_spatial_leiden	4	seed_23	success	success	not_evaluable	not_evaluable	False	False	2	0.5648678858304486	0.7611940298507462	0.7142857142857143	-0.016119798045757028	-0.0351787023170953	-0.019058904271338273	0.3489395848915302	0.32988068062019194	-0.019058904271338273	1.2953832860657986	1.2246301038165155	-0.07075318224928306	0.1875	0.1875	0.0	0.3411764705882353	0.43529411764705883	0.09411764705882353	0.5824175824175825	0.5752212389380531	-0.007196343479529355						
Valdeolivas	A120838	SN84_A120838_Rep1	M3_spatial_leiden	4	seed_37	success	success	not_evaluable	not_evaluable	False	False	2	0.9271413299568174	0.02962962962962963	0.022988505747126436	-0.1737820187739082	-0.6796223868322033	-0.5058403680582951	0.19127736416337904	0.3145630038949161	0.12328563973153706	0.7100871075346334	1.1677656399654177	0.45767853243078427	0.3125	0.4375	0.125	0.4	0.5058823529411764	0.10588235294117643	0.5636363636363636	0.5661764705882353	0.002540106951871679						
Valdeolivas	A120838	SN84_A120838_Rep1	M3_spatial_leiden	6	seed_11	success	success	not_evaluable	not_evaluable	False	False	2	0.7428089106978492	0.9841269841269841	0.9761904761904762										0.0	0.0	0.0	0.49411764705882355	0.4823529411764706	-0.011764705882352955	0.8873239436619719	0.8985507246376812	0.011226780975709283						
Valdeolivas	A120838	SN84_A120838_Rep1	M3_spatial_leiden	6	seed_23	success	success	not_evaluable	not_evaluable	False	False	2	0.5657881789053869	0.3880597014925373	0.4090909090909091		0.12487840911661263			0.48993779205389987			1.818816937137956		0.0	0.0625	0.0625	0.4117647058823529	0.3058823529411765	-0.10588235294117643	0.8688524590163934	0.7692307692307693	-0.09962168978562413						
Valdeolivas	A120838	SN84_A120838_Rep1	M3_spatial_leiden	6	seed_37	success	success	not_evaluable	not_evaluable	False	False	2	0.6360860751072973	0.7058823529411765	0.7391304347826086	0.10725054226601571	-0.44148903569347486	-0.5487395779594906	0.47230992520330295	0.07642965275618763	-0.3958802724471153	1.7533762560688966	0.28373305588402853	-1.469643200184868	0.0625	0.0625	0.0	0.5058823529411764	0.4117647058823529	-0.09411764705882353	0.8441558441558441	0.7611940298507462	-0.08296181430509786						
Valdeolivas	A120838	SN84_A120838_Rep2	M0_expr_kmeans	4	seed_11	success	success	not_evaluable	not_evaluable	False	False	2	0.9981626014217996	1.0	1.0										0.0	0.0	0.0	0.44970414201183434	0.44970414201183434	0.0	0.9156626506024096	0.9101796407185628	-0.005483009883846757						
Valdeolivas	A120838	SN84_A120838_Rep2	M0_expr_kmeans	4	seed_23	success	success	not_evaluable	not_evaluable	False	False	2	0.9158645433552858	0.9151515151515152	0.872093023255814	0.42022384971751947			0.6440960883886937			1.6115833033296292			0.02247191011235955	0.0	-0.02247191011235955	0.4911242603550296	0.44970414201183434	-0.041420118343195256	0.9060773480662984	0.9101796407185628	0.004102292652264472						
Valdeolivas	A120838	SN84_A120838_Rep2	M0_expr_kmeans	4	seed_37	success	success	not_evaluable	not_evaluable	False	False	2	0.9981626014217996	1.0	1.0										0.0	0.0	0.0	0.44970414201183434	0.44970414201183434	0.0	0.9156626506024096	0.9101796407185628	-0.005483009883846757						
Valdeolivas	A120838	SN84_A120838_Rep2	M0_expr_kmeans	6	seed_11	success	success	not_evaluable	not_evaluable	False	False	2	0.936629146617337	0.875	0.8301886792452831										0.0	0.0	0.0	0.3136094674556213	0.2603550295857988	-0.05325443786982248	0.9491525423728814	0.9423076923076923	-0.00684485006518909						
Valdeolivas	A120838	SN84_A120838_Rep2	M0_expr_kmeans	6	seed_23	success	success	not_evaluable	not_evaluable	False	False	2	0.9899192196721283	0.9900990099009901	0.9782608695652174										0.0	0.0	0.0	0.27218934911242604	0.26627218934911245	-0.005917159763313584	0.9439252336448598	0.9433962264150944	-0.0005290072297654547						
Valdeolivas	A120838	SN84_A120838_Rep2	M0_expr_kmeans	6	seed_37	success	success	not_evaluable	not_evaluable	False	False	2	0.9337705276139916	0.8938053097345132	0.8679245283018868										0.0	0.0	0.0	0.3136094674556213	0.27218934911242604	-0.041420118343195256	0.9495798319327731	0.9439252336448598	-0.0056545982879132595						
Valdeolivas	A120838	SN84_A120838_Rep2	M1_spatial_concat_kmeans	4	seed_11	success	success	not_evaluable	not_evaluable	False	False	2	0.9147554901876402	0.9212121212121213	0.8837209302325582	0.40150003242251175			0.625372271093686			1.5647347168047265			0.02247191011235955	0.0	-0.02247191011235955	0.4970414201183432	0.44970414201183434	-0.04733727810650884	0.9065934065934066	0.9101796407185628	0.00358623412515624						
Valdeolivas	A120838	SN84_A120838_Rep2	M1_spatial_concat_kmeans	4	seed_23	success	success	not_evaluable	not_evaluable	False	False	2	0.9147554901876402	0.9212121212121213	0.8837209302325582	0.40150003242251175			0.625372271093686			1.5647347168047265			0.02247191011235955	0.0	-0.02247191011235955	0.4970414201183432	0.44970414201183434	-0.04733727810650884	0.9065934065934066	0.9101796407185628	0.00358623412515624						
Valdeolivas	A120838	SN84_A120838_Rep2	M1_spatial_concat_kmeans	4	seed_37	success	success	not_evaluable	not_evaluable	False	False	2	0.9147554901876402	0.9212121212121213	0.8837209302325582	0.40150003242251175			0.625372271093686			1.5647347168047265			0.02247191011235955	0.0	-0.02247191011235955	0.4970414201183432	0.44970414201183434	-0.04733727810650884	0.9065934065934066	0.9101796407185628	0.00358623412515624						
Valdeolivas	A120838	SN84_A120838_Rep2	M1_spatial_concat_kmeans	6	seed_11	success	success	not_evaluable	not_evaluable	False	False	2	0.935178479971045	0.875	0.8301886792452831										0.0	0.0	0.0	0.3136094674556213	0.2603550295857988	-0.05325443786982248	0.9491525423728814	0.9423076923076923	-0.00684485006518909						
Valdeolivas	A120838	SN84_A120838_Rep2	M1_spatial_concat_kmeans	6	seed_23	success	success	not_evaluable	not_evaluable	False	False	2	0.9964560702732942	0.9702970297029703	0.9565217391304348										0.0	0.0	0.0	0.27218934911242604	0.2603550295857988	-0.011834319526627224	0.9439252336448598	0.9423076923076923	-0.0016175413371675162						
Valdeolivas	A120838	SN84_A120838_Rep2	M1_spatial_concat_kmeans	6	seed_37	success	success	not_evaluable	not_evaluable	False	False	2	0.9412955398560905	0.9017857142857143	0.8679245283018868										0.0	0.0	0.0	0.3136094674556213	0.27218934911242604	-0.041420118343195256	0.9491525423728814	0.9439252336448598	-0.0052273087280215735						
Valdeolivas	A120838	SN84_A120838_Rep2	M2_spatial_ward	4	neighbors_4	success	success	not_evaluable	not_evaluable	False	False	2	0.3294685945926153	0.5487179487179488	0.42452830188679247		-0.2408235918081192			0.016951353136944958			0.042413730151174084		0.0	0.15730337078651685	0.15730337078651685	0.26627218934911245	0.5443786982248521	0.2781065088757396	0.9304347826086956	0.9154929577464789	-0.014941824862216735						
Valdeolivas	A120838	SN84_A120838_Rep2	M2_spatial_ward	4	neighbors_6	success	success	not_evaluable	not_evaluable	False	False	2	0.9737657753093653	1.0	1.0	-0.24057785442497037	-0.24057785442497037	0.0	0.016705615753796144	0.016705615753796144	0.0	0.041798874276676744	0.041798874276676744	0.0	0.15730337078651685	0.15730337078651685	0.0	0.5502958579881657	0.5502958579881657	0.0	0.9128440366972477	0.9128440366972477	0.0						
Valdeolivas	A120838	SN84_A120838_Rep2	M2_spatial_ward	4	neighbors_8	success	success	not_evaluable	not_evaluable	False	False	2	0.4519420134056359	0.9829059829059829	0.9814814814814815										0.0	0.0	0.0	0.3136094674556213	0.31952662721893493	0.00591715976331364	0.9349593495934959	0.936	0.00104065040650414						
Valdeolivas	A120838	SN84_A120838_Rep2	M2_spatial_ward	6	neighbors_4	success	success	not_evaluable	not_evaluable	False	False	2	0.5810783322123866	0.9553571428571429	0.9										0.0	0.0	0.0	0.26627218934911245	0.2958579881656805	0.029585798816568032	0.9304347826086956	0.9333333333333333	0.0028985507246377384						
Valdeolivas	A120838	SN84_A120838_Rep2	M2_spatial_ward	6	neighbors_6	success	success	not_evaluable	not_evaluable	False	False	2	0.9472649481077772	0.0	0.0	-0.16262245119333407			0.061249787477840156			0.15325218800615853			0.15730337078651685	0.0	-0.15730337078651685	0.3905325443786982	0.14201183431952663	-0.2485207100591716	0.917910447761194	0.9420289855072463	0.024118537746052326						
Valdeolivas	A120838	SN84_A120838_Rep2	M2_spatial_ward	6	neighbors_8	success	success	not_evaluable	not_evaluable	False	False	2	0.5112568717935196	0.9829059829059829	0.9814814814814815										0.0	0.0	0.0	0.3136094674556213	0.31952662721893493	0.00591715976331364	0.9349593495934959	0.936	0.00104065040650414						
Valdeolivas	A120838	SN84_A120838_Rep2	M3_spatial_leiden	4	seed_11	success	success	success	success	True	False	2	0.8222374665027508	0.9177489177489178	0.9044117647058824	-0.5028757801481973	-0.4948572294848341	0.008018550663363211	0.2790035414770231	0.2709849908136599	-0.008018550663363211	0.6980906375926672	0.678027540488155	-0.020063097104512262	0.3707865168539326	0.30337078651685395	-0.06741573033707865	0.6094674556213018	0.5680473372781065	-0.041420118343195256	0.8133802816901409	0.8446215139442231	0.031241232254082263	0.5135752187715565	0.44723544225226164	-0.0663397765192949	0.07208890089616965	-0.03497600675676959	-0.10706490765293925
Valdeolivas	A120838	SN84_A120838_Rep2	M3_spatial_leiden	4	seed_23	success	success	success	success	True	False	2	0.8327499893340372	0.8867924528301887	0.8442622950819673	-0.49970221978957685	-0.448431117754575	0.05127110203500185	0.2758299811184026	0.22455887908340078	-0.05127110203500185	0.6901501191230454	0.5618654524832826	-0.1282846666397628	0.3146067415730337	0.2696629213483146	-0.0449438202247191	0.48520710059171596	0.5384615384615384	0.05325443786982248	0.7480916030534351	0.8831168831168831	0.13502528006344794	0.4735216147379416	0.3158091297660394	-0.15771248497190216	0.024162626737449823	-0.07941379245181997	-0.1035764191892698
Valdeolivas	A120838	SN84_A120838_Rep2	M3_spatial_leiden	4	seed_37	success	success	success	not_evaluable	False	False	2	0.8356333950846635	0.8760330578512396	0.8181818181818182	-0.646385163306614	-0.43686671371838903	0.20951844958822496	0.42251292463543977	0.2129944750472148	-0.20951844958822496	1.0571633441942778	0.5329303280606232	-0.5242330161336546	0.2247191011235955	0.11235955056179775	-0.11235955056179775	0.26627218934911245	0.26627218934911245	0.0	0.7828947368421053	0.84375	0.06085526315789469	0.7797762286691547			0.05950246318146333		
Valdeolivas	A120838	SN84_A120838_Rep2	M3_spatial_leiden	6	seed_11	success	success	success	success	True	False	2	0.7624392224084922	0.892018779342723	0.8467741935483871	-0.49111443257414455	-0.3730599801871346	0.11805445238700996	0.2672421939029703	0.14918774151596037	-0.11805445238700996	0.6686627436546412	0.37328044312463904	-0.29538230053000214	0.23595505617977527	0.2696629213483146	0.033707865168539325	0.4970414201183432	0.591715976331361	0.09467455621301779	0.8837209302325582	0.8801652892561983	-0.003555640976359853	0.403832993906718	0.1361451597873465	-0.26768783411937147	0.0026183369765572367	-0.08121185845721249	-0.08383019543376972
Valdeolivas	A120838	SN84_A120838_Rep2	M3_spatial_leiden	6	seed_23	success	success	not_evaluable	success	False	False	2	0.7324448083056172	0.8144329896907216	0.7685185185185185	-0.4928518169959524	-0.4741513277176834	0.01870048927826895	0.26897957832477815	0.2502790890465092	-0.01870048927826895	0.6730098275387476	0.6262196096997503	-0.04679021783899728	0.21348314606741572	0.24719101123595505	0.033707865168539325	0.47928994082840237	0.40828402366863903	-0.07100591715976334	0.8720379146919431	0.875	0.002962085308056861		0.36731152313013204			-0.13223682349486107	
Valdeolivas	A120838	SN84_A120838_Rep2	M3_spatial_leiden	6	seed_37	success	success	not_evaluable	success	False	False	2	0.6689591985019366	0.7578947368421053	0.8317757009345794	-0.47627384814038765	-0.4524775148701097	0.02379633327027797	0.2524016094692134	0.22860527619893545	-0.02379633327027797	0.6315303366795765	0.5719898829022756	-0.059540453777300884	0.15730337078651685	0.2696629213483146	0.11235955056179775	0.47337278106508873	0.46153846153846156	-0.011834319526627168	0.882051282051282	0.8393782383419689	-0.04267304370931313		0.33113122829606567			-0.016657509799996695	
