dataset_id	sample_id	method_id	method_label	K	partition_id	is_reference	feature_type	feature_id	genes_used	n_boundary	n_interior	median_boundary	median_interior	median_delta_boundary_minus_interior	bootstrap_ci_lower	bootstrap_ci_upper	bootstrap_replicates	pvalue_mannwhitney_spot_level	n_mixed_blocks	block_median_delta	block_interval_lower	block_interval_upper	fdr_bh_within_partition
GSE267401	GSM8265211_CTC21P	Official_BayesSpace_nrep1000	Official_BayesSpace_nrep1000	4	seed_11	True	gene	COL1A1	COL1A1	1291	3399	2.3693014734316296	3.2711691259247426	-0.9018676524931131	-1.0916529205542214	-0.7189746764276306	1000	4.375701822248857e-22	32	-0.22489769652017544	-2.318774234125458	2.4025142867079294	2.4066360022368715e-21
GSE267401	GSM8265211_CTC21P	Official_BayesSpace_nrep1000	Official_BayesSpace_nrep1000	4	seed_23	False	gene	COL1A1	COL1A1	1270	3420	2.3709988985389963	3.2599885900848173	-0.8889896915458211	-1.0901625960759953	-0.7147162980516344	1000	1.5760984813034144e-21	32	-0.283147278591276	-1.8732886238414987	2.4182343387934235	8.66854164716878e-21
GSE267401	GSM8265211_CTC21P	Official_BayesSpace_nrep1000	Official_BayesSpace_nrep1000	4	seed_37	False	gene	COL1A1	COL1A1	1283	3407	2.3583942644802605	3.2685722256915635	-0.910177961211303	-1.1139153691464043	-0.7411113677302155	1000	6.338110628772013e-23	32	-0.2507474545454299	-2.318774234125458	2.4465818392526075	3.485960845824607e-22
GSE267401	GSM8265211_CTC21P	Official_BayesSpace_nrep1000	Official_BayesSpace_nrep1000	4	seed_11	True	gene	EPCAM	EPCAM	1291	3399	2.7858555211895384	2.6716059856365244	0.11424953555301398	0.05811810530032798	0.16701257159563138	1000	1.585890572319539e-14	32	0.07753182200826436	-0.566087138764151	2.278442941199218	4.189955505438879e-14
GSE267401	GSM8265211_CTC21P	Official_BayesSpace_nrep1000	Official_BayesSpace_nrep1000	4	seed_23	False	gene	EPCAM	EPCAM	1270	3420	2.7864215604002176	2.6740743311860715	0.11234722921414608	0.05787325694227111	0.16388046233540868	1000	2.445609851331422e-13	32	0.08862601946168103	-0.6264101634700756	2.3017265446828334	5.380341672929128e-13
GSE267401	GSM8265211_CTC21P	Official_BayesSpace_nrep1000	Official_BayesSpace_nrep1000	4	seed_37	False	gene	EPCAM	EPCAM	1283	3407	2.7809343020506585	2.674436668173559	0.10649763387709932	0.05450003270914388	0.15725449412495038	1000	6.684843053442752e-14	32	0.10333107300703315	-0.5631878682801861	2.3017265446828334	1.4706654717574053e-13
GSE267401	GSM8265211_CTC21P	Official_BayesSpace_nrep1000	Official_BayesSpace_nrep1000	4	seed_11	True	gene	FAP	FAP	1291	3399	0.0	0.0	0.0	0.0	0.0	1000	0.04485588311949852	32	0.0	0.0	0.5187689783309186	0.06167683928931047
GSE267401	GSM8265211_CTC21P	Official_BayesSpace_nrep1000	Official_BayesSpace_nrep1000	4	seed_23	False	gene	FAP	FAP	1270	3420	0.0	0.0	0.0	0.0	0.0	1000	0.04467274405624093	32	0.0	0.0	0.5188890366049642	0.061425023077331276
GSE267401	GSM8265211_CTC21P	Official_BayesSpace_nrep1000	Official_BayesSpace_nrep1000	4	seed_37	False	gene	FAP	FAP	1283	3407	0.0	0.0	0.0	0.0	0.0	1000	0.04572217428658529	32	0.0	0.0	0.3194292914861149	0.06286798964405477
GSE267401	GSM8265211_CTC21P	Official_BayesSpace_nrep1000	Official_BayesSpace_nrep1000	4	seed_11	True	gene	PTPRC	PTPRC	1291	3399	0.0	0.0	0.0	0.0	0.0	1000	0.5206717349372552	32	0.0	0.0	0.0	0.5727389084309806
GSE267401	GSM8265211_CTC21P	Official_BayesSpace_nrep1000	Official_BayesSpace_nrep1000	4	seed_23	False	gene	PTPRC	PTPRC	1270	3420	0.0	0.0	0.0	0.0	0.0	1000	0.33582925863343405	32	0.0	0.0	0.0	0.36941218449677743
GSE267401	GSM8265211_CTC21P	Official_BayesSpace_nrep1000	Official_BayesSpace_nrep1000	4	seed_37	False	gene	PTPRC	PTPRC	1283	3407	0.0	0.0	0.0	0.0	0.0	1000	0.275929111440427	32	0.0	0.0	0.0	0.30352202258446964
GSE267401	GSM8265211_CTC21P	Official_BayesSpace_nrep1000	Official_BayesSpace_nrep1000	4	seed_11	True	signature	SIG_CAF_FAP	FAP,COL1A1,DCN,COL3A1,LUM	1291	3399	0.975212103830222	1.4920872608245288	-0.5168751569943068	-0.5938962064359855	-0.3876597401531707	1000	1.420619900297073e-16	32	-0.06094008096391673	-1.1943231038457691	1.3444519880105998	5.208939634422601e-16
GSE267401	GSM8265211_CTC21P	Official_BayesSpace_nrep1000	Official_BayesSpace_nrep1000	4	seed_23	False	signature	SIG_CAF_FAP	FAP,COL1A1,DCN,COL3A1,LUM	1270	3420	0.9796568149209945	1.4770750661344239	-0.4974182512134293	-0.5833130942186917	-0.37543248985454974	1000	4.062404814431555e-16	32	-0.06590459654292047	-0.9662407324410809	1.3532255586015147	1.4895484319582368e-15
GSE267401	GSM8265211_CTC21P	Official_BayesSpace_nrep1000	Official_BayesSpace_nrep1000	4	seed_37	False	signature	SIG_CAF_FAP	FAP,COL1A1,DCN,COL3A1,LUM	1283	3407	0.9681766634538344	1.4861729386376912	-0.5179962751838568	-0.6069443568361862	-0.3979324753003591	1000	5.743558175642851e-17	32	-0.06533531607750082	-1.1617827046884381	1.3597703985873348	2.1059713310690453e-16
GSE267401	GSM8265211_CTC21P	Official_BayesSpace_nrep1000	Official_BayesSpace_nrep1000	4	seed_11	True	signature	SIG_CYTOTOX	NKG7,GNLY,GZMB,PRF1,IFNG	1291	3399	0.0	0.0	0.0	0.0	0.0	1000	1.155176910691377e-05	32	0.0	-0.0792966570872219	0.20031259283429687	2.1178243362675243e-05
GSE267401	GSM8265211_CTC21P	Official_BayesSpace_nrep1000	Official_BayesSpace_nrep1000	4	seed_23	False	signature	SIG_CYTOTOX	NKG7,GNLY,GZMB,PRF1,IFNG	1270	3420	0.0	0.0	0.0	0.0	0.0	1000	1.2503866760873634e-05	32	0.0	-0.07971606608109189	0.20441551270121114	2.292375572826833e-05
GSE267401	GSM8265211_CTC21P	Official_BayesSpace_nrep1000	Official_BayesSpace_nrep1000	4	seed_37	False	signature	SIG_CYTOTOX	NKG7,GNLY,GZMB,PRF1,IFNG	1283	3407	0.0	0.0	0.0	0.0	0.0	1000	6.932452437989686e-06	32	0.0	-0.057253333277434794	0.20759945080633627	1.2709496136314423e-05
GSE267401	GSM8265211_CTC21P	Official_BayesSpace_nrep1000	Official_BayesSpace_nrep1000	4	seed_11	True	signature	SIG_EXCLUSION_CONTRAST	CAF:FAP,COL1A1,DCN,COL3A1,LUM;MY:SPP1,LST1,TYROBP,C1QA,C1QB,C1QC;TCELL:TRAC,CD3D,CD3E,CD247	1291	3399	1.1522752488932348	1.6806383127841529	-0.528363063890918	-0.6329077134627363	-0.437240393272246	1000	1.904525229744945e-14	32	-0.0533863786103384	-1.0295640519069864	1.4630876946019165	4.189955505438879e-14
GSE267401	GSM8265211_CTC21P	Official_BayesSpace_nrep1000	Official_BayesSpace_nrep1000	4	seed_23	False	signature	SIG_EXCLUSION_CONTRAST	CAF:FAP,COL1A1,DCN,COL3A1,LUM;MY:SPP1,LST1,TYROBP,C1QA,C1QB,C1QC;TCELL:TRAC,CD3D,CD3E,CD247	1270	3420	1.1591358360948627	1.6760900193045982	-0.5169541832097355	-0.6145635826160413	-0.4149817547422302	1000	3.9834827419681456e-14	32	-0.0533863786103384	-0.9883402947002002	1.4724138170381877	1.0954577540412401e-13
GSE267401	GSM8265211_CTC21P	Official_BayesSpace_nrep1000	Official_BayesSpace_nrep1000	4	seed_37	False	signature	SIG_EXCLUSION_CONTRAST	CAF:FAP,COL1A1,DCN,COL3A1,LUM;MY:SPP1,LST1,TYROBP,C1QA,C1QB,C1QC;TCELL:TRAC,CD3D,CD3E,CD247	1283	3407	1.144076641630737	1.6817604437146354	-0.5376838020838983	-0.6533497162783914	-0.43855854958947105	1000	1.0452056433864366e-14	32	-0.04944713506016385	-1.048622255670726	1.483405674558457	2.874315519312701e-14
GSE267401	GSM8265211_CTC21P	Official_BayesSpace_nrep1000	Official_BayesSpace_nrep1000	4	seed_11	True	signature	SIG_EXCLUSION_TGFB_CXCL12	TGFB1,CXCL12,ACTA2,TAGLN,FAP,COL1A1	1291	3399	0.5071806293564342	0.8081840199562457	-0.3010033905998115	-0.3585227087191571	-0.2577978390442283	1000	3.2753630279516998e-22	32	-0.0381843159815157	-0.7663632846023507	0.7927256421414488	2.4066360022368715e-21
GSE267401	GSM8265211_CTC21P	Official_BayesSpace_nrep1000	Official_BayesSpace_nrep1000	4	seed_23	False	signature	SIG_EXCLUSION_TGFB_CXCL12	TGFB1,CXCL12,ACTA2,TAGLN,FAP,COL1A1	1270	3420	0.5012184570712038	0.8073903653320432	-0.3061719082608394	-0.366210226796676	-0.256441445263061	1000	1.6580653641675271e-22	32	-0.03831399734821303	-0.6880797659984851	0.8177964490915297	1.8238719005842797e-21
GSE267401	GSM8265211_CTC21P	Official_BayesSpace_nrep1000	Official_BayesSpace_nrep1000	4	seed_37	False	signature	SIG_EXCLUSION_TGFB_CXCL12	TGFB1,CXCL12,ACTA2,TAGLN,FAP,COL1A1	1283	3407	0.5003193474738078	0.8081840199562457	-0.3078646724824379	-0.3734943174419502	-0.25790129189634	1000	4.3943623314054855e-23	32	-0.058183743248781616	-0.7948479460790125	0.7961041565366681	3.485960845824607e-22
GSE267401	GSM8265211_CTC21P	Official_BayesSpace_nrep1000	Official_BayesSpace_nrep1000	4	seed_11	True	signature	SIG_MY_SPP1	SPP1,LST1,TYROBP,C1QA,C1QB,C1QC	1291	3399	0.1825597109820852	0.1307808549805057	0.0517788560015795	0.02896017040674219	0.07374573071746723	1000	0.0002617868062007879	32	0.0	-0.197099879149342	0.5197429667596731	0.00041137926688695245
GSE267401	GSM8265211_CTC21P	Official_BayesSpace_nrep1000	Official_BayesSpace_nrep1000	4	seed_23	False	signature	SIG_MY_SPP1	SPP1,LST1,TYROBP,C1QA,C1QB,C1QC	1270	3420	0.18368333736021364	0.1302084469676832	0.05347489039253045	0.027663296783379268	0.07674111162795108	1000	0.00037314856990213716	32	0.0	-0.1784011174683184	0.44229399894838345	0.0005863763241319298
GSE267401	GSM8265211_CTC21P	Official_BayesSpace_nrep1000	Official_BayesSpace_nrep1000	4	seed_37	False	signature	SIG_MY_SPP1	SPP1,LST1,TYROBP,C1QA,C1QB,C1QC	1283	3407	0.1838189935450086	0.12998564908474725	0.05383334446026136	0.029890293972052492	0.07521078509117826	1000	0.00023137511242555487	32	0.0	-0.17824305326416862	0.5271497617680572	0.0003635894623830148
GSE267401	GSM8265211_CTC21P	Official_BayesSpace_nrep1000	Official_BayesSpace_nrep1000	4	seed_11	True	signature	SIG_TCELL	TRAC,CD3D,CD3E,CD247	1291	3399	0.0	0.0	0.0	0.0	0.0	1000	0.6699237393852429	32	0.0	-0.07203252831949228	0.38400933345013455	0.6699237393852429
GSE267401	GSM8265211_CTC21P	Official_BayesSpace_nrep1000	Official_BayesSpace_nrep1000	4	seed_23	False	signature	SIG_TCELL	TRAC,CD3D,CD3E,CD247	1270	3420	0.0	0.0	0.0	0.0	0.0	1000	0.7630686895997865	32	0.0	-0.0832625332433115	0.3735855471947252	0.7630686895997865
GSE267401	GSM8265211_CTC21P	Official_BayesSpace_nrep1000	Official_BayesSpace_nrep1000	4	seed_37	False	signature	SIG_TCELL	TRAC,CD3D,CD3E,CD247	1283	3407	0.0	0.0	0.0	0.0	0.0	1000	0.7751830413472678	32	0.0	-0.07234267027849209	0.371460889742937	0.7751830413472678
GSE267401	GSM8265211_CTC21P	Official_BayesSpace_nrep1000	Official_BayesSpace_nrep1000	4	seed_11	True	gene	SPP1	SPP1	1291	3399	0.0	0.0	0.0	0.0	0.0	1000	0.24468890521549413	32	0.0	-0.3416725145081117	1.310716499135846	0.29906421748560397
GSE267401	GSM8265211_CTC21P	Official_BayesSpace_nrep1000	Official_BayesSpace_nrep1000	4	seed_23	False	gene	SPP1	SPP1	1270	3420	0.0	0.0	0.0	0.0	0.0	1000	0.32793106087341983	32	0.0	-0.3426944202047376	1.3417725955829476	0.36941218449677743
GSE267401	GSM8265211_CTC21P	Official_BayesSpace_nrep1000	Official_BayesSpace_nrep1000	4	seed_37	False	gene	SPP1	SPP1	1283	3407	0.0	0.0	0.0	0.0	0.0	1000	0.16027642095693717	32	0.0	-0.33296032533316244	1.4734879236469662	0.1958934033918121
GSE267401	GSM8265211_CTC21P	Official_BayesSpace_nrep1000	Official_BayesSpace_nrep1000	6	seed_11	True	gene	COL1A1	COL1A1	1997	2693	2.5210495220503306	3.5869179950112104	-1.0658684729608798	-1.2828644753402163	-0.8186281775689364	1000	1.8665141006387954e-38	35	0.01958695325060722	-1.5244985199067471	2.2708705949842685	1.0265827553513375e-37
GSE267401	GSM8265211_CTC21P	Official_BayesSpace_nrep1000	Official_BayesSpace_nrep1000	6	seed_23	False	gene	COL1A1	COL1A1	2086	2604	2.421716914758105	3.7738392847244064	-1.3521223699663016	-1.5844192113920657	-1.1437507357551986	1000	1.547158761388732e-51	35	-0.03577056320018368	-1.7431773084295878	2.3389646832886175	8.509373187638026e-51
GSE267401	GSM8265211_CTC21P	Official_BayesSpace_nrep1000	Official_BayesSpace_nrep1000	6	seed_37	False	gene	COL1A1	COL1A1	2089	2601	2.434141649335299	3.7518542532753245	-1.3177126039400253	-1.5475651860785866	-1.09432534438407	1000	5.49834902434617e-49	35	0.016484275243487057	-1.737520955016213	2.3244985371367473	3.0240919633903933e-48
GSE267401	GSM8265211_CTC21P	Official_BayesSpace_nrep1000	Official_BayesSpace_nrep1000	6	seed_11	True	gene	EPCAM	EPCAM	1997	2693	2.876271668307871	2.4359692716427888	0.4403023966650821	0.37631016974067183	0.5557497516980285	1000	2.41670886711329e-88	35	0.03068431262884408	-0.37371075456768316	1.8789975535902952	2.658379753824619e-87
GSE267401	GSM8265211_CTC21P	Official_BayesSpace_nrep1000	Official_BayesSpace_nrep1000	6	seed_23	False	gene	EPCAM	EPCAM	2086	2604	2.8833885023536396	2.362704204276372	0.5206842980772675	0.43052847733438776	0.6392924433540468	1000	3.605256343590089e-105	35	0.1122251625617725	-0.3996644509388048	2.2513656409769442	3.9657819779490983e-104
GSE267401	GSM8265211_CTC21P	Official_BayesSpace_nrep1000	Official_BayesSpace_nrep1000	6	seed_37	False	gene	EPCAM	EPCAM	2089	2601	2.878337636104059	2.3738908003115458	0.5044468357925131	0.4131584825717006	0.6318285304932614	1000	5.357478665587275e-102	35	0.02885525893764207	-0.39259727889505536	2.261367838531474	5.893226532146003e-101
GSE267401	GSM8265211_CTC21P	Official_BayesSpace_nrep1000	Official_BayesSpace_nrep1000	6	seed_11	True	gene	FAP	FAP	1997	2693	0.0	0.0	0.0	0.0	0.0	1000	0.17408308513566817	35	0.0	0.0	0.0	0.17408308513566817
GSE267401	GSM8265211_CTC21P	Official_BayesSpace_nrep1000	Official_BayesSpace_nrep1000	6	seed_23	False	gene	FAP	FAP	2086	2604	0.0	0.0	0.0	0.0	0.0	1000	0.09518053059770681	35	0.0	0.0	0.1716452563249401	0.09518053059770683
GSE267401	GSM8265211_CTC21P	Official_BayesSpace_nrep1000	Official_BayesSpace_nrep1000	6	seed_37	False	gene	FAP	FAP	2089	2601	0.0	0.0	0.0	0.0	0.0	1000	0.049867985419437745	35	0.0	0.0	0.07101623276195038	0.04986798541943774
GSE267401	GSM8265211_CTC21P	Official_BayesSpace_nrep1000	Official_BayesSpace_nrep1000	6	seed_11	True	gene	PTPRC	PTPRC	1997	2693	0.0	0.0	0.0	0.0	0.0	1000	0.0006944662847126249	35	0.0	0.0	0.0	0.0007639129131838875
GSE267401	GSM8265211_CTC21P	Official_BayesSpace_nrep1000	Official_BayesSpace_nrep1000	6	seed_23	False	gene	PTPRC	PTPRC	2086	2604	0.0	0.0	0.0	0.0	0.0	1000	0.005777741305516375	35	0.0	0.0	0.0	0.006355515436068012
GSE267401	GSM8265211_CTC21P	Official_BayesSpace_nrep1000	Official_BayesSpace_nrep1000	6	seed_37	False	gene	PTPRC	PTPRC	2089	2601	0.0	0.0	0.0	0.0	0.0	1000	0.006014123886190225	35	0.0	0.0	0.0	0.006615536274809247
GSE267401	GSM8265211_CTC21P	Official_BayesSpace_nrep1000	Official_BayesSpace_nrep1000	6	seed_11	True	signature	SIG_CAF_FAP	FAP,COL1A1,DCN,COL3A1,LUM	1997	2693	1.0657958248933033	1.647460036151045	-0.5816642112577417	-0.6897154067083676	-0.4627432941123459	1000	3.6754255337218186e-32	35	0.05187779035452944	-0.8824613594221307	1.2159813333149958	1.3476560290313333e-31
GSE267401	GSM8265211_CTC21P	Official_BayesSpace_nrep1000	Official_BayesSpace_nrep1000	6	seed_23	False	signature	SIG_CAF_FAP	FAP,COL1A1,DCN,COL3A1,LUM	2086	2604	1.00845723412828	1.7435172780598998	-0.7350600439316197	-0.8601872891218474	-0.6130333215078397	1000	1.3900142119465983e-40	35	0.014059032388817894	-1.081982522236252	1.279416125088488	5.096718777137527e-40
GSE267401	GSM8265211_CTC21P	Official_BayesSpace_nrep1000	Official_BayesSpace_nrep1000	6	seed_37	False	signature	SIG_CAF_FAP	FAP,COL1A1,DCN,COL3A1,LUM	2089	2601	1.0165439716989277	1.7250951928794673	-0.7085512211805396	-0.8359967187431074	-0.5886182632462202	1000	1.7779449630192696e-38	35	0.0573676231052499	-1.1246295725727014	1.28278521748928	6.519131531070655e-38
GSE267401	GSM8265211_CTC21P	Official_BayesSpace_nrep1000	Official_BayesSpace_nrep1000	6	seed_11	True	signature	SIG_CYTOTOX	NKG7,GNLY,GZMB,PRF1,IFNG	1997	2693	0.0	0.0	0.0	0.0	0.0	1000	2.014764320878047e-09	35	0.0	-0.05473199631006794	0.236986291824552	2.4624897255176126e-09
GSE267401	GSM8265211_CTC21P	Official_BayesSpace_nrep1000	Official_BayesSpace_nrep1000	6	seed_23	False	signature	SIG_CYTOTOX	NKG7,GNLY,GZMB,PRF1,IFNG	2086	2604	0.0	0.0	0.0	0.0	0.0	1000	0.00014756594051750058	35	0.0	-0.058235307867067355	0.1971333898207687	0.0002029031682115633
GSE267401	GSM8265211_CTC21P	Official_BayesSpace_nrep1000	Official_BayesSpace_nrep1000	6	seed_37	False	signature	SIG_CYTOTOX	NKG7,GNLY,GZMB,PRF1,IFNG	2089	2601	0.0	0.0	0.0	0.0	0.0	1000	0.0002867742366222591	35	0.0	-0.08914398291089244	0.19849923398790503	0.0003943145753556063
GSE267401	GSM8265211_CTC21P	Official_BayesSpace_nrep1000	Official_BayesSpace_nrep1000	6	seed_11	True	signature	SIG_EXCLUSION_CONTRAST	CAF:FAP,COL1A1,DCN,COL3A1,LUM;MY:SPP1,LST1,TYROBP,C1QA,C1QB,C1QC;TCELL:TRAC,CD3D,CD3E,CD247	1997	2693	1.225942460315497	1.8000541276809012	-0.5741116673654043	-0.6780696565573394	-0.4542815801070362	1000	1.4115223321951966e-24	35	0.10811237091988035	-0.854270425718045	1.3474756272130393	3.1053491308294327e-24
GSE267401	GSM8265211_CTC21P	Official_BayesSpace_nrep1000	Official_BayesSpace_nrep1000	6	seed_23	False	signature	SIG_EXCLUSION_CONTRAST	CAF:FAP,COL1A1,DCN,COL3A1,LUM;MY:SPP1,LST1,TYROBP,C1QA,C1QB,C1QC;TCELL:TRAC,CD3D,CD3E,CD247	2086	2604	1.1805282063370655	1.8658836669418197	-0.6853554606047543	-0.7981190953122241	-0.5776545666192071	1000	5.152678469327846e-32	35	0.005891787286984584	-1.3216093868861658	1.418277234407825	1.133589263252126e-31
GSE267401	GSM8265211_CTC21P	Official_BayesSpace_nrep1000	Official_BayesSpace_nrep1000	6	seed_37	False	signature	SIG_EXCLUSION_CONTRAST	CAF:FAP,COL1A1,DCN,COL3A1,LUM;MY:SPP1,LST1,TYROBP,C1QA,C1QB,C1QC;TCELL:TRAC,CD3D,CD3E,CD247	2089	2601	1.1988054315411172	1.8567718558800366	-0.6579664243389194	-0.7727269665857592	-0.545501287715888	1000	4.4620849313436935e-30	35	0.06328896634407744	-1.3693621318456686	1.4158248998959975	9.816586848956126e-30
GSE267401	GSM8265211_CTC21P	Official_BayesSpace_nrep1000	Official_BayesSpace_nrep1000	6	seed_11	True	signature	SIG_EXCLUSION_TGFB_CXCL12	TGFB1,CXCL12,ACTA2,TAGLN,FAP,COL1A1	1997	2693	0.5606056762743781	0.8644197766549647	-0.30381410038058665	-0.36199161470750774	-0.2425767260970749	1000	6.002335497753138e-28	35	0.013498999550373814	-0.604161459742283	0.6986900854692137	1.6506422618821132e-27
GSE267401	GSM8265211_CTC21P	Official_BayesSpace_nrep1000	Official_BayesSpace_nrep1000	6	seed_23	False	signature	SIG_EXCLUSION_TGFB_CXCL12	TGFB1,CXCL12,ACTA2,TAGLN,FAP,COL1A1	2086	2604	0.53584956850255	0.9090067978882085	-0.37315722938565843	-0.4283386393058386	-0.3145875031834575	1000	2.3112146690404525e-39	35	-0.00968901817904455	-0.7907989837980719	0.7055228361488141	6.355840339861244e-39
GSE267401	GSM8265211_CTC21P	Official_BayesSpace_nrep1000	Official_BayesSpace_nrep1000	6	seed_37	False	signature	SIG_EXCLUSION_TGFB_CXCL12	TGFB1,CXCL12,ACTA2,TAGLN,FAP,COL1A1	2089	2601	0.5369422919697939	0.9057772961154599	-0.36883500414566595	-0.4260764523140108	-0.309925685620348	1000	3.765274523120133e-38	35	0.008098295539698208	-0.7903538722881189	0.7007822367986041	1.0354504938580365e-37
GSE267401	GSM8265211_CTC21P	Official_BayesSpace_nrep1000	Official_BayesSpace_nrep1000	6	seed_11	True	signature	SIG_MY_SPP1	SPP1,LST1,TYROBP,C1QA,C1QB,C1QC	1997	2693	0.18755496094750293	0.10666739877456306	0.08088756217293987	0.060082033962252125	0.10199953317697412	1000	2.9815830374808145e-24	35	0.025474659658231577	-0.13146782539498408	0.5129980745162979	5.466235568714826e-24
GSE267401	GSM8265211_CTC21P	Official_BayesSpace_nrep1000	Official_BayesSpace_nrep1000	6	seed_23	False	signature	SIG_MY_SPP1	SPP1,LST1,TYROBP,C1QA,C1QB,C1QC	2086	2604	0.18066389286946766	0.10700576796926209	0.07365812490020557	0.04977572122065951	0.09388731297826411	1000	1.5975373958634385e-18	35	0.0021316203091997082	-0.25140362195004556	0.4416236470722831	2.9288185590829705e-18
GSE267401	GSM8265211_CTC21P	Official_BayesSpace_nrep1000	Official_BayesSpace_nrep1000	6	seed_37	False	signature	SIG_MY_SPP1	SPP1,LST1,TYROBP,C1QA,C1QB,C1QC	2089	2601	0.1825597109820852	0.10679910736465094	0.07576060361743427	0.053697491281371794	0.09487583531277069	1000	4.1141479044738364e-19	35	0.0	-0.24034357545977453	0.41397919963542334	7.542604491535367e-19
GSE267401	GSM8265211_CTC21P	Official_BayesSpace_nrep1000	Official_BayesSpace_nrep1000	6	seed_11	True	signature	SIG_TCELL	TRAC,CD3D,CD3E,CD247	1997	2693	0.0	0.0	0.0	0.0	0.0	1000	5.7494471973319195e-12	35	0.0	-0.008006797242613292	0.3558281791629125	7.905489896331389e-12
GSE267401	GSM8265211_CTC21P	Official_BayesSpace_nrep1000	Official_BayesSpace_nrep1000	6	seed_23	False	signature	SIG_TCELL	TRAC,CD3D,CD3E,CD247	2086	2604	0.0	0.0	0.0	0.0	0.0	1000	0.0015880203733302214	35	0.0	-0.08189692621306338	0.31864740191524876	0.0019409137896258264
GSE267401	GSM8265211_CTC21P	Official_BayesSpace_nrep1000	Official_BayesSpace_nrep1000	6	seed_37	False	signature	SIG_TCELL	TRAC,CD3D,CD3E,CD247	2089	2601	0.0	0.0	0.0	0.0	0.0	1000	0.003265553164456308	35	0.0	-0.0821658814858138	0.32140256967371167	0.0039912316454465985
GSE267401	GSM8265211_CTC21P	Official_BayesSpace_nrep1000	Official_BayesSpace_nrep1000	6	seed_11	True	gene	SPP1	SPP1	1997	2693	0.19008990221301023	0.0	0.19008990221301023	0.0	0.21686129654830283	1000	1.9554439604989957e-17	35	0.0	-0.8010616367561031	0.5084301178785718	3.072840509355564e-17
GSE267401	GSM8265211_CTC21P	Official_BayesSpace_nrep1000	Official_BayesSpace_nrep1000	6	seed_23	False	gene	SPP1	SPP1	2086	2604	0.15724413628458894	0.0	0.15724413628458894	0.0	0.19792238489371972	1000	9.754426825013846e-13	35	0.0	-0.7997361503473794	0.3927522369434224	1.5328385010736044e-12
GSE267401	GSM8265211_CTC21P	Official_BayesSpace_nrep1000	Official_BayesSpace_nrep1000	6	seed_37	False	gene	SPP1	SPP1	2089	2601	0.15747827564711508	0.0	0.15747827564711508	0.0	0.19685403307983387	1000	1.5699059489153351e-13	35	0.0	-0.7997361503473794	0.523461124873674	2.466995062581241e-13
GSE311294	GSM9322957_TR11_206	Official_BayesSpace_nrep1000	Official_BayesSpace_nrep1000	4	seed_11	True	gene	COL1A1	COL1A1	539	3203	3.001737152675889	2.5586953133485437	0.4430418393273454	0.3283289262144283	0.5585796499073731	1000	2.36629882602017e-11	20	0.16119911092676764	-0.9298097719385483	1.9599863119618313	2.602928708622187e-10
GSE311294	GSM9322957_TR11_206	Official_BayesSpace_nrep1000	Official_BayesSpace_nrep1000	4	seed_23	False	gene	COL1A1	COL1A1	545	3197	3.0225676590764543	2.5557679616712456	0.46679969740520866	0.3603470113792202	0.6076057492630325	1000	1.3925358762451397e-13	20	0.35238994492002984	-0.9298097719385483	1.9852200525706793	1.5317894638696537e-12
GSE311294	GSM9322957_TR11_206	Official_BayesSpace_nrep1000	Official_BayesSpace_nrep1000	4	seed_37	False	gene	COL1A1	COL1A1	1332	2410	2.66598564658652	2.6125847381466674	0.05340090843985257	-0.07713433242821632	0.15350688231101287	1000	0.8445767792633606	29	0.008602755842042509	-0.840984272899012	1.8147858174668827	0.9290344571896967
GSE311294	GSM9322957_TR11_206	Official_BayesSpace_nrep1000	Official_BayesSpace_nrep1000	4	seed_11	True	gene	EPCAM	EPCAM	539	3203	1.3945254817849748	1.7863632500815836	-0.39183776829660877	-0.6608234019584395	-0.21040865686861276	1000	0.002449963748862749	20	0.0	-0.7747663790810531	2.1407251985834157	0.0044916002062483735
GSE311294	GSM9322957_TR11_206	Official_BayesSpace_nrep1000	Official_BayesSpace_nrep1000	4	seed_23	False	gene	EPCAM	EPCAM	545	3197	1.4154110713506494	1.7830626819006332	-0.36765161054998385	-0.6178637275211774	-0.16905589453469297	1000	0.004200080879323199	20	0.0	-0.7598242132290911	2.148860760887659	0.0077001482787591976
GSE311294	GSM9322957_TR11_206	Official_BayesSpace_nrep1000	Official_BayesSpace_nrep1000	4	seed_37	False	gene	EPCAM	EPCAM	1332	2410	1.822133825710511	1.6591546057601434	0.16297921995036768	0.023432503986391545	0.30968344267315534	1000	0.04683413140171641	29	0.0	-0.8706193170577411	2.217793409721791	0.07359649220269722
GSE311294	GSM9322957_TR11_206	Official_BayesSpace_nrep1000	Official_BayesSpace_nrep1000	4	seed_11	True	gene	FAP	FAP	539	3203	0.0	0.0	0.0	0.0	0.0	1000	0.1574426946400772	20	0.0	-0.1036944703206409	1.1538901152993473	0.21648370513010617
GSE311294	GSM9322957_TR11_206	Official_BayesSpace_nrep1000	Official_BayesSpace_nrep1000	4	seed_23	False	gene	FAP	FAP	545	3197	0.0	0.0	0.0	0.0	0.0	1000	0.08067069502282115	20	0.0	-0.1036944703206409	1.1538901152993473	0.11092220565637909
GSE311294	GSM9322957_TR11_206	Official_BayesSpace_nrep1000	Official_BayesSpace_nrep1000	4	seed_37	False	gene	FAP	FAP	1332	2410	0.0	0.0	0.0	0.0	0.0	1000	0.006112559798910773	29	0.0	-0.0561394779129959	0.6746408047156695	0.011206359631336418
GSE311294	GSM9322957_TR11_206	Official_BayesSpace_nrep1000	Official_BayesSpace_nrep1000	4	seed_11	True	gene	PTPRC	PTPRC	539	3203	0.0	0.0	0.0	0.0	0.0	1000	0.09794923349975412	20	0.0	0.0	0.0	0.1539202240710422
GSE311294	GSM9322957_TR11_206	Official_BayesSpace_nrep1000	Official_BayesSpace_nrep1000	4	seed_23	False	gene	PTPRC	PTPRC	545	3197	0.0	0.0	0.0	0.0	0.0	1000	0.07035402211008875	20	0.0	0.0	0.0	0.11055632045871089
GSE311294	GSM9322957_TR11_206	Official_BayesSpace_nrep1000	Official_BayesSpace_nrep1000	4	seed_37	False	gene	PTPRC	PTPRC	1332	2410	0.0	0.0	0.0	0.0	0.0	1000	0.46000246639638	29	0.0	0.0	0.0	0.6325033912950224
GSE311294	GSM9322957_TR11_206	Official_BayesSpace_nrep1000	Official_BayesSpace_nrep1000	4	seed_11	True	signature	SIG_CAF_FAP	FAP,COL1A1,DCN,COL3A1,LUM	539	3203	1.8268260415135997	1.5810384721061794	0.2457875694074203	0.149459044868986	0.3420126964228294	1000	3.2630695384169135e-10	20	0.041261754444307686	-0.5113767708488113	1.1969878176084685	1.7946882461293024e-09
GSE311294	GSM9322957_TR11_206	Official_BayesSpace_nrep1000	Official_BayesSpace_nrep1000	4	seed_23	False	signature	SIG_CAF_FAP	FAP,COL1A1,DCN,COL3A1,LUM	545	3197	1.843913660322442	1.5764347526759355	0.2674789076465065	0.17296247648640645	0.3575606021585177	1000	5.698409934578121e-12	20	0.07373765295385104	-0.5224435393302198	1.1966087306806994	3.1341254640179664e-11
GSE311294	GSM9322957_TR11_206	Official_BayesSpace_nrep1000	Official_BayesSpace_nrep1000	4	seed_37	False	signature	SIG_CAF_FAP	FAP,COL1A1,DCN,COL3A1,LUM	1332	2410	1.5544906710722837	1.6566050193128412	-0.10211434824055754	-0.1486716213402067	-0.04969446020416223	1000	4.077374910471773e-05	29	-0.04652936649789896	-0.4853767847969752	1.0104537252985515	0.00011212781003797376
GSE311294	GSM9322957_TR11_206	Official_BayesSpace_nrep1000	Official_BayesSpace_nrep1000	4	seed_11	True	signature	SIG_CYTOTOX	NKG7,GNLY,GZMB,PRF1,IFNG	539	3203	0.0	0.0	0.0	0.0	0.0	1000	0.24344618649543714	20	0.0	-0.04186335676154534	0.027102795240024104	0.287311507762196
GSE311294	GSM9322957_TR11_206	Official_BayesSpace_nrep1000	Official_BayesSpace_nrep1000	4	seed_23	False	signature	SIG_CYTOTOX	NKG7,GNLY,GZMB,PRF1,IFNG	545	3197	0.0	0.0	0.0	0.0	0.0	1000	0.362464402495038	20	0.0	-0.06454551307904201	0.09493232780368145	0.4430120474939353
GSE311294	GSM9322957_TR11_206	Official_BayesSpace_nrep1000	Official_BayesSpace_nrep1000	4	seed_37	False	signature	SIG_CYTOTOX	NKG7,GNLY,GZMB,PRF1,IFNG	1332	2410	0.0	0.0	0.0	0.0	0.0	1000	0.5328717945422714	29	0.0	-0.08649400105484363	0.09581075674086079	0.6512877488849984
GSE311294	GSM9322957_TR11_206	Official_BayesSpace_nrep1000	Official_BayesSpace_nrep1000	4	seed_11	True	signature	SIG_EXCLUSION_CONTRAST	CAF:FAP,COL1A1,DCN,COL3A1,LUM;MY:SPP1,LST1,TYROBP,C1QA,C1QB,C1QC;TCELL:TRAC,CD3D,CD3E,CD247	539	3203	1.993078363576638	1.7451722449181755	0.24790611865846257	0.17410952660552068	0.33915420875709457	1000	3.6653538385794415e-09	20	0.10325686373982135	-0.52288757471488	1.4171724660983793	1.3439630741457953e-08
GSE311294	GSM9322957_TR11_206	Official_BayesSpace_nrep1000	Official_BayesSpace_nrep1000	4	seed_23	False	signature	SIG_EXCLUSION_CONTRAST	CAF:FAP,COL1A1,DCN,COL3A1,LUM;MY:SPP1,LST1,TYROBP,C1QA,C1QB,C1QC;TCELL:TRAC,CD3D,CD3E,CD247	545	3197	2.0087661954144727	1.7441420087465467	0.264624186667926	0.17705330033600972	0.3609241915707836	1000	4.065392103800117e-10	20	0.142014728847925	-0.4476595960206814	1.4171724660983793	1.4906437713933762e-09
GSE311294	GSM9322957_TR11_206	Official_BayesSpace_nrep1000	Official_BayesSpace_nrep1000	4	seed_37	False	signature	SIG_EXCLUSION_CONTRAST	CAF:FAP,COL1A1,DCN,COL3A1,LUM;MY:SPP1,LST1,TYROBP,C1QA,C1QB,C1QC;TCELL:TRAC,CD3D,CD3E,CD247	1332	2410	1.6871493538017723	1.8294272211756748	-0.14227786737390247	-0.21215917159653067	-0.05995912850614758	1000	5.022235740961229e-07	29	0.014283015968246993	-0.4579818680695207	1.003273547861935	2.762229657528676e-06
GSE311294	GSM9322957_TR11_206	Official_BayesSpace_nrep1000	Official_BayesSpace_nrep1000	4	seed_11	True	signature	SIG_EXCLUSION_TGFB_CXCL12	TGFB1,CXCL12,ACTA2,TAGLN,FAP,COL1A1	539	3203	1.3943660172862729	1.1593240669027134	0.23504195038355946	0.12225368792302928	0.31202557903361483	1000	2.2440665063870838e-08	20	-0.020370761043411928	-0.42265403742409546	0.6846514120389087	6.17118289256448e-08
GSE311294	GSM9322957_TR11_206	Official_BayesSpace_nrep1000	Official_BayesSpace_nrep1000	4	seed_23	False	signature	SIG_EXCLUSION_TGFB_CXCL12	TGFB1,CXCL12,ACTA2,TAGLN,FAP,COL1A1	545	3197	1.3846679042773384	1.1595875804845865	0.2250803237927519	0.12231737330225449	0.3197908898111925	1000	3.7493636500626536e-08	20	0.030068087963060708	-0.3508254933052986	0.6846514120389087	1.0310750037672297e-07
GSE311294	GSM9322957_TR11_206	Official_BayesSpace_nrep1000	Official_BayesSpace_nrep1000	4	seed_37	False	signature	SIG_EXCLUSION_TGFB_CXCL12	TGFB1,CXCL12,ACTA2,TAGLN,FAP,COL1A1	1332	2410	1.0659442796318765	1.2400841991581435	-0.17413991952626695	-0.2277799643098879	-0.11018491161463714	1000	4.297316867711343e-11	29	-0.05833589117105076	-0.2897175368889048	0.3787210027306031	4.727048554482478e-10
GSE311294	GSM9322957_TR11_206	Official_BayesSpace_nrep1000	Official_BayesSpace_nrep1000	4	seed_11	True	signature	SIG_MY_SPP1	SPP1,LST1,TYROBP,C1QA,C1QB,C1QC	539	3203	0.2384922781070411	0.25466145160554726	-0.016169173498506162	-0.038807123953946254	0.02010957636154532	1000	0.9698300201418157	20	0.022081666063905436	-0.247813401572028	0.23776901368518394	0.9698300201418157
GSE311294	GSM9322957_TR11_206	Official_BayesSpace_nrep1000	Official_BayesSpace_nrep1000	4	seed_23	False	signature	SIG_MY_SPP1	SPP1,LST1,TYROBP,C1QA,C1QB,C1QC	545	3197	0.2384922781070411	0.2542384202078072	-0.01574614210076608	-0.04037539581319863	0.01921264778932399	1000	0.9501760848713979	20	0.025230253167615235	-0.20284825985296667	0.23776901368518394	0.9501760848713979
GSE311294	GSM9322957_TR11_206	Official_BayesSpace_nrep1000	Official_BayesSpace_nrep1000	4	seed_37	False	signature	SIG_MY_SPP1	SPP1,LST1,TYROBP,C1QA,C1QB,C1QC	1332	2410	0.2322880880993225	0.2701667110072937	-0.03787862290797123	-0.06037915873437821	-0.019196608521441453	1000	1.8731828432272249e-06	29	-0.019729175044377933	-0.19270429159564012	0.1392545579533973	6.868337091833158e-06
GSE311294	GSM9322957_TR11_206	Official_BayesSpace_nrep1000	Official_BayesSpace_nrep1000	4	seed_11	True	signature	SIG_TCELL	TRAC,CD3D,CD3E,CD247	539	3203	0.0	0.0	0.0	0.0	0.0	1000	0.26119227978381454	20	0.0	0.0	0.07562233215913908	0.287311507762196
GSE311294	GSM9322957_TR11_206	Official_BayesSpace_nrep1000	Official_BayesSpace_nrep1000	4	seed_23	False	signature	SIG_TCELL	TRAC,CD3D,CD3E,CD247	545	3197	0.0	0.0	0.0	0.0	0.0	1000	0.7790139772083206	20	0.0	0.0	0.11527064392493737	0.8569153749291527
GSE311294	GSM9322957_TR11_206	Official_BayesSpace_nrep1000	Official_BayesSpace_nrep1000	4	seed_37	False	signature	SIG_TCELL	TRAC,CD3D,CD3E,CD247	1332	2410	0.0	0.0	0.0	0.0	0.0	1000	0.9656808307906223	29	0.0	-0.07355194017442472	0.14415538971815822	0.9656808307906224
GSE311294	GSM9322957_TR11_206	Official_BayesSpace_nrep1000	Official_BayesSpace_nrep1000	4	seed_11	True	gene	SPP1	SPP1	539	3203	0.0	0.0	0.0	0.0	0.0	1000	0.001198277700250199	20	0.0	0.0	1.3358384546692135	0.002636210940550438
GSE311294	GSM9322957_TR11_206	Official_BayesSpace_nrep1000	Official_BayesSpace_nrep1000	4	seed_23	False	gene	SPP1	SPP1	545	3197	0.0	0.0	0.0	0.0	0.0	1000	0.0003317511807221159	20	0.0	0.0	1.3358384546692135	0.000729852597588655
GSE311294	GSM9322957_TR11_206	Official_BayesSpace_nrep1000	Official_BayesSpace_nrep1000	4	seed_37	False	gene	SPP1	SPP1	1332	2410	0.0	0.0	0.0	0.0	0.0	1000	0.00021585505213599998	29	0.0	-0.45160155292935816	0.9482998616254511	0.0004748811146992
GSE311294	GSM9322957_TR11_206	Official_BayesSpace_nrep1000	Official_BayesSpace_nrep1000	6	seed_11	True	gene	COL1A1	COL1A1	1913	1829	2.4700054109519116	2.823031900711972	-0.35302648976006035	-0.4406130891358312	-0.25518454167797894	1000	3.390211799380592e-19	31	-0.29010838860068633	-1.0739488453107682	1.7481942858279804	7.458465958637302e-19
GSE311294	GSM9322957_TR11_206	Official_BayesSpace_nrep1000	Official_BayesSpace_nrep1000	6	seed_23	False	gene	COL1A1	COL1A1	1536	2206	2.657674669217962	2.609696772565074	0.047977896652887875	-0.0662365624926711	0.15087593632598612	1000	0.15923467179469875	30	0.12976474934945625	-1.1016101198087493	1.7549588610146813	0.17515813897416863
GSE311294	GSM9322957_TR11_206	Official_BayesSpace_nrep1000	Official_BayesSpace_nrep1000	6	seed_37	False	gene	COL1A1	COL1A1	1917	1825	2.502832510185216	2.7670532415803786	-0.26422073139516256	-0.35025266231610713	-0.1668145561935929	1000	4.405995283161644e-13	30	-0.0389351296236049	-1.1228291229088685	1.6003472263185896	1.211648702869452e-12
GSE311294	GSM9322957_TR11_206	Official_BayesSpace_nrep1000	Official_BayesSpace_nrep1000	6	seed_11	True	gene	EPCAM	EPCAM	1913	1829	2.1153655075468314	0.0	2.1153655075468314	2.0502140547070877	2.180341984420251	1000	1.2369094809566143e-60	31	0.28201532499066806	-0.3698545048270149	2.3825000346888725	6.803002145261379e-60
GSE311294	GSM9322957_TR11_206	Official_BayesSpace_nrep1000	Official_BayesSpace_nrep1000	6	seed_23	False	gene	EPCAM	EPCAM	1536	2206	1.9193032809185462	1.5300915582849237	0.38921172263362247	0.2495683740806831	0.5551527884229415	1000	7.061092452967854e-07	30	0.0	-0.7981052281456109	2.1360559054518107	1.5534403396529279e-06
GSE311294	GSM9322957_TR11_206	Official_BayesSpace_nrep1000	Official_BayesSpace_nrep1000	6	seed_37	False	gene	EPCAM	EPCAM	1917	1825	1.870491810022769	1.492516574375198	0.37797523564757096	0.22696695851249682	0.5736884929541503	1000	3.918270936062647e-05	30	0.0	-0.9043132294749979	2.1360559054518107	5.3876225370861395e-05
GSE311294	GSM9322957_TR11_206	Official_BayesSpace_nrep1000	Official_BayesSpace_nrep1000	6	seed_11	True	gene	FAP	FAP	1913	1829	0.0	0.0	0.0	0.0	0.0	1000	0.012103981064965462	31	0.0	-0.43947720172221094	0.6390279073296199	0.01664297396432751
GSE311294	GSM9322957_TR11_206	Official_BayesSpace_nrep1000	Official_BayesSpace_nrep1000	6	seed_23	False	gene	FAP	FAP	1536	2206	0.0	0.0	0.0	0.0	0.0	1000	0.001430321264353509	30	0.0	-0.2438270073371158	0.6498685776995666	0.0022476477011269427
GSE311294	GSM9322957_TR11_206	Official_BayesSpace_nrep1000	Official_BayesSpace_nrep1000	6	seed_37	False	gene	FAP	FAP	1917	1825	0.0	0.0	0.0	0.0	0.0	1000	3.2044419951398796e-09	30	0.0	-0.5216815611670983	0.6498685776995666	5.874810324423113e-09
GSE311294	GSM9322957_TR11_206	Official_BayesSpace_nrep1000	Official_BayesSpace_nrep1000	6	seed_11	True	gene	PTPRC	PTPRC	1913	1829	0.0	0.0	0.0	0.0	0.0	1000	0.0020701286696566865	31	0.0	0.0	0.0	0.003795235894370592
GSE311294	GSM9322957_TR11_206	Official_BayesSpace_nrep1000	Official_BayesSpace_nrep1000	6	seed_23	False	gene	PTPRC	PTPRC	1536	2206	0.0	0.0	0.0	0.0	0.0	1000	0.9791890733004756	30	0.0	0.0	0.0	0.9791890733004756
GSE311294	GSM9322957_TR11_206	Official_BayesSpace_nrep1000	Official_BayesSpace_nrep1000	6	seed_37	False	gene	PTPRC	PTPRC	1917	1825	0.0	0.0	0.0	0.0	0.0	1000	0.28973541579030426	30	0.0	0.0	0.0	0.3541210637437052
GSE311294	GSM9322957_TR11_206	Official_BayesSpace_nrep1000	Official_BayesSpace_nrep1000	6	seed_11	True	signature	SIG_CAF_FAP	FAP,COL1A1,DCN,COL3A1,LUM	1913	1829	1.4861817377864344	1.744735076993567	-0.25855333920713264	-0.31139519917188635	-0.2065827924733995	1000	4.91511753405314e-34	31	-0.15117033211623565	-0.49087647571962206	0.9436385973981241	1.802209762486151e-33
GSE311294	GSM9322957_TR11_206	Official_BayesSpace_nrep1000	Official_BayesSpace_nrep1000	6	seed_23	False	signature	SIG_CAF_FAP	FAP,COL1A1,DCN,COL3A1,LUM	1536	2206	1.563364794287194	1.6619489137047943	-0.09858411941760026	-0.1482937996512573	-0.051056983579599695	1000	2.588993907618742e-06	30	0.009724303192542583	-0.5211122150291941	0.9814707638004514	4.7464888306343605e-06
GSE311294	GSM9322957_TR11_206	Official_BayesSpace_nrep1000	Official_BayesSpace_nrep1000	6	seed_37	False	signature	SIG_CAF_FAP	FAP,COL1A1,DCN,COL3A1,LUM	1917	1825	1.5123098503553798	1.7242287118919957	-0.21191886153661588	-0.2715531940963174	-0.15125661120374712	1000	6.186195000084896e-25	30	-0.08105453560398546	-0.5215339652430254	0.9419264598097876	3.507246489632614e-24
GSE311294	GSM9322957_TR11_206	Official_BayesSpace_nrep1000	Official_BayesSpace_nrep1000	6	seed_11	True	signature	SIG_CYTOTOX	NKG7,GNLY,GZMB,PRF1,IFNG	1913	1829	0.0	0.0	0.0	0.0	0.0	1000	0.0026687262273994996	31	0.0	-0.02002634132337909	0.09676597384338806	0.004193712643056356
GSE311294	GSM9322957_TR11_206	Official_BayesSpace_nrep1000	Official_BayesSpace_nrep1000	6	seed_23	False	signature	SIG_CYTOTOX	NKG7,GNLY,GZMB,PRF1,IFNG	1536	2206	0.0	0.0	0.0	0.0	0.0	1000	0.02736774512897386	30	0.0	-0.10462070178863901	0.14196141326663542	0.03763064955233906
GSE311294	GSM9322957_TR11_206	Official_BayesSpace_nrep1000	Official_BayesSpace_nrep1000	6	seed_37	False	signature	SIG_CYTOTOX	NKG7,GNLY,GZMB,PRF1,IFNG	1917	1825	0.0	0.0	0.0	0.0	0.0	1000	0.810816098026224	30	0.0	-0.1284533182099677	0.07675986274186425	0.810816098026224
GSE311294	GSM9322957_TR11_206	Official_BayesSpace_nrep1000	Official_BayesSpace_nrep1000	6	seed_11	True	signature	SIG_EXCLUSION_CONTRAST	CAF:FAP,COL1A1,DCN,COL3A1,LUM;MY:SPP1,LST1,TYROBP,C1QA,C1QB,C1QC;TCELL:TRAC,CD3D,CD3E,CD247	1913	1829	1.6444366786750948	1.9072943516879062	-0.2628576730128114	-0.32917594633034974	-0.20490497104792907	1000	5.370037732154654e-27	31	-0.10707202697756468	-0.6517780213896072	1.0368525917729872	1.4767603763425298e-26
GSE311294	GSM9322957_TR11_206	Official_BayesSpace_nrep1000	Official_BayesSpace_nrep1000	6	seed_23	False	signature	SIG_EXCLUSION_CONTRAST	CAF:FAP,COL1A1,DCN,COL3A1,LUM;MY:SPP1,LST1,TYROBP,C1QA,C1QB,C1QC;TCELL:TRAC,CD3D,CD3E,CD247	1536	2206	1.6956703507196353	1.840761850124999	-0.1450914994053636	-0.21056529615917108	-0.06907263390679767	1000	1.5518133634169902e-09	30	-0.01834664135155728	-0.4401226429202588	1.0123111676439558	8.534973498793446e-09
GSE311294	GSM9322957_TR11_206	Official_BayesSpace_nrep1000	Official_BayesSpace_nrep1000	6	seed_37	False	signature	SIG_EXCLUSION_CONTRAST	CAF:FAP,COL1A1,DCN,COL3A1,LUM;MY:SPP1,LST1,TYROBP,C1QA,C1QB,C1QC;TCELL:TRAC,CD3D,CD3E,CD247	1917	1825	1.6661532751780839	1.9083792480733854	-0.24222597289530157	-0.31466699112302415	-0.17415159204632247	1000	9.565217698998038e-25	30	-0.02088251207162961	-0.6174346566647879	0.9908653318650864	3.507246489632614e-24
GSE311294	GSM9322957_TR11_206	Official_BayesSpace_nrep1000	Official_BayesSpace_nrep1000	6	seed_11	True	signature	SIG_EXCLUSION_TGFB_CXCL12	TGFB1,CXCL12,ACTA2,TAGLN,FAP,COL1A1	1913	1829	0.9863168404865394	1.4408119477893155	-0.4544951073027761	-0.5222976980003828	-0.40228239153254153	1000	6.030697351882381e-66	31	-0.1260042251507032	-0.39737332719167434	0.27477522260521237	6.633767087070619e-65
GSE311294	GSM9322957_TR11_206	Official_BayesSpace_nrep1000	Official_BayesSpace_nrep1000	6	seed_23	False	signature	SIG_EXCLUSION_TGFB_CXCL12	TGFB1,CXCL12,ACTA2,TAGLN,FAP,COL1A1	1536	2206	1.0209155541536905	1.3105919237760135	-0.289676369622323	-0.352615470089706	-0.22705692848314285	1000	4.229971658463208e-27	30	-0.014473020984167528	-0.42034075746185695	0.36556976515770045	4.6529688243095285e-26
GSE311294	GSM9322957_TR11_206	Official_BayesSpace_nrep1000	Official_BayesSpace_nrep1000	6	seed_37	False	signature	SIG_EXCLUSION_TGFB_CXCL12	TGFB1,CXCL12,ACTA2,TAGLN,FAP,COL1A1	1917	1825	1.0794524718107075	1.3253283146448236	-0.24587584283411612	-0.32618817718586524	-0.17232646994222844	1000	6.51290142555443e-25	30	-0.021155813106627674	-0.3852075948768846	0.3966718518822743	3.507246489632614e-24
GSE311294	GSM9322957_TR11_206	Official_BayesSpace_nrep1000	Official_BayesSpace_nrep1000	6	seed_11	True	signature	SIG_MY_SPP1	SPP1,LST1,TYROBP,C1QA,C1QB,C1QC	1913	1829	0.24516159437812168	0.26232094883990487	-0.017159354461783183	-0.03155327215692983	-0.0006636958446218274	1000	0.5248844753602946	31	0.018584627189428382	-0.1464392698611718	0.2336181199174185	0.5248844753602946
GSE311294	GSM9322957_TR11_206	Official_BayesSpace_nrep1000	Official_BayesSpace_nrep1000	6	seed_23	False	signature	SIG_MY_SPP1	SPP1,LST1,TYROBP,C1QA,C1QB,C1QC	1536	2206	0.2260698362264978	0.2722539948151939	-0.04618415858869612	-0.06945945342929159	-0.02657218756223008	1000	2.1260779934582713e-08	30	-0.023884687372837818	-0.20257122732920466	0.1390082614274543	7.795619309346994e-08
GSE311294	GSM9322957_TR11_206	Official_BayesSpace_nrep1000	Official_BayesSpace_nrep1000	6	seed_37	False	signature	SIG_MY_SPP1	SPP1,LST1,TYROBP,C1QA,C1QB,C1QC	1917	1825	0.23590184522510824	0.2706468303911005	-0.034744985165992254	-0.057054602501640836	-0.01856883227287402	1000	8.576835603535924e-07	30	-0.019778999987929577	-0.2579017525341976	0.13363189301457995	1.3477884519842167e-06
GSE311294	GSM9322957_TR11_206	Official_BayesSpace_nrep1000	Official_BayesSpace_nrep1000	6	seed_11	True	signature	SIG_TCELL	TRAC,CD3D,CD3E,CD247	1913	1829	0.0	0.0	0.0	0.0	0.0	1000	0.0291197924138054	31	0.0	-0.11510168947333389	0.05476222701195957	0.035590857394651045
GSE311294	GSM9322957_TR11_206	Official_BayesSpace_nrep1000	Official_BayesSpace_nrep1000	6	seed_23	False	signature	SIG_TCELL	TRAC,CD3D,CD3E,CD247	1536	2206	0.0	0.0	0.0	0.0	0.0	1000	0.12641505298095296	30	0.0	-0.014323656388862611	0.030704691288673445	0.15450728697672028
GSE311294	GSM9322957_TR11_206	Official_BayesSpace_nrep1000	Official_BayesSpace_nrep1000	6	seed_37	False	signature	SIG_TCELL	TRAC,CD3D,CD3E,CD247	1917	1825	0.0	0.0	0.0	0.0	0.0	1000	0.7907728360305264	30	0.0	-0.17872117156862388	0.030704691288673445	0.810816098026224
GSE311294	GSM9322957_TR11_206	Official_BayesSpace_nrep1000	Official_BayesSpace_nrep1000	6	seed_11	True	gene	SPP1	SPP1	1913	1829	0.0	0.0	0.0	0.0	0.0	1000	0.1850155912664807	31	0.0	-0.5211598319795983	0.9095603443935829	0.2035171503931288
GSE311294	GSM9322957_TR11_206	Official_BayesSpace_nrep1000	Official_BayesSpace_nrep1000	6	seed_23	False	gene	SPP1	SPP1	1536	2206	0.0	0.0	0.0	0.0	0.0	1000	3.581317440625107e-08	30	0.0	-0.7355194465209947	0.9516871569510612	9.848622961719045e-08
GSE311294	GSM9322957_TR11_206	Official_BayesSpace_nrep1000	Official_BayesSpace_nrep1000	6	seed_37	False	gene	SPP1	SPP1	1917	1825	0.0	0.0	0.0	0.0	0.0	1000	6.682120880830729e-13	30	0.0	-0.7446428404590246	0.9464426478782476	1.4700665937827603e-12
GSE311294	GSM9322959_TR11_18105	Official_BayesSpace_nrep1000	Official_BayesSpace_nrep1000	4	seed_11	True	gene	COL1A1	COL1A1	956	2717	4.404026721285915	4.4762696699106055	-0.07224294862469005	-0.1311497058170611	0.018652089912413215	1000	2.2391844822429794e-06	27	-0.133742705030512	-0.6830198916406639	0.5695278105984769	4.1051715507787956e-06
GSE311294	GSM9322959_TR11_18105	Official_BayesSpace_nrep1000	Official_BayesSpace_nrep1000	4	seed_23	False	gene	COL1A1	COL1A1	1055	2618	4.511849017779065	4.4331422582961775	0.07870675948288763	0.013115259417923355	0.14075719342265589	1000	0.9442217574323875	28	-0.040382797479797894	-0.5729169515131827	1.0221908965237765	0.9442217574323876
GSE311294	GSM9322959_TR11_18105	Official_BayesSpace_nrep1000	Official_BayesSpace_nrep1000	4	seed_37	False	gene	COL1A1	COL1A1	942	2731	4.435351879945823	4.469704755767112	-0.03435287582128943	-0.10130634275098027	0.04446515121786207	1000	0.00017509797306711463	27	-0.05056572583130503	-0.6668387574412821	0.5354794941390832	0.0003210129506230435
GSE311294	GSM9322959_TR11_18105	Official_BayesSpace_nrep1000	Official_BayesSpace_nrep1000	4	seed_11	True	gene	EPCAM	EPCAM	956	2717	0.0	0.0	0.0	0.0	0.0	1000	1.4358850258014492e-73	27	0.0	-0.6861652506439908	1.8684023953745843	1.579473528381594e-72
GSE311294	GSM9322959_TR11_18105	Official_BayesSpace_nrep1000	Official_BayesSpace_nrep1000	4	seed_23	False	gene	EPCAM	EPCAM	1055	2618	0.0	0.0	0.0	0.0	0.0	1000	5.685685603105596e-61	28	0.0	-0.6371534470265628	1.8376294159454414	6.254254163416156e-60
GSE311294	GSM9322959_TR11_18105	Official_BayesSpace_nrep1000	Official_BayesSpace_nrep1000	4	seed_37	False	gene	EPCAM	EPCAM	942	2731	0.0	0.0	0.0	0.0	0.0	1000	1.3338512764179158e-70	27	0.0	-0.6808598840694314	1.8459862489140397	1.4672364040597074e-69
GSE311294	GSM9322959_TR11_18105	Official_BayesSpace_nrep1000	Official_BayesSpace_nrep1000	4	seed_11	True	gene	FAP	FAP	956	2717	0.0	0.0	0.0	0.0	0.0	1000	0.02321267098973807	27	0.0	-0.908261705782843	1.2548541322082836	0.028371042320790976
GSE311294	GSM9322959_TR11_18105	Official_BayesSpace_nrep1000	Official_BayesSpace_nrep1000	4	seed_23	False	gene	FAP	FAP	1055	2618	0.0	0.0	0.0	0.0	0.0	1000	0.8455010370694034	28	0.0	-1.1401719249816316	0.4670373818655368	0.9442217574323876
GSE311294	GSM9322959_TR11_18105	Official_BayesSpace_nrep1000	Official_BayesSpace_nrep1000	4	seed_37	False	gene	FAP	FAP	942	2731	0.0	0.0	0.0	0.0	0.0	1000	0.06461349090889665	27	0.0	-0.9137674110291576	1.2810945374919689	0.07107483999978631
GSE311294	GSM9322959_TR11_18105	Official_BayesSpace_nrep1000	Official_BayesSpace_nrep1000	4	seed_11	True	gene	PTPRC	PTPRC	956	2717	0.0	0.0	0.0	0.0	0.0	1000	0.16510700671565226	27	0.0	0.0	0.0	0.16510700671565226
GSE311294	GSM9322959_TR11_18105	Official_BayesSpace_nrep1000	Official_BayesSpace_nrep1000	4	seed_23	False	gene	PTPRC	PTPRC	1055	2618	0.0	0.0	0.0	0.0	0.0	1000	0.9142440078473336	28	0.0	0.0	0.0	0.9442217574323876
GSE311294	GSM9322959_TR11_18105	Official_BayesSpace_nrep1000	Official_BayesSpace_nrep1000	4	seed_37	False	gene	PTPRC	PTPRC	942	2731	0.0	0.0	0.0	0.0	0.0	1000	0.2839551746516529	27	0.0	0.0	0.0	0.2839551746516529
GSE311294	GSM9322959_TR11_18105	Official_BayesSpace_nrep1000	Official_BayesSpace_nrep1000	4	seed_11	True	signature	SIG_CAF_FAP	FAP,COL1A1,DCN,COL3A1,LUM	956	2717	2.4914062981779725	2.7382214518792933	-0.2468151537013208	-0.31436455807764446	-0.17575182827076075	1000	3.544924251858757e-20	27	-0.2025943046272931	-0.8280211230168085	0.5023808889620205	7.798833354089265e-20
GSE311294	GSM9322959_TR11_18105	Official_BayesSpace_nrep1000	Official_BayesSpace_nrep1000	4	seed_23	False	signature	SIG_CAF_FAP	FAP,COL1A1,DCN,COL3A1,LUM	1055	2618	2.5846605167856707	2.7355715710114086	-0.15091105422573792	-0.21867880660211073	-0.09393768861788736	1000	8.107701457763731e-08	28	-0.18419406398299354	-0.5910636170228082	0.7034466319246667	1.783694320708021e-07
GSE311294	GSM9322959_TR11_18105	Official_BayesSpace_nrep1000	Official_BayesSpace_nrep1000	4	seed_37	False	signature	SIG_CAF_FAP	FAP,COL1A1,DCN,COL3A1,LUM	942	2731	2.512458990121744	2.73497540055859	-0.222516410436846	-0.28603024604128113	-0.14712600793414035	1000	2.959082699430275e-16	27	-0.08633495273947389	-0.7380364344881193	0.3444858321543833	6.509981938746605e-16
GSE311294	GSM9322959_TR11_18105	Official_BayesSpace_nrep1000	Official_BayesSpace_nrep1000	4	seed_11	True	signature	SIG_CYTOTOX	NKG7,GNLY,GZMB,PRF1,IFNG	956	2717	0.0	0.0	0.0	0.0	0.0	1000	0.004053767382676577	27	0.0	0.0	0.05549771269168023	0.0055739301511802935
GSE311294	GSM9322959_TR11_18105	Official_BayesSpace_nrep1000	Official_BayesSpace_nrep1000	4	seed_23	False	signature	SIG_CYTOTOX	NKG7,GNLY,GZMB,PRF1,IFNG	1055	2618	0.0	0.0	0.0	0.0	0.0	1000	0.9222685777866839	28	0.0	0.0	0.0	0.9442217574323876
GSE311294	GSM9322959_TR11_18105	Official_BayesSpace_nrep1000	Official_BayesSpace_nrep1000	4	seed_37	False	signature	SIG_CYTOTOX	NKG7,GNLY,GZMB,PRF1,IFNG	942	2731	0.0	0.0	0.0	0.0	0.0	1000	0.025992128285683414	27	0.0	0.0	0.06263810585946888	0.03176815679361306
GSE311294	GSM9322959_TR11_18105	Official_BayesSpace_nrep1000	Official_BayesSpace_nrep1000	4	seed_11	True	signature	SIG_EXCLUSION_CONTRAST	CAF:FAP,COL1A1,DCN,COL3A1,LUM;MY:SPP1,LST1,TYROBP,C1QA,C1QB,C1QC;TCELL:TRAC,CD3D,CD3E,CD247	956	2717	2.6908408741140173	3.084793062139189	-0.3939521880251715	-0.48809365479934463	-0.3183065190996216	1000	3.3655972102713155e-29	27	-0.3198287338251915	-1.0163581852978798	0.5543378528487737	1.8510784656492235e-28
GSE311294	GSM9322959_TR11_18105	Official_BayesSpace_nrep1000	Official_BayesSpace_nrep1000	4	seed_23	False	signature	SIG_EXCLUSION_CONTRAST	CAF:FAP,COL1A1,DCN,COL3A1,LUM;MY:SPP1,LST1,TYROBP,C1QA,C1QB,C1QC;TCELL:TRAC,CD3D,CD3E,CD247	1055	2618	2.729658010715319	3.0932789283460553	-0.36362091763073634	-0.43360350666351827	-0.2813223716234104	1000	6.2448679583690606e-18	28	-0.33732270342062676	-1.0194897893344508	0.7441949176008524	3.434677377102983e-17
GSE311294	GSM9322959_TR11_18105	Official_BayesSpace_nrep1000	Official_BayesSpace_nrep1000	4	seed_37	False	signature	SIG_EXCLUSION_CONTRAST	CAF:FAP,COL1A1,DCN,COL3A1,LUM;MY:SPP1,LST1,TYROBP,C1QA,C1QB,C1QC;TCELL:TRAC,CD3D,CD3E,CD247	942	2731	2.710256579602799	3.0842031104463596	-0.3739465308435608	-0.46809535986043405	-0.3066450595341229	1000	8.507396362156063e-27	27	-0.2738158747142201	-0.9532582639332077	0.4875674007312685	4.6790679991858347e-26
GSE311294	GSM9322959_TR11_18105	Official_BayesSpace_nrep1000	Official_BayesSpace_nrep1000	4	seed_11	True	signature	SIG_EXCLUSION_TGFB_CXCL12	TGFB1,CXCL12,ACTA2,TAGLN,FAP,COL1A1	956	2717	1.4345480533625454	1.665050129162265	-0.2305020757997196	-0.2888083836002377	-0.16133031895845684	1000	4.90495546536104e-21	27	-0.14594755391191372	-0.6270415488394481	0.333288308357269	1.7984836706323815e-20
GSE311294	GSM9322959_TR11_18105	Official_BayesSpace_nrep1000	Official_BayesSpace_nrep1000	4	seed_23	False	signature	SIG_EXCLUSION_TGFB_CXCL12	TGFB1,CXCL12,ACTA2,TAGLN,FAP,COL1A1	1055	2618	1.517303388016651	1.6539536880635135	-0.1366503000468624	-0.18426671278231335	-0.09699200083804824	1000	4.250303738899675e-08	28	-0.12961136027889553	-0.6202550898974507	0.506485369886371	1.1688335281974108e-07
GSE311294	GSM9322959_TR11_18105	Official_BayesSpace_nrep1000	Official_BayesSpace_nrep1000	4	seed_37	False	signature	SIG_EXCLUSION_TGFB_CXCL12	TGFB1,CXCL12,ACTA2,TAGLN,FAP,COL1A1	942	2731	1.454752177640454	1.6598142692076319	-0.20506209156717792	-0.26915418589315554	-0.15059820695721113	1000	6.110851076262377e-18	27	-0.13271737155606278	-0.5745901647076087	0.3250390602308785	1.6804840459721537e-17
GSE311294	GSM9322959_TR11_18105	Official_BayesSpace_nrep1000	Official_BayesSpace_nrep1000	4	seed_11	True	signature	SIG_MY_SPP1	SPP1,LST1,TYROBP,C1QA,C1QB,C1QC	956	2717	0.2706114571541376	0.352801634473443	-0.08219017731930539	-0.1141920225251587	-0.06115247387552032	1000	2.0558961055130604e-20	27	-0.036766478201610886	-0.659754606664164	0.3061183140853804	5.653714290160916e-20
GSE311294	GSM9322959_TR11_18105	Official_BayesSpace_nrep1000	Official_BayesSpace_nrep1000	4	seed_23	False	signature	SIG_MY_SPP1	SPP1,LST1,TYROBP,C1QA,C1QB,C1QC	1055	2618	0.28413831920921423	0.35387691882198175	-0.06973859961276752	-0.09377745323244595	-0.04949795884731809	1000	2.871954154532311e-16	28	-0.032541398983141095	-0.7494983502587935	0.2931920871784372	1.0530498566618474e-15
GSE311294	GSM9322959_TR11_18105	Official_BayesSpace_nrep1000	Official_BayesSpace_nrep1000	4	seed_37	False	signature	SIG_MY_SPP1	SPP1,LST1,TYROBP,C1QA,C1QB,C1QC	942	2731	0.26841671429604574	0.3535533744012691	-0.08513666010522336	-0.11616102023626713	-0.06379279713779851	1000	2.677332057978538e-21	27	-0.036766478201610886	-0.6648472459631923	0.2903278131347679	9.81688421258797e-21
GSE311294	GSM9322959_TR11_18105	Official_BayesSpace_nrep1000	Official_BayesSpace_nrep1000	4	seed_11	True	signature	SIG_TCELL	TRAC,CD3D,CD3E,CD247	956	2717	0.0	0.0	0.0	0.0	0.0	1000	7.472716628882992e-05	27	0.0	-0.2860555977899312	0.0	0.0001174284041681613
GSE311294	GSM9322959_TR11_18105	Official_BayesSpace_nrep1000	Official_BayesSpace_nrep1000	4	seed_23	False	signature	SIG_TCELL	TRAC,CD3D,CD3E,CD247	1055	2618	0.0	0.0	0.0	0.0	0.0	1000	0.43617832657950917	28	0.0	-0.24234355521723155	0.0	0.685423084624943
GSE311294	GSM9322959_TR11_18105	Official_BayesSpace_nrep1000	Official_BayesSpace_nrep1000	4	seed_37	False	signature	SIG_TCELL	TRAC,CD3D,CD3E,CD247	942	2731	0.0	0.0	0.0	0.0	0.0	1000	0.004241304498731489	27	0.0	-0.19615029335674378	0.0	0.006664907069435197
GSE311294	GSM9322959_TR11_18105	Official_BayesSpace_nrep1000	Official_BayesSpace_nrep1000	4	seed_11	True	gene	SPP1	SPP1	956	2717	0.0	0.0	0.0	0.0	0.0	1000	0.05428683875663262	27	0.0	-1.2277492462147548	0.594360966649555	0.05971552263229588
GSE311294	GSM9322959_TR11_18105	Official_BayesSpace_nrep1000	Official_BayesSpace_nrep1000	4	seed_23	False	gene	SPP1	SPP1	1055	2618	0.0	0.0	0.0	0.0	0.0	1000	0.096842739295724	28	0.0	-1.0996021257256443	0.5243189277092631	0.1775450220421607
GSE311294	GSM9322959_TR11_18105	Official_BayesSpace_nrep1000	Official_BayesSpace_nrep1000	4	seed_37	False	gene	SPP1	SPP1	942	2731	0.0	0.0	0.0	0.0	0.0	1000	0.014123562254982175	27	0.0	-1.2331006666023447	0.0	0.01941989810060049
GSE311294	GSM9322959_TR11_18105	Official_BayesSpace_nrep1000	Official_BayesSpace_nrep1000	6	seed_11	True	gene	COL1A1	COL1A1	1278	2395	4.4115867560299815	4.489488599276949	-0.07790184324696714	-0.12817809676962583	-0.007573337156396083	1000	7.097270762517226e-06	28	-0.02268337700048284	-0.5782698234644978	0.9892406390868648	1.5613995677537897e-05
GSE311294	GSM9322959_TR11_18105	Official_BayesSpace_nrep1000	Official_BayesSpace_nrep1000	6	seed_23	False	gene	COL1A1	COL1A1	1355	2318	4.541244006333521	4.4053077439534505	0.13593626238007062	0.06651923291260416	0.200050419659842	1000	1.6340274876782136e-05	31	0.07174976301533942	-0.4856952090396751	0.7710390729716058	8.987151182230175e-05
GSE311294	GSM9322959_TR11_18105	Official_BayesSpace_nrep1000	Official_BayesSpace_nrep1000	6	seed_37	False	gene	COL1A1	COL1A1	1353	2320	4.397871901610342	4.503782602655578	-0.10591070104523581	-0.16971930217534187	-0.029776415248194396	1000	1.7123106275624623e-09	30	-0.06695517341323276	-0.6864281779173154	1.125747248334029	3.7670833806374175e-09
GSE311294	GSM9322959_TR11_18105	Official_BayesSpace_nrep1000	Official_BayesSpace_nrep1000	6	seed_11	True	gene	EPCAM	EPCAM	1278	2395	0.0	0.0	0.0	0.0	0.0	1000	1.9267491476518077e-43	28	0.0	-0.6314754915144034	1.4905753940861997	2.1194240624169886e-42
GSE311294	GSM9322959_TR11_18105	Official_BayesSpace_nrep1000	Official_BayesSpace_nrep1000	6	seed_23	False	gene	EPCAM	EPCAM	1355	2318	0.0	0.0	0.0	0.0	0.0	1000	1.9535584005118038e-41	31	0.0	-0.4750531943595281	1.658740484798118	2.148914240562984e-40
GSE311294	GSM9322959_TR11_18105	Official_BayesSpace_nrep1000	Official_BayesSpace_nrep1000	6	seed_37	False	gene	EPCAM	EPCAM	1353	2320	0.0	0.0	0.0	0.0	0.0	1000	2.6881360441756466e-39	30	0.0	-0.5355972590694464	1.8900065962935804	2.9569496485932115e-38
GSE311294	GSM9322959_TR11_18105	Official_BayesSpace_nrep1000	Official_BayesSpace_nrep1000	6	seed_11	True	gene	FAP	FAP	1278	2395	0.0	0.0	0.0	0.0	0.0	1000	0.02568384185358806	28	0.0	-1.1965666322162338	1.284906050204679	0.03531528254868358
GSE311294	GSM9322959_TR11_18105	Official_BayesSpace_nrep1000	Official_BayesSpace_nrep1000	6	seed_23	False	gene	FAP	FAP	1355	2318	0.0	0.0	0.0	0.0	0.0	1000	0.6929146982815597	31	0.0	-1.1364528650778407	0.9208091141354535	0.7622061681097156
GSE311294	GSM9322959_TR11_18105	Official_BayesSpace_nrep1000	Official_BayesSpace_nrep1000	6	seed_37	False	gene	FAP	FAP	1353	2320	0.0	0.0	0.0	0.0	0.0	1000	0.05570659828985473	30	0.0	-1.402990999785379	0.3942490290856197	0.0875389401697717
GSE311294	GSM9322959_TR11_18105	Official_BayesSpace_nrep1000	Official_BayesSpace_nrep1000	6	seed_11	True	gene	PTPRC	PTPRC	1278	2395	0.0	0.0	0.0	0.0	0.0	1000	0.7429841451286978	28	0.0	0.0	0.0	0.8172825596415676
GSE311294	GSM9322959_TR11_18105	Official_BayesSpace_nrep1000	Official_BayesSpace_nrep1000	6	seed_23	False	gene	PTPRC	PTPRC	1355	2318	0.0	0.0	0.0	0.0	0.0	1000	0.919427161858443	31	0.0	0.0	0.0	0.919427161858443
GSE311294	GSM9322959_TR11_18105	Official_BayesSpace_nrep1000	Official_BayesSpace_nrep1000	6	seed_37	False	gene	PTPRC	PTPRC	1353	2320	0.0	0.0	0.0	0.0	0.0	1000	0.3223625080368162	30	0.0	0.0	0.0	0.3223625080368162
GSE311294	GSM9322959_TR11_18105	Official_BayesSpace_nrep1000	Official_BayesSpace_nrep1000	6	seed_11	True	signature	SIG_CAF_FAP	FAP,COL1A1,DCN,COL3A1,LUM	1278	2395	2.5817768591255055	2.7404336455449396	-0.15865678641943415	-0.22333633913316062	-0.10254100986046266	1000	1.814695359515125e-12	28	-0.03582706270827596	-0.6945747835510611	0.5454548236839545	6.653882984888791e-12
GSE311294	GSM9322959_TR11_18105	Official_BayesSpace_nrep1000	Official_BayesSpace_nrep1000	6	seed_23	False	signature	SIG_CAF_FAP	FAP,COL1A1,DCN,COL3A1,LUM	1355	2318	2.6639381650729845	2.695536211737835	-0.03159804666485044	-0.09077883744974131	0.02122054698740582	1000	0.6428031561945358	31	-0.04457290178875439	-0.5405447883717196	0.664370777336998	0.7622061681097156
GSE311294	GSM9322959_TR11_18105	Official_BayesSpace_nrep1000	Official_BayesSpace_nrep1000	6	seed_37	False	signature	SIG_CAF_FAP	FAP,COL1A1,DCN,COL3A1,LUM	1353	2320	2.5846287665416012	2.7581653129740173	-0.17353654643241612	-0.23452379972335008	-0.12602049958233505	1000	9.491079225943034e-17	30	-0.1068401628577389	-0.7928825448204321	0.6716964089931092	2.6100467871343343e-16
GSE311294	GSM9322959_TR11_18105	Official_BayesSpace_nrep1000	Official_BayesSpace_nrep1000	6	seed_11	True	signature	SIG_CYTOTOX	NKG7,GNLY,GZMB,PRF1,IFNG	1278	2395	0.0	0.0	0.0	0.0	0.0	1000	0.3463887437567035	28	0.0	0.0	0.05153359035656042	0.423364020147082
GSE311294	GSM9322959_TR11_18105	Official_BayesSpace_nrep1000	Official_BayesSpace_nrep1000	6	seed_23	False	signature	SIG_CYTOTOX	NKG7,GNLY,GZMB,PRF1,IFNG	1355	2318	0.0	0.0	0.0	0.0	0.0	1000	0.38649651669891616	31	0.0	0.0	0.019820611675600203	0.5314327104610097
GSE311294	GSM9322959_TR11_18105	Official_BayesSpace_nrep1000	Official_BayesSpace_nrep1000	6	seed_37	False	signature	SIG_CYTOTOX	NKG7,GNLY,GZMB,PRF1,IFNG	1353	2320	0.0	0.0	0.0	0.0	0.0	1000	0.15945299811313085	30	0.0	0.0	0.07532289215779525	0.21924787240555493
GSE311294	GSM9322959_TR11_18105	Official_BayesSpace_nrep1000	Official_BayesSpace_nrep1000	6	seed_11	True	signature	SIG_EXCLUSION_CONTRAST	CAF:FAP,COL1A1,DCN,COL3A1,LUM;MY:SPP1,LST1,TYROBP,C1QA,C1QB,C1QC;TCELL:TRAC,CD3D,CD3E,CD247	1278	2395	2.859572322179427	3.067380965401839	-0.20780864322241177	-0.29294414523312734	-0.12862061815366405	1000	1.3482395047890405e-12	28	-0.17409714502087148	-0.7824271741388055	0.7234133851847442	6.653882984888791e-12
GSE311294	GSM9322959_TR11_18105	Official_BayesSpace_nrep1000	Official_BayesSpace_nrep1000	6	seed_23	False	signature	SIG_EXCLUSION_CONTRAST	CAF:FAP,COL1A1,DCN,COL3A1,LUM;MY:SPP1,LST1,TYROBP,C1QA,C1QB,C1QC;TCELL:TRAC,CD3D,CD3E,CD247	1355	2318	2.9388537640582406	3.022600919003396	-0.08374715494515517	-0.14513468646147992	-0.0029006739648122963	1000	0.1423845253740468	31	-0.11361333209103686	-0.6770550360851569	0.5997088821283955	0.31324595582290293
GSE311294	GSM9322959_TR11_18105	Official_BayesSpace_nrep1000	Official_BayesSpace_nrep1000	6	seed_37	False	signature	SIG_EXCLUSION_CONTRAST	CAF:FAP,COL1A1,DCN,COL3A1,LUM;MY:SPP1,LST1,TYROBP,C1QA,C1QB,C1QC;TCELL:TRAC,CD3D,CD3E,CD247	1353	2320	2.798251137260387	3.112694671585183	-0.31444353432479577	-0.3925654099724376	-0.2260711198062125	1000	2.4688497522571747e-20	30	-0.11309112025382584	-0.9386043161423309	0.7689045745199895	9.052449091609641e-20
GSE311294	GSM9322959_TR11_18105	Official_BayesSpace_nrep1000	Official_BayesSpace_nrep1000	6	seed_11	True	signature	SIG_EXCLUSION_TGFB_CXCL12	TGFB1,CXCL12,ACTA2,TAGLN,FAP,COL1A1	1278	2395	1.5366609159946103	1.6559422633501037	-0.11928134735549345	-0.16765364250093343	-0.07517697433079149	1000	7.494632661624786e-10	28	-0.04176647043614479	-0.5185050515769274	0.48756733110974027	2.0610239819468162e-09
GSE311294	GSM9322959_TR11_18105	Official_BayesSpace_nrep1000	Official_BayesSpace_nrep1000	6	seed_23	False	signature	SIG_EXCLUSION_TGFB_CXCL12	TGFB1,CXCL12,ACTA2,TAGLN,FAP,COL1A1	1355	2318	1.627847403680794	1.6057269260012648	0.022120477679529182	-0.032367160563035374	0.05631936958626478	1000	0.26353336772785696	31	0.04637191363248738	-0.46652034008647414	0.5146401860148734	0.41412386357234665
GSE311294	GSM9322959_TR11_18105	Official_BayesSpace_nrep1000	Official_BayesSpace_nrep1000	6	seed_37	False	signature	SIG_EXCLUSION_TGFB_CXCL12	TGFB1,CXCL12,ACTA2,TAGLN,FAP,COL1A1	1353	2320	1.5047932889330091	1.6883922981498627	-0.18359900921685357	-0.23407406602116593	-0.13366479649264817	1000	3.77156545455425e-21	30	-0.08806545949544087	-0.5614849699954004	0.527162325420336	2.0743610000048375e-20
GSE311294	GSM9322959_TR11_18105	Official_BayesSpace_nrep1000	Official_BayesSpace_nrep1000	6	seed_11	True	signature	SIG_MY_SPP1	SPP1,LST1,TYROBP,C1QA,C1QB,C1QC	1278	2395	0.31405428553418363	0.3392872299916032	-0.02523294445741958	-0.04527965651130401	-0.007265561847764565	1000	0.006781688041519327	28	-0.009199841211669169	-0.5764786953641271	0.2858950025807563	0.010656938350958944
GSE311294	GSM9322959_TR11_18105	Official_BayesSpace_nrep1000	Official_BayesSpace_nrep1000	6	seed_23	False	signature	SIG_MY_SPP1	SPP1,LST1,TYROBP,C1QA,C1QB,C1QC	1355	2318	0.306002096090252	0.344856902674206	-0.038854806583954016	-0.056331249969155284	-0.021912763085267423	1000	0.0005180923739737236	31	-0.03643347373980732	-0.5271766503984289	0.2677413982572109	0.0018996720379036531
GSE311294	GSM9322959_TR11_18105	Official_BayesSpace_nrep1000	Official_BayesSpace_nrep1000	6	seed_37	False	signature	SIG_MY_SPP1	SPP1,LST1,TYROBP,C1QA,C1QB,C1QC	1353	2320	0.3074881665312886	0.344454809176688	-0.03696664264539945	-0.05470090616333911	-0.021714432590184365	1000	7.84847817029697e-07	30	-0.02709408467777724	-0.5317155731160678	0.300356204492887	1.4388876645544443e-06
GSE311294	GSM9322959_TR11_18105	Official_BayesSpace_nrep1000	Official_BayesSpace_nrep1000	6	seed_11	True	signature	SIG_TCELL	TRAC,CD3D,CD3E,CD247	1278	2395	0.0	0.0	0.0	0.0	0.0	1000	0.8758177094790536	28	0.0	0.0	0.15772017991736065	0.8758177094790536
GSE311294	GSM9322959_TR11_18105	Official_BayesSpace_nrep1000	Official_BayesSpace_nrep1000	6	seed_23	False	signature	SIG_TCELL	TRAC,CD3D,CD3E,CD247	1355	2318	0.0	0.0	0.0	0.0	0.0	1000	0.2497673856607202	31	0.0	0.0	0.032399883266769645	0.41412386357234665
GSE311294	GSM9322959_TR11_18105	Official_BayesSpace_nrep1000	Official_BayesSpace_nrep1000	6	seed_37	False	signature	SIG_TCELL	TRAC,CD3D,CD3E,CD247	1353	2320	0.0	0.0	0.0	0.0	0.0	1000	0.2073481421069121	30	0.0	-0.2647991136004704	0.0	0.25342550701955924
GSE311294	GSM9322959_TR11_18105	Official_BayesSpace_nrep1000	Official_BayesSpace_nrep1000	6	seed_11	True	gene	SPP1	SPP1	1278	2395	0.0	0.0	0.0	0.0	0.0	1000	0.0039353139260091515	28	0.0	-1.8293119307071368	0.0	0.007214742197683445
GSE311294	GSM9322959_TR11_18105	Official_BayesSpace_nrep1000	Official_BayesSpace_nrep1000	6	seed_23	False	gene	SPP1	SPP1	1355	2318	0.0	0.0	0.0	0.0	0.0	1000	0.10402203347369993	31	0.0	-1.578746034280095	0.4033222520840495	0.2860605920526748
GSE311294	GSM9322959_TR11_18105	Official_BayesSpace_nrep1000	Official_BayesSpace_nrep1000	6	seed_37	False	gene	SPP1	SPP1	1353	2320	0.0	0.0	0.0	0.0	0.0	1000	0.2747780330179024	30	0.0	-1.5816152947592146	0.18882019692490018	0.3022558363196926
GSE267401	GSM8265211_CTC21P	Official_STAGATE_pyG	Official_STAGATE_pyG	4	seed_11	True	gene	COL1A1	COL1A1	2526	2164	3.0208936582120343	2.8454611135534935	0.17543254465854075	-0.07347434796447588	0.3997239326538395	1000	0.49821117669263126	36	0.6974853988495744	-1.3994137877386592	1.7873441142822246	0.49821117669263126
GSE267401	GSM8265211_CTC21P	Official_STAGATE_pyG	Official_STAGATE_pyG	4	seed_23	False	gene	COL1A1	COL1A1	2544	2146	3.029576027741068	2.809927481792678	0.21964854594839034	-0.029250581050696667	0.4388391820997653	1000	0.2340318717179346	36	0.772915351445243	-1.5237084026232486	2.1188633131115497	0.2340318717179346
GSE267401	GSM8265211_CTC21P	Official_STAGATE_pyG	Official_STAGATE_pyG	4	seed_37	False	gene	COL1A1	COL1A1	2567	2123	2.9870706908776996	2.876890312525793	0.11018037835190642	-0.15613143136329297	0.3608460457392071	1000	0.7276036213479764	36	0.7557372062242473	-1.5130544404568826	2.1188633131115497	0.7276036213479764
GSE267401	GSM8265211_CTC21P	Official_STAGATE_pyG	Official_STAGATE_pyG	4	seed_11	True	gene	EPCAM	EPCAM	2526	2164	2.7775406832492218	2.5566453165489844	0.22089536670023735	0.14917398310423818	0.3035192965122253	1000	5.732970768188513e-14	36	-0.01673442128113667	-0.2875267055180646	2.149274278111399	1.2612535690014728e-13
GSE267401	GSM8265211_CTC21P	Official_STAGATE_pyG	Official_STAGATE_pyG	4	seed_23	False	gene	EPCAM	EPCAM	2544	2146	2.771839085571583	2.5718786561801483	0.19996042939143477	0.12187741269319173	0.2930317383557783	1000	3.8096822261327755e-13	36	-0.0482429361058927	-0.30295769596158784	2.4294178414144487	8.381300897492105e-13
GSE267401	GSM8265211_CTC21P	Official_STAGATE_pyG	Official_STAGATE_pyG	4	seed_37	False	gene	EPCAM	EPCAM	2567	2123	2.782822447211471	2.529615295596775	0.2532071516146961	0.16699180421941992	0.3393277489512855	1000	1.5931124029380976e-16	36	0.0	-0.2889477675425017	2.1966104102313317	3.504847286463815e-16
GSE267401	GSM8265211_CTC21P	Official_STAGATE_pyG	Official_STAGATE_pyG	4	seed_11	True	gene	FAP	FAP	2526	2164	0.0	0.0	0.0	0.0	0.0	1000	0.03149947527843971	36	0.0	-0.06251257637365874	0.0	0.0433117785078546
GSE267401	GSM8265211_CTC21P	Official_STAGATE_pyG	Official_STAGATE_pyG	4	seed_23	False	gene	FAP	FAP	2544	2146	0.0	0.0	0.0	0.0	0.0	1000	0.02509092921024606	36	0.0	-0.06084638517097564	0.0	0.03066669125696741
GSE267401	GSM8265211_CTC21P	Official_STAGATE_pyG	Official_STAGATE_pyG	4	seed_37	False	gene	FAP	FAP	2567	2123	0.0	0.0	0.0	0.0	0.0	1000	0.08978843828295595	36	0.0	-0.06084638517097564	0.0	0.12345910263906443
GSE267401	GSM8265211_CTC21P	Official_STAGATE_pyG	Official_STAGATE_pyG	4	seed_11	True	gene	PTPRC	PTPRC	2526	2164	0.0	0.0	0.0	0.0	0.0	1000	7.942526239411625e-08	36	0.0	0.0	0.0	1.456129810558798e-07
GSE267401	GSM8265211_CTC21P	Official_STAGATE_pyG	Official_STAGATE_pyG	4	seed_23	False	gene	PTPRC	PTPRC	2544	2146	0.0	0.0	0.0	0.0	0.0	1000	4.6570575474032e-08	36	0.0	0.0	0.0	8.537938836905867e-08
GSE267401	GSM8265211_CTC21P	Official_STAGATE_pyG	Official_STAGATE_pyG	4	seed_37	False	gene	PTPRC	PTPRC	2567	2123	0.0	0.0	0.0	0.0	0.0	1000	8.582367117536822e-08	36	0.0	0.0	0.0	1.5734339715484172e-07
GSE267401	GSM8265211_CTC21P	Official_STAGATE_pyG	Official_STAGATE_pyG	4	seed_11	True	signature	SIG_CAF_FAP	FAP,COL1A1,DCN,COL3A1,LUM	2526	2164	1.3382503684425031	1.1859647354333602	0.15228563300914288	0.004560434516943858	0.26700661743011184	1000	0.07367921455116318	36	0.3430382878731444	-0.9337649055823893	1.0241887401388536	0.09005237334031055
GSE267401	GSM8265211_CTC21P	Official_STAGATE_pyG	Official_STAGATE_pyG	4	seed_23	False	signature	SIG_CAF_FAP	FAP,COL1A1,DCN,COL3A1,LUM	2544	2146	1.344620395508561	1.1766787645501924	0.16794163095836856	0.014460798541937816	0.29268367631981534	1000	0.01956080907927061	36	0.3542105509564345	-0.9259862107588956	1.1089867155489437	0.02689611248399709
GSE267401	GSM8265211_CTC21P	Official_STAGATE_pyG	Official_STAGATE_pyG	4	seed_37	False	signature	SIG_CAF_FAP	FAP,COL1A1,DCN,COL3A1,LUM	2567	2123	1.3330019860709457	1.1988054315411172	0.13419655452982848	-0.054012462288842863	0.24853244762457224	1000	0.14384113961426676	36	0.3485367321067338	-0.9081167171020523	1.0986020983164737	0.17580583730632604
GSE267401	GSM8265211_CTC21P	Official_STAGATE_pyG	Official_STAGATE_pyG	4	seed_11	True	signature	SIG_CYTOTOX	NKG7,GNLY,GZMB,PRF1,IFNG	2526	2164	0.0	0.0	0.0	0.0	0.0	1000	4.151201579121696e-28	36	0.0	-0.019439295214996825	0.12403419589153408	1.522107245677955e-27
GSE267401	GSM8265211_CTC21P	Official_STAGATE_pyG	Official_STAGATE_pyG	4	seed_23	False	signature	SIG_CYTOTOX	NKG7,GNLY,GZMB,PRF1,IFNG	2544	2146	0.0	0.0	0.0	0.0	0.0	1000	5.580160961441201e-29	36	0.0	-0.004566036984739527	0.1371093012999	2.046059019195107e-28
GSE267401	GSM8265211_CTC21P	Official_STAGATE_pyG	Official_STAGATE_pyG	4	seed_37	False	signature	SIG_CYTOTOX	NKG7,GNLY,GZMB,PRF1,IFNG	2567	2123	0.0	0.0	0.0	0.0	0.0	1000	1.269091982477548e-27	36	0.0	-0.004566036984739527	0.13674945457004556	4.653337269084343e-27
GSE267401	GSM8265211_CTC21P	Official_STAGATE_pyG	Official_STAGATE_pyG	4	seed_11	True	signature	SIG_EXCLUSION_CONTRAST	CAF:FAP,COL1A1,DCN,COL3A1,LUM;MY:SPP1,LST1,TYROBP,C1QA,C1QB,C1QC;TCELL:TRAC,CD3D,CD3E,CD247	2526	2164	1.574098606272561	1.4149165918887219	0.15918201438383917	0.013089239819919916	0.29331453482537956	1000	0.004412657903652795	36	0.38356552373544006	-1.0192781480634516	1.0283742037868873	0.006934176705740107
GSE267401	GSM8265211_CTC21P	Official_STAGATE_pyG	Official_STAGATE_pyG	4	seed_23	False	signature	SIG_EXCLUSION_CONTRAST	CAF:FAP,COL1A1,DCN,COL3A1,LUM;MY:SPP1,LST1,TYROBP,C1QA,C1QB,C1QC;TCELL:TRAC,CD3D,CD3E,CD247	2544	2146	1.5859426918673165	1.3820727653622877	0.20386992650502878	0.0493027554786168	0.3341005628108906	1000	0.00041359362477085915	36	0.39146484954973626	-0.9620297341027224	1.1553226797785543	0.0006499328389256359
GSE267401	GSM8265211_CTC21P	Official_STAGATE_pyG	Official_STAGATE_pyG	4	seed_37	False	signature	SIG_EXCLUSION_CONTRAST	CAF:FAP,COL1A1,DCN,COL3A1,LUM;MY:SPP1,LST1,TYROBP,C1QA,C1QB,C1QC;TCELL:TRAC,CD3D,CD3E,CD247	2567	2123	1.5695028375336975	1.4271924140634438	0.1423104234702537	0.008996815850552505	0.28206614715794665	1000	0.007931449296643682	36	0.39339755440761176	-0.9574460245910974	1.107915721014463	0.012463706037582928
GSE267401	GSM8265211_CTC21P	Official_STAGATE_pyG	Official_STAGATE_pyG	4	seed_11	True	signature	SIG_EXCLUSION_TGFB_CXCL12	TGFB1,CXCL12,ACTA2,TAGLN,FAP,COL1A1	2526	2164	0.7228918450808965	0.653590509510761	0.06930133557013551	-0.008743646142053679	0.1489875592859793	1000	0.1475946415851469	36	0.17252293369706873	-0.7821077006092475	0.5370981863292614	0.16235410574366158
GSE267401	GSM8265211_CTC21P	Official_STAGATE_pyG	Official_STAGATE_pyG	4	seed_23	False	signature	SIG_EXCLUSION_TGFB_CXCL12	TGFB1,CXCL12,ACTA2,TAGLN,FAP,COL1A1	2544	2146	0.7215459641400432	0.6550518931830894	0.06649407095695381	-0.01297194585536667	0.15091030069271297	1000	0.09602985248526913	36	0.189371877807136	-0.783296569682931	0.5848520732078466	0.10563283773379603
GSE267401	GSM8265211_CTC21P	Official_STAGATE_pyG	Official_STAGATE_pyG	4	seed_37	False	signature	SIG_EXCLUSION_TGFB_CXCL12	TGFB1,CXCL12,ACTA2,TAGLN,FAP,COL1A1	2567	2123	0.716231313890006	0.6668840799697827	0.04934723392022333	-0.036244109916240975	0.12705737723302768	1000	0.28062710749845887	36	0.17745114714197419	-0.7679076404444227	0.5848520732078466	0.30868981824830477
GSE267401	GSM8265211_CTC21P	Official_STAGATE_pyG	Official_STAGATE_pyG	4	seed_11	True	signature	SIG_MY_SPP1	SPP1,LST1,TYROBP,C1QA,C1QB,C1QC	2526	2164	0.18787894956580992	0.08323023703499047	0.10464871253081945	0.0820819318489906	0.12414649192840525	1000	4.2545471068409785e-35	36	0.06721606874355214	-0.14834950032444788	0.267718573462795	4.680001817525077e-34
GSE267401	GSM8265211_CTC21P	Official_STAGATE_pyG	Official_STAGATE_pyG	4	seed_23	False	signature	SIG_MY_SPP1	SPP1,LST1,TYROBP,C1QA,C1QB,C1QC	2544	2146	0.19261932379600952	0.07920470474816788	0.11341461904784164	0.09062912772172343	0.13153222891817964	1000	4.367481600065528e-39	36	0.06532123131993257	-0.21543727646547528	0.277364525986928	4.80422976007208e-38
GSE267401	GSM8265211_CTC21P	Official_STAGATE_pyG	Official_STAGATE_pyG	4	seed_37	False	signature	SIG_MY_SPP1	SPP1,LST1,TYROBP,C1QA,C1QB,C1QC	2567	2123	0.18890696241420857	0.07871330008903986	0.11019366232516871	0.08752994297205349	0.13017146188515888	1000	3.898814731330116e-37	36	0.06806555621450883	-0.1782915450952574	0.27772776584871417	4.2886962044631274e-36
GSE267401	GSM8265211_CTC21P	Official_STAGATE_pyG	Official_STAGATE_pyG	4	seed_11	True	signature	SIG_TCELL	TRAC,CD3D,CD3E,CD247	2526	2164	0.0	0.0	0.0	0.0	0.0	1000	6.789030265512747e-33	36	0.0	-0.23778259060762505	0.10415080530348948	3.733966646032011e-32
GSE267401	GSM8265211_CTC21P	Official_STAGATE_pyG	Official_STAGATE_pyG	4	seed_23	False	signature	SIG_TCELL	TRAC,CD3D,CD3E,CD247	2544	2146	0.0	0.0	0.0	0.0	0.0	1000	6.95500100728677e-33	36	0.0	-0.23318067628647776	0.10898183804850806	3.825250554007724e-32
GSE267401	GSM8265211_CTC21P	Official_STAGATE_pyG	Official_STAGATE_pyG	4	seed_37	False	signature	SIG_TCELL	TRAC,CD3D,CD3E,CD247	2567	2123	0.0	0.0	0.0	0.0	0.0	1000	1.9737295853060487e-30	36	0.0	-0.23318067628647776	0.1071303967494092	1.0855512719183268e-29
GSE267401	GSM8265211_CTC21P	Official_STAGATE_pyG	Official_STAGATE_pyG	4	seed_11	True	gene	SPP1	SPP1	2526	2164	0.16369153993128605	0.0	0.16369153993128605	0.0	0.203454664044194	1000	3.0188975244341454e-20	36	0.0	-0.28576889963522906	0.49757099135683375	8.3019681921939e-20
GSE267401	GSM8265211_CTC21P	Official_STAGATE_pyG	Official_STAGATE_pyG	4	seed_23	False	gene	SPP1	SPP1	2544	2146	0.1725798387371804	0.0	0.1725798387371804	0.0	0.2053197425073407	1000	3.807440994189538e-24	36	0.0	-0.17002820375756766	0.5061643300519895	1.0470462734021228e-23
GSE267401	GSM8265211_CTC21P	Official_STAGATE_pyG	Official_STAGATE_pyG	4	seed_37	False	gene	SPP1	SPP1	2567	2123	0.1714554446173677	0.0	0.1714554446173677	0.0	0.2070281947281226	1000	6.915960375053828e-24	36	0.0	-0.3070007376186487	0.5126432846689717	1.901889103139803e-23
GSE267401	GSM8265211_CTC21P	Official_STAGATE_pyG	Official_STAGATE_pyG	6	seed_11	True	gene	COL1A1	COL1A1	2795	1895	2.894400460598339	3.124087248135773	-0.229686787537434	-0.4966716762925471	0.03558959877870644	1000	0.0029747655434718763	36	0.5192095250417232	-1.7505439883219052	1.7630347707416074	0.004674631568312949
GSE267401	GSM8265211_CTC21P	Official_STAGATE_pyG	Official_STAGATE_pyG	6	seed_23	False	gene	COL1A1	COL1A1	2861	1829	2.8828927257677224	3.1572398140508633	-0.2743470882831409	-0.5571608691233519	0.003495060237348149	1000	0.005033057620096652	36	0.5525726604543006	-1.537633610189221	2.104155944877538	0.007909090545866167
GSE267401	GSM8265211_CTC21P	Official_STAGATE_pyG	Official_STAGATE_pyG	6	seed_37	False	gene	COL1A1	COL1A1	2853	1837	2.8837099594205435	3.1597572139912247	-0.27604725457068113	-0.5619077085596142	0.005446856182203443	1000	0.005282102660738895	36	0.5606206942751637	-1.890298960274995	2.104155944877538	0.008300447038303979
GSE267401	GSM8265211_CTC21P	Official_STAGATE_pyG	Official_STAGATE_pyG	6	seed_11	True	gene	EPCAM	EPCAM	2795	1895	2.7636277007549994	2.517898754721667	0.24572894603333229	0.15568106271695828	0.3528374404962804	1000	9.210707578287343e-14	36	-0.025196819647407498	-0.24305426102732564	2.5290305272750375	2.532944584029019e-13
GSE267401	GSM8265211_CTC21P	Official_STAGATE_pyG	Official_STAGATE_pyG	6	seed_23	False	gene	EPCAM	EPCAM	2861	1829	2.7679136319107873	2.4867649386327497	0.2811486932780376	0.1802725357616455	0.4312285553780464	1000	3.1864506530750194e-16	36	-0.00617474330344292	-0.25074312359964374	2.538354106912667	1.1683652394608404e-15
GSE267401	GSM8265211_CTC21P	Official_STAGATE_pyG	Official_STAGATE_pyG	6	seed_37	False	gene	EPCAM	EPCAM	2853	1837	2.766819584851488	2.4941233048929243	0.2726962799585637	0.18420591663611122	0.43058672882214344	1000	2.530761144552883e-15	36	-0.01673442128113667	-0.24691712811493216	2.488520751962029	6.959593147520428e-15
GSE267401	GSM8265211_CTC21P	Official_STAGATE_pyG	Official_STAGATE_pyG	6	seed_11	True	gene	FAP	FAP	2795	1895	0.0	0.0	0.0	0.0	0.0	1000	0.29547701524664305	36	0.0	-0.02959009698414627	0.0	0.3147672970181825
GSE267401	GSM8265211_CTC21P	Official_STAGATE_pyG	Official_STAGATE_pyG	6	seed_23	False	gene	FAP	FAP	2861	1829	0.0	0.0	0.0	0.0	0.0	1000	0.5692666325927986	36	0.0	-0.06251257637365874	0.0	0.5692666325927986
GSE267401	GSM8265211_CTC21P	Official_STAGATE_pyG	Official_STAGATE_pyG	6	seed_37	False	gene	FAP	FAP	2853	1837	0.0	0.0	0.0	0.0	0.0	1000	0.8325906522228261	36	0.0	-0.06084638517097564	0.0	0.8325906522228261
GSE267401	GSM8265211_CTC21P	Official_STAGATE_pyG	Official_STAGATE_pyG	6	seed_11	True	gene	PTPRC	PTPRC	2795	1895	0.0	0.0	0.0	0.0	0.0	1000	3.9593779224624724e-05	36	0.0	0.0	0.0	7.258859524514533e-05
GSE267401	GSM8265211_CTC21P	Official_STAGATE_pyG	Official_STAGATE_pyG	6	seed_23	False	gene	PTPRC	PTPRC	2861	1829	0.0	0.0	0.0	0.0	0.0	1000	1.4158819455711692e-05	36	0.0	0.0	0.0	2.5957835668804767e-05
GSE267401	GSM8265211_CTC21P	Official_STAGATE_pyG	Official_STAGATE_pyG	6	seed_37	False	gene	PTPRC	PTPRC	2853	1837	0.0	0.0	0.0	0.0	0.0	1000	1.1947339252630716e-05	36	0.0	0.0	0.0	2.1903455296489644e-05
GSE267401	GSM8265211_CTC21P	Official_STAGATE_pyG	Official_STAGATE_pyG	6	seed_11	True	signature	SIG_CAF_FAP	FAP,COL1A1,DCN,COL3A1,LUM	2795	1895	1.2797215154087254	1.3661434992087536	-0.08642198380002819	-0.2594989477053118	0.07469031972762356	1000	0.08290140284942653	36	0.26676248534839603	-1.293591221847278	1.0121196679965134	0.11398942891796147
GSE267401	GSM8265211_CTC21P	Official_STAGATE_pyG	Official_STAGATE_pyG	6	seed_23	False	signature	SIG_CAF_FAP	FAP,COL1A1,DCN,COL3A1,LUM	2861	1829	1.2771669942096204	1.3744751566756879	-0.09730816246606744	-0.27635173960662035	0.061247732438678995	1000	0.11018520512676735	36	0.26106663052300694	-1.1854363043081741	1.020974617826717	0.134670806266049
GSE267401	GSM8265211_CTC21P	Official_STAGATE_pyG	Official_STAGATE_pyG	6	seed_37	False	signature	SIG_CAF_FAP	FAP,COL1A1,DCN,COL3A1,LUM	2853	1837	1.2768599751857044	1.3789216083469409	-0.10206163316123651	-0.2905331260990822	0.06594951255237433	1000	0.09836202138317111	36	0.2983277165772037	-1.347166953394065	1.020974617826717	0.12022024835720914
GSE267401	GSM8265211_CTC21P	Official_STAGATE_pyG	Official_STAGATE_pyG	6	seed_11	True	signature	SIG_CYTOTOX	NKG7,GNLY,GZMB,PRF1,IFNG	2795	1895	0.0	0.0	0.0	0.0	0.0	1000	3.361857444595555e-21	36	0.0	-0.00211537985942148	0.09429575986335305	1.8490215945275552e-20
GSE267401	GSM8265211_CTC21P	Official_STAGATE_pyG	Official_STAGATE_pyG	6	seed_23	False	signature	SIG_CYTOTOX	NKG7,GNLY,GZMB,PRF1,IFNG	2861	1829	0.0	0.0	0.0	0.0	0.0	1000	1.5422574503544248e-15	36	0.0	-0.004566036984739527	0.08988648181233452	4.241207988474668e-15
GSE267401	GSM8265211_CTC21P	Official_STAGATE_pyG	Official_STAGATE_pyG	6	seed_37	False	signature	SIG_CYTOTOX	NKG7,GNLY,GZMB,PRF1,IFNG	2853	1837	0.0	0.0	0.0	0.0	0.0	1000	1.357005504768632e-16	36	0.0	-0.039323842802740386	0.09066325951508339	4.975686850818318e-16
GSE267401	GSM8265211_CTC21P	Official_STAGATE_pyG	Official_STAGATE_pyG	6	seed_11	True	signature	SIG_EXCLUSION_CONTRAST	CAF:FAP,COL1A1,DCN,COL3A1,LUM;MY:SPP1,LST1,TYROBP,C1QA,C1QB,C1QC;TCELL:TRAC,CD3D,CD3E,CD247	2795	1895	1.488115695918256	1.5767209624784457	-0.08860526656018974	-0.23498109713289408	0.00929119262274468	1000	0.3147672970181825	36	0.25920230536233657	-1.3702544361606543	0.9490630035727302	0.3147672970181825
GSE267401	GSM8265211_CTC21P	Official_STAGATE_pyG	Official_STAGATE_pyG	6	seed_23	False	signature	SIG_EXCLUSION_CONTRAST	CAF:FAP,COL1A1,DCN,COL3A1,LUM;MY:SPP1,LST1,TYROBP,C1QA,C1QB,C1QC;TCELL:TRAC,CD3D,CD3E,CD247	2861	1829	1.4883391429289965	1.5768037037840745	-0.08846456085507803	-0.24821215041024172	0.012462304465391733	1000	0.4067548237850349	36	0.31341633719301587	-1.2521499410813854	1.0140476821965798	0.4474303061635384
GSE267401	GSM8265211_CTC21P	Official_STAGATE_pyG	Official_STAGATE_pyG	6	seed_37	False	signature	SIG_EXCLUSION_CONTRAST	CAF:FAP,COL1A1,DCN,COL3A1,LUM;MY:SPP1,LST1,TYROBP,C1QA,C1QB,C1QC;TCELL:TRAC,CD3D,CD3E,CD247	2853	1837	1.488115695918256	1.5813742346037718	-0.09325853868551581	-0.24773077692822815	0.007001846839599016	1000	0.3615274886671753	36	0.302842773441954	-1.4438674648800292	1.0199006655836942	0.39768023753389287
GSE267401	GSM8265211_CTC21P	Official_STAGATE_pyG	Official_STAGATE_pyG	6	seed_11	True	signature	SIG_EXCLUSION_TGFB_CXCL12	TGFB1,CXCL12,ACTA2,TAGLN,FAP,COL1A1	2795	1895	0.6842006309571067	0.7276499809231468	-0.04344934996604011	-0.11458301880936776	0.03519448210942514	1000	0.1252789148349404	36	0.15517607858924362	-0.9169426244114386	0.537156764513704	0.15311867368714938
GSE267401	GSM8265211_CTC21P	Official_STAGATE_pyG	Official_STAGATE_pyG	6	seed_23	False	signature	SIG_EXCLUSION_TGFB_CXCL12	TGFB1,CXCL12,ACTA2,TAGLN,FAP,COL1A1	2861	1829	0.6816920762438503	0.7433729520046768	-0.06168087576082648	-0.138782874924913	0.016859497344278468	1000	0.05700502781679687	36	0.1658115419997187	-0.8988111144779181	0.5672757832013554	0.0783819132480957
GSE267401	GSM8265211_CTC21P	Official_STAGATE_pyG	Official_STAGATE_pyG	6	seed_37	False	signature	SIG_EXCLUSION_TGFB_CXCL12	TGFB1,CXCL12,ACTA2,TAGLN,FAP,COL1A1	2853	1837	0.6809947532813596	0.7433159944151774	-0.06232124113381776	-0.14206543225284132	0.019057175123187966	1000	0.04826681417012199	36	0.16412303883900983	-0.9450433620807642	0.5672757832013554	0.06636686948391773
GSE267401	GSM8265211_CTC21P	Official_STAGATE_pyG	Official_STAGATE_pyG	6	seed_11	True	signature	SIG_MY_SPP1	SPP1,LST1,TYROBP,C1QA,C1QB,C1QC	2795	1895	0.17730995944621167	0.08871296602651785	0.08859699341969382	0.06792963412549946	0.10984519897452147	1000	2.021394919319776e-19	36	0.02038320085380861	-0.2098638995181829	0.19145416009059502	7.411781370839179e-19
GSE267401	GSM8265211_CTC21P	Official_STAGATE_pyG	Official_STAGATE_pyG	6	seed_23	False	signature	SIG_MY_SPP1	SPP1,LST1,TYROBP,C1QA,C1QB,C1QC	2861	1829	0.1788618829148688	0.08585257596552555	0.09300930694934324	0.06901278582320586	0.1106384969736411	1000	4.862365325444896e-19	36	0.03701979914005022	-0.23349156509450142	0.18680253739372737	5.348601857989386e-18
GSE267401	GSM8265211_CTC21P	Official_STAGATE_pyG	Official_STAGATE_pyG	6	seed_37	False	signature	SIG_MY_SPP1	SPP1,LST1,TYROBP,C1QA,C1QB,C1QC	2853	1837	0.17747823088304737	0.08991467179770668	0.08756355908534069	0.06576219596219901	0.10819237040372996	1000	4.774858328953146e-18	36	0.03624911309768299	-0.2175585788932641	0.1889738733868956	5.2523441618484606e-17
GSE267401	GSM8265211_CTC21P	Official_STAGATE_pyG	Official_STAGATE_pyG	6	seed_11	True	signature	SIG_TCELL	TRAC,CD3D,CD3E,CD247	2795	1895	0.0	0.0	0.0	0.0	0.0	1000	1.6121152941057297e-21	36	0.0	-0.14732014842513738	0.09828675804545313	1.7733268235163025e-20
GSE267401	GSM8265211_CTC21P	Official_STAGATE_pyG	Official_STAGATE_pyG	6	seed_23	False	signature	SIG_TCELL	TRAC,CD3D,CD3E,CD247	2861	1829	0.0	0.0	0.0	0.0	0.0	1000	1.1276950642257964e-16	36	0.0	-0.22400033077812545	0.10238424747831021	6.20232285324188e-16
GSE267401	GSM8265211_CTC21P	Official_STAGATE_pyG	Official_STAGATE_pyG	6	seed_37	False	signature	SIG_TCELL	TRAC,CD3D,CD3E,CD247	2853	1837	0.0	0.0	0.0	0.0	0.0	1000	1.0347666473824455e-16	36	0.0	-0.2290147349399136	0.10238424747831021	4.975686850818318e-16
GSE267401	GSM8265211_CTC21P	Official_STAGATE_pyG	Official_STAGATE_pyG	6	seed_11	True	gene	SPP1	SPP1	2795	1895	0.0	0.0	0.0	0.0	0.0	1000	6.475811988951654e-13	36	0.0	-0.5931948950088369	0.3963586368771962	1.424678637569364e-12
GSE267401	GSM8265211_CTC21P	Official_STAGATE_pyG	Official_STAGATE_pyG	6	seed_23	False	gene	SPP1	SPP1	2861	1829	0.0	0.0	0.0	0.0	0.0	1000	1.1096358376425886e-14	36	0.0	-0.518885149836539	0.41831316632359694	2.441198842813695e-14
GSE267401	GSM8265211_CTC21P	Official_STAGATE_pyG	Official_STAGATE_pyG	6	seed_37	False	gene	SPP1	SPP1	2853	1837	0.0	0.0	0.0	0.0	0.0	1000	1.1685188389153947e-13	36	0.0	-0.5376103446495362	0.40246767492356816	2.5707414456138684e-13
GSE311294	GSM9322957_TR11_206	Official_STAGATE_pyG	Official_STAGATE_pyG	4	seed_11	True	gene	COL1A1	COL1A1	1631	2111	2.708423614101321	2.5690205471207412	0.13940306698057991	0.032320115961849215	0.247029413790214	1000	0.4142084306530025	30	0.2292170104758715	-0.8207325362305247	1.9851764352843964	0.45562927371830275
GSE311294	GSM9322957_TR11_206	Official_STAGATE_pyG	Official_STAGATE_pyG	4	seed_23	False	gene	COL1A1	COL1A1	1653	2089	2.7000395876158474	2.5760236266058834	0.12401596100996404	0.023016063999727946	0.22529620133982275	1000	0.570344066436071	30	0.2292170104758715	-0.8197123763702311	1.9467095994782693	0.570344066436071
GSE311294	GSM9322957_TR11_206	Official_STAGATE_pyG	Official_STAGATE_pyG	4	seed_37	False	gene	COL1A1	COL1A1	1648	2094	2.705107393366932	2.5721336688174237	0.13297372454950818	0.026070603081016743	0.2363752971908373	1000	0.47487202561161623	30	0.23672927631189988	-0.8207325362305247	1.9467095994782693	0.5223592281727779
GSE311294	GSM9322957_TR11_206	Official_STAGATE_pyG	Official_STAGATE_pyG	4	seed_11	True	gene	EPCAM	EPCAM	1631	2111	1.889551398408721	1.5217818593718582	0.36776953903686294	0.22700778676814504	0.5939120018052929	1000	1.0197532702487488e-07	30	0.0	-1.0250939389101352	2.113005442374702	5.608642986368118e-07
GSE311294	GSM9322957_TR11_206	Official_STAGATE_pyG	Official_STAGATE_pyG	4	seed_23	False	gene	EPCAM	EPCAM	1653	2089	1.9010023816946897	1.4942564663787223	0.4067459153159674	0.2500682255401436	0.6278923104118398	1000	1.1340103608020548e-08	30	0.0	-0.9856002994844532	2.114695733203846	6.237056984411301e-08
GSE311294	GSM9322957_TR11_206	Official_STAGATE_pyG	Official_STAGATE_pyG	4	seed_37	False	gene	EPCAM	EPCAM	1648	2094	1.8884802597826065	1.5205249100884273	0.3679553496941792	0.22419027784456225	0.5929414758962547	1000	8.367952657013125e-08	30	0.0	-0.9918761549824854	2.113005442374702	4.6023739613572186e-07
GSE311294	GSM9322957_TR11_206	Official_STAGATE_pyG	Official_STAGATE_pyG	4	seed_11	True	gene	FAP	FAP	1631	2111	0.0	0.0	0.0	0.0	0.0	1000	0.349292882768067	30	0.0	-0.5037899878291335	0.6793851313615071	0.42691352338319305
GSE311294	GSM9322957_TR11_206	Official_STAGATE_pyG	Official_STAGATE_pyG	4	seed_23	False	gene	FAP	FAP	1653	2089	0.0	0.0	0.0	0.0	0.0	1000	0.36636721626170976	30	0.0	-0.48788174578457066	0.6793851313615071	0.4477821532087564
GSE311294	GSM9322957_TR11_206	Official_STAGATE_pyG	Official_STAGATE_pyG	4	seed_37	False	gene	FAP	FAP	1648	2094	0.0	0.0	0.0	0.0	0.0	1000	0.34253260229513693	30	0.0	-0.5037899878291335	0.6793851313615071	0.41865095836072297
GSE311294	GSM9322957_TR11_206	Official_STAGATE_pyG	Official_STAGATE_pyG	4	seed_11	True	gene	PTPRC	PTPRC	1631	2111	0.0	0.0	0.0	0.0	0.0	1000	0.5764413502606311	30	0.0	0.0	0.0	0.5764413502606311
GSE311294	GSM9322957_TR11_206	Official_STAGATE_pyG	Official_STAGATE_pyG	4	seed_23	False	gene	PTPRC	PTPRC	1653	2089	0.0	0.0	0.0	0.0	0.0	1000	0.5615669656086051	30	0.0	0.0	0.0	0.570344066436071
GSE311294	GSM9322957_TR11_206	Official_STAGATE_pyG	Official_STAGATE_pyG	4	seed_37	False	gene	PTPRC	PTPRC	1648	2094	0.0	0.0	0.0	0.0	0.0	1000	0.5872299057378481	30	0.0	0.0	0.0	0.5872299057378481
GSE311294	GSM9322957_TR11_206	Official_STAGATE_pyG	Official_STAGATE_pyG	4	seed_11	True	signature	SIG_CAF_FAP	FAP,COL1A1,DCN,COL3A1,LUM	1631	2111	1.5992125930747139	1.6316294834142855	-0.032416890339571625	-0.08492194995373546	0.034630904755785764	1000	0.0660699833287276	30	0.0896273504059556	-0.6591219191166631	1.063576695024502	0.09084622707700045
GSE311294	GSM9322957_TR11_206	Official_STAGATE_pyG	Official_STAGATE_pyG	4	seed_23	False	signature	SIG_CAF_FAP	FAP,COL1A1,DCN,COL3A1,LUM	1653	2089	1.5954508882203258	1.631884360365632	-0.03643347214530612	-0.08515899877279177	0.03170458834283979	1000	0.0408016631018544	30	0.0896273504059556	-0.6564768499223165	1.055564215283048	0.0561022867650498
GSE311294	GSM9322957_TR11_206	Official_STAGATE_pyG	Official_STAGATE_pyG	4	seed_37	False	signature	SIG_CAF_FAP	FAP,COL1A1,DCN,COL3A1,LUM	1648	2094	1.594476936593992	1.6318856459984725	-0.0374087094044806	-0.08332348931620266	0.03212983767474613	1000	0.049784654236778185	30	0.09060901892827056	-0.6591219191166631	1.055564215283048	0.06845389957557
GSE311294	GSM9322957_TR11_206	Official_STAGATE_pyG	Official_STAGATE_pyG	4	seed_11	True	signature	SIG_CYTOTOX	NKG7,GNLY,GZMB,PRF1,IFNG	1631	2111	0.0	0.0	0.0	0.0	0.0	1000	0.030994263000548666	30	0.0	-0.10603665667824061	0.04686295574002841	0.04870527042943362
GSE311294	GSM9322957_TR11_206	Official_STAGATE_pyG	Official_STAGATE_pyG	4	seed_23	False	signature	SIG_CYTOTOX	NKG7,GNLY,GZMB,PRF1,IFNG	1653	2089	0.0	0.0	0.0	0.0	0.0	1000	0.02232515725480192	30	0.0	-0.10665165182866784	0.04686295574002841	0.03508238997183159
GSE311294	GSM9322957_TR11_206	Official_STAGATE_pyG	Official_STAGATE_pyG	4	seed_37	False	signature	SIG_CYTOTOX	NKG7,GNLY,GZMB,PRF1,IFNG	1648	2094	0.0	0.0	0.0	0.0	0.0	1000	0.03959547271786817	30	0.0	-0.10890739882165501	0.04686295574002841	0.06222145712807855
GSE311294	GSM9322957_TR11_206	Official_STAGATE_pyG	Official_STAGATE_pyG	4	seed_11	True	signature	SIG_EXCLUSION_CONTRAST	CAF:FAP,COL1A1,DCN,COL3A1,LUM;MY:SPP1,LST1,TYROBP,C1QA,C1QB,C1QC;TCELL:TRAC,CD3D,CD3E,CD247	1631	2111	1.7493625062541875	1.7949582708525578	-0.045595764598370225	-0.11660381583329651	0.012442491565374079	1000	0.00592597468844872	30	0.11955860562488085	-0.5479358764859643	1.1924715279757137	0.013037144314587185
GSE311294	GSM9322957_TR11_206	Official_STAGATE_pyG	Official_STAGATE_pyG	4	seed_23	False	signature	SIG_EXCLUSION_CONTRAST	CAF:FAP,COL1A1,DCN,COL3A1,LUM;MY:SPP1,LST1,TYROBP,C1QA,C1QB,C1QC;TCELL:TRAC,CD3D,CD3E,CD247	1653	2089	1.7480111781809442	1.7976456497315396	-0.049634471550595416	-0.11618070157261921	0.016239883635241783	1000	0.0031617786752066016	30	0.11139865141507133	-0.5508921745241167	1.1686442093766152	0.008694891356818155
GSE311294	GSM9322957_TR11_206	Official_STAGATE_pyG	Official_STAGATE_pyG	4	seed_37	False	signature	SIG_EXCLUSION_CONTRAST	CAF:FAP,COL1A1,DCN,COL3A1,LUM;MY:SPP1,LST1,TYROBP,C1QA,C1QB,C1QC;TCELL:TRAC,CD3D,CD3E,CD247	1648	2094	1.7484346216935864	1.7963019602920487	-0.04786733859846226	-0.10906460753204952	0.01315725286861974	1000	0.003922856526723287	30	0.11251489322669517	-0.5479358764859643	1.1686442093766152	0.010734278316886822
GSE311294	GSM9322957_TR11_206	Official_STAGATE_pyG	Official_STAGATE_pyG	4	seed_11	True	signature	SIG_EXCLUSION_TGFB_CXCL12	TGFB1,CXCL12,ACTA2,TAGLN,FAP,COL1A1	1631	2111	1.0612770478328397	1.3074438624263198	-0.2461668145934801	-0.31625346584363606	-0.1732063165193912	1000	2.1653025714231281e-19	30	0.01126412356276807	-0.4531390645596403	0.41956946526070316	2.381832828565441e-18
GSE311294	GSM9322957_TR11_206	Official_STAGATE_pyG	Official_STAGATE_pyG	4	seed_23	False	signature	SIG_EXCLUSION_TGFB_CXCL12	TGFB1,CXCL12,ACTA2,TAGLN,FAP,COL1A1	1653	2089	1.0594719002542543	1.3137230938109161	-0.2542511935566618	-0.3198023784258352	-0.19089234391858254	1000	3.94299328764293e-21	30	0.024444501259740237	-0.44927351773834884	0.41956946526070316	4.3372926164072226e-20
GSE311294	GSM9322957_TR11_206	Official_STAGATE_pyG	Official_STAGATE_pyG	4	seed_37	False	signature	SIG_EXCLUSION_TGFB_CXCL12	TGFB1,CXCL12,ACTA2,TAGLN,FAP,COL1A1	1648	2094	1.0605030562488282	1.3111154646956171	-0.2506124084467889	-0.3124242646013996	-0.18572482744675783	1000	3.0232147130172024e-20	30	0.024444501259740237	-0.4531390645596403	0.41956946526070316	3.3255361843189227e-19
GSE311294	GSM9322957_TR11_206	Official_STAGATE_pyG	Official_STAGATE_pyG	4	seed_11	True	signature	SIG_MY_SPP1	SPP1,LST1,TYROBP,C1QA,C1QB,C1QC	1631	2111	0.24016065384220361	0.2634897285732651	-0.023329074731061467	-0.037135772290874336	-0.004321920888985388	1000	0.021745178883732764	30	-0.01473536655606937	-0.2542297194423133	0.1741154088617452	0.0398661612868434
GSE311294	GSM9322957_TR11_206	Official_STAGATE_pyG	Official_STAGATE_pyG	4	seed_23	False	signature	SIG_MY_SPP1	SPP1,LST1,TYROBP,C1QA,C1QB,C1QC	1653	2089	0.23979209526407763	0.2638479299726036	-0.02405583470852596	-0.039823616391089986	-0.00677013109169114	1000	0.013377602396382183	30	-0.012205447502756067	-0.2542297194423133	0.16936383229767363	0.024525604393367335
GSE311294	GSM9322957_TR11_206	Official_STAGATE_pyG	Official_STAGATE_pyG	4	seed_37	False	signature	SIG_MY_SPP1	SPP1,LST1,TYROBP,C1QA,C1QB,C1QC	1648	2094	0.24005819491200264	0.2636942720175793	-0.023636077105576636	-0.04036328234773119	-0.005624936904669426	1000	0.014983020736095226	30	-0.017176271067907214	-0.2542297194423133	0.16936383229767363	0.027468871349507915
GSE311294	GSM9322957_TR11_206	Official_STAGATE_pyG	Official_STAGATE_pyG	4	seed_11	True	signature	SIG_TCELL	TRAC,CD3D,CD3E,CD247	1631	2111	0.0	0.0	0.0	0.0	0.0	1000	0.003996177686900527	30	0.0	-0.03604944946528983	0.17237647130047354	0.010989488638976449
GSE311294	GSM9322957_TR11_206	Official_STAGATE_pyG	Official_STAGATE_pyG	4	seed_23	False	signature	SIG_TCELL	TRAC,CD3D,CD3E,CD247	1653	2089	0.0	0.0	0.0	0.0	0.0	1000	0.005934908890383338	30	0.0	-0.03604944946528983	0.17215489371531517	0.013056799558843344
GSE311294	GSM9322957_TR11_206	Official_STAGATE_pyG	Official_STAGATE_pyG	4	seed_37	False	signature	SIG_TCELL	TRAC,CD3D,CD3E,CD247	1648	2094	0.0	0.0	0.0	0.0	0.0	1000	0.004879217416766737	30	0.0	-0.03604944946528983	0.17237647130047354	0.010734278316886822
GSE311294	GSM9322957_TR11_206	Official_STAGATE_pyG	Official_STAGATE_pyG	4	seed_11	True	gene	SPP1	SPP1	1631	2111	0.0	0.0	0.0	0.0	0.0	1000	0.0006444696913506753	30	0.0	-0.7509024978976182	0.9921220309613158	0.002363055534952476
GSE311294	GSM9322957_TR11_206	Official_STAGATE_pyG	Official_STAGATE_pyG	4	seed_23	False	gene	SPP1	SPP1	1653	2089	0.0	0.0	0.0	0.0	0.0	1000	0.0010232375586695516	30	0.0	-0.7509024978976182	0.9921220309613158	0.003751871048455022
GSE311294	GSM9322957_TR11_206	Official_STAGATE_pyG	Official_STAGATE_pyG	4	seed_37	False	gene	SPP1	SPP1	1648	2094	0.0	0.0	0.0	0.0	0.0	1000	0.0007367399069252563	30	0.0	-0.7509024978976182	0.9921220309613158	0.00270137965872594
GSE311294	GSM9322957_TR11_206	Official_STAGATE_pyG	Official_STAGATE_pyG	6	seed_11	True	gene	COL1A1	COL1A1	2064	1678	2.5637167303726116	2.7123104631733392	-0.14859373280072763	-0.25348016584287636	-0.046463326756762034	1000	3.4355317026667486e-08	31	-0.17040267396498177	-1.0928322276475755	1.6405077473186918	6.298474788222373e-08
GSE311294	GSM9322957_TR11_206	Official_STAGATE_pyG	Official_STAGATE_pyG	6	seed_23	False	gene	COL1A1	COL1A1	2084	1658	2.5576879850983647	2.718889334106388	-0.16120134900802308	-0.26955124985607826	-0.06307478049193807	1000	6.158742690827808e-09	31	-0.04236993811337397	-1.0731930106653105	1.6405077473186918	1.1291028266517649e-08
GSE311294	GSM9322957_TR11_206	Official_STAGATE_pyG	Official_STAGATE_pyG	6	seed_37	False	gene	COL1A1	COL1A1	2080	1662	2.554447253495737	2.72203688169643	-0.16758962820069323	-0.28079726332942606	-0.07449059150419811	1000	2.7242200628733043e-09	31	-0.11503452513115886	-1.0928322276475755	1.6405077473186918	4.9944034486010576e-09
GSE311294	GSM9322957_TR11_206	Official_STAGATE_pyG	Official_STAGATE_pyG	6	seed_11	True	gene	EPCAM	EPCAM	2064	1678	1.9954613273071837	0.960886218690381	1.0345751086168027	0.7566662743043693	2.0318789397213397	1000	6.682875114689778e-23	31	0.0	-0.6136071300521961	2.1423148085692585	2.4503875420529183e-22
GSE311294	GSM9322957_TR11_206	Official_STAGATE_pyG	Official_STAGATE_pyG	6	seed_23	False	gene	EPCAM	EPCAM	2084	1658	1.9928664503740607	0.8782052705042125	1.1146611798698483	0.7644595496890778	2.0314015598824713	1000	8.041990438150367e-23	31	0.0	-0.6561866300048581	2.1423148085692585	2.9487298273218016e-22
GSE311294	GSM9322957_TR11_206	Official_STAGATE_pyG	Official_STAGATE_pyG	6	seed_37	False	gene	EPCAM	EPCAM	2080	1662	1.9950039460571918	0.8985625129185739	1.0964414331386179	0.762052846496466	2.0325945678202855	1000	2.7453406972953884e-23	31	0.0	-0.6417633516747108	2.1318233906574835	1.0066249223416424e-22
GSE311294	GSM9322957_TR11_206	Official_STAGATE_pyG	Official_STAGATE_pyG	6	seed_11	True	gene	FAP	FAP	2064	1678	0.0	0.0	0.0	0.0	0.0	1000	2.3316749095663797e-05	31	0.0	-0.49560340937768815	0.6690907596150201	3.206053000653772e-05
GSE311294	GSM9322957_TR11_206	Official_STAGATE_pyG	Official_STAGATE_pyG	6	seed_23	False	gene	FAP	FAP	2084	1658	0.0	0.0	0.0	0.0	0.0	1000	1.1491711788939603e-05	31	0.0	-0.49560340937768815	0.6690907596150201	1.5801103709791955e-05
GSE311294	GSM9322957_TR11_206	Official_STAGATE_pyG	Official_STAGATE_pyG	6	seed_37	False	gene	FAP	FAP	2080	1662	0.0	0.0	0.0	0.0	0.0	1000	1.6684130519969383e-05	31	0.0	-0.49560340937768815	0.6690907596150201	2.29406794649579e-05
GSE311294	GSM9322957_TR11_206	Official_STAGATE_pyG	Official_STAGATE_pyG	6	seed_11	True	gene	PTPRC	PTPRC	2064	1678	0.0	0.0	0.0	0.0	0.0	1000	0.6008437574162224	31	0.0	0.0	0.0	0.6008437574162224
GSE311294	GSM9322957_TR11_206	Official_STAGATE_pyG	Official_STAGATE_pyG	6	seed_23	False	gene	PTPRC	PTPRC	2084	1658	0.0	0.0	0.0	0.0	0.0	1000	0.7148504362207078	31	0.0	0.0	0.0	0.7148504362207078
GSE311294	GSM9322957_TR11_206	Official_STAGATE_pyG	Official_STAGATE_pyG	6	seed_37	False	gene	PTPRC	PTPRC	2080	1662	0.0	0.0	0.0	0.0	0.0	1000	0.692465758909781	31	0.0	0.0	0.0	0.692465758909781
GSE311294	GSM9322957_TR11_206	Official_STAGATE_pyG	Official_STAGATE_pyG	6	seed_11	True	signature	SIG_CAF_FAP	FAP,COL1A1,DCN,COL3A1,LUM	2064	1678	1.5348101060176602	1.7149574812642934	-0.18014737524663316	-0.24164201761574156	-0.12842410573360105	1000	1.924946954521483e-20	31	-0.027839385887426626	-0.586230992532444	0.9054236243049234	5.293604124934078e-20
GSE311294	GSM9322957_TR11_206	Official_STAGATE_pyG	Official_STAGATE_pyG	6	seed_23	False	signature	SIG_CAF_FAP	FAP,COL1A1,DCN,COL3A1,LUM	2084	1658	1.5333974352199642	1.7159881911412225	-0.18259075592125829	-0.24927876257709775	-0.1302539053077298	1000	2.1148850249641843e-21	31	-0.0638389568155433	-0.5783956597702719	0.9054236243049234	5.815933818651507e-21
GSE311294	GSM9322957_TR11_206	Official_STAGATE_pyG	Official_STAGATE_pyG	6	seed_37	False	signature	SIG_CAF_FAP	FAP,COL1A1,DCN,COL3A1,LUM	2080	1662	1.5329348963542708	1.7161642029046977	-0.1832293065504269	-0.2510637792900892	-0.13665955446187172	1000	4.0023965136818617e-22	31	-0.0638389568155433	-0.586230992532444	0.9054236243049234	1.100659041262512e-21
GSE311294	GSM9322957_TR11_206	Official_STAGATE_pyG	Official_STAGATE_pyG	6	seed_11	True	signature	SIG_CYTOTOX	NKG7,GNLY,GZMB,PRF1,IFNG	2064	1678	0.0	0.0	0.0	0.0	0.0	1000	0.007393898885096601	31	0.0	-0.13771543090941835	0.02035273670221199	0.00903698752622918
GSE311294	GSM9322957_TR11_206	Official_STAGATE_pyG	Official_STAGATE_pyG	6	seed_23	False	signature	SIG_CYTOTOX	NKG7,GNLY,GZMB,PRF1,IFNG	2084	1658	0.0	0.0	0.0	0.0	0.0	1000	0.00361050202149986	31	0.0	-0.1385327292261058	0.02035273670221199	0.004412835804055384
GSE311294	GSM9322957_TR11_206	Official_STAGATE_pyG	Official_STAGATE_pyG	6	seed_37	False	signature	SIG_CYTOTOX	NKG7,GNLY,GZMB,PRF1,IFNG	2080	1662	0.0	0.0	0.0	0.0	0.0	1000	0.003740287200240956	31	0.0	-0.1385327292261058	0.02035273670221199	0.004571462133627835
GSE311294	GSM9322957_TR11_206	Official_STAGATE_pyG	Official_STAGATE_pyG	6	seed_11	True	signature	SIG_EXCLUSION_CONTRAST	CAF:FAP,COL1A1,DCN,COL3A1,LUM;MY:SPP1,LST1,TYROBP,C1QA,C1QB,C1QC;TCELL:TRAC,CD3D,CD3E,CD247	2064	1678	1.680946571717525	1.9151306888491266	-0.2341841171316017	-0.2991066166098724	-0.1762249418496134	1000	4.131605319515075e-23	31	-0.1052413555160332	-0.5418980806846513	0.9941474158401903	2.2723829257332914e-22
GSE311294	GSM9322957_TR11_206	Official_STAGATE_pyG	Official_STAGATE_pyG	6	seed_23	False	signature	SIG_EXCLUSION_CONTRAST	CAF:FAP,COL1A1,DCN,COL3A1,LUM;MY:SPP1,LST1,TYROBP,C1QA,C1QB,C1QC;TCELL:TRAC,CD3D,CD3E,CD247	2084	1658	1.6806621768670311	1.9151306888491266	-0.2344685119820955	-0.3006843164162185	-0.17719783569146252	1000	6.814532807313019e-24	31	-0.1052413555160332	-0.5451231663281548	0.9941474158401903	3.74799304402216e-23
GSE311294	GSM9322957_TR11_206	Official_STAGATE_pyG	Official_STAGATE_pyG	6	seed_37	False	signature	SIG_EXCLUSION_CONTRAST	CAF:FAP,COL1A1,DCN,COL3A1,LUM;MY:SPP1,LST1,TYROBP,C1QA,C1QB,C1QC;TCELL:TRAC,CD3D,CD3E,CD247	2080	1662	1.6787923550324044	1.9178046685394035	-0.23901231350699903	-0.3082225444571915	-0.17322482597023528	1000	1.4182845524689463e-24	31	-0.1186448579012509	-0.5418980806846513	0.9941474158401903	7.800565038579205e-24
GSE311294	GSM9322957_TR11_206	Official_STAGATE_pyG	Official_STAGATE_pyG	6	seed_11	True	signature	SIG_EXCLUSION_TGFB_CXCL12	TGFB1,CXCL12,ACTA2,TAGLN,FAP,COL1A1	2064	1678	1.0266654533237523	1.4630919012938102	-0.4364264479700579	-0.5099332932733863	-0.38144318179466774	1000	3.6881920329962667e-59	31	-0.0745213126350458	-0.41690095318317216	0.3165780804358941	4.0570112362958936e-58
GSE311294	GSM9322957_TR11_206	Official_STAGATE_pyG	Official_STAGATE_pyG	6	seed_23	False	signature	SIG_EXCLUSION_TGFB_CXCL12	TGFB1,CXCL12,ACTA2,TAGLN,FAP,COL1A1	2084	1658	1.0223244141690264	1.4673171072372075	-0.4449926930681811	-0.5230375055663601	-0.38992020981558667	1000	9.043532947973197e-62	31	-0.07141207579191144	-0.39664218884647484	0.3165780804358941	9.947886242770516e-61
GSE311294	GSM9322957_TR11_206	Official_STAGATE_pyG	Official_STAGATE_pyG	6	seed_37	False	signature	SIG_EXCLUSION_TGFB_CXCL12	TGFB1,CXCL12,ACTA2,TAGLN,FAP,COL1A1	2080	1662	1.0223244141690264	1.4673171072372075	-0.4449926930681811	-0.5212562397749125	-0.3884202200996211	1000	2.6036516720166823e-62	31	-0.0745213126350458	-0.41690095318317216	0.3165780804358941	2.8640168392183506e-61
GSE311294	GSM9322957_TR11_206	Official_STAGATE_pyG	Official_STAGATE_pyG	6	seed_11	True	signature	SIG_MY_SPP1	SPP1,LST1,TYROBP,C1QA,C1QB,C1QC	2064	1678	0.23625160914863438	0.27613897678563737	-0.039887367637002985	-0.05922260942123005	-0.022251134764603164	1000	1.6801829541054634e-07	31	-0.010326307502712628	-0.15709723394038924	0.20206065773525467	2.6402874993085853e-07
GSE311294	GSM9322957_TR11_206	Official_STAGATE_pyG	Official_STAGATE_pyG	6	seed_23	False	signature	SIG_MY_SPP1	SPP1,LST1,TYROBP,C1QA,C1QB,C1QC	2084	1658	0.23637514702096488	0.27573921731794443	-0.03936407029697955	-0.05722203543507087	-0.021066301435885695	1000	1.5945023125057459e-07	31	-0.011552285111435828	-0.163815237029778	0.20206065773525467	2.5056464910804574e-07
GSE311294	GSM9322957_TR11_206	Official_STAGATE_pyG	Official_STAGATE_pyG	6	seed_37	False	signature	SIG_MY_SPP1	SPP1,LST1,TYROBP,C1QA,C1QB,C1QC	2080	1662	0.23679111847326068	0.2752864989414989	-0.03849538046823825	-0.05636888724270302	-0.019704157753221686	1000	2.9777970163991326e-07	31	-0.007521987656104956	-0.15709723394038924	0.21774789762688807	4.679395311484351e-07
GSE311294	GSM9322957_TR11_206	Official_STAGATE_pyG	Official_STAGATE_pyG	6	seed_11	True	signature	SIG_TCELL	TRAC,CD3D,CD3E,CD247	2064	1678	0.0	0.0	0.0	0.0	0.0	1000	0.13416530453909298	31	0.0	-0.05727989187002229	0.05842124809831206	0.1475818349930023
GSE311294	GSM9322957_TR11_206	Official_STAGATE_pyG	Official_STAGATE_pyG	6	seed_23	False	signature	SIG_TCELL	TRAC,CD3D,CD3E,CD247	2084	1658	0.0	0.0	0.0	0.0	0.0	1000	0.15815036365890556	31	0.0	-0.14520876280572642	0.05842124809831206	0.1739654000247961
GSE311294	GSM9322957_TR11_206	Official_STAGATE_pyG	Official_STAGATE_pyG	6	seed_37	False	signature	SIG_TCELL	TRAC,CD3D,CD3E,CD247	2080	1662	0.0	0.0	0.0	0.0	0.0	1000	0.10582295055979132	31	0.0	-0.12582808678639454	0.05842124809831206	0.11640524561577045
GSE311294	GSM9322957_TR11_206	Official_STAGATE_pyG	Official_STAGATE_pyG	6	seed_11	True	gene	SPP1	SPP1	2064	1678	0.0	0.0	0.0	0.0	0.0	1000	6.515321054105571e-10	31	0.0	-0.8703555858525203	1.267926273641881	1.4333706319032256e-09
GSE311294	GSM9322957_TR11_206	Official_STAGATE_pyG	Official_STAGATE_pyG	6	seed_23	False	gene	SPP1	SPP1	2084	1658	0.0	0.0	0.0	0.0	0.0	1000	3.392069946728105e-10	31	0.0	-0.8753057372841666	1.267926273641881	7.46255388280183e-10
GSE311294	GSM9322957_TR11_206	Official_STAGATE_pyG	Official_STAGATE_pyG	6	seed_37	False	gene	SPP1	SPP1	2080	1662	0.0	0.0	0.0	0.0	0.0	1000	8.349640106233518e-10	31	0.0	-0.8703555858525203	1.267926273641881	1.8369208233713738e-09
GSE311294	GSM9322959_TR11_18105	Official_STAGATE_pyG	Official_STAGATE_pyG	4	seed_11	True	gene	COL1A1	COL1A1	1253	2420	4.3905065148996645	4.507041066370993	-0.11653455147132874	-0.18352298720502044	-0.05889877166070416	1000	5.003978618471229e-07	29	-0.053541562191841585	-0.4047386199956988	0.8740582850759554	1.1008752960636703e-06
GSE311294	GSM9322959_TR11_18105	Official_STAGATE_pyG	Official_STAGATE_pyG	4	seed_23	False	gene	COL1A1	COL1A1	1251	2422	4.390034467113496	4.505256434385472	-0.11522196727197542	-0.18257643158721965	-0.05669442600586847	1000	3.5407389198709247e-07	29	-0.053541562191841585	-0.4078563094778888	0.9311489660905172	6.491354686430028e-07
GSE311294	GSM9322959_TR11_18105	Official_STAGATE_pyG	Official_STAGATE_pyG	4	seed_37	False	gene	COL1A1	COL1A1	1253	2420	4.3905065148996645	4.507041066370993	-0.11653455147132874	-0.18066481191797884	-0.06193311448764423	1000	3.63784169452391e-07	29	-0.053541562191841585	-0.4078563094778888	0.8740582850759554	6.669376439960503e-07
GSE311294	GSM9322959_TR11_18105	Official_STAGATE_pyG	Official_STAGATE_pyG	4	seed_11	True	gene	EPCAM	EPCAM	1253	2420	0.0	0.0	0.0	0.0	0.0	1000	2.446653701236393e-36	29	0.0	-0.6000611095647658	1.6469936040292044	2.6913190713600325e-35
GSE311294	GSM9322959_TR11_18105	Official_STAGATE_pyG	Official_STAGATE_pyG	4	seed_23	False	gene	EPCAM	EPCAM	1251	2422	0.0	0.0	0.0	0.0	0.0	1000	2.1101906352985777e-36	29	0.0	-0.6081268512961123	1.6469936040292044	2.3212096988284355e-35
GSE311294	GSM9322959_TR11_18105	Official_STAGATE_pyG	Official_STAGATE_pyG	4	seed_37	False	gene	EPCAM	EPCAM	1253	2420	0.0	0.0	0.0	0.0	0.0	1000	7.46383177259586e-37	29	0.0	-0.6000611095647658	1.6469936040292044	8.210214949855446e-36
GSE311294	GSM9322959_TR11_18105	Official_STAGATE_pyG	Official_STAGATE_pyG	4	seed_11	True	gene	FAP	FAP	1253	2420	0.0	0.0	0.0	0.0	0.0	1000	0.1734265720158621	29	0.0	-0.8795103960312753	0.6254445735666108	0.27252747031064045
GSE311294	GSM9322959_TR11_18105	Official_STAGATE_pyG	Official_STAGATE_pyG	4	seed_23	False	gene	FAP	FAP	1251	2422	0.0	0.0	0.0	0.0	0.0	1000	0.20836575877400476	29	0.0	-0.8795103960312753	0.6254445735666108	0.28650291831425656
GSE311294	GSM9322959_TR11_18105	Official_STAGATE_pyG	Official_STAGATE_pyG	4	seed_37	False	gene	FAP	FAP	1253	2420	0.0	0.0	0.0	0.0	0.0	1000	0.1398438306458664	29	0.0	-0.8795103960312753	0.6254445735666108	0.21975459101493292
GSE311294	GSM9322959_TR11_18105	Official_STAGATE_pyG	Official_STAGATE_pyG	4	seed_11	True	gene	PTPRC	PTPRC	1253	2420	0.0	0.0	0.0	0.0	0.0	1000	0.6218084901099266	29	0.0	0.0	0.0	0.6839893391209192
GSE311294	GSM9322959_TR11_18105	Official_STAGATE_pyG	Official_STAGATE_pyG	4	seed_23	False	gene	PTPRC	PTPRC	1251	2422	0.0	0.0	0.0	0.0	0.0	1000	0.6135127296861653	29	0.0	0.0	0.0	0.6748640026547819
GSE311294	GSM9322959_TR11_18105	Official_STAGATE_pyG	Official_STAGATE_pyG	4	seed_37	False	gene	PTPRC	PTPRC	1253	2420	0.0	0.0	0.0	0.0	0.0	1000	0.6218084901099266	29	0.0	0.0	0.0	0.6839893391209192
GSE311294	GSM9322959_TR11_18105	Official_STAGATE_pyG	Official_STAGATE_pyG	4	seed_11	True	signature	SIG_CAF_FAP	FAP,COL1A1,DCN,COL3A1,LUM	1253	2420	2.585470815438801	2.740672502720686	-0.1552016872818851	-0.22174085547869635	-0.10091148692136381	1000	3.343571495660535e-10	29	-0.07709802930898224	-0.5280827835449731	0.7247403517032337	1.8389643226132942e-09
GSE311294	GSM9322959_TR11_18105	Official_STAGATE_pyG	Official_STAGATE_pyG	4	seed_23	False	signature	SIG_CAF_FAP	FAP,COL1A1,DCN,COL3A1,LUM	1251	2422	2.584651493773104	2.7436649343296917	-0.1590134405565875	-0.2263856911837944	-0.10828887735573074	1000	6.5902982720673e-11	29	-0.08633495273947389	-0.5280827835449731	0.7480973403651842	3.6246640496370146e-10
GSE311294	GSM9322959_TR11_18105	Official_STAGATE_pyG	Official_STAGATE_pyG	4	seed_37	False	signature	SIG_CAF_FAP	FAP,COL1A1,DCN,COL3A1,LUM	1253	2420	2.5846605167856707	2.742317159600055	-0.15765664281438418	-0.22387910123121707	-0.10502678535015274	1000	1.3438758252490912e-10	29	-0.08633495273947389	-0.5280827835449731	0.7247403517032337	7.391317038870001e-10
GSE311294	GSM9322959_TR11_18105	Official_STAGATE_pyG	Official_STAGATE_pyG	4	seed_11	True	signature	SIG_CYTOTOX	NKG7,GNLY,GZMB,PRF1,IFNG	1253	2420	0.0	0.0	0.0	0.0	0.0	1000	0.46944735680522476	29	0.0	0.0	0.05981014202336413	0.5913434696527529
GSE311294	GSM9322959_TR11_18105	Official_STAGATE_pyG	Official_STAGATE_pyG	4	seed_23	False	signature	SIG_CYTOTOX	NKG7,GNLY,GZMB,PRF1,IFNG	1251	2422	0.0	0.0	0.0	0.0	0.0	1000	0.5796020947006428	29	0.0	0.0	0.05981014202336413	0.6748640026547819
GSE311294	GSM9322959_TR11_18105	Official_STAGATE_pyG	Official_STAGATE_pyG	4	seed_37	False	signature	SIG_CYTOTOX	NKG7,GNLY,GZMB,PRF1,IFNG	1253	2420	0.0	0.0	0.0	0.0	0.0	1000	0.46944735680522476	29	0.0	0.0	0.05981014202336413	0.5737689916508303
GSE311294	GSM9322959_TR11_18105	Official_STAGATE_pyG	Official_STAGATE_pyG	4	seed_11	True	signature	SIG_EXCLUSION_CONTRAST	CAF:FAP,COL1A1,DCN,COL3A1,LUM;MY:SPP1,LST1,TYROBP,C1QA,C1QB,C1QC;TCELL:TRAC,CD3D,CD3E,CD247	1253	2420	2.869682585538344	3.0616546946737953	-0.19197210913545115	-0.2697278065569932	-0.12113133636849775	1000	7.048565355306043e-07	29	-0.1857344072379008	-0.5778897502379468	0.8516875226848798	1.292236981806108e-06
GSE311294	GSM9322959_TR11_18105	Official_STAGATE_pyG	Official_STAGATE_pyG	4	seed_23	False	signature	SIG_EXCLUSION_CONTRAST	CAF:FAP,COL1A1,DCN,COL3A1,LUM;MY:SPP1,LST1,TYROBP,C1QA,C1QB,C1QC;TCELL:TRAC,CD3D,CD3E,CD247	1251	2422	2.8675627510252837	3.064337358924439	-0.19677460789915546	-0.27065269733763947	-0.1264809089140474	1000	1.251821853926291e-07	29	-0.1857344072379008	-0.5778897502379468	0.8947569550906722	2.7961792249176726e-07
GSE311294	GSM9322959_TR11_18105	Official_STAGATE_pyG	Official_STAGATE_pyG	4	seed_37	False	signature	SIG_EXCLUSION_CONTRAST	CAF:FAP,COL1A1,DCN,COL3A1,LUM;MY:SPP1,LST1,TYROBP,C1QA,C1QB,C1QC;TCELL:TRAC,CD3D,CD3E,CD247	1253	2420	2.8683269011582415	3.064057951698648	-0.1957310505404064	-0.2705640096281865	-0.12258067784424463	1000	2.388224606316179e-07	29	-0.1857344072379008	-0.5778897502379468	0.8516875226848798	5.254094133895594e-07
GSE311294	GSM9322959_TR11_18105	Official_STAGATE_pyG	Official_STAGATE_pyG	4	seed_11	True	signature	SIG_EXCLUSION_TGFB_CXCL12	TGFB1,CXCL12,ACTA2,TAGLN,FAP,COL1A1	1253	2420	1.5342229450302851	1.660940395685932	-0.126717450655647	-0.17001858692190935	-0.08111097857365958	1000	6.35501173192792e-10	29	-0.034930554385474544	-0.39727252803909513	0.5134026851124064	2.330170968373571e-09
GSE311294	GSM9322959_TR11_18105	Official_STAGATE_pyG	Official_STAGATE_pyG	4	seed_23	False	signature	SIG_EXCLUSION_TGFB_CXCL12	TGFB1,CXCL12,ACTA2,TAGLN,FAP,COL1A1	1251	2422	1.53146466676004	1.660940395685932	-0.1294757289258921	-0.17086153513646601	-0.07964144405544074	1000	3.496539788017427e-10	29	-0.045667588174911344	-0.39727252803909513	0.4997004157292378	1.282064588939723e-09
GSE311294	GSM9322959_TR11_18105	Official_STAGATE_pyG	Official_STAGATE_pyG	4	seed_37	False	signature	SIG_EXCLUSION_TGFB_CXCL12	TGFB1,CXCL12,ACTA2,TAGLN,FAP,COL1A1	1253	2420	1.5342229450302851	1.6602185458594105	-0.12599560082912542	-0.1668764609280106	-0.08063445267140072	1000	5.948069132080545e-10	29	-0.034930554385474544	-0.39727252803909513	0.5134026851124064	2.1809586817628664e-09
GSE311294	GSM9322959_TR11_18105	Official_STAGATE_pyG	Official_STAGATE_pyG	4	seed_11	True	signature	SIG_MY_SPP1	SPP1,LST1,TYROBP,C1QA,C1QB,C1QC	1253	2420	0.3236487271388822	0.3337646470952229	-0.010115919956340702	-0.0269871233005299	0.011522171057934214	1000	0.4838264751704342	29	0.0	-0.4032647011820967	0.3368693598767146	0.5913434696527529
GSE311294	GSM9322959_TR11_18105	Official_STAGATE_pyG	Official_STAGATE_pyG	4	seed_23	False	signature	SIG_MY_SPP1	SPP1,LST1,TYROBP,C1QA,C1QB,C1QC	1251	2422	0.32040885279095915	0.3363312953911447	-0.01592244260018555	-0.03421935497795809	0.0063774795841377895	1000	0.1913355308729291	29	0.0	-0.4032647011820967	0.3339146250889758	0.28650291831425656
GSE311294	GSM9322959_TR11_18105	Official_STAGATE_pyG	Official_STAGATE_pyG	4	seed_37	False	signature	SIG_MY_SPP1	SPP1,LST1,TYROBP,C1QA,C1QB,C1QC	1253	2420	0.32258755156453145	0.3340653028051691	-0.011477751240637657	-0.030285731280715746	0.011440233897157946	1000	0.3731575368748604	29	0.0	-0.4032647011820967	0.3339146250889758	0.5130916132029331
GSE311294	GSM9322959_TR11_18105	Official_STAGATE_pyG	Official_STAGATE_pyG	4	seed_11	True	signature	SIG_TCELL	TRAC,CD3D,CD3E,CD247	1253	2420	0.0	0.0	0.0	0.0	0.0	1000	0.9900308627875343	29	0.0	-0.3163016466081129	0.0	0.9900308627875343
GSE311294	GSM9322959_TR11_18105	Official_STAGATE_pyG	Official_STAGATE_pyG	4	seed_23	False	signature	SIG_TCELL	TRAC,CD3D,CD3E,CD247	1251	2422	0.0	0.0	0.0	0.0	0.0	1000	0.7115185585361841	29	0.0	-0.3163016466081129	0.0	0.7115185585361841
GSE311294	GSM9322959_TR11_18105	Official_STAGATE_pyG	Official_STAGATE_pyG	4	seed_37	False	signature	SIG_TCELL	TRAC,CD3D,CD3E,CD247	1253	2420	0.0	0.0	0.0	0.0	0.0	1000	0.938506371269529	29	0.0	-0.3163016466081129	0.0	0.9385063712695291
GSE311294	GSM9322959_TR11_18105	Official_STAGATE_pyG	Official_STAGATE_pyG	4	seed_11	True	gene	SPP1	SPP1	1253	2420	0.0	0.0	0.0	0.0	0.0	1000	3.348678892216743e-09	29	0.0	-0.8609120500098751	0.9914809080574216	9.208866953596043e-09
GSE311294	GSM9322959_TR11_18105	Official_STAGATE_pyG	Official_STAGATE_pyG	4	seed_23	False	gene	SPP1	SPP1	1251	2422	0.0	0.0	0.0	0.0	0.0	1000	1.2709905567807603e-07	29	0.0	-0.8609120500098751	0.8869915109084068	2.7961792249176726e-07
GSE311294	GSM9322959_TR11_18105	Official_STAGATE_pyG	Official_STAGATE_pyG	4	seed_37	False	gene	SPP1	SPP1	1253	2420	0.0	0.0	0.0	0.0	0.0	1000	1.0938294589411583e-08	29	0.0	-0.8609120500098751	0.8869915109084068	3.0080310120881854e-08
GSE311294	GSM9322959_TR11_18105	Official_STAGATE_pyG	Official_STAGATE_pyG	6	seed_11	True	gene	COL1A1	COL1A1	1466	2207	4.435351879945823	4.485477433245433	-0.050125553299610104	-0.11396177761464994	0.022420512825753563	1000	0.005166589209102268	32	0.013893092213599578	-0.5270643975745067	0.8714006102629377	0.00947208021668749
GSE311294	GSM9322959_TR11_18105	Official_STAGATE_pyG	Official_STAGATE_pyG	6	seed_23	False	gene	COL1A1	COL1A1	1462	2211	4.4267284459118095	4.489136083448228	-0.06240763753641865	-0.12286245945251358	0.008535751741572891	1000	0.0015827490045057444	31	0.02363978717979842	-0.5271855216052985	0.8620501532091699	0.0029017065082605313
GSE311294	GSM9322959_TR11_18105	Official_STAGATE_pyG	Official_STAGATE_pyG	6	seed_37	False	gene	COL1A1	COL1A1	1460	2213	4.432806520508196	4.486717227112484	-0.053910706604288094	-0.11348822827810734	0.012892631116748876	1000	0.002479244719409221	31	0.02363978717979842	-0.5271855216052985	0.8620501532091699	0.004545281985583571
GSE311294	GSM9322959_TR11_18105	Official_STAGATE_pyG	Official_STAGATE_pyG	6	seed_11	True	gene	EPCAM	EPCAM	1466	2207	0.0	0.0	0.0	0.0	0.0	1000	9.955811608109843e-25	32	0.0	-0.4411062325568512	0.157321768685875	1.0951392768920827e-23
GSE311294	GSM9322959_TR11_18105	Official_STAGATE_pyG	Official_STAGATE_pyG	6	seed_23	False	gene	EPCAM	EPCAM	1462	2211	0.0	0.0	0.0	0.0	0.0	1000	5.439023644056269e-25	31	0.0	-0.4863284886210225	0.17480196520652944	5.9829260084618955e-24
GSE311294	GSM9322959_TR11_18105	Official_STAGATE_pyG	Official_STAGATE_pyG	6	seed_37	False	gene	EPCAM	EPCAM	1460	2213	0.0	0.0	0.0	0.0	0.0	1000	4.0134186107811775e-25	31	0.0	-0.4863284886210225	0.17480196520652944	4.414760471859295e-24
GSE311294	GSM9322959_TR11_18105	Official_STAGATE_pyG	Official_STAGATE_pyG	6	seed_11	True	gene	FAP	FAP	1466	2207	0.0	0.0	0.0	0.0	0.0	1000	0.01621358392551332	32	0.0	-1.247813387561548	0.6469435586967407	0.025478489025806645
GSE311294	GSM9322959_TR11_18105	Official_STAGATE_pyG	Official_STAGATE_pyG	6	seed_23	False	gene	FAP	FAP	1462	2211	0.0	0.0	0.0	0.0	0.0	1000	0.011049622477558413	31	0.0	-1.2563320812736802	0.5755087570165686	0.01736369246473465
GSE311294	GSM9322959_TR11_18105	Official_STAGATE_pyG	Official_STAGATE_pyG	6	seed_37	False	gene	FAP	FAP	1460	2213	0.0	0.0	0.0	0.0	0.0	1000	0.012524628271666541	31	0.0	-1.2563320812736802	0.5755087570165686	0.019681558712618848
GSE311294	GSM9322959_TR11_18105	Official_STAGATE_pyG	Official_STAGATE_pyG	6	seed_11	True	gene	PTPRC	PTPRC	1466	2207	0.0	0.0	0.0	0.0	0.0	1000	0.9100065452880284	32	0.0	0.0	0.0	0.9100065452880284
GSE311294	GSM9322959_TR11_18105	Official_STAGATE_pyG	Official_STAGATE_pyG	6	seed_23	False	gene	PTPRC	PTPRC	1462	2211	0.0	0.0	0.0	0.0	0.0	1000	0.7320776406876216	31	0.0	0.0	0.0	0.8052854047563838
GSE311294	GSM9322959_TR11_18105	Official_STAGATE_pyG	Official_STAGATE_pyG	6	seed_37	False	gene	PTPRC	PTPRC	1460	2213	0.0	0.0	0.0	0.0	0.0	1000	0.8833141591936576	31	0.0	0.0	0.0	0.9170585549689843
GSE311294	GSM9322959_TR11_18105	Official_STAGATE_pyG	Official_STAGATE_pyG	6	seed_11	True	signature	SIG_CAF_FAP	FAP,COL1A1,DCN,COL3A1,LUM	1466	2207	2.6137829491636735	2.7397955730606394	-0.12601262389696588	-0.1836523313178765	-0.06581455662442433	1000	5.388133147662393e-07	32	-0.05042210479325937	-0.4910480191409183	0.6534741307409434	1.975648820809544e-06
GSE311294	GSM9322959_TR11_18105	Official_STAGATE_pyG	Official_STAGATE_pyG	6	seed_23	False	signature	SIG_CAF_FAP	FAP,COL1A1,DCN,COL3A1,LUM	1462	2211	2.612290408555411	2.743722959303678	-0.13143255074826676	-0.18369585374885017	-0.07149714560105996	1000	1.5864062054072074e-07	31	-0.045117158125266066	-0.4925572360688657	0.6367698991364881	5.816822753159761e-07
GSE311294	GSM9322959_TR11_18105	Official_STAGATE_pyG	Official_STAGATE_pyG	6	seed_37	False	signature	SIG_CAF_FAP	FAP,COL1A1,DCN,COL3A1,LUM	1460	2213	2.6109470285251977	2.7440074577807043	-0.13306042925550665	-0.18549533145280944	-0.06817424337310425	1000	1.7825649594319964e-07	31	-0.045117158125266066	-0.4925572360688657	0.6367698991364881	6.53607151791732e-07
GSE311294	GSM9322959_TR11_18105	Official_STAGATE_pyG	Official_STAGATE_pyG	6	seed_11	True	signature	SIG_CYTOTOX	NKG7,GNLY,GZMB,PRF1,IFNG	1466	2207	0.0	0.0	0.0	0.0	0.0	1000	0.15097077742649692	32	0.0	0.0	0.03275103375255648	0.18451983907682956
GSE311294	GSM9322959_TR11_18105	Official_STAGATE_pyG	Official_STAGATE_pyG	6	seed_23	False	signature	SIG_CYTOTOX	NKG7,GNLY,GZMB,PRF1,IFNG	1462	2211	0.0	0.0	0.0	0.0	0.0	1000	0.126269538432523	31	0.0	0.0	0.03639003750284088	0.15432943586197256
GSE311294	GSM9322959_TR11_18105	Official_STAGATE_pyG	Official_STAGATE_pyG	6	seed_37	False	signature	SIG_CYTOTOX	NKG7,GNLY,GZMB,PRF1,IFNG	1460	2213	0.0	0.0	0.0	0.0	0.0	1000	0.13366077332853932	31	0.0	0.0	0.03639003750284088	0.16336316740154805
GSE311294	GSM9322959_TR11_18105	Official_STAGATE_pyG	Official_STAGATE_pyG	6	seed_11	True	signature	SIG_EXCLUSION_CONTRAST	CAF:FAP,COL1A1,DCN,COL3A1,LUM;MY:SPP1,LST1,TYROBP,C1QA,C1QB,C1QC;TCELL:TRAC,CD3D,CD3E,CD247	1466	2207	2.8844588199090797	3.082069065355766	-0.19761024544668615	-0.27588519269056505	-0.12865841546318338	1000	1.756427784295271e-07	32	-0.07300752516840625	-0.8571495719742668	0.8135858479112497	9.66035281362399e-07
GSE311294	GSM9322959_TR11_18105	Official_STAGATE_pyG	Official_STAGATE_pyG	6	seed_23	False	signature	SIG_EXCLUSION_CONTRAST	CAF:FAP,COL1A1,DCN,COL3A1,LUM;MY:SPP1,LST1,TYROBP,C1QA,C1QB,C1QC;TCELL:TRAC,CD3D,CD3E,CD247	1462	2211	2.882032366721931	3.0842031104463596	-0.20217074372442845	-0.28002528552203115	-0.12678156870611332	1000	3.658087464882379e-08	31	-0.07397942552568293	-0.8635481169315349	0.7992148518526903	2.0119481056853084e-07
GSE311294	GSM9322959_TR11_18105	Official_STAGATE_pyG	Official_STAGATE_pyG	6	seed_37	False	signature	SIG_EXCLUSION_CONTRAST	CAF:FAP,COL1A1,DCN,COL3A1,LUM;MY:SPP1,LST1,TYROBP,C1QA,C1QB,C1QC;TCELL:TRAC,CD3D,CD3E,CD247	1460	2213	2.882032366721931	3.0842031104463596	-0.20217074372442845	-0.2778035565812613	-0.13227022893745644	1000	5.214880241610774e-08	31	-0.07397942552568293	-0.8635481169315349	0.7992148518526903	2.868184132885925e-07
GSE311294	GSM9322959_TR11_18105	Official_STAGATE_pyG	Official_STAGATE_pyG	6	seed_11	True	signature	SIG_EXCLUSION_TGFB_CXCL12	TGFB1,CXCL12,ACTA2,TAGLN,FAP,COL1A1	1466	2207	1.5603131542752386	1.6558832759000695	-0.0955701216248308	-0.14414423382888622	-0.04726508272164443	1000	1.8693433928077604e-06	32	0.004918033550668999	-0.4803124629178382	0.48696419109106076	5.140694330221341e-06
GSE311294	GSM9322959_TR11_18105	Official_STAGATE_pyG	Official_STAGATE_pyG	6	seed_23	False	signature	SIG_EXCLUSION_TGFB_CXCL12	TGFB1,CXCL12,ACTA2,TAGLN,FAP,COL1A1	1462	2211	1.5569014246067572	1.661257968860675	-0.10435654425391783	-0.14776501106448467	-0.056466050811282066	1000	5.241275511678108e-07	31	0.00602031680962023	-0.48188255524751905	0.47939807973930915	1.4413507657114796e-06
GSE311294	GSM9322959_TR11_18105	Official_STAGATE_pyG	Official_STAGATE_pyG	6	seed_37	False	signature	SIG_EXCLUSION_TGFB_CXCL12	TGFB1,CXCL12,ACTA2,TAGLN,FAP,COL1A1	1460	2213	1.5569014246067572	1.6589579608460874	-0.1020565362393302	-0.14633581656173017	-0.05419526313493956	1000	7.178886595977934e-07	31	0.009948188706727867	-0.48188255524751905	0.47939807973930915	1.974193813893932e-06
GSE311294	GSM9322959_TR11_18105	Official_STAGATE_pyG	Official_STAGATE_pyG	6	seed_11	True	signature	SIG_MY_SPP1	SPP1,LST1,TYROBP,C1QA,C1QB,C1QC	1466	2207	0.32103342266724466	0.33775289168517375	-0.01671946901792909	-0.03286214792428403	0.003155262442746403	1000	0.09521047631875873	32	0.0	-0.6830846426461312	0.4223224409140049	0.13091440493829326
GSE311294	GSM9322959_TR11_18105	Official_STAGATE_pyG	Official_STAGATE_pyG	6	seed_23	False	signature	SIG_MY_SPP1	SPP1,LST1,TYROBP,C1QA,C1QB,C1QC	1462	2211	0.32030506544131016	0.33803918238521935	-0.017734116943909195	-0.033858130232102664	0.0005256605315789799	1000	0.05044956119784234	31	-0.002208670071020824	-0.6835398864643656	0.31296719905296866	0.06936814664703321
GSE311294	GSM9322959_TR11_18105	Official_STAGATE_pyG	Official_STAGATE_pyG	6	seed_37	False	signature	SIG_MY_SPP1	SPP1,LST1,TYROBP,C1QA,C1QB,C1QC	1460	2213	0.32070026654544137	0.33784825072006247	-0.0171479841746211	-0.03240822317034844	0.002295886318670803	1000	0.07091861707940808	31	0.0	-0.6586139375106752	0.31296719905296866	0.09751309848418611
GSE311294	GSM9322959_TR11_18105	Official_STAGATE_pyG	Official_STAGATE_pyG	6	seed_11	True	signature	SIG_TCELL	TRAC,CD3D,CD3E,CD247	1466	2207	0.0	0.0	0.0	0.0	0.0	1000	0.8868436207652546	32	0.0	-0.3397453307359217	0.0	0.9100065452880284
GSE311294	GSM9322959_TR11_18105	Official_STAGATE_pyG	Official_STAGATE_pyG	6	seed_23	False	signature	SIG_TCELL	TRAC,CD3D,CD3E,CD247	1462	2211	0.0	0.0	0.0	0.0	0.0	1000	0.9324250235627829	31	0.0	-0.3406987071133045	0.0	0.9324250235627829
GSE311294	GSM9322959_TR11_18105	Official_STAGATE_pyG	Official_STAGATE_pyG	6	seed_37	False	signature	SIG_TCELL	TRAC,CD3D,CD3E,CD247	1460	2213	0.0	0.0	0.0	0.0	0.0	1000	0.9170585549689843	31	0.0	-0.3406987071133045	0.0	0.9170585549689843
GSE311294	GSM9322959_TR11_18105	Official_STAGATE_pyG	Official_STAGATE_pyG	6	seed_11	True	gene	SPP1	SPP1	1466	2207	0.0	0.0	0.0	0.0	0.0	1000	6.772772241046165e-05	32	0.0	-1.8175077832288664	0.5241555207224414	0.00014900098930301564
GSE311294	GSM9322959_TR11_18105	Official_STAGATE_pyG	Official_STAGATE_pyG	6	seed_23	False	gene	SPP1	SPP1	1462	2211	0.0	0.0	0.0	0.0	0.0	1000	0.0001934938436775995	31	0.0	-1.8495845365929595	0.5823950230249404	0.0004256864560907189
GSE311294	GSM9322959_TR11_18105	Official_STAGATE_pyG	Official_STAGATE_pyG	6	seed_37	False	gene	SPP1	SPP1	1460	2213	0.0	0.0	0.0	0.0	0.0	1000	0.00011884193240211142	31	0.0	-1.8495845365929595	0.5823950230249404	0.0002614522512846451
GSE267401	GSM8265211_CTC21P	Official_SpaGCN_v1_2_7	Official_SpaGCN_v1_2_7	4	seed_11	True	gene	COL1A1	COL1A1	3027	1663	2.6877998979010265	3.8924474416882617	-1.2046475437872353	-1.398873781207966	-0.931967409193396	1000	1.209332166312629e-13	36	0.09142405081481375	-1.846546344621703	2.0297716878425667	2.2171089715731533e-13
GSE267401	GSM8265211_CTC21P	Official_SpaGCN_v1_2_7	Official_SpaGCN_v1_2_7	4	seed_23	False	gene	COL1A1	COL1A1	3047	1643	2.664689350447566	3.7964182921657046	-1.1317289417181384	-1.355822872277428	-0.8958026759151576	1000	3.171890201475107e-19	36	0.1582106489086481	-1.7318460186752187	1.2181850133945695	8.722698054056544e-19
GSE267401	GSM8265211_CTC21P	Official_SpaGCN_v1_2_7	Official_SpaGCN_v1_2_7	4	seed_37	False	gene	COL1A1	COL1A1	2971	1719	2.760555802066395	3.4314744460886493	-0.6709186440222541	-0.9263180754526743	-0.39598193404837034	1000	4.2775658825213205e-09	36	0.15518566196690847	-1.8599963957298884	2.1822510897547	1.1763306176933631e-08
GSE267401	GSM8265211_CTC21P	Official_SpaGCN_v1_2_7	Official_SpaGCN_v1_2_7	4	seed_11	True	gene	EPCAM	EPCAM	3027	1663	2.820065495155155	2.150278942640017	0.6697865525151383	0.5011258008977343	0.8879811726435383	1000	3.7440952377423234e-54	36	0.04190814730151127	-0.2785394712099463	2.466857452289339	4.118504761516556e-53
GSE267401	GSM8265211_CTC21P	Official_SpaGCN_v1_2_7	Official_SpaGCN_v1_2_7	4	seed_23	False	gene	EPCAM	EPCAM	3047	1643	2.8079754114663533	2.232353094685017	0.5756223167813364	0.4086560045422396	0.7504949364746518	1000	7.977259322543957e-41	36	0.0	-0.18933424901381474	1.8567274104364022	8.774985254798354e-40
GSE267401	GSM8265211_CTC21P	Official_SpaGCN_v1_2_7	Official_SpaGCN_v1_2_7	4	seed_37	False	gene	EPCAM	EPCAM	2971	1719	2.802591383600603	2.4185381473334084	0.38405323626719445	0.284503308185055	0.5090758084222043	1000	8.413952366621438e-27	36	0.0	-1.0989873382192403	2.2688217829045185	9.255347603283581e-26
GSE267401	GSM8265211_CTC21P	Official_SpaGCN_v1_2_7	Official_SpaGCN_v1_2_7	4	seed_11	True	gene	FAP	FAP	3027	1663	0.0	0.0	0.0	0.0	0.0	1000	0.05356739686507555	36	0.0	-0.5398520309398311	0.0	0.05356739686507555
GSE267401	GSM8265211_CTC21P	Official_SpaGCN_v1_2_7	Official_SpaGCN_v1_2_7	4	seed_23	False	gene	FAP	FAP	3047	1643	0.0	0.0	0.0	0.0	0.0	1000	0.0008304840950748548	36	0.0	-0.02959009698414627	0.0	0.0010150361162026005
GSE267401	GSM8265211_CTC21P	Official_SpaGCN_v1_2_7	Official_SpaGCN_v1_2_7	4	seed_37	False	gene	FAP	FAP	2971	1719	0.0	0.0	0.0	0.0	0.0	1000	0.27163547067106397	36	0.0	-0.05918019396829254	0.0	0.27163547067106397
GSE267401	GSM8265211_CTC21P	Official_SpaGCN_v1_2_7	Official_SpaGCN_v1_2_7	4	seed_11	True	gene	PTPRC	PTPRC	3027	1663	0.0	0.0	0.0	0.0	0.0	1000	0.013546387828431336	36	0.0	0.0	0.0	0.01490102661127447
GSE267401	GSM8265211_CTC21P	Official_SpaGCN_v1_2_7	Official_SpaGCN_v1_2_7	4	seed_23	False	gene	PTPRC	PTPRC	3047	1643	0.0	0.0	0.0	0.0	0.0	1000	0.38053897519849955	36	0.0	0.0	0.0	0.38053897519849955
GSE267401	GSM8265211_CTC21P	Official_SpaGCN_v1_2_7	Official_SpaGCN_v1_2_7	4	seed_37	False	gene	PTPRC	PTPRC	2971	1719	0.0	0.0	0.0	0.0	0.0	1000	0.10780928240622996	36	0.0	0.0	0.0	0.11859021064685296
GSE267401	GSM8265211_CTC21P	Official_SpaGCN_v1_2_7	Official_SpaGCN_v1_2_7	4	seed_11	True	signature	SIG_CAF_FAP	FAP,COL1A1,DCN,COL3A1,LUM	3027	1663	1.1686711037385968	1.7933954447302363	-0.6247243409916394	-0.7397760536237348	-0.46925838327582003	1000	1.0901169112303047e-12	36	0.08883065848903732	-1.6101695684051918	1.035670725887163	1.7130408605047645e-12
GSE267401	GSM8265211_CTC21P	Official_SpaGCN_v1_2_7	Official_SpaGCN_v1_2_7	4	seed_23	False	signature	SIG_CAF_FAP	FAP,COL1A1,DCN,COL3A1,LUM	3047	1643	1.1322132376148826	1.7631140887910306	-0.630900851176148	-0.7450574710837763	-0.5075648589506058	1000	1.433660355804225e-22	36	0.018334256713840313	-1.4876205647279912	0.7212790407990628	5.256754637948825e-22
GSE267401	GSM8265211_CTC21P	Official_SpaGCN_v1_2_7	Official_SpaGCN_v1_2_7	4	seed_37	False	signature	SIG_CAF_FAP	FAP,COL1A1,DCN,COL3A1,LUM	2971	1719	1.189692715431875	1.577243916588714	-0.38755120115683894	-0.5142097595434049	-0.287768896688767	1000	7.386664134020767e-11	36	0.03617403486777765	-1.6093236240919526	1.5028678450354134	2.7084435158076144e-10
GSE267401	GSM8265211_CTC21P	Official_SpaGCN_v1_2_7	Official_SpaGCN_v1_2_7	4	seed_11	True	signature	SIG_CYTOTOX	NKG7,GNLY,GZMB,PRF1,IFNG	3027	1663	0.0	0.0	0.0	0.0	0.0	1000	3.025000362396463e-14	36	0.0	-0.055559296924159646	0.10201456425179661	6.655000797272219e-14
GSE267401	GSM8265211_CTC21P	Official_SpaGCN_v1_2_7	Official_SpaGCN_v1_2_7	4	seed_23	False	signature	SIG_CYTOTOX	NKG7,GNLY,GZMB,PRF1,IFNG	3047	1643	0.0	0.0	0.0	0.0	0.0	1000	8.749844332532499e-05	36	0.0	-0.0413834652930502	0.04501225500766314	0.00012031035957232186
GSE267401	GSM8265211_CTC21P	Official_SpaGCN_v1_2_7	Official_SpaGCN_v1_2_7	4	seed_37	False	signature	SIG_CYTOTOX	NKG7,GNLY,GZMB,PRF1,IFNG	2971	1719	0.0	0.0	0.0	0.0	0.0	1000	1.1109336108135242e-07	36	0.0	-0.06147996357610696	0.08697353235794072	2.0367116198247942e-07
GSE267401	GSM8265211_CTC21P	Official_SpaGCN_v1_2_7	Official_SpaGCN_v1_2_7	4	seed_11	True	signature	SIG_EXCLUSION_CONTRAST	CAF:FAP,COL1A1,DCN,COL3A1,LUM;MY:SPP1,LST1,TYROBP,C1QA,C1QB,C1QC;TCELL:TRAC,CD3D,CD3E,CD247	3027	1663	1.3841519027608804	1.8788613899973003	-0.49470948723641994	-0.6162799005057763	-0.3663393142668435	1000	6.439609126420184e-10	36	0.12040054128497102	-1.4997183919449248	1.12431866294582	8.854462548827753e-10
GSE267401	GSM8265211_CTC21P	Official_SpaGCN_v1_2_7	Official_SpaGCN_v1_2_7	4	seed_23	False	signature	SIG_EXCLUSION_CONTRAST	CAF:FAP,COL1A1,DCN,COL3A1,LUM;MY:SPP1,LST1,TYROBP,C1QA,C1QB,C1QC;TCELL:TRAC,CD3D,CD3E,CD247	3047	1643	1.3445656693193664	1.8523621696764032	-0.5077965003570368	-0.6187525970519396	-0.40810702698940593	1000	1.157164514937826e-17	36	0.04183409718157549	-1.5637008157875183	0.747204284881165	2.545761932863217e-17
GSE267401	GSM8265211_CTC21P	Official_SpaGCN_v1_2_7	Official_SpaGCN_v1_2_7	4	seed_37	False	signature	SIG_EXCLUSION_CONTRAST	CAF:FAP,COL1A1,DCN,COL3A1,LUM;MY:SPP1,LST1,TYROBP,C1QA,C1QB,C1QC;TCELL:TRAC,CD3D,CD3E,CD247	2971	1719	1.4096179261959971	1.7328032877560529	-0.32318536156005573	-0.44509478818373444	-0.17601784405611925	1000	6.4682663418591234e-09	36	0.12615670511347754	-1.6319782794604563	1.4966135888355043	1.4230185952090072e-08
GSE267401	GSM8265211_CTC21P	Official_SpaGCN_v1_2_7	Official_SpaGCN_v1_2_7	4	seed_11	True	signature	SIG_EXCLUSION_TGFB_CXCL12	TGFB1,CXCL12,ACTA2,TAGLN,FAP,COL1A1	3027	1663	0.6335661683824263	0.9659431744247962	-0.33237700604236986	-0.44169769325697394	-0.24000213951827692	1000	4.573504545649589e-15	36	-0.09391357697989211	-1.0134633264176292	0.5471127657223434	1.616479291154987e-14
GSE267401	GSM8265211_CTC21P	Official_SpaGCN_v1_2_7	Official_SpaGCN_v1_2_7	4	seed_23	False	signature	SIG_EXCLUSION_TGFB_CXCL12	TGFB1,CXCL12,ACTA2,TAGLN,FAP,COL1A1	3047	1643	0.6061189919403086	0.9605829792147781	-0.3544639872744695	-0.4224648423977727	-0.2703200137496237	1000	4.2983988895727876e-24	36	-0.01635498104928762	-1.0337416646133943	0.3968033211324416	2.3641193892650333e-23
GSE267401	GSM8265211_CTC21P	Official_SpaGCN_v1_2_7	Official_SpaGCN_v1_2_7	4	seed_37	False	signature	SIG_EXCLUSION_TGFB_CXCL12	TGFB1,CXCL12,ACTA2,TAGLN,FAP,COL1A1	2971	1719	0.6413958798457763	0.8260625128939528	-0.18466663304817654	-0.26295093363149863	-0.11798141447485874	1000	8.394461173762314e-12	36	0.014532363155023459	-1.0825417321618682	0.7818233049333982	4.6169536455692724e-11
GSE267401	GSM8265211_CTC21P	Official_SpaGCN_v1_2_7	Official_SpaGCN_v1_2_7	4	seed_11	True	signature	SIG_MY_SPP1	SPP1,LST1,TYROBP,C1QA,C1QB,C1QC	3027	1663	0.16580192536448946	0.0895153788514983	0.07628654651299116	0.052384916349294465	0.10464849960648023	1000	5.878106513290862e-15	36	0.0	-0.28547819134007574	0.2017392068848687	1.616479291154987e-14
GSE267401	GSM8265211_CTC21P	Official_SpaGCN_v1_2_7	Official_SpaGCN_v1_2_7	4	seed_23	False	signature	SIG_MY_SPP1	SPP1,LST1,TYROBP,C1QA,C1QB,C1QC	3047	1643	0.15630249621182044	0.11452689681482846	0.04177559939699198	0.008426800211994497	0.06492631916221962	1000	1.566224004524708e-06	36	0.0	-0.17216286624050137	0.14490092096480076	2.4612091499673983e-06
GSE267401	GSM8265211_CTC21P	Official_SpaGCN_v1_2_7	Official_SpaGCN_v1_2_7	4	seed_37	False	signature	SIG_MY_SPP1	SPP1,LST1,TYROBP,C1QA,C1QB,C1QC	2971	1719	0.1500729178106139	0.13824571055552112	0.011827207255092786	-0.017559047027457808	0.04307278416960942	1000	0.00032707096439458345	36	0.0	-0.2375472271577509	0.17143753752133029	0.00039975340092671314
GSE267401	GSM8265211_CTC21P	Official_SpaGCN_v1_2_7	Official_SpaGCN_v1_2_7	4	seed_11	True	signature	SIG_TCELL	TRAC,CD3D,CD3E,CD247	3027	1663	0.0	0.0	0.0	0.0	0.0	1000	7.304681207277939e-07	36	0.0	-0.24954696687510197	0.07087676827375955	8.927943697784148e-07
GSE267401	GSM8265211_CTC21P	Official_SpaGCN_v1_2_7	Official_SpaGCN_v1_2_7	4	seed_23	False	signature	SIG_TCELL	TRAC,CD3D,CD3E,CD247	3047	1643	0.0	0.0	0.0	0.0	0.0	1000	0.05608829221690812	36	0.0	-0.16728055839403946	0.07202258582003496	0.061697121438598936
GSE267401	GSM8265211_CTC21P	Official_SpaGCN_v1_2_7	Official_SpaGCN_v1_2_7	4	seed_37	False	signature	SIG_TCELL	TRAC,CD3D,CD3E,CD247	2971	1719	0.0	0.0	0.0	0.0	0.0	1000	7.250754161889282e-05	36	0.0	-0.21528882019741388	0.0696686960209574	9.969786972597763e-05
GSE267401	GSM8265211_CTC21P	Official_SpaGCN_v1_2_7	Official_SpaGCN_v1_2_7	4	seed_11	True	gene	SPP1	SPP1	3027	1663	0.0	0.0	0.0	0.0	0.1910479143897478	1000	2.5149390075083767e-22	36	0.0	-0.7666660301070853	0.6340811685081421	1.3832164541296072e-21
GSE267401	GSM8265211_CTC21P	Official_SpaGCN_v1_2_7	Official_SpaGCN_v1_2_7	4	seed_23	False	gene	SPP1	SPP1	3047	1643	0.0	0.0	0.0	0.0	0.0	1000	6.743240878698185e-15	36	0.0	-0.4558527789280131	0.44402046457538336	1.2362608277613339e-14
GSE267401	GSM8265211_CTC21P	Official_SpaGCN_v1_2_7	Official_SpaGCN_v1_2_7	4	seed_37	False	gene	SPP1	SPP1	2971	1719	0.0	0.0	0.0	0.0	0.0	1000	1.39775112136948e-05	36	0.0	-0.4550673889539851	0.4460058133811543	2.196466047866326e-05
GSE267401	GSM8265211_CTC21P	Official_SpaGCN_v1_2_7	Official_SpaGCN_v1_2_7	6	seed_11	True	gene	COL1A1	COL1A1	3262	1428	2.7897881944808254	3.8507840567033518	-1.0609958622225264	-1.3769512014103593	-0.6787953286895477	1000	2.0728538135101528e-08	34	0.6976484958360348	-1.6069010404150301	3.005525549794151	3.80023199143528e-08
GSE267401	GSM8265211_CTC21P	Official_SpaGCN_v1_2_7	Official_SpaGCN_v1_2_7	6	seed_23	False	gene	COL1A1	COL1A1	3403	1287	2.6781788629729504	4.248380248852996	-1.5702013858800457	-1.7819855838023282	-1.3455050884213398	1000	1.1948532442940747e-26	35	0.1547539796996915	-1.9725208258108764	2.4749398321144445	3.2858464218087056e-26
GSE267401	GSM8265211_CTC21P	Official_SpaGCN_v1_2_7	Official_SpaGCN_v1_2_7	6	seed_37	False	gene	COL1A1	COL1A1	3338	1352	2.828404083558678	3.3852833952393877	-0.5568793116807096	-0.8683177657124563	-0.2906598723131764	1000	5.89561686436528e-07	35	0.32702384477383273	-1.5399846760858382	2.576467371642633	9.264540786859727e-07
GSE267401	GSM8265211_CTC21P	Official_SpaGCN_v1_2_7	Official_SpaGCN_v1_2_7	6	seed_11	True	gene	EPCAM	EPCAM	3262	1428	2.805299395073139	1.9566153946082192	0.8486840004649197	0.631981342369297	1.1004495720178233	1000	3.7165106100785854e-48	34	0.0	-1.0839034824636045	2.116181214557411	4.088161671086444e-47
GSE267401	GSM8265211_CTC21P	Official_SpaGCN_v1_2_7	Official_SpaGCN_v1_2_7	6	seed_23	False	gene	EPCAM	EPCAM	3403	1287	2.805052905993226	1.0795167568320785	1.7255361491611476	1.1915917972626442	2.8123528036205694	1000	2.221785695306321e-65	35	0.0	-0.3754320215635548	2.45816185533412	2.443964264836953e-64
GSE267401	GSM8265211_CTC21P	Official_SpaGCN_v1_2_7	Official_SpaGCN_v1_2_7	6	seed_37	False	gene	EPCAM	EPCAM	3338	1352	2.773385968508637	2.38512311820432	0.38826285030431684	0.25289245771417596	0.6440227170961986	1000	4.9709855328401844e-20	35	0.0	-0.6404750859666526	1.8698505847322249	5.468084086124202e-19
GSE267401	GSM8265211_CTC21P	Official_SpaGCN_v1_2_7	Official_SpaGCN_v1_2_7	6	seed_11	True	gene	FAP	FAP	3262	1428	0.0	0.0	0.0	0.0	0.0	1000	0.9317073558673468	34	0.0	-0.5723091694749634	0.0	0.9317073558673468
GSE267401	GSM8265211_CTC21P	Official_SpaGCN_v1_2_7	Official_SpaGCN_v1_2_7	6	seed_23	False	gene	FAP	FAP	3403	1287	0.0	0.0	0.0	0.0	0.0	1000	0.12115646367290352	35	0.0	-0.07501509164839044	0.0	0.1211564636729035
GSE267401	GSM8265211_CTC21P	Official_SpaGCN_v1_2_7	Official_SpaGCN_v1_2_7	6	seed_37	False	gene	FAP	FAP	3338	1352	0.0	0.0	0.0	0.0	0.0	1000	0.6884112158866503	35	0.0	-0.7454532512007318	0.0	0.6884112158866503
GSE267401	GSM8265211_CTC21P	Official_SpaGCN_v1_2_7	Official_SpaGCN_v1_2_7	6	seed_11	True	gene	PTPRC	PTPRC	3262	1428	0.0	0.0	0.0	0.0	0.0	1000	0.0006748994310037605	34	0.0	0.0	0.0	0.0008248770823379296
GSE267401	GSM8265211_CTC21P	Official_SpaGCN_v1_2_7	Official_SpaGCN_v1_2_7	6	seed_23	False	gene	PTPRC	PTPRC	3403	1287	0.0	0.0	0.0	0.0	0.0	1000	0.006133706996828449	35	0.0	0.0	0.0	0.006747077696511295
GSE267401	GSM8265211_CTC21P	Official_SpaGCN_v1_2_7	Official_SpaGCN_v1_2_7	6	seed_37	False	gene	PTPRC	PTPRC	3338	1352	0.0	0.0	0.0	0.0	0.0	1000	0.09165576794661118	35	0.0	0.0	0.0	0.10082134474127229
GSE267401	GSM8265211_CTC21P	Official_SpaGCN_v1_2_7	Official_SpaGCN_v1_2_7	6	seed_11	True	signature	SIG_CAF_FAP	FAP,COL1A1,DCN,COL3A1,LUM	3262	1428	1.2127674994110933	1.7639451958785204	-0.5511776964674271	-0.6784954603587845	-0.36323064078052114	1000	1.3872901212353198e-06	34	0.2957552233000994	-1.0917250534793734	1.6006976449248747	1.907523916698565e-06
GSE267401	GSM8265211_CTC21P	Official_SpaGCN_v1_2_7	Official_SpaGCN_v1_2_7	6	seed_23	False	signature	SIG_CAF_FAP	FAP,COL1A1,DCN,COL3A1,LUM	3403	1287	1.1558205820070153	1.9556791708565289	-0.7998585888495136	-0.9135012805919877	-0.6682015844093517	1000	1.4935820315650802e-23	35	0.21513243636160606	-1.3221962053917458	1.0442065267593135	3.285880469443176e-23
GSE267401	GSM8265211_CTC21P	Official_SpaGCN_v1_2_7	Official_SpaGCN_v1_2_7	6	seed_37	False	signature	SIG_CAF_FAP	FAP,COL1A1,DCN,COL3A1,LUM	3338	1352	1.2354285708847066	1.5597187146365115	-0.32429014375180487	-0.44869343644369414	-0.1480280409623034	1000	3.985502577612166e-06	35	0.12922185415783094	-1.3786309994239656	1.1353673619824811	5.480066044216728e-06
GSE267401	GSM8265211_CTC21P	Official_SpaGCN_v1_2_7	Official_SpaGCN_v1_2_7	6	seed_11	True	signature	SIG_CYTOTOX	NKG7,GNLY,GZMB,PRF1,IFNG	3262	1428	0.0	0.0	0.0	0.0	0.0	1000	1.677301890697287e-17	34	0.0	-0.07134510903726504	0.08713793090759402	4.612580199417539e-17
GSE267401	GSM8265211_CTC21P	Official_SpaGCN_v1_2_7	Official_SpaGCN_v1_2_7	6	seed_23	False	signature	SIG_CYTOTOX	NKG7,GNLY,GZMB,PRF1,IFNG	3403	1287	0.0	0.0	0.0	0.0	0.0	1000	1.1627142972626332e-13	35	0.0	-0.0016927671479062933	0.08396397644421352	1.5987321587361207e-13
GSE267401	GSM8265211_CTC21P	Official_SpaGCN_v1_2_7	Official_SpaGCN_v1_2_7	6	seed_37	False	signature	SIG_CYTOTOX	NKG7,GNLY,GZMB,PRF1,IFNG	3338	1352	0.0	0.0	0.0	0.0	0.0	1000	2.0212536012068186e-09	35	0.0	-0.137869202361523	0.0738849840549878	5.558447403318751e-09
GSE267401	GSM8265211_CTC21P	Official_SpaGCN_v1_2_7	Official_SpaGCN_v1_2_7	6	seed_11	True	signature	SIG_EXCLUSION_CONTRAST	CAF:FAP,COL1A1,DCN,COL3A1,LUM;MY:SPP1,LST1,TYROBP,C1QA,C1QB,C1QC;TCELL:TRAC,CD3D,CD3E,CD247	3262	1428	1.4417515638118426	1.815714528284619	-0.37396296447277644	-0.502579867748909	-0.21993840355270702	1000	0.001229929663804599	34	0.3627768412875094	-1.2639859707103789	1.4902296304599694	0.001352922630185059
GSE267401	GSM8265211_CTC21P	Official_SpaGCN_v1_2_7	Official_SpaGCN_v1_2_7	6	seed_23	False	signature	SIG_EXCLUSION_CONTRAST	CAF:FAP,COL1A1,DCN,COL3A1,LUM;MY:SPP1,LST1,TYROBP,C1QA,C1QB,C1QC;TCELL:TRAC,CD3D,CD3E,CD247	3403	1287	1.365606953621271	1.959897416765455	-0.5942904631441841	-0.7178669286764919	-0.47835601641871867	1000	6.089916704890121e-17	35	0.2575519755384216	-1.2327363642840536	1.0605536295221973	1.1164847292298554e-16
GSE267401	GSM8265211_CTC21P	Official_SpaGCN_v1_2_7	Official_SpaGCN_v1_2_7	6	seed_37	False	signature	SIG_EXCLUSION_CONTRAST	CAF:FAP,COL1A1,DCN,COL3A1,LUM;MY:SPP1,LST1,TYROBP,C1QA,C1QB,C1QC;TCELL:TRAC,CD3D,CD3E,CD247	3338	1352	1.4608374455379822	1.7029064732842574	-0.24206902774627514	-0.3793558517229746	-0.09572274873945094	1000	0.00035188544097459405	35	0.1973805378207889	-1.3342816912989686	1.0808230400449061	0.00043008220563561496
GSE267401	GSM8265211_CTC21P	Official_SpaGCN_v1_2_7	Official_SpaGCN_v1_2_7	6	seed_11	True	signature	SIG_EXCLUSION_TGFB_CXCL12	TGFB1,CXCL12,ACTA2,TAGLN,FAP,COL1A1	3262	1428	0.6532859487182103	0.9313902885434842	-0.2781043398252738	-0.36255686146529337	-0.1625628199463256	1000	2.0720048045819768e-07	34	0.12963583979719553	-1.045499291703707	0.6959769321781643	3.256007550057392e-07
GSE267401	GSM8265211_CTC21P	Official_SpaGCN_v1_2_7	Official_SpaGCN_v1_2_7	6	seed_23	False	signature	SIG_EXCLUSION_TGFB_CXCL12	TGFB1,CXCL12,ACTA2,TAGLN,FAP,COL1A1	3403	1287	0.6163257875406415	1.1016537073318304	-0.48532791979118894	-0.6247224849746696	-0.35526586863628096	1000	2.139669219011852e-27	35	0.0915925795127886	-1.085969450245454	0.6306897803641334	7.845453803043457e-27
GSE267401	GSM8265211_CTC21P	Official_SpaGCN_v1_2_7	Official_SpaGCN_v1_2_7	6	seed_37	False	signature	SIG_EXCLUSION_TGFB_CXCL12	TGFB1,CXCL12,ACTA2,TAGLN,FAP,COL1A1	3338	1352	0.6621254708848088	0.8114907262248177	-0.14936525534000888	-0.23368224105602564	-0.07516364353808255	1000	3.476169396995599e-08	35	0.06884407623377609	-0.9184149400496228	0.5901537470640793	7.647572673390318e-08
GSE267401	GSM8265211_CTC21P	Official_SpaGCN_v1_2_7	Official_SpaGCN_v1_2_7	6	seed_11	True	signature	SIG_MY_SPP1	SPP1,LST1,TYROBP,C1QA,C1QB,C1QC	3262	1428	0.18066389286946766	0.03890358112535565	0.14176031174411202	0.120250039223186	0.19038588649063581	1000	1.0651335747413896e-37	34	0.018176352541074373	-0.2193622340361928	0.19864082463985036	5.858234661077643e-37
GSE267401	GSM8265211_CTC21P	Official_SpaGCN_v1_2_7	Official_SpaGCN_v1_2_7	6	seed_23	False	signature	SIG_MY_SPP1	SPP1,LST1,TYROBP,C1QA,C1QB,C1QC	3403	1287	0.16630845894039573	0.07149331845202288	0.09481514048837285	0.06967456538391323	0.11902646724981049	1000	7.86132008576833e-17	35	0.02017276580936052	-0.22889123850435705	0.21119906911023809	1.2353502991921661e-16
GSE267401	GSM8265211_CTC21P	Official_SpaGCN_v1_2_7	Official_SpaGCN_v1_2_7	6	seed_37	False	signature	SIG_MY_SPP1	SPP1,LST1,TYROBP,C1QA,C1QB,C1QC	3338	1352	0.16382339996550913	0.09194604897467214	0.07187735099083699	0.047555307851949224	0.09759558160436366	1000	2.5003476397567937e-12	35	0.0	-0.2832293011020147	0.1482767256886487	9.843413841860047e-12
GSE267401	GSM8265211_CTC21P	Official_SpaGCN_v1_2_7	Official_SpaGCN_v1_2_7	6	seed_11	True	signature	SIG_TCELL	TRAC,CD3D,CD3E,CD247	3262	1428	0.0	0.0	0.0	0.0	0.0	1000	1.7193001204358501e-15	34	0.0	-0.166110205246524	0.12562876650480165	3.78246026495887e-15
GSE267401	GSM8265211_CTC21P	Official_SpaGCN_v1_2_7	Official_SpaGCN_v1_2_7	6	seed_23	False	signature	SIG_TCELL	TRAC,CD3D,CD3E,CD247	3403	1287	0.0	0.0	0.0	0.0	0.0	1000	1.0120139381976149e-06	35	0.0	-0.16470510806317024	0.1164043409934054	1.2369059244637515e-06
GSE267401	GSM8265211_CTC21P	Official_SpaGCN_v1_2_7	Official_SpaGCN_v1_2_7	6	seed_37	False	signature	SIG_TCELL	TRAC,CD3D,CD3E,CD247	3338	1352	0.0	0.0	0.0	0.0	0.0	1000	6.287320677092241e-08	35	0.0	-0.1992993863773084	0.07174261361534129	1.1526754574669108e-07
GSE267401	GSM8265211_CTC21P	Official_SpaGCN_v1_2_7	Official_SpaGCN_v1_2_7	6	seed_11	True	gene	SPP1	SPP1	3262	1428	0.0	0.0	0.0	0.0	0.18969806815091075	1000	4.0322610720772864e-33	34	0.0	-0.6949706891690178	0.8569018144098808	1.4784957264283383e-32
GSE267401	GSM8265211_CTC21P	Official_SpaGCN_v1_2_7	Official_SpaGCN_v1_2_7	6	seed_23	False	gene	SPP1	SPP1	3403	1287	0.0	0.0	0.0	0.0	0.16344447629530426	1000	9.084039083103494e-31	35	0.0	-0.4443618861483852	0.6621692223730521	4.996221495706922e-30
GSE267401	GSM8265211_CTC21P	Official_SpaGCN_v1_2_7	Official_SpaGCN_v1_2_7	6	seed_37	False	gene	SPP1	SPP1	3338	1352	0.0	0.0	0.0	0.0	0.0	1000	2.6845674114163767e-12	35	0.0	-0.4564327411348896	0.5811096750174899	9.843413841860047e-12
GSE311294	GSM9322957_TR11_206	Official_SpaGCN_v1_2_7	Official_SpaGCN_v1_2_7	4	seed_11	True	gene	COL1A1	COL1A1	2259	1483	2.6212127052362906	2.657024272408584	-0.03581156717229339	-0.16650503817035806	0.07995098594875072	1000	0.026021557282796204	32	0.2087209006820041	-0.9886674796311887	1.5086806413729874	0.04089101858725118
GSE311294	GSM9322957_TR11_206	Official_SpaGCN_v1_2_7	Official_SpaGCN_v1_2_7	4	seed_23	False	gene	COL1A1	COL1A1	2143	1599	2.5774354066379526	2.712791912007968	-0.13535650537001542	-0.24231122009077374	-0.028463613566060503	1000	1.1274429562737665e-06	32	0.19535086594613116	-0.884621128679836	1.3025264218204533	2.4803745038022863e-06
GSE311294	GSM9322957_TR11_206	Official_SpaGCN_v1_2_7	Official_SpaGCN_v1_2_7	4	seed_37	False	gene	COL1A1	COL1A1	2168	1574	2.584650795330563	2.7138880869383577	-0.12923729160779462	-0.23453923306534158	0.0015593962575275709	1000	3.599018771479149e-05	32	0.054585175056244606	-0.9873639588909874	1.635997524121497	7.917841297254129e-05
GSE311294	GSM9322957_TR11_206	Official_SpaGCN_v1_2_7	Official_SpaGCN_v1_2_7	4	seed_11	True	gene	EPCAM	EPCAM	2259	1483	2.0690406251225024	0.0	2.0690406251225024	2.0067565993343313	2.124071412362764	1000	3.788817787431486e-68	32	0.0	-0.41164624274214595	2.136643781869987	2.0838497830873172e-67
GSE311294	GSM9322957_TR11_206	Official_SpaGCN_v1_2_7	Official_SpaGCN_v1_2_7	4	seed_23	False	gene	EPCAM	EPCAM	2143	1599	2.0005119668410987	0.0	2.0005119668410987	1.9304603394714013	2.0439800758823545	1000	2.2244250118097985e-33	32	0.0	-0.5694068406471283	2.174606343528485	1.2234337564953891e-32
GSE311294	GSM9322957_TR11_206	Official_SpaGCN_v1_2_7	Official_SpaGCN_v1_2_7	4	seed_37	False	gene	EPCAM	EPCAM	2168	1574	2.041898327098116	0.0	2.041898327098116	1.9863110485145137	2.111726558311105	1000	1.0012222717458415e-51	32	0.09501858725435408	-0.5749964330887045	2.1603591713632073	5.506722494602128e-51
GSE311294	GSM9322957_TR11_206	Official_SpaGCN_v1_2_7	Official_SpaGCN_v1_2_7	4	seed_11	True	gene	FAP	FAP	2259	1483	0.0	0.0	0.0	0.0	0.0	1000	0.40674306873099564	32	0.0	-0.2484885326589982	0.11491177046623204	0.4474173756040952
GSE311294	GSM9322957_TR11_206	Official_SpaGCN_v1_2_7	Official_SpaGCN_v1_2_7	4	seed_23	False	gene	FAP	FAP	2143	1599	0.0	0.0	0.0	0.0	0.0	1000	0.02349123188478507	32	0.0	-0.7020704888152166	0.0	0.02871150563695953
GSE311294	GSM9322957_TR11_206	Official_SpaGCN_v1_2_7	Official_SpaGCN_v1_2_7	4	seed_37	False	gene	FAP	FAP	2168	1574	0.0	0.0	0.0	0.0	0.0	1000	0.11378873152286158	32	0.0	-0.8032386650655808	0.20068893649185732	0.12516760467514773
GSE311294	GSM9322957_TR11_206	Official_SpaGCN_v1_2_7	Official_SpaGCN_v1_2_7	4	seed_11	True	gene	PTPRC	PTPRC	2259	1483	0.0	0.0	0.0	0.0	0.0	1000	0.032086616788167224	32	0.0	0.0	0.0	0.044119098083729935
GSE311294	GSM9322957_TR11_206	Official_SpaGCN_v1_2_7	Official_SpaGCN_v1_2_7	4	seed_23	False	gene	PTPRC	PTPRC	2143	1599	0.0	0.0	0.0	0.0	0.0	1000	0.8694755531597829	32	0.0	0.0	0.0	0.8694755531597829
GSE311294	GSM9322957_TR11_206	Official_SpaGCN_v1_2_7	Official_SpaGCN_v1_2_7	4	seed_37	False	gene	PTPRC	PTPRC	2168	1574	0.0	0.0	0.0	0.0	0.0	1000	0.10947621996170168	32	0.0	0.0	0.0	0.12516760467514773
GSE311294	GSM9322957_TR11_206	Official_SpaGCN_v1_2_7	Official_SpaGCN_v1_2_7	4	seed_11	True	signature	SIG_CAF_FAP	FAP,COL1A1,DCN,COL3A1,LUM	2259	1483	1.580744048454752	1.6785537005744011	-0.0978096521196492	-0.14934167699036616	-0.04089883251649868	1000	7.606017626613488e-08	32	0.12769483153279548	-0.5731506909254717	0.837688032322228	2.0916548473187092e-07
GSE311294	GSM9322957_TR11_206	Official_SpaGCN_v1_2_7	Official_SpaGCN_v1_2_7	4	seed_23	False	signature	SIG_CAF_FAP	FAP,COL1A1,DCN,COL3A1,LUM	2143	1599	1.5642989912588547	1.6946341086006491	-0.13033511734179437	-0.18584831937160007	-0.08392213811677775	1000	1.044859731883472e-12	32	0.07231875444596403	-0.7092917131427544	0.7474875351473718	2.873364262679548e-12
GSE311294	GSM9322957_TR11_206	Official_SpaGCN_v1_2_7	Official_SpaGCN_v1_2_7	4	seed_37	False	signature	SIG_CAF_FAP	FAP,COL1A1,DCN,COL3A1,LUM	2168	1574	1.5613402997745085	1.702367374966729	-0.14102707519222046	-0.20536699994589433	-0.09160711820029045	1000	4.751146726216899e-13	32	-0.009727513993457837	-0.696010217967394	0.8776950801661398	1.7420871329461963e-12
GSE311294	GSM9322957_TR11_206	Official_SpaGCN_v1_2_7	Official_SpaGCN_v1_2_7	4	seed_11	True	signature	SIG_CYTOTOX	NKG7,GNLY,GZMB,PRF1,IFNG	2259	1483	0.0	0.0	0.0	0.0	0.0	1000	1.3776836261989064e-05	32	0.0	-0.09642141999092717	0.028543325104463918	3.0309039776375943e-05
GSE311294	GSM9322957_TR11_206	Official_SpaGCN_v1_2_7	Official_SpaGCN_v1_2_7	4	seed_23	False	signature	SIG_CYTOTOX	NKG7,GNLY,GZMB,PRF1,IFNG	2143	1599	0.0	0.0	0.0	0.0	0.0	1000	6.88655129490667e-05	32	0.0	-0.1179727873870273	0.017257805152251515	9.469008030496671e-05
GSE311294	GSM9322957_TR11_206	Official_SpaGCN_v1_2_7	Official_SpaGCN_v1_2_7	4	seed_37	False	signature	SIG_CYTOTOX	NKG7,GNLY,GZMB,PRF1,IFNG	2168	1574	0.0	0.0	0.0	0.0	0.0	1000	0.00014972973634069114	32	0.0	-0.11732946262033335	0.012581710780022534	0.0002745045166246004
GSE311294	GSM9322957_TR11_206	Official_SpaGCN_v1_2_7	Official_SpaGCN_v1_2_7	4	seed_11	True	signature	SIG_EXCLUSION_CONTRAST	CAF:FAP,COL1A1,DCN,COL3A1,LUM;MY:SPP1,LST1,TYROBP,C1QA,C1QB,C1QC;TCELL:TRAC,CD3D,CD3E,CD247	2259	1483	1.7360249153721372	1.8669031717712852	-0.13087825639914796	-0.19117940796471447	-0.05238577876062863	1000	4.2837388039376834e-08	32	0.19005012560755508	-0.46161159285100173	0.9780466523474772	1.5707042281104838e-07
GSE311294	GSM9322957_TR11_206	Official_SpaGCN_v1_2_7	Official_SpaGCN_v1_2_7	4	seed_23	False	signature	SIG_EXCLUSION_CONTRAST	CAF:FAP,COL1A1,DCN,COL3A1,LUM;MY:SPP1,LST1,TYROBP,C1QA,C1QB,C1QC;TCELL:TRAC,CD3D,CD3E,CD247	2143	1599	1.7159994726346894	1.8769032651019382	-0.16090379246724873	-0.23398352281446644	-0.09150869236405987	1000	5.2115534572045993e-14	32	0.10662064792375969	-0.6467553468774048	0.7776450649626406	1.9109029343083532e-13
GSE311294	GSM9322957_TR11_206	Official_SpaGCN_v1_2_7	Official_SpaGCN_v1_2_7	4	seed_37	False	signature	SIG_EXCLUSION_CONTRAST	CAF:FAP,COL1A1,DCN,COL3A1,LUM;MY:SPP1,LST1,TYROBP,C1QA,C1QB,C1QC;TCELL:TRAC,CD3D,CD3E,CD247	2168	1574	1.7156437681200836	1.8714574183389039	-0.15581365021882032	-0.22542857171733643	-0.08596707762740972	1000	1.3941487784293939e-12	32	-0.010013564505895967	-0.6449507588326651	0.9217447671691041	3.833909140680833e-12
GSE311294	GSM9322957_TR11_206	Official_SpaGCN_v1_2_7	Official_SpaGCN_v1_2_7	4	seed_11	True	signature	SIG_EXCLUSION_TGFB_CXCL12	TGFB1,CXCL12,ACTA2,TAGLN,FAP,COL1A1	2259	1483	1.0107840214562556	1.5608841671118494	-0.5501001456555938	-0.5968257302111621	-0.49200734339618246	1000	2.7900358919760624e-73	32	0.05239210624450941	-0.4401178392558511	0.3293731568751388	3.069039481173669e-72
GSE311294	GSM9322957_TR11_206	Official_SpaGCN_v1_2_7	Official_SpaGCN_v1_2_7	4	seed_23	False	signature	SIG_EXCLUSION_TGFB_CXCL12	TGFB1,CXCL12,ACTA2,TAGLN,FAP,COL1A1	2143	1599	1.0095343488688773	1.4981421830715211	-0.48860783420264386	-0.5507602989899668	-0.41933434573403766	1000	1.5418819061755807e-65	32	-0.019620515972912145	-0.4335450113816444	0.3959546185711318	1.6960700967931388e-64
GSE311294	GSM9322957_TR11_206	Official_SpaGCN_v1_2_7	Official_SpaGCN_v1_2_7	4	seed_37	False	signature	SIG_EXCLUSION_TGFB_CXCL12	TGFB1,CXCL12,ACTA2,TAGLN,FAP,COL1A1	2168	1574	0.9987128503937529	1.5234732196546639	-0.524760369260911	-0.5800365732076428	-0.46216531126763394	1000	3.0561942300144416e-72	32	0.0160404749831895	-0.4719725938107245	0.3449372045761749	3.3618136530158858e-71
GSE311294	GSM9322957_TR11_206	Official_SpaGCN_v1_2_7	Official_SpaGCN_v1_2_7	4	seed_11	True	signature	SIG_MY_SPP1	SPP1,LST1,TYROBP,C1QA,C1QB,C1QC	2259	1483	0.2455497884288191	0.26565664262236544	-0.020106854193546325	-0.039050819922293346	-0.005140750221900635	1000	0.1370426581146972	32	0.04332871536266114	-0.16175211484619428	0.239177648483268	0.16749658214018548
GSE311294	GSM9322957_TR11_206	Official_SpaGCN_v1_2_7	Official_SpaGCN_v1_2_7	4	seed_23	False	signature	SIG_MY_SPP1	SPP1,LST1,TYROBP,C1QA,C1QB,C1QC	2143	1599	0.23582317555233442	0.27608163742060143	-0.04025846186826701	-0.058678871781876425	-0.023491837006764795	1000	5.541417463550356e-06	32	3.923219762930197e-05	-0.1874237987094269	0.1442793735191349	1.0159265349842319e-05
GSE311294	GSM9322957_TR11_206	Official_SpaGCN_v1_2_7	Official_SpaGCN_v1_2_7	4	seed_37	False	signature	SIG_MY_SPP1	SPP1,LST1,TYROBP,C1QA,C1QB,C1QC	2168	1574	0.23989435850248875	0.26936456782700546	-0.029470209324516716	-0.045450431113358294	-0.013416243443976166	1000	0.007616183984037642	32	0.014759720959252605	-0.16587133034168733	0.15216000794876233	0.010472252978051757
GSE311294	GSM9322957_TR11_206	Official_SpaGCN_v1_2_7	Official_SpaGCN_v1_2_7	4	seed_11	True	signature	SIG_TCELL	TRAC,CD3D,CD3E,CD247	2259	1483	0.0	0.0	0.0	0.0	0.0	1000	0.00018969898106322466	32	0.0	-0.06741803265903282	0.01625570108303807	0.0003477814652825785
GSE311294	GSM9322957_TR11_206	Official_SpaGCN_v1_2_7	Official_SpaGCN_v1_2_7	4	seed_23	False	signature	SIG_TCELL	TRAC,CD3D,CD3E,CD247	2143	1599	0.0	0.0	0.0	0.0	0.0	1000	0.029749378044249875	32	0.0	-0.03086274314161361	0.025051648964290307	0.03272431584867486
GSE311294	GSM9322957_TR11_206	Official_SpaGCN_v1_2_7	Official_SpaGCN_v1_2_7	4	seed_37	False	signature	SIG_TCELL	TRAC,CD3D,CD3E,CD247	2168	1574	0.0	0.0	0.0	0.0	0.0	1000	0.001772133433170924	32	0.0	-0.09227735564616624	0.0	0.0027847811092685947
GSE311294	GSM9322957_TR11_206	Official_SpaGCN_v1_2_7	Official_SpaGCN_v1_2_7	4	seed_11	True	gene	SPP1	SPP1	2259	1483	0.0	0.0	0.0	0.0	0.0	1000	0.4910323456952186	32	0.0	-0.5630064536364688	1.2421555092707797	0.4910323456952186
GSE311294	GSM9322957_TR11_206	Official_SpaGCN_v1_2_7	Official_SpaGCN_v1_2_7	4	seed_23	False	gene	SPP1	SPP1	2143	1599	0.0	0.0	0.0	0.0	0.0	1000	4.782908654569149e-05	32	0.0	-0.661622825390107	0.6800256101281397	7.51599931432295e-05
GSE311294	GSM9322957_TR11_206	Official_SpaGCN_v1_2_7	Official_SpaGCN_v1_2_7	4	seed_37	False	gene	SPP1	SPP1	2168	1574	0.0	0.0	0.0	0.0	0.0	1000	0.1883166170669094	32	0.0	-0.5584382315303041	0.8838086368117286	0.1883166170669094
GSE311294	GSM9322957_TR11_206	Official_SpaGCN_v1_2_7	Official_SpaGCN_v1_2_7	6	seed_11	True	gene	COL1A1	COL1A1	2723	1019	2.5640531229044257	2.871090196847897	-0.30703707394347113	-0.38904921475376714	-0.16302781577791398	1000	8.319528184562616e-09	29	0.24107244411053141	-1.0841100361805058	1.189533509101066	1.8302962006037753e-08
GSE311294	GSM9322957_TR11_206	Official_SpaGCN_v1_2_7	Official_SpaGCN_v1_2_7	6	seed_23	False	gene	COL1A1	COL1A1	2453	1289	2.5242119953514974	2.8752807667353033	-0.3510687713838059	-0.4300891794387264	-0.2337591275646357	1000	7.356081857688697e-17	33	-0.03774892781702377	-1.1682696638675254	1.0598240433532171	2.0229225108643918e-16
GSE311294	GSM9322957_TR11_206	Official_SpaGCN_v1_2_7	Official_SpaGCN_v1_2_7	6	seed_37	False	gene	COL1A1	COL1A1	2137	1605	2.538053314977434	2.7570698396125004	-0.21901652463506638	-0.3239479188629345	-0.11623435433649629	1000	1.033650437791459e-09	30	0.17979898356868018	-0.9631778292201013	1.4177003662050573	2.2740309631412097e-09
GSE311294	GSM9322957_TR11_206	Official_SpaGCN_v1_2_7	Official_SpaGCN_v1_2_7	6	seed_11	True	gene	EPCAM	EPCAM	2723	1019	1.9891267505550958	0.0	1.9891267505550958	1.9304578220843607	2.0334115090634	1000	1.3726484275098042e-48	29	0.0	-0.6164816390134922	1.9780687400785806	7.549566351303924e-48
GSE311294	GSM9322957_TR11_206	Official_SpaGCN_v1_2_7	Official_SpaGCN_v1_2_7	6	seed_23	False	gene	EPCAM	EPCAM	2453	1289	1.926450990207394	1.04712754119977	0.879323449007624	0.6105537408896902	1.9650123481612003	1000	6.371264057632152e-14	33	0.0	-0.537310469466969	2.1039711877729372	1.4016780926790737e-13
GSE311294	GSM9322957_TR11_206	Official_SpaGCN_v1_2_7	Official_SpaGCN_v1_2_7	6	seed_37	False	gene	EPCAM	EPCAM	2137	1605	1.7240574350323208	1.7409157048005852	-0.016858269768264433	-0.1689454779882995	0.1326167655859663	1000	0.39631515386117233	30	0.0	-1.1314559473448917	1.9254291484983916	0.43594666924728953
GSE311294	GSM9322957_TR11_206	Official_SpaGCN_v1_2_7	Official_SpaGCN_v1_2_7	6	seed_11	True	gene	FAP	FAP	2723	1019	0.0	0.0	0.0	0.0	0.0	1000	7.056588088318104e-05	29	0.0	-0.42493833700956474	0.0	0.00011088924138785593
GSE311294	GSM9322957_TR11_206	Official_SpaGCN_v1_2_7	Official_SpaGCN_v1_2_7	6	seed_23	False	gene	FAP	FAP	2453	1289	0.0	0.0	0.0	0.0	0.0	1000	4.408314860690116e-11	33	0.0	-0.7594175385936051	0.13047883871920854	8.08191057793188e-11
GSE311294	GSM9322957_TR11_206	Official_SpaGCN_v1_2_7	Official_SpaGCN_v1_2_7	6	seed_37	False	gene	FAP	FAP	2137	1605	0.0	0.0	0.0	0.0	0.0	1000	2.9021819428847847e-11	30	0.0	-1.0468238723981733	0.2196972274962817	7.981000342933158e-11
GSE311294	GSM9322957_TR11_206	Official_SpaGCN_v1_2_7	Official_SpaGCN_v1_2_7	6	seed_11	True	gene	PTPRC	PTPRC	2723	1019	0.0	0.0	0.0	0.0	0.0	1000	0.7474316643775408	29	0.0	0.0	0.0	0.7474316643775407
GSE311294	GSM9322957_TR11_206	Official_SpaGCN_v1_2_7	Official_SpaGCN_v1_2_7	6	seed_23	False	gene	PTPRC	PTPRC	2453	1289	0.0	0.0	0.0	0.0	0.0	1000	0.23084897503150237	33	0.0	0.0	0.0	0.24020007578944458
GSE311294	GSM9322957_TR11_206	Official_SpaGCN_v1_2_7	Official_SpaGCN_v1_2_7	6	seed_37	False	gene	PTPRC	PTPRC	2137	1605	0.0	0.0	0.0	0.0	0.0	1000	0.88414997341591	30	0.0	0.0	0.0	0.88414997341591
GSE311294	GSM9322957_TR11_206	Official_SpaGCN_v1_2_7	Official_SpaGCN_v1_2_7	6	seed_11	True	signature	SIG_CAF_FAP	FAP,COL1A1,DCN,COL3A1,LUM	2723	1019	1.5625596915731053	1.810870165062049	-0.24831047348894364	-0.3115297482238754	-0.13405750854722345	1000	7.915613632812571e-18	29	0.14339036609610512	-0.6570761522248111	0.6814959859775719	2.902391665364609e-17
GSE311294	GSM9322957_TR11_206	Official_SpaGCN_v1_2_7	Official_SpaGCN_v1_2_7	6	seed_23	False	signature	SIG_CAF_FAP	FAP,COL1A1,DCN,COL3A1,LUM	2453	1289	1.5410988521513718	1.7577001173791313	-0.21660126522775958	-0.2945648907420438	-0.15250059231754215	1000	2.694378025214823e-24	33	-0.08867671136105804	-0.5705987485989499	0.6030362132330065	1.4819079138681527e-23
GSE311294	GSM9322957_TR11_206	Official_SpaGCN_v1_2_7	Official_SpaGCN_v1_2_7	6	seed_37	False	signature	SIG_CAF_FAP	FAP,COL1A1,DCN,COL3A1,LUM	2137	1605	1.5517626031493248	1.7072127180441832	-0.15545011489485838	-0.21881842604742008	-0.10414780166222203	1000	1.4851869148382259e-15	30	-0.02044943491968043	-0.645886299301021	1.0227883308753531	5.4456853544068275e-15
GSE311294	GSM9322957_TR11_206	Official_SpaGCN_v1_2_7	Official_SpaGCN_v1_2_7	6	seed_11	True	signature	SIG_CYTOTOX	NKG7,GNLY,GZMB,PRF1,IFNG	2723	1019	0.0	0.0	0.0	0.0	0.0	1000	5.195207899417791e-05	29	0.0	-0.09735038720311023	0.027226761084166003	9.524547815599283e-05
GSE311294	GSM9322957_TR11_206	Official_SpaGCN_v1_2_7	Official_SpaGCN_v1_2_7	6	seed_23	False	signature	SIG_CYTOTOX	NKG7,GNLY,GZMB,PRF1,IFNG	2453	1289	0.0	0.0	0.0	0.0	0.0	1000	0.07230207451962921	33	0.0	-0.1121822275470595	0.08846150158494268	0.08836920219065793
GSE311294	GSM9322957_TR11_206	Official_SpaGCN_v1_2_7	Official_SpaGCN_v1_2_7	6	seed_37	False	signature	SIG_CYTOTOX	NKG7,GNLY,GZMB,PRF1,IFNG	2137	1605	0.0	0.0	0.0	0.0	0.0	1000	0.2966589547083046	30	0.0	-0.09707454955708135	0.00532304872341277	0.36258316686570563
GSE311294	GSM9322957_TR11_206	Official_SpaGCN_v1_2_7	Official_SpaGCN_v1_2_7	6	seed_11	True	signature	SIG_EXCLUSION_CONTRAST	CAF:FAP,COL1A1,DCN,COL3A1,LUM;MY:SPP1,LST1,TYROBP,C1QA,C1QB,C1QC;TCELL:TRAC,CD3D,CD3E,CD247	2723	1019	1.720922674237444	1.963472017387653	-0.24254934315020904	-0.3086457074792708	-0.16824176296466717	1000	2.112454434050073e-15	29	0.19231255636249878	-0.6474372099013016	0.8367112289943108	5.809249693637701e-15
GSE311294	GSM9322957_TR11_206	Official_SpaGCN_v1_2_7	Official_SpaGCN_v1_2_7	6	seed_23	False	signature	SIG_EXCLUSION_CONTRAST	CAF:FAP,COL1A1,DCN,COL3A1,LUM;MY:SPP1,LST1,TYROBP,C1QA,C1QB,C1QC;TCELL:TRAC,CD3D,CD3E,CD247	2453	1289	1.7048164764127225	1.9410616359558317	-0.2362451595431092	-0.3051252668982221	-0.16763924397714058	1000	1.9993522020673535e-20	33	0.02633715228401301	-0.683480589164484	0.7489087204085101	7.330958074246962e-20
GSE311294	GSM9322957_TR11_206	Official_SpaGCN_v1_2_7	Official_SpaGCN_v1_2_7	6	seed_37	False	signature	SIG_EXCLUSION_CONTRAST	CAF:FAP,COL1A1,DCN,COL3A1,LUM;MY:SPP1,LST1,TYROBP,C1QA,C1QB,C1QC;TCELL:TRAC,CD3D,CD3E,CD247	2137	1605	1.707137783864534	1.894782839790651	-0.1876450559261169	-0.2516210610679391	-0.11057621718305877	1000	3.3684333971167184e-16	30	0.0623879820224692	-0.6445807122616737	1.1868030562344862	1.852638368414195e-15
GSE311294	GSM9322957_TR11_206	Official_SpaGCN_v1_2_7	Official_SpaGCN_v1_2_7	6	seed_11	True	signature	SIG_EXCLUSION_TGFB_CXCL12	TGFB1,CXCL12,ACTA2,TAGLN,FAP,COL1A1	2723	1019	1.0736025572417296	1.5986724615628818	-0.5250699043211522	-0.577297317105913	-0.4802723913211278	1000	4.1515660656702457e-54	29	0.04650922285235193	-0.35531594761065166	0.5136030171453222	4.56672267223727e-53
GSE311294	GSM9322957_TR11_206	Official_SpaGCN_v1_2_7	Official_SpaGCN_v1_2_7	6	seed_23	False	signature	SIG_EXCLUSION_TGFB_CXCL12	TGFB1,CXCL12,ACTA2,TAGLN,FAP,COL1A1	2453	1289	1.1045475545624317	1.4250315622796457	-0.32048400771721397	-0.39427660633184725	-0.24057608160679256	1000	3.1440629548336502e-27	33	-0.010132842601902059	-0.46023678622463493	0.37401705026717563	3.4584692503170154e-26
GSE311294	GSM9322957_TR11_206	Official_SpaGCN_v1_2_7	Official_SpaGCN_v1_2_7	6	seed_37	False	signature	SIG_EXCLUSION_TGFB_CXCL12	TGFB1,CXCL12,ACTA2,TAGLN,FAP,COL1A1	2137	1605	1.1391955362875896	1.2819223695511666	-0.14272683326357694	-0.21888309494090324	-0.08243780840398446	1000	1.4977776726260424e-08	30	0.026528770133887658	-0.42248070366093643	0.48273395947126774	2.745925733147744e-08
GSE311294	GSM9322957_TR11_206	Official_SpaGCN_v1_2_7	Official_SpaGCN_v1_2_7	6	seed_11	True	signature	SIG_MY_SPP1	SPP1,LST1,TYROBP,C1QA,C1QB,C1QC	2723	1019	0.2455497884288191	0.2783315431420418	-0.03278175471322267	-0.05450376642731627	-0.011263699649805779	1000	0.002184621136816429	29	0.005309275850955725	-0.19819174943460058	0.16762396277740488	0.00300385406312259
GSE311294	GSM9322957_TR11_206	Official_SpaGCN_v1_2_7	Official_SpaGCN_v1_2_7	6	seed_23	False	signature	SIG_MY_SPP1	SPP1,LST1,TYROBP,C1QA,C1QB,C1QC	2453	1289	0.24937833172746193	0.26126459314113865	-0.011886261413676713	-0.030500191980895357	0.006515324880139627	1000	0.24020007578944458	33	0.019581013111624745	-0.14677069794462091	0.246383339574459	0.24020007578944458
GSE311294	GSM9322957_TR11_206	Official_SpaGCN_v1_2_7	Official_SpaGCN_v1_2_7	6	seed_37	False	signature	SIG_MY_SPP1	SPP1,LST1,TYROBP,C1QA,C1QB,C1QC	2137	1605	0.24676679934999182	0.2652752077075889	-0.018508408357597067	-0.03892008791992371	-0.002062986360182705	1000	0.00022010968072112155	30	-0.02593606191243142	-0.2270723302408691	0.11573521573633541	0.00034588664113319097
GSE311294	GSM9322957_TR11_206	Official_SpaGCN_v1_2_7	Official_SpaGCN_v1_2_7	6	seed_11	True	signature	SIG_TCELL	TRAC,CD3D,CD3E,CD247	2723	1019	0.0	0.0	0.0	0.0	0.0	1000	0.5943611731259084	29	0.0	-0.1967029373041583	0.0	0.6945590766445843
GSE311294	GSM9322957_TR11_206	Official_SpaGCN_v1_2_7	Official_SpaGCN_v1_2_7	6	seed_23	False	signature	SIG_TCELL	TRAC,CD3D,CD3E,CD247	2453	1289	0.0	0.0	0.0	0.0	0.0	1000	0.011400573134194951	33	0.0	-0.12493158175895233	0.0	0.015675788059518057
GSE311294	GSM9322957_TR11_206	Official_SpaGCN_v1_2_7	Official_SpaGCN_v1_2_7	6	seed_37	False	signature	SIG_TCELL	TRAC,CD3D,CD3E,CD247	2137	1605	0.0	0.0	0.0	0.0	0.0	1000	0.02408159266921443	30	0.0	0.0	0.037733482497954905	0.03311218992016984
GSE311294	GSM9322957_TR11_206	Official_SpaGCN_v1_2_7	Official_SpaGCN_v1_2_7	6	seed_11	True	gene	SPP1	SPP1	2723	1019	0.0	0.0	0.0	0.0	0.0	1000	0.6314173424041676	29	0.0	-0.9257263887962	0.4742469251804334	0.6945590766445843
GSE311294	GSM9322957_TR11_206	Official_SpaGCN_v1_2_7	Official_SpaGCN_v1_2_7	6	seed_23	False	gene	SPP1	SPP1	2453	1289	0.0	0.0	0.0	0.0	0.0	1000	1.3676571292718927e-10	33	0.0	-0.9216461244568404	0.34830164898472094	2.1491754888558313e-10
GSE311294	GSM9322957_TR11_206	Official_SpaGCN_v1_2_7	Official_SpaGCN_v1_2_7	6	seed_37	False	gene	SPP1	SPP1	2137	1605	0.0	0.0	0.0	0.0	0.0	1000	3.719067805810692e-23	30	0.0	-0.8704884456043216	0.455242227863748	4.090974586391761e-22
GSE311294	GSM9322959_TR11_18105	Official_SpaGCN_v1_2_7	Official_SpaGCN_v1_2_7	4	seed_11	True	gene	COL1A1	COL1A1	2262	1411	4.511677699575999	4.374893410478365	0.1367842890976334	0.07486451449663516	0.2156446982484171	1000	0.0008657742845992286	31	-0.01830825722972751	-0.41539324345801054	1.2287214035385723	0.0031745057101971712
GSE311294	GSM9322959_TR11_18105	Official_SpaGCN_v1_2_7	Official_SpaGCN_v1_2_7	4	seed_23	False	gene	COL1A1	COL1A1	2580	1093	4.491670930591461	4.380719074074594	0.11095185651686723	0.04871202191630251	0.2006225884495314	1000	0.0007938969406334035	30	0.029182506008847753	-0.2476802302918082	1.4210968207179968	0.004366433173483719
GSE311294	GSM9322959_TR11_18105	Official_SpaGCN_v1_2_7	Official_SpaGCN_v1_2_7	4	seed_37	False	gene	COL1A1	COL1A1	2291	1382	4.461006148054377	4.471666805901384	-0.01066065784700676	-0.08405323854960445	0.06614248381642719	1000	0.30436856244706023	32	0.006438034521462299	-0.3896038232023714	1.6981721473044025	0.4185067733647078
GSE311294	GSM9322959_TR11_18105	Official_SpaGCN_v1_2_7	Official_SpaGCN_v1_2_7	4	seed_11	True	gene	EPCAM	EPCAM	2262	1411	0.0	0.0	0.0	0.0	0.0	1000	3.810803507672469e-07	31	0.0	-0.5084321972119124	0.45247604813087594	4.191883858439716e-06
GSE311294	GSM9322959_TR11_18105	Official_SpaGCN_v1_2_7	Official_SpaGCN_v1_2_7	4	seed_23	False	gene	EPCAM	EPCAM	2580	1093	0.0	0.0	0.0	0.0	0.0	1000	0.8474790954205341	30	0.0	-1.4264136886246095	0.41445744427118136	0.9322270049625875
GSE311294	GSM9322959_TR11_18105	Official_SpaGCN_v1_2_7	Official_SpaGCN_v1_2_7	4	seed_37	False	gene	EPCAM	EPCAM	2291	1382	0.0	0.0	0.0	0.0	0.0	1000	0.0005211595093538853	32	0.0	-0.9126178810769972	0.157321768685875	0.0011465509205785477
GSE311294	GSM9322959_TR11_18105	Official_SpaGCN_v1_2_7	Official_SpaGCN_v1_2_7	4	seed_11	True	gene	FAP	FAP	2262	1411	0.0	0.0	0.0	0.0	0.0	1000	0.9770098776749396	31	0.0	-0.5168599933296278	0.6952008168441971	0.9770098776749396
GSE311294	GSM9322959_TR11_18105	Official_SpaGCN_v1_2_7	Official_SpaGCN_v1_2_7	4	seed_23	False	gene	FAP	FAP	2580	1093	0.0	0.0	0.0	0.0	0.0	1000	0.5216564931448424	30	0.0	-1.5609625949315449	0.6330797528380934	0.7140425828119421
GSE311294	GSM9322959_TR11_18105	Official_SpaGCN_v1_2_7	Official_SpaGCN_v1_2_7	4	seed_37	False	gene	FAP	FAP	2291	1382	0.0	0.0	0.0	0.0	0.0	1000	0.7532219490156847	32	0.0	-1.357534912752849	1.2328634905640246	0.8285441439172532
GSE311294	GSM9322959_TR11_18105	Official_SpaGCN_v1_2_7	Official_SpaGCN_v1_2_7	4	seed_11	True	gene	PTPRC	PTPRC	2262	1411	0.0	0.0	0.0	0.0	0.0	1000	0.09517120402659261	31	0.0	0.0	0.0	0.14955474918464554
GSE311294	GSM9322959_TR11_18105	Official_SpaGCN_v1_2_7	Official_SpaGCN_v1_2_7	4	seed_23	False	gene	PTPRC	PTPRC	2580	1093	0.0	0.0	0.0	0.0	0.0	1000	0.31017449923433793	30	0.0	0.0	0.0	0.5862408317409276
GSE311294	GSM9322959_TR11_18105	Official_SpaGCN_v1_2_7	Official_SpaGCN_v1_2_7	4	seed_37	False	gene	PTPRC	PTPRC	2291	1382	0.0	0.0	0.0	0.0	0.0	1000	0.19378733133617954	32	0.0	0.0	0.0	0.3045229492425679
GSE311294	GSM9322959_TR11_18105	Official_SpaGCN_v1_2_7	Official_SpaGCN_v1_2_7	4	seed_11	True	signature	SIG_CAF_FAP	FAP,COL1A1,DCN,COL3A1,LUM	2262	1411	2.662788729930063	2.7181992498254983	-0.05541051989543533	-0.10913576340467487	0.0032113052889964763	1000	0.1389857709194246	31	-0.034129986131891776	-0.39603071584957555	0.8937047690472602	0.19110543501420882
GSE311294	GSM9322959_TR11_18105	Official_SpaGCN_v1_2_7	Official_SpaGCN_v1_2_7	4	seed_23	False	signature	SIG_CAF_FAP	FAP,COL1A1,DCN,COL3A1,LUM	2580	1093	2.6755746110495617	2.6960869279684583	-0.020512316918896545	-0.08440516357416707	0.03751623732891475	1000	0.5842166586643163	30	0.10124047173409845	-0.5182449853426666	1.058207430209308	0.7140425828119421
GSE311294	GSM9322959_TR11_18105	Official_SpaGCN_v1_2_7	Official_SpaGCN_v1_2_7	4	seed_37	False	signature	SIG_CAF_FAP	FAP,COL1A1,DCN,COL3A1,LUM	2291	1382	2.6414096283431983	2.7513445027703014	-0.10993487442710315	-0.17762940168557712	-0.051542679333893525	1000	1.8568284306611943e-05	32	0.016345353304986876	-0.471533362873032	0.886756592052491	0.0002042511273727314
GSE311294	GSM9322959_TR11_18105	Official_SpaGCN_v1_2_7	Official_SpaGCN_v1_2_7	4	seed_11	True	signature	SIG_CYTOTOX	NKG7,GNLY,GZMB,PRF1,IFNG	2262	1411	0.0	0.0	0.0	0.0	0.0	1000	0.2576770943739901	31	0.0	0.0	0.06847535650708694	0.28344480381138915
GSE311294	GSM9322959_TR11_18105	Official_SpaGCN_v1_2_7	Official_SpaGCN_v1_2_7	4	seed_23	False	signature	SIG_CYTOTOX	NKG7,GNLY,GZMB,PRF1,IFNG	2580	1093	0.0	0.0	0.0	0.0	0.0	1000	0.9771539599220979	30	0.0	0.0	0.07532289215779525	0.9771539599220979
GSE311294	GSM9322959_TR11_18105	Official_SpaGCN_v1_2_7	Official_SpaGCN_v1_2_7	4	seed_37	False	signature	SIG_CYTOTOX	NKG7,GNLY,GZMB,PRF1,IFNG	2291	1382	0.0	0.0	0.0	0.0	0.0	1000	0.8929023130311429	32	0.0	-0.02990555881379869	0.11924733281711777	0.8929023130311429
GSE311294	GSM9322959_TR11_18105	Official_SpaGCN_v1_2_7	Official_SpaGCN_v1_2_7	4	seed_11	True	signature	SIG_EXCLUSION_CONTRAST	CAF:FAP,COL1A1,DCN,COL3A1,LUM;MY:SPP1,LST1,TYROBP,C1QA,C1QB,C1QC;TCELL:TRAC,CD3D,CD3E,CD247	2262	1411	2.944823309997817	3.0421106705039023	-0.09728736050608511	-0.17311793329020245	-0.02433117582835024	1000	0.009402041419959425	31	0.014213156774461666	-0.666672245561772	0.9095661418653216	0.020684491123910735
GSE311294	GSM9322959_TR11_18105	Official_SpaGCN_v1_2_7	Official_SpaGCN_v1_2_7	4	seed_23	False	signature	SIG_EXCLUSION_CONTRAST	CAF:FAP,COL1A1,DCN,COL3A1,LUM;MY:SPP1,LST1,TYROBP,C1QA,C1QB,C1QC;TCELL:TRAC,CD3D,CD3E,CD247	2580	1093	2.9690547269416987	3.02408296752806	-0.05502824058636113	-0.1330777825510746	0.03228805679997923	1000	0.1334972390965078	30	0.05686817248801623	-0.6419849311926487	1.020530818102676	0.36711740751539645
GSE311294	GSM9322959_TR11_18105	Official_SpaGCN_v1_2_7	Official_SpaGCN_v1_2_7	4	seed_37	False	signature	SIG_EXCLUSION_CONTRAST	CAF:FAP,COL1A1,DCN,COL3A1,LUM;MY:SPP1,LST1,TYROBP,C1QA,C1QB,C1QC;TCELL:TRAC,CD3D,CD3E,CD247	2291	1382	2.937582052822658	3.0669640437511037	-0.1293819909284455	-0.20113692661147997	-0.06408002802310829	1000	0.00016890180947922646	32	0.11649106564329936	-0.8309524653047472	0.8443266802991092	0.0006193066347571636
GSE311294	GSM9322959_TR11_18105	Official_SpaGCN_v1_2_7	Official_SpaGCN_v1_2_7	4	seed_11	True	signature	SIG_EXCLUSION_TGFB_CXCL12	TGFB1,CXCL12,ACTA2,TAGLN,FAP,COL1A1	2262	1411	1.6046184286433	1.6411530715089837	-0.03653464286568364	-0.08291305998073786	0.01994905934492589	1000	0.22868952225590622	31	-0.02385113542293349	-0.3714532649074831	0.6635732768052416	0.279509416090552
GSE311294	GSM9322959_TR11_18105	Official_SpaGCN_v1_2_7	Official_SpaGCN_v1_2_7	4	seed_23	False	signature	SIG_EXCLUSION_TGFB_CXCL12	TGFB1,CXCL12,ACTA2,TAGLN,FAP,COL1A1	2580	1093	1.6121213192081163	1.6273642164809388	-0.015242897272822464	-0.06726771440189472	0.03856208753350815	1000	0.3435356417672737	30	0.006526584976267791	-0.5491987599960864	0.8175337689474587	0.5862408317409276
GSE311294	GSM9322959_TR11_18105	Official_SpaGCN_v1_2_7	Official_SpaGCN_v1_2_7	4	seed_37	False	signature	SIG_EXCLUSION_TGFB_CXCL12	TGFB1,CXCL12,ACTA2,TAGLN,FAP,COL1A1	2291	1382	1.586660464915332	1.6718712539167373	-0.08521078900140533	-0.1385703665539597	-0.042297811361108974	1000	0.0002798577372909755	32	0.015596026759841175	-0.4269561485671891	0.5640729297263206	0.0007696087775501826
GSE311294	GSM9322959_TR11_18105	Official_SpaGCN_v1_2_7	Official_SpaGCN_v1_2_7	4	seed_11	True	signature	SIG_MY_SPP1	SPP1,LST1,TYROBP,C1QA,C1QB,C1QC	2262	1411	0.31417270785828083	0.3556705308591832	-0.04149782300090238	-0.06960457850987353	-0.019370246727531917	1000	9.393015978124758e-06	31	-0.02098720126148662	-0.6236175746314755	0.28728114638521934	5.166158787968617e-05
GSE311294	GSM9322959_TR11_18105	Official_SpaGCN_v1_2_7	Official_SpaGCN_v1_2_7	4	seed_23	False	signature	SIG_MY_SPP1	SPP1,LST1,TYROBP,C1QA,C1QB,C1QC	2580	1093	0.3170491455238186	0.35938923032690445	-0.042340084803085876	-0.07000139147544002	-0.022497447000628144	1000	0.00020527170776288674	30	-0.0031560925184969113	-0.4522833227059099	0.2407952148378071	0.002257988785391754
GSE311294	GSM9322959_TR11_18105	Official_SpaGCN_v1_2_7	Official_SpaGCN_v1_2_7	4	seed_37	False	signature	SIG_MY_SPP1	SPP1,LST1,TYROBP,C1QA,C1QB,C1QC	2291	1382	0.3186766220242197	0.3464058503793712	-0.027729228355151514	-0.05377673163473	-0.007777495883914051	1000	0.012042596416041374	32	-0.0021067929519427153	-0.49184289832136047	0.347063868119828	0.022078093429409185
GSE311294	GSM9322959_TR11_18105	Official_SpaGCN_v1_2_7	Official_SpaGCN_v1_2_7	4	seed_11	True	signature	SIG_TCELL	TRAC,CD3D,CD3E,CD247	2262	1411	0.0	0.0	0.0	0.0	0.0	1000	0.02460759919332468	31	0.0	-0.2857023622278467	0.0	0.04511393185442858
GSE311294	GSM9322959_TR11_18105	Official_SpaGCN_v1_2_7	Official_SpaGCN_v1_2_7	4	seed_23	False	signature	SIG_TCELL	TRAC,CD3D,CD3E,CD247	2580	1093	0.0	0.0	0.0	0.0	0.0	1000	0.37306234747149936	30	0.0	-0.27822419349884836	0.047556131972139155	0.5862408317409276
GSE311294	GSM9322959_TR11_18105	Official_SpaGCN_v1_2_7	Official_SpaGCN_v1_2_7	4	seed_37	False	signature	SIG_TCELL	TRAC,CD3D,CD3E,CD247	2291	1382	0.0	0.0	0.0	0.0	0.0	1000	0.39189203808093853	32	0.0	-0.28061790387111335	0.029159894940092405	0.4789791576544804
GSE311294	GSM9322959_TR11_18105	Official_SpaGCN_v1_2_7	Official_SpaGCN_v1_2_7	4	seed_11	True	gene	SPP1	SPP1	2262	1411	0.0	0.0	0.0	0.0	0.0	1000	0.008828498253566274	31	0.0	-1.2471893674663146	0.4751931348516682	0.020684491123910735
GSE311294	GSM9322959_TR11_18105	Official_SpaGCN_v1_2_7	Official_SpaGCN_v1_2_7	4	seed_23	False	gene	SPP1	SPP1	2580	1093	0.0	0.0	0.0	0.0	0.0	1000	0.0037318053145503093	30	0.0	-1.1312168132275353	0.0	0.013683286153351133
GSE311294	GSM9322959_TR11_18105	Official_SpaGCN_v1_2_7	Official_SpaGCN_v1_2_7	4	seed_37	False	gene	SPP1	SPP1	2291	1382	0.0	0.0	0.0	0.0	0.0	1000	0.00011683369689104945	32	0.0	-0.34543059394735914	0.599668480735506	0.0006193066347571636
GSE311294	GSM9322959_TR11_18105	Official_SpaGCN_v1_2_7	Official_SpaGCN_v1_2_7	6	seed_11	True	gene	COL1A1	COL1A1	2655	1018	4.4960933585007705	4.37926048310141	0.1168328753993606	0.05816965784345325	0.19545216146352884	1000	6.754696763829325e-06	32	0.0439085621210733	-0.18667120575036925	1.565974717201374	3.7150832201061286e-05
GSE311294	GSM9322959_TR11_18105	Official_SpaGCN_v1_2_7	Official_SpaGCN_v1_2_7	6	seed_23	False	gene	COL1A1	COL1A1	2364	1309	4.501908584021766	4.381206120541842	0.1207024634799243	0.04562335218523576	0.18942383633464807	1000	0.003375953999564804	30	0.0923676121618473	-0.1710428948022094	1.2666221938714686	0.01856774699760642
GSE311294	GSM9322959_TR11_18105	Official_SpaGCN_v1_2_7	Official_SpaGCN_v1_2_7	6	seed_37	False	gene	COL1A1	COL1A1	2735	938	4.486055808081522	4.376235632508402	0.10982017557311963	0.029179497183933333	0.21165046406957844	1000	6.639243312209014e-06	29	0.11408206386477282	-0.16882406513021006	2.066100368649712	3.651583821714958e-05
GSE311294	GSM9322959_TR11_18105	Official_SpaGCN_v1_2_7	Official_SpaGCN_v1_2_7	6	seed_11	True	gene	EPCAM	EPCAM	2655	1018	0.0	0.0	0.0	0.0	0.0	1000	0.7852198149288818	32	0.0	-1.5500883361335553	0.0	0.8637417964217701
GSE311294	GSM9322959_TR11_18105	Official_SpaGCN_v1_2_7	Official_SpaGCN_v1_2_7	6	seed_23	False	gene	EPCAM	EPCAM	2364	1309	0.0	0.0	0.0	0.0	0.0	1000	0.03625367126819658	30	0.0	-0.557449613688103	0.0	0.09969759598754059
GSE311294	GSM9322959_TR11_18105	Official_SpaGCN_v1_2_7	Official_SpaGCN_v1_2_7	6	seed_37	False	gene	EPCAM	EPCAM	2735	938	0.0	0.0	0.0	0.0	0.0	1000	0.0038169135712309127	29	0.0	-1.6132529814125927	0.0	0.00839720985670801
GSE311294	GSM9322959_TR11_18105	Official_SpaGCN_v1_2_7	Official_SpaGCN_v1_2_7	6	seed_11	True	gene	FAP	FAP	2655	1018	0.0	0.0	0.0	0.0	0.0	1000	0.2925754402943709	32	0.0	-0.5467849272084963	0.2368711213740511	0.41792809006201964
GSE311294	GSM9322959_TR11_18105	Official_SpaGCN_v1_2_7	Official_SpaGCN_v1_2_7	6	seed_23	False	gene	FAP	FAP	2364	1309	0.0	0.0	0.0	0.0	0.0	1000	0.9792767551825443	30	0.0	-1.3228880021257476	0.2960547638261222	0.9792767551825444
GSE311294	GSM9322959_TR11_18105	Official_SpaGCN_v1_2_7	Official_SpaGCN_v1_2_7	6	seed_37	False	gene	FAP	FAP	2735	938	0.0	0.0	0.0	0.0	0.0	1000	0.6408262624088459	29	0.0	-0.6145856028047545	1.3057471459861485	0.7049088886497306
GSE311294	GSM9322959_TR11_18105	Official_SpaGCN_v1_2_7	Official_SpaGCN_v1_2_7	6	seed_11	True	gene	PTPRC	PTPRC	2655	1018	0.0	0.0	0.0	0.0	0.0	1000	0.303947701863287	32	0.0	0.0	0.0	0.41792809006201964
GSE311294	GSM9322959_TR11_18105	Official_SpaGCN_v1_2_7	Official_SpaGCN_v1_2_7	6	seed_23	False	gene	PTPRC	PTPRC	2364	1309	0.0	0.0	0.0	0.0	0.0	1000	0.3150446880950719	30	0.0	0.0	0.0	0.6542751477769423
GSE311294	GSM9322959_TR11_18105	Official_SpaGCN_v1_2_7	Official_SpaGCN_v1_2_7	6	seed_37	False	gene	PTPRC	PTPRC	2735	938	0.0	0.0	0.0	0.0	0.0	1000	0.3812266942029102	29	0.0	0.0	0.0	0.5896765573924095
GSE311294	GSM9322959_TR11_18105	Official_SpaGCN_v1_2_7	Official_SpaGCN_v1_2_7	6	seed_11	True	signature	SIG_CAF_FAP	FAP,COL1A1,DCN,COL3A1,LUM	2655	1018	2.6799952202573936	2.6834955604405994	-0.0035003401832058856	-0.05956711592370123	0.06018124309610821	1000	0.6450547408073828	32	0.03135654439618529	-0.35697305542151936	0.8648044051860625	0.788400238764579
GSE311294	GSM9322959_TR11_18105	Official_SpaGCN_v1_2_7	Official_SpaGCN_v1_2_7	6	seed_23	False	signature	SIG_CAF_FAP	FAP,COL1A1,DCN,COL3A1,LUM	2364	1309	2.6836719303258394	2.6799952202573936	0.003676710068445832	-0.05248531494684613	0.06499148926101937	1000	0.6467735609694478	30	0.10641397713939504	-0.31900043806065703	0.9933892248005076	0.9525293129106083
GSE311294	GSM9322959_TR11_18105	Official_SpaGCN_v1_2_7	Official_SpaGCN_v1_2_7	6	seed_37	False	signature	SIG_CAF_FAP	FAP,COL1A1,DCN,COL3A1,LUM	2735	938	2.679987321855397	2.684420720566834	-0.004433398711436887	-0.06333329325238676	0.06050998973247613	1000	0.8295461073956943	29	0.02432497485910634	-0.4230141956455925	0.9395575755421377	0.8295461073956943
GSE311294	GSM9322959_TR11_18105	Official_SpaGCN_v1_2_7	Official_SpaGCN_v1_2_7	6	seed_11	True	signature	SIG_CYTOTOX	NKG7,GNLY,GZMB,PRF1,IFNG	2655	1018	0.0	0.0	0.0	0.0	0.0	1000	0.23378857137620213	32	0.0	-0.14601335527764447	0.13093859431560406	0.41792809006201964
GSE311294	GSM9322959_TR11_18105	Official_SpaGCN_v1_2_7	Official_SpaGCN_v1_2_7	6	seed_23	False	signature	SIG_CYTOTOX	NKG7,GNLY,GZMB,PRF1,IFNG	2364	1309	0.0	0.0	0.0	0.0	0.0	1000	0.3568773533328776	30	0.0	0.0	0.07064864476114772	0.6542751477769423
GSE311294	GSM9322959_TR11_18105	Official_SpaGCN_v1_2_7	Official_SpaGCN_v1_2_7	6	seed_37	False	signature	SIG_CYTOTOX	NKG7,GNLY,GZMB,PRF1,IFNG	2735	938	0.0	0.0	0.0	0.0	0.0	1000	0.4824626378665169	29	0.0	-0.05232659110030747	0.0711848035756201	0.5896765573924095
GSE311294	GSM9322959_TR11_18105	Official_SpaGCN_v1_2_7	Official_SpaGCN_v1_2_7	6	seed_11	True	signature	SIG_EXCLUSION_CONTRAST	CAF:FAP,COL1A1,DCN,COL3A1,LUM;MY:SPP1,LST1,TYROBP,C1QA,C1QB,C1QC;TCELL:TRAC,CD3D,CD3E,CD247	2655	1018	2.9530541149059326	3.069128632668694	-0.11607451776276134	-0.19715745101353285	-0.031954456207279436	1000	8.469635402356413e-05	32	-0.041903063761253634	-0.5328973970779199	0.9292151123463348	0.00031055329808640184
GSE311294	GSM9322959_TR11_18105	Official_SpaGCN_v1_2_7	Official_SpaGCN_v1_2_7	6	seed_23	False	signature	SIG_EXCLUSION_CONTRAST	CAF:FAP,COL1A1,DCN,COL3A1,LUM;MY:SPP1,LST1,TYROBP,C1QA,C1QB,C1QC;TCELL:TRAC,CD3D,CD3E,CD247	2364	1309	2.9524138162111115	3.0426463384891056	-0.09023252227799405	-0.16386926431616866	-0.006239729147077984	1000	0.013364949929880151	30	0.032625637688307396	-0.6109504950236165	1.0746023178452078	0.04900481640956056
GSE311294	GSM9322959_TR11_18105	Official_SpaGCN_v1_2_7	Official_SpaGCN_v1_2_7	6	seed_37	False	signature	SIG_EXCLUSION_CONTRAST	CAF:FAP,COL1A1,DCN,COL3A1,LUM;MY:SPP1,LST1,TYROBP,C1QA,C1QB,C1QC;TCELL:TRAC,CD3D,CD3E,CD247	2735	938	2.949406626799009	3.0859665723331346	-0.13655994553412576	-0.2160145160444783	-0.07081120053700486	1000	0.0002777057150436643	29	-0.024062051190508527	-0.6790533949740025	0.9624882133990424	0.0010182542884934356
GSE311294	GSM9322959_TR11_18105	Official_SpaGCN_v1_2_7	Official_SpaGCN_v1_2_7	6	seed_11	True	signature	SIG_EXCLUSION_TGFB_CXCL12	TGFB1,CXCL12,ACTA2,TAGLN,FAP,COL1A1	2655	1018	1.6049421740789296	1.6392236594888097	-0.034281485409880075	-0.07603170687206277	0.015528192152552195	1000	0.11950944142197695	32	0.07895262001140269	-0.30710368458215315	0.5816598231108563	0.2629207711283493
GSE311294	GSM9322959_TR11_18105	Official_SpaGCN_v1_2_7	Official_SpaGCN_v1_2_7	6	seed_23	False	signature	SIG_EXCLUSION_TGFB_CXCL12	TGFB1,CXCL12,ACTA2,TAGLN,FAP,COL1A1	2364	1309	1.6106762798769578	1.6250332586671246	-0.01435697879016673	-0.06387007511769081	0.0363646490997815	1000	0.6927485912077151	30	0.03599056582342741	-0.3997711398160088	0.9174789481199016	0.9525293129106083
GSE311294	GSM9322959_TR11_18105	Official_SpaGCN_v1_2_7	Official_SpaGCN_v1_2_7	6	seed_37	False	signature	SIG_EXCLUSION_TGFB_CXCL12	TGFB1,CXCL12,ACTA2,TAGLN,FAP,COL1A1	2735	938	1.6054348933042395	1.641981466378145	-0.03654657307390541	-0.08064388869548629	0.02199132937143785	1000	0.28393447870625965	29	0.03527626889683022	-0.2246608949068145	0.5246513490184815	0.5205465442948093
GSE311294	GSM9322959_TR11_18105	Official_SpaGCN_v1_2_7	Official_SpaGCN_v1_2_7	6	seed_11	True	signature	SIG_MY_SPP1	SPP1,LST1,TYROBP,C1QA,C1QB,C1QC	2655	1018	0.3119811328613659	0.39292284088487484	-0.08094170802350892	-0.1105016227634074	-0.04943174144060096	1000	1.8312928031644482e-11	32	-0.04225423988040691	-0.4106114717927938	0.1563709552402211	2.014422083480893e-10
GSE311294	GSM9322959_TR11_18105	Official_SpaGCN_v1_2_7	Official_SpaGCN_v1_2_7	6	seed_23	False	signature	SIG_MY_SPP1	SPP1,LST1,TYROBP,C1QA,C1QB,C1QC	2364	1309	0.32030506544131016	0.34638386183625847	-0.02607879639494831	-0.05085644861142628	-0.004586590762103347	1000	0.0015820790843297675	30	0.0	-0.4258663811581242	0.3263028059017756	0.01740286992762744
GSE311294	GSM9322959_TR11_18105	Official_SpaGCN_v1_2_7	Official_SpaGCN_v1_2_7	6	seed_37	False	signature	SIG_MY_SPP1	SPP1,LST1,TYROBP,C1QA,C1QB,C1QC	2735	938	0.31488550999274295	0.38971179261030087	-0.07482628261755792	-0.11225094920472987	-0.039846043694004386	1000	3.936587949934306e-11	29	-0.030691036398791727	-0.47775732200428217	0.1330261437871832	4.330246744927737e-10
GSE311294	GSM9322959_TR11_18105	Official_SpaGCN_v1_2_7	Official_SpaGCN_v1_2_7	6	seed_11	True	signature	SIG_TCELL	TRAC,CD3D,CD3E,CD247	2655	1018	0.0	0.0	0.0	0.0	0.0	1000	0.8812184026534359	32	0.0	-0.1368386700083478	0.07156153392403465	0.881218402653436
GSE311294	GSM9322959_TR11_18105	Official_SpaGCN_v1_2_7	Official_SpaGCN_v1_2_7	6	seed_23	False	signature	SIG_TCELL	TRAC,CD3D,CD3E,CD247	2364	1309	0.0	0.0	0.0	0.0	0.0	1000	0.9693050529546936	30	0.0	-0.08914189736921212	0.0	0.9792767551825444
GSE311294	GSM9322959_TR11_18105	Official_SpaGCN_v1_2_7	Official_SpaGCN_v1_2_7	6	seed_37	False	signature	SIG_TCELL	TRAC,CD3D,CD3E,CD247	2735	938	0.0	0.0	0.0	0.0	0.0	1000	0.47143581565051285	29	0.0	-0.058167969227739244	0.0670240325043704	0.5896765573924095
GSE311294	GSM9322959_TR11_18105	Official_SpaGCN_v1_2_7	Official_SpaGCN_v1_2_7	6	seed_11	True	gene	SPP1	SPP1	2655	1018	0.0	0.0	0.0	0.0	0.0	1000	0.0015371497071664244	32	0.0	-2.2854404895499036	0.109876678930309	0.004227161694707667
GSE311294	GSM9322959_TR11_18105	Official_SpaGCN_v1_2_7	Official_SpaGCN_v1_2_7	6	seed_23	False	gene	SPP1	SPP1	2364	1309	0.0	0.0	0.0	0.0	0.0	1000	0.7898389554611671	30	0.0	-1.923981349547208	0.13429371869260046	0.9653587233414265
GSE311294	GSM9322959_TR11_18105	Official_SpaGCN_v1_2_7	Official_SpaGCN_v1_2_7	6	seed_37	False	gene	SPP1	SPP1	2735	938	0.0	0.0	0.0	0.0	0.0	1000	0.0030703727906382363	29	0.0	-2.2182177757624335	0.12047204445569568	0.00839720985670801
