"Barcode","Pathologist_Layer3"
"AACAATCCGAGTGGAC-1","Tumor cells in mucosa and submucosa"
"AACAATGTGCTCCGAG-1","Tumor cells in mucosa and submucosa"
"AACAATTATCTGCGCC-1","Non-neoplastic colon"
"AACACCAGCCTACTCG-1","Non-neoplastic colon"
"AACACCATTCGCATAC-1","Tumor cells in subserosa"
"AACACCGAATGTCTCA-1","Non-neoplastic colon"
"AACACCGAGCTTGGAT-1","Non-neoplastic colon"
"AACACCTAAGCATTGC-1","Non-neoplastic colon"
"AACACGACAACGGAGT-1","Tumor cells in muscularis propria"
"AACACGCAGATAACAA-1","Tumor stroma in subserosa"
"AACACGGAACGAGTTA-1","Non-neoplastic colon"
"AACACGTTGATACCGC-1","Tumor cells in muscularis propria"
"AACACTCGAAGTATCA-1","Non-neoplastic colon"
"AACACTCGTGAGCTTC-1","Tumor cells in mucosa and submucosa"
"AACAGACCGCGATCTG-1","Tumor stroma in mucosa and submucosa"
"AACAGCCTCCTGACTA-1","Tumor cells in mucosa and submucosa"
"AACAGCTGTCGCAGAA-1","Necrosis"
"AACAGGAATTCTGTGA-1","Non-neoplastic colon"
"AACAGGAGATGTAACG-1","Non-neoplastic colon"
"AACAGGATACTCTTAG-1","Tumor stroma in mucosa and submucosa"
"AACAGGATGCTGGCAT-1","Non-neoplastic colon"
"AACAGGCCAGGCCGCT-1","Tumor stroma in mucosa and submucosa"
"AACAGGCCATCCGCGT-1","Non-neoplastic colon"
"AACAGGCCATTGTCAC-1","Tumor stroma in muscularis propria"
"AACAGTATCCGCCTGG-1","Non-neoplastic colon"
"AACAGTCAATGTGATA-1","Tumor stroma in muscularis propria"
"AACAGTCGAGGTAGAT-1","Tumor cells in mucosa and submucosa"
"AACAGTCTGGTTGATG-1","Non-neoplastic colon"
"AACATACCTCCGGCTG-1","Non-neoplastic colon"
"AACATACTAACACGTC-1","Tumor cells in mucosa and submucosa"
"AACATACTAGCCGAAG-1","Non-neoplastic colon"
"AACATACTCCACAGTT-1","Tumor cells in subserosa"
"AACATACTCCAGCTGA-1","Tumor cells in subserosa"
"AACATAGAAGACTGTT-1","Tumor cells in mucosa and submucosa"
"AACATAGAAGGTGAGT-1","Tumor cells in subserosa"
"AACATAGAAGTGCGCA-1","Tumor stroma at tumor invasive front/border"
"AACATAGGAGGCGTCC-1","Tumor stroma in mucosa and submucosa"
"AACATAGGTCCATAGC-1","Tumor cells in subserosa"
"AACATAGGTTCCGCAC-1","Tumor stroma in subserosa"
"AACATAGGTTGGCACC-1","Tumor cells in subserosa"
"AACATAGTCGCAGCTC-1","Non-neoplastic colon"
"AACATATGCACTTCTA-1","Other"
"AACATATGCTGACTGT-1","Tumor cells in mucosa and submucosa"
"AACATCAACATCTTGA-1","Non-neoplastic colon"
"AACATCAAGGCTGGCT-1","Tumor cells in muscularis propria"
"AACATCAAGTCGTATG-1","Tumor stroma in mucosa and submucosa"
"AACATCAATCCAGTCA-1","Non-neoplastic colon"
"AACATCAGATAGGCTC-1","Tumor cells in mucosa and submucosa"
"AACATCTGGCACTAGC-1","Tumor cells in mucosa and submucosa"
"AACATGACCGTACGGA-1","Non-neoplastic colon"
"AACATGACGCCTGGAC-1","Tumor stroma in muscularis propria"
"AACATGAGCTGACATC-1","Non-neoplastic colon"
"AACATGAGGAGTCCAC-1","Tumor cells in mucosa and submucosa"
"AACATGATAGTGTATC-1","Tumor cells in muscularis propria"
"AACATGCACTTCGGAT-1","Tumor stroma in subserosa"
"AACATGCCATACGATA-1","Tumor cells in mucosa and submucosa"
"AACATGGTCAGCCACC-1","PNI"
"AACCAACAATCGGTAC-1","Necrosis"
"AACCAACTCAGCTCGA-1","Non-neoplastic colon"
"AACCAAGACCAACTGA-1","Tumor stroma in mucosa and submucosa"
"AACCAAGCGTATACCG-1","Tumor stroma at tumor invasive front/border"
"AACCAAGCTAGATACG-1","Tumor stroma in muscularis propria"
"AACCAAGGCGTTATGT-1","Non-neoplastic colon"
"AACCAAGTAAGTCTCG-1","Tumor cells in mucosa and submucosa"
"AACCAAGTGACCGAAG-1","Tumor cells at tumor invasive front/border"
"AACCAATAGACATAAT-1","Tumor cells in mucosa and submucosa"
"AACCAATCAGTTCCTC-1","Tumor cells in muscularis propria"
"AACCAATCCGATCGCT-1","Non-neoplastic colon"
"AACCAATCGATAACTT-1","Tumor stroma in subserosa"
"AACCATAAGCTCGACT-1","Tumor stroma in muscularis propria"
"AACCATACCATAGACG-1","Non-neoplastic colon"
"AACCATAGATTCTGGC-1","Non-neoplastic colon"
"AACCATAGGTGAGTAC-1","Tumor cells in mucosa and submucosa"
"AACCATAGTGAGTTGC-1","Non-neoplastic colon"
"AACCATGAGGCGCCAA-1","Non-neoplastic colon"
"AACCGAAGTAGCCTGC-1","Non-neoplastic colon"
"AACCGCAACTCAACGC-1","Tumor cells in mucosa and submucosa"
"AACCGTCAGTCGGTTG-1","Tumor cells in mucosa and submucosa"
"AACCGTGCGAATTGTA-1","PNI"
"AACCGTTCAAGGTCAG-1","Tumor cells in subserosa"
"AACCGTTGTAGAGCTC-1","Non-neoplastic colon"
"AACCTAATGTAGCCGG-1","Tumor cells in mucosa and submucosa"
"AACCTACAAGTTAAGA-1","Tumor cells in mucosa and submucosa"
"AACCTACCGGTAACGC-1","Non-neoplastic colon"
"AACCTATGACCTGCTC-1","Non-neoplastic colon"
"AACCTCCGTAATTCTG-1","Tumor stroma in muscularis propria"
"AACCTGGATTCGCTAA-1","Non-neoplastic colon"
"AACCTGTCCTGCGAGC-1","Tumor cells in muscularis propria"
"AACCTTAACGACAGTC-1","Tumor cells in mucosa and submucosa"
"AACCTTACCAGCTTAC-1","Tumor cells in subserosa"
"AACCTTCAAGGAAGTT-1","Non-neoplastic colon"
"AACCTTCTGCCTACTG-1","Non-neoplastic colon"
"AACCTTGTCCGTAATT-1","Tumor cells in mucosa and submucosa"
"AACGAACAAGGCCGAG-1","Tumor cells in muscularis propria"
"AACGACCAATAACTCA-1","Non-neoplastic colon"
"AACGACCAGCCGGCGA-1","Tumor stroma in mucosa and submucosa"
"AACGACCGCTTGCGGT-1","Tumor stroma in subserosa"
"AACGACGGAGATTAAT-1","Tumor cells in muscularis propria"
"AACGAGAAGTAGTGAG-1","Non-neoplastic colon"
"AACGAGAATGAATTAT-1","Non-neoplastic colon"
"AACGAGCGGTTGTAGG-1","Tumor stroma in mucosa and submucosa"
"AACGAGCTACGACACC-1","Non-neoplastic colon"
"AACGAGCTGTAATATT-1","Tumor stroma in subserosa"
"AACGAGGAATCTAGAA-1","Non-neoplastic colon"
"AACGAGGACATATTAA-1","Non-neoplastic colon"
"AACGAGGCTGGTACCG-1","Non-neoplastic colon"
"AACGAGTCACATCTGG-1","Non-neoplastic colon"
"AACGCAACTGCAAGGC-1","Tumor cells in mucosa and submucosa"
"AACGCACGAACGGTAT-1","Tumor cells in mucosa and submucosa"
"AACGCACGTAACATGC-1","Tumor stroma in subserosa"
"AACGCAGGAGCAGACG-1","Non-neoplastic colon"
"AACGCATACAAGGCGA-1","Non-neoplastic colon"
"AACGCATATGATACCT-1","Tumor cells in subserosa"
"AACGCCGGTAGAGGAT-1","Non-neoplastic colon"
"AACGCTCAGGAGTCAG-1","Other"
"AACGCTCAGGCCAGCT-1","Non-neoplastic colon"
"AACGCTCGTGCTGTGA-1","Non-neoplastic colon"
"AACGCTCGTGGTCGAC-1","Non-neoplastic colon"
"AACGCTGGAACATGCA-1","Non-neoplastic colon"
"AACGCTGTCCTGGATC-1","Tumor stroma in muscularis propria"
"AACGCTTGAGAATTAA-1","Tumor cells in mucosa and submucosa"
"AACGGAATCGTATTGA-1","Non-neoplastic colon"
"AACGGCAATTGTGGTC-1","Tumor cells in subserosa"
"AACGGCACCACTGTAA-1","Tumor cells in muscularis propria"
"AACGGCCGTACTTCCT-1","Tumor cells in muscularis propria"
"AACGGCGACGTCCACC-1","Tumor stroma in muscularis propria"
"AACGGCGAGTGCCGAG-1","Tumor cells in muscularis propria"
"AACGGTTGTCACGGCC-1","Tumor cells in mucosa and submucosa"
"AACGTAAGACGGTTAG-1","Tumor stroma in subserosa"
"AACGTCATGGACTCAC-1","Non-neoplastic colon"
"AACGTGAAGTAACTGG-1","Non-neoplastic colon"
"AACGTGGCCGACAATC-1","Non-neoplastic colon"
"AACGTGTATCGTGCAA-1","Tumor cells in mucosa and submucosa"
"AACGTTAGTCACAACT-1","Tumor stroma in muscularis propria"
"AACTAGCAAGCCATTA-1","Tumor cells in mucosa and submucosa"
"AACTAGCACGTTGCAT-1","Non-neoplastic colon"
"AACTAGGCACAGGCTG-1","Necrosis"
"AACTAGTAATGAGCCA-1","Non-neoplastic colon"
"AACTAGTTGTCTACTT-1","Tumor cells in mucosa and submucosa"
"AACTATAACAATAACC-1","Tumor cells at tumor invasive front/border"
"AACTATAAGACTCGGT-1","PNI"
"AACTATAGCAAGTGTT-1","Tumor stroma in mucosa and submucosa"
"AACTATAGGATGTTCC-1","Tumor cells in mucosa and submucosa"
"AACTATGCCACGGTAC-1","Non-neoplastic colon"
"AACTATGTCAGTTAAG-1","Tumor stroma in mucosa and submucosa"
"AACTATTCAGGATGTT-1","Non-neoplastic colon"
"AACTATTCCGCAGATC-1","Non-neoplastic colon"
"AACTCAACTAATAGGT-1","Tumor stroma in subserosa"
"AACTCACGGACGTGCC-1","Tumor stroma in mucosa and submucosa"
"AACTCAGTAGGTGCAG-1","Tumor cells in muscularis propria"
"AACTCATCAGGCCGAT-1","Tumor cells in mucosa and submucosa"
"AACTCATGAGGAACGC-1","Non-neoplastic colon"
"AACTCATGATCCAACG-1","Other"
"AACTCATGCGTCCTAA-1","Tumor cells in muscularis propria"
"AACTCGCTTAGCTGCC-1","Non-neoplastic colon"
"AACTGAAGTGGATGGT-1","Tumor stroma in muscularis propria"
"AACTGACATTCAGAGC-1","Tumor cells in mucosa and submucosa"
"AACTGCAAGCAACGGA-1","Tumor stroma in muscularis propria"
"AACTGCAATCGGACTA-1","Necrosis"
"AACTGCAATTCCTAGA-1","Tumor cells in mucosa and submucosa"
"AACTGCCGATGAACTT-1","Non-neoplastic colon"
"AACTGCCGCTACATCT-1","Non-neoplastic colon"
"AACTGCCTCGGCCTCC-1","Tumor stroma in muscularis propria"
"AACTGCCTGACAATCC-1","Non-neoplastic colon"
"AACTGCCTGAGGTATG-1","Non-neoplastic colon"
"AACTGCTATCTGCGGT-1","Necrosis"
"AACTGCTATGTCTTAT-1","Non-neoplastic colon"
"AACTGCTTCTGTTGAC-1","Non-neoplastic colon"
"AACTGCTTGGTTGAAT-1","Tumor stroma at tumor invasive front/border"
"AACTGGATTCCAAGGC-1","Non-neoplastic colon"
"AACTGGTCTGGATAGA-1","Non-neoplastic colon"
"AACTTCACAGTTGGAG-1","Non-neoplastic colon"
"AACTTCACGTGAACGA-1","Non-neoplastic colon"
"AACTTCACTCTGATGG-1","Tumor stroma in muscularis propria"
"AACTTCAGCATACAGA-1","Tumor cells in mucosa and submucosa"
"AACTTCATAACCTAAT-1","Tumor cells in mucosa and submucosa"
"AACTTCGACCACTAGT-1","Tumor cells in muscularis propria"
"AACTTCGTTAGCCGCT-1","Non-neoplastic colon"
"AACTTCTAGGCGCCGT-1","Non-neoplastic colon"
"AACTTGCAACAGCTGC-1","Tumor stroma in subserosa"
"AACTTGCAATAGTACA-1","Tumor stroma in mucosa and submucosa"
"AACTTGCTAACGGTTC-1","Non-neoplastic colon"
"AACTTGGTGATATTCT-1","Non-neoplastic colon"
"AAGAACCGCACGTAAC-1","Tumor cells in muscularis propria"
"AAGAACCTATCCAACT-1","Other"
"AAGAATAACTTACATG-1","Tumor cells in mucosa and submucosa"
"AAGAATAAGTCGTTCA-1","Tumor cells in muscularis propria"
"AAGAATACTCGATGAC-1","Tumor cells in muscularis propria"
"AAGAATCCATACTTGA-1","Tumor stroma in muscularis propria"
"AAGAATCTATGATATC-1","Non-neoplastic colon"
"AAGAATGTAAGTTACA-1","Non-neoplastic colon"
"AAGAATGTAGGTATTG-1","Tumor cells in subserosa"
"AAGAATGTCGCCACAA-1","Tumor stroma in subserosa"
"AAGAATTGGTAGAATG-1","Tumor cells in mucosa and submucosa"
"AAGACATCTAAGTATC-1","Tumor cells in subserosa"
"AAGACTAACGCTAGAC-1","Tumor cells in mucosa and submucosa"
"AAGACTCACGTCGCAG-1","Tumor stroma in mucosa and submucosa"
"AAGACTGAAGCTTGTT-1","Non-neoplastic colon"
"AAGACTGGCCGAACGT-1","Tumor stroma in mucosa and submucosa"
"AAGACTTGAGATTACT-1","Non-neoplastic colon"
"AAGAGCACCTAAGTCT-1","Tumor cells in muscularis propria"
"AAGAGCTAAGCAGTCT-1","Tumor stroma in muscularis propria"
"AAGAGCTCATAAGAGG-1","Non-neoplastic colon"
"AAGAGCTTGCGAAGTC-1","Non-neoplastic colon"
"AAGATAGGCCAAGTCA-1","Tumor cells in mucosa and submucosa"
"AAGATAGGTCGGACGC-1","Non-neoplastic colon"
"AAGATGACATGTTGCG-1","Non-neoplastic colon"
"AAGATGTCGCATCGGC-1","Tumor cells in muscularis propria"
"AAGATGTCTATCCGCC-1","Non-neoplastic colon"
"AAGATGTTAGTGCTTA-1","Tumor stroma in subserosa"
"AAGATGTTGACTCAAC-1","Tumor cells in mucosa and submucosa"
"AAGATTATACGAATGC-1","Tumor cells in mucosa and submucosa"
"AAGATTATACTCTTCA-1","Tumor stroma in mucosa and submucosa"
"AAGATTATAGTGCCGT-1","Tumor cells in subserosa"
"AAGATTATGCAGCGCC-1","Tumor cells in mucosa and submucosa"
"AAGATTATGTCTAAGT-1","Tumor stroma in muscularis propria"
"AAGATTGACGATCCTA-1","Non-neoplastic colon"
"AAGATTGAGTACGTCG-1","Tumor stroma in mucosa and submucosa"
"AAGATTGGTTGATTAC-1","Tumor cells in mucosa and submucosa"
"AAGCAAGCGATCCGTG-1","Non-neoplastic colon"
"AAGCAATTACAATTGT-1","Tumor stroma in subserosa"
"AAGCACCGTGGTGCGT-1","Non-neoplastic colon"
"AAGCACGCGACGAGAT-1","Non-neoplastic colon"
"AAGCACGCTGCCTCTT-1","Non-neoplastic colon"
"AAGCACGGATTGGTGA-1","Non-neoplastic colon"
"AAGCACGGTGATCACG-1","Tumor cells in mucosa and submucosa"
"AAGCACTAAGAAGGAG-1","Tumor cells in mucosa and submucosa"
"AAGCACTCGTTCGCCA-1","Tumor cells in subserosa"
"AAGCAGAAGGCCGAAC-1","Tumor stroma in subserosa"
"AAGCAGACGTCGAGTA-1","Non-neoplastic colon"
"AAGCAGATCATAATGT-1","LVI"
"AAGCAGCGCCTAACGC-1","Non-neoplastic colon"
"AAGCAGCTTGGATACA-1","Non-neoplastic colon"
"AAGCAGTACAATACGT-1","Tumor stroma in muscularis propria"
"AAGCAGTACACCTGAT-1","Non-neoplastic colon"
"AAGCAGTATCGTAGCG-1","Tumor cells in mucosa and submucosa"
"AAGCAGTGATCTCCTA-1","Tumor cells at tumor invasive front/border"
"AAGCCACCAGACTCTG-1","Tumor cells in mucosa and submucosa"
"AAGCCACCAGTATTAA-1","Other"
"AAGCCACCGCAGGCCT-1","Tumor stroma in muscularis propria"
"AAGCCACGGAACCATC-1","Tumor stroma in mucosa and submucosa"
"AAGCCACTCAGGCAGA-1","Tumor stroma in subserosa"
"AAGCCAGCTCGCGGAT-1","Tumor cells in mucosa and submucosa"
"AAGCCAGGATTCTGAT-1","Non-neoplastic colon"
"AAGCCATCTAGAAGTT-1","Tumor cells in muscularis propria"
"AAGCCGACTCGCTCGA-1","PNI"
"AAGCGAAGTTAGCTCA-1","Tumor cells in mucosa and submucosa"
"AAGCGACCGCCACTGG-1","Tumor cells in muscularis propria"
"AAGCGACGAGCGCCTA-1","Tumor stroma in mucosa and submucosa"
"AAGCGACGCTCACGCA-1","Tumor stroma in muscularis propria"
"AAGCGAGCAAGATAGA-1","Tumor cells in muscularis propria"
"AAGCGAGCCAATGCAG-1","Non-neoplastic colon"
"AAGCGAGCGTAACGAG-1","Tumor cells in muscularis propria"
"AAGCGAGCTATCACGG-1","Tumor stroma in mucosa and submucosa"
"AAGCGAGGACGCGGCA-1","Tumor cells in mucosa and submucosa"
"AAGCGTCGTATGATGG-1","Non-neoplastic colon"
"AAGCTCACCAATCTAA-1","Non-neoplastic colon"
"AAGGAATTAATATGAG-1","Tumor cells in mucosa and submucosa"
"AAGGACAAGAGTCTCA-1","Tumor cells in subserosa"
"AAGGACAAGCAGTGTA-1","Non-neoplastic colon"
"AAGGACATCAACTGTC-1","Tumor stroma in subserosa"
"AAGGACATGGCGACCA-1","Non-neoplastic colon"
"AAGGACCAGATAACTG-1","Tumor stroma in mucosa and submucosa"
"AAGGACCGTGAGCCTC-1","Non-neoplastic colon"
"AAGGACCTCGGACCGG-1","Non-neoplastic colon"
"AAGGACTGCAGACCTC-1","Tumor cells in muscularis propria"
"AAGGAGAACACTGATG-1","Tumor stroma in subserosa"
"AAGGAGCGTACCAGTA-1","Tumor cells in mucosa and submucosa"
"AAGGAGTGCTCCATGG-1","Tumor stroma at tumor invasive front/border"
"AAGGCAACCATCGCAG-1","Tumor cells in mucosa and submucosa"
"AAGGCACCAACGCACT-1","Tumor stroma in muscularis propria"
"AAGGCACGGAGGAACC-1","Tumor cells in mucosa and submucosa"
"AAGGCAGTCGTAAGGC-1","Tumor cells in mucosa and submucosa"
"AAGGCCGAGGCGGTAG-1","Tumor cells in muscularis propria"
"AAGGCCGATAGAGTGA-1","Non-neoplastic colon"
"AAGGCCGGATGTCGGC-1","Tumor stroma in muscularis propria"
"AAGGCCTCACTGGTTA-1","Non-neoplastic colon"
"AAGGCCTCTATCTAGA-1","Tumor cells in mucosa and submucosa"
"AAGGCGAGGCTCCATA-1","Necrosis"
"AAGGCGATAGATTCGC-1","Tumor cells in mucosa and submucosa"
"AAGGCGCTACCGTTGT-1","Tumor cells in subserosa"
"AAGGCGGAACGTTACT-1","Non-neoplastic colon"
"AAGGCGGAACTTCTTA-1","Tumor cells in mucosa and submucosa"
"AAGGCGGACGCACGAG-1","Non-neoplastic colon"
"AAGGCGGAGCTCATAG-1","Tumor cells in subserosa"
"AAGGCGGATATTCAAG-1","Tumor stroma in subserosa"
"AAGGCGTGAGCGAGTG-1","Tumor cells in mucosa and submucosa"
"AAGGCGTGGTATGGCT-1","Tumor stroma at tumor invasive front/border"
"AAGGTCATCCAATAGA-1","Tumor stroma in subserosa"
"AAGGTGAAGAACGCAC-1","Non-neoplastic colon"
"AAGGTGAATCTAGACT-1","Tumor cells in mucosa and submucosa"
"AAGGTGACAACTACTG-1","Non-neoplastic colon"
"AAGGTGAGACGGCTTA-1","Non-neoplastic colon"
"AAGGTGAGATCCACAT-1","Tumor cells in subserosa"
"AAGGTGCCAACCTAAG-1","Tumor cells in muscularis propria"
"AAGGTGGATCTTAGAA-1","Non-neoplastic colon"
"AAGGTGGATTGAGCGT-1","Non-neoplastic colon"
"AAGGTTACTTGTGGAA-1","Non-neoplastic colon"
"AAGGTTCACCGGCTCA-1","Tumor stroma in muscularis propria"
"AAGGTTCGGTTCTGAT-1","Tumor cells in muscularis propria"
"AAGGTTGATCCTGCTA-1","Non-neoplastic colon"
"AAGGTTGCCTGACGGC-1","Tumor cells in mucosa and submucosa"
"AAGGTTGGCGAGGTTC-1","Tumor stroma at tumor invasive front/border"
"AAGTACCTCCGACATT-1","Non-neoplastic colon"
"AAGTACGTATCAATGT-1","Tumor stroma at tumor invasive front/border"
"AAGTACGTGCTAAGCG-1","Tumor cells in mucosa and submucosa"
"AAGTACTCTATTGCCG-1","Tumor stroma in subserosa"
"AAGTACTGCGCATTGT-1","Non-neoplastic colon"
"AAGTAGGATTACTATT-1","Non-neoplastic colon"
"AAGTCCACTAAGCGCT-1","Tumor cells in muscularis propria"
"AAGTCCTCCGACGGTA-1","Tumor cells in muscularis propria"
"AAGTCGCACGCCTTCG-1","Non-neoplastic colon"
"AAGTCGCTCGAACGGC-1","Tumor stroma in mucosa and submucosa"
"AAGTCGGTCGGTCCAT-1","Tumor cells in mucosa and submucosa"
"AAGTCGGTGGACATCT-1","Tumor cells in muscularis propria"
"AAGTCTACGGCGATAG-1","Non-neoplastic colon"
"AAGTCTACTTATTCAT-1","Non-neoplastic colon"
"AAGTCTCCGTGCTAAG-1","Non-neoplastic colon"
"AAGTCTGTCAGAATCT-1","Tumor cells in subserosa"
"AAGTGACCGTCGGACT-1","Tumor cells in muscularis propria"
"AAGTGCCATCGCGTGC-1","Non-neoplastic colon"
"AAGTGGCTAATAGATA-1","Non-neoplastic colon"
"AAGTGGTACAAGTATT-1","Non-neoplastic colon"
"AAGTGGTAGTTGCGGC-1","Non-neoplastic colon"
"AAGTGGTATGAGCGTG-1","Non-neoplastic colon"
"AAGTTAAGCGTGCTCG-1","Tumor stroma in subserosa"
"AAGTTAAGGTAATCGT-1","Non-neoplastic colon"
"AAGTTACTTCGTTCGA-1","Tumor stroma in mucosa and submucosa"
"AAGTTAGACACCGCGA-1","Non-neoplastic colon"
"AAGTTAGTACTACGAA-1","Tumor cells in muscularis propria"
"AAGTTCAACTGGATTC-1","Tumor cells in subserosa"
"AAGTTCAGCGATAGCA-1","Tumor cells in mucosa and submucosa"
"AAGTTCAGTCCGCCGA-1","Tumor cells at tumor invasive front/border"
"AAGTTCCATCTTAAGT-1","Tumor cells in mucosa and submucosa"
"AAGTTCCGGCTGTAGA-1","Non-neoplastic colon"
"AAGTTCCTGTCCTTCT-1","Non-neoplastic colon"
"AATAACATACTAGGAT-1","Tumor cells in mucosa and submucosa"
"AATAACATCCATGTGG-1","Non-neoplastic colon"
"AATAACATTCAATGCA-1","Tumor stroma in mucosa and submucosa"
"AATAACATTCTTCCGT-1","Tumor cells in mucosa and submucosa"
"AATAACCACGCTGTAT-1","Non-neoplastic colon"
"AATAACCAGATCCAAG-1","Non-neoplastic colon"
"AATAACGAGGTTCATA-1","Non-neoplastic colon"
"AATAACGCACGTGCGT-1","Tumor cells in mucosa and submucosa"
"AATAACGTAGATACTC-1","Tumor cells in mucosa and submucosa"
"AATAACTCACCTGTCG-1","Non-neoplastic colon"
"AATAACTGCCGTTACC-1","Non-neoplastic colon"
"AATAAGTACAGAATTG-1","Non-neoplastic colon"
"AATACATGGTTGACCA-1","Non-neoplastic colon"
"AATACCGATGAAGATA-1","Tumor cells in mucosa and submucosa"
"AATACGATGTTGCCAA-1","Tumor stroma in mucosa and submucosa"
"AATACGCAGATTGTGC-1","Tumor cells in mucosa and submucosa"
"AATACGCAGCGTAATC-1","Non-neoplastic colon"
"AATACGCATAGCTTAC-1","Tumor cells in mucosa and submucosa"
"AATACGTAACTGAGCG-1","Non-neoplastic colon"
"AATACGTCATGCTCCG-1","Non-neoplastic colon"
"AATACGTCGCTCAAGA-1","Non-neoplastic colon"
"AATACTAAGCGGATTA-1","Tumor stroma in muscularis propria"
"AATACTAATAGAGCGG-1","Tumor cells in mucosa and submucosa"
"AATACTAATGTTGCAT-1","Tumor stroma in subserosa"
"AATACTCAACAGGAGC-1","Tumor stroma in mucosa and submucosa"
"AATACTCAAGTGACTC-1","Non-neoplastic colon"
"AATACTCACGCTAATT-1","Tumor stroma in subserosa"
"AATACTCCAGCAGGTA-1","Non-neoplastic colon"
"AATACTGGCGTACTAT-1","Non-neoplastic colon"
"AATACTGTGATGCAAT-1","Tumor cells in subserosa"
"AATAGCGAGTAGATAC-1","Tumor stroma in muscularis propria"
"AATAGGCGCCGGAAGG-1","Tumor cells in muscularis propria"
"AATAGTAAGGATAGTA-1","Non-neoplastic colon"
"AATAGTACATCGTGAT-1","Tumor cells in mucosa and submucosa"
"AATAGTACCGCTTGCG-1","Tumor stroma in mucosa and submucosa"
"AATAGTACTATTGGAC-1","Non-neoplastic colon"
"AATAGTGCCAACGGTC-1","Tumor stroma in muscularis propria"
"AATAGTTCTGCAAGTG-1","Non-neoplastic colon"
"AATAGTTGATAACCGC-1","Tumor cells in subserosa"
"AATATCATGGCTTCAT-1","Tumor cells in subserosa"
"AATATCGCCGTCTTAG-1","Tumor cells in mucosa and submucosa"
"AATATGCCACCTCCGC-1","Non-neoplastic colon"
"AATCAAGCGTATGGTA-1","Non-neoplastic colon"
"AATCAAGGAATGGTCG-1","Tumor stroma in muscularis propria"
"AATCAATTGGCTTCAC-1","Non-neoplastic colon"
"AATCACAAGGAATCAA-1","Tumor stroma in subserosa"
"AATCACCATGCCTATC-1","Tumor cells in mucosa and submucosa"
"AATCACCTGAAGCACC-1","Tumor stroma in subserosa"
"AATCCGCCTCTAGATG-1","Necrosis"
"AATCCTCGCACTACGC-1","Tumor cells in mucosa and submucosa"
"AATCCTGACGGCGTCT-1","Tumor cells in mucosa and submucosa"
"AATCCTGTCTACATGG-1","Tumor cells in muscularis propria"
"AATCCTTACGAAGGCA-1","Tumor stroma in mucosa and submucosa"
"AATCGACAGCGGTGCG-1","Non-neoplastic colon"
"AATCGACGGCCAGAGC-1","Non-neoplastic colon"
"AATCGACTGGAGCGTG-1","Tumor stroma in subserosa"
"AATCGCATGATACTTG-1","Necrosis"
"AATCGCGAGTCAACCA-1","Tumor stroma in mucosa and submucosa"
"AATCGCTACGGCATAG-1","Non-neoplastic colon"
"AATCGCTCTTGAGCCG-1","Tumor stroma in subserosa"
"AATCGCTGTCGTCTGG-1","Tumor cells at tumor invasive front/border"
"AATCGGAACGTAGAGC-1","Non-neoplastic colon"
"AATCTAAGTGAAGAGT-1","Non-neoplastic colon"
"AATCTAATAGTGGTAT-1","Tumor cells in muscularis propria"
"AATCTACTTGCGACTA-1","Non-neoplastic colon"
"AATCTAGTCACCGAGC-1","Non-neoplastic colon"
"AATCTATTCTAGATAG-1","Non-neoplastic colon"
"AATCTATTGGACCGCA-1","Tumor cells in mucosa and submucosa"
"AATCTGAATTAGTTCC-1","Tumor cells in subserosa"
"AATCTGCCAGTAATTG-1","Tumor stroma at tumor invasive front/border"
"AATCTGGATCAGGCAA-1","Other"
"AATCTGGTACATCTTA-1","Non-neoplastic colon"
"AATCTTAGCAAGCGTG-1","Non-neoplastic colon"
"AATGAACATAGAGCCG-1","Tumor stroma in subserosa"
"AATGAACATGAAGAAC-1","Necrosis"
"AATGAACCGCGTAGTC-1","Tumor cells in mucosa and submucosa"
"AATGAACTTATCAGTC-1","Non-neoplastic colon"
"AATGAAGACTCAGTAG-1","Non-neoplastic colon"
"AATGAAGGTCACGATA-1","Tumor stroma in muscularis propria"
"AATGAAGTCGGCCAGA-1","Tumor cells in muscularis propria"
"AATGAATATTCCTAGA-1","Tumor cells in mucosa and submucosa"
"AATGAATGATAGGTTA-1","Tumor cells in mucosa and submucosa"
"AATGAGAAGTACGGTT-1","Tumor stroma in subserosa"
"AATGAGACGAACCATA-1","Non-neoplastic colon"
"AATGAGACGATGGTTG-1","Tumor cells in subserosa"
"AATGAGGCCACGGAGC-1","Non-neoplastic colon"
"AATGATTGCGTATCTA-1","Tumor cells in mucosa and submucosa"
"AATGATTGGAGTGGCC-1","Tumor stroma in mucosa and submucosa"
"AATGATTGGATACTCG-1","Tumor cells in mucosa and submucosa"
"AATGCACTAGCCACGG-1","Tumor stroma in subserosa"
"AATGCCTTCATGTACC-1","Non-neoplastic colon"
"AATGCGCACTACTCAA-1","Other"
"AATGCTACGTCGGCAT-1","Tumor cells in subserosa"
"AATGGAAGGCAAGTAC-1","Tumor stroma in subserosa"
"AATGGACCTTATGTAA-1","Non-neoplastic colon"
"AATGGAGGACCGACCA-1","Tumor stroma at tumor invasive front/border"
"AATGGCAACCTTATTG-1","Tumor stroma in muscularis propria"
"AATGGCCGGCGTATAG-1","Tumor cells in mucosa and submucosa"
"AATGGTATGGCTAGAC-1","Tumor stroma in muscularis propria"
"AATGGTATGTGGCTTC-1","Tumor stroma in muscularis propria"
"AATGGTATTGCTTATT-1","Tumor stroma in muscularis propria"
"AATGGTCGACGCATTC-1","Non-neoplastic colon"
"AATGGTCGCAATCTCA-1","Tumor cells in mucosa and submucosa"
"AATGGTCGGCAGTCCA-1","Tumor cells in subserosa"
"AATGGTCGTGGCGACC-1","Non-neoplastic colon"
"AATGGTGCACAGACAG-1","Tumor stroma in muscularis propria"
"AATGGTGCTTGTTATG-1","Non-neoplastic colon"
"AATGGTTAGTAACGGT-1","Tumor cells in muscularis propria"
"AATGGTTGACCGGCAT-1","Non-neoplastic colon"
"AATGGTTGAGGACTCA-1","Tumor stroma in mucosa and submucosa"
"AATGGTTGTCACATGA-1","Tumor stroma in subserosa"
"AATGTCGTGCCTAATC-1","Tumor cells in subserosa"
"AATTAGACTCTTGTAT-1","Non-neoplastic colon"
"AATTAGCTGTCGAATA-1","Tumor stroma in mucosa and submucosa"
"AATTATACAGTCTACA-1","Tumor cells in mucosa and submucosa"
"AATTATACGAGGTCCT-1","Tumor cells in mucosa and submucosa"
"AATTATAGATTGTCAC-1","Non-neoplastic colon"
"AATTATAGGCTCCGCA-1","Non-neoplastic colon"
"AATTATAGTACTCAAG-1","Non-neoplastic colon"
"AATTATGAAGATGCAG-1","Tumor cells in mucosa and submucosa"
"AATTATGAATCCTGTC-1","Tumor stroma in mucosa and submucosa"
"AATTATTCATAACTCG-1","Tumor cells in muscularis propria"
"AATTATTCCGGTAGAC-1","Non-neoplastic colon"
"AATTATTCGCTGGTGC-1","Other"
"AATTCAAGCTTGGTTG-1","Tumor stroma in muscularis propria"
"AATTCAAGGCACGATC-1","Non-neoplastic colon"
"AATTCAGAACCTCATA-1","Tumor cells in muscularis propria"
"AATTCAGACCTACGCA-1","Tumor cells in mucosa and submucosa"
"AATTCAGTATGCATGC-1","Tumor stroma in subserosa"
"AATTCCAGAATACCAT-1","Tumor cells in mucosa and submucosa"
"AATTCCAGTCTAGACG-1","Tumor cells in mucosa and submucosa"
"AATTCCTCCGCACTAA-1","Necrosis"
"AATTCGGACTGAGCAT-1","Necrosis"
"AATTCTAAGCGATATC-1","Tumor stroma at tumor invasive front/border"
"AATTCTAATGGTCGGT-1","Tumor cells in subserosa"
"AATTCTATACATCTTC-1","Non-neoplastic colon"
"AATTCTATCTAGTACC-1","Tumor stroma in muscularis propria"
"AATTCTCACTGGTGAC-1","Non-neoplastic colon"
"AATTCTCAGGACCTCA-1","Tumor stroma in mucosa and submucosa"
"AATTCTCCAGCCTCGC-1","Tumor stroma in muscularis propria"
"AATTCTCCTGCCAACT-1","Tumor cells in muscularis propria"
"AATTCTGCCGACTATG-1","Tumor cells in mucosa and submucosa"
"AATTCTGGTACCGCGG-1","Non-neoplastic colon"
"AATTCTTGATCGGTAC-1","Non-neoplastic colon"
"AATTCTTGGAGCGAAC-1","Non-neoplastic colon"
"AATTCTTGTCAGTAGG-1","Tumor stroma in mucosa and submucosa"
"AATTGCCGCACTTATT-1","Non-neoplastic colon"
"AATTGGACAGACGTTA-1","Necrosis"
"AATTGGACTATCAGCC-1","Tumor stroma in mucosa and submucosa"
"AATTGGAGTGTTAGGA-1","Tumor stroma in mucosa and submucosa"
"AATTGGATGACTACAA-1","Tumor cells in mucosa and submucosa"
"AATTGGATTCCTGTTA-1","Non-neoplastic colon"
"AATTGGCCAAGAGCAG-1","Tumor cells in mucosa and submucosa"
"AATTGGCCTTATTCGG-1","Tumor stroma in mucosa and submucosa"
"AATTGGCTTACTCCTT-1","Non-neoplastic colon"
"AATTGTCCGGCAATCA-1","Tumor stroma in mucosa and submucosa"
"ACAACCATACCTCGAA-1","Non-neoplastic colon"
"ACAACCTTGATATGGT-1","Non-neoplastic colon"
"ACAACGAGGCCTAATG-1","Tumor stroma in subserosa"
"ACAACGAGTGAATTAT-1","Non-neoplastic colon"
"ACAACGCAGATGCACC-1","Non-neoplastic colon"
"ACAACGGACGTTCAGG-1","Tumor cells in mucosa and submucosa"
"ACAACGGCTAAGAATT-1","Tumor cells in mucosa and submucosa"
"ACAACGTGCAGCACTC-1","Tumor cells in mucosa and submucosa"
"ACAACGTTGGCCGTGC-1","Non-neoplastic colon"
"ACAACTACAGGCTCAT-1","Non-neoplastic colon"
"ACAACTACGCACGAAG-1","Non-neoplastic colon"
"ACAACTATCTACTCCA-1","Non-neoplastic colon"
"ACAACTATGAATGATC-1","Non-neoplastic colon"
"ACAACTATGCGTCTAG-1","Tumor cells in mucosa and submucosa"
"ACAACTATGTTAAGCG-1","Non-neoplastic colon"
"ACAACTATTGCTTAAC-1","Tumor stroma in muscularis propria"
"ACAACTCCGGCCTATC-1","Tumor cells in subserosa"
"ACAACTGATCACCGCT-1","Non-neoplastic colon"
"ACAACTTAACGCATAA-1","Tumor stroma in mucosa and submucosa"
"ACAAGCAATCCGGCGA-1","Non-neoplastic colon"
"ACAAGCGTCACTCATG-1","Non-neoplastic colon"
"ACAAGTAGACCTTAGC-1","Tumor cells in muscularis propria"
"ACAAGTAGCATCTATC-1","Tumor cells in mucosa and submucosa"
"ACAAGTAGGAGCACTG-1","Tumor stroma in subserosa"
"ACAAGTAGTGAGAAGT-1","Tumor cells in subserosa"
"ACAAGTCACCGCGTTC-1","Tumor stroma in mucosa and submucosa"
"ACAAGTCTTCAACAGT-1","Tumor cells in mucosa and submucosa"
"ACAAGTTAGGCACGTA-1","Non-neoplastic colon"
"ACAAGTTATTCAATTC-1","Non-neoplastic colon"
"ACAAGTTCCTTATCGC-1","Tumor stroma in mucosa and submucosa"
"ACAATAAGGAAGTACT-1","Tumor cells in mucosa and submucosa"
"ACAATAAGTATCGGTG-1","Tumor cells in subserosa"
"ACAATAAGTGACATTA-1","Tumor stroma at tumor invasive front/border"
"ACAATAAGTTACTCAG-1","Tumor cells in muscularis propria"
"ACAATACGAGAATTAC-1","Non-neoplastic colon"
"ACAATACGGATAAGCT-1","Tumor stroma in muscularis propria"
"ACAATACGGTAACAGG-1","Tumor cells in mucosa and submucosa"
"ACAATACTGCTACGTA-1","Tumor cells in mucosa and submucosa"
"ACAATAGCGGTTGGAC-1","Tumor stroma in mucosa and submucosa"
"ACAATAGCTAAGATAG-1","Tumor cells in mucosa and submucosa"
"ACAATATCGAACAAGG-1","Tumor stroma in subserosa"
"ACAATATCGCAGTTAA-1","Tumor stroma in muscularis propria"
"ACAATATGAGAACACT-1","Tumor cells in muscularis propria"
"ACAATATTCCAATTGT-1","Other"
"ACAATATTGTACCTCA-1","Non-neoplastic colon"
"ACAATCAACCTCGGCG-1","Tumor cells in mucosa and submucosa"
"ACAATCACAGGTGCTA-1","Non-neoplastic colon"
"ACAATCATAACCTTGG-1","Non-neoplastic colon"
"ACAATCGGACGTTAAG-1","Necrosis"
"ACAATGACCGACATGG-1","Non-neoplastic colon"
"ACAATGACGCGTCCGC-1","Tumor cells in mucosa and submucosa"
"ACAATGACGTACCATA-1","Non-neoplastic colon"
"ACAATGACTAAGCGAA-1","Non-neoplastic colon"
"ACAATGACTAGTTCCA-1","Tumor stroma at tumor invasive front/border"
"ACAATGCTGACCGGTC-1","Tumor stroma in subserosa"
"ACAGAACACTCGTAAT-1","Tumor cells in mucosa and submucosa"
"ACAGAACACTGGCGCC-1","Non-neoplastic colon"
"ACAGAACTAAGTCCTC-1","Non-neoplastic colon"
"ACAGAACTACAGGCAT-1","Tumor cells in muscularis propria"
"ACAGAACTTCGTGGAC-1","Tumor stroma in subserosa"
"ACAGAAGTCGGTTGTC-1","Tumor cells in mucosa and submucosa"
"ACAGAAGTCTGTAAGG-1","Non-neoplastic colon"
"ACAGAAGTGAACCTAA-1","Non-neoplastic colon"
"ACAGAAGTTCCGTGAT-1","Tumor cells in subserosa"
"ACAGAATAAGCCGGAC-1","Necrosis"
"ACAGAATAGACAGAAG-1","Tumor cells in mucosa and submucosa"
"ACAGAATAGATTAAGA-1","Non-neoplastic colon"
"ACAGAATCATACCTTC-1","Non-neoplastic colon"
"ACAGAATCGCAGGACA-1","Non-neoplastic colon"
"ACAGACAACCAGTCCG-1","Tumor cells in muscularis propria"
"ACAGACAGGACATAGT-1","Non-neoplastic colon"
"ACAGATACTAATGGAC-1","Tumor stroma in muscularis propria"
"ACAGATGAGTTCCACT-1","Non-neoplastic colon"
"ACAGCCAACTATACTA-1","Tumor cells in mucosa and submucosa"
"ACAGCCAATCCATGAT-1","Tumor stroma in muscularis propria"
"ACAGCCAATTAGCGAG-1","Tumor cells in muscularis propria"
"ACAGCCAGGTAGACCG-1","Non-neoplastic colon"
"ACAGCCAGTCGGCCGT-1","Necrosis"
"ACAGCCTCGAGTGCAA-1","Non-neoplastic colon"
"ACAGCCTTGGAGACTC-1","Non-neoplastic colon"
"ACAGCGAGCTCATCAC-1","Tumor cells in mucosa and submucosa"
"ACAGCGGCTACTAACC-1","Non-neoplastic colon"
"ACAGCGGTGCATCACG-1","Tumor stroma in mucosa and submucosa"
"ACAGCTGACACCAGGT-1","Tumor stroma in mucosa and submucosa"
"ACAGGAACATGATCTT-1","Tumor stroma in subserosa"
"ACAGGAACCTTACGTC-1","Non-neoplastic colon"
"ACAGGAACCTTCTAGG-1","Tumor stroma in subserosa"
"ACAGGAATCCTCAGCA-1","Non-neoplastic colon"
"ACAGGAATCGAATCCA-1","Non-neoplastic colon"
"ACAGGAATGCGAACAG-1","Tumor cells in muscularis propria"
"ACAGGACACGCAGCAC-1","Non-neoplastic colon"
"ACAGGACATGGAAGCC-1","Non-neoplastic colon"
"ACAGGACTCGAGAAGC-1","Tumor cells in muscularis propria"
"ACAGGAGTAGGATAAG-1","Non-neoplastic colon"
"ACAGGAGTCTGGTCAT-1","Tumor stroma in mucosa and submucosa"
"ACAGGATACGCTAACG-1","Tumor cells in mucosa and submucosa"
"ACAGGCACAGTTATTG-1","Non-neoplastic colon"
"ACAGGCGGAATCCGTA-1","Non-neoplastic colon"
"ACAGGCGGATACATCT-1","Other"
"ACAGGCGGCAAGCTTC-1","Non-neoplastic colon"
"ACAGGCGTTGAGTTAG-1","Non-neoplastic colon"
"ACAGGTACTATCTTAA-1","Tumor stroma in muscularis propria"
"ACAGGTATACCAACTA-1","Tumor cells in muscularis propria"
"ACAGGTATAGATAATT-1","Tumor stroma in subserosa"
"ACAGGTATCAGCCTAG-1","Tumor stroma in mucosa and submucosa"
"ACAGGTCAGCCACTCG-1","Tumor cells in mucosa and submucosa"
"ACAGGTCAGCGTGAGT-1","Necrosis"
"ACAGGTCCATAAGCGG-1","Tumor stroma in subserosa"
"ACAGGTCTGTCGGCCA-1","Tumor stroma in muscularis propria"
"ACAGGTGGATGTTGCT-1","Tumor cells in mucosa and submucosa"
"ACAGGTTCACGTTCGT-1","Non-neoplastic colon"
"ACAGTACCGGAACCGA-1","Tumor cells in subserosa"
"ACAGTACGATCGAGCG-1","Necrosis"
"ACAGTACGTCGCACTG-1","Tumor cells in mucosa and submucosa"
"ACAGTATCTAGAAGAT-1","Non-neoplastic colon"
"ACAGTCGACATGCTGT-1","Non-neoplastic colon"
"ACAGTCGAGTGCGACG-1","Non-neoplastic colon"
"ACAGTGTATCATGCTC-1","Non-neoplastic colon"
"ACATAAGAACGTAGAA-1","Tumor stroma in mucosa and submucosa"
"ACATAAGTATAGTGAC-1","Other"
"ACATACCAACGCTGTT-1","Non-neoplastic colon"
"ACATACGAAGATCTAG-1","Tumor stroma in subserosa"
"ACATACGGCGAGACTT-1","Non-neoplastic colon"
"ACATAGATTAGACCGA-1","Tumor stroma in mucosa and submucosa"
"ACATAGCATACGGCAC-1","Tumor stroma at tumor invasive front/border"
"ACATAGCTCACCTCAA-1","Tumor cells in mucosa and submucosa"
"ACATAGCTCGTGCGAA-1","Other"
"ACATAGGTCTGGATAC-1","Tumor cells in subserosa"
"ACATCACTCGATCACC-1","Tumor stroma at tumor invasive front/border"
"ACATCATAGCACGTCC-1","Non-neoplastic colon"
"ACATCGAACATTCCAA-1","Non-neoplastic colon"
"ACATCGACATTACACC-1","Tumor cells at tumor invasive front/border"
"ACATCGAGAACCTAGA-1","Tumor cells in subserosa"
"ACATCGAGTGCATCTG-1","Non-neoplastic colon"
"ACATCGCTTCTAGGAT-1","Non-neoplastic colon"
"ACATCGTAATCTTGGA-1","Tumor stroma in mucosa and submucosa"
"ACATCGTCAGCTGTTA-1","Non-neoplastic colon"
"ACATCGTCGAGGAAGC-1","Non-neoplastic colon"
"ACATCGTGCTGAACCT-1","Non-neoplastic colon"
"ACATCTAATAGCAATG-1","Tumor cells in mucosa and submucosa"
"ACATCTACAATCCTCA-1","Tumor cells in mucosa and submucosa"
"ACATCTCGAAGTACAA-1","Tumor stroma in mucosa and submucosa"
"ACATCTCGCTTGCATA-1","Tumor cells in mucosa and submucosa"
"ACATCTGGCGGTCCGA-1","Tumor cells in muscularis propria"
"ACATCTGGCGTATTAC-1","Tumor cells in subserosa"
"ACATCTGGTAGTCTAG-1","Non-neoplastic colon"
"ACATCTTCTATGGAGG-1","Tumor stroma in mucosa and submucosa"
"ACATGAAGCCATTACC-1","Non-neoplastic colon"
"ACATGATTGGTGGCGG-1","Non-neoplastic colon"
"ACATGCCAATGATCGG-1","Tumor stroma in mucosa and submucosa"
"ACATGCCAGCCGGTCC-1","Tumor cells in mucosa and submucosa"
"ACATGCGTAGAATTCT-1","Non-neoplastic colon"
"ACATGCGTGAAGTCTA-1","Tumor cells in mucosa and submucosa"
"ACATGCGTGACAATGA-1","Tumor cells in subserosa"
"ACATGCTGCGATGTTA-1","Non-neoplastic colon"
"ACATGTATTGAGGCCT-1","Tumor stroma at tumor invasive front/border"
"ACATGTCGACTCGCCG-1","Tumor cells in muscularis propria"
"ACATGTCGTGTTCATC-1","Tumor stroma at tumor invasive front/border"
"ACATGTCTATCTCACG-1","Necrosis"
"ACATGTTGAATTGCAC-1","Tumor stroma at tumor invasive front/border"
"ACATGTTGAGTGCAGT-1","Tumor stroma in subserosa"
"ACATGTTGCCGCACAA-1","Non-neoplastic colon"
"ACATGTTGGCATAGTA-1","Tumor cells in mucosa and submucosa"
"ACATTAGCATGCGATC-1","Tumor stroma in muscularis propria"
"ACATTCTACTTAGATT-1","Non-neoplastic colon"
"ACATTGATAACAGCAC-1","Tumor cells in mucosa and submucosa"
"ACATTGCGTGGACTGG-1","Tumor cells in mucosa and submucosa"
"ACATTGGATTAATGGA-1","Tumor cells at tumor invasive front/border"
"ACATTGTCACTCCGGT-1","Tumor cells in mucosa and submucosa"
"ACATTGTCTAAGTACT-1","Non-neoplastic colon"
"ACCAACAGGAGCTACG-1","Tumor cells in subserosa"
"ACCAACAGGATCGCAA-1","Tumor cells in mucosa and submucosa"
"ACCAACAGTGGCGAAC-1","Tumor stroma in subserosa"
"ACCAACATCTCCGGAA-1","Non-neoplastic colon"
"ACCAACGATACATGAC-1","Tumor cells in mucosa and submucosa"
"ACCAACGCTGGAGGCG-1","PNI"
"ACCAACGTCGCAGCGT-1","Tumor cells in muscularis propria"
"ACCAACTCGGTTCTGG-1","Non-neoplastic colon"
"ACCAAGATCTCAACGC-1","Tumor stroma in subserosa"
"ACCAAGATTCGTGGCA-1","Tumor stroma in muscularis propria"
"ACCAAGATTGATTCAA-1","Non-neoplastic colon"
"ACCAAGCAGTCTGATA-1","Tumor cells in mucosa and submucosa"
"ACCAAGCATGGACTCC-1","Tumor cells in muscularis propria"
"ACCAAGCCGCACGGAA-1","Tumor stroma in subserosa"
"ACCAAGCCTATTCCTC-1","Non-neoplastic colon"
"ACCAAGCCTGTACAGA-1","Tumor cells in mucosa and submucosa"
"ACCAAGCGCTCGTTCC-1","Tumor cells in mucosa and submucosa"
"ACCAAGCGGAAGGCGG-1","Tumor cells in mucosa and submucosa"
"ACCAAGGCATGTCGCA-1","Non-neoplastic colon"
"ACCAAGGCCAGGAGGC-1","Tumor stroma in muscularis propria"
"ACCAAGGCGAATGGTG-1","Tumor stroma in muscularis propria"
"ACCAAGTGCATATGTC-1","Tumor stroma in mucosa and submucosa"
"ACCAAGTGCTACCGAA-1","Tumor cells in mucosa and submucosa"
"ACCAAGTGCTGTTATT-1","Tumor cells in mucosa and submucosa"
"ACCAAGTTAGCTAGTA-1","Necrosis"
"ACCAATAATCACTATG-1","Tumor cells in subserosa"
"ACCAATACTAGCTCAC-1","Tumor cells in mucosa and submucosa"
"ACCAATGGTAAGCACC-1","Tumor cells in mucosa and submucosa"
"ACCAATTGCCAGTACA-1","Tumor stroma in subserosa"
"ACCACGAAGGCTATTA-1","Non-neoplastic colon"
"ACCACGTCCTGGCGGA-1","Non-neoplastic colon"
"ACCACGTGATCTCCAC-1","Tumor cells in muscularis propria"
"ACCACGTGCCTCCGCC-1","Tumor stroma in mucosa and submucosa"
"ACCAGAGCCTTATTCA-1","Tumor stroma in muscularis propria"
"ACCAGAGTTCCTACAG-1","Tumor stroma in mucosa and submucosa"
"ACCAGATTGCTCTAGC-1","Tumor stroma in muscularis propria"
"ACCAGCAATCATTAAT-1","Non-neoplastic colon"
"ACCAGCCATAACGGAT-1","Tumor stroma in subserosa"
"ACCAGCGGCTTAAGGC-1","Necrosis"
"ACCAGCTTAATCGATT-1","Non-neoplastic colon"
"ACCAGCTTCAGATCTA-1","Non-neoplastic colon"
"ACCAGTAGGTGGCTCG-1","Tumor cells in mucosa and submucosa"
"ACCAGTTAAGTGTAAC-1","Non-neoplastic colon"
"ACCAGTTGGCGTGGCT-1","Non-neoplastic colon"
"ACCATAGTCCTCGGTC-1","Tumor stroma in muscularis propria"
"ACCATATGAAGATATG-1","Non-neoplastic colon"
"ACCATCCATATGCGTA-1","Tumor cells in mucosa and submucosa"
"ACCATCGGCGCACTCA-1","Tumor stroma in subserosa"
"ACCATCGGTCACGGCA-1","Non-neoplastic colon"
"ACCATCTAAGCGTTAA-1","Tumor cells in mucosa and submucosa"
"ACCATCTACATCAGGT-1","Non-neoplastic colon"
"ACCATGCTTCTAGACT-1","Tumor stroma in subserosa"
"ACCATTAGGCCTACAT-1","Non-neoplastic colon"
"ACCATTAGGCTAAGTA-1","Non-neoplastic colon"
"ACCATTCGTCTAGCAC-1","Tumor stroma in mucosa and submucosa"
"ACCGAACTGAACAGAC-1","Necrosis"
"ACCGAAGAATCAGGCG-1","Necrosis"
"ACCGAAGCGGTGTACC-1","Tumor stroma in muscularis propria"
"ACCGAGATCGTGACCA-1","Tumor stroma at tumor invasive front/border"
"ACCGAGCTTAATTAAT-1","Non-neoplastic colon"
"ACCGAGTATCACGTGA-1","Non-neoplastic colon"
"ACCGATCGTCAGACGC-1","Non-neoplastic colon"
"ACCGATCTACTGCTGT-1","Tumor cells in mucosa and submucosa"
"ACCGATGTAAGCTGTA-1","Tumor stroma in muscularis propria"
"ACCGATGTAATTAAGG-1","Non-neoplastic colon"
"ACCGATGTCCTATCAT-1","Tumor stroma in subserosa"
"ACCGATTAGTTAGCCG-1","Tumor stroma in muscularis propria"
"ACCGATTATGTAACGA-1","Non-neoplastic colon"
"ACCGATTCGTAGCAGT-1","Tumor cells in mucosa and submucosa"
"ACCGCATCCGTGGACG-1","Tumor cells in mucosa and submucosa"
"ACCGCCTTGGATAGAT-1","Non-neoplastic colon"
"ACCGGAAGGACGATGG-1","Non-neoplastic colon"
"ACCGGACGATAACTCG-1","Non-neoplastic colon"
"ACCGGACGTTGGTCGT-1","Non-neoplastic colon"
"ACCGGATACCATGTAT-1","Tumor cells in mucosa and submucosa"
"ACCGGATAGCCAATTA-1","Non-neoplastic colon"
"ACCGGATATGTCACAG-1","Tumor cells in mucosa and submucosa"
"ACCGGATATTAGTTGG-1","Tumor stroma in muscularis propria"
"ACCGGCAGATCAATAG-1","Tumor stroma in subserosa"
"ACCGGCAGTAATCAGA-1","Tumor stroma in subserosa"
"ACCGGCCGAGTGCACT-1","Tumor cells in mucosa and submucosa"
"ACCGGCCTCGTAATCA-1","Tumor cells in mucosa and submucosa"
"ACCGGCTAGCCGTCTG-1","Tumor stroma in mucosa and submucosa"
"ACCGGTATCGGACGCC-1","Tumor stroma in muscularis propria"
"ACCGTAACATTATGTA-1","Non-neoplastic colon"
"ACCGTAACGAGTTGCG-1","Tumor stroma in subserosa"
"ACCGTAATTCAGATTA-1","Tumor stroma in mucosa and submucosa"
"ACCGTACATGAATCTA-1","Tumor cells in subserosa"
"ACCGTAGACATGAGCG-1","Non-neoplastic colon"
"ACCGTAGAGGATAGCT-1","Non-neoplastic colon"
"ACCGTAGGAAGCACTA-1","Tumor cells in muscularis propria"
"ACCGTAGGTGCTTGTA-1","Tumor cells in mucosa and submucosa"
"ACCGTGAAGACTCCTG-1","Tumor cells in muscularis propria"
"ACCGTGGAACCATTCG-1","Tumor cells in mucosa and submucosa"
"ACCGTTATCAGAGGAT-1","Tumor stroma in subserosa"
"ACCGTTATGTGGACCA-1","Non-neoplastic colon"
"ACCGTTGTGACGTGCC-1","Tumor stroma in subserosa"
"ACCTAAGACCGACGTA-1","Non-neoplastic colon"
"ACCTAAGTCTGCCACT-1","Non-neoplastic colon"
"ACCTAATTATGTCCGC-1","Tumor stroma in mucosa and submucosa"
"ACCTAATTCATCTTAG-1","Non-neoplastic colon"
"ACCTATGTTAGCAGGC-1","Tumor cells in mucosa and submucosa"
"ACCTCCAGTTATGCGT-1","Tumor cells in muscularis propria"
"ACCTCCGACGTGAGGC-1","Non-neoplastic colon"
"ACCTCCGAGCTTGTGA-1","Tumor cells in mucosa and submucosa"
"ACCTCCGATCAGCCTC-1","Tumor stroma in subserosa"
"ACCTCCGCGTCGAGCA-1","Non-neoplastic colon"
"ACCTCGAATGCCACAG-1","Tumor cells in mucosa and submucosa"
"ACCTCGGATGTACTTC-1","Non-neoplastic colon"
"ACCTCGTTAGGAAGTC-1","Tumor stroma in muscularis propria"
"ACCTGACGTCCAACAT-1","Non-neoplastic colon"
"ACCTGCACGCTCCATC-1","Necrosis"
"ACCTGCACTAACGTTA-1","Tumor cells in mucosa and submucosa"
"ACCTGCAGCGTTATGC-1","Tumor cells in mucosa and submucosa"
"ACCTGCAGGCGATTCA-1","Tumor stroma in mucosa and submucosa"
"ACCTGCATTCGAACGT-1","Tumor stroma in muscularis propria"
"ACCTGCCATAAGTCGT-1","Tumor cells in mucosa and submucosa"
"ACCTGCGAGTATCGCC-1","Tumor stroma at tumor invasive front/border"
"ACCTGCTTCTTATTGA-1","Tumor cells in mucosa and submucosa"
"ACCTGCTTGACTAGGC-1","Non-neoplastic colon"
"ACCTGGCAGCGTACTC-1","Tumor cells in mucosa and submucosa"
"ACCTGGCAGTTAGCGG-1","Tumor cells in mucosa and submucosa"
"ACCTGGCGCAATAGGC-1","Tumor cells in subserosa"
"ACCTGGTCACAGCCAA-1","Tumor stroma in mucosa and submucosa"
"ACCTGGTCACGCAACG-1","Non-neoplastic colon"
"ACCTGGTCTGCGCTGG-1","Tumor cells in muscularis propria"
"ACCTGTAACCAGTTGG-1","Other"
"ACCTGTCTCATTCTAC-1","Tumor stroma in muscularis propria"
"ACCTGTGAGTAAGATT-1","Tumor stroma in mucosa and submucosa"
"ACCTGTGAGTGACCGA-1","Non-neoplastic colon"
"ACCTGTGCAGCTAACC-1","Tumor cells in subserosa"
"ACCTGTTAACGTGCTT-1","Tumor stroma in subserosa"
"ACCTTAGGATTCCTCG-1","Tumor cells in mucosa and submucosa"
"ACCTTCAAGTCGCAGC-1","Tumor cells in muscularis propria"
"ACCTTCAGAAGGTGTC-1","Tumor stroma in mucosa and submucosa"
"ACCTTCAGGACTCATA-1","Non-neoplastic colon"
"ACCTTCCTGAGTGATC-1","Non-neoplastic colon"
"ACCTTCGTTAAGCTAC-1","Tumor cells in subserosa"
"ACCTTCTACGCCAGTG-1","Non-neoplastic colon"
"ACCTTCTAGTCAGCGA-1","Tumor cells in mucosa and submucosa"
"ACGAACAACTGACCAG-1","Non-neoplastic colon"
"ACGAACGCGTGGTCCA-1","Non-neoplastic colon"
"ACGAAGATTAATCGGT-1","Non-neoplastic colon"
"ACGAAGCCTTCAGGCG-1","Tumor stroma at tumor invasive front/border"
"ACGAAGCTACGAGTCG-1","Tumor cells in subserosa"
"ACGAAGTAGATCTGTT-1","Tumor cells in mucosa and submucosa"
"ACGAAGTAGGCATTAT-1","Tumor cells in mucosa and submucosa"
"ACGAAGTGAAGCACCT-1","Non-neoplastic colon"
"ACGAAGTGTAACTTCC-1","Non-neoplastic colon"
"ACGAAGTTGATTCCTA-1","Tumor cells in mucosa and submucosa"
"ACGACAATTAGCTCGC-1","Tumor cells in muscularis propria"
"ACGACAGACCTGCGGC-1","Tumor cells at tumor invasive front/border"
"ACGACCAATGCAGTGA-1","Necrosis"
"ACGACCGAACTGATTG-1","Tumor cells in muscularis propria"
"ACGACTATGAGTAGCA-1","Non-neoplastic colon"
"ACGACTCACGCTCGCT-1","Non-neoplastic colon"
"ACGACTCATACCTGTT-1","Tumor cells in muscularis propria"
"ACGACTCGCTACCTCA-1","Tumor stroma in mucosa and submucosa"
"ACGACTGTGCACTCCG-1","Tumor stroma in subserosa"
"ACGAGCGTATACTTAG-1","Tumor stroma in muscularis propria"
"ACGAGGACAACCGCTG-1","Tumor stroma in muscularis propria"
"ACGAGGCATCTTGGCG-1","Tumor cells in mucosa and submucosa"
"ACGAGGCTCGAAGTAG-1","Tumor stroma in muscularis propria"
"ACGAGGTGCCTGGTTG-1","Non-neoplastic colon"
"ACGAGGTGGAGGAATA-1","Tumor stroma in mucosa and submucosa"
"ACGAGTAACAAGTATG-1","Non-neoplastic colon"
"ACGAGTAACGCACCGA-1","Necrosis"
"ACGAGTCAACTAGCCA-1","Non-neoplastic colon"
"ACGAGTCAAGCCAGTG-1","Non-neoplastic colon"
"ACGAGTCAGGACGATT-1","Tumor cells in mucosa and submucosa"
"ACGAGTGCTGGTTCGA-1","Non-neoplastic colon"
"ACGAGTTACATACTCG-1","Tumor stroma in muscularis propria"
"ACGAGTTACGCTTACA-1","Non-neoplastic colon"
"ACGATAAGTTCCTATC-1","Tumor stroma in mucosa and submucosa"
"ACGATCGGAATGATAC-1","Tumor stroma at tumor invasive front/border"
"ACGATGACAGGCGAGC-1","Tumor stroma in muscularis propria"
"ACGATGCTCCTGGTAT-1","Tumor stroma in mucosa and submucosa"
"ACGATGTTGAGTATTC-1","Tumor cells in subserosa"
"ACGATGTTGGTGTAAG-1","Tumor cells in subserosa"
"ACGATTCCAGGCCTCC-1","Non-neoplastic colon"
"ACGCAACAGTGGCACT-1","Non-neoplastic colon"
"ACGCAACGCTGCCGGT-1","Non-neoplastic colon"
"ACGCAACGGATACAGG-1","Tumor cells in mucosa and submucosa"
"ACGCAACGTCAGTGGT-1","Other"
"ACGCAAGCAGCTCATC-1","Tumor stroma in muscularis propria"
"ACGCAAGCGGAGCCGA-1","Non-neoplastic colon"
"ACGCAAGCTACGAACC-1","Necrosis"
"ACGCAAGCTATCTGGA-1","Tumor cells in mucosa and submucosa"
"ACGCAATATTGACCTT-1","Necrosis"
"ACGCAATCCTTAGAAC-1","Tumor stroma in subserosa"
"ACGCAATCGCTACACT-1","Non-neoplastic colon"
"ACGCACTATCTGTCTG-1","Tumor cells in mucosa and submucosa"
"ACGCAGTCGCGTTAGG-1","Non-neoplastic colon"
"ACGCATAGAACCAAGA-1","Non-neoplastic colon"
"ACGCCACGAGTGGCTC-1","Non-neoplastic colon"
"ACGCCATGACTCAGTG-1","Non-neoplastic colon"
"ACGCCGCACTAGATCC-1","Tumor cells in muscularis propria"
"ACGCCGGATACCTTAC-1","Tumor cells in subserosa"
"ACGCCGGCGAATCTCC-1","Non-neoplastic colon"
"ACGCCGGTCGACCGAG-1","Tumor cells in mucosa and submucosa"
"ACGCCGTATTCCATTG-1","Tumor cells in muscularis propria"
"ACGCCTACTTGCGAAC-1","Tumor cells in muscularis propria"
"ACGCCTCATCGCAGGT-1","Non-neoplastic colon"
"ACGCGGAATGGACGCA-1","Tumor cells at tumor invasive front/border"
"ACGCGGCAAGTTCGCC-1","Non-neoplastic colon"
"ACGCGGCCGAGCTTAG-1","Tumor cells in mucosa and submucosa"
"ACGCGGCCTGGTGACG-1","Tumor cells in subserosa"
"ACGCGTACGCAGTGGT-1","Tumor cells in muscularis propria"
"ACGCGTCCGCCTAACA-1","Tumor stroma in subserosa"
"ACGCGTGACACTCCGG-1","Tumor cells in mucosa and submucosa"
"ACGCGTGCCGAGACCT-1","Non-neoplastic colon"
"ACGCGTTCTATGGCAT-1","Non-neoplastic colon"
"ACGCGTTCTTATGAAG-1","Tumor stroma in subserosa"
"ACGCGTTGAGAATCCT-1","Tumor cells in mucosa and submucosa"
"ACGCGTTGATTAAGGC-1","Tumor cells in mucosa and submucosa"
"ACGCTCACATGCAGCC-1","Tumor cells in mucosa and submucosa"
"ACGCTCAGGTCACGTC-1","Non-neoplastic colon"
"ACGCTCAGTTAACACG-1","Tumor stroma in muscularis propria"
"ACGCTCGGAACTCCTG-1","Tumor cells in mucosa and submucosa"
"ACGCTCGGAGGCGGTT-1","Tumor stroma in subserosa"
"ACGCTCTTGGACGAAT-1","Tumor stroma at tumor invasive front/border"
"ACGCTGCGATCATATG-1","Non-neoplastic colon"
"ACGCTGTCCTATGCCT-1","Tumor stroma in muscularis propria"
"ACGCTTCTATAGGCTG-1","Tumor stroma in mucosa and submucosa"
"ACGGAATAAGGTCATT-1","Tumor stroma in muscularis propria"
"ACGGAGAAGTAACCAC-1","Non-neoplastic colon"
"ACGGAGACGACATGAT-1","Non-neoplastic colon"
"ACGGATGAGGTGCGGT-1","Tumor cells in mucosa and submucosa"
"ACGGATGATCAACGCA-1","Tumor stroma in mucosa and submucosa"
"ACGGATGTTGGCAACA-1","Non-neoplastic colon"
"ACGGCAACAGCAAGTT-1","Tumor cells in mucosa and submucosa"
"ACGGCAGATGCACGTA-1","Tumor stroma in subserosa"
"ACGGCCATCTGCCTAA-1","Tumor stroma at tumor invasive front/border"
"ACGGCCATGATACCTG-1","Tumor cells in muscularis propria"
"ACGGCCGGCGAGAATA-1","Tumor cells in mucosa and submucosa"
"ACGGCCGTAGTGCCGG-1","Tumor stroma in muscularis propria"
"ACGGCCGTGCTCTTGC-1","Tumor stroma in mucosa and submucosa"
"ACGGCCGTTATGCGAT-1","Non-neoplastic colon"
"ACGGCCTGATTCCTCG-1","Tumor stroma at tumor invasive front/border"
"ACGGCCTGCAGGCAAC-1","Non-neoplastic colon"
"ACGGCTATCCGCTTGT-1","Tumor cells in mucosa and submucosa"
"ACGGCTATCCTCACAA-1","Tumor stroma in subserosa"
"ACGGCTCGCCTTGCTA-1","Tumor cells in muscularis propria"
"ACGGCTGCAATAACGA-1","Tumor stroma in mucosa and submucosa"
"ACGGCTGCCGAACTCG-1","LVI"
"ACGGCTGCTTCATAGC-1","Tumor stroma in mucosa and submucosa"
"ACGGCTGGTATGATGT-1","Tumor cells in mucosa and submucosa"
"ACGGCTTCCTCGGAGG-1","Tumor cells in mucosa and submucosa"
"ACGGTACTAATCTTCG-1","Non-neoplastic colon"
"ACGGTCCAATGGCATG-1","Non-neoplastic colon"
"ACGGTGATAAGCAACA-1","Non-neoplastic colon"
"ACGGTTACTGCTTGCG-1","Necrosis"
"ACGGTTACTGGCACGG-1","Tumor cells in mucosa and submucosa"
"ACGGTTCCAGCTGCTC-1","Tumor stroma in mucosa and submucosa"
"ACGGTTCGCATCCTAT-1","Non-neoplastic colon"
"ACGGTTGTGGATTGGT-1","Tumor cells in mucosa and submucosa"
"ACGTAGGATTGTACGA-1","Non-neoplastic colon"
"ACGTAGGCCAAGCGTG-1","Tumor stroma in mucosa and submucosa"
"ACGTATACTAGGCAAT-1","Tumor stroma in muscularis propria"
"ACGTATCAGCGACGGT-1","Tumor stroma in muscularis propria"
"ACGTATCCGTACAATG-1","Tumor stroma in muscularis propria"
"ACGTATGCATGGCCGG-1","Non-neoplastic colon"
"ACGTATGCGACGTGTA-1","Tumor cells in mucosa and submucosa"
"ACGTCACTGGACGAAG-1","Tumor cells in mucosa and submucosa"
"ACGTCAGAACTTAGTT-1","Tumor cells in mucosa and submucosa"
"ACGTCAGGTACCAGAT-1","Non-neoplastic colon"
"ACGTCATACAGCTTGA-1","Non-neoplastic colon"
"ACGTCATATCATGCAC-1","Tumor stroma in subserosa"
"ACGTCCGGAACATATT-1","Tumor stroma in mucosa and submucosa"
"ACGTCGCCACTCGACA-1","Tumor stroma at tumor invasive front/border"
"ACGTGCACCTGAATCG-1","Tumor cells in mucosa and submucosa"
"ACGTGCTCACAATACA-1","Tumor cells in subserosa"
"ACGTGCTCACGGAGAA-1","Tumor stroma in subserosa"
"ACGTGGTACAATTCGA-1","Tumor cells in subserosa"
"ACGTGGTCGCTACAGC-1","Tumor cells in muscularis propria"
"ACGTGGTTACTTGGTA-1","Tumor cells in mucosa and submucosa"
"ACGTGGTTCTCGGATA-1","Tumor cells in subserosa"
"ACGTTAATCATACTCA-1","Tumor cells at tumor invasive front/border"
"ACGTTAATCCACTCCA-1","Tumor cells in subserosa"
"ACGTTAATGAGTGCCA-1","Tumor cells in subserosa"
"ACGTTAATGTCTATTG-1","Non-neoplastic colon"
"ACGTTAATGTTATCCG-1","Other"
"ACGTTACAACGTTATC-1","Non-neoplastic colon"
"ACGTTACAACTCCACG-1","Tumor stroma in muscularis propria"
"ACGTTACACGCAAGAT-1","Non-neoplastic colon"
"ACGTTACAGTGCGAGG-1","Tumor cells in subserosa"
"ACGTTACCTCTTGAGC-1","Non-neoplastic colon"
"ACGTTACCTGCCGGAA-1","Non-neoplastic colon"
"ACGTTACGACGTATGA-1","Tumor cells in mucosa and submucosa"
"ACGTTACGATTCAATA-1","Tumor cells in mucosa and submucosa"
"ACGTTAGGCTGCTACG-1","Tumor stroma in muscularis propria"
"ACGTTAGGTTGGCGCT-1","Non-neoplastic colon"
"ACGTTATCGCACCTTG-1","Non-neoplastic colon"
"ACGTTATGACTATCAG-1","Tumor cells at tumor invasive front/border"
"ACGTTATGACTGAGCC-1","Non-neoplastic colon"
"ACGTTATGCGTCCGAG-1","Non-neoplastic colon"
"ACGTTATGGACTAAGG-1","Tumor cells at tumor invasive front/border"
"ACGTTCACTCTATGCC-1","Tumor cells in muscularis propria"
"ACGTTCAGAAGTAACC-1","Tumor cells in mucosa and submucosa"
"ACGTTCCACCGATTCG-1","Non-neoplastic colon"
"ACGTTCGGTTCCGTAC-1","Non-neoplastic colon"
"ACGTTCTGCCTGCCTG-1","Non-neoplastic colon"
"ACGTTCTTATTGCACT-1","Tumor cells in subserosa"
"ACGTTCTTGTACCAGA-1","Non-neoplastic colon"
"ACTAATAGGATGCCTG-1","Tumor stroma in subserosa"
"ACTAATAGGCGGAAGC-1","Tumor stroma in mucosa and submucosa"
"ACTAATCGAGCAACTG-1","Non-neoplastic colon"
"ACTAATCGCACTTGAA-1","Tumor stroma in mucosa and submucosa"
"ACTAATCTAGTAGAAC-1","Non-neoplastic colon"
"ACTAATCTGCGGTAAG-1","Non-neoplastic colon"
"ACTAATCTGGATCTAC-1","Necrosis"
"ACTAATTAGTGACAGG-1","Tumor cells in subserosa"
"ACTACACTTCAGACTC-1","Non-neoplastic colon"
"ACTACCGCGGACCTCC-1","Non-neoplastic colon"
"ACTACCGCTACCAGGA-1","Tumor cells in mucosa and submucosa"
"ACTACCGGTAGATGGT-1","Tumor stroma in subserosa"
"ACTACCTCAGGAAGCC-1","Non-neoplastic colon"
"ACTACGCTATTACACT-1","Non-neoplastic colon"
"ACTAGATCTACTCAGA-1","Non-neoplastic colon"
"ACTAGGAGACGGATCG-1","Tumor cells in mucosa and submucosa"
"ACTAGGTTCATACCTG-1","Tumor cells in mucosa and submucosa"
"ACTATGCCGATCCGTG-1","Tumor cells in mucosa and submucosa"
"ACTATGGACTAGTTGG-1","Non-neoplastic colon"
"ACTATTCCATTCACAA-1","Tumor stroma in mucosa and submucosa"
"ACTCAACCTCATTGCA-1","Tumor cells in mucosa and submucosa"
"ACTCAGCTCAGTTACA-1","Tumor cells in muscularis propria"
"ACTCAGGAACGCGGTT-1","Tumor stroma in mucosa and submucosa"
"ACTCAGGAACTTCTCA-1","Non-neoplastic colon"
"ACTCAGGCAGTGAGGA-1","Non-neoplastic colon"
"ACTCAGGCGGCCTTAT-1","Tumor cells in mucosa and submucosa"
"ACTCAGGCGTGGCATG-1","Tumor stroma in subserosa"
"ACTCAGGCTTCGTTCA-1","Non-neoplastic colon"
"ACTCAGGTTATTAATC-1","Tumor cells in mucosa and submucosa"
"ACTCAGTGAGGACTTA-1","Non-neoplastic colon"
"ACTCCAATGTGCATGA-1","Tumor cells in mucosa and submucosa"
"ACTCCACGCCAATGTT-1","Tumor stroma in mucosa and submucosa"
"ACTCCAGCTTCGATTG-1","Tumor cells in mucosa and submucosa"
"ACTCCAGGCACTCAAC-1","Tumor cells in mucosa and submucosa"
"ACTCCATAACCGTTAA-1","Non-neoplastic colon"
"ACTCCTAAGTCTCCTG-1","Tumor cells in mucosa and submucosa"
"ACTCCTACGATCGCCT-1","Tumor stroma in mucosa and submucosa"
"ACTCCTATCACCTCAC-1","Tumor cells in mucosa and submucosa"
"ACTCCTGACCTAATGC-1","Non-neoplastic colon"
"ACTCCTGCGAATCGAT-1","Tumor stroma in mucosa and submucosa"
"ACTCCTTACTGGACTT-1","Tumor stroma at tumor invasive front/border"
"ACTCCTTAGGAACGTG-1","Tumor stroma in muscularis propria"
"ACTCCTTGTCGCCTGA-1","Non-neoplastic colon"
"ACTCGAACCACGCTAC-1","Tumor stroma in mucosa and submucosa"
"ACTCGAACCTATAGAC-1","Tumor cells in muscularis propria"
"ACTCGAATGCAGTACC-1","Necrosis"
"ACTCGACGCACTTCCA-1","Non-neoplastic colon"
"ACTCGATATGAGTGGA-1","Tumor stroma in subserosa"
"ACTCGCGAAGGAGCTG-1","Tumor stroma in muscularis propria"
"ACTCGGTCTAATGCAA-1","Tumor cells in mucosa and submucosa"
"ACTCGTCAGATGACCT-1","Tumor cells in mucosa and submucosa"
"ACTCGTCAGCAATACG-1","Tumor stroma in subserosa"
"ACTCGTCCACGCGAAG-1","Non-neoplastic colon"
"ACTCGTCCACTCAGGC-1","Non-neoplastic colon"
"ACTCGTCCGACGAATG-1","Tumor stroma in mucosa and submucosa"
"ACTCGTCCGATAGTCA-1","Tumor stroma in mucosa and submucosa"
"ACTCGTCCTCGTTGAC-1","Tumor cells in muscularis propria"
"ACTCGTGGAATTCCGA-1","Non-neoplastic colon"
"ACTCGTGGCAGCGTCG-1","Tumor cells in muscularis propria"
"ACTCGTGGCATGCGCT-1","Tumor stroma in subserosa"
"ACTCGTGGTTGGACGG-1","Non-neoplastic colon"
"ACTCGTTCGCCAGATA-1","Necrosis"
"ACTCGTTCGCCGTGAG-1","Non-neoplastic colon"
"ACTCGTTGGCTTGACG-1","Tumor cells in muscularis propria"
"ACTCGTTGGTGCAGAC-1","Tumor stroma in mucosa and submucosa"
"ACTCTACCGTTGCTAG-1","Non-neoplastic colon"
"ACTCTACCTATCGTTG-1","Non-neoplastic colon"
"ACTCTAGACAGATAGA-1","Tumor cells in muscularis propria"
"ACTCTAGTCTGGCTAT-1","Non-neoplastic colon"
"ACTCTGAGTACGGATC-1","Tumor cells at tumor invasive front/border"
"ACTCTGGTACGAGCCG-1","Tumor stroma in mucosa and submucosa"
"ACTGAAGAACTTCATG-1","Non-neoplastic colon"
"ACTGACATCGGAACCT-1","Non-neoplastic colon"
"ACTGACATGCAACTCG-1","Non-neoplastic colon"
"ACTGACCTAGTTACTA-1","Non-neoplastic colon"
"ACTGACCTCACCAAGG-1","Tumor cells in muscularis propria"
"ACTGACCTTCCGCAAG-1","Tumor cells in mucosa and submucosa"
"ACTGACGGACTCTATT-1","Tumor stroma in subserosa"
"ACTGACGGCAGATCCG-1","Non-neoplastic colon"
"ACTGACGGCCTGTTGC-1","Tumor stroma in mucosa and submucosa"
"ACTGACGGCGTGGCTG-1","Tumor cells in mucosa and submucosa"
"ACTGACGTCCAGCCTA-1","Non-neoplastic colon"
"ACTGACTAAGCCACAA-1","Tumor stroma in subserosa"
"ACTGACTAGCTTGTAT-1","Tumor cells in mucosa and submucosa"
"ACTGACTAGTATGGCG-1","Tumor cells in mucosa and submucosa"
"ACTGACTCGATAAGGT-1","Non-neoplastic colon"
"ACTGACTCGTTGTCAC-1","Tumor stroma in muscularis propria"
"ACTGACTGAGCATCGC-1","Tumor cells in subserosa"
"ACTGACTGGAACGCTG-1","Non-neoplastic colon"
"ACTGACTTCTCATCTA-1","Tumor stroma in mucosa and submucosa"
"ACTGAGACTCTGCGTA-1","Non-neoplastic colon"
"ACTGAGACTGTCTTGA-1","Non-neoplastic colon"
"ACTGAGCGGCGAACCA-1","Tumor stroma in muscularis propria"
"ACTGAGGCTGAGGTCG-1","Tumor stroma in subserosa"
"ACTGAGTTAGTGCTTC-1","Non-neoplastic colon"
"ACTGATAATTGCTAAC-1","Tumor cells in mucosa and submucosa"
"ACTGATACTCAGTAGG-1","Necrosis"
"ACTGATAGCCAGGCGA-1","Tumor stroma in subserosa"
"ACTGATCCTTAAGGTA-1","Other"
"ACTGCAACGGTCGTGC-1","Tumor cells in mucosa and submucosa"
"ACTGCAACTTAATGGC-1","Non-neoplastic colon"
"ACTGCAAGACGAGGCT-1","Tumor stroma in subserosa"
"ACTGCACCATTGATCC-1","PNI"
"ACTGCACGGAGGCGTC-1","Tumor cells in mucosa and submucosa"
"ACTGCATAGAACGCGT-1","Tumor cells in mucosa and submucosa"
"ACTGCCTCGCCGGCGA-1","Necrosis"
"ACTGCGCAATCCTTCA-1","Tumor stroma in subserosa"
"ACTGCTCGTGCTCAGC-1","Tumor cells in mucosa and submucosa"
"ACTGGACCAAGTCGCA-1","Tumor stroma in mucosa and submucosa"
"ACTGGTAGACGCAGAT-1","Tumor cells in mucosa and submucosa"
"ACTGGTAGTCTTATTC-1","Tumor stroma in mucosa and submucosa"
"ACTGGTCTATAGCCTT-1","Non-neoplastic colon"
"ACTGGTCTCCTTCTCG-1","Tumor stroma at tumor invasive front/border"
"ACTGGTCTGGAGTCGG-1","Tumor cells in mucosa and submucosa"
"ACTGGTGAGGACCTAT-1","Necrosis"
"ACTGTAATAGTGTCAG-1","Necrosis"
"ACTGTAATTACCTTGT-1","Tumor stroma at tumor invasive front/border"
"ACTGTAGATCGACTCA-1","Tumor stroma in muscularis propria"
"ACTGTAGCAGGACATA-1","Non-neoplastic colon"
"ACTGTAGCCTCGTGAA-1","Necrosis"
"ACTGTAGGTACGAGGT-1","Tumor cells in muscularis propria"
"ACTGTAGGTTGATAAC-1","PNI"
"ACTGTATCAATCGACC-1","Tumor stroma in subserosa"
"ACTGTATGGTGCAATG-1","Tumor stroma in mucosa and submucosa"
"ACTGTCGCTAGTTACG-1","Non-neoplastic colon"
"ACTGTCGTTAGACGGA-1","Tumor cells in mucosa and submucosa"
"ACTTACAACCTATTAC-1","Tumor stroma in subserosa"
"ACTTACAATTCCTCAT-1","Tumor cells in subserosa"
"ACTTACGCCGATCCGC-1","Non-neoplastic colon"
"ACTTACGCGAATGAAG-1","Non-neoplastic colon"
"ACTTACGCTAGCGACA-1","Tumor stroma in mucosa and submucosa"
"ACTTACGTGGAAGGAT-1","Non-neoplastic colon"
"ACTTCAAGATTACGTA-1","Tumor stroma in muscularis propria"
"ACTTCAAGTCCTTATT-1","Non-neoplastic colon"
"ACTTCACGCCAGGCAT-1","Non-neoplastic colon"
"ACTTCCGCCTAGGATG-1","Non-neoplastic colon"
"ACTTCCTGGCGGCTGT-1","Tumor cells in mucosa and submucosa"
"ACTTGACAATAGAACC-1","Tumor cells in mucosa and submucosa"
"ACTTGACGTGATCTAT-1","Tumor stroma in subserosa"
"ACTTGAGCGACATCCG-1","Tumor cells in mucosa and submucosa"
"ACTTGATAACCGACTC-1","Tumor cells in mucosa and submucosa"
"ACTTGATAGTCTCGCA-1","Tumor cells in mucosa and submucosa"
"ACTTGATCCTGGCGCT-1","Tumor stroma in mucosa and submucosa"
"ACTTGATTAACTCCTA-1","Non-neoplastic colon"
"ACTTGATTCAATCTCC-1","Non-neoplastic colon"
"ACTTGGACCGTCGATC-1","Tumor cells in muscularis propria"
"ACTTGGTGGATCGAGT-1","Non-neoplastic colon"
"ACTTGTAACAGATTGC-1","Tumor cells in mucosa and submucosa"
"ACTTGTCCATTGTTCG-1","Non-neoplastic colon"
"ACTTGTCGCACTGGCC-1","Non-neoplastic colon"
"ACTTGTCGTGTCTGGC-1","Tumor stroma in muscularis propria"
"ACTTGTGAGGATCATG-1","Tumor cells in mucosa and submucosa"
"AGAACAAGAATTGAGG-1","Tumor cells in mucosa and submucosa"
"AGAACAGCTGCGTGAC-1","Tumor cells in muscularis propria"
"AGAACAGGAGGCTCTT-1","Tumor stroma in mucosa and submucosa"
"AGAACATACAACAGAT-1","Tumor stroma in subserosa"
"AGAACATACTTAACTA-1","Tumor stroma in muscularis propria"
"AGAACATAGATATTAG-1","Non-neoplastic colon"
"AGAACCAGCATAATAG-1","Non-neoplastic colon"
"AGAACCGATCAGGTCG-1","Tumor cells in muscularis propria"
"AGAACCGGCGGTTACC-1","Non-neoplastic colon"
"AGAACCGGTGACGATC-1","Non-neoplastic colon"
"AGAACCTTCATCTAGA-1","Tumor stroma in subserosa"
"AGAACTAGTAGGCCGG-1","Tumor cells in mucosa and submucosa"
"AGAAGCAAGAACGTGG-1","Tumor cells in mucosa and submucosa"
"AGAAGCAGCGACCTCC-1","Tumor stroma at tumor invasive front/border"
"AGAAGCAGTCACCATA-1","Non-neoplastic colon"
"AGAAGCCAATAGTGGC-1","Tumor stroma in subserosa"
"AGAAGCTAATACGACA-1","Tumor cells in subserosa"
"AGAAGGATAGCAGGCT-1","Tumor stroma at tumor invasive front/border"
"AGAAGGCACTTGCATA-1","Tumor stroma in mucosa and submucosa"
"AGAAGGCATTCCTCCG-1","Tumor cells in mucosa and submucosa"
"AGAAGGCGGTGCCGCT-1","Non-neoplastic colon"
"AGAAGGTAATAGATGT-1","Non-neoplastic colon"
"AGAAGGTCGACCGGCA-1","Tumor cells in muscularis propria"
"AGAATAACAGTTGACA-1","Tumor stroma in subserosa"
"AGAATAACTTAGCCTG-1","Tumor cells in subserosa"
"AGAATCTGGTTCCATC-1","Tumor cells in mucosa and submucosa"
"AGAATCTTCAGTGGCG-1","Tumor cells in muscularis propria"
"AGAATTACAGCTGTTC-1","Non-neoplastic colon"
"AGACAACGACAATGTC-1","Non-neoplastic colon"
"AGACAACGACTAGTAA-1","Tumor stroma in mucosa and submucosa"
"AGACAAGAATGCCATC-1","Tumor cells in subserosa"
"AGACAAGGAATTCACC-1","Other"
"AGACAGGCTTCGAGTG-1","Tumor cells in mucosa and submucosa"
"AGACATTACCGAGTAG-1","Tumor cells in mucosa and submucosa"
"AGACCACTGCATTGTT-1","Tumor cells in mucosa and submucosa"
"AGACCGACAAGGCGTA-1","Tumor cells in mucosa and submucosa"
"AGACCGAGAACAATGA-1","Non-neoplastic colon"
"AGACCGAGCTGTATGG-1","Tumor stroma in muscularis propria"
"AGACCGATAGCCGCAT-1","Tumor cells in muscularis propria"
"AGACCGCAAGGAGCGT-1","Tumor cells in subserosa"
"AGACCGGACTTCTGAG-1","Non-neoplastic colon"
"AGACCGGTTCACCTAA-1","Tumor stroma in mucosa and submucosa"
"AGACCGTATCCATAAC-1","Tumor stroma in muscularis propria"
"AGACCGTCATGCTGTC-1","Non-neoplastic colon"
"AGACCGTGCGTTACCG-1","Non-neoplastic colon"
"AGACCTATGTACATCG-1","Non-neoplastic colon"
"AGACCTCAGGTCGAGG-1","Non-neoplastic colon"
"AGACCTCATCTGGTTC-1","Tumor cells in mucosa and submucosa"
"AGACCTCCAGCACTAA-1","Tumor stroma in mucosa and submucosa"
"AGACCTCCGCGGAGAT-1","Non-neoplastic colon"
"AGACCTCCTTAAGCAA-1","Tumor cells in muscularis propria"
"AGACCTGCTAATACGC-1","Tumor stroma in subserosa"
"AGACCTGGTAGCGTGA-1","Tumor stroma in subserosa"
"AGACCTTCTGCGTTGC-1","Tumor stroma at tumor invasive front/border"
"AGACCTTGTTCACGGA-1","Non-neoplastic colon"
"AGACGACATGGTATCT-1","Tumor cells in mucosa and submucosa"
"AGACGCTCACGACAGA-1","Tumor cells in mucosa and submucosa"
"AGACGGCTCCTTACTT-1","Tumor cells in mucosa and submucosa"
"AGACTACCAGCAACGT-1","Non-neoplastic colon"
"AGACTAGAGTTCGTGC-1","Tumor stroma in subserosa"
"AGACTAGGCACTGTAT-1","Non-neoplastic colon"
"AGACTCACCGGCATCC-1","Tumor cells in mucosa and submucosa"
"AGACTCACTATTCTCC-1","Tumor cells in mucosa and submucosa"
"AGACTCCAATCGAGAT-1","Non-neoplastic colon"
"AGACTCCACGGTAGTG-1","PNI"
"AGACTCCAGAGGCCGG-1","Tumor cells in subserosa"
"AGACTCCAGCTGTCCT-1","Tumor cells in mucosa and submucosa"
"AGACTCCATCCACCTT-1","Tumor cells in mucosa and submucosa"
"AGACTCCGGCCGCTAT-1","Non-neoplastic colon"
"AGACTCCGTGATCGGA-1","Tumor cells in subserosa"
"AGACTCCGTGCTGTCG-1","Non-neoplastic colon"
"AGACTCCTATCCTATC-1","Tumor stroma in mucosa and submucosa"
"AGACTCCTCGCTTAGG-1","Non-neoplastic colon"
"AGACTCCTGCCGTGTA-1","Non-neoplastic colon"
"AGACTCGCAATGACCA-1","Tumor cells in mucosa and submucosa"
"AGACTCGCACCTAATG-1","Tumor stroma in muscularis propria"
"AGACTCTACGTCTTGC-1","Tumor cells in muscularis propria"
"AGACTCTATGAGGTTA-1","Tumor stroma in subserosa"
"AGACTGCGAGATCTAG-1","Non-neoplastic colon"
"AGACTGCGCCACGGCT-1","Tumor cells in mucosa and submucosa"
"AGACTGTAGCTACTCC-1","Tumor cells in muscularis propria"
"AGACTGTCTGAGCGTG-1","Tumor cells in muscularis propria"
"AGACTGTTGGTCAATT-1","Tumor cells in mucosa and submucosa"
"AGACTTAATCCTCGCT-1","Non-neoplastic colon"
"AGACTTCCTAGTAATG-1","Tumor stroma in mucosa and submucosa"
"AGATAACACGGTATAA-1","Tumor cells in mucosa and submucosa"
"AGATAACTCAACTGGT-1","Tumor stroma in mucosa and submucosa"
"AGATAACTCAGACTTC-1","Non-neoplastic colon"
"AGATAACTTACGGAGC-1","Tumor stroma in subserosa"
"AGATAAGGCCGCATTC-1","Tumor cells in mucosa and submucosa"
"AGATAAGTCCTTGAAT-1","Non-neoplastic colon"
"AGATAAGTGAGTGGTA-1","Tumor stroma in subserosa"
"AGATAATCACCATATG-1","Non-neoplastic colon"
"AGATAATCCGTTCGGT-1","Other"
"AGATAATGCGAGGTCC-1","Non-neoplastic colon"
"AGATACAAGGTAACCT-1","Tumor cells in mucosa and submucosa"
"AGATACAATGTCTACC-1","Non-neoplastic colon"
"AGATACGCCATATGAT-1","Non-neoplastic colon"
"AGATACGCGGCCATGC-1","Tumor cells in mucosa and submucosa"
"AGATACGCTTAATTAA-1","Non-neoplastic colon"
"AGATACGGTGGCCAGG-1","Non-neoplastic colon"
"AGATACTCAGAACTAT-1","Non-neoplastic colon"
"AGATAGATAACGATAC-1","Tumor cells in mucosa and submucosa"
"AGATAGCGAGCTTCTA-1","Other"
"AGATAGGTCTTAGGTC-1","Tumor cells in mucosa and submucosa"
"AGATCAAGGATGAGAT-1","Tumor stroma in muscularis propria"
"AGATCAGCCAGGACCA-1","Tumor stroma in muscularis propria"
"AGATCCTGCTTGGCTA-1","Non-neoplastic colon"
"AGATCGGACAATTCTA-1","Tumor cells in mucosa and submucosa"
"AGATCGGATTGGTTCG-1","Non-neoplastic colon"
"AGATCTAAGATCTATC-1","Non-neoplastic colon"
"AGATCTACATTCGTTC-1","Tumor stroma in mucosa and submucosa"
"AGATCTATAAGGCTTC-1","Non-neoplastic colon"
"AGATCTCCACCGGTCC-1","Tumor stroma in subserosa"
"AGATCTCCTTACTATC-1","Non-neoplastic colon"
"AGATCTCCTTATCCGG-1","Tumor cells in subserosa"
"AGATCTCGAAGCGTTG-1","Necrosis"
"AGATCTGCGATCACCT-1","Tumor cells in muscularis propria"
"AGATCTGCTCAATAGG-1","Non-neoplastic colon"
"AGATCTTAATAGTCAG-1","Tumor cells in mucosa and submucosa"
"AGATGAACAGTATTGC-1","Tumor cells in mucosa and submucosa"
"AGATGACATATGCCTA-1","Tumor cells at tumor invasive front/border"
"AGATGACATCAGGACA-1","Tumor stroma in mucosa and submucosa"
"AGATGAGGCTACGGCG-1","Tumor cells in mucosa and submucosa"
"AGATGAGGTCGTGATA-1","Tumor cells in mucosa and submucosa"
"AGATGAGGTGCGAGCT-1","Non-neoplastic colon"
"AGATGATTGATGACTC-1","Non-neoplastic colon"
"AGATGCAACACGATGC-1","Tumor stroma in muscularis propria"
"AGATGCCATCTTGATG-1","Non-neoplastic colon"
"AGATGCGAATTCGCCT-1","Tumor stroma in mucosa and submucosa"
"AGATGCGTTAGTCTTA-1","Tumor stroma in subserosa"
"AGATGGCGTAACCAGA-1","Non-neoplastic colon"
"AGATGGTCTGGTCTGC-1","Tumor cells at tumor invasive front/border"
"AGATGGTGCTTAATTA-1","Non-neoplastic colon"
"AGATGGTGTCTAGTCT-1","Non-neoplastic colon"
"AGATGTACCGATTGGT-1","Tumor stroma in subserosa"
"AGATGTAGATCGAACT-1","Tumor cells in mucosa and submucosa"
"AGATGTGAAGACAACG-1","Necrosis"
"AGATGTGACCTGCTAA-1","Tumor stroma in muscularis propria"
"AGATGTGATGGTAGTC-1","Non-neoplastic colon"
"AGATGTGCTCCTGGAC-1","Non-neoplastic colon"
"AGATTACATTCACTAC-1","Non-neoplastic colon"
"AGATTCTTCATACATC-1","Tumor cells in subserosa"
"AGATTGGCAAGCAACT-1","Tumor cells in mucosa and submucosa"
"AGATTGGCATTCACGC-1","Tumor cells in mucosa and submucosa"
"AGCAACGGACGTTGCA-1","Tumor cells in subserosa"
"AGCAACGTTCGCTACC-1","Tumor stroma in mucosa and submucosa"
"AGCAAGAATCATCCTA-1","Tumor stroma in subserosa"
"AGCAAGGTCGTGTTCG-1","Non-neoplastic colon"
"AGCAAGGTTGGTATCT-1","Tumor stroma in muscularis propria"
"AGCAATACAGCACGCT-1","Tumor cells in mucosa and submucosa"
"AGCACCAACTGCAAGA-1","Non-neoplastic colon"
"AGCACGCCTTACCTGA-1","Tumor cells in muscularis propria"
"AGCACGCTGCAGCCAT-1","Tumor cells in subserosa"
"AGCACGGATTGACAGC-1","Tumor stroma in mucosa and submucosa"
"AGCACGTGAGTGCCAG-1","Tumor stroma in muscularis propria"
"AGCACGTGGTATGAAC-1","Non-neoplastic colon"
"AGCACTAAGATTCTCG-1","Tumor cells in mucosa and submucosa"
"AGCACTGAAGGTAGCA-1","Non-neoplastic colon"
"AGCACTTCAACCACTA-1","Tumor cells in mucosa and submucosa"
"AGCACTTCCTGAGGAC-1","Tumor cells in mucosa and submucosa"
"AGCAGACTGCAGTCCG-1","Tumor cells in muscularis propria"
"AGCAGGAGGCGATCGA-1","Tumor stroma in subserosa"
"AGCAGGAGTGACCAGT-1","Necrosis"
"AGCAGGCATCGTTGCT-1","Non-neoplastic colon"
"AGCAGGCCAATTCTCA-1","Non-neoplastic colon"
"AGCAGGCCGTCAGTAC-1","Tumor stroma in muscularis propria"
"AGCAGGCCTGTCGATG-1","Non-neoplastic colon"
"AGCAGGCGTCGCAATA-1","Tumor cells in mucosa and submucosa"
"AGCAGGTATCCGCAAT-1","Tumor cells in muscularis propria"
"AGCAGGTGTATGGTTA-1","Non-neoplastic colon"
"AGCAGGTGTTGGACAA-1","Non-neoplastic colon"
"AGCATACACTCGTCGG-1","Non-neoplastic colon"
"AGCATCACGGCTAAGG-1","Tumor cells in mucosa and submucosa"
"AGCATGAGATCTCGCC-1","Tumor cells in mucosa and submucosa"
"AGCATGAGATGTGATT-1","Tumor cells in mucosa and submucosa"
"AGCATTGTCGAATAGA-1","Tumor stroma in subserosa"
"AGCCACAGAACTCACG-1","Tumor stroma in mucosa and submucosa"
"AGCCACTGCTTAGATT-1","Tumor cells at tumor invasive front/border"
"AGCCAGACGTTAGCCT-1","Non-neoplastic colon"
"AGCCAGATCTAATTAT-1","Non-neoplastic colon"
"AGCCAGCGACCAAGTT-1","Tumor cells in muscularis propria"
"AGCCAGGATGACAATT-1","Non-neoplastic colon"
"AGCCAGTAGACAACCT-1","Non-neoplastic colon"
"AGCCAGTCACTCTGCC-1","Tumor stroma in subserosa"
"AGCCAGTCGATGCTAG-1","Non-neoplastic colon"
"AGCCAGTTCTGCCGGC-1","Tumor cells in mucosa and submucosa"
"AGCCATAACTTAATGG-1","Non-neoplastic colon"
"AGCCATACGCACTAGC-1","Tumor stroma in muscularis propria"
"AGCCATACGGATGCGT-1","Tumor cells in subserosa"
"AGCCATACTATCCGCC-1","Non-neoplastic colon"
"AGCCATCCGATGCATC-1","Tumor stroma in mucosa and submucosa"
"AGCCATCTACCGTCTA-1","Non-neoplastic colon"
"AGCCATCTTGCAGCGG-1","Tumor cells in mucosa and submucosa"
"AGCCATGTCGCATGGT-1","Tumor stroma in subserosa"
"AGCCATGTTAATTATC-1","Non-neoplastic colon"
"AGCCATTCCAACAGTT-1","Tumor cells in mucosa and submucosa"
"AGCCGAATGACCTCGT-1","Non-neoplastic colon"
"AGCCGATGAGTGGTGC-1","Non-neoplastic colon"
"AGCCGCTCAAGTCTTG-1","Non-neoplastic colon"
"AGCCGCTTGATCAACT-1","Tumor cells in mucosa and submucosa"
"AGCCGGCTGACTGATG-1","Non-neoplastic colon"
"AGCCGGTAGCCTACAA-1","Tumor stroma in muscularis propria"
"AGCCGTAATGTAGATT-1","Tumor stroma in muscularis propria"
"AGCCGTACATAAGCGA-1","Tumor cells in mucosa and submucosa"
"AGCCGTACCATTCGAT-1","Non-neoplastic colon"
"AGCCGTACTCGGTGTC-1","Non-neoplastic colon"
"AGCCGTATAACAGCTT-1","Tumor cells in subserosa"
"AGCCGTATAATTGTGC-1","Non-neoplastic colon"
"AGCCGTATCCTCCGTG-1","Tumor cells at tumor invasive front/border"
"AGCCGTGAGTTATCGG-1","Non-neoplastic colon"
"AGCCGTGATGTCATAG-1","Tumor stroma in subserosa"
"AGCCTCAATAGCGTGG-1","Tumor stroma in mucosa and submucosa"
"AGCCTCAGGAAGCATG-1","Non-neoplastic colon"
"AGCCTCAGTATGGACC-1","Non-neoplastic colon"
"AGCCTCCAAGGCCTGT-1","Tumor stroma in mucosa and submucosa"
"AGCCTCCAGGTGACTG-1","Non-neoplastic colon"
"AGCCTCCATGAGGACT-1","Non-neoplastic colon"
"AGCCTCCGCACCATGG-1","Tumor stroma in muscularis propria"
"AGCCTCGAATCCGTCC-1","Tumor stroma in subserosa"
"AGCCTCGAGCATACCT-1","Tumor stroma in subserosa"
"AGCCTCGCTAGCTGCC-1","Non-neoplastic colon"
"AGCCTCGCTGTACACC-1","Non-neoplastic colon"
"AGCCTCGGTAATCCAA-1","Non-neoplastic colon"
"AGCCTCGTCCTATGTC-1","Tumor stroma in subserosa"
"AGCCTCTAACAGTTCA-1","Tumor stroma in subserosa"
"AGCCTCTGCAGACGTG-1","Non-neoplastic colon"
"AGCCTCTGGCATCTCG-1","Tumor cells in mucosa and submucosa"
"AGCGAACGTCTGAAGT-1","Tumor cells in mucosa and submucosa"
"AGCGAAGATACGGCGA-1","Tumor stroma in muscularis propria"
"AGCGACAACCAGCGGA-1","Non-neoplastic colon"
"AGCGACAGAATGAGCC-1","Tumor stroma in muscularis propria"
"AGCGACAGGAGTCAAT-1","Tumor cells in mucosa and submucosa"
"AGCGACATCCGCAGAC-1","Tumor stroma in mucosa and submucosa"
"AGCGACATCTGGTTCC-1","Tumor cells in mucosa and submucosa"
"AGCGACATGGTGATCG-1","Non-neoplastic colon"
"AGCGACCGTGTAACCG-1","Non-neoplastic colon"
"AGCGACGCAAGCTGAT-1","Tumor stroma in muscularis propria"
"AGCGACGCAGCGTCGC-1","Tumor cells in mucosa and submucosa"
"AGCGACGCCTATAGAA-1","Non-neoplastic colon"
"AGCGACGCTATTAATC-1","Tumor stroma in muscularis propria"
"AGCGACGGTACCTCAC-1","Tumor cells in mucosa and submucosa"
"AGCGACGGTATCGTGA-1","Non-neoplastic colon"
"AGCGACTGCCAACCGT-1","Non-neoplastic colon"
"AGCGACTGTTCACTCG-1","Non-neoplastic colon"
"AGCGAGCCTGTCACTC-1","Tumor cells in subserosa"
"AGCGAGTTACGTACCT-1","Necrosis"
"AGCGAGTTACTAGCTG-1","Non-neoplastic colon"
"AGCGCTACTTCCGCTG-1","Tumor cells in mucosa and submucosa"
"AGCGCTAGCATCGAAT-1","Tumor stroma in mucosa and submucosa"
"AGCGCTTACCGTGCTG-1","Non-neoplastic colon"
"AGCGCTTGCGTGAAGG-1","Non-neoplastic colon"
"AGCGGAAGTTCGATTA-1","Non-neoplastic colon"
"AGCGGAATTCAGTACA-1","Non-neoplastic colon"
"AGCGGAGTGGCCGTCC-1","Tumor cells in muscularis propria"
"AGCGGATCAACGCCAC-1","Non-neoplastic colon"
"AGCGGATGTCGCGGAT-1","Tumor cells at tumor invasive front/border"
"AGCGGCCTACAATGAC-1","Non-neoplastic colon"
"AGCGGTACCAGGAACG-1","Tumor stroma in subserosa"
"AGCGGTCCTCTTCACT-1","Non-neoplastic colon"
"AGCGGTCTCACGACTC-1","Non-neoplastic colon"
"AGCGGTCTGCCGGTGC-1","Tumor cells in mucosa and submucosa"
"AGCGGTCTTGCCTGCA-1","Tumor stroma in muscularis propria"
"AGCGGTGACACGTAAT-1","Non-neoplastic colon"
"AGCGGTGCTGGTAATA-1","Tumor stroma at tumor invasive front/border"
"AGCGGTGGAGTTGGCC-1","Tumor stroma in muscularis propria"
"AGCGGTTACGTACTCC-1","Tumor cells in mucosa and submucosa"
"AGCGGTTAGTTCGCAT-1","Necrosis"
"AGCGGTTCGCTCGGCA-1","Tumor cells in subserosa"
"AGCGTGATGCGATGCA-1","Non-neoplastic colon"
"AGCGTGATTCACCTGA-1","Non-neoplastic colon"
"AGCGTGCGACCTAGAC-1","Tumor cells in mucosa and submucosa"
"AGCGTGCGATTAGAGT-1","Tumor stroma at tumor invasive front/border"
"AGCGTGCGTAACGCCT-1","Tumor cells in subserosa"
"AGCGTGGACACCTCGT-1","Non-neoplastic colon"
"AGCGTGGAGGCGTGAT-1","Non-neoplastic colon"
"AGCGTGGATAGTATGT-1","Tumor stroma in subserosa"
"AGCGTGGCGACTCACG-1","Tumor stroma in mucosa and submucosa"
"AGCGTGGTCCGCAATA-1","Other"
"AGCGTGTAACCGTATT-1","Non-neoplastic colon"
"AGCGTGTACAGTAACG-1","Tumor stroma in mucosa and submucosa"
"AGCGTGTATTAATCCT-1","Tumor stroma in subserosa"
"AGCGTGTCAAGCGTAA-1","Tumor cells in mucosa and submucosa"
"AGCGTGTCAATGCGGC-1","Non-neoplastic colon"
"AGCGTTACGATCCATT-1","Tumor cells at tumor invasive front/border"
"AGCGTTCTAACCTTCC-1","Non-neoplastic colon"
"AGCGTTCTGGTGGCAT-1","Non-neoplastic colon"
"AGCTACCAGCTACCGC-1","Tumor cells in mucosa and submucosa"
"AGCTACCTGTGGCGTT-1","Tumor cells in muscularis propria"
"AGCTACGTTAATGCAG-1","Tumor stroma at tumor invasive front/border"
"AGCTACGTTCACGGTT-1","Tumor stroma in muscularis propria"
"AGCTAGCAATACAGCG-1","Non-neoplastic colon"
"AGCTAGCGGCCTGGTA-1","Necrosis"
"AGCTATACATGTTCGT-1","Tumor cells in mucosa and submucosa"
"AGCTATAGTGACAGTA-1","Non-neoplastic colon"
"AGCTATGCGGAACATA-1","Tumor cells in mucosa and submucosa"
"AGCTCAAGGCATCGAG-1","Non-neoplastic colon"
"AGCTCAATCTATACTC-1","Non-neoplastic colon"
"AGCTCACTTAGACGAT-1","Tumor cells in mucosa and submucosa"
"AGCTCAGAATCAAGTC-1","Tumor cells in muscularis propria"
"AGCTCAGACACTGGTA-1","Non-neoplastic colon"
"AGCTCAGAGTCGGACA-1","Tumor cells in subserosa"
"AGCTCAGATACAATGA-1","Tumor stroma in subserosa"
"AGCTCAGATGAATCAT-1","Tumor cells in subserosa"
"AGCTCAGCAACATCAC-1","Tumor cells in subserosa"
"AGCTCAGCGAGTGATT-1","Tumor cells in mucosa and submucosa"
"AGCTCAGGTGCGCTTC-1","Tumor cells in mucosa and submucosa"
"AGCTCATAGAGCTCGT-1","Non-neoplastic colon"
"AGCTCATCCTGCCTAC-1","Tumor cells in subserosa"
"AGCTCATTGGTTAAGT-1","Tumor cells in muscularis propria"
"AGCTCCGTTCGTCAGG-1","Non-neoplastic colon"
"AGCTCGATGGCATCCA-1","Non-neoplastic colon"
"AGCTGCCGAACGTCTA-1","Tumor stroma in muscularis propria"
"AGCTGTACATGCCGAG-1","Non-neoplastic colon"
"AGCTGTACATTACCTT-1","Tumor cells in muscularis propria"
"AGCTGTACGGAAGCAC-1","Non-neoplastic colon"
"AGCTGTACGGCGTTCG-1","Non-neoplastic colon"
"AGCTGTCAGTCGTTGA-1","Tumor stroma in muscularis propria"
"AGCTGTCATGTATGGT-1","Non-neoplastic colon"
"AGCTGTCGGCCATCAG-1","Non-neoplastic colon"
"AGCTGTCGTAGTGGTA-1","Non-neoplastic colon"
"AGCTGTCGTTATCCTC-1","Tumor stroma in subserosa"
"AGCTGTCTACTTCCAG-1","Non-neoplastic colon"
"AGCTGTCTGTGGAACG-1","Other"
"AGCTGTGCAATTGAAC-1","Tumor cells in mucosa and submucosa"
"AGCTGTGCAGTGACAT-1","Tumor cells in subserosa"
"AGCTGTGCGACAGACG-1","Tumor cells in subserosa"
"AGCTGTTGCCGTCGTG-1","Other"
"AGCTTCAGATCCATTC-1","Non-neoplastic colon"
"AGCTTCCTTCCAGTAC-1","Tumor cells in subserosa"
"AGCTTCTGCCGGTCAA-1","Non-neoplastic colon"
"AGCTTGGTATCAATGC-1","Non-neoplastic colon"
"AGGAACGCCACGCCTA-1","Tumor cells in muscularis propria"
"AGGAACGCCGCAGGAA-1","Tumor cells in subserosa"
"AGGAATCACCTTGGCA-1","Tumor stroma in subserosa"
"AGGAATCCGATGGTAT-1","Non-neoplastic colon"
"AGGAATCCTACCAGCA-1","Tumor stroma in mucosa and submucosa"
"AGGAATCCTTCGGAGC-1","Tumor cells in subserosa"
"AGGAATCGTGAACCAT-1","Necrosis"
"AGGAATCGTTCGTTCG-1","Tumor stroma in mucosa and submucosa"
"AGGAATGGTAGACGCA-1","Non-neoplastic colon"
"AGGAATTAAGCTCGAT-1","Tumor stroma in subserosa"
"AGGAATTCACCTGCGT-1","Tumor cells in mucosa and submucosa"
"AGGACACTGTGGAAGA-1","Tumor cells in muscularis propria"
"AGGACCAACCACGATA-1","Tumor cells in mucosa and submucosa"
"AGGACCAAGCCTATCA-1","Non-neoplastic colon"
"AGGACCAAGGATCGGT-1","Non-neoplastic colon"
"AGGACCAAGTGACAGG-1","Non-neoplastic colon"
"AGGACCAGCGAACGCA-1","Tumor cells in muscularis propria"
"AGGACCAGGTAATCGC-1","Tumor cells in mucosa and submucosa"
"AGGACCGCAACATAAG-1","Tumor stroma in subserosa"
"AGGACCGCGGTGGCGA-1","Tumor cells in mucosa and submucosa"
"AGGACCGTCAACTTGG-1","Tumor stroma in muscularis propria"
"AGGACCGTGGACAGTG-1","Non-neoplastic colon"
"AGGACCGTTCGCTGGT-1","Non-neoplastic colon"
"AGGACCTACGCATATC-1","Non-neoplastic colon"
"AGGACGAATTCGATGT-1","Tumor cells in mucosa and submucosa"
"AGGACGCACGAAGTTA-1","Non-neoplastic colon"
"AGGACGCACGTTAACT-1","Tumor stroma in muscularis propria"
"AGGACGCACTTCATGC-1","Tumor stroma in muscularis propria"
"AGGACGGCGATAGGAG-1","Tumor stroma in mucosa and submucosa"
"AGGACGGCGTTGTAAC-1","Tumor cells in mucosa and submucosa"
"AGGACGGCTCCTTGGA-1","Tumor cells in mucosa and submucosa"
"AGGACGTAACGTGCTC-1","Tumor cells in muscularis propria"
"AGGACGTACAGTCTAC-1","Tumor cells in mucosa and submucosa"
"AGGACGTACCATCGCT-1","Non-neoplastic colon"
"AGGACGTAGGACCTCG-1","Tumor cells in muscularis propria"
"AGGACGTCGAACCAGC-1","Tumor stroma in mucosa and submucosa"
"AGGACGTCTTCGTGAG-1","Non-neoplastic colon"
"AGGACTAGCGTTGGTG-1","Tumor cells in mucosa and submucosa"
"AGGACTAGGAATGTTA-1","Non-neoplastic colon"
"AGGACTAGGCGACGTC-1","Tumor cells at tumor invasive front/border"
"AGGACTCAGACACTTA-1","Non-neoplastic colon"
"AGGACTGATGGCTTGA-1","Tumor cells in mucosa and submucosa"
"AGGACTGGACAATCAG-1","Tumor cells in mucosa and submucosa"
"AGGACTGGATTAGAGG-1","Non-neoplastic colon"
"AGGACTGGTGTACTCG-1","Non-neoplastic colon"
"AGGACTTAACTCTGCA-1","Non-neoplastic colon"
"AGGACTTATCCTAGTG-1","Non-neoplastic colon"
"AGGAGCCGGATAAGGC-1","Non-neoplastic colon"
"AGGAGCCTCAGGTGAC-1","Non-neoplastic colon"
"AGGAGCCTCCAATTCC-1","Tumor stroma in subserosa"
"AGGAGCCTGCTCAATT-1","Non-neoplastic colon"
"AGGAGCGACTAATAGA-1","Non-neoplastic colon"
"AGGAGCGATATGCAGA-1","Non-neoplastic colon"
"AGGAGCTACACTTGGA-1","Non-neoplastic colon"
"AGGAGCTGCCATGTAA-1","Tumor cells in mucosa and submucosa"
"AGGAGCTGGTGCGATT-1","Tumor stroma in muscularis propria"
"AGGATAATGCTCTAAG-1","Non-neoplastic colon"
"AGGATACCTACCACAT-1","Non-neoplastic colon"
"AGGATACCTATTGGAA-1","Tumor cells in subserosa"
"AGGATAGCGGACTATT-1","Non-neoplastic colon"
"AGGATAGCTTGGTAGC-1","Non-neoplastic colon"
"AGGATATCACGCACGA-1","Non-neoplastic colon"
"AGGATATCACGGTGCT-1","Non-neoplastic colon"
"AGGATATCGCAATCGG-1","Tumor cells in muscularis propria"
"AGGATATGGCCGCTCG-1","Non-neoplastic colon"
"AGGATCAAGAGGTTGT-1","Non-neoplastic colon"
"AGGATCAAGATAAGAA-1","Non-neoplastic colon"
"AGGATCAGCCGCATAC-1","Tumor stroma in mucosa and submucosa"
"AGGATCAGTCTATGGT-1","Non-neoplastic colon"
"AGGATCCGTTAGCGTC-1","Tumor cells in mucosa and submucosa"
"AGGATCGAAGGCGGAC-1","Tumor cells in subserosa"
"AGGATCGAGTGGCCTC-1","Necrosis"
"AGGATCGATATTGACG-1","Tumor cells in mucosa and submucosa"
"AGGATCGGCCAACTAT-1","Non-neoplastic colon"
"AGGATCTTATACCTCG-1","Tumor stroma in muscularis propria"
"AGGATGGTAGAAGCAC-1","Non-neoplastic colon"
"AGGATGGTTGGCGTAG-1","Necrosis"
"AGGATTACGCTCAGAT-1","Tumor cells in mucosa and submucosa"
"AGGATTCACGATGGAT-1","Tumor cells in subserosa"
"AGGATTCCAACACGAT-1","Tumor cells in mucosa and submucosa"
"AGGATTCCGGCTCGGC-1","Necrosis"
"AGGCAACTGCTTATCT-1","Non-neoplastic colon"
"AGGCAAGGAGGCCTCG-1","Tumor stroma in muscularis propria"
"AGGCAAGTCCTGCAAG-1","Tumor cells in mucosa and submucosa"
"AGGCAATCATAGGTAG-1","Non-neoplastic colon"
"AGGCACTCCTTAAGGC-1","Non-neoplastic colon"
"AGGCAGATACGGTTCC-1","Tumor cells in mucosa and submucosa"
"AGGCAGTCGTATAACA-1","Tumor stroma in muscularis propria"
"AGGCAGTGGACATTCG-1","Tumor cells in mucosa and submucosa"
"AGGCATAACCGCGGTG-1","Non-neoplastic colon"
"AGGCATAGCGTCCTTA-1","Non-neoplastic colon"
"AGGCATCCTCTGAACT-1","Tumor cells in subserosa"
"AGGCATCTGAGCCTCC-1","Tumor cells in muscularis propria"
"AGGCATGCGATTCGAC-1","Tumor cells in subserosa"
"AGGCATGGAATTCCTT-1","Tumor cells in mucosa and submucosa"
"AGGCATTAGACCAAGC-1","Tumor stroma in subserosa"
"AGGCCAAGGTGAACGA-1","Tumor cells in subserosa"
"AGGCCAAGTTCTGCAA-1","Tumor cells in mucosa and submucosa"
"AGGCCGAGCTAATGCG-1","Non-neoplastic colon"
"AGGCCTTGCAGGCTAT-1","Tumor stroma in mucosa and submucosa"
"AGGCCTTGGTACCTGT-1","Tumor cells in muscularis propria"
"AGGCTAGATTGGATCT-1","Tumor cells in mucosa and submucosa"
"AGGCTCACTGATCCTC-1","Non-neoplastic colon"
"AGGCTCTGAGGCTTAT-1","Tumor cells in mucosa and submucosa"
"AGGCTCTGGCCGACCT-1","Tumor stroma in mucosa and submucosa"
"AGGCTGCACGGCTGAG-1","Non-neoplastic colon"
"AGGCTGGACGAACTCG-1","Non-neoplastic colon"
"AGGCTGTACAGGAGTG-1","Tumor stroma in muscularis propria"
"AGGCTTCCATAACTCG-1","Tumor cells in mucosa and submucosa"
"AGGCTTCCTCGCCGAT-1","Non-neoplastic colon"
"AGGTACAAGCTTCAGT-1","Tumor stroma in mucosa and submucosa"
"AGGTACCATCGCTCGA-1","Non-neoplastic colon"
"AGGTACCTGGACCTAA-1","Tumor stroma in muscularis propria"
"AGGTACTAAGCTGCAG-1","Tumor stroma in muscularis propria"
"AGGTACTCAATCGCAT-1","Non-neoplastic colon"
"AGGTACTCGGAGACGT-1","Non-neoplastic colon"
"AGGTACTCTAATTCTA-1","Tumor stroma in mucosa and submucosa"
"AGGTACTTAAGGTTAC-1","Tumor cells in mucosa and submucosa"
"AGGTACTTACGACCGA-1","Tumor stroma in muscularis propria"
"AGGTACTTAGCATCTT-1","Other"
"AGGTAGGTCTATCAAG-1","Non-neoplastic colon"
"AGGTATGCCTGTCCAC-1","Tumor cells in muscularis propria"
"AGGTCACGTGGCTAAC-1","Non-neoplastic colon"
"AGGTCACGTGTCACTA-1","Tumor cells in mucosa and submucosa"
"AGGTCCAACCTCCGCT-1","Necrosis"
"AGGTCCGCTGGTGATG-1","Non-neoplastic colon"
"AGGTCCTGTAGGTTGA-1","Tumor cells in mucosa and submucosa"
"AGGTCCTTCCACAGGT-1","Tumor cells in muscularis propria"
"AGGTCGAAGATAGCCT-1","Tumor cells in mucosa and submucosa"
"AGGTCGCAACCGAGGC-1","Tumor cells in mucosa and submucosa"
"AGGTCGCATATCGAGT-1","Tumor cells in mucosa and submucosa"
"AGGTCGGTATAACTTG-1","Tumor cells in mucosa and submucosa"
"AGGTGACAGAGTGCGG-1","Non-neoplastic colon"
"AGGTGACGATTGTATG-1","Non-neoplastic colon"
"AGGTGACGCTGTGCTC-1","Non-neoplastic colon"
"AGGTGAGCCTAGTAAG-1","Tumor cells in muscularis propria"
"AGGTGAGGCAGCAATA-1","Other"
"AGGTGAGTGCAATGAA-1","Tumor cells in mucosa and submucosa"
"AGGTGATTAGATAAGC-1","Non-neoplastic colon"
"AGGTGATTCCTTATAA-1","Non-neoplastic colon"
"AGGTGCAGAATTCAGA-1","Non-neoplastic colon"
"AGGTGGTAGCTGCCTG-1","Tumor cells in muscularis propria"
"AGGTGGTCAGCAACGG-1","Non-neoplastic colon"
"AGGTTAATGACCGGAA-1","Non-neoplastic colon"
"AGGTTACAGGTATTGA-1","Tumor stroma in muscularis propria"
"AGGTTACAGTACAGCT-1","Non-neoplastic colon"
"AGGTTATCCTGTTGAA-1","Non-neoplastic colon"
"AGGTTCCATAGTTAGC-1","Non-neoplastic colon"
"AGGTTCCGCAACTGTT-1","Tumor stroma in subserosa"
"AGGTTCCGTGGATTCA-1","Tumor cells in mucosa and submucosa"
"AGGTTCGCGGTTATTG-1","Non-neoplastic colon"
"AGGTTCGTCTTACGTT-1","Non-neoplastic colon"
"AGGTTGACCATACGAG-1","Non-neoplastic colon"
"AGGTTGACGCCTCGTG-1","Necrosis"
"AGGTTGAGGCACCAGG-1","Non-neoplastic colon"
"AGGTTGAGTGTATCAC-1","Tumor stroma at tumor invasive front/border"
"AGGTTGATTGTAAGGT-1","Non-neoplastic colon"
"AGGTTGCCTCACTGTC-1","Tumor cells in mucosa and submucosa"
"AGGTTGGCTCGTATAC-1","Tumor cells in mucosa and submucosa"
"AGTAAGGTACAGACTT-1","Non-neoplastic colon"
"AGTAAGTGCGATAGGA-1","Tumor stroma in mucosa and submucosa"
"AGTAAGTGGCTGTTCC-1","Non-neoplastic colon"
"AGTACAATCGAAGGTC-1","Non-neoplastic colon"
"AGTACAATCTCGCCTC-1","Non-neoplastic colon"
"AGTACACGCTCCAGGC-1","Non-neoplastic colon"
"AGTACATCCTATTGGT-1","Tumor stroma in mucosa and submucosa"
"AGTACCACGCCTTCGT-1","Tumor cells in subserosa"
"AGTACCACTGACGGCA-1","Non-neoplastic colon"
"AGTACCGAATGATTGC-1","Tumor stroma in muscularis propria"
"AGTACCGACGTCACAA-1","Tumor cells in mucosa and submucosa"
"AGTACCGATGAGCGAA-1","Tumor cells at tumor invasive front/border"
"AGTACCGTATACCTAA-1","Non-neoplastic colon"
"AGTACCGTGCCTTGTA-1","Non-neoplastic colon"
"AGTACTATCCTGTCGT-1","Tumor cells in muscularis propria"
"AGTACTCCAGAAGTAT-1","Non-neoplastic colon"
"AGTAGAAGACGAAGCA-1","Tumor stroma in subserosa"
"AGTAGAAGGATACTGC-1","Tumor stroma at tumor invasive front/border"
"AGTAGAAGTCAGCACC-1","Non-neoplastic colon"
"AGTAGACTTACACCTC-1","Tumor stroma in mucosa and submucosa"
"AGTAGAGCCTGTGCCA-1","Non-neoplastic colon"
"AGTAGAGCTTAGTTCT-1","Tumor cells in mucosa and submucosa"
"AGTAGAGTTAAGATGC-1","Non-neoplastic colon"
"AGTAGAGTTGTATTAA-1","Tumor cells in muscularis propria"
"AGTAGATTGAGCCGTG-1","Non-neoplastic colon"
"AGTAGATTGCCAACCA-1","Non-neoplastic colon"
"AGTATTACAGTACCAC-1","Other"
"AGTATTACGGAGAATT-1","Non-neoplastic colon"
"AGTATTAGAACCGACT-1","Tumor cells in mucosa and submucosa"
"AGTATTCATCGCGACG-1","Tumor cells in mucosa and submucosa"
"AGTATTCGTCATGGTG-1","Tumor stroma in subserosa"
"AGTATTCTGTATAGTT-1","Non-neoplastic colon"
"AGTATTGACGCACCGG-1","Tumor stroma in muscularis propria"
"AGTATTGACGTTGATG-1","Non-neoplastic colon"
"AGTATTGCTCCGGATG-1","Non-neoplastic colon"
"AGTATTGGCGAGCCTC-1","Non-neoplastic colon"
"AGTATTGGTCCACGTT-1","Tumor stroma in muscularis propria"
"AGTATTGGTGATTCAG-1","Tumor stroma in subserosa"
"AGTCAACCTTAGGAAC-1","Necrosis"
"AGTCACGTACGAGTCT-1","Tumor stroma in mucosa and submucosa"
"AGTCATGCTTCCGACG-1","Tumor stroma in subserosa"
"AGTCATGGCCGTCGAT-1","Tumor stroma in subserosa"
"AGTCATTCCTCGGTGG-1","Non-neoplastic colon"
"AGTCGAAGCGTGAGCG-1","Tumor stroma in subserosa"
"AGTCGAGCAATTGGTA-1","Tumor cells in mucosa and submucosa"
"AGTCGAGGACCTTACA-1","Non-neoplastic colon"
"AGTCGAGGTCACCTCA-1","Tumor cells in mucosa and submucosa"
"AGTCGATCATAACTGG-1","Tumor stroma in mucosa and submucosa"
"AGTCGCACTTAGCTTG-1","Tumor cells in mucosa and submucosa"
"AGTCGCCAGCGGCCAC-1","Other"
"AGTCGCTACCTTGAGC-1","Non-neoplastic colon"
"AGTCGCTTACGGCCGG-1","Tumor cells in mucosa and submucosa"
"AGTCGGACGTGACAGG-1","Tumor cells in mucosa and submucosa"
"AGTCGGCAACCAACGC-1","Non-neoplastic colon"
"AGTCGGCAGAGCTTGT-1","Tumor cells in mucosa and submucosa"
"AGTCGGCCACTCTGTT-1","Tumor cells in subserosa"
"AGTCGGCCACTGGCCG-1","Tumor stroma in subserosa"
"AGTCGGCCGAGGTCTA-1","Non-neoplastic colon"
"AGTCGGCTAATATCCT-1","Tumor stroma in mucosa and submucosa"
"AGTCGGCTGCGGAAGT-1","Non-neoplastic colon"
"AGTCGGTTGAATTGTA-1","Non-neoplastic colon"
"AGTCGGTTGCAGGTAT-1","Tumor cells in mucosa and submucosa"
"AGTCGTATAGGTGGCA-1","Tumor cells in mucosa and submucosa"
"AGTCGTATTAGTCAGC-1","Necrosis"
"AGTCGTCTGTTGAGAT-1","Non-neoplastic colon"
"AGTCGTGCATTCTAAT-1","Tumor cells in muscularis propria"
"AGTCTACTAACGTGTC-1","Tumor stroma in mucosa and submucosa"
"AGTCTAGCTTGTTACA-1","Tumor cells in mucosa and submucosa"
"AGTCTAGGTGTTAACC-1","Other"
"AGTCTATTCTGCCGAG-1","Tumor stroma in muscularis propria"
"AGTCTGAGTTAACCGG-1","Tumor cells in subserosa"
"AGTCTGCGGAATCTGC-1","Non-neoplastic colon"
"AGTGACCTATTAGGAA-1","Non-neoplastic colon"
"AGTGAGCCGCCTGCGG-1","Non-neoplastic colon"
"AGTGATCGGACATACT-1","Tumor cells in mucosa and submucosa"
"AGTGATGCTAGGAGGC-1","Non-neoplastic colon"
"AGTGATTAACCTTGTT-1","Tumor stroma in muscularis propria"
"AGTGATTGCTGAGTTG-1","Tumor cells in subserosa"
"AGTGCAACCTAGAAGC-1","Tumor stroma in mucosa and submucosa"
"AGTGCACCGTATGGAC-1","Tumor cells in mucosa and submucosa"
"AGTGCATTGGAACTAA-1","Tumor cells in mucosa and submucosa"
"AGTGCCGGCGTTGGTT-1","Non-neoplastic colon"
"AGTGCGAATTGTCGAC-1","Non-neoplastic colon"
"AGTGCGACATTGCTCG-1","Tumor stroma in subserosa"
"AGTGCGACTCCTCAGT-1","Tumor stroma in subserosa"
"AGTGCGATAGTCGCGA-1","Non-neoplastic colon"
"AGTGCGATCACGAGCC-1","Tumor stroma in muscularis propria"
"AGTGCGCAAGGAACTC-1","Tumor stroma in muscularis propria"
"AGTGCGCAGATTAGTA-1","Tumor stroma in mucosa and submucosa"
"AGTGCGCATACTCACG-1","Tumor stroma in mucosa and submucosa"
"AGTGCGGAACAACGTA-1","Tumor stroma in muscularis propria"
"AGTGCGGCATCAATAA-1","Non-neoplastic colon"
"AGTGCTACCAGAGCAT-1","Tumor stroma in subserosa"
"AGTGCTACCTAATTAA-1","Tumor stroma in mucosa and submucosa"
"AGTGCTACGAAGCAAG-1","Tumor stroma in muscularis propria"
"AGTGCTACGAGGTGTA-1","Tumor stroma in subserosa"
"AGTGCTGTAGGAATGA-1","Tumor cells in mucosa and submucosa"
"AGTGCTGTATCGGACA-1","Non-neoplastic colon"
"AGTGCTGTCGTTATTG-1","Non-neoplastic colon"
"AGTGCTGTGGCGACGT-1","Non-neoplastic colon"
"AGTGGCTTAAGGTGTC-1","Non-neoplastic colon"
"AGTGGTAACAGCGATC-1","Tumor stroma at tumor invasive front/border"
"AGTGGTAACCGAGCGG-1","Tumor stroma in subserosa"
"AGTGGTATTGAGTGAC-1","Tumor stroma in subserosa"
"AGTGGTGATCCACTTA-1","Tumor cells in mucosa and submucosa"
"AGTGTAACGTGCGAAG-1","Tumor stroma in mucosa and submucosa"
"AGTGTAAGAACGCCTT-1","Non-neoplastic colon"
"AGTGTAAGACGCGGAC-1","Tumor stroma in muscularis propria"
"AGTGTAAGCTACAGGT-1","Non-neoplastic colon"
"AGTGTAAGTGACGATG-1","Non-neoplastic colon"
"AGTGTAATGCTCGCCG-1","PNI"
"AGTGTAGAAGGCCTAG-1","Tumor cells in mucosa and submucosa"
"AGTGTATGCGCCTTAC-1","Tumor cells in subserosa"
"AGTGTCACGAAGACAA-1","Tumor stroma in subserosa"
"AGTGTCATTCTACGCT-1","Tumor stroma in muscularis propria"
"AGTGTCCAAGTGATGG-1","Tumor cells in mucosa and submucosa"
"AGTGTCGTGGCGCCAC-1","Tumor stroma in subserosa"
"AGTGTCTAACCGCCGT-1","Non-neoplastic colon"
"AGTGTCTGCAAGATGT-1","Tumor stroma in muscularis propria"
"AGTGTCTTCACCGGAC-1","Non-neoplastic colon"
"AGTTAACCGCGAGGTT-1","Tumor stroma in mucosa and submucosa"
"AGTTAACCTCTAGCAA-1","Tumor stroma in mucosa and submucosa"
"AGTTAACGATTCTTGC-1","Tumor stroma in subserosa"
"AGTTAAGGATCTGATT-1","Tumor cells in muscularis propria"
"AGTTAAGGCATCCGCA-1","Non-neoplastic colon"
"AGTTAAGTACCACTTG-1","Tumor cells in muscularis propria"
"AGTTAAGTGCACTTGT-1","Tumor cells in mucosa and submucosa"
"AGTTAATTCTTAGACG-1","Tumor cells in mucosa and submucosa"
"AGTTAATTGTACGTTC-1","Non-neoplastic colon"
"AGTTAGCCGTCGAGGC-1","Tumor cells in muscularis propria"
"AGTTAGCTAGTCACCG-1","Non-neoplastic colon"
"AGTTAGGCTACGAGCT-1","Tumor cells in mucosa and submucosa"
"AGTTATAACCGTATGT-1","Tumor cells in mucosa and submucosa"
"AGTTATGCAACTTAGT-1","Non-neoplastic colon"
"AGTTATTGAGACGGTC-1","Necrosis"
"AGTTATTGAGTACCAG-1","Tumor stroma in muscularis propria"
"AGTTCAGCAAGTAGAT-1","Tumor cells in mucosa and submucosa"
"AGTTCCACAGAATGAC-1","Non-neoplastic colon"
"AGTTCCATGGAACAAG-1","Tumor cells in mucosa and submucosa"
"AGTTCCGATCCTGGTC-1","Other"
"AGTTCCTTGAGTCCGA-1","Non-neoplastic colon"
"AGTTCGACCACTAAGG-1","Non-neoplastic colon"
"AGTTCGCTCCACGAAT-1","Non-neoplastic colon"
"AGTTCGCTCCAGCGTG-1","Tumor stroma in subserosa"
"AGTTCGCTGTAAGATA-1","Tumor stroma in mucosa and submucosa"
"AGTTCGGTGCGTGGAA-1","Tumor cells in muscularis propria"
"AGTTCGGTTCGACAAC-1","Tumor stroma in subserosa"
"AGTTCGTGAGATTACA-1","Tumor cells in mucosa and submucosa"
"AGTTGACTGTCCGTGA-1","Tumor cells in muscularis propria"
"AGTTGCGTAACTCATT-1","Non-neoplastic colon"
"AGTTGGAACAATCTGA-1","Tumor cells in mucosa and submucosa"
"AGTTGGACGCAAGGAA-1","Tumor cells in muscularis propria"
"AGTTGGCTCAGTGAGT-1","Tumor cells in mucosa and submucosa"
"ATAACATATCACTTCT-1","Tumor cells in mucosa and submucosa"
"ATAACCATGCATACCG-1","Non-neoplastic colon"
"ATAACCATGCCGATTA-1","Non-neoplastic colon"
"ATAACCGGATAAGTAG-1","Non-neoplastic colon"
"ATAACGAATCGCTGAC-1","Tumor stroma in mucosa and submucosa"
"ATAACGAGCCGCTCCT-1","Non-neoplastic colon"
"ATAACGCAGCTTCAGT-1","Tumor stroma in mucosa and submucosa"
"ATAACGCCACTCCAAC-1","Non-neoplastic colon"
"ATAACGCCGGCTAACT-1","Tumor stroma at tumor invasive front/border"
"ATAACGCTCAATCACT-1","Tumor stroma in mucosa and submucosa"
"ATAACGCTCACCAATA-1","Non-neoplastic colon"
"ATAACGCTGGCGACGC-1","Non-neoplastic colon"
"ATAACGGCGTCCTCGT-1","Other"
"ATAACGGTCTTGTAAT-1","Tumor cells in subserosa"
"ATAACTCGAAGTCCGC-1","Tumor cells in muscularis propria"
"ATAACTCGTCACGCCG-1","Necrosis"
"ATAAGAACTCGTTAGA-1","Tumor cells in subserosa"
"ATAAGACCACGTACTA-1","Tumor stroma in mucosa and submucosa"
"ATAAGACTCGGCCTCG-1","Tumor stroma in muscularis propria"
"ATAAGAGCAACCATGT-1","Non-neoplastic colon"
"ATAAGAGCACCGAGCA-1","Non-neoplastic colon"
"ATAAGAGCCGTATGAC-1","Non-neoplastic colon"
"ATAAGAGCCTCCGACA-1","Tumor cells in mucosa and submucosa"
"ATAAGCCACTTCTAAG-1","Non-neoplastic colon"
"ATAAGCCGCTGAATCC-1","Tumor stroma in muscularis propria"
"ATAAGCCGTAACAATT-1","Tumor cells in subserosa"
"ATAAGGAGTCCGCCGG-1","Tumor cells in subserosa"
"ATAAGGTCGCAGCCGC-1","Non-neoplastic colon"
"ATAATCGCGTCATATG-1","Tumor stroma in mucosa and submucosa"
"ATAATCTACACCATCC-1","Non-neoplastic colon"
"ATAATGTCAGCCACAT-1","Tumor cells in mucosa and submucosa"
"ATAATGTCCTTCATGA-1","Non-neoplastic colon"
"ATAATTCTTAATGGAC-1","Tumor cells in mucosa and submucosa"
"ATAATTGTCGCTGGCC-1","Tumor stroma in muscularis propria"
"ATAATTGTGGAAGAGC-1","Necrosis"
"ATACAATACTTGGATG-1","Tumor cells in mucosa and submucosa"
"ATACAATATTGGTCCG-1","Tumor cells in subserosa"
"ATACAATTGCTTGCCA-1","Non-neoplastic colon"
"ATACAGGTCAGCACGC-1","Non-neoplastic colon"
"ATACAGTGCCGACTGA-1","Tumor cells in mucosa and submucosa"
"ATACAGTGCTCGTACC-1","Non-neoplastic colon"
"ATACATAAGGTTAGGT-1","Tumor stroma in mucosa and submucosa"
"ATACATCAACGTGATT-1","Non-neoplastic colon"
"ATACATCAAGACAATA-1","Non-neoplastic colon"
"ATACATCATATTCTCG-1","Non-neoplastic colon"
"ATACATCGACAGGTGG-1","Tumor cells in mucosa and submucosa"
"ATACATCTAGTCTACC-1","Non-neoplastic colon"
"ATACATCTCAATAAGA-1","Non-neoplastic colon"
"ATACATGCACGGTAAC-1","Non-neoplastic colon"
"ATACATTCACGGCCGA-1","Non-neoplastic colon"
"ATACATTCCTATACCA-1","Tumor stroma in mucosa and submucosa"
"ATACCGCTGCTCTACA-1","Non-neoplastic colon"
"ATACCGTAGGAGCATA-1","Non-neoplastic colon"
"ATACCGTGTATCGCCA-1","Non-neoplastic colon"
"ATACCTTAGCATGGCG-1","Tumor cells in muscularis propria"
"ATACGACAATTCGCAA-1","Tumor cells in mucosa and submucosa"
"ATACGCAAGGCAAGCT-1","Tumor stroma in muscularis propria"
"ATACGCGGCCATGTAT-1","Non-neoplastic colon"
"ATACGGTATCATCTCG-1","Tumor cells in subserosa"
"ATACGGTCCAACGCTA-1","Tumor stroma in subserosa"
"ATACGGTCCATAAGGA-1","Tumor cells in muscularis propria"
"ATACGTACATAGTGTT-1","Tumor cells in mucosa and submucosa"
"ATACTAATTGTCCGCC-1","Non-neoplastic colon"
"ATACTACATAGACTGT-1","Non-neoplastic colon"
"ATACTACCGCTACGAC-1","Tumor cells in muscularis propria"
"ATACTAGACATACAGC-1","Non-neoplastic colon"
"ATACTAGATTAACTCC-1","Tumor stroma in mucosa and submucosa"
"ATACTAGCACATCTCG-1","Non-neoplastic colon"
"ATACTAGTCATCACCA-1","Tumor stroma in mucosa and submucosa"
"ATACTATCGTTGTAAG-1","Tumor cells in mucosa and submucosa"
"ATACTATGACGAGTAG-1","Tumor stroma in muscularis propria"
"ATACTATGAGGACCGA-1","Tumor cells in mucosa and submucosa"
"ATACTATGATAGCGCA-1","Tumor cells in mucosa and submucosa"
"ATACTATTCACGCCAA-1","Tumor stroma in subserosa"
"ATACTATTCATACTCG-1","Non-neoplastic colon"
"ATACTATTCGAAGGCC-1","Tumor stroma in mucosa and submucosa"
"ATACTCGGCGGATAGA-1","Non-neoplastic colon"
"ATACTGACGCCGAGCA-1","Tumor stroma in subserosa"
"ATACTGCTGTCGTTGC-1","Non-neoplastic colon"
"ATACTGGCGTCCAAGA-1","Non-neoplastic colon"
"ATACTGGCTACCATCC-1","Tumor cells in mucosa and submucosa"
"ATACTGGCTCATGTGA-1","Non-neoplastic colon"
"ATACTGGCTCTGACCT-1","PNI"
"ATACTGGCTGGAACGC-1","Non-neoplastic colon"
"ATACTGTATGGCGTCC-1","Tumor stroma in muscularis propria"
"ATACTGTCCTAGAAGG-1","Tumor stroma in muscularis propria"
"ATACTGTTAAGTCACC-1","Tumor cells in mucosa and submucosa"
"ATACTTAACCATTATC-1","Non-neoplastic colon"
"ATACTTCTCATCCAAT-1","Tumor stroma at tumor invasive front/border"
"ATACTTGCGGTCTGTA-1","Non-neoplastic colon"
"ATAGAACAGAACCAAC-1","Non-neoplastic colon"
"ATAGAACGAAGAGGTT-1","Non-neoplastic colon"
"ATAGAACGTGTCACCA-1","Non-neoplastic colon"
"ATAGAACGTTATCCAC-1","Non-neoplastic colon"
"ATAGAAGTAACGATCA-1","Tumor stroma in mucosa and submucosa"
"ATAGAAGTCCGCCATG-1","Non-neoplastic colon"
"ATAGAATATTACTACC-1","Non-neoplastic colon"
"ATAGACGATGTTGACC-1","Non-neoplastic colon"
"ATAGACTATCACGTAC-1","Non-neoplastic colon"
"ATAGATGATCTATTCC-1","Necrosis"
"ATAGCACCTCGCGGCC-1","Non-neoplastic colon"
"ATAGCAGGTGACTTCA-1","Non-neoplastic colon"
"ATAGCCGACCAAGTTC-1","Non-neoplastic colon"
"ATAGCGACGTGCACTG-1","Non-neoplastic colon"
"ATAGCGGCTTAAGATT-1","Non-neoplastic colon"
"ATAGCGTCAATAGCAT-1","Tumor cells at tumor invasive front/border"
"ATAGCGTGTACCTTAC-1","Tumor stroma in subserosa"
"ATAGCGTTAACCGATG-1","Tumor stroma at tumor invasive front/border"
"ATAGCTAACAGGCCGC-1","Tumor cells in mucosa and submucosa"
"ATAGCTAGATCGCTCG-1","Non-neoplastic colon"
"ATAGCTATCGATGTCT-1","Non-neoplastic colon"
"ATAGCTATGTAGCATA-1","Tumor cells in mucosa and submucosa"
"ATAGCTGCGGTTGTAT-1","Non-neoplastic colon"
"ATAGCTGCTTCGGCGA-1","Other"
"ATAGCTGTATCCACCG-1","Non-neoplastic colon"
"ATAGCTGTATGACGCT-1","Tumor cells in mucosa and submucosa"
"ATAGCTGTCAAGAATT-1","Necrosis"
"ATAGCTGTCTTGACAA-1","Tumor cells in mucosa and submucosa"
"ATAGCTGTGACCATTC-1","Tumor stroma in mucosa and submucosa"
"ATAGCTGTGGACCACT-1","Non-neoplastic colon"
"ATAGCTGTTCTGGTTA-1","Tumor cells in mucosa and submucosa"
"ATAGGACGTCAAGCCA-1","Other"
"ATAGGACTCATATGGC-1","Tumor cells in mucosa and submucosa"
"ATAGGAGTTGGAAGAT-1","Necrosis"
"ATAGGCAAGAGCTCGA-1","Non-neoplastic colon"
"ATAGGCAAGCCAACTG-1","Tumor stroma in mucosa and submucosa"
"ATAGGCACAATCACTC-1","Non-neoplastic colon"
"ATAGGCACGTATGCAG-1","Tumor cells in mucosa and submucosa"
"ATAGGCATAAGCGACT-1","Tumor stroma in muscularis propria"
"ATAGGCGGTTCAGGAA-1","Tumor cells in muscularis propria"
"ATAGGCGGTTCGTACC-1","Non-neoplastic colon"
"ATAGGCTACGCAGACT-1","Tumor stroma in mucosa and submucosa"
"ATAGGCTACTATTCTG-1","Tumor cells in mucosa and submucosa"
"ATAGGTATGCTGCCGG-1","Tumor stroma in muscularis propria"
"ATAGTATGCGAACTGT-1","Tumor cells in subserosa"
"ATAGTCCGTCATTCTA-1","Tumor cells in mucosa and submucosa"
"ATAGTCGAGTAGGAGT-1","Non-neoplastic colon"
"ATAGTCTGCAACCAGC-1","Non-neoplastic colon"
"ATAGTGACAAGAACAA-1","Non-neoplastic colon"
"ATAGTGACGCTGGTCT-1","Non-neoplastic colon"
"ATAGTGAGACCGTGCG-1","Non-neoplastic colon"
"ATAGTGCACGCCGGCG-1","Non-neoplastic colon"
"ATAGTGGAATAGACCA-1","Tumor stroma in subserosa"
"ATAGTGTCAACCGTGC-1","Tumor cells in mucosa and submucosa"
"ATAGTGTCTGCATCGG-1","Non-neoplastic colon"
"ATAGTGTCTTACTGAC-1","Tumor cells in mucosa and submucosa"
"ATAGTTAACCAGCGAA-1","Non-neoplastic colon"
"ATAGTTAATAACAGGT-1","Non-neoplastic colon"
"ATAGTTAATACAGAGG-1","Tumor stroma in subserosa"
"ATAGTTAATAGGAATC-1","Non-neoplastic colon"
"ATAGTTACCTTCGTAA-1","Tumor cells in subserosa"
"ATAGTTACGTTAAGTA-1","Tumor stroma in mucosa and submucosa"
"ATAGTTACTCTGTTGC-1","Tumor stroma in mucosa and submucosa"
"ATAGTTACTGGCGAGC-1","Tumor stroma in muscularis propria"
"ATAGTTAGGATGTCAA-1","Non-neoplastic colon"
"ATAGTTCAGGTATTAA-1","Tumor cells in mucosa and submucosa"
"ATAGTTCAGGTCGATC-1","Tumor stroma in mucosa and submucosa"
"ATAGTTCATCTACGGT-1","Non-neoplastic colon"
"ATAGTTCGAGCACGCA-1","Tumor cells in mucosa and submucosa"
"ATAGTTCGAGTGACCG-1","Tumor cells in mucosa and submucosa"
"ATAGTTCGGCCTGGTT-1","Tumor cells in muscularis propria"
"ATAGTTCGGCGTCTCG-1","Tumor stroma at tumor invasive front/border"
"ATAGTTCTAGGCTCAG-1","Non-neoplastic colon"
"ATAGTTGCAGACCTAT-1","Tumor cells in subserosa"
"ATAGTTGCCGCAAGAC-1","Tumor stroma in mucosa and submucosa"
"ATAGTTGCGGCCGGCT-1","Tumor cells in mucosa and submucosa"
"ATAGTTGCTACAGCTT-1","Necrosis"
"ATAGTTGGACCGCAGA-1","Tumor stroma in subserosa"
"ATAGTTGGACGCTCGT-1","Non-neoplastic colon"
"ATAGTTGGCGCTTCCT-1","Tumor stroma in subserosa"
"ATAGTTGGTGCACTGC-1","Non-neoplastic colon"
"ATCAACGCCTGAAGTC-1","Tumor cells in mucosa and submucosa"
"ATCAAGACATACGCGG-1","Tumor stroma in mucosa and submucosa"
"ATCAAGACCTGCCAAC-1","Non-neoplastic colon"
"ATCAAGACTGAGCGAC-1","Tumor cells in muscularis propria"
"ATCAAGGAACGCATCG-1","Non-neoplastic colon"
"ATCAAGGACTGATCTA-1","Tumor cells in mucosa and submucosa"
"ATCAAGTGACTTACTG-1","Tumor cells in muscularis propria"
"ATCACCAGTATCGTAT-1","Tumor cells in mucosa and submucosa"
"ATCACGAGATGAACAT-1","Tumor stroma in muscularis propria"
"ATCACGCAATACCTCC-1","Non-neoplastic colon"
"ATCACGTGGCACAACC-1","Tumor cells in mucosa and submucosa"
"ATCACTTGGTACGGCT-1","Non-neoplastic colon"
"ATCAGAATGCTGAGAA-1","Non-neoplastic colon"
"ATCAGAATTACTATTC-1","Non-neoplastic colon"
"ATCAGACAACCGCTTC-1","Tumor stroma in mucosa and submucosa"
"ATCAGAGGACAATGAG-1","Non-neoplastic colon"
"ATCAGAGGTGTCTTAG-1","Tumor cells in mucosa and submucosa"
"ATCAGATCAAGAGTAG-1","Tumor stroma in muscularis propria"
"ATCAGATTCCACATCA-1","Non-neoplastic colon"
"ATCAGATTGTCATAGA-1","Tumor cells in muscularis propria"
"ATCAGCCTAGACCGCC-1","Tumor stroma in muscularis propria"
"ATCAGGCTCAGGCCGC-1","Non-neoplastic colon"
"ATCAGTACTCTGATCT-1","Tumor cells in subserosa"
"ATCATGCTCGGAGGTA-1","Non-neoplastic colon"
"ATCATTACAGGCTCCG-1","Tumor cells in mucosa and submucosa"
"ATCATTACGAGCACTC-1","Tumor cells in subserosa"
"ATCATTACGCAGGTCA-1","Non-neoplastic colon"
"ATCATTACGTGATAAC-1","Non-neoplastic colon"
"ATCATTCACCTATCAG-1","Tumor cells in muscularis propria"
"ATCATTCAGAAGTGCA-1","Non-neoplastic colon"
"ATCATTCATGCATAAT-1","Tumor stroma in subserosa"
"ATCATTCCACATCCTG-1","Non-neoplastic colon"
"ATCATTCCACCGTTCT-1","Tumor cells in mucosa and submucosa"
"ATCATTCGATAGGCCA-1","Non-neoplastic colon"
"ATCATTCGCTGGCGGA-1","Tumor cells in mucosa and submucosa"
"ATCATTCGTCGGTGCG-1","Tumor cells in mucosa and submucosa"
"ATCATTCGTCTAATGA-1","Tumor stroma in subserosa"
"ATCATTGGATCGTCTT-1","Non-neoplastic colon"
"ATCATTGGCGTATTGC-1","Tumor cells in muscularis propria"
"ATCATTGGTCAGGAAT-1","Non-neoplastic colon"
"ATCATTGTACGTCCGC-1","Tumor cells in subserosa"
"ATCATTGTCTAGCCGT-1","Non-neoplastic colon"
"ATCCACAACCGGTATC-1","Tumor stroma in subserosa"
"ATCCACATAGGTTACA-1","Tumor cells in muscularis propria"
"ATCCACCGAATAAGCA-1","Non-neoplastic colon"
"ATCCACCGAGCGTGAA-1","Non-neoplastic colon"
"ATCCACCTCAGCATCT-1","Tumor stroma in muscularis propria"
"ATCCACGAGGTGCTGT-1","Non-neoplastic colon"
"ATCCACGATACTATGT-1","Non-neoplastic colon"
"ATCCACGCGGAGGCAT-1","Non-neoplastic colon"
"ATCCACTCCGCCGTAG-1","Tumor cells in subserosa"
"ATCCACTCTATCACGC-1","Tumor cells in mucosa and submucosa"
"ATCCACTTAGTAATCT-1","Non-neoplastic colon"
"ATCCGAACTCCTTGGT-1","Tumor cells in mucosa and submucosa"
"ATCCGAACTTGGTTGC-1","Tumor cells in mucosa and submucosa"
"ATCCGAAGGTTAGTGA-1","Tumor stroma in mucosa and submucosa"
"ATCCGATGACGCGTCC-1","Non-neoplastic colon"
"ATCCGATTCTGGTCCA-1","Tumor cells in subserosa"
"ATCCGCAGAACCAACC-1","Tumor stroma in mucosa and submucosa"
"ATCCGGAGATGTTGCC-1","Non-neoplastic colon"
"ATCCGGATCCACCTTA-1","Tumor cells in mucosa and submucosa"
"ATCCGGATGTGAAGGC-1","Tumor cells in mucosa and submucosa"
"ATCCGGATTATGACTA-1","Non-neoplastic colon"
"ATCCGGCCTCAATGCG-1","Non-neoplastic colon"
"ATCCGGCGAGGAATTC-1","Tumor cells in muscularis propria"
"ATCCGGCGGTCTGGCT-1","Tumor stroma in mucosa and submucosa"
"ATCCGGCTCCGTCGCA-1","Non-neoplastic colon"
"ATCCGGTCTACCACCT-1","Tumor cells in muscularis propria"
"ATCCGGTGATAATGTT-1","Tumor stroma in mucosa and submucosa"
"ATCCGGTGATTCCTAC-1","Tumor cells in subserosa"
"ATCCGTAGAACACCGC-1","LVI"
"ATCCGTAGCCGTGACT-1","Non-neoplastic colon"
"ATCCGTAGGCCTTGTA-1","Tumor stroma in mucosa and submucosa"
"ATCCGTCACGTCTAAC-1","Non-neoplastic colon"
"ATCCGTCACTCAGACA-1","Tumor cells in mucosa and submucosa"
"ATCCGTCATTATGTAA-1","Tumor cells in muscularis propria"
"ATCCGTCCATTAAGCC-1","Non-neoplastic colon"
"ATCCGTCTCCGTTATC-1","Non-neoplastic colon"
"ATCCGTGAAGTGGTGA-1","Tumor stroma in mucosa and submucosa"
"ATCCGTGGACTTGTCG-1","Tumor cells in mucosa and submucosa"
"ATCCGTGGTACAAGTC-1","Non-neoplastic colon"
"ATCCGTTAAGATAGTA-1","Non-neoplastic colon"
"ATCCGTTACAACTGCG-1","Non-neoplastic colon"
"ATCCGTTATGCTCACT-1","Tumor cells in mucosa and submucosa"
"ATCCGTTCAACAATCA-1","Tumor cells in muscularis propria"
"ATCCGTTCACCTGACC-1","Tumor cells in mucosa and submucosa"
"ATCCGTTCGTGACCTC-1","Tumor cells in subserosa"
"ATCCTACATAGTAAGG-1","Tumor stroma in subserosa"
"ATCCTATTCCAGTACC-1","Non-neoplastic colon"
"ATCCTCAACCGACGCC-1","Tumor stroma in muscularis propria"
"ATCCTCCAACTACATT-1","Tumor cells in subserosa"
"ATCCTCTGCCGCCAGA-1","Tumor stroma in muscularis propria"
"ATCCTGCTGGTGTAAT-1","Non-neoplastic colon"
"ATCCTGGAATCCGAAG-1","Tumor stroma at tumor invasive front/border"
"ATCGAACTGGAGGTAC-1","Non-neoplastic colon"
"ATCGAACTGGCATATC-1","Tumor cells in mucosa and submucosa"
"ATCGAATAACCTACCG-1","Tumor stroma in subserosa"
"ATCGAGTGGATAGCAG-1","Tumor cells in subserosa"
"ATCGATCTTATCAGAT-1","Tumor stroma in muscularis propria"
"ATCGATGAACTACGAC-1","Non-neoplastic colon"
"ATCGATGAAGCTGAAC-1","Non-neoplastic colon"
"ATCGATGAAGGTATGA-1","Tumor cells in muscularis propria"
"ATCGCAACGCGTGCCT-1","Tumor cells in subserosa"
"ATCGCAACTGCCTTCC-1","Tumor stroma in muscularis propria"
"ATCGCAAGCCATAACG-1","Non-neoplastic colon"
"ATCGCAAGTCACCAGT-1","Non-neoplastic colon"
"ATCGCAATCGACCGAT-1","Tumor cells in mucosa and submucosa"
"ATCGCACCATTCGGAA-1","Tumor cells in subserosa"
"ATCGCACCGACGTCAG-1","Non-neoplastic colon"
"ATCGCACCTATCTACA-1","Tumor stroma in mucosa and submucosa"
"ATCGCAGCAAGTCTGT-1","Tumor stroma in muscularis propria"
"ATCGCAGCACGATCGC-1","Non-neoplastic colon"
"ATCGCAGCCGGAACCG-1","Tumor cells in muscularis propria"
"ATCGCAGCGTCTAGGC-1","Tumor cells in muscularis propria"
"ATCGCAGGCCACAGAA-1","Tumor cells in mucosa and submucosa"
"ATCGCAGGTTCCGCCA-1","Tumor stroma at tumor invasive front/border"
"ATCGCAGTAACAAGCC-1","Non-neoplastic colon"
"ATCGCATGGCATAGTT-1","Tumor cells in muscularis propria"
"ATCGCATGTTACCTAC-1","PNI"
"ATCGCCACGATATGCG-1","Tumor cells in mucosa and submucosa"
"ATCGCCGATAATCTAG-1","Tumor cells in muscularis propria"
"ATCGCTCGAGTATCGC-1","Non-neoplastic colon"
"ATCGGCTCATTGGCAG-1","Non-neoplastic colon"
"ATCGGTACTAAGTTGG-1","Tumor stroma in muscularis propria"
"ATCGGTACTTCGAGCC-1","Tumor cells in mucosa and submucosa"
"ATCGGTGCGGATACCT-1","Necrosis"
"ATCGTAACATACCATT-1","Tumor cells in mucosa and submucosa"
"ATCGTAACTAGTCCAC-1","Non-neoplastic colon"
"ATCGTAATAGTCACTC-1","Tumor cells in muscularis propria"
"ATCGTAATGCCTAATA-1","Tumor cells in muscularis propria"
"ATCGTAATGCGAGTCG-1","Tumor cells in mucosa and submucosa"
"ATCGTACACCATGAAG-1","Non-neoplastic colon"
"ATCGTACACCGGCTAC-1","Tumor cells in mucosa and submucosa"
"ATCGTACAGATTACCT-1","Tumor stroma in mucosa and submucosa"
"ATCGTAGCGATAATGA-1","Tumor cells in mucosa and submucosa"
"ATCGTAGCGGTACACT-1","Tumor cells in mucosa and submucosa"
"ATCGTAGCGTCTTAAG-1","Tumor stroma in muscularis propria"
"ATCGTATTACAATAGG-1","Tumor cells in subserosa"
"ATCGTATTACCGGTTC-1","Tumor stroma at tumor invasive front/border"
"ATCGTATTGTATGCAG-1","Tumor stroma in mucosa and submucosa"
"ATCGTCACCTGACTAT-1","Tumor cells in subserosa"
"ATCGTCACGCTGACCG-1","Non-neoplastic colon"
"ATCGTCACGTTAGATT-1","Tumor stroma at tumor invasive front/border"
"ATCGTCAGCTGGAGAC-1","Tumor cells in muscularis propria"
"ATCGTCAGGCAACTAA-1","Tumor cells in muscularis propria"
"ATCGTCCTAGCGGTAG-1","Tumor cells in mucosa and submucosa"
"ATCGTCGAACAACGTG-1","Non-neoplastic colon"
"ATCGTCGACCAATCAT-1","Tumor cells in muscularis propria"
"ATCGTCGATATCATGG-1","Tumor cells in mucosa and submucosa"
"ATCGTCGATTCACCAG-1","Tumor stroma in mucosa and submucosa"
"ATCGTCGGAAGCTATC-1","Tumor cells in mucosa and submucosa"
"ATCGTCTAATTCATCT-1","Non-neoplastic colon"
"ATCGTCTTAGACAATA-1","Non-neoplastic colon"
"ATCGTCTTGACTCGGT-1","Tumor cells in mucosa and submucosa"
"ATCGTCTTGAGGTCCA-1","Non-neoplastic colon"
"ATCGTCTTGGCCACGC-1","Non-neoplastic colon"
"ATCGTGCACGGCCGAT-1","Tumor cells in mucosa and submucosa"
"ATCGTGCCTGAGTTGC-1","Tumor cells in subserosa"
"ATCTACAACTTCTGCA-1","Tumor cells in mucosa and submucosa"
"ATCTACAGATGGATAG-1","Non-neoplastic colon"
"ATCTACAGTCGCTGCC-1","Tumor stroma in muscularis propria"
"ATCTACATCTTAGCGA-1","Tumor cells in mucosa and submucosa"
"ATCTACCAACGCGTTA-1","Non-neoplastic colon"
"ATCTACCGCATGACTA-1","Tumor stroma at tumor invasive front/border"
"ATCTACCGTACAGATC-1","Non-neoplastic colon"
"ATCTACGGAACGCAGC-1","Tumor cells in mucosa and submucosa"
"ATCTACGGATGGTCTA-1","Tumor stroma in muscularis propria"
"ATCTACGGTCTATTGT-1","Non-neoplastic colon"
"ATCTAGACTACAACGA-1","Non-neoplastic colon"
"ATCTATACAGCCAGAC-1","Tumor stroma in mucosa and submucosa"
"ATCTATGTTGAAGGCT-1","Tumor stroma in muscularis propria"
"ATCTATTAGGTGCGCT-1","Tumor cells in muscularis propria"
"ATCTCACTACCGCTGG-1","Non-neoplastic colon"
"ATCTCACTATGAGCTC-1","Non-neoplastic colon"
"ATCTCATTACCTTCGC-1","Tumor cells in muscularis propria"
"ATCTCCGCAAGACGCT-1","Tumor stroma in muscularis propria"
"ATCTCCGCGTACATTC-1","Tumor cells in mucosa and submucosa"
"ATCTCCTGAGCGGCTG-1","Necrosis"
"ATCTCCTGCCTTGATC-1","Tumor cells in subserosa"
"ATCTCGGAATCCGGCA-1","Tumor cells in muscularis propria"
"ATCTCGGATCGGAGCA-1","Tumor stroma in muscularis propria"
"ATCTCGGTTGGTGCTT-1","Tumor stroma in mucosa and submucosa"
"ATCTGAACAGCTAGTA-1","Non-neoplastic colon"
"ATCTGAACGTCGGTAA-1","Other"
"ATCTGAATTCAAGTAG-1","Non-neoplastic colon"
"ATCTGACCACATTACC-1","Tumor cells in mucosa and submucosa"
"ATCTGACCAGGTGAGT-1","Tumor cells in mucosa and submucosa"
"ATCTGACTAAGGAGTC-1","Non-neoplastic colon"
"ATCTGAGCGTTCGATC-1","Non-neoplastic colon"
"ATCTGATAATACTAAC-1","Tumor cells in muscularis propria"
"ATCTGATAGCTGCAGA-1","Tumor stroma in subserosa"
"ATCTGATAGTGAACCA-1","Tumor stroma in muscularis propria"
"ATCTGATCGCCGATGC-1","Tumor cells in mucosa and submucosa"
"ATCTGGAACTGTCGCT-1","Non-neoplastic colon"
"ATCTGGAATGAAGACT-1","Non-neoplastic colon"
"ATCTGGAGACGGAGGC-1","Tumor cells in mucosa and submucosa"
"ATCTGGATCCATGCTT-1","Non-neoplastic colon"
"ATCTGGATTCCACCTA-1","Non-neoplastic colon"
"ATCTGGTGTACAATCG-1","Non-neoplastic colon"
"ATCTTACGATCAACGA-1","Non-neoplastic colon"
"ATCTTAGAACGCGAAT-1","Tumor cells in subserosa"
"ATCTTAGACACGAAGA-1","Tumor stroma in subserosa"
"ATCTTAGATTCTTGAT-1","Non-neoplastic colon"
"ATCTTAGCGTACTGAC-1","Non-neoplastic colon"
"ATCTTAGGTTGGATAC-1","Non-neoplastic colon"
"ATCTTAGTGGTTCTCA-1","Tumor stroma in mucosa and submucosa"
"ATCTTATCTAGATGAA-1","Non-neoplastic colon"
"ATCTTATCTGATCTAG-1","Non-neoplastic colon"
"ATCTTATTGTACTCGA-1","Tumor cells in mucosa and submucosa"
"ATCTTATTGTGGCCAC-1","Non-neoplastic colon"
"ATCTTCCTCAGGAGCA-1","Tumor stroma in muscularis propria"
"ATCTTGATCGCAGAAG-1","Non-neoplastic colon"
"ATCTTGATGTCGGCCG-1","Non-neoplastic colon"
"ATCTTGCGCTTCCGTA-1","Non-neoplastic colon"
"ATCTTGGTACGCTCTA-1","Tumor stroma in subserosa"
"ATCTTGTAATTACCAT-1","Non-neoplastic colon"
"ATCTTGTAGAACTTAG-1","Tumor stroma in subserosa"
"ATCTTGTCGCATCCTC-1","Tumor cells in muscularis propria"
"ATGAACCAACGCCGAT-1","Tumor cells in muscularis propria"
"ATGAATGATCCGAGCA-1","Tumor cells in mucosa and submucosa"
"ATGAATGCCAATTAAT-1","Tumor stroma in subserosa"
"ATGACACGGTATACCG-1","Tumor cells in mucosa and submucosa"
"ATGACACTCAGACTCA-1","Tumor cells in mucosa and submucosa"
"ATGACAGAACATGATA-1","Tumor cells in subserosa"
"ATGACAGAGCTAACTA-1","Tumor cells in muscularis propria"
"ATGACAGAGTAGTCAT-1","Tumor cells in mucosa and submucosa"
"ATGACATGCTGTCCAA-1","Non-neoplastic colon"
"ATGACCAGACAACTTA-1","Non-neoplastic colon"
"ATGACCATCTGGATGG-1","Necrosis"
"ATGACCGGCGCCACGC-1","Tumor stroma in mucosa and submucosa"
"ATGACCGTAGAAGTGC-1","Non-neoplastic colon"
"ATGACCTCAACACGCA-1","Tumor stroma in muscularis propria"
"ATGACCTCAAGGTCGC-1","Tumor cells in mucosa and submucosa"
"ATGACCTCTATGAGAA-1","Non-neoplastic colon"
"ATGACCTGAAGATGAG-1","Tumor stroma in subserosa"
"ATGACGCCTACATGGC-1","Non-neoplastic colon"
"ATGAGCATGATAGCCA-1","Tumor cells in mucosa and submucosa"
"ATGAGCATGGTCATAA-1","Tumor cells in muscularis propria"
"ATGAGCCAATTGCGTT-1","Non-neoplastic colon"
"ATGAGCCACCAACCAT-1","Tumor cells in mucosa and submucosa"
"ATGAGCCACTGGTGGA-1","Non-neoplastic colon"
"ATGAGCCATACGCTAA-1","Tumor cells in muscularis propria"
"ATGAGCCATACTGCTT-1","Tumor stroma in subserosa"
"ATGAGCGACAATGTGG-1","Non-neoplastic colon"
"ATGAGCGGCCGATGTC-1","Tumor cells in mucosa and submucosa"
"ATGAGCTCTAGCCAAG-1","Non-neoplastic colon"
"ATGAGGTACTAATATC-1","Non-neoplastic colon"
"ATGAGTAACCTGCCGT-1","Non-neoplastic colon"
"ATGAGTAGATAGCCAT-1","Tumor cells in mucosa and submucosa"
"ATGAGTATCAGCCAAT-1","Non-neoplastic colon"
"ATGAGTCAGACTGGAA-1","Tumor stroma in muscularis propria"
"ATGAGTCTGTTGAACC-1","Tumor stroma in subserosa"
"ATGAGTGGCCATTAGC-1","Tumor stroma in muscularis propria"
"ATGAGTTAGGAAGCAT-1","Non-neoplastic colon"
"ATGAGTTCGACAGGCG-1","Non-neoplastic colon"
"ATGAGTTCTGCACCAG-1","Tumor stroma in mucosa and submucosa"
"ATGAGTTGAGACAGGA-1","Tumor cells in mucosa and submucosa"
"ATGAGTTGATGGTAAC-1","Tumor stroma in subserosa"
"ATGAGTTGTAGGCGAA-1","Tumor cells in subserosa"
"ATGATATTGAGTAACA-1","Tumor cells in subserosa"
"ATGATTAGCCAATATG-1","Non-neoplastic colon"
"ATGATTAGTACAAGCC-1","Tumor cells in mucosa and submucosa"
"ATGATTCATTGGTTCC-1","Tumor cells in mucosa and submucosa"
"ATGATTGAGTTGCGCA-1","Non-neoplastic colon"
"ATGATTGTATGATAAG-1","Tumor cells in subserosa"
"ATGCAACTCACCTTAC-1","Non-neoplastic colon"
"ATGCAATCACGAGCTG-1","Tumor stroma in muscularis propria"
"ATGCAATTATAGGATA-1","Tumor cells in muscularis propria"
"ATGCATCAGATTCCTC-1","Tumor cells in mucosa and submucosa"
"ATGCATCAGGAGCTGA-1","Tumor stroma in muscularis propria"
"ATGCATCCAACCGTCC-1","Non-neoplastic colon"
"ATGCATCCGGCACCTG-1","Non-neoplastic colon"
"ATGCATGAATCATACT-1","Necrosis"
"ATGCATGACTAGGTTA-1","Tumor stroma in mucosa and submucosa"
"ATGCATGGCTCGCATC-1","Non-neoplastic colon"
"ATGCATGTGCGATAGC-1","Tumor cells in muscularis propria"
"ATGCATTAACTCATGG-1","Tumor cells in mucosa and submucosa"
"ATGCATTACTTCTACG-1","Tumor cells at tumor invasive front/border"
"ATGCATTAGCGTATCT-1","Non-neoplastic colon"
"ATGCCAAGGATTGATC-1","Tumor cells in mucosa and submucosa"
"ATGCCAAGTGATAGAA-1","Tumor cells in mucosa and submucosa"
"ATGCCACGACGCTTCG-1","Non-neoplastic colon"
"ATGCCAGGTGTACGCA-1","Non-neoplastic colon"
"ATGCCATGCAGCGGCT-1","Non-neoplastic colon"
"ATGCCGTTCGCTGGTC-1","Non-neoplastic colon"
"ATGCCTATCTAGGAGT-1","Tumor cells in mucosa and submucosa"
"ATGCCTCGCCGATGTA-1","Tumor stroma in subserosa"
"ATGCCTCGGCTATTAC-1","Tumor cells in mucosa and submucosa"
"ATGCCTGTCAACATTA-1","Tumor cells in mucosa and submucosa"
"ATGCGAACAATCTGGC-1","Necrosis"
"ATGCGATGCGCACTAC-1","Tumor cells in subserosa"
"ATGCGATGTTCCGTGG-1","Non-neoplastic colon"
"ATGCGGATAATGGCAC-1","Tumor stroma in mucosa and submucosa"
"ATGCTCAACTCATAGC-1","Tumor cells in mucosa and submucosa"
"ATGCTCATACCACGAT-1","Tumor cells in muscularis propria"
"ATGCTCCTCGTTAGAA-1","Tumor stroma at tumor invasive front/border"
"ATGCTCGCCGGTCTGT-1","Non-neoplastic colon"
"ATGCTCGCTGTATCAC-1","Tumor stroma in subserosa"
"ATGCTCTTAGAATGCA-1","Tumor stroma in mucosa and submucosa"
"ATGCTCTTGACATAAT-1","Non-neoplastic colon"
"ATGCTGACCTCGTGTC-1","Non-neoplastic colon"
"ATGCTGACTGCTTATG-1","Tumor cells in subserosa"
"ATGCTGAGCAGAGCGT-1","Tumor stroma in muscularis propria"
"ATGCTGCATCGGATAA-1","Non-neoplastic colon"
"ATGCTGCGAATCATAA-1","Tumor cells in mucosa and submucosa"
"ATGCTGCGACCAACAG-1","Non-neoplastic colon"
"ATGCTGCGCACCAGTC-1","Tumor stroma in mucosa and submucosa"
"ATGCTGCGCTTATCAC-1","Tumor cells in mucosa and submucosa"
"ATGCTGCGGACGTGAA-1","Non-neoplastic colon"
"ATGCTGGACTTCACGC-1","Non-neoplastic colon"
"ATGCTGGCGGAGGCTC-1","Non-neoplastic colon"
"ATGCTGTAGGTTCTAC-1","Tumor cells in subserosa"
"ATGCTTACGGCAGCAT-1","Tumor cells in muscularis propria"
"ATGCTTAGCCGACTAC-1","Tumor stroma in mucosa and submucosa"
"ATGCTTAGTGAGATGG-1","Tumor cells in mucosa and submucosa"
"ATGGAACAGCTCAGGT-1","Non-neoplastic colon"
"ATGGAACCGTGAACGA-1","Tumor cells in subserosa"
"ATGGAACCTCCGAGGC-1","Tumor cells in mucosa and submucosa"
"ATGGAATATCGCCTAA-1","Non-neoplastic colon"
"ATGGAGATACCTTCCT-1","Tumor stroma at tumor invasive front/border"
"ATGGAGATGCCGGTAC-1","Tumor stroma in mucosa and submucosa"
"ATGGAGCGAGCCAAGA-1","Tumor stroma in mucosa and submucosa"
"ATGGAGCGTGAGGTGG-1","Tumor cells in muscularis propria"
"ATGGAGCGTTCGAATG-1","Tumor cells in muscularis propria"
"ATGGAGGCAACTTCAA-1","Tumor cells in muscularis propria"
"ATGGAGGCATTAATTA-1","Tumor stroma in muscularis propria"
"ATGGAGGCGACGAGCG-1","Tumor cells in mucosa and submucosa"
"ATGGAGGCGTCGTTAT-1","Non-neoplastic colon"
"ATGGAGGCTTCACGTG-1","Non-neoplastic colon"
"ATGGAGGTCAAGTCGC-1","Tumor cells in mucosa and submucosa"
"ATGGAGTACTGTCCAC-1","Non-neoplastic colon"
"ATGGAGTAGAGCGGAA-1","Non-neoplastic colon"
"ATGGAGTATGCAACCT-1","Tumor stroma at tumor invasive front/border"
"ATGGAGTTAACTGGCA-1","Tumor stroma in muscularis propria"
"ATGGATACCTGAATGC-1","Tumor cells in mucosa and submucosa"
"ATGGATAGACCATGGC-1","Non-neoplastic colon"
"ATGGATCTGTGATCAG-1","Tumor cells in subserosa"
"ATGGCCGATGGTAAGA-1","Non-neoplastic colon"
"ATGGCTAATCGTCCTA-1","Tumor cells in mucosa and submucosa"
"ATGGCTCCACGTTACG-1","Non-neoplastic colon"
"ATGGTAAGACATGCTC-1","Tumor cells in mucosa and submucosa"
"ATGGTATGCGACCGCC-1","Tumor cells in mucosa and submucosa"
"ATGTAATTCCTGCTCC-1","Necrosis"
"ATGTACAGACTAGGTT-1","Tumor stroma at tumor invasive front/border"
"ATGTACAGGATGGCCT-1","Tumor cells in mucosa and submucosa"
"ATGTACAGGCTAATGA-1","Non-neoplastic colon"
"ATGTACAGTTGTAGTG-1","Non-neoplastic colon"
"ATGTACATCCAATTAA-1","Tumor cells in mucosa and submucosa"
"ATGTACATCTCCAGCG-1","Tumor cells in mucosa and submucosa"
"ATGTACATGTAGAATA-1","Tumor stroma in mucosa and submucosa"
"ATGTACATTGGACAAT-1","Tumor cells in mucosa and submucosa"
"ATGTACCAAGCTAACA-1","Tumor stroma at tumor invasive front/border"
"ATGTACCAATTGGTGC-1","Tumor stroma in muscularis propria"
"ATGTACCGGCTCGTTC-1","Tumor stroma in mucosa and submucosa"
"ATGTACCTACCGCCAA-1","Tumor cells in mucosa and submucosa"
"ATGTACCTCAAGCCTC-1","Tumor stroma in muscularis propria"
"ATGTACCTTCGCTGAG-1","Non-neoplastic colon"
"ATGTACGATCCAGTAG-1","Tumor cells in mucosa and submucosa"
"ATGTACGATGAGTCTT-1","Tumor cells in mucosa and submucosa"
"ATGTACGATGGTACAG-1","Tumor stroma in mucosa and submucosa"
"ATGTACGATTCACGCC-1","Tumor stroma in mucosa and submucosa"
"ATGTACGCATCGTGAC-1","Tumor cells in muscularis propria"
"ATGTACGCATCTGCGG-1","Non-neoplastic colon"
"ATGTACGGAGTATCCA-1","Tumor stroma in mucosa and submucosa"
"ATGTACGGCGGTAATA-1","Non-neoplastic colon"
"ATGTACTAGACAGCCG-1","Tumor cells in mucosa and submucosa"
"ATGTACTCATGCTAAT-1","Non-neoplastic colon"
"ATGTACTGATACATTC-1","Tumor stroma in muscularis propria"
"ATGTACTTAGATACAT-1","Non-neoplastic colon"
"ATGTACTTGAGTTGTA-1","Tumor cells in mucosa and submucosa"
"ATGTAGAACAGGTTGC-1","Tumor stroma in mucosa and submucosa"
"ATGTAGAACGGATGCT-1","Tumor cells in mucosa and submucosa"
"ATGTAGAAGCACAGCA-1","Tumor cells in mucosa and submucosa"
"ATGTAGAAGCTGGCTA-1","Tumor cells in mucosa and submucosa"
"ATGTAGAATATGAGCG-1","Tumor cells in mucosa and submucosa"
"ATGTAGACAAGGTCTT-1","Non-neoplastic colon"
"ATGTAGACAGTATTAC-1","Non-neoplastic colon"
"ATGTAGACCAGTTAAG-1","Non-neoplastic colon"
"ATGTAGACTCTGATTC-1","Tumor cells in mucosa and submucosa"
"ATGTAGATCTCCTAGC-1","Non-neoplastic colon"
"ATGTAGATCTGGAGTC-1","Non-neoplastic colon"
"ATGTAGCCAGCAATGT-1","Non-neoplastic colon"
"ATGTAGCCTCTTACCG-1","Tumor cells in subserosa"
"ATGTAGCTTCGGAATT-1","Non-neoplastic colon"
"ATGTAGGAACGCAGGC-1","Tumor cells in muscularis propria"
"ATGTAGTGATGTGCCT-1","Tumor cells in mucosa and submucosa"
"ATGTAGTGCCGCCAAG-1","Tumor cells in mucosa and submucosa"
"ATGTAGTGTACGTACT-1","Tumor cells in muscularis propria"
"ATGTATCCGAGCAGTT-1","Tumor cells in mucosa and submucosa"
"ATGTATCCGGTGATTG-1","Tumor stroma in subserosa"
"ATGTATCCTCCGTTAA-1","Tumor stroma in mucosa and submucosa"
"ATGTATGAACCAATTA-1","Non-neoplastic colon"
"ATGTATGAAGGCTTCT-1","Non-neoplastic colon"
"ATGTATGGACCATAAG-1","Non-neoplastic colon"
"ATGTATGTCCGACACG-1","Non-neoplastic colon"
"ATGTATGTGGAGTTCC-1","Tumor stroma in muscularis propria"
"ATGTATTCTGCGCTCC-1","Tumor stroma in subserosa"
"ATGTCAACCAGGACGG-1","Non-neoplastic colon"
"ATGTCAACCATAAGCA-1","Tumor cells in subserosa"
"ATGTCAACTTCAGGAA-1","Non-neoplastic colon"
"ATGTCACTGGTTCAAC-1","Tumor cells in mucosa and submucosa"
"ATGTCATCGCCATTAT-1","Tumor cells in mucosa and submucosa"
"ATGTCGAGCCTTGTTA-1","Tumor cells in subserosa"
"ATGTCGAGCTCCGGAT-1","Non-neoplastic colon"
"ATGTCGAGTTGGCCAC-1","Tumor stroma in mucosa and submucosa"
"ATGTCGATCTTGGTCC-1","Non-neoplastic colon"
"ATGTCGCACGTCCGAG-1","Tumor cells in mucosa and submucosa"
"ATGTCGCAGAGCTGTC-1","Non-neoplastic colon"
"ATGTCGGCTGTATCTT-1","Tumor stroma in subserosa"
"ATGTCGTAGAATCTGG-1","Tumor cells at tumor invasive front/border"
"ATGTCGTAGGTAATCA-1","Other"
"ATGTCGTTGGCAGGAT-1","Non-neoplastic colon"
"ATGTCTCCTGGACTAG-1","Non-neoplastic colon"
"ATGTCTCGTTACAGTG-1","Tumor cells in muscularis propria"
"ATGTCTGGCCTCTGTT-1","Tumor cells in subserosa"
"ATGTCTGGTCCTTATC-1","Tumor cells in muscularis propria"
"ATGTCTTCCAGCCTAA-1","Tumor stroma in mucosa and submucosa"
"ATGTGAAGTCTAACCG-1","Tumor stroma in muscularis propria"
"ATGTGACACGTTAATT-1","Tumor stroma at tumor invasive front/border"
"ATGTGATACAAGGCAA-1","Tumor cells in muscularis propria"
"ATGTGATACCGCGTCG-1","Non-neoplastic colon"
"ATGTGATAGTGGTCGG-1","Tumor cells in mucosa and submucosa"
"ATGTGCAAGGATTAAC-1","Tumor stroma at tumor invasive front/border"
"ATGTGCCGAGTTATGT-1","Non-neoplastic colon"
"ATGTGCCGCAAGTCCA-1","Tumor cells in muscularis propria"
"ATGTGCCGTATCTGAC-1","Tumor cells in subserosa"
"ATGTGCGTTGATGGCG-1","Tumor stroma in mucosa and submucosa"
"ATGTGCTTGCGTAAGG-1","Tumor stroma in subserosa"
"ATGTGCTTGGTGAGGT-1","Tumor cells in subserosa"
"ATGTGGTCGGCGACCT-1","Tumor cells in subserosa"
"ATGTTAACAAGGATAC-1","Tumor cells in mucosa and submucosa"
"ATGTTAACGCTAACTT-1","Tumor cells in subserosa"
"ATGTTACCATTATCGC-1","Tumor cells in mucosa and submucosa"
"ATGTTACGCTTAAGTG-1","Necrosis"
"ATGTTACTAATGATGT-1","Necrosis"
"ATGTTACTTCAACGGC-1","Tumor cells at tumor invasive front/border"
"ATGTTAGACGGCAGTT-1","Non-neoplastic colon"
"ATGTTAGAGTAAGCCG-1","Tumor cells in mucosa and submucosa"
"ATGTTAGATGCGCCTG-1","Tumor stroma in subserosa"
"ATGTTAGATTGTATTG-1","Non-neoplastic colon"
"ATGTTAGTCTCGATGC-1","Non-neoplastic colon"
"ATGTTAGTCTGTCCGT-1","Non-neoplastic colon"
"ATGTTAGTTGTATGAT-1","Tumor stroma in subserosa"
"ATGTTCACGGCCTCGC-1","Non-neoplastic colon"
"ATGTTCACTGCAATCC-1","Tumor stroma in subserosa"
"ATGTTCAGCATATGCT-1","Tumor cells in mucosa and submucosa"
"ATGTTCGAGCGGAGGT-1","Non-neoplastic colon"
"ATGTTCGCAATATTAA-1","Non-neoplastic colon"
"ATGTTCGTCTGTGACC-1","Tumor cells in subserosa"
"ATGTTCTAACCACTCG-1","Non-neoplastic colon"
"ATGTTCTAAGGCTCTT-1","Tumor stroma in subserosa"
"ATGTTCTAGCGAGCAA-1","Non-neoplastic colon"
"ATGTTCTTATGTGGAG-1","Non-neoplastic colon"
"ATGTTCTTGCAGTCGT-1","Tumor stroma in muscularis propria"
"ATGTTGAAGACATGGA-1","Tumor cells in subserosa"
"ATGTTGTACATACACT-1","Tumor cells in mucosa and submucosa"
"ATTAACGGTCCTGAGC-1","Tumor cells in mucosa and submucosa"
"ATTAAGAACTAGTACA-1","Non-neoplastic colon"
"ATTAAGCAGTGAATAC-1","Tumor stroma in subserosa"
"ATTAAGTAATAGTCTG-1","Necrosis"
"ATTAAGTCAAGCGGTG-1","Tumor stroma in subserosa"
"ATTAATGCATGTAAGC-1","Tumor stroma in mucosa and submucosa"
"ATTACAACTGTCCGTA-1","Tumor stroma in subserosa"
"ATTACAACTTCATATC-1","Necrosis"
"ATTACAAGCCAATTAG-1","Non-neoplastic colon"
"ATTACAAGGTCGGTCA-1","Tumor stroma in subserosa"
"ATTACACGCCTAAGTC-1","Tumor cells in subserosa"
"ATTACAGCCGACTTAA-1","Non-neoplastic colon"
"ATTACAGCTACGGTAT-1","Tumor cells in muscularis propria"
"ATTACATTGTATCACC-1","Non-neoplastic colon"
"ATTACCATGGATGATA-1","Non-neoplastic colon"
"ATTACCGAATGTGAAC-1","Tumor cells in muscularis propria"
"ATTACCGGCCTGGATA-1","Tumor stroma in subserosa"
"ATTACCGGTACGACGT-1","Tumor cells in muscularis propria"
"ATTACCTTGCTCACAT-1","Tumor stroma in subserosa"
"ATTACCTTGTGGCGTT-1","Tumor cells in mucosa and submucosa"
"ATTACTATTACAGGCG-1","Tumor cells in mucosa and submucosa"
"ATTACTCAACAGTGCG-1","Non-neoplastic colon"
"ATTACTCAAGACATGC-1","Non-neoplastic colon"
"ATTACTCAATCGCCAT-1","Tumor stroma in mucosa and submucosa"
"ATTACTCATGGATTGG-1","PNI"
"ATTACTGTCCAATTGA-1","Non-neoplastic colon"
"ATTACTTAATGTCGGC-1","Tumor stroma in subserosa"
"ATTACTTCCGGTGGCG-1","Tumor stroma in mucosa and submucosa"
"ATTACTTCGCGATCGG-1","Tumor stroma in subserosa"
"ATTACTTCTGTTCACT-1","Non-neoplastic colon"
"ATTACTTGCCTACAGG-1","Tumor cells in subserosa"
"ATTAGAACCGGCTCTT-1","Tumor stroma in subserosa"
"ATTAGAACGGCCGCGG-1","Non-neoplastic colon"
"ATTAGAACTCAGTATT-1","Tumor stroma in mucosa and submucosa"
"ATTAGAAGTCCTGACA-1","Tumor stroma in subserosa"
"ATTAGACACCAGTCCA-1","Non-neoplastic colon"
"ATTAGACGTTGCTTGG-1","Tumor cells in mucosa and submucosa"
"ATTAGACTCACGTTGG-1","Non-neoplastic colon"
"ATTAGAGTCTGGCGCA-1","Tumor stroma in muscularis propria"
"ATTAGATAACCTTGAC-1","Non-neoplastic colon"
"ATTAGATACTTGCTAG-1","Non-neoplastic colon"
"ATTAGATCACCATACG-1","Tumor cells in mucosa and submucosa"
"ATTAGATCACTCCGTG-1","Non-neoplastic colon"
"ATTAGATCATTCGTCC-1","Non-neoplastic colon"
"ATTAGATCGATCTGGT-1","Tumor stroma in subserosa"
"ATTAGATCTTAAGACT-1","Non-neoplastic colon"
"ATTAGATGTCCACCTT-1","Non-neoplastic colon"
"ATTAGATTACAGGACC-1","Non-neoplastic colon"
"ATTAGATTATACTCCT-1","Tumor cells in mucosa and submucosa"
"ATTAGATTATCACGTA-1","Non-neoplastic colon"
"ATTAGCAACACTTGAG-1","Tumor cells in mucosa and submucosa"
"ATTAGCCGCATATTAC-1","Non-neoplastic colon"
"ATTAGCTAAGTTGGTT-1","Non-neoplastic colon"
"ATTAGGTGTCCGCTCA-1","Non-neoplastic colon"
"ATTAGTATCAACTCAA-1","Tumor stroma at tumor invasive front/border"
"ATTAGTCGACGCCTAT-1","Tumor stroma in muscularis propria"
"ATTATCAAGGCGAGTC-1","Non-neoplastic colon"
"ATTATCAATTCTGGAT-1","Non-neoplastic colon"
"ATTATCACTTACAGTG-1","Non-neoplastic colon"
"ATTATCCGAAGGATAA-1","Tumor stroma in mucosa and submucosa"
"ATTATCCGCCTGGCGT-1","Tumor cells in mucosa and submucosa"
"ATTATCGAACTTGTCG-1","Tumor stroma in mucosa and submucosa"
"ATTATCGAAGGCATGA-1","Tumor cells at tumor invasive front/border"
"ATTATCGAGTTGGTTC-1","Non-neoplastic colon"
"ATTATCGTGATAGATG-1","Tumor stroma in subserosa"
"ATTATCGTGGACTACA-1","Tumor cells at tumor invasive front/border"
"ATTATCGTTCGTCACT-1","Non-neoplastic colon"
"ATTATCTACTTGCACC-1","Tumor cells in mucosa and submucosa"
"ATTATCTATCTGGCCA-1","Non-neoplastic colon"
"ATTATCTGAACCGGAG-1","Tumor stroma in muscularis propria"
"ATTATCTGAAGTGCCT-1","Non-neoplastic colon"
"ATTATCTGGCCTCCAT-1","Non-neoplastic colon"
"ATTATCTTATGAGTCG-1","Non-neoplastic colon"
"ATTATGATTCGTGGTT-1","Necrosis"
"ATTATGCCTATCGCAG-1","Tumor cells in muscularis propria"
"ATTATGCGCTATCAGA-1","Tumor cells in subserosa"
"ATTATGCGCTGAGTGC-1","Tumor stroma in muscularis propria"
"ATTATGGACGCCAAGT-1","Tumor cells in subserosa"
"ATTATGTTGATCCATT-1","Non-neoplastic colon"
"ATTCAACACCGCTAAT-1","Tumor cells in mucosa and submucosa"
"ATTCAACCAGGCTTAC-1","Tumor cells in muscularis propria"
"ATTCAACGAATCAGTG-1","Non-neoplastic colon"
"ATTCAAGAGCTCCTGA-1","Tumor cells in muscularis propria"
"ATTCACATAATGATCG-1","Tumor stroma in muscularis propria"
"ATTCACATTCGCGGAC-1","Non-neoplastic colon"
"ATTCACCTGTCAGATG-1","Non-neoplastic colon"
"ATTCACGACATGGTCA-1","Non-neoplastic colon"
"ATTCACGACCGTCTCC-1","Tumor cells in mucosa and submucosa"
"ATTCACGCGGCTCACT-1","Tumor stroma in mucosa and submucosa"
"ATTCACGCTCCAGACA-1","Tumor cells in mucosa and submucosa"
"ATTCACGTGGTCCATG-1","Tumor stroma in mucosa and submucosa"
"ATTCACGTTCCGTGGC-1","Non-neoplastic colon"
"ATTCACGTTCGATCAT-1","Tumor cells in mucosa and submucosa"
"ATTCACGTTGAGGATC-1","Non-neoplastic colon"
"ATTCACGTTGCCATAC-1","Tumor stroma in muscularis propria"
"ATTCACTAGAAGTAAG-1","Non-neoplastic colon"
"ATTCACTCATCGAATG-1","Tumor cells in mucosa and submucosa"
"ATTCACTCCAATCGAA-1","Tumor cells in mucosa and submucosa"
"ATTCACTCGGTAGCAG-1","Tumor cells in mucosa and submucosa"
"ATTCACTCGTATGTTG-1","Tumor cells at tumor invasive front/border"
"ATTCACTGAATGCGGC-1","Tumor stroma in mucosa and submucosa"
"ATTCACTGAGACTGCT-1","Tumor cells in subserosa"
"ATTCACTGAGCCGATC-1","Non-neoplastic colon"
"ATTCACTGATCCACAT-1","Non-neoplastic colon"
"ATTCACTGCATATGCG-1","Non-neoplastic colon"
"ATTCACTGGCAATGAC-1","Non-neoplastic colon"
"ATTCACTGTTAGACTC-1","Tumor cells in muscularis propria"
"ATTCACTGTTGCTTAG-1","Other"
"ATTCAGATTCTACATT-1","Tumor stroma in mucosa and submucosa"
"ATTCAGCCAACTATAG-1","Non-neoplastic colon"
"ATTCAGCCGTAACACG-1","Non-neoplastic colon"
"ATTCAGCGATGACGTG-1","Other"
"ATTCAGCGCAGCCGCA-1","Tumor stroma in mucosa and submucosa"
"ATTCAGCTAGTGTCGC-1","Non-neoplastic colon"
"ATTCAGCTCATCGCAC-1","Tumor stroma in mucosa and submucosa"
"ATTCAGCTGACTGAGT-1","Non-neoplastic colon"
"ATTCAGCTGTAGGTCC-1","Tumor cells in subserosa"
"ATTCAGGCGAATTAGG-1","Tumor cells in subserosa"
"ATTCAGGCTACAACAT-1","Non-neoplastic colon"
"ATTCAGTCTTACCAGA-1","Non-neoplastic colon"
"ATTCAGTCTTGGTCGC-1","Non-neoplastic colon"
"ATTCAGTGAACATCGG-1","Necrosis"
"ATTCAGTGACTCAGAC-1","Necrosis"
"ATTCCAATGAGGTTCG-1","Non-neoplastic colon"
"ATTCCAGAGCCGTGGA-1","Non-neoplastic colon"
"ATTCCAGTGGAATAAG-1","Non-neoplastic colon"
"ATTCCATTGTAATGTA-1","Non-neoplastic colon"
"ATTCCGACTGGAAGCC-1","Non-neoplastic colon"
"ATTCCGCACGCTGGCT-1","Non-neoplastic colon"
"ATTCCGCAGCGGTGAC-1","Tumor cells in muscularis propria"
"ATTCCGCATTAGCCTA-1","Tumor stroma in subserosa"
"ATTCCGCATTGGTACG-1","Tumor stroma in muscularis propria"
"ATTCCGGTATGATTGT-1","Tumor stroma at tumor invasive front/border"
"ATTCCGGTCTATCCTG-1","Non-neoplastic colon"
"ATTCCGGTGCAGGTGG-1","Tumor stroma in mucosa and submucosa"
"ATTCCGGTGCTTCCGA-1","Tumor cells in mucosa and submucosa"
"ATTCCGTCACCTACCA-1","Non-neoplastic colon"
"ATTCCGTCCGGTGCTT-1","Tumor cells in mucosa and submucosa"
"ATTCCGTCCTTCGGTA-1","Tumor stroma in subserosa"
"ATTCCTGTAGACTCGC-1","Non-neoplastic colon"
"ATTCCTTACGCCGGTG-1","Non-neoplastic colon"
"ATTCCTTCATGGTTGA-1","Tumor stroma in mucosa and submucosa"
"ATTCCTTCGAGTCCTA-1","Non-neoplastic colon"
"ATTCGCAACTGGTAAG-1","Non-neoplastic colon"
"ATTCGTGCCAGGCAAT-1","Non-neoplastic colon"
"ATTCTAATAGATGCTG-1","Tumor cells in mucosa and submucosa"
"ATTCTAATAGGTCGGC-1","Tumor stroma in mucosa and submucosa"
"ATTCTAATGTGAAGAT-1","Non-neoplastic colon"
"ATTCTACGGCGAGTCT-1","Non-neoplastic colon"
"ATTCTACTCGAACGAA-1","Tumor stroma in subserosa"
"ATTCTAGGAATTGTGC-1","Tumor cells in mucosa and submucosa"
"ATTCTATCGGTCACAA-1","Other"
"ATTCTATGTTCGCAAG-1","Tumor stroma in mucosa and submucosa"
"ATTCTGAGTGATGCCA-1","Tumor stroma in muscularis propria"
"ATTCTGCCGAGGCTCA-1","Non-neoplastic colon"
"ATTCTGGAATCCTGGT-1","Tumor cells at tumor invasive front/border"
"ATTCTGTTATAACTGA-1","Tumor cells in mucosa and submucosa"
"ATTCTTAACGAGCAAG-1","Tumor stroma in subserosa"
"ATTCTTAACGCATTGA-1","Tumor stroma in mucosa and submucosa"
"ATTCTTCCGGTCAGCG-1","Tumor cells in mucosa and submucosa"
"ATTCTTGTAGAAGGAT-1","Tumor cells in mucosa and submucosa"
"ATTCTTGTAGGCATCT-1","Tumor cells in muscularis propria"
"ATTGAAGACCTCGCAG-1","Tumor stroma in muscularis propria"
"ATTGACAGCCAACAAG-1","Non-neoplastic colon"
"ATTGACCAGTGCCTAG-1","Non-neoplastic colon"
"ATTGACGATGCGGCCA-1","Tumor cells in muscularis propria"
"ATTGACGTGACACCTC-1","Non-neoplastic colon"
"ATTGACTGTAGGCACC-1","Tumor cells in mucosa and submucosa"
"ATTGAGCTCAGAACAA-1","Non-neoplastic colon"
"ATTGATCAGTTGAAGG-1","Tumor cells in mucosa and submucosa"
"ATTGATCTCGGCGAGT-1","Non-neoplastic colon"
"ATTGATGTGCTATGAG-1","Non-neoplastic colon"
"ATTGCACGGCGTACTA-1","Non-neoplastic colon"
"ATTGCACGTGAACGGT-1","Tumor stroma in muscularis propria"
"ATTGCAGAGTTAGAGT-1","Tumor stroma in muscularis propria"
"ATTGCAGGATGTCTAC-1","Non-neoplastic colon"
"ATTGCAGTCTGCGGTT-1","Tumor stroma in muscularis propria"
"ATTGCATAGAATCGAT-1","Tumor stroma in subserosa"
"ATTGCATGAGAATGTC-1","Tumor cells in mucosa and submucosa"
"ATTGCATTCGGTCGAC-1","Tumor cells in mucosa and submucosa"
"ATTGCCAAGCACGCAA-1","Tumor cells in muscularis propria"
"ATTGCCAAGGCGCTCG-1","Tumor cells in mucosa and submucosa"
"ATTGCCAATATCGACA-1","Tumor stroma in mucosa and submucosa"
"ATTGCCAATGCCACTG-1","Non-neoplastic colon"
"ATTGCCAATGGTCACC-1","Tumor stroma in mucosa and submucosa"
"ATTGCCACTTATACTC-1","Tumor cells in mucosa and submucosa"
"ATTGCCGACTGCTTAA-1","Non-neoplastic colon"
"ATTGCCGCAGGCTCTA-1","Tumor stroma at tumor invasive front/border"
"ATTGCCGCGAATGGTA-1","Tumor cells in subserosa"
"ATTGCCGCGGAATCCG-1","Non-neoplastic colon"
"ATTGCCGCTCACTTGG-1","Non-neoplastic colon"
"ATTGCCGCTCTTGCTG-1","Non-neoplastic colon"
"ATTGCCTGCAACAGTG-1","Tumor stroma at tumor invasive front/border"
"ATTGCCTGGAGTAGAA-1","Tumor stroma in subserosa"
"ATTGCCTTATACTAGA-1","Non-neoplastic colon"
"ATTGCGACATGAATTC-1","Tumor cells in mucosa and submucosa"
"ATTGCGCAGGTCATAA-1","Tumor stroma in subserosa"
"ATTGCGTATGGTACTA-1","Necrosis"
"ATTGGAAGTTGAGTGC-1","Tumor cells in muscularis propria"
"ATTGGCAAGCGGAAGG-1","Non-neoplastic colon"
"ATTGGCACGCCGTTGA-1","Tumor cells in mucosa and submucosa"
"ATTGGCACGCTTGACC-1","Non-neoplastic colon"
"ATTGGCAGTACACGCA-1","Non-neoplastic colon"
"ATTGGCATAGCCGGCG-1","Non-neoplastic colon"
"ATTGGCCTTGAGACGC-1","Tumor cells in muscularis propria"
"ATTGGCGATTCACGGT-1","Non-neoplastic colon"
"ATTGGCTACGATAATT-1","Tumor cells in mucosa and submucosa"
"ATTGGCTAGTCAGAGC-1","Non-neoplastic colon"
"ATTGGCTCGTATTGTT-1","Tumor stroma in mucosa and submucosa"
"ATTGTTAACGGCAGGA-1","Non-neoplastic colon"
"ATTGTTACTTGATCTG-1","Tumor cells in mucosa and submucosa"
"ATTGTTAGAACACGTC-1","Other"
"ATTGTTATACAAGCCT-1","Tumor cells in muscularis propria"
"ATTGTTATCAGTCTTC-1","LVI"
"ATTGTTCAGAAGCTAA-1","Tumor cells in mucosa and submucosa"
"ATTGTTCGCAGAGGCA-1","Tumor cells in mucosa and submucosa"
"ATTGTTCGCTCGCCTA-1","Tumor cells in mucosa and submucosa"
"ATTGTTCGTGGTCTGA-1","Tumor cells in subserosa"
"ATTGTTCTGCGTGAGC-1","Tumor cells in mucosa and submucosa"
"CAACAGCTCCTGAGTG-1","Necrosis"
"CAACAGTGAATCGTTC-1","Tumor cells in mucosa and submucosa"
"CAACAGTTCTTACCGT-1","Tumor cells in muscularis propria"
"CAACAGTTGATTATGC-1","Non-neoplastic colon"
"CAACAGTTGCCGAATC-1","Non-neoplastic colon"
"CAACATTCAACGTTGG-1","Necrosis"
"CAACCATGCCTGGTAG-1","Tumor stroma in muscularis propria"
"CAACCGAACACCAGAT-1","Tumor cells in subserosa"
"CAACCGAACGAACGTG-1","Non-neoplastic colon"
"CAACCGATCAGACTAA-1","Tumor cells in subserosa"
"CAACCGATCGCATAGA-1","PNI"
"CAACCGGACCTCGGCC-1","Tumor cells in mucosa and submucosa"
"CAACCGGAGGTGTATT-1","Tumor cells in mucosa and submucosa"
"CAACCGGCGTCCTAGC-1","Tumor stroma in muscularis propria"
"CAACCGGCTAACTTCC-1","Tumor stroma in mucosa and submucosa"
"CAACCGTACACTCATC-1","Tumor stroma in subserosa"
"CAACCGTACGCCGTCT-1","Non-neoplastic colon"
"CAACCGTCGCACAGGC-1","Tumor cells in mucosa and submucosa"
"CAACCGTTGAGGCTGT-1","Tumor cells in mucosa and submucosa"
"CAACGCGTTGTCACGT-1","Tumor stroma in mucosa and submucosa"
"CAACGGAAGGCTGTAA-1","Non-neoplastic colon"
"CAACGGACTGCTTCGA-1","Tumor cells in mucosa and submucosa"
"CAACGGAGCTCGCAGG-1","Non-neoplastic colon"
"CAACGTAATACGGTTG-1","Tumor stroma in muscularis propria"
"CAACGTCCGAGGTATC-1","Tumor stroma in muscularis propria"
"CAACGTCTTGTACCTG-1","Necrosis"
"CAACGTGATGACCGTC-1","Tumor cells in subserosa"
"CAACTAACAACTTATT-1","Tumor cells in mucosa and submucosa"
"CAACTATTGTCGAGAT-1","Non-neoplastic colon"
"CAACTCTGAGTGCAGA-1","Tumor cells in mucosa and submucosa"
"CAACTGACTGAGAACA-1","Tumor stroma in muscularis propria"
"CAACTGCTGGCTATCC-1","Tumor cells in subserosa"
"CAACTGTACAGCCGTA-1","Non-neoplastic colon"
"CAACTTGAGGACGTAA-1","Tumor cells in muscularis propria"
"CAACTTGGTCCTCACG-1","Tumor cells in subserosa"
"CAACTTGTAGGTTAGG-1","Tumor cells in mucosa and submucosa"
"CAACTTGTTCCAGAAT-1","Tumor stroma in muscularis propria"
"CAAGACCAGCCAATCA-1","Tumor cells in muscularis propria"
"CAAGACCATGTCGAGG-1","Non-neoplastic colon"
"CAAGACGATTAGCAGG-1","Tumor stroma in mucosa and submucosa"
"CAAGACGCAGTATGGT-1","Tumor cells in subserosa"
"CAAGATAACGTCGCCT-1","Tumor cells in mucosa and submucosa"
"CAAGATAAGATCCGAG-1","Non-neoplastic colon"
"CAAGATAATTGCCTAA-1","Non-neoplastic colon"
"CAAGATCCAACCTAAT-1","Tumor cells in mucosa and submucosa"
"CAAGATCCGCATGGCG-1","Tumor stroma in subserosa"
"CAAGATTAACAGCAAC-1","Tumor cells in muscularis propria"
"CAAGATTAAGCGGCAT-1","Tumor cells in mucosa and submucosa"
"CAAGATTACTGTGCCG-1","Tumor stroma in muscularis propria"
"CAAGCCAGACGCAGAA-1","Tumor cells in mucosa and submucosa"
"CAAGCCTCTTACAGGA-1","Tumor cells in muscularis propria"
"CAAGCCTGTCGTTCAC-1","Tumor cells in muscularis propria"
"CAAGCTTCCATACATT-1","PNI"
"CAAGGATTATTCTGAG-1","Tumor stroma at tumor invasive front/border"
"CAAGGCAGAATAGCGG-1","Tumor cells in mucosa and submucosa"
"CAAGGCCTAATGAACC-1","Non-neoplastic colon"
"CAAGGCCTATCGAGTG-1","Tumor stroma in mucosa and submucosa"
"CAAGGCCTGCCTATAC-1","Tumor stroma at tumor invasive front/border"
"CAAGGCGGTTGCCTAC-1","Tumor cells in muscularis propria"
"CAAGGCTCGTAAGGCT-1","Tumor cells in mucosa and submucosa"
"CAAGGTCACTCCAACA-1","Tumor cells in mucosa and submucosa"
"CAAGGTCATTGTGAGG-1","Non-neoplastic colon"
"CAAGGTGACCATTAGA-1","Non-neoplastic colon"
"CAAGTAAGAACCACCT-1","Tumor cells in subserosa"
"CAAGTAAGGCGTCCTA-1","Tumor stroma in subserosa"
"CAAGTAAGTGCATCAC-1","Tumor cells in muscularis propria"
"CAAGTAGAAGCGTAGG-1","Tumor stroma in muscularis propria"
"CAAGTAGCAATAACGG-1","Non-neoplastic colon"
"CAAGTAGCCACTGGAA-1","Tumor cells in mucosa and submucosa"
"CAAGTATCGGAGTTAC-1","Tumor stroma in mucosa and submucosa"
"CAAGTCACAACGCTAT-1","Non-neoplastic colon"
"CAAGTCCATACTCGTA-1","Tumor stroma in muscularis propria"
"CAAGTCCGCTTAGAGT-1","Non-neoplastic colon"
"CAAGTCCGTATGATTA-1","Tumor stroma in muscularis propria"
"CAAGTCGGAGGTTGTA-1","Non-neoplastic colon"
"CAAGTCGTATGCGAAT-1","Tumor cells in mucosa and submucosa"
"CAAGTCTATTGTGCTC-1","Non-neoplastic colon"
"CAAGTCTGGCAACCGG-1","Tumor cells at tumor invasive front/border"
"CAAGTCTGGCTCAACA-1","Non-neoplastic colon"
"CAAGTCTTAGACAACC-1","Non-neoplastic colon"
"CAAGTCTTCGGTTCGG-1","Non-neoplastic colon"
"CAAGTGAATACTGAGC-1","Tumor stroma in mucosa and submucosa"
"CAAGTGAATTATACCA-1","Non-neoplastic colon"
"CAAGTGACAGATGGAC-1","Non-neoplastic colon"
"CAAGTGACGAAGGTCC-1","Tumor cells at tumor invasive front/border"
"CAAGTGACTGGACGCA-1","Tumor stroma in subserosa"
"CAAGTGAGCTCGCCAT-1","Non-neoplastic colon"
"CAAGTGAGGCTGAGCT-1","Tumor cells in mucosa and submucosa"
"CAAGTGATAAGTATGG-1","Non-neoplastic colon"
"CAAGTGATGGCCTCTT-1","Tumor stroma in muscularis propria"
"CAAGTGCGACATAAGA-1","Tumor cells in mucosa and submucosa"
"CAAGTGCGCATCTAGC-1","Tumor cells in mucosa and submucosa"
"CAAGTGCGGACATCGG-1","PNI"
"CAAGTGCTCGAAGTTC-1","Non-neoplastic colon"
"CAAGTGGACCTTAACA-1","Tumor stroma in muscularis propria"
"CAAGTGGAGTGCAGCC-1","Tumor stroma in muscularis propria"
"CAAGTGTCTGTAGCCG-1","Tumor cells in mucosa and submucosa"
"CAATAAGACGCTTGAA-1","Non-neoplastic colon"
"CAATAAGGTTCTGGTT-1","Non-neoplastic colon"
"CAATACCATGACGTCT-1","Tumor stroma in subserosa"
"CAATACCGCTTCCAAG-1","Tumor stroma in subserosa"
"CAATACTTAAGTGGAA-1","Tumor stroma in muscularis propria"
"CAATACTTCAGCCGTG-1","Tumor cells in mucosa and submucosa"
"CAATAGCAACAGCCTA-1","Tumor stroma in subserosa"
"CAATCAACAGCATACG-1","Non-neoplastic colon"
"CAATCAGATATCTTGG-1","Non-neoplastic colon"
"CAATCAGCACCTTAGT-1","Non-neoplastic colon"
"CAATCAGTCTTGAGCG-1","Non-neoplastic colon"
"CAATCATGAGTTACAT-1","Tumor stroma in subserosa"
"CAATCGAAGTAGGACA-1","Necrosis"
"CAATCTAGGCAGGAGC-1","Necrosis"
"CAATCTAGTGCCGGAT-1","Non-neoplastic colon"
"CAATCTCGGTACTGCG-1","Tumor stroma in subserosa"
"CAATCTGATCATCGGT-1","Non-neoplastic colon"
"CAATCTGCAATGAACA-1","Non-neoplastic colon"
"CAATCTGCCGCTCAAG-1","Tumor cells in mucosa and submucosa"
"CAATCTGGAGCGTGCC-1","Tumor stroma in muscularis propria"
"CAATCTTAACAAGAGT-1","Tumor cells in mucosa and submucosa"
"CAATCTTAAGATGCTC-1","Tumor cells in mucosa and submucosa"
"CAATCTTACGGCAGAA-1","Non-neoplastic colon"
"CAATCTTATTGCCAAT-1","Tumor cells in mucosa and submucosa"
"CAATCTTCTGATTGCT-1","Non-neoplastic colon"
"CAATGAGCAGAAGGCT-1","Tumor cells in mucosa and submucosa"
"CAATGCAATCAATCAG-1","Tumor cells in mucosa and submucosa"
"CAATGCACTTCGAATG-1","Non-neoplastic colon"
"CAATGCATCACGGACT-1","Tumor stroma in subserosa"
"CAATGCATTAATCAAC-1","Tumor cells in muscularis propria"
"CAATGCCATATTACAG-1","Tumor cells in muscularis propria"
"CAATGCCGAATGTAAG-1","Tumor cells in mucosa and submucosa"
"CAATGCCGGATGCGCC-1","Non-neoplastic colon"
"CAATGCCGTCGAGGTT-1","Non-neoplastic colon"
"CAATGCCGTGACATTA-1","Tumor stroma in mucosa and submucosa"
"CAATGCCGTTCGTGCA-1","Tumor cells in mucosa and submucosa"
"CAATGCGGACTGTTCA-1","Tumor stroma in subserosa"
"CAATGCGGTAGATTGA-1","Non-neoplastic colon"
"CAATGCTACGTGCCAC-1","Tumor cells in subserosa"
"CAATGGACTTACTTGT-1","Non-neoplastic colon"
"CAATGGATACGCTCGA-1","Non-neoplastic colon"
"CAATGGATAGTCCAGC-1","Tumor stroma in mucosa and submucosa"
"CAATGGCCGAATCGGT-1","Tumor stroma in subserosa"
"CAATGGCCGCTTACGA-1","Tumor cells in subserosa"
"CAATGGTATGTATCTA-1","Tumor cells in mucosa and submucosa"
"CAATGGTCCTGGCCGG-1","Non-neoplastic colon"
"CAATGGTCTAATGTAC-1","Tumor cells in mucosa and submucosa"
"CAATGGTTGTATGTGA-1","Non-neoplastic colon"
"CAATTCGCGTGAGCCA-1","Tumor stroma in subserosa"
"CAATTCTATCTGACTA-1","Non-neoplastic colon"
"CAATTGAACTACTCTT-1","Non-neoplastic colon"
"CAATTGACGTTATGGA-1","Non-neoplastic colon"
"CAATTGATACTCAACG-1","Tumor stroma in subserosa"
"CAATTGCCAGCACTAC-1","Tumor stroma in subserosa"
"CAATTGCTTAAGTCAC-1","Non-neoplastic colon"
"CAATTGCTTATTGCCG-1","Tumor stroma at tumor invasive front/border"
"CAATTGGAGTCCTTCA-1","Tumor cells in muscularis propria"
"CAATTGGATAGAGGTG-1","Tumor stroma in mucosa and submucosa"
"CAATTGGATGTTACAA-1","Non-neoplastic colon"
"CAATTGTATCGACGGA-1","Tumor stroma in subserosa"
"CAATTGTTCGCTGGCA-1","Necrosis"
"CACCAGAACGTATTCA-1","Tumor cells in mucosa and submucosa"
"CACCATCTTACCAGTC-1","Tumor stroma in muscularis propria"
"CACCGACTCGCTCCTT-1","Non-neoplastic colon"
"CACCGAGTAACTCGAA-1","Tumor stroma in mucosa and submucosa"
"CACCGAGTAGATGACT-1","Non-neoplastic colon"
"CACCGAGTGCAAGGTT-1","Non-neoplastic colon"
"CACCGCCAAGTTGTTC-1","Non-neoplastic colon"
"CACCGCTCTTGCCTAA-1","Non-neoplastic colon"
"CACCGGTGCTTCGCTG-1","Non-neoplastic colon"
"CACCTAATACGCGTCA-1","Tumor stroma in mucosa and submucosa"
"CACCTAATGTCAGAAT-1","Necrosis"
"CACCTAATGTTCCTGA-1","Tumor cells in mucosa and submucosa"
"CACCTACCTGCGTATT-1","Non-neoplastic colon"
"CACCTAGATACTTAGG-1","Tumor stroma in mucosa and submucosa"
"CACCTATTACTGCTTC-1","Other"
"CACCTATTCCTTGTGG-1","Necrosis"
"CACCTCACCTAGTTGG-1","Tumor cells in mucosa and submucosa"
"CACCTCAGTGCGGCCG-1","Tumor stroma in subserosa"
"CACCTCCACCAATCGA-1","Tumor cells in mucosa and submucosa"
"CACCTCCAGTTGATAA-1","Tumor cells in mucosa and submucosa"
"CACCTCCATCCAATTG-1","Tumor cells in muscularis propria"
"CACCTCGAACCTGGAT-1","Tumor stroma in muscularis propria"
"CACCTCGAAGCAGATA-1","Tumor stroma in subserosa"
"CACCTCGAGCGTCAAC-1","Tumor cells in mucosa and submucosa"
"CACCTCGATTATAGTG-1","Tumor stroma at tumor invasive front/border"
"CACCTCGCCTGCACTT-1","Tumor stroma in muscularis propria"
"CACCTCGCGAACCATT-1","Non-neoplastic colon"
"CACCTCGGACGAGCAC-1","Necrosis"
"CACCTCGGCAGTCGAA-1","Tumor cells in muscularis propria"
"CACCTCGGTCGGCTAT-1","Tumor stroma in subserosa"
"CACCTCGTCCGCTCGG-1","Tumor cells in mucosa and submucosa"
"CACCTTCCTCATCCGT-1","Tumor cells in mucosa and submucosa"
"CACGAACCGGTGATAC-1","Tumor cells in mucosa and submucosa"
"CACGAACGATAGTGGC-1","Tumor stroma in subserosa"
"CACGAACTTGCGTGCG-1","Non-neoplastic colon"
"CACGAAGACCGTGAAT-1","Tumor cells in mucosa and submucosa"
"CACGAATCAATACTTC-1","Tumor stroma in muscularis propria"
"CACGAATGCCAAGAGC-1","Tumor cells in muscularis propria"
"CACGATAATTATCCGG-1","Tumor cells in mucosa and submucosa"
"CACGATACCACGTCAT-1","Tumor cells in mucosa and submucosa"
"CACGATACTCTAACAT-1","Tumor cells in muscularis propria"
"CACGATCAACGACATT-1","Non-neoplastic colon"
"CACGATCTATCTCAAC-1","Tumor stroma in muscularis propria"
"CACGATGAAGGAACGG-1","Non-neoplastic colon"
"CACGATGAGGTTGTGA-1","Tumor cells in subserosa"
"CACGATGAGTCCTGGC-1","Tumor cells in subserosa"
"CACGATGCGTATCGTA-1","Tumor stroma in muscularis propria"
"CACGATGGTGTCTGAA-1","Tumor cells in mucosa and submucosa"
"CACGATGGTTAACATT-1","Non-neoplastic colon"
"CACGATGTCGTGGTAG-1","Non-neoplastic colon"
"CACGATTAGTCTGACT-1","Tumor cells in mucosa and submucosa"
"CACGATTGCCTATTGA-1","Non-neoplastic colon"
"CACGATTGCGGAGTAC-1","Tumor cells in mucosa and submucosa"
"CACGCACGGCCGTTCT-1","Non-neoplastic colon"
"CACGCCACCGAGGCCT-1","Non-neoplastic colon"
"CACGCCACCGGTATGT-1","Non-neoplastic colon"
"CACGCCACTTAGTATT-1","Tumor stroma in mucosa and submucosa"
"CACGCCATGTTAACCT-1","Tumor cells in muscularis propria"
"CACGCCATTCTTGTCA-1","Tumor stroma in subserosa"
"CACGCCGGACAGATAC-1","Tumor stroma in subserosa"
"CACGCCGGACGGCCTT-1","Tumor cells in mucosa and submucosa"
"CACGCCGTCGGTCCTC-1","Tumor cells in mucosa and submucosa"
"CACGCCTAAGGTCACG-1","Tumor stroma in mucosa and submucosa"
"CACGCCTGTACGGCAT-1","Tumor stroma in mucosa and submucosa"
"CACGCTATGGTCAAGG-1","Tumor stroma in muscularis propria"
"CACGGCAATGCCGTGA-1","Tumor cells in mucosa and submucosa"
"CACGGCAGCGCACGAG-1","Non-neoplastic colon"
"CACGGCAGTCAACTGG-1","Tumor cells in mucosa and submucosa"
"CACGGCATACCACTAT-1","Non-neoplastic colon"
"CACGGCCGACAGCAGA-1","Non-neoplastic colon"
"CACGGCGATATTGGAG-1","Non-neoplastic colon"
"CACGGCTCAGGTAGTC-1","Non-neoplastic colon"
"CACGGCTCAGTGAACA-1","Non-neoplastic colon"
"CACGGCTCATAGGCTA-1","Non-neoplastic colon"
"CACGGCTCATGCCAGT-1","Non-neoplastic colon"
"CACGGTACGATACAAG-1","Non-neoplastic colon"
"CACGGTCCGCTAGCTC-1","Tumor cells in subserosa"
"CACGTAGCGGTTACAT-1","Non-neoplastic colon"
"CACGTATCGGCGGAGT-1","Tumor stroma in subserosa"
"CACGTATGGACGTCTG-1","Non-neoplastic colon"
"CACGTCACATAGAACC-1","Tumor cells in mucosa and submucosa"
"CACGTCACTACATGGA-1","Necrosis"
"CACGTCCAGCAAGGAT-1","Tumor stroma in subserosa"
"CACGTCCAGGTTCTCC-1","Tumor stroma in mucosa and submucosa"
"CACGTCGAGTTAGGTG-1","Non-neoplastic colon"
"CACGTGCCGTCGTACA-1","Tumor cells in mucosa and submucosa"
"CACGTGCGTCTTCGAA-1","Tumor cells in muscularis propria"
"CACGTGGATCCTCAGA-1","Non-neoplastic colon"
"CACGTGGCCGCTTCGA-1","Tumor stroma at tumor invasive front/border"
"CACGTGGTACCGTGGC-1","Tumor stroma in muscularis propria"
"CACGTTAGCTCCATTC-1","Non-neoplastic colon"
"CACGTTCCTCTTGAAC-1","Tumor stroma in mucosa and submucosa"
"CACGTTCTTAGGAAGT-1","Tumor stroma in muscularis propria"
"CACGTTGGCATTACAA-1","Non-neoplastic colon"
"CACTAAGCGTTCGGTT-1","Necrosis"
"CACTAATATGCTGTTG-1","Tumor cells in mucosa and submucosa"
"CACTACAACTGGCCGT-1","Non-neoplastic colon"
"CACTACAAGCATGTCA-1","Non-neoplastic colon"
"CACTACAATCGTTATG-1","Non-neoplastic colon"
"CACTACCGCAAGAACT-1","Tumor stroma in muscularis propria"
"CACTACCTCATGCAAC-1","Tumor cells in subserosa"
"CACTACGCATTAGTAT-1","Tumor stroma at tumor invasive front/border"
"CACTACGCGGCACTGA-1","Non-neoplastic colon"
"CACTACGTGGACTTCG-1","Tumor cells in mucosa and submucosa"
"CACTACTGGAACGCGA-1","Tumor cells in mucosa and submucosa"
"CACTACTGGTGCTCTG-1","Tumor cells in mucosa and submucosa"
"CACTACTGTCACGAAG-1","Tumor cells in mucosa and submucosa"
"CACTCAACTGTCCATG-1","Tumor cells in mucosa and submucosa"
"CACTCAAGCGAGCGTG-1","Tumor stroma in subserosa"
"CACTCAAGGAGTGAAG-1","Tumor cells in mucosa and submucosa"
"CACTCAATAGCTGAAT-1","Non-neoplastic colon"
"CACTCAGTACCTTCAA-1","Tumor cells in mucosa and submucosa"
"CACTCAGTCCAGCGGA-1","Tumor cells in mucosa and submucosa"
"CACTCAGTCTTCGGAA-1","Tumor cells in muscularis propria"
"CACTCAGTTACCTGAG-1","Necrosis"
"CACTCCAATCATGCTT-1","Tumor stroma in mucosa and submucosa"
"CACTCGAACTTGTTAC-1","Non-neoplastic colon"
"CACTCGCACTATTAGG-1","Non-neoplastic colon"
"CACTCGTAATCGAGTT-1","Tumor cells in mucosa and submucosa"
"CACTGAATGTGGACGA-1","Tumor stroma in mucosa and submucosa"
"CACTGACTAAGGTTGA-1","Tumor stroma in mucosa and submucosa"
"CACTGACTGGCGTACC-1","Non-neoplastic colon"
"CACTGCAGGTCCAACG-1","Tumor cells in mucosa and submucosa"
"CACTGGAAGATGGCCG-1","Tumor stroma in mucosa and submucosa"
"CACTGGAATGAAGTTA-1","Non-neoplastic colon"
"CACTGGACAGGTGAAC-1","Tumor cells in subserosa"
"CACTGGACGCGTTCTG-1","Non-neoplastic colon"
"CACTGGCCGCATAGAC-1","Tumor cells in subserosa"
"CACTGGCGCCGAACCT-1","Other"
"CACTGGCGTGCGCCAT-1","Tumor cells in mucosa and submucosa"
"CACTGGCTCCACCTAC-1","Tumor stroma in mucosa and submucosa"
"CACTGGCTTGCGATTG-1","Non-neoplastic colon"
"CACTGGTGCTCGAGCA-1","Tumor stroma in subserosa"
"CACTGGTGGATTAAGA-1","Non-neoplastic colon"
"CACTGGTGGCTGGCGT-1","Non-neoplastic colon"
"CACTGTCTACCTAACC-1","Non-neoplastic colon"
"CACTGTGGATAGATTC-1","Tumor cells in mucosa and submucosa"
"CACTGTTAAGCGCAAT-1","Non-neoplastic colon"
"CACTTACTCGTGGTCG-1","Non-neoplastic colon"
"CACTTCCGGACGAAGC-1","Non-neoplastic colon"
"CACTTCCGTATCCGGT-1","Tumor stroma in mucosa and submucosa"
"CACTTGAGTTACAATG-1","Tumor stroma at tumor invasive front/border"
"CAGAACATTCACGCAC-1","Tumor stroma in subserosa"
"CAGAACCACGGTACGC-1","Tumor cells at tumor invasive front/border"
"CAGAACCGTGTAATTA-1","Non-neoplastic colon"
"CAGAACGAACTTGGTA-1","Other"
"CAGAACGCAATGTCCG-1","Non-neoplastic colon"
"CAGAACGCACGGAGTG-1","Tumor cells in mucosa and submucosa"
"CAGAACGCTCACTTAT-1","Tumor cells in mucosa and submucosa"
"CAGAACGCTCCGACAA-1","Tumor cells in mucosa and submucosa"
"CAGAACGCTTACAACC-1","Necrosis"
"CAGAACTGGTATCTAA-1","Non-neoplastic colon"
"CAGAAGGACCGCCTAG-1","Tumor stroma in subserosa"
"CAGAAGTTCGTGTCTT-1","PNI"
"CAGAATACCGACTCCT-1","Tumor stroma in subserosa"
"CAGACACGGAGCAGCG-1","Tumor cells in mucosa and submucosa"
"CAGACAGGTACACTAG-1","Non-neoplastic colon"
"CAGACGAAGAGTCGGA-1","Tumor cells in mucosa and submucosa"
"CAGACGAAGCGAGTTG-1","Other"
"CAGACGAAGTCAGCAC-1","Tumor stroma in muscularis propria"
"CAGACGATTCATTAGC-1","Tumor cells at tumor invasive front/border"
"CAGACGCAGTGGCAGC-1","Necrosis"
"CAGACGCTGCGAGCGA-1","Tumor stroma in subserosa"
"CAGACGGAAGACAACT-1","Tumor cells in subserosa"
"CAGACGGAAGGTTAGG-1","Tumor cells in mucosa and submucosa"
"CAGACGGCTGCCATCA-1","Tumor cells at tumor invasive front/border"
"CAGACGGTAGGTCTCA-1","Tumor stroma in subserosa"
"CAGACGGTCAATAGTG-1","Tumor cells in mucosa and submucosa"
"CAGACGTCAACCGATT-1","Tumor stroma in muscularis propria"
"CAGACGTCCTCGACAG-1","Non-neoplastic colon"
"CAGACGTGATAATGCT-1","Non-neoplastic colon"
"CAGACGTGCCGACCTA-1","Tumor stroma in subserosa"
"CAGACGTGGAGCTGAC-1","Tumor cells in mucosa and submucosa"
"CAGAGCGGCAGGAATC-1","Non-neoplastic colon"
"CAGAGCGGCCGACGCT-1","Non-neoplastic colon"
"CAGAGCGGCTCGGACT-1","Tumor cells in mucosa and submucosa"
"CAGAGCTCCGAACCTA-1","Tumor cells in mucosa and submucosa"
"CAGAGCTCGACATACA-1","Tumor cells in mucosa and submucosa"
"CAGAGCTGATCAACGA-1","Non-neoplastic colon"
"CAGAGCTGCCTCTGAG-1","Tumor cells in mucosa and submucosa"
"CAGAGCTTGATTACTT-1","Tumor cells in mucosa and submucosa"
"CAGAGGAACGGTAGTT-1","Non-neoplastic colon"
"CAGAGGAACTTGACCG-1","Tumor stroma in muscularis propria"
"CAGAGGATAGCGAGAT-1","Tumor stroma in muscularis propria"
"CAGAGGATAGGCCAAG-1","Tumor stroma in subserosa"
"CAGAGGCAACAGAACA-1","Tumor stroma at tumor invasive front/border"
"CAGAGGTAAGCTATGG-1","Tumor cells at tumor invasive front/border"
"CAGAGGTAGTAATCTG-1","Tumor cells in mucosa and submucosa"
"CAGAGGTCGCTACGTA-1","Non-neoplastic colon"
"CAGAGGTGCGTATGGT-1","Tumor cells in mucosa and submucosa"
"CAGAGGTGTACTCCAG-1","Non-neoplastic colon"
"CAGAGGTGTTCAGATA-1","Non-neoplastic colon"
"CAGAGTAGATGCGGTT-1","Non-neoplastic colon"
"CAGAGTAGTTGGAGAC-1","Tumor cells in mucosa and submucosa"
"CAGAGTCAACATTGGC-1","LVI"
"CAGAGTCCATGGAACC-1","Tumor cells in mucosa and submucosa"
"CAGAGTCCTCTGCCAC-1","Tumor cells in mucosa and submucosa"
"CAGAGTTGTCTAACCT-1","Tumor stroma in subserosa"
"CAGATACTCAGAGCTC-1","Non-neoplastic colon"
"CAGATAGTCAAGCCTA-1","Tumor cells in subserosa"
"CAGATATCACTTAATG-1","Non-neoplastic colon"
"CAGATATCTAGAGCCT-1","Non-neoplastic colon"
"CAGATATGCGGCTATG-1","Non-neoplastic colon"
"CAGATATTAGATCTAA-1","Tumor stroma in mucosa and submucosa"
"CAGATCGCATAGTGAT-1","Necrosis"
"CAGATCTTACTCGCCA-1","Non-neoplastic colon"
"CAGATGGAGTACGGTT-1","Tumor cells in mucosa and submucosa"
"CAGATGGTTAGACGAG-1","Tumor stroma in subserosa"
"CAGATTAGACAGGTTC-1","Tumor cells in mucosa and submucosa"
"CAGATTGCAGACATAG-1","Tumor cells in mucosa and submucosa"
"CAGATTGCGTATCTTC-1","Non-neoplastic colon"
"CAGCACATGGTGGCAG-1","Tumor cells in mucosa and submucosa"
"CAGCACTGGATACGTC-1","Tumor cells in mucosa and submucosa"
"CAGCACTGTAAGGTGC-1","Tumor cells in mucosa and submucosa"
"CAGCATAAGTTCACGT-1","Tumor stroma in subserosa"
"CAGCCAACCATTACCG-1","Tumor cells in mucosa and submucosa"
"CAGCCAACGTTCCAAT-1","Tumor cells in muscularis propria"
"CAGCCAAGCAAGTGCA-1","Tumor stroma in mucosa and submucosa"
"CAGCCAAGGTTGAACC-1","Non-neoplastic colon"
"CAGCCACCAGTTGAAT-1","Non-neoplastic colon"
"CAGCCATGAGTTGTTC-1","Tumor stroma in subserosa"
"CAGCCGAGGTGATTGG-1","Tumor stroma in mucosa and submucosa"
"CAGCCGGTTAGCATGT-1","Tumor cells in mucosa and submucosa"
"CAGCCTTCGTATACCA-1","Non-neoplastic colon"
"CAGCGACCACTCGGCT-1","Tumor cells in mucosa and submucosa"
"CAGCGACTAGACTCAC-1","Non-neoplastic colon"
"CAGCGAGCCGTGCAGG-1","Non-neoplastic colon"
"CAGCGAGCGTGAGCCG-1","Non-neoplastic colon"
"CAGCGAGTCATAACCT-1","Tumor stroma in subserosa"
"CAGCGAGTGGTATGAT-1","Non-neoplastic colon"
"CAGCGATCGGCGATGT-1","Non-neoplastic colon"
"CAGCGATGAGATCAGG-1","Tumor cells in mucosa and submucosa"
"CAGCGATGCTCAGAGT-1","Tumor stroma at tumor invasive front/border"
"CAGCGATGTAGGCTGG-1","Non-neoplastic colon"
"CAGCTACGACCGTTAA-1","Non-neoplastic colon"
"CAGCTCCGTTGATATC-1","Non-neoplastic colon"
"CAGCTCGGACATGTGG-1","Tumor cells in mucosa and submucosa"
"CAGCTCTATTGAACTG-1","Tumor stroma in muscularis propria"
"CAGCTCTGGCCGTGCC-1","Tumor cells in mucosa and submucosa"
"CAGCTCTGGTGACACT-1","Necrosis"
"CAGCTCTTATAGACAA-1","Tumor stroma in mucosa and submucosa"
"CAGCTGAGCACCGCAA-1","Tumor stroma in subserosa"
"CAGCTGAGCATAGGTT-1","Tumor stroma in subserosa"
"CAGCTGAGCGGTTATC-1","Non-neoplastic colon"
"CAGCTGCAACATACTC-1","Non-neoplastic colon"
"CAGCTGCAACTGCGTA-1","Tumor stroma in mucosa and submucosa"
"CAGCTGCATTAGCAAC-1","Tumor cells in mucosa and submucosa"
"CAGCTGCGAACTCGAT-1","Tumor stroma in subserosa"
"CAGCTGCGATGTATTA-1","Non-neoplastic colon"
"CAGCTGTACGATAAGG-1","Tumor cells in muscularis propria"
"CAGCTGTACTCCACCG-1","Other"
"CAGCTGTACTTGAATA-1","Tumor stroma in muscularis propria"
"CAGCTGTATCTGGCCG-1","Tumor stroma in subserosa"
"CAGCTGTCCGACAGTA-1","Non-neoplastic colon"
"CAGCTGTCGCTTCTAT-1","Tumor stroma in mucosa and submucosa"
"CAGCTGTCTTCATCGC-1","Non-neoplastic colon"
"CAGCTGTTATGTAACG-1","Tumor stroma in muscularis propria"
"CAGCTTACATACTATG-1","Non-neoplastic colon"
"CAGCTTACCGGCCTTG-1","Non-neoplastic colon"
"CAGCTTACGAACAGCT-1","Tumor stroma in muscularis propria"
"CAGCTTACGAGTCTGT-1","Tumor cells in muscularis propria"
"CAGCTTACGCAGCCAT-1","Tumor cells in muscularis propria"
"CAGCTTCGCACGCTAC-1","Tumor stroma in subserosa"
"CAGCTTGACCAGGTAG-1","Tumor stroma in mucosa and submucosa"
"CAGCTTGGAGCTGAAG-1","Tumor stroma in mucosa and submucosa"
"CAGGACTCATAATTAC-1","Tumor stroma in mucosa and submucosa"
"CAGGAGATGTCGGCAT-1","Tumor stroma in mucosa and submucosa"
"CAGGAGTTATGTATAA-1","Tumor stroma in mucosa and submucosa"
"CAGGCCAAGTTGGCTA-1","Tumor stroma in muscularis propria"
"CAGGCCACGAATCGAT-1","Non-neoplastic colon"
"CAGGCCACGGAGTTGT-1","Tumor stroma in mucosa and submucosa"
"CAGGCCGTTCAGCTTC-1","Tumor stroma in mucosa and submucosa"
"CAGGCCTTAATTACGG-1","Necrosis"
"CAGGCTCGCATCTGCG-1","Non-neoplastic colon"
"CAGGTATGCCACCTGG-1","Tumor cells in mucosa and submucosa"
"CAGGTCAGCAATCCGA-1","Tumor cells in muscularis propria"
"CAGGTCCTATGCCTGT-1","Tumor stroma in muscularis propria"
"CAGGTGAACACGGTCA-1","Tumor cells in subserosa"
"CAGGTTGAGCGAGGCC-1","Non-neoplastic colon"
"CAGGTTGCCGCATGCA-1","Non-neoplastic colon"
"CAGTAACCTCGTGCTC-1","Non-neoplastic colon"
"CAGTAACTACAGGATT-1","Non-neoplastic colon"
"CAGTAATAGTGCGTTG-1","Non-neoplastic colon"
"CAGTAGAAGTCCGTCT-1","Non-neoplastic colon"
"CAGTAGATGTTACGAG-1","Non-neoplastic colon"
"CAGTAGCCGTACCGCC-1","Non-neoplastic colon"
"CAGTAGGACTTCTGTC-1","Necrosis"
"CAGTAGTGTACTATAC-1","Tumor cells in muscularis propria"
"CAGTAGTTGGAACTCA-1","Tumor stroma in muscularis propria"
"CAGTATACGGATCGTT-1","Tumor stroma in muscularis propria"
"CAGTATGCTAGTGAGC-1","Tumor cells in muscularis propria"
"CAGTATTAATGCGACA-1","Tumor cells in subserosa"
"CAGTCGAGGCTATCGC-1","Non-neoplastic colon"
"CAGTCTAGCTATAGCG-1","Tumor cells in mucosa and submucosa"
"CAGTCTAGTAGGAGCT-1","Non-neoplastic colon"
"CAGTCTATCAAGACGG-1","Non-neoplastic colon"
"CAGTCTATTGTAAGGC-1","Tumor cells in mucosa and submucosa"
"CAGTCTCAACTCCTTC-1","Tumor cells in mucosa and submucosa"
"CAGTCTCAACTTACCG-1","Tumor stroma in subserosa"
"CAGTCTCAAGCATAAT-1","Non-neoplastic colon"
"CAGTCTCAGAGCCTGA-1","Non-neoplastic colon"
"CAGTCTCAGCACTTCT-1","Tumor cells in mucosa and submucosa"
"CAGTCTCGGCATCGGC-1","Other"
"CAGTCTGAGCTTGTGG-1","Tumor cells in mucosa and submucosa"
"CAGTCTGCAGCTTACA-1","Non-neoplastic colon"
"CAGTCTGCGTCATGGA-1","Tumor stroma in muscularis propria"
"CAGTCTGGCATAGCTC-1","Tumor cells at tumor invasive front/border"
"CAGTCTGTAACACCAT-1","Non-neoplastic colon"
"CAGTCTGTCCATTAAC-1","Tumor cells in mucosa and submucosa"
"CAGTCTGTCTTGAATT-1","Non-neoplastic colon"
"CAGTCTTCTACTAGGA-1","Tumor cells at tumor invasive front/border"
"CAGTCTTGCGCAATTA-1","Tumor cells in muscularis propria"
"CAGTGAAGTCTGCGGC-1","Non-neoplastic colon"
"CAGTGACGCATACCGC-1","Non-neoplastic colon"
"CAGTGAGCCAATTAGC-1","Non-neoplastic colon"
"CAGTGAGGAAGGATCC-1","Tumor stroma in muscularis propria"
"CAGTGATGAAGACGAA-1","Tumor stroma in muscularis propria"
"CAGTGCGATAGGATTG-1","Non-neoplastic colon"
"CAGTGCGATCGTTCCG-1","Non-neoplastic colon"
"CAGTGCTAACCGCCGT-1","Non-neoplastic colon"
"CAGTTATGTATCGGTT-1","Non-neoplastic colon"
"CAGTTGACAGACCTAA-1","Tumor cells in mucosa and submucosa"
"CAGTTGACAGCTATCG-1","Non-neoplastic colon"
"CAGTTGACGGCACCTA-1","Non-neoplastic colon"
"CAGTTGACGTGGAGCG-1","Tumor stroma in mucosa and submucosa"
"CAGTTGACTCCTTCAG-1","Tumor cells in muscularis propria"
"CAGTTGATCTGTCACC-1","Tumor cells in mucosa and submucosa"
"CAGTTGCAGCGTTCGG-1","Non-neoplastic colon"
"CAGTTGCAGTCCACGT-1","Non-neoplastic colon"
"CAGTTGCTTCGGAGTG-1","Tumor cells in muscularis propria"
"CAGTTGGTACATAGGC-1","Tumor stroma in mucosa and submucosa"
"CAGTTGGTCGGCATCC-1","Tumor stroma in muscularis propria"
"CAGTTGGTGCAGTCAT-1","Tumor stroma in mucosa and submucosa"
"CAGTTGGTTGTCTTAT-1","Non-neoplastic colon"
"CATAACGGCTTAGACC-1","Tumor stroma in mucosa and submucosa"
"CATAAGCGCACCAGCC-1","Tumor stroma in subserosa"
"CATAAGGTAATCATGG-1","Non-neoplastic colon"
"CATAAGTGATGCCAGT-1","PNI"
"CATAAGTTCCGTTGCG-1","Tumor stroma in subserosa"
"CATAATCAGATATCTG-1","Tumor cells in mucosa and submucosa"
"CATAATGCGGAGTCTG-1","Non-neoplastic colon"
"CATAATGGAGGCAGTA-1","Non-neoplastic colon"
"CATAATTAACGCCGTT-1","Tumor cells in muscularis propria"
"CATAATTGATTCGGCC-1","Non-neoplastic colon"
"CATACAAGTACTATAA-1","Tumor cells in subserosa"
"CATACAGAGCATCCTA-1","PNI"
"CATACATAATACAACC-1","Non-neoplastic colon"
"CATACCGTGGATGGCC-1","Tumor cells in mucosa and submucosa"
"CATACCTCCGTATTGT-1","Non-neoplastic colon"
"CATACCTTAGAATCGA-1","Tumor cells at tumor invasive front/border"
"CATACTCGTTCTTGAA-1","Non-neoplastic colon"
"CATAGAAGGACACCTT-1","Non-neoplastic colon"
"CATAGAAGGTGGATCC-1","Necrosis"
"CATAGAAGTGGACCGC-1","Tumor cells in muscularis propria"
"CATAGACCGCCTTAAG-1","Non-neoplastic colon"
"CATAGACCTAGTAACA-1","Tumor cells in mucosa and submucosa"
"CATAGACCTCAGGCCT-1","Tumor stroma in mucosa and submucosa"
"CATAGACTATTCGGTC-1","Necrosis"
"CATAGATTAAGTCACT-1","Tumor cells in mucosa and submucosa"
"CATAGTCATGGTGACT-1","Non-neoplastic colon"
"CATATCCGAACTGTTA-1","Tumor stroma in subserosa"
"CATATCGTCATAAGCG-1","Non-neoplastic colon"
"CATATCTACGAGCAAT-1","Non-neoplastic colon"
"CATATCTGAGCGTAGG-1","Non-neoplastic colon"
"CATATGAACGCTTAGC-1","Tumor cells in mucosa and submucosa"
"CATATGAAGTTCATGC-1","Non-neoplastic colon"
"CATATGACAGTGGTTG-1","Non-neoplastic colon"
"CATATGCTGAAGTGCT-1","Tumor cells in mucosa and submucosa"
"CATATGCTGATTCTAA-1","Tumor stroma at tumor invasive front/border"
"CATATGTCGGCTCCAG-1","Non-neoplastic colon"
"CATATGTTAATATGAG-1","Tumor stroma at tumor invasive front/border"
"CATATTACTGCGGCCA-1","Non-neoplastic colon"
"CATATTCTCGCAGAAG-1","Tumor cells in subserosa"
"CATATTCTTGCTTCGA-1","Non-neoplastic colon"
"CATATTGCATTCCGTT-1","Tumor cells in muscularis propria"
"CATATTGTATCAGCTG-1","Tumor stroma in muscularis propria"
"CATCACAGGCGTCACT-1","Tumor cells at tumor invasive front/border"
"CATCACCTCCGGCGGT-1","Tumor cells in subserosa"
"CATCAGAATTGTAGTC-1","Non-neoplastic colon"
"CATCAGACAAGATCTT-1","Tumor cells in muscularis propria"
"CATCAGCAACTACCTT-1","Tumor cells in subserosa"
"CATCAGCATTGGATGG-1","Tumor cells in mucosa and submucosa"
"CATCAGCGAGCCTACG-1","Tumor cells in mucosa and submucosa"
"CATCAGCGTCAGCTGT-1","Non-neoplastic colon"
"CATCAGGCAGCGCCTA-1","Tumor cells in mucosa and submucosa"
"CATCAGTAGGCGGTCG-1","Tumor cells in mucosa and submucosa"
"CATCAGTCAGGAATAC-1","Non-neoplastic colon"
"CATCCGACCATGTCCA-1","Non-neoplastic colon"
"CATCCGATAGACCGAG-1","Non-neoplastic colon"
"CATCCGATGATCGTAA-1","Tumor cells in muscularis propria"
"CATCCGCCGGTCACTT-1","Non-neoplastic colon"
"CATCCGTATGTAACAA-1","Tumor cells in subserosa"
"CATCCTAGCACGCAGA-1","Tumor cells in mucosa and submucosa"
"CATCCTATTGCCGCGG-1","Tumor cells in mucosa and submucosa"
"CATCCTGTAGGATTAG-1","Tumor cells in mucosa and submucosa"
"CATCCTTCATGTATCG-1","Non-neoplastic colon"
"CATCCTTCGCGAGTTA-1","Necrosis"
"CATCCTTGCCAGACGT-1","Tumor cells in mucosa and submucosa"
"CATCCTTGCGAATTGC-1","Non-neoplastic colon"
"CATCGCAATGTACCAC-1","Tumor stroma in mucosa and submucosa"
"CATCGCCGGATTGCAG-1","Tumor cells in mucosa and submucosa"
"CATCGCCGTAGTCAAC-1","Tumor cells in mucosa and submucosa"
"CATCGCCTATACTATT-1","Non-neoplastic colon"
"CATCGCCTATCCGCAG-1","Tumor cells in mucosa and submucosa"
"CATCGCTCTTAGTGCT-1","Tumor stroma in subserosa"
"CATCGCTGTTGCTCTA-1","Non-neoplastic colon"
"CATCGGATGAATTGAG-1","Tumor stroma in mucosa and submucosa"
"CATCGGATGTCTGCCT-1","Tumor stroma in mucosa and submucosa"
"CATCGGCATCCGTAAT-1","Tumor cells in subserosa"
"CATCGGCCTATTGTAT-1","Tumor cells in muscularis propria"
"CATCGGTAATTGGTCT-1","Tumor cells in mucosa and submucosa"
"CATCGGTATGCGCTTC-1","Tumor cells in mucosa and submucosa"
"CATCGGTCCGAAGCTC-1","Tumor stroma in mucosa and submucosa"
"CATCGGTCGAGTGGCT-1","Tumor stroma in subserosa"
"CATCGGTCTGGTTCAC-1","Necrosis"
"CATCGGTGTAAGCACC-1","Non-neoplastic colon"
"CATCGGTGTAGTACGG-1","Non-neoplastic colon"
"CATCGTGAGCCTCACT-1","Tumor stroma in subserosa"
"CATCTGAACGGTGAAG-1","Non-neoplastic colon"
"CATCTGCCGTCCAGCG-1","Non-neoplastic colon"
"CATCTGGCACTGCGAC-1","Tumor stroma in subserosa"
"CATCTGTTATTGACGC-1","Non-neoplastic colon"
"CATCTTACAGTTCGTA-1","Non-neoplastic colon"
"CATCTTAGGAATACGA-1","Tumor cells in mucosa and submucosa"
"CATCTTAGGACCTAGG-1","Tumor cells in mucosa and submucosa"
"CATCTTATACAGAACC-1","Tumor stroma in subserosa"
"CATCTTCGGTAATCAA-1","Tumor cells in mucosa and submucosa"
"CATGACGTCAATTGCA-1","Tumor cells in mucosa and submucosa"
"CATGATAGCAGGAGAC-1","Non-neoplastic colon"
"CATGATGTCCTTATCG-1","Non-neoplastic colon"
"CATGCACGAAGTCTAG-1","Tumor stroma in muscularis propria"
"CATGCACGGTGATCAC-1","Non-neoplastic colon"
"CATGCACGTAGGTAGC-1","Tumor cells in mucosa and submucosa"
"CATGCAGAATCTATGG-1","Non-neoplastic colon"
"CATGCGAACGTGTAGT-1","Non-neoplastic colon"
"CATGCGGCACGCAAGT-1","Tumor cells in mucosa and submucosa"
"CATGCGGCATACATTG-1","Tumor stroma in mucosa and submucosa"
"CATGCGTTCTCCAGCT-1","Non-neoplastic colon"
"CATGGTGCACTAACGC-1","Tumor stroma in subserosa"
"CATGGTGCTACAACCA-1","Non-neoplastic colon"
"CATGGTGCTACGTTGT-1","Tumor cells in subserosa"
"CATGGTTACTCATGTT-1","Tumor stroma in subserosa"
"CATGGTTCACGTTCAG-1","Tumor stroma in muscularis propria"
"CATGTAGCTGCGCTAA-1","Tumor cells in muscularis propria"
"CATGTCTGGCCACTAA-1","Non-neoplastic colon"
"CATGTTATACAGCCGG-1","Tumor cells in mucosa and submucosa"
"CATGTTCGCTTGAAGA-1","Tumor cells in subserosa"
"CATGTTCGGATCGACC-1","Tumor stroma in muscularis propria"
"CATGTTGAAGCCTGTA-1","Tumor cells in mucosa and submucosa"
"CATGTTGACAAGACTT-1","Tumor stroma in subserosa"
"CATTAACACCGAACGA-1","Tumor stroma in subserosa"
"CATTAATATGAGCTAT-1","Non-neoplastic colon"
"CATTACGTTCGAACCA-1","Tumor cells in muscularis propria"
"CATTAGGCAGTTAGCA-1","Tumor cells in mucosa and submucosa"
"CATTAGTCGCGACGCT-1","Tumor cells in mucosa and submucosa"
"CATTATCAATGTACTT-1","Tumor stroma in subserosa"
"CATTATGATCCTGCGG-1","Tumor cells in muscularis propria"
"CATTCAGAGTCTGGCA-1","Non-neoplastic colon"
"CATTCTACCGGCTTGG-1","Non-neoplastic colon"
"CATTCTACTCAGCGGC-1","Tumor stroma in subserosa"
"CATTCTATCTAACGAG-1","Tumor cells in muscularis propria"
"CATTCTCCAGGATTCC-1","Necrosis"
"CATTCTGTCTGCACTG-1","Tumor stroma in muscularis propria"
"CATTGAACTGCCAGCA-1","Tumor stroma in subserosa"
"CATTGAAGGAGCCGCA-1","Tumor stroma in mucosa and submucosa"
"CATTGACACGTCTAAC-1","Non-neoplastic colon"
"CATTGAGTGACTGGAG-1","Tumor cells in mucosa and submucosa"
"CATTGATCTGGCCAGT-1","Non-neoplastic colon"
"CATTGATGCTGGCGGA-1","Tumor stroma in subserosa"
"CATTGCACCGTACATG-1","Non-neoplastic colon"
"CATTGCATCCGAGCAG-1","Non-neoplastic colon"
"CATTGCCAGGTAACTA-1","Non-neoplastic colon"
"CATTGCGTTGAGGCGG-1","PNI"
"CATTGCGTTGCGCACC-1","Tumor cells in mucosa and submucosa"
"CATTGCTAAGAAGGCA-1","Tumor cells in muscularis propria"
"CATTGCTCGGTATCAG-1","Non-neoplastic colon"
"CATTGCTCGTACAGAA-1","Non-neoplastic colon"
"CATTGCTGAGGTCTGA-1","Tumor cells in mucosa and submucosa"
"CATTGCTGATGTGCCG-1","Tumor cells in subserosa"
"CATTGCTGGTTCGATC-1","Non-neoplastic colon"
"CATTGTAATCGCGGCT-1","Tumor cells at tumor invasive front/border"
"CATTGTAGCCGCGAAC-1","Tumor stroma in muscularis propria"
"CATTGTCATAGACCGA-1","Tumor stroma in mucosa and submucosa"
"CCAACACCTCCGTGAT-1","Tumor cells in muscularis propria"
"CCAACCGCAACGCACG-1","Tumor stroma in mucosa and submucosa"
"CCAACGGCAGCCTCAC-1","Non-neoplastic colon"
"CCAACTTCAATCTGAG-1","Tumor stroma in muscularis propria"
"CCAACTTCTGCCGGTC-1","Non-neoplastic colon"
"CCAACTTGCCAGTCCT-1","Tumor cells in mucosa and submucosa"
"CCAAGACGTGATGGCT-1","Non-neoplastic colon"
"CCAAGATGCTCCGTTG-1","Tumor cells in mucosa and submucosa"
"CCAAGCAAGCGTCCGT-1","Non-neoplastic colon"
"CCAAGCATGCGTTGTA-1","Non-neoplastic colon"
"CCAAGCTGCAGGACTA-1","Tumor cells in muscularis propria"
"CCAAGCTGGCTCCATT-1","Tumor cells in mucosa and submucosa"
"CCAAGGATCGCTTGGC-1","Tumor stroma in mucosa and submucosa"
"CCAAGGCTTGTTCCAT-1","Tumor stroma in mucosa and submucosa"
"CCAAGGTAAGGCATCG-1","Tumor cells in muscularis propria"
"CCAAGGTACTTGCCAG-1","Tumor cells in mucosa and submucosa"
"CCAAGTTACCTCATGA-1","Tumor cells in subserosa"
"CCAATACCACAAGATA-1","Non-neoplastic colon"
"CCAATACCGGTGAGGC-1","Tumor cells in subserosa"
"CCAATACCGTACTAGT-1","Non-neoplastic colon"
"CCAATACCTACGTCGC-1","Tumor stroma in mucosa and submucosa"
"CCAATACCTTACGCTG-1","Tumor stroma in mucosa and submucosa"
"CCAATAGCTGAATGAC-1","Tumor stroma in subserosa"
"CCAATAGGTGTACCGA-1","Tumor stroma at tumor invasive front/border"
"CCAATAGTCACCTTGT-1","Non-neoplastic colon"
"CCAATATCACTCGCAA-1","Non-neoplastic colon"
"CCAATATTACGGTAGC-1","Tumor stroma in mucosa and submucosa"
"CCAATCAGCCAGCAAC-1","Tumor cells in muscularis propria"
"CCAATCAGGTCGCAGA-1","Non-neoplastic colon"
"CCAATCCAGAGGACAG-1","Non-neoplastic colon"
"CCAATTAAGACCGTCC-1","Tumor cells in mucosa and submucosa"
"CCACAAGGTGAGCCGG-1","Tumor cells in mucosa and submucosa"
"CCACAATTACTGAGGA-1","Tumor stroma in mucosa and submucosa"
"CCACAGATAATTACCA-1","Tumor stroma in muscularis propria"
"CCACAGGTTAGTCCGC-1","Non-neoplastic colon"
"CCACAGTGCGTAACAA-1","Non-neoplastic colon"
"CCACAGTTCCTTGCTC-1","Non-neoplastic colon"
"CCACATAGCAGATACC-1","Non-neoplastic colon"
"CCACATTCATCGCAGA-1","Non-neoplastic colon"
"CCACATTGTAGGTCGA-1","Non-neoplastic colon"
"CCACCGTAAGCATCGT-1","Non-neoplastic colon"
"CCACCGTATGAATGCG-1","Tumor cells in subserosa"
"CCACCTCCTATGACTC-1","Tumor cells in mucosa and submucosa"
"CCACCTCGCATTCGTC-1","Non-neoplastic colon"
"CCACGACAACTCGCTC-1","Non-neoplastic colon"
"CCACGTACGATAGCAA-1","Non-neoplastic colon"
"CCACGTATGCCGTAGC-1","Non-neoplastic colon"
"CCACGTCACTAGATAA-1","Non-neoplastic colon"
"CCACGTCGTGACGCGA-1","Non-neoplastic colon"
"CCACGTTCCATTCCAT-1","Tumor stroma in muscularis propria"
"CCACGTTCCGTCCTTG-1","Tumor cells in muscularis propria"
"CCACGTTCGAGTTCCG-1","Non-neoplastic colon"
"CCACGTTGTAGCGGAT-1","Tumor stroma in muscularis propria"
"CCACTAATCACTCCAG-1","Non-neoplastic colon"
"CCACTACATACCGCGT-1","PNI"
"CCACTACCTAAGCCTT-1","Necrosis"
"CCACTGAGTCGAATGC-1","Tumor stroma in mucosa and submucosa"
"CCACTGGTCTACTGAC-1","Tumor cells in mucosa and submucosa"
"CCACTGTACCTCGAGC-1","Non-neoplastic colon"
"CCACTGTAGGAAGGTT-1","Non-neoplastic colon"
"CCAGAAGTGCAGATAG-1","Non-neoplastic colon"
"CCAGACAGCGCCGGTC-1","Tumor stroma in subserosa"
"CCAGACAGGTATTGCC-1","Tumor cells at tumor invasive front/border"
"CCAGACTGTCCACGTT-1","Necrosis"
"CCAGATTGTCTAACTC-1","Tumor stroma in muscularis propria"
"CCAGCAGGACCTCCTT-1","Other"
"CCAGCATATGCAATCC-1","Tumor cells in muscularis propria"
"CCAGCATTGACGAGTC-1","Tumor stroma in mucosa and submucosa"
"CCAGCCGATGGCACAG-1","Tumor cells in muscularis propria"
"CCAGCCTGATCCGAGT-1","Tumor cells in muscularis propria"
"CCAGCGAAGCGTCAGG-1","Tumor cells in muscularis propria"
"CCAGCGTACGTCCAAC-1","Non-neoplastic colon"
"CCAGCGTATCCATGTC-1","Non-neoplastic colon"
"CCAGGAGTAAGAGTTG-1","Tumor stroma in mucosa and submucosa"
"CCAGGATAATCAATAG-1","Tumor cells in subserosa"
"CCAGGATACTTCCTGT-1","Tumor cells in mucosa and submucosa"
"CCAGGATGCATAGCAC-1","Non-neoplastic colon"
"CCAGGCGAACATTCCA-1","Tumor cells at tumor invasive front/border"
"CCAGGTCCGACGGTGC-1","Tumor cells in mucosa and submucosa"
"CCAGGTGACTCCATTG-1","Non-neoplastic colon"
"CCAGGTGATATGCTTA-1","Tumor cells in mucosa and submucosa"
"CCAGTCACGAGCCGAT-1","Tumor cells in mucosa and submucosa"
"CCAGTGTCCGCACGAG-1","Tumor cells in mucosa and submucosa"
"CCATACATAATGAATG-1","Non-neoplastic colon"
"CCATACATGTACCGAA-1","Necrosis"
"CCATACCTTCCAATCT-1","Non-neoplastic colon"
"CCATACCTTGGACGTC-1","Tumor cells in mucosa and submucosa"
"CCATACGCTTGAACGT-1","Tumor stroma in muscularis propria"
"CCATACGGCACTGTCT-1","Tumor stroma in muscularis propria"
"CCATACGGCGATGGTG-1","Tumor cells in mucosa and submucosa"
"CCATAGAACTTCGAGG-1","Tumor stroma in muscularis propria"
"CCATAGACCAGCGGCA-1","Non-neoplastic colon"
"CCATAGACCGAATTAC-1","Tumor cells in mucosa and submucosa"
"CCATAGACCTGGCAAG-1","Non-neoplastic colon"
"CCATAGACTGTCCGCC-1","Non-neoplastic colon"
"CCATAGATACGGCAGC-1","Non-neoplastic colon"
"CCATAGATCGCTCCGG-1","Tumor stroma in subserosa"
"CCATAGATGCACAGCG-1","Tumor cells in subserosa"
"CCATAGATTACGCCTC-1","Tumor cells in mucosa and submucosa"
"CCATAGCCACGGCGTG-1","Tumor stroma in muscularis propria"
"CCATAGCCACTGGCAA-1","Tumor cells in mucosa and submucosa"
"CCATAGCGATCTCATC-1","Non-neoplastic colon"
"CCATAGGATCAAGAAT-1","Tumor cells in mucosa and submucosa"
"CCATAGTGAACACTCA-1","Non-neoplastic colon"
"CCATAGTTACTTCGCA-1","Tumor cells in mucosa and submucosa"
"CCATAGTTATGGACAA-1","Non-neoplastic colon"
"CCATCAGCTAGATTCG-1","Tumor stroma at tumor invasive front/border"
"CCATCATGATGTATAG-1","Tumor stroma in subserosa"
"CCATCTGTCCAGCACG-1","Tumor stroma in mucosa and submucosa"
"CCATGAACAGCAATTC-1","PNI"
"CCATGAACTCCATATG-1","Tumor cells in mucosa and submucosa"
"CCATGACAATGGACTT-1","Non-neoplastic colon"
"CCATGACAATGTCTAC-1","Tumor cells in muscularis propria"
"CCATGACACCGGTTCG-1","Non-neoplastic colon"
"CCATGATAACGCAGGA-1","Tumor stroma in mucosa and submucosa"
"CCATGGAATGGCTGGC-1","Non-neoplastic colon"
"CCATGGAGGTGGTTAG-1","Non-neoplastic colon"
"CCATGGCACTTCTGGT-1","Non-neoplastic colon"
"CCATGGCAGTAGCGGC-1","Tumor cells in mucosa and submucosa"
"CCATGGCGTGTTGACG-1","Tumor cells in mucosa and submucosa"
"CCATGTAGGTCAGTAA-1","Tumor stroma in muscularis propria"
"CCATGTCAGAGGCATA-1","Non-neoplastic colon"
"CCATGTTCTTCATCGA-1","Non-neoplastic colon"
"CCATTAGTACTTACAA-1","Tumor stroma in mucosa and submucosa"
"CCATTCAGACTCTGCA-1","Tumor stroma in muscularis propria"
"CCATTCAGCATATGGC-1","Non-neoplastic colon"
"CCATTCGCTGATCCAT-1","Non-neoplastic colon"
"CCATTCTAATTGGTGC-1","Tumor stroma in subserosa"
"CCATTCTAGCCTCATC-1","Tumor cells in mucosa and submucosa"
"CCATTCTGGATTGACG-1","Tumor cells in muscularis propria"
"CCATTGAGTCCGTGGC-1","Tumor stroma at tumor invasive front/border"
"CCGAACCATAGATCTA-1","Tumor stroma in mucosa and submucosa"
"CCGAAGGTGAGTCTGG-1","Tumor cells at tumor invasive front/border"
"CCGACAACTCGGTCAG-1","Tumor cells in mucosa and submucosa"
"CCGACAAGTTCGTTGC-1","Non-neoplastic colon"
"CCGACAATGTCGAGCT-1","Tumor stroma in muscularis propria"
"CCGACAATTGCAACAG-1","Non-neoplastic colon"
"CCGACAGACATACTCC-1","Tumor cells in mucosa and submucosa"
"CCGACAGAGCATTAAG-1","Tumor cells in mucosa and submucosa"
"CCGACAGAGGACCATT-1","Tumor cells in mucosa and submucosa"
"CCGACATAACCAACCG-1","Non-neoplastic colon"
"CCGACATCGCTCACTC-1","Tumor cells in mucosa and submucosa"
"CCGACCGGAGAATCCG-1","Non-neoplastic colon"
"CCGACCTCTAGCCGTC-1","Tumor stroma in mucosa and submucosa"
"CCGACCTTCTATCACC-1","Non-neoplastic colon"
"CCGACGTTGAGTTGTA-1","Non-neoplastic colon"
"CCGACTTAGAAGACTC-1","Tumor stroma in muscularis propria"
"CCGAGCACGACCAAGC-1","Non-neoplastic colon"
"CCGAGCCAGACCGGTG-1","Tumor cells in mucosa and submucosa"
"CCGAGGTTACAGATGT-1","Non-neoplastic colon"
"CCGAGTCCTCGGCACG-1","Non-neoplastic colon"
"CCGATAACCGTAGATT-1","Non-neoplastic colon"
"CCGATAATGGCCTAGT-1","Tumor cells in mucosa and submucosa"
"CCGATACCTCGCGAAT-1","Tumor stroma in muscularis propria"
"CCGATACTGTAAGGTC-1","Tumor cells in mucosa and submucosa"
"CCGATAGTTAGCGGTC-1","Non-neoplastic colon"
"CCGATTAACCTTATGC-1","Tumor cells in mucosa and submucosa"
"CCGATTCTGCGTCAGG-1","Tumor cells in mucosa and submucosa"
"CCGCAACGAGCCAGAT-1","Tumor cells in muscularis propria"
"CCGCAACTAGCCTCCG-1","Tumor cells in subserosa"
"CCGCAAGGATTGCAGG-1","Tumor cells in mucosa and submucosa"
"CCGCAAGGTTAGATTC-1","Non-neoplastic colon"
"CCGCAAGTAGACCGTT-1","Non-neoplastic colon"
"CCGCAAGTAGGCATCA-1","Non-neoplastic colon"
"CCGCAATATCGTTCAA-1","LVI"
"CCGCAATCGCAGCTCC-1","Tumor stroma in mucosa and submucosa"
"CCGCAATGAGAAGGAA-1","Non-neoplastic colon"
"CCGCAATGTCTTAGCG-1","Non-neoplastic colon"
"CCGCAGGACCAAGTCG-1","Tumor stroma in subserosa"
"CCGCAGGAGTGGATCT-1","Non-neoplastic colon"
"CCGCAGTTAGATCTAG-1","Non-neoplastic colon"
"CCGCATAGTAATCTCC-1","Non-neoplastic colon"
"CCGCCACTGTGACTTG-1","Tumor cells in muscularis propria"
"CCGCCTGTGAATGCCG-1","Necrosis"
"CCGCGACCAAGACCTG-1","Tumor cells in mucosa and submucosa"
"CCGCGAGCGAACGCAC-1","Tumor cells in mucosa and submucosa"
"CCGCGAGTATTGTCTT-1","Non-neoplastic colon"
"CCGCGATCGTAACCGA-1","Non-neoplastic colon"
"CCGCGTAATAGATGTC-1","Tumor cells in muscularis propria"
"CCGCGTAATAGCAAGG-1","Non-neoplastic colon"
"CCGCGTCTAGACCTCA-1","Non-neoplastic colon"
"CCGCGTCTAGCTCAAT-1","Non-neoplastic colon"
"CCGCGTCTCCTAATAC-1","Non-neoplastic colon"
"CCGCGTCTGATTAAGC-1","Tumor cells in muscularis propria"
"CCGCGTGCCATTCGGA-1","Non-neoplastic colon"
"CCGCGTGCGACGGAAG-1","Non-neoplastic colon"
"CCGCGTTAAGCAATTG-1","Tumor cells in mucosa and submucosa"
"CCGCGTTAATGTAGAA-1","Tumor stroma in mucosa and submucosa"
"CCGCGTTCCTGCGGTG-1","Tumor stroma in mucosa and submucosa"
"CCGCGTTGCATGAGTT-1","Non-neoplastic colon"
"CCGCTCACATTCGACA-1","Non-neoplastic colon"
"CCGCTCACGTGCTGTA-1","Tumor stroma in subserosa"
"CCGCTCACTGTTGCAT-1","Tumor stroma in subserosa"
"CCGCTCAGCGACCTTC-1","Non-neoplastic colon"
"CCGCTCAGGACTTAGT-1","Non-neoplastic colon"
"CCGCTCAGGCCTGCTC-1","Tumor cells in muscularis propria"
"CCGCTCAGGTGGTTGC-1","Non-neoplastic colon"
"CCGCTCAGTTCCTCAA-1","Tumor stroma in muscularis propria"
"CCGCTCCGCCTACCTA-1","Necrosis"
"CCGCTCCGGTCAGAAC-1","Tumor stroma in muscularis propria"
"CCGCTCCGTAGTGCTT-1","Tumor stroma in mucosa and submucosa"
"CCGCTCGCAGCTATAG-1","Non-neoplastic colon"
"CCGCTCGCGATGCACG-1","Tumor cells in mucosa and submucosa"
"CCGCTCGCTACCAGGT-1","Tumor cells in mucosa and submucosa"
"CCGCTCGGCCAATATT-1","Non-neoplastic colon"
"CCGCTCGGTCACAGTC-1","Tumor stroma in subserosa"
"CCGCTCGGTTGAGGTG-1","Non-neoplastic colon"
"CCGCTCTACAGACGAG-1","Non-neoplastic colon"
"CCGCTCTAGTATTAGC-1","Tumor cells in muscularis propria"
"CCGCTGGTCACTAGTA-1","Non-neoplastic colon"
"CCGCTGGTTAGATTGG-1","Non-neoplastic colon"
"CCGGACCTCCAACATC-1","Tumor cells in mucosa and submucosa"
"CCGGACGAAGTTAACT-1","Tumor stroma in subserosa"
"CCGGACGACCTGTAGT-1","Tumor cells in mucosa and submucosa"
"CCGGACTAACTTACTG-1","Tumor stroma in mucosa and submucosa"
"CCGGACTAGGATGCAA-1","Tumor stroma in mucosa and submucosa"
"CCGGAGACCGGATTCT-1","Non-neoplastic colon"
"CCGGAGACGTCCAGAA-1","Tumor cells in mucosa and submucosa"
"CCGGAGGTTACGATGC-1","Non-neoplastic colon"
"CCGGAGTATGTTCCAG-1","Tumor stroma in muscularis propria"
"CCGGAGTCCACGCTTC-1","Tumor stroma in muscularis propria"
"CCGGAGTCCGTTACGC-1","Tumor cells in mucosa and submucosa"
"CCGGAGTCTTCGTGGC-1","Tumor stroma in mucosa and submucosa"
"CCGGAGTGGTACAGCG-1","Other"
"CCGGAGTTCATAGCGG-1","Non-neoplastic colon"
"CCGGATCACGGATAGG-1","Non-neoplastic colon"
"CCGGATCATATGTCAC-1","Tumor stroma in muscularis propria"
"CCGGATCGCCACTTGC-1","Tumor cells in mucosa and submucosa"
"CCGGATCGTGAGACCT-1","Non-neoplastic colon"
"CCGGATGGTATTAAGA-1","Tumor cells in mucosa and submucosa"
"CCGGATGGTTCCTAGT-1","Non-neoplastic colon"
"CCGGATTGAAGTTGTA-1","Tumor stroma at tumor invasive front/border"
"CCGGATTGGTGCTTCT-1","Non-neoplastic colon"
"CCGGCACGAGTGTTCA-1","Tumor cells in mucosa and submucosa"
"CCGGCACGTTGACATT-1","Tumor cells at tumor invasive front/border"
"CCGGCAGAGTACGTCT-1","Tumor cells in muscularis propria"
"CCGGCAGCCGGTGAAG-1","Tumor cells in muscularis propria"
"CCGGCAGCTCCAATCG-1","Other"
"CCGGCAGCTCTAGGAT-1","Non-neoplastic colon"
"CCGGCATAATACAAGG-1","Non-neoplastic colon"
"CCGGCATAGCAGGCTG-1","Tumor cells in mucosa and submucosa"
"CCGGCATAGGAGAACC-1","Tumor cells at tumor invasive front/border"
"CCGGCATGGTCGCCAC-1","Non-neoplastic colon"
"CCGGCGAATACATGGT-1","Non-neoplastic colon"
"CCGGCGAGCGTAGAAT-1","Tumor cells in mucosa and submucosa"
"CCGGCGAGTTATCATG-1","Tumor cells in mucosa and submucosa"
"CCGGCGCATCTTGATG-1","Non-neoplastic colon"
"CCGGCGCATTCGCTGC-1","Tumor cells in subserosa"
"CCGGCGCTGTGCTTGC-1","Non-neoplastic colon"
"CCGGCGGTACATCCAG-1","Tumor cells in mucosa and submucosa"
"CCGGCGTCAAGGTCTG-1","Tumor cells at tumor invasive front/border"
"CCGGCGTCACATGATC-1","Non-neoplastic colon"
"CCGGCGTCGGCCGTTA-1","Tumor stroma in mucosa and submucosa"
"CCGGCGTTCTGTATCC-1","Tumor cells in subserosa"
"CCGGTAACAAGAGGCG-1","Non-neoplastic colon"
"CCGGTAACTGAGTGGC-1","Non-neoplastic colon"
"CCGGTACCAAGGAGAT-1","Non-neoplastic colon"
"CCGGTGTATTGAGGCA-1","Non-neoplastic colon"
"CCGGTTGGAATGTATT-1","Tumor cells in muscularis propria"
"CCGGTTGTCTAGCGGC-1","Tumor cells in muscularis propria"
"CCGTAACAAGCCGTTA-1","Other"
"CCGTAACAATTATGCG-1","Tumor cells in mucosa and submucosa"
"CCGTAACATCGAATGC-1","Tumor cells at tumor invasive front/border"
"CCGTAACTGTAGACTT-1","Tumor stroma in mucosa and submucosa"
"CCGTAACTTGAATGGT-1","Tumor cells in muscularis propria"
"CCGTAAGATAGTCCAC-1","Non-neoplastic colon"
"CCGTAAGCACCGTTAA-1","Non-neoplastic colon"
"CCGTAAGCAGGTCAGT-1","Non-neoplastic colon"
"CCGTACGTTATCGGAT-1","Tumor cells in mucosa and submucosa"
"CCGTATCTCGAAGGTG-1","Non-neoplastic colon"
"CCGTATCTCGTGTTCC-1","Non-neoplastic colon"
"CCGTATGTAATCTAGA-1","Non-neoplastic colon"
"CCGTATGTTGCACGAT-1","Non-neoplastic colon"
"CCGTCCAGAACTCCAT-1","Tumor cells in mucosa and submucosa"
"CCGTCCGACGCACGCT-1","Non-neoplastic colon"
"CCGTCGACAATTCTGG-1","Non-neoplastic colon"
"CCGTCGGTAGGCCGTG-1","Tumor stroma at tumor invasive front/border"
"CCGTGACACTAGTATC-1","Tumor stroma in mucosa and submucosa"
"CCGTGACTCGGATAAT-1","Tumor stroma in mucosa and submucosa"
"CCGTGAGCCACTATAG-1","Tumor cells in mucosa and submucosa"
"CCGTGATGTAAGCAAC-1","Tumor cells in muscularis propria"
"CCGTGATTATAGGCTA-1","Non-neoplastic colon"
"CCGTGCTCGATATGAT-1","Tumor cells in mucosa and submucosa"
"CCGTGCTGAGCATGGC-1","Tumor cells in muscularis propria"
"CCGTGCTGCACGGATT-1","Tumor stroma in muscularis propria"
"CCGTGGCCAATTGGAT-1","Tumor stroma in muscularis propria"
"CCGTTAAGTGATGCAG-1","Tumor cells in mucosa and submucosa"
"CCGTTCTATCTAGGAG-1","Tumor cells in mucosa and submucosa"
"CCGTTCTTCGATGCCA-1","Non-neoplastic colon"
"CCGTTGCGTTCTCCAT-1","Tumor stroma in subserosa"
"CCGTTGTAACGAAGTA-1","Non-neoplastic colon"
"CCTAACAGTGTACGCT-1","Non-neoplastic colon"
"CCTAACAGTTATAGGA-1","Non-neoplastic colon"
"CCTAACGCTACACGTT-1","Tumor stroma in mucosa and submucosa"
"CCTAACGCTTAATGAA-1","Tumor cells in mucosa and submucosa"
"CCTAACTACCGGTACA-1","Non-neoplastic colon"
"CCTAACTACGCTCGGA-1","Tumor cells in subserosa"
"CCTAACTCTATCACCA-1","Non-neoplastic colon"
"CCTAACTTGGACTCGT-1","Non-neoplastic colon"
"CCTAAGCGTAGGTCGC-1","Tumor cells in muscularis propria"
"CCTAATCCACTCTTGT-1","Non-neoplastic colon"
"CCTAATGCCACTTACA-1","Non-neoplastic colon"
"CCTAATTGCCATCAAC-1","Necrosis"
"CCTACCAACTACCTCG-1","Non-neoplastic colon"
"CCTACCAAGATGAGGA-1","Non-neoplastic colon"
"CCTACCACAGGCGTGG-1","Tumor cells in mucosa and submucosa"
"CCTACCACTTCAAGAC-1","Non-neoplastic colon"
"CCTACCATCAGGACAA-1","Non-neoplastic colon"
"CCTACCGCCTAAGTGA-1","Non-neoplastic colon"
"CCTACCGCGACCATTG-1","Tumor cells in muscularis propria"
"CCTACGACGGAAGGTG-1","Non-neoplastic colon"
"CCTACGAGTAATACAT-1","Non-neoplastic colon"
"CCTACGCTATGGTCGA-1","Non-neoplastic colon"
"CCTACGCTGAAGTATC-1","PNI"
"CCTACGCTGCTCAGAA-1","Tumor cells in subserosa"
"CCTACGGTTGGTATTC-1","Tumor stroma in subserosa"
"CCTACGTAAGTGAACC-1","Non-neoplastic colon"
"CCTACGTAATACCGCA-1","Non-neoplastic colon"
"CCTACGTGCGAGTTAG-1","Tumor cells in mucosa and submucosa"
"CCTACGTGTCGGAAGG-1","Tumor stroma in muscularis propria"
"CCTAGACACGTTAATA-1","Tumor cells in mucosa and submucosa"
"CCTAGACTCGAAGACC-1","Non-neoplastic colon"
"CCTAGAGCGTGGTCAA-1","Non-neoplastic colon"
"CCTAGAGTGCTCGACT-1","Tumor cells at tumor invasive front/border"
"CCTAGCTCTTGGCCGT-1","Tumor stroma at tumor invasive front/border"
"CCTAGTATCGCATCAC-1","Tumor stroma at tumor invasive front/border"
"CCTAGTCAACGCGACC-1","Tumor cells in muscularis propria"
"CCTAGTGATAAGCCAT-1","Tumor cells in mucosa and submucosa"
"CCTAGTTCCGACTCCG-1","Tumor cells in mucosa and submucosa"
"CCTAGTTCGAGTACAT-1","Tumor cells in mucosa and submucosa"
"CCTATCAACGCCTCAT-1","Tumor cells in muscularis propria"
"CCTATCATGCAAGGTA-1","Tumor stroma in muscularis propria"
"CCTATGATCCGCTTCT-1","Tumor cells in mucosa and submucosa"
"CCTATGATGGCGGACC-1","Non-neoplastic colon"
"CCTATGGCAGATGTGG-1","Tumor stroma in mucosa and submucosa"
"CCTATGTCAATCCGCT-1","Tumor cells in muscularis propria"
"CCTATGTCAGTAGCTC-1","Tumor cells in mucosa and submucosa"
"CCTATGTTATCCTTCG-1","Non-neoplastic colon"
"CCTCACAAGTCTGTAG-1","Non-neoplastic colon"
"CCTCACATCAACTAAG-1","Tumor cells at tumor invasive front/border"
"CCTCACATGATCAGCG-1","Tumor cells in mucosa and submucosa"
"CCTCACCGAGGCACAG-1","Non-neoplastic colon"
"CCTCACCGCCACAACT-1","Tumor stroma in subserosa"
"CCTCACCGTAGAGGCT-1","Tumor cells in mucosa and submucosa"
"CCTCACCTAGACGTGC-1","Non-neoplastic colon"
"CCTCACGTCTGTGCCA-1","Tumor stroma in muscularis propria"
"CCTCACGTGAATCAAT-1","Tumor cells in mucosa and submucosa"
"CCTCACTAGTTCTTAC-1","Non-neoplastic colon"
"CCTCACTATGCGGTGA-1","Tumor stroma in subserosa"
"CCTCACTCAGTCATCG-1","Non-neoplastic colon"
"CCTCACTCTGCACTTC-1","Non-neoplastic colon"
"CCTCAGATCTGCGTAA-1","Tumor stroma in muscularis propria"
"CCTCATGGAACTGCGG-1","Tumor stroma in mucosa and submucosa"
"CCTCATTCGATGTTCG-1","Tumor stroma in mucosa and submucosa"
"CCTCCACTCATACAGC-1","Tumor cells in mucosa and submucosa"
"CCTCCAGAGGTCTTAA-1","Tumor stroma in mucosa and submucosa"
"CCTCCATCAGTTACGC-1","Tumor cells in subserosa"
"CCTCCGCTCCACGACA-1","Non-neoplastic colon"
"CCTCCGGTTGTCCGTT-1","Non-neoplastic colon"
"CCTCGCAGTGCGAGTA-1","Tumor stroma in subserosa"
"CCTCGCAGTTAATCTG-1","Tumor stroma in subserosa"
"CCTCGCGACGCTTACT-1","Tumor stroma in muscularis propria"
"CCTCGCGACGTGCTAA-1","Tumor stroma in mucosa and submucosa"
"CCTCGCGAGGTCGGTG-1","Tumor cells in mucosa and submucosa"
"CCTCGCGAGTCGATGC-1","Necrosis"
"CCTCGCGGATCGTTAG-1","Tumor stroma in subserosa"
"CCTCGCTATCCGAGAC-1","Non-neoplastic colon"
"CCTCGCTGCGAGTTGA-1","Non-neoplastic colon"
"CCTCGCTTCAACCTTG-1","Tumor stroma in mucosa and submucosa"
"CCTCGGAACCTACTCA-1","Tumor stroma in subserosa"
"CCTCGGAACGGCGATT-1","Tumor stroma in subserosa"
"CCTCGGAATTCCTATG-1","Tumor cells in mucosa and submucosa"
"CCTCGGATAGATGCGT-1","Non-neoplastic colon"
"CCTCGGCAGATCATCC-1","Tumor stroma at tumor invasive front/border"
"CCTCGGCAGCGTAGTG-1","Non-neoplastic colon"
"CCTCGGCGGTAATATC-1","Tumor stroma in muscularis propria"
"CCTCGGCGGTTCCAAG-1","Tumor cells in muscularis propria"
"CCTCGGTAGGATCGAG-1","Tumor stroma in mucosa and submucosa"
"CCTCGGTAGTCACTTA-1","Non-neoplastic colon"
"CCTCGGTTATTCGCGG-1","Necrosis"
"CCTCGGTTGTATTCTG-1","Tumor stroma in muscularis propria"
"CCTCTAAGCGCCACTG-1","Non-neoplastic colon"
"CCTCTAAGTACATGTA-1","Tumor cells in subserosa"
"CCTCTACCACAAGTGC-1","Tumor stroma in mucosa and submucosa"
"CCTCTACCACCGAGTA-1","Tumor stroma in muscularis propria"
"CCTCTACCTCAATATT-1","Non-neoplastic colon"
"CCTCTACTGACGCCTG-1","Non-neoplastic colon"
"CCTCTAGAACCTATAC-1","Tumor stroma in mucosa and submucosa"
"CCTCTAGACGTAGGCC-1","Tumor cells in muscularis propria"
"CCTCTAGCCAACCTAC-1","Non-neoplastic colon"
"CCTCTAGCCGGACAAT-1","Non-neoplastic colon"
"CCTCTAGGATAGATGG-1","Tumor cells at tumor invasive front/border"
"CCTCTATGGATTGGCC-1","Tumor stroma in muscularis propria"
"CCTCTATGTTAGACCA-1","Tumor cells in muscularis propria"
"CCTCTATTAATACCGA-1","Other"
"CCTCTATTCGTGATCC-1","Tumor cells in muscularis propria"
"CCTCTATTGGAGCGTC-1","Tumor cells in mucosa and submucosa"
"CCTCTATTGTGCACCG-1","Tumor cells in mucosa and submucosa"
"CCTCTTAACCGGACGG-1","Tumor cells in mucosa and submucosa"
"CCTCTTCGCTGTAGGT-1","Tumor cells in subserosa"
"CCTGAACAGCGTCAGA-1","Tumor cells in mucosa and submucosa"
"CCTGAACCAGTCCGGC-1","Tumor stroma in subserosa"
"CCTGAAGCGGCCATCT-1","Tumor stroma in mucosa and submucosa"
"CCTGAAGCGGTAGGTA-1","Tumor cells in mucosa and submucosa"
"CCTGAAGGCATACTTG-1","Tumor cells in mucosa and submucosa"
"CCTGAAGGTATGCCAA-1","Non-neoplastic colon"
"CCTGAAGTGAACAAGA-1","Tumor cells in mucosa and submucosa"
"CCTGAAGTGCTCTGAA-1","Tumor stroma in muscularis propria"
"CCTGAAGTTGGCACTC-1","Non-neoplastic colon"
"CCTGAATAACAATATC-1","Non-neoplastic colon"
"CCTGAATACGTCTACA-1","Tumor cells in muscularis propria"
"CCTGAATACTATTCGT-1","Non-neoplastic colon"
"CCTGAATAGGCCAGGA-1","Tumor cells in muscularis propria"
"CCTGAGCGGCACGCAA-1","Non-neoplastic colon"
"CCTGCCGAGCAAGAAT-1","Non-neoplastic colon"
"CCTGCGGAGGCTATGC-1","Non-neoplastic colon"
"CCTGCTACCTGAGTTG-1","Non-neoplastic colon"
"CCTGCTACGCAGAAGC-1","Tumor stroma in muscularis propria"
"CCTGCTATTGTCGCCT-1","Tumor stroma in mucosa and submucosa"
"CCTGCTCCGCAACATT-1","Tumor stroma in muscularis propria"
"CCTGCTCGCTAACGTG-1","Tumor stroma in mucosa and submucosa"
"CCTGCTCGGTTGTCCG-1","Non-neoplastic colon"
"CCTGCTGGCTTGAGCA-1","Tumor cells in muscularis propria"
"CCTGCTTAGACTAGTT-1","Tumor cells in subserosa"
"CCTGCTTAGTGCATGT-1","Tumor stroma in mucosa and submucosa"
"CCTGCTTCTGGCCTCC-1","Tumor cells in mucosa and submucosa"
"CCTGGAAGTATCATTA-1","Other"
"CCTGGACTCGTCCTTA-1","Non-neoplastic colon"
"CCTGGACTGTAGTGTT-1","Tumor stroma in mucosa and submucosa"
"CCTGGAGGTAACTGCG-1","Tumor cells in mucosa and submucosa"
"CCTGGATAACCTAGAA-1","Tumor cells in muscularis propria"
"CCTGGATCGTCTGCGA-1","Non-neoplastic colon"
"CCTGGCACCATGAGCG-1","Non-neoplastic colon"
"CCTGGCACCTCACGCT-1","Tumor stroma in subserosa"
"CCTGGCATGTACTATG-1","Tumor stroma in mucosa and submucosa"
"CCTGGCATTAGACTTC-1","Tumor cells in mucosa and submucosa"
"CCTGGCCAGGTTATTC-1","Tumor cells in mucosa and submucosa"
"CCTGGCCATATGCGGA-1","Tumor cells in muscularis propria"
"CCTGGCGAATCCTAGG-1","Tumor cells in mucosa and submucosa"
"CCTGGCTTAATGTTCT-1","Tumor stroma in muscularis propria"
"CCTGGCTTCAGACAAT-1","Tumor cells in mucosa and submucosa"
"CCTGTCCACGTAGTGA-1","Tumor cells in mucosa and submucosa"
"CCTGTCCTGCGACAAC-1","Tumor stroma in mucosa and submucosa"
"CCTGTCGAACAGATGC-1","Non-neoplastic colon"
"CCTGTCGATGGCTCTA-1","Tumor stroma in mucosa and submucosa"
"CCTGTCTGTCTAACCG-1","Tumor stroma in muscularis propria"
"CCTGTTCCATGTGCAT-1","Tumor stroma in muscularis propria"
"CCTGTTGAATCTAAGA-1","Tumor stroma in mucosa and submucosa"
"CCTTAATTACTGGAGC-1","Tumor cells in mucosa and submucosa"
"CCTTAGACAGTCGCCA-1","Non-neoplastic colon"
"CCTTAGATCGCCACCT-1","Tumor cells in mucosa and submucosa"
"CCTTAGCGCTTCACAA-1","Tumor stroma in subserosa"
"CCTTAGCGTCCAAGGT-1","Tumor cells in muscularis propria"
"CCTTAGCTGATTCCGG-1","Non-neoplastic colon"
"CCTTAGTAACAGTTGC-1","Tumor cells in mucosa and submucosa"
"CCTTAGTACACTCCTT-1","Tumor stroma in mucosa and submucosa"
"CCTTAGTACTAACGGT-1","Tumor stroma at tumor invasive front/border"
"CCTTAGTATGTAGTCG-1","Tumor stroma in muscularis propria"
"CCTTAGTGAACAGCAT-1","Non-neoplastic colon"
"CCTTAGTGTCGTGATC-1","Non-neoplastic colon"
"CCTTAGTTGCCGTAGG-1","Non-neoplastic colon"
"CCTTATAGGAAGCATA-1","Non-neoplastic colon"
"CCTTATGTTCATTGGC-1","Tumor stroma in subserosa"
"CCTTCAACAGATGTCT-1","Tumor cells in mucosa and submucosa"
"CCTTCAACCTACGATA-1","Tumor stroma in subserosa"
"CCTTCAACGGAATCTA-1","Non-neoplastic colon"
"CCTTCAACGGTCGGTT-1","Tumor stroma in subserosa"
"CCTTCACTCAGTGCTT-1","Non-neoplastic colon"
"CCTTCAGCACAACGTT-1","Tumor cells in mucosa and submucosa"
"CCTTCAGCCTCACGGC-1","Non-neoplastic colon"
"CCTTCAGGCGGTACGG-1","Tumor cells in mucosa and submucosa"
"CCTTCAGGTTATCGCC-1","Tumor stroma in subserosa"
"CCTTCATAGCTACACG-1","Tumor stroma in mucosa and submucosa"
"CCTTCATGATGCCAAT-1","Tumor stroma in muscularis propria"
"CCTTCATTCCTTGCAA-1","Tumor cells in mucosa and submucosa"
"CCTTCCAACGAATCGT-1","Tumor cells in mucosa and submucosa"
"CCTTCCACTCTTATCA-1","Tumor cells at tumor invasive front/border"
"CCTTCCGCATCCGTTC-1","Tumor stroma in muscularis propria"
"CCTTCCGTAAGGAGTA-1","Tumor cells in mucosa and submucosa"
"CCTTCCGTGCTGGTAG-1","Tumor cells in muscularis propria"
"CCTTCGAGATTGGCGT-1","Tumor cells in muscularis propria"
"CCTTCGAGTTACGAGG-1","Non-neoplastic colon"
"CCTTCGCACGCTGTAT-1","Necrosis"
"CCTTCTATAGGCACAG-1","Necrosis"
"CCTTCTCAATAGAAGT-1","Non-neoplastic colon"
"CCTTCTCACCGCACCG-1","Tumor cells in mucosa and submucosa"
"CCTTCTCACGGTCAGG-1","Tumor cells in subserosa"
"CCTTCTTAAGTTGGTA-1","Non-neoplastic colon"
"CCTTGTCCAACCTATC-1","Non-neoplastic colon"
"CCTTGTCGCATCTTAG-1","Other"
"CGAACCACTTAGGATC-1","Tumor stroma in subserosa"
"CGAACCGAACGGCGAG-1","Non-neoplastic colon"
"CGAACCGACGCCAGCT-1","Non-neoplastic colon"
"CGAACCGCGTGACTTG-1","Tumor stroma at tumor invasive front/border"
"CGAACCGTAGGAACAA-1","Non-neoplastic colon"
"CGAACCGTTGGTTGAC-1","Tumor cells in mucosa and submucosa"
"CGAACGATGCAGACGC-1","Tumor cells in muscularis propria"
"CGAACGCCGGTTAAGG-1","Tumor cells in mucosa and submucosa"
"CGAACGCTCGCACTGA-1","Tumor cells at tumor invasive front/border"
"CGAACGTATTAGACAA-1","Non-neoplastic colon"
"CGAAGACCGATTAATC-1","Tumor cells in muscularis propria"
"CGAAGACTCAATCAGT-1","Tumor cells in mucosa and submucosa"
"CGAAGACTGTTGACGC-1","Tumor stroma in muscularis propria"
"CGAAGCGAACCGGTAA-1","Tumor stroma in subserosa"
"CGAAGGTTCCAGCGCT-1","Tumor stroma in mucosa and submucosa"
"CGAAGGTTGTCTATGT-1","Tumor stroma in mucosa and submucosa"
"CGAAGTAGGACGCATG-1","Non-neoplastic colon"
"CGAAGTAGTTACTCGA-1","Non-neoplastic colon"
"CGAAGTGACAACTCGG-1","Tumor stroma in mucosa and submucosa"
"CGAAGTGAGCCTTGCG-1","Tumor stroma in muscularis propria"
"CGAAGTGCAATGAGGA-1","Non-neoplastic colon"
"CGAATACATATTCTGA-1","Non-neoplastic colon"
"CGAATATGCCGATTAC-1","Non-neoplastic colon"
"CGAATCAACTCATTGC-1","Tumor cells in muscularis propria"
"CGAATCAGCGAGTGGC-1","Tumor stroma in muscularis propria"
"CGAATCAGCGTTCTTG-1","Tumor cells in mucosa and submucosa"
"CGAATCCTGCGACATT-1","Non-neoplastic colon"
"CGAATGATCACCGCTC-1","Tumor stroma in subserosa"
"CGAATGCCGTACGACC-1","Necrosis"
"CGAATGGTAGTGCAGC-1","Necrosis"
"CGAATTACAAGTCTCC-1","Tumor stroma in muscularis propria"
"CGAATTACCTTGATGT-1","Tumor cells in subserosa"
"CGAATTAGACTCGGTT-1","Tumor cells in mucosa and submucosa"
"CGACAATTATGGCGAT-1","Non-neoplastic colon"
"CGACATGTCTTAGATG-1","Tumor cells in subserosa"
"CGACATTGCTTAAGTA-1","Tumor stroma in subserosa"
"CGACCAACAGCGCATA-1","Tumor cells in mucosa and submucosa"
"CGACCAACGGAAGTCA-1","Non-neoplastic colon"
"CGACCACGCCAGGACT-1","Non-neoplastic colon"
"CGACCACGGTCTCCGG-1","Non-neoplastic colon"
"CGACCACTACCGTGCC-1","Non-neoplastic colon"
"CGACCACTACGACTGA-1","Tumor cells in mucosa and submucosa"
"CGACCAGACATCAGTC-1","Tumor cells in mucosa and submucosa"
"CGACCAGCATCATAAG-1","Non-neoplastic colon"
"CGACCAGCATCTCGCC-1","Tumor stroma in mucosa and submucosa"
"CGACCAGCGTAGCTAC-1","Non-neoplastic colon"
"CGACCAGCTGGCCAAC-1","Tumor cells in subserosa"
"CGACCAGCTTGTATAG-1","Non-neoplastic colon"
"CGACCAGGCGGACAGA-1","Tumor cells in muscularis propria"
"CGACCAGGTCTGCATA-1","Tumor stroma in muscularis propria"
"CGACCGAGTGAGGAGT-1","Tumor cells in muscularis propria"
"CGACCGTGGACAATTG-1","Non-neoplastic colon"
"CGACCTAAGTATCCAT-1","Tumor cells in muscularis propria"
"CGACCTATACTAGTCC-1","Tumor stroma in subserosa"
"CGACCTATCTGTTATC-1","Non-neoplastic colon"
"CGACCTATTGATGTCG-1","Non-neoplastic colon"
"CGACCTCGTGTACTGA-1","Non-neoplastic colon"
"CGACCTGCCGGTGGAA-1","Tumor stroma in mucosa and submucosa"
"CGACCTGCTCTTAGAC-1","Non-neoplastic colon"
"CGACCTTGATCTTATG-1","Tumor stroma in mucosa and submucosa"
"CGACCTTGATGTGGAC-1","Non-neoplastic colon"
"CGACCTTGGATGCATT-1","Non-neoplastic colon"
"CGACCTTGGCCTATAC-1","Non-neoplastic colon"
"CGACGCAACCGACGAG-1","Tumor stroma in mucosa and submucosa"
"CGACGCAGATACAACC-1","Tumor stroma in muscularis propria"
"CGACGCATGCTCGATT-1","Non-neoplastic colon"
"CGACGCCAACTGTCTA-1","Necrosis"
"CGACGCCAAGAACCTG-1","Necrosis"
"CGACGCCGTACGTTCT-1","Tumor cells in mucosa and submucosa"
"CGACGCGAGTCTCATC-1","Non-neoplastic colon"
"CGACGCGGAACGAGTG-1","Tumor cells in muscularis propria"
"CGACGCTACAATGTAT-1","Non-neoplastic colon"
"CGACGCTCACATAAGT-1","Tumor stroma at tumor invasive front/border"
"CGACGCTCGCGAACGC-1","Non-neoplastic colon"
"CGACGCTCGTAATCTA-1","Tumor stroma in mucosa and submucosa"
"CGACGCTCTAAGTATG-1","Non-neoplastic colon"
"CGACGCTCTTAGGTCA-1","Tumor cells in mucosa and submucosa"
"CGACGGACGGCGTTGG-1","Non-neoplastic colon"
"CGACGGAGATCTCGTC-1","Tumor cells in subserosa"
"CGACGGTATCACCGAA-1","Non-neoplastic colon"
"CGACTAAGATGCCTAA-1","Tumor cells in mucosa and submucosa"
"CGACTAAGGCAGCGAC-1","Tumor cells in mucosa and submucosa"
"CGACTAAGTGACCGTA-1","Tumor cells in mucosa and submucosa"
"CGACTAATGGCCATCA-1","Non-neoplastic colon"
"CGACTAGAGGCGGTAT-1","Tumor cells in mucosa and submucosa"
"CGACTAGAGGTATGGA-1","Non-neoplastic colon"
"CGACTAGATGCTATTG-1","Tumor cells in muscularis propria"
"CGACTAGCGTTCCGTT-1","Non-neoplastic colon"
"CGACTAGCTGCCGACA-1","Tumor cells in mucosa and submucosa"
"CGACTAGGACGACATC-1","Non-neoplastic colon"
"CGACTAGGTGAATCAA-1","Non-neoplastic colon"
"CGACTATCGTCTGTGC-1","Tumor cells in muscularis propria"
"CGACTGAACACTGGTT-1","Tumor cells in mucosa and submucosa"
"CGACTGCGCAACTGTC-1","Non-neoplastic colon"
"CGACTGGCCTTACAGT-1","PNI"
"CGACTGGTACATCACT-1","Tumor cells in mucosa and submucosa"
"CGACTTCTGCACATGG-1","Non-neoplastic colon"
"CGACTTCTGGTAGATA-1","Tumor stroma in subserosa"
"CGAGAACGGACATGAT-1","Tumor stroma at tumor invasive front/border"
"CGAGAACGTAGTCTAA-1","Tumor cells in mucosa and submucosa"
"CGAGAACGTGCCATCC-1","Tumor stroma at tumor invasive front/border"
"CGAGACGACACGCTTG-1","Tumor cells in mucosa and submucosa"
"CGAGATCAGTCTAGCG-1","Non-neoplastic colon"
"CGAGATCTCAATCGTT-1","Tumor cells in subserosa"
"CGAGATTGAACCTTCT-1","Tumor cells in mucosa and submucosa"
"CGAGATTGCGAGTCAT-1","Tumor cells in mucosa and submucosa"
"CGAGCGATCGACATGG-1","Tumor cells in mucosa and submucosa"
"CGAGCGCAACCGTGTA-1","Tumor cells in muscularis propria"
"CGAGCGGCACCTACAG-1","Non-neoplastic colon"
"CGAGCGGCATCCTCTT-1","Tumor cells at tumor invasive front/border"
"CGAGCGGCGAGTCTGA-1","Tumor stroma in muscularis propria"
"CGAGCGGCTACATAGC-1","Tumor cells in mucosa and submucosa"
"CGAGCGGTCAGCGTCA-1","Non-neoplastic colon"
"CGAGCGTAATCTGCGT-1","Tumor cells in muscularis propria"
"CGAGCGTGTAACCGTC-1","Tumor cells in muscularis propria"
"CGAGGAACGGAGCGGT-1","Tumor stroma in subserosa"
"CGAGGAAGATTCGATT-1","Necrosis"
"CGAGGAAGGATAAGTC-1","Tumor cells in muscularis propria"
"CGAGGAAGTTAACCAG-1","Non-neoplastic colon"
"CGAGGACAGGATGTTC-1","Tumor cells in mucosa and submucosa"
"CGAGGACGATCTCGCA-1","Non-neoplastic colon"
"CGAGGACGCCTCGAAC-1","PNI"
"CGAGGAGCGAGGTTGT-1","Tumor stroma in mucosa and submucosa"
"CGAGGAGTTCGCAACT-1","Non-neoplastic colon"
"CGAGGATACAGTCGAT-1","Tumor cells in mucosa and submucosa"
"CGAGGATACCAGTGTC-1","Tumor stroma in subserosa"
"CGAGGATACTGTACTC-1","Tumor stroma in muscularis propria"
"CGAGGATATTGAAGCG-1","Tumor stroma in mucosa and submucosa"
"CGAGGATTCTGTGAAG-1","Tumor cells in subserosa"
"CGAGGCACTCTATCAT-1","Non-neoplastic colon"
"CGAGGCATGTTCTTAT-1","Non-neoplastic colon"
"CGAGGCTCGTGGCTTA-1","Non-neoplastic colon"
"CGAGGCTGCAGCCACG-1","Tumor stroma in mucosa and submucosa"
"CGAGGCTTCTCCTGGT-1","Non-neoplastic colon"
"CGAGTCAATAGCCACC-1","Non-neoplastic colon"
"CGAGTCACCAGTTATC-1","Tumor cells in subserosa"
"CGAGTCACGGAGGTGG-1","Tumor stroma in subserosa"
"CGAGTCATAAGTCCGT-1","Tumor cells in subserosa"
"CGAGTCATCGGTAGTT-1","Tumor stroma in mucosa and submucosa"
"CGAGTCCACCTGGTCA-1","Non-neoplastic colon"
"CGAGTCGACCGAATAA-1","Tumor cells in muscularis propria"
"CGAGTCGACGGAGCCG-1","Tumor cells in mucosa and submucosa"
"CGAGTCGAGCAGCTAG-1","Non-neoplastic colon"
"CGAGTCGATCCATATT-1","Tumor cells in mucosa and submucosa"
"CGAGTCGCACGCAGTA-1","Non-neoplastic colon"
"CGAGTCGCGTTACAAG-1","Non-neoplastic colon"
"CGAGTCGGAAGTCTCA-1","Non-neoplastic colon"
"CGAGTCTTAACTACCG-1","Non-neoplastic colon"
"CGAGTCTTACGGAGGT-1","Non-neoplastic colon"
"CGAGTCTTACGTTCTA-1","Tumor stroma in subserosa"
"CGAGTTACTTCATTCG-1","Tumor stroma in mucosa and submucosa"
"CGATAACGGCGAATAA-1","Tumor cells in muscularis propria"
"CGATAACTCCGAAGTT-1","Tumor cells in muscularis propria"
"CGATAACTCGCCTCTA-1","Tumor cells in mucosa and submucosa"
"CGATAAGACTCGGAGG-1","Non-neoplastic colon"
"CGATAAGATTCTAACT-1","Tumor stroma in mucosa and submucosa"
"CGATAAGGAGCGAATA-1","Necrosis"
"CGATAATGCCTAGGTG-1","Tumor cells in mucosa and submucosa"
"CGATAATGTTATACTT-1","Tumor cells in mucosa and submucosa"
"CGATAATTAACAGATA-1","Tumor stroma in subserosa"
"CGATAGACAACTCATT-1","Tumor cells in mucosa and submucosa"
"CGATAGACGAAGATTA-1","Tumor stroma at tumor invasive front/border"
"CGATGAAGACTCTACC-1","Non-neoplastic colon"
"CGATGAAGATGGAGCG-1","Non-neoplastic colon"
"CGATGAATACCTAGTC-1","Tumor cells in muscularis propria"
"CGATGAATCAGGTGGA-1","Tumor stroma in subserosa"
"CGATGAATTCGGCAGT-1","Tumor stroma in subserosa"
"CGATGACCGACGCACC-1","Non-neoplastic colon"
"CGATGACCTGGACGGC-1","Non-neoplastic colon"
"CGATGAGGAAGTGCCG-1","Tumor cells in subserosa"
"CGATGAGGTTACTCTG-1","Tumor cells in muscularis propria"
"CGATGAGTAAGGACTA-1","Non-neoplastic colon"
"CGATGAGTTCCGACAG-1","Tumor cells at tumor invasive front/border"
"CGATGATAGCCACCAT-1","Tumor cells in mucosa and submucosa"
"CGATGATCATTGAGTA-1","Tumor cells in mucosa and submucosa"
"CGATGATCCTCACTCG-1","Tumor cells in mucosa and submucosa"
"CGATGCTGCGTGCATT-1","Non-neoplastic colon"
"CGATGCTGTCATACAA-1","Tumor cells in mucosa and submucosa"
"CGATGGCACTCGTGAA-1","Non-neoplastic colon"
"CGATGTCAACTTGGCC-1","Non-neoplastic colon"
"CGATGTTCCAGTCTGG-1","Non-neoplastic colon"
"CGATTGAAGACTGACA-1","Tumor cells in muscularis propria"
"CGATTGTCAATATGCC-1","Tumor cells in mucosa and submucosa"
"CGCAACCATACTTGTA-1","Non-neoplastic colon"
"CGCAAGAATCAGCACT-1","Tumor cells in mucosa and submucosa"
"CGCAAGGCGACGCAGC-1","Non-neoplastic colon"
"CGCAAGTCCTACCGTT-1","Necrosis"
"CGCAAGTCTTCGCTCC-1","Tumor cells at tumor invasive front/border"
"CGCAAGTGAACTGTTC-1","Tumor stroma in subserosa"
"CGCAAGTTACATGTGA-1","Tumor cells in mucosa and submucosa"
"CGCAATACTTATCTTG-1","Tumor stroma in muscularis propria"
"CGCAATAGCGAGTATG-1","Non-neoplastic colon"
"CGCAATCGGATCCTTG-1","Non-neoplastic colon"
"CGCAATCTGCGTGAAT-1","Tumor cells in mucosa and submucosa"
"CGCAATGAACTCTTAA-1","Non-neoplastic colon"
"CGCAATGCCTATACGC-1","Non-neoplastic colon"
"CGCAATGGAGCCGCCT-1","Other"
"CGCAATGTGAAGATTC-1","Tumor stroma in mucosa and submucosa"
"CGCAATTATGTCAGAT-1","Tumor cells in mucosa and submucosa"
"CGCACGCACGGAGCCT-1","Tumor cells in muscularis propria"
"CGCACGCAGGCGCATG-1","Tumor stroma in muscularis propria"
"CGCACGCATTACTTCT-1","Tumor cells in mucosa and submucosa"
"CGCACGCCAGGTAATT-1","Tumor stroma in subserosa"
"CGCACGCCATAGGTAG-1","Tumor stroma in subserosa"
"CGCACGGTAGGAAGTG-1","Tumor stroma at tumor invasive front/border"
"CGCACGTTCGTGGATT-1","Necrosis"
"CGCACTAACAGATGCC-1","Non-neoplastic colon"
"CGCACTACTGGTTGCA-1","Non-neoplastic colon"
"CGCACTACTTGTACAG-1","Tumor stroma in subserosa"
"CGCACTAGCCGACAAC-1","Tumor stroma at tumor invasive front/border"
"CGCACTCCGAAGATGG-1","Non-neoplastic colon"
"CGCACTTCTAGCGGCT-1","Tumor cells in mucosa and submucosa"
"CGCAGACAGGATCCGT-1","Tumor stroma in muscularis propria"
"CGCAGACGGTGACAGC-1","Tumor stroma in muscularis propria"
"CGCAGATAACATACTA-1","Necrosis"
"CGCAGATATCCACTCA-1","Non-neoplastic colon"
"CGCAGGACGATACTTG-1","Tumor cells in mucosa and submucosa"
"CGCAGTCGGACGCTGC-1","Non-neoplastic colon"
"CGCATACTCCGCTGTA-1","Tumor cells at tumor invasive front/border"
"CGCATATCGTTGCGTG-1","Tumor stroma in muscularis propria"
"CGCATATCTGGAAGGA-1","Tumor cells in subserosa"
"CGCATCGCATCAGAGC-1","Non-neoplastic colon"
"CGCATCTGAGGCACAG-1","Non-neoplastic colon"
"CGCATCTGGAAGTGCG-1","Non-neoplastic colon"
"CGCATCTTACGCAACT-1","Tumor cells in muscularis propria"
"CGCATCTTCGCTTCCA-1","Tumor cells in mucosa and submucosa"
"CGCATCTTGACAGTTA-1","Tumor cells in muscularis propria"
"CGCATGACCTTCCAGG-1","Tumor stroma in muscularis propria"
"CGCATGAGTTATAGCG-1","Tumor stroma in mucosa and submucosa"
"CGCATGCTGAACTTGT-1","Non-neoplastic colon"
"CGCATGGAGCCTCAAG-1","Non-neoplastic colon"
"CGCATGTAACCTTGGA-1","Tumor cells in muscularis propria"
"CGCCAGACCTCAATTA-1","Tumor stroma in mucosa and submucosa"
"CGCCGGACATTATGGA-1","Tumor stroma in mucosa and submucosa"
"CGCCGGATACTTGGTT-1","Tumor cells in mucosa and submucosa"
"CGCCGGCGATTCACAG-1","Tumor stroma in mucosa and submucosa"
"CGCCGGTAAGTCATTA-1","Tumor stroma in mucosa and submucosa"
"CGCCGGTAGCTGCACC-1","Tumor cells in muscularis propria"
"CGCCGGTCACCTGTAT-1","Tumor stroma in mucosa and submucosa"
"CGCCGGTCGAAGGCTT-1","Non-neoplastic colon"
"CGCCGTCGCTACAGCG-1","Non-neoplastic colon"
"CGCCGTCTCGTTGCTC-1","Tumor stroma in subserosa"
"CGCCGTGCGAATCCAT-1","Tumor stroma in mucosa and submucosa"
"CGCCGTTACTCAGTTA-1","Non-neoplastic colon"
"CGCCTAGGCAACAGGA-1","Tumor stroma in mucosa and submucosa"
"CGCCTATGTTATGAAC-1","Tumor cells in mucosa and submucosa"
"CGCCTATTCAAGCCTG-1","Non-neoplastic colon"
"CGCCTATTCGCTTAAC-1","Tumor cells in mucosa and submucosa"
"CGCCTATTCTTAACTC-1","Tumor stroma in mucosa and submucosa"
"CGCCTCGAGCAGTAGA-1","Tumor cells in muscularis propria"
"CGCCTCGGAGGCTATG-1","Tumor cells in muscularis propria"
"CGCCTCGTGACCTTGG-1","Non-neoplastic colon"
"CGCCTCTAACTTACAT-1","Non-neoplastic colon"
"CGCCTCTAAGGTTGAA-1","Tumor cells in mucosa and submucosa"
"CGCCTCTACTGTCATA-1","Non-neoplastic colon"
"CGCCTCTGTAACGGTT-1","Tumor cells in muscularis propria"
"CGCCTTACTGGACGAG-1","Tumor cells in muscularis propria"
"CGCCTTATGTCCAGAA-1","Tumor cells in subserosa"
"CGCCTTCATGGTTCAC-1","Non-neoplastic colon"
"CGCCTTCATTCAAGAC-1","Tumor cells in mucosa and submucosa"
"CGCCTTGGTACGCCAT-1","Tumor cells in mucosa and submucosa"
"CGCCTTGGTCGCTTAG-1","Tumor cells in mucosa and submucosa"
"CGCCTTGTCGACCGAG-1","Tumor stroma in mucosa and submucosa"
"CGCCTTGTGATCCACT-1","Non-neoplastic colon"
"CGCTACAGTGCCAGGT-1","Necrosis"
"CGCTACATACGGAACC-1","Tumor cells in mucosa and submucosa"
"CGCTAGAATCTTGTGA-1","Non-neoplastic colon"
"CGCTAGACCATGGTAG-1","Non-neoplastic colon"
"CGCTAGACGGTCACAA-1","Non-neoplastic colon"
"CGCTAGCCGTTCATGG-1","Tumor cells in muscularis propria"
"CGCTAGCTCGGTTGCG-1","Non-neoplastic colon"
"CGCTAGGAGTTAATTA-1","Tumor stroma in muscularis propria"
"CGCTAGTAGAGCAGCG-1","Tumor cells in muscularis propria"
"CGCTATCCGATAGACT-1","Non-neoplastic colon"
"CGCTATCTATAATCAC-1","Tumor cells in mucosa and submucosa"
"CGCTATCTCAGTTAGA-1","Non-neoplastic colon"
"CGCTATGTCGAGCCAT-1","Tumor cells in mucosa and submucosa"
"CGCTATGTCGTTGGTG-1","Tumor stroma in mucosa and submucosa"
"CGCTATTAGCCTCGCT-1","PNI"
"CGCTATTAGCGTTAAC-1","Tumor stroma in subserosa"
"CGCTATTGCAATGACG-1","Tumor cells in muscularis propria"
"CGCTATTGGCGGACGT-1","Non-neoplastic colon"
"CGCTCACGTGGCATGT-1","Non-neoplastic colon"
"CGCTCATGGATACCGT-1","Tumor stroma in mucosa and submucosa"
"CGCTCCACCTACTTCG-1","Tumor stroma in subserosa"
"CGCTCGAATAACAATT-1","Non-neoplastic colon"
"CGCTCGAGATCAGAGG-1","Non-neoplastic colon"
"CGCTCGAGCGGCCATT-1","Non-neoplastic colon"
"CGCTCGAGCTGTTACC-1","Tumor cells in mucosa and submucosa"
"CGCTCGAGGTGCTTGT-1","Tumor cells in muscularis propria"
"CGCTCGAGTACATAAT-1","Tumor stroma in mucosa and submucosa"
"CGCTCGAGTATCGCGT-1","Tumor cells in mucosa and submucosa"
"CGCTCGCACCAAGTCG-1","Tumor cells in mucosa and submucosa"
"CGCTCGCATAGATGCA-1","PNI"
"CGCTCGGCGAAGGCCA-1","Tumor cells in mucosa and submucosa"
"CGCTCGGCGAATTAAT-1","Non-neoplastic colon"
"CGCTCGGCGAGCCATA-1","Tumor cells in muscularis propria"
"CGCTCGGCGTTGCAGG-1","Non-neoplastic colon"
"CGCTCGGCTGAGTGAG-1","Other"
"CGCTCGTCGGTCTGCT-1","Tumor cells in mucosa and submucosa"
"CGCTCGTTCAGGCTGG-1","Non-neoplastic colon"
"CGCTCGTTCATATTAC-1","Tumor cells in mucosa and submucosa"
"CGCTGAACAATAAGCG-1","Non-neoplastic colon"
"CGCTGACAAGAACAGG-1","Non-neoplastic colon"
"CGCTGAGTAAGCGGTT-1","Non-neoplastic colon"
"CGCTGCACCTATGACC-1","Non-neoplastic colon"
"CGCTGCACTAATACAT-1","Tumor stroma in muscularis propria"
"CGCTGCCAGACCATGC-1","Non-neoplastic colon"
"CGCTGCCATGAAGGCT-1","Non-neoplastic colon"
"CGCTGCGAAGATCCTA-1","Tumor stroma in muscularis propria"
"CGCTGCGAGTCATAGA-1","Tumor cells in muscularis propria"
"CGCTGCGGAGCACGTT-1","Necrosis"
"CGCTGCGGTCCATCAC-1","Tumor stroma in mucosa and submucosa"
"CGCTGCGGTCGCACGT-1","Tumor cells in muscularis propria"
"CGCTGCTAAGCTATCC-1","Non-neoplastic colon"
"CGCTGCTTCAAGCGGT-1","Non-neoplastic colon"
"CGCTGCTTCCACAAGA-1","Tumor cells in subserosa"
"CGCTGCTTGCTTCAGT-1","Tumor cells in muscularis propria"
"CGCTGTAGCCTAGCCG-1","Tumor cells in mucosa and submucosa"
"CGCTGTATCCGGTTCT-1","Tumor cells in mucosa and submucosa"
"CGCTGTATGGCTAGCG-1","Tumor stroma in subserosa"
"CGCTGTATTCATGGTA-1","Tumor stroma in mucosa and submucosa"
"CGCTGTGACAGACTTC-1","Tumor cells in mucosa and submucosa"
"CGCTTAACAGTCATCT-1","Tumor cells in mucosa and submucosa"
"CGCTTAAGCGGTCTTA-1","Tumor stroma in mucosa and submucosa"
"CGCTTAAGCTTGTCTA-1","Non-neoplastic colon"
"CGCTTAAGTAATTCGT-1","Tumor stroma in muscularis propria"
"CGCTTACACCTCGAGC-1","Tumor cells in mucosa and submucosa"
"CGCTTACAGACTGAAC-1","Non-neoplastic colon"
"CGCTTACCATGCTAGT-1","Tumor stroma in mucosa and submucosa"
"CGCTTAGAGCCAATTC-1","Tumor stroma in muscularis propria"
"CGCTTAGTAATCACGC-1","Tumor stroma at tumor invasive front/border"
"CGCTTAGTGACTCGTT-1","Tumor stroma in muscularis propria"
"CGCTTAGTTAAGTCAG-1","Tumor cells in muscularis propria"
"CGCTTATCATTGGCCG-1","Non-neoplastic colon"
"CGCTTCCGAAGCGTAC-1","Non-neoplastic colon"
"CGCTTCCGCTAATTCA-1","Tumor cells in muscularis propria"
"CGCTTCCTCATAATGC-1","Tumor cells in mucosa and submucosa"
"CGCTTCGGCATACGCC-1","Tumor stroma in subserosa"
"CGCTTGAACCTTCACC-1","Tumor cells in subserosa"
"CGCTTGATCTCGCAGC-1","Tumor stroma in muscularis propria"
"CGCTTGATGTACTTAC-1","Tumor stroma in muscularis propria"
"CGCTTGATTGCCTGCG-1","Non-neoplastic colon"
"CGCTTGCGCAATAACC-1","Tumor cells in mucosa and submucosa"
"CGCTTGCGTAGCATCG-1","Tumor stroma in mucosa and submucosa"
"CGCTTGCTAGTCGCAA-1","Tumor cells in muscularis propria"
"CGCTTGGAGGCCTACC-1","Tumor cells in muscularis propria"
"CGCTTGGATCGTGGTA-1","Tumor cells in mucosa and submucosa"
"CGGAACATTGTTGGAA-1","Tumor stroma in muscularis propria"
"CGGAACCAGCCGGCAC-1","Tumor stroma in muscularis propria"
"CGGAACCATAACTCCG-1","Tumor cells in mucosa and submucosa"
"CGGAACTCCAGGACTT-1","Non-neoplastic colon"
"CGGAACTTCCTTATTG-1","Tumor cells in muscularis propria"
"CGGAACTTGTCTAAGG-1","Tumor stroma at tumor invasive front/border"
"CGGAAGATTCCGCCAA-1","Non-neoplastic colon"
"CGGAATCCAACTCAGG-1","Non-neoplastic colon"
"CGGACCACAAGACCAA-1","Tumor cells in muscularis propria"
"CGGACCAGGACAGACG-1","Non-neoplastic colon"
"CGGACGAGAACCGCCT-1","Non-neoplastic colon"
"CGGACGAGGACATTGT-1","Non-neoplastic colon"
"CGGACGCTGGCCGCTA-1","Non-neoplastic colon"
"CGGACTATTCGCATTG-1","Tumor cells in mucosa and submucosa"
"CGGAGCACGATACCGC-1","Non-neoplastic colon"
"CGGAGCACGGCCATTG-1","Tumor stroma in mucosa and submucosa"
"CGGAGCACTCGACATT-1","Tumor stroma in mucosa and submucosa"
"CGGAGCAGTGTTATCG-1","Non-neoplastic colon"
"CGGAGCCAGTCTCGGC-1","Tumor cells in mucosa and submucosa"
"CGGAGCTATGTATCAG-1","Tumor cells in muscularis propria"
"CGGAGGAACTACGGTC-1","Tumor cells in muscularis propria"
"CGGAGGCATACGCTGT-1","Non-neoplastic colon"
"CGGAGGTAATCGTGTA-1","Non-neoplastic colon"
"CGGAGGTCCAGACATC-1","Tumor cells in muscularis propria"
"CGGAGGTCGCGTACTT-1","Tumor cells in muscularis propria"
"CGGAGTATTAACGGTT-1","Non-neoplastic colon"
"CGGAGTCTGCTTAACA-1","Non-neoplastic colon"
"CGGAGTCTGTAGCAGT-1","Tumor cells in muscularis propria"
"CGGAGTCTTATGGAGC-1","Non-neoplastic colon"
"CGGAGTGATTGTATTA-1","Necrosis"
"CGGAGTGGATCAATCC-1","Tumor stroma in mucosa and submucosa"
"CGGAGTGGCGCTGTTA-1","Tumor cells in mucosa and submucosa"
"CGGAGTGGTCGCGACC-1","Tumor cells in subserosa"
"CGGAGTTCACTACCGG-1","Tumor cells in subserosa"
"CGGAGTTCGGCGCCGA-1","Tumor cells in subserosa"
"CGGATAGCGTGAGTTA-1","Non-neoplastic colon"
"CGGATAGGACAAGCAA-1","Tumor cells in mucosa and submucosa"
"CGGATAGGTAACGCGG-1","Tumor stroma in subserosa"
"CGGATGTCTTCCGCTG-1","Tumor cells in subserosa"
"CGGATGTTGATCGCGT-1","Non-neoplastic colon"
"CGGATTAATGAAGAGG-1","Tumor stroma at tumor invasive front/border"
"CGGATTCGAATAACCT-1","Tumor cells in muscularis propria"
"CGGATTGAACCTGTTG-1","Non-neoplastic colon"
"CGGATTGCCGTCGATC-1","Non-neoplastic colon"
"CGGATTGCGTTACGGT-1","Tumor stroma in subserosa"
"CGGCAACATATTGCTA-1","Tumor cells in mucosa and submucosa"
"CGGCAAGATGAAGACG-1","Tumor cells at tumor invasive front/border"
"CGGCAAGCGTCTCAGG-1","Non-neoplastic colon"
"CGGCAAGTGCATAAGC-1","Non-neoplastic colon"
"CGGCAATGTCGCTTCA-1","Non-neoplastic colon"
"CGGCACATCCTAATCT-1","Tumor cells in mucosa and submucosa"
"CGGCACTTATACCTGT-1","Non-neoplastic colon"
"CGGCATAGGAACTCTT-1","Tumor cells in mucosa and submucosa"
"CGGCATCTTCCTGTAG-1","Tumor cells in mucosa and submucosa"
"CGGCATGGTGAGACTG-1","Non-neoplastic colon"
"CGGCATTACAACTGGT-1","Non-neoplastic colon"
"CGGCATTATGAATAGC-1","Tumor cells in mucosa and submucosa"
"CGGCATTCTGTCGCCG-1","Non-neoplastic colon"
"CGGCCATTATAATGTT-1","Tumor cells in subserosa"
"CGGCCGACGTCCAGTC-1","Tumor cells in subserosa"
"CGGCCGTGGTCCAAGG-1","Non-neoplastic colon"
"CGGCCTAAGTGCTCTG-1","Tumor stroma in mucosa and submucosa"
"CGGCCTCCATAGGCTT-1","Non-neoplastic colon"
"CGGCCTCCTTATAGCG-1","Tumor stroma at tumor invasive front/border"
"CGGCCTGCACCATCTT-1","Non-neoplastic colon"
"CGGCCTGCCAATTGTT-1","Non-neoplastic colon"
"CGGCCTGCCTTAGTGG-1","Tumor cells in mucosa and submucosa"
"CGGCGAATTGACTAGC-1","Tumor cells in mucosa and submucosa"
"CGGCGATACTCACCAA-1","Tumor cells at tumor invasive front/border"
"CGGCGTAACAATTAGA-1","Non-neoplastic colon"
"CGGCGTAAGCGACAGC-1","Tumor stroma in muscularis propria"
"CGGCGTAATATGGTAT-1","Non-neoplastic colon"
"CGGCGTAGCCTCCGCT-1","Tumor cells in subserosa"
"CGGCGTATACCGGAGT-1","Non-neoplastic colon"
"CGGCGTATCATTGATT-1","Non-neoplastic colon"
"CGGCGTCACCTCAATA-1","Non-neoplastic colon"
"CGGCGTCATGATACAA-1","Tumor cells in mucosa and submucosa"
"CGGCGTCATGGCCTTC-1","Non-neoplastic colon"
"CGGCGTCCGAGCAACG-1","Tumor cells in mucosa and submucosa"
"CGGCGTGCACGGTACC-1","Tumor stroma in subserosa"
"CGGCGTGCACTCAAGT-1","Tumor cells in mucosa and submucosa"
"CGGCGTGCGTTGTCTG-1","Tumor cells in mucosa and submucosa"
"CGGCGTTGTCTTGTTA-1","Non-neoplastic colon"
"CGGCTCCTATCTTGGC-1","Tumor cells in subserosa"
"CGGCTCGCGACATATG-1","Non-neoplastic colon"
"CGGCTGACATCTCCGC-1","Tumor cells in subserosa"
"CGGCTTCCGGATTGTA-1","Tumor stroma in muscularis propria"
"CGGCTTCCGTAGCGAC-1","Tumor stroma in mucosa and submucosa"
"CGGTAACGCATTCTGA-1","Tumor cells in mucosa and submucosa"
"CGGTAGACCTGTGGTC-1","Tumor cells in mucosa and submucosa"
"CGGTAGACTCAACTTA-1","Tumor cells in mucosa and submucosa"
"CGGTAGATTCGCTCGG-1","Tumor stroma in mucosa and submucosa"
"CGGTAGCAACAGTGGT-1","Non-neoplastic colon"
"CGGTAGCAGTCATACT-1","Non-neoplastic colon"
"CGGTAGCGCTTAACCT-1","Tumor stroma in muscularis propria"
"CGGTAGCGGTCTGTAC-1","Tumor cells in subserosa"
"CGGTAGGTTGCGTAAG-1","Tumor stroma in subserosa"
"CGGTAGTGGTCGGACG-1","Non-neoplastic colon"
"CGGTAGTGTCTGTCCA-1","Tumor cells in mucosa and submucosa"
"CGGTAGTTCCTAGGCA-1","Tumor cells in muscularis propria"
"CGGTAGTTGGCCTAGA-1","Tumor cells in mucosa and submucosa"
"CGGTATCGATTCCGAG-1","Tumor cells in muscularis propria"
"CGGTATCTGTGCAACC-1","Non-neoplastic colon"
"CGGTATGCGGCTGGAA-1","Tumor cells at tumor invasive front/border"
"CGGTCACTTGCGTGCT-1","Tumor cells in mucosa and submucosa"
"CGGTCAGGTTACATAC-1","Tumor stroma in mucosa and submucosa"
"CGGTCCAACCATTCCG-1","Tumor cells in subserosa"
"CGGTCCATGCCTACCT-1","Tumor stroma in muscularis propria"
"CGGTCCGCTGTACGTG-1","Tumor stroma in mucosa and submucosa"
"CGGTCCTACTCGTCTG-1","Tumor stroma in mucosa and submucosa"
"CGGTCCTAGTTACTTA-1","Tumor stroma in mucosa and submucosa"
"CGGTCCTGAGTGACGC-1","Tumor cells in mucosa and submucosa"
"CGGTCTCCAGGACCTG-1","Tumor stroma in muscularis propria"
"CGGTCTCCGTTGGATC-1","Non-neoplastic colon"
"CGGTCTGCCGAGTTAA-1","Non-neoplastic colon"
"CGGTCTGCGTTAAGAC-1","Non-neoplastic colon"
"CGGTCTTATCGGTGGA-1","Tumor cells in mucosa and submucosa"
"CGGTGAACTACGACTT-1","Tumor stroma in subserosa"
"CGGTGACTCGGCTCGG-1","PNI"
"CGGTGACTGACTTGGA-1","Non-neoplastic colon"
"CGGTGATTAGAACTTC-1","Tumor cells at tumor invasive front/border"
"CGGTGCACATAGTAAC-1","Non-neoplastic colon"
"CGGTGCGTTAACAAGT-1","Tumor stroma in muscularis propria"
"CGGTGCTGACTGAACA-1","Non-neoplastic colon"
"CGGTGGCATAGGTTCC-1","Non-neoplastic colon"
"CGGTGGCATCTTATGT-1","Tumor cells in mucosa and submucosa"
"CGGTTAGACCACCTCC-1","Non-neoplastic colon"
"CGGTTAGAGTCTCGAC-1","Tumor stroma in subserosa"
"CGGTTATGGAGCTAGA-1","Non-neoplastic colon"
"CGGTTATGTAACCTAT-1","Non-neoplastic colon"
"CGGTTCCTTAAGGTAA-1","Non-neoplastic colon"
"CGGTTCTGGCACTCGG-1","Tumor cells in subserosa"
"CGGTTCTGGCTAATCG-1","Non-neoplastic colon"
"CGGTTGAACTCCAACC-1","Tumor cells in muscularis propria"
"CGGTTGCAGGAGTGAC-1","Tumor cells in subserosa"
"CGGTTGCTGATACCTA-1","Non-neoplastic colon"
"CGGTTGCTTATGTCGT-1","Non-neoplastic colon"
"CGGTTGGCCATAGCCG-1","Tumor cells in mucosa and submucosa"
"CGGTTGGCGGTCCAAG-1","Tumor stroma in muscularis propria"
"CGGTTGGCGTAGATAC-1","Non-neoplastic colon"
"CGGTTGGCTGCGTTCC-1","Tumor stroma in mucosa and submucosa"
"CGGTTGTCAGCTGACC-1","Tumor cells in subserosa"
"CGTAACAGAATATCAC-1","Tumor cells in mucosa and submucosa"
"CGTAACAGCAATTCTG-1","Tumor stroma in muscularis propria"
"CGTAACATGGAAGCTT-1","Tumor stroma in mucosa and submucosa"
"CGTAACCTTAGACACT-1","Tumor cells in mucosa and submucosa"
"CGTAACGCCAATCTGC-1","Tumor cells in subserosa"
"CGTAACTAAGGCTAGC-1","Tumor cells in muscularis propria"
"CGTAAGCCTATTGGCA-1","PNI"
"CGTACAACGTGCTATG-1","Non-neoplastic colon"
"CGTACAACTTATGGTT-1","Non-neoplastic colon"
"CGTACAATGATCTGGT-1","Tumor cells in mucosa and submucosa"
"CGTACAATTGCGTGAA-1","Non-neoplastic colon"
"CGTACACGCCGGATGA-1","Tumor cells in mucosa and submucosa"
"CGTACACTCATATCAA-1","Tumor cells in subserosa"
"CGTACAGTCAACATCC-1","Non-neoplastic colon"
"CGTACAGTTCACGAGG-1","Tumor cells in subserosa"
"CGTACATCTAATGTGA-1","Non-neoplastic colon"
"CGTACATTATCGCCAA-1","Tumor cells in mucosa and submucosa"
"CGTACATTGCTGGCAC-1","Tumor cells in subserosa"
"CGTACTAAGTTATTCT-1","Tumor cells in mucosa and submucosa"
"CGTACTCCACGCGATT-1","Tumor stroma at tumor invasive front/border"
"CGTACTGCATCGGTAC-1","Non-neoplastic colon"
"CGTACTTACTGGCCAG-1","Tumor stroma in subserosa"
"CGTACTTAGGACTCAG-1","Tumor cells in subserosa"
"CGTACTTCGCATCGGT-1","Tumor stroma in mucosa and submucosa"
"CGTACTTCGCGATATC-1","Non-neoplastic colon"
"CGTACTTGTCTGAGAA-1","Tumor cells in mucosa and submucosa"
"CGTAGAGCAAGAGGCT-1","Tumor cells in mucosa and submucosa"
"CGTAGTACCGTTAGTT-1","Non-neoplastic colon"
"CGTAGTATACGCTAGC-1","Non-neoplastic colon"
"CGTAGTATGTATTCAT-1","Tumor cells in subserosa"
"CGTAGTCGCCAACCTA-1","Tumor cells in mucosa and submucosa"
"CGTAGTCGCTGCCTAA-1","Non-neoplastic colon"
"CGTAGTTAGATCAAGC-1","Necrosis"
"CGTAGTTCGGCCTGCC-1","PNI"
"CGTAGTTGGACCTTGG-1","Non-neoplastic colon"
"CGTAGTTGGTGACCAC-1","Necrosis"
"CGTATCAAGATGGTCC-1","Tumor stroma in subserosa"
"CGTATCACCGTTCGCC-1","Non-neoplastic colon"
"CGTATCCGAGGAGTGC-1","Tumor cells in mucosa and submucosa"
"CGTATCGCGTTCCTCA-1","Tumor cells in muscularis propria"
"CGTATCGTCAGTAGAA-1","Non-neoplastic colon"
"CGTCACAACTCAGCAC-1","Tumor stroma in mucosa and submucosa"
"CGTCACGTCTACGTAG-1","Tumor stroma in mucosa and submucosa"
"CGTCACTGGAGGTATT-1","Tumor cells in mucosa and submucosa"
"CGTCACTGTCGCATGC-1","Tumor stroma in subserosa"
"CGTCATCCTTCAGCCT-1","Non-neoplastic colon"
"CGTCCAAGCGGTTAAC-1","Non-neoplastic colon"
"CGTCCAAGTTCCATGT-1","Non-neoplastic colon"
"CGTCCAAGTTCGGATA-1","Non-neoplastic colon"
"CGTCCAGACTGTCTAA-1","Non-neoplastic colon"
"CGTCCATACTCGAGGT-1","Tumor cells in muscularis propria"
"CGTCCATACTTAGAAC-1","Non-neoplastic colon"
"CGTCGGACTATCAGAA-1","Other"
"CGTCGGATCAGCCGGC-1","Tumor stroma in muscularis propria"
"CGTCGGATGGCCAACG-1","Non-neoplastic colon"
"CGTCGGATTACCGATT-1","Tumor stroma in subserosa"
"CGTCGGCATTACCTTG-1","Tumor cells in mucosa and submucosa"
"CGTCGGCCAACACCAT-1","Non-neoplastic colon"
"CGTCGGTCAACGCTTG-1","Non-neoplastic colon"
"CGTCGGTTCGTTAACA-1","Tumor stroma in subserosa"
"CGTCGGTTGAGCACTA-1","Non-neoplastic colon"
"CGTCGGTTGTTCAAGT-1","Non-neoplastic colon"
"CGTCTAGCATCAGTCG-1","Non-neoplastic colon"
"CGTCTAGCTACTGTTA-1","Non-neoplastic colon"
"CGTCTGTAACTCACTG-1","Tumor cells in subserosa"
"CGTCTGTACTTCTGAC-1","Tumor cells in mucosa and submucosa"
"CGTCTTCATCACGATT-1","Tumor stroma in mucosa and submucosa"
"CGTGAACCAGGAGCCT-1","Non-neoplastic colon"
"CGTGAATCTTCCTAAT-1","Tumor cells in muscularis propria"
"CGTGACAGAACACTTC-1","Non-neoplastic colon"
"CGTGAGCAGGCTACCA-1","Tumor stroma in subserosa"
"CGTGAGCGATTAGCTC-1","Tumor cells in muscularis propria"
"CGTGAGCGCCGAGTCA-1","Tumor cells in mucosa and submucosa"
"CGTGAGCGTGGTGAGT-1","Non-neoplastic colon"
"CGTGAGCTTCCGGCGT-1","Non-neoplastic colon"
"CGTGAGTCTAGCGACA-1","Tumor cells in mucosa and submucosa"
"CGTGAGTTACCAGAGG-1","Tumor cells in mucosa and submucosa"
"CGTGAGTTCATCGATG-1","Tumor stroma in muscularis propria"
"CGTGAGTTCCAGCGAA-1","Tumor cells in mucosa and submucosa"
"CGTGATCCTCCGTACT-1","Tumor stroma in subserosa"
"CGTGCACCGAGCTTCC-1","Non-neoplastic colon"
"CGTGCCGCGTGGCTAT-1","Other"
"CGTGCGTGGTGCCTGG-1","Tumor cells in mucosa and submucosa"
"CGTGCTGAACAAGACG-1","Non-neoplastic colon"
"CGTGGCCGCAGTGGAT-1","Tumor cells in subserosa"
"CGTGGCCTAGTCTTCG-1","Tumor stroma in subserosa"
"CGTGGCCTCATAAGCC-1","Tumor cells in subserosa"
"CGTGGCGAGCGATAGC-1","Tumor cells at tumor invasive front/border"
"CGTGGCGATGGCTTAC-1","Tumor stroma in mucosa and submucosa"
"CGTGGCGATTGCCACT-1","Tumor stroma in subserosa"
"CGTGGCTAAGTATTGC-1","Non-neoplastic colon"
"CGTGGCTCCATTAGGT-1","Non-neoplastic colon"
"CGTGGCTCTATCGCGG-1","Tumor stroma in mucosa and submucosa"
"CGTGGCTGTTGACGTG-1","Non-neoplastic colon"
"CGTGTACCGTAGCAGG-1","Tumor cells in mucosa and submucosa"
"CGTGTACGCAGAAGCG-1","Non-neoplastic colon"
"CGTGTACGCTGGCAAT-1","Tumor cells in subserosa"
"CGTGTAGAGTGGTTCG-1","Tumor cells in mucosa and submucosa"
"CGTGTAGTCCTAGTTG-1","Non-neoplastic colon"
"CGTGTAGTCGCCAGGC-1","Tumor stroma in muscularis propria"
"CGTGTATGAAGTGATC-1","Tumor cells in mucosa and submucosa"
"CGTGTCTGCCGCAGCC-1","Non-neoplastic colon"
"CGTGTTCAATTCAACC-1","Tumor stroma in mucosa and submucosa"
"CGTGTTCACGTCAGTG-1","Tumor cells in mucosa and submucosa"
"CGTGTTGCAATCGATA-1","Non-neoplastic colon"
"CGTGTTGCATCCTCAC-1","Non-neoplastic colon"
"CGTTAACCTTGATGCA-1","Non-neoplastic colon"
"CGTTAACTCGGTATCT-1","Non-neoplastic colon"
"CGTTACAGCGGCATCG-1","Tumor cells in subserosa"
"CGTTACCGTTCAGGTG-1","Non-neoplastic colon"
"CGTTACGACCACAGAC-1","Tumor stroma in muscularis propria"
"CGTTACGGTTCTCGGA-1","Tumor cells in subserosa"
"CGTTACGTACGTCTCC-1","Non-neoplastic colon"
"CGTTACGTAGGCTGTT-1","Non-neoplastic colon"
"CGTTACTATTAGTAGC-1","Non-neoplastic colon"
"CGTTCCACTCAGGTAA-1","Non-neoplastic colon"
"CGTTCCGAATTATGTT-1","Tumor stroma in subserosa"
"CGTTCCTCCGGCTATG-1","PNI"
"CGTTCCTCGCTTCTCG-1","Non-neoplastic colon"
"CGTTCCTGTACTTATT-1","Tumor cells in mucosa and submucosa"
"CGTTCGTGCTATGCAC-1","Necrosis"
"CGTTGACACCGCTAGA-1","Non-neoplastic colon"
"CGTTGGAACCGGAGTA-1","Non-neoplastic colon"
"CGTTGGTGCACGCCAC-1","Non-neoplastic colon"
"CGTTGGTGGAATTCGA-1","Non-neoplastic colon"
"CGTTGTCAATTAGCCA-1","Tumor cells in muscularis propria"
"CGTTGTCTAGGACCAC-1","Non-neoplastic colon"
"CTAACACGATTCCTCG-1","Tumor cells in mucosa and submucosa"
"CTAACACGCAGACCGA-1","Tumor cells in mucosa and submucosa"
"CTAACACGTACTATCT-1","Tumor cells in mucosa and submucosa"
"CTAACACGTGTTCGAT-1","Non-neoplastic colon"
"CTAACAGACGCATATC-1","Tumor cells in muscularis propria"
"CTAACAGCTGAAGAGG-1","Tumor cells in muscularis propria"
"CTAACATTATTCGTTA-1","Tumor cells in muscularis propria"
"CTAACCACTGAGATGA-1","Tumor cells in subserosa"
"CTAACCTATCGATTAT-1","Tumor stroma in mucosa and submucosa"
"CTAACGGAGCTTCGCA-1","Non-neoplastic colon"
"CTAACGTCTGGATCCA-1","Non-neoplastic colon"
"CTAACGTGCTGAGTCT-1","Tumor cells in subserosa"
"CTAACTAACGGCCAGC-1","Tumor cells in mucosa and submucosa"
"CTAACTGCATCTTACT-1","Non-neoplastic colon"
"CTAAGAATCCGCCAAC-1","Tumor cells in mucosa and submucosa"
"CTAAGACCGGAGCCGG-1","Tumor cells in mucosa and submucosa"
"CTAAGACTAACATTGT-1","Non-neoplastic colon"
"CTAAGACTTCCTAAGA-1","Necrosis"
"CTAAGAGCTCAAGGTT-1","Tumor cells in mucosa and submucosa"
"CTAAGAGGAATCACTG-1","Tumor stroma in mucosa and submucosa"
"CTAAGCGAATAACCTC-1","Non-neoplastic colon"
"CTAAGCGAATTGGACA-1","Non-neoplastic colon"
"CTAAGTAATGACCTCC-1","Non-neoplastic colon"
"CTAAGTATCCTTGGTT-1","Non-neoplastic colon"
"CTAAGTTAGCTGGTCA-1","Tumor cells in mucosa and submucosa"
"CTAAGTTCACGTCTTC-1","Non-neoplastic colon"
"CTAAGTTCCATGTCGT-1","Non-neoplastic colon"
"CTAAGTTCGGACGGCT-1","Tumor stroma in subserosa"
"CTAATATCATGGTCTG-1","Tumor stroma in muscularis propria"
"CTAATCTGGCATCAAG-1","Tumor stroma in mucosa and submucosa"
"CTAATGAGCGCACCAG-1","Tumor stroma in muscularis propria"
"CTAATGCTCAGAAGGC-1","Tumor cells in muscularis propria"
"CTAATGCTTGATCTGT-1","Non-neoplastic colon"
"CTAATGGTGCAGTCGG-1","Tumor cells in mucosa and submucosa"
"CTAATGTACCTTGCAC-1","Tumor cells at tumor invasive front/border"
"CTAATTACCTATGCAC-1","Tumor stroma at tumor invasive front/border"
"CTAATTACTACGATCT-1","Non-neoplastic colon"
"CTAATTCAAGCAGAAC-1","Non-neoplastic colon"
"CTAATTCCATCAAGCG-1","Tumor stroma in muscularis propria"
"CTAATTCGATGTATGT-1","Tumor cells in mucosa and submucosa"
"CTAATTCGTTATCTTG-1","Non-neoplastic colon"
"CTAATTGACCTTCGAG-1","Tumor stroma in subserosa"
"CTAATTGTCGATAACA-1","Tumor cells in mucosa and submucosa"
"CTACAACTACGATCCG-1","Non-neoplastic colon"
"CTACAATGGATCGCAG-1","Non-neoplastic colon"
"CTACAGATAACTCGGT-1","Non-neoplastic colon"
"CTACAGATCAACCTCA-1","Tumor stroma in muscularis propria"
"CTACAGCACGACTCAC-1","Non-neoplastic colon"
"CTACAGCCAATAACCG-1","Tumor cells in mucosa and submucosa"
"CTACAGCCTAACTGAT-1","Non-neoplastic colon"
"CTACAGCCTACTCAGG-1","Tumor cells in mucosa and submucosa"
"CTACAGCCTGAAGTCT-1","Tumor cells in muscularis propria"
"CTACAGCGGTGATTCT-1","Tumor stroma in subserosa"
"CTACAGGTAATACTGA-1","Tumor cells in mucosa and submucosa"
"CTACAGGTCGGCATCT-1","Non-neoplastic colon"
"CTACAGGTCTATGTAC-1","Necrosis"
"CTACAGGTGCTATGGC-1","Non-neoplastic colon"
"CTACAGGTTACCAGGA-1","Tumor stroma in mucosa and submucosa"
"CTACAGTAACGCCTCG-1","Non-neoplastic colon"
"CTACAGTAACTGCGTC-1","Tumor cells in mucosa and submucosa"
"CTACAGTACAAGACCG-1","Tumor cells in mucosa and submucosa"
"CTACAGTATCCTGGCA-1","Tumor stroma in mucosa and submucosa"
"CTACAGTGACCAATAA-1","Non-neoplastic colon"
"CTACATTGCTCGAATG-1","Tumor cells in muscularis propria"
"CTACCAAGACCGTTGG-1","Tumor stroma in mucosa and submucosa"
"CTACCAGACATTCCTA-1","Non-neoplastic colon"
"CTACCAGAGTAATCTT-1","Non-neoplastic colon"
"CTACCAGTGCGTACCT-1","Non-neoplastic colon"
"CTACCATCCAGCGAAT-1","Tumor cells in muscularis propria"
"CTACCGTCCATTAACC-1","Tumor cells in muscularis propria"
"CTACCTCAAGTTCCAC-1","Non-neoplastic colon"
"CTACCTCCACCTAGCC-1","Non-neoplastic colon"
"CTACCTGAAGCCGTAT-1","Tumor cells in mucosa and submucosa"
"CTACCTGCATACGTCC-1","Non-neoplastic colon"
"CTACCTTAACAGCCAG-1","Tumor cells in muscularis propria"
"CTACCTTAGATAACGG-1","Tumor stroma in mucosa and submucosa"
"CTACGAATGACTGTAT-1","Tumor cells in mucosa and submucosa"
"CTACGAGGTGCTATAC-1","Tumor cells in mucosa and submucosa"
"CTACGAGTAACGAAGG-1","Tumor cells in mucosa and submucosa"
"CTACGAGTATCAGATA-1","Tumor cells in subserosa"
"CTACGAGTCGCCTCGG-1","Tumor stroma in muscularis propria"
"CTACGAGTTGCGGTTG-1","Non-neoplastic colon"
"CTACGATACGACGTGG-1","Tumor cells at tumor invasive front/border"
"CTACGATCAATAACTC-1","Tumor stroma in muscularis propria"
"CTACGATGTACTTAGG-1","Non-neoplastic colon"
"CTACGCACAGGATACA-1","Non-neoplastic colon"
"CTACGCATGTAGTGGT-1","Tumor cells in muscularis propria"
"CTACGCGGCTATTGAG-1","Other"
"CTACGCTCGAGTCCGA-1","Tumor stroma in muscularis propria"
"CTACGCTTCCTGTTCA-1","Tumor cells in mucosa and submucosa"
"CTACTCAGCCACTACC-1","Tumor stroma in subserosa"
"CTACTCATACAGTTCT-1","Tumor cells in mucosa and submucosa"
"CTACTCATAGCGCCTC-1","Tumor cells in mucosa and submucosa"
"CTACTCCTGCTTAGTA-1","Non-neoplastic colon"
"CTACTCCTGGACGTAG-1","Tumor stroma in subserosa"
"CTACTCGGAATTGCTT-1","Tumor stroma in muscularis propria"
"CTACTCTAGGCGACAT-1","Tumor cells in subserosa"
"CTACTCTGAAGAATGC-1","Non-neoplastic colon"
"CTACTGAGACGAGCCA-1","Tumor cells in muscularis propria"
"CTACTGAGCGTTCATT-1","Non-neoplastic colon"
"CTACTGCCGCGTTGTC-1","Tumor stroma at tumor invasive front/border"
"CTACTGCTAGCCAGGT-1","Tumor cells in mucosa and submucosa"
"CTACTGGAATAACAGA-1","Non-neoplastic colon"
"CTACTGGACACTGACG-1","Non-neoplastic colon"
"CTACTGGATCGCACAG-1","Non-neoplastic colon"
"CTACTGGCGGACGAGC-1","Non-neoplastic colon"
"CTACTGGCGGCTCCTG-1","Non-neoplastic colon"
"CTACTTCATGTTATAA-1","Tumor cells in mucosa and submucosa"
"CTACTTCGGTCAGACT-1","Tumor cells in mucosa and submucosa"
"CTAGAATTATCCACGC-1","Tumor cells in mucosa and submucosa"
"CTAGACCTCGTCGGCC-1","Non-neoplastic colon"
"CTAGACGAATGTCCAC-1","Non-neoplastic colon"
"CTAGATAGTGATCGTT-1","Non-neoplastic colon"
"CTAGATGATTCTGGAT-1","Tumor stroma in muscularis propria"
"CTAGCAACTGGACAGA-1","Non-neoplastic colon"
"CTAGCACGCTACTCCG-1","Tumor cells in mucosa and submucosa"
"CTAGCACTCAGACTAG-1","Non-neoplastic colon"
"CTAGCACTCATGACGC-1","Tumor cells in mucosa and submucosa"
"CTAGCACTCGGAAGGA-1","Non-neoplastic colon"
"CTAGCACTGGCCTCCA-1","Non-neoplastic colon"
"CTAGCACTGTCTTGAC-1","Tumor cells in subserosa"
"CTAGCACTTCGTCCTA-1","Tumor stroma in subserosa"
"CTAGCAGGACAAGTGC-1","Non-neoplastic colon"
"CTAGCAGGCACCTCAC-1","Tumor cells in subserosa"
"CTAGCAGGTGGAGCCA-1","Tumor stroma in muscularis propria"
"CTAGCATACAGGTCGA-1","Non-neoplastic colon"
"CTAGCATATCACAGTC-1","Non-neoplastic colon"
"CTAGCATTATCTTCTG-1","Tumor cells in mucosa and submucosa"
"CTAGCGAGCTATAGTG-1","Tumor cells in mucosa and submucosa"
"CTAGCGGAATCTAGTT-1","Necrosis"
"CTAGCGGAGCGGTACC-1","Tumor stroma in subserosa"
"CTAGCGTCGCGACCAG-1","Tumor stroma in mucosa and submucosa"
"CTAGCGTCGGTTATCT-1","Tumor cells in muscularis propria"
"CTAGCGTTGTGCTGTA-1","Tumor stroma in subserosa"
"CTAGCTATACGACTTG-1","Tumor cells in mucosa and submucosa"
"CTAGGAACTCACTTAG-1","Non-neoplastic colon"
"CTAGGAAGTCTAATTG-1","Non-neoplastic colon"
"CTAGGACCGCTAGCAG-1","Tumor cells in mucosa and submucosa"
"CTAGGACCGCTGAGGA-1","Tumor stroma in muscularis propria"
"CTAGGACCGTTAATTC-1","Tumor stroma in subserosa"
"CTAGGATTAGTGATGG-1","Tumor cells in mucosa and submucosa"
"CTAGGCGGAGTATTAC-1","Other"
"CTAGGTTCCAACATCG-1","Tumor stroma in mucosa and submucosa"
"CTAGTGTCAGGCCTGG-1","Tumor stroma in mucosa and submucosa"
"CTAGTGTTATAGATTG-1","Tumor cells in subserosa"
"CTAGTTAACAGATGTC-1","Tumor stroma in subserosa"
"CTAGTTATAATCTGGT-1","Non-neoplastic colon"
"CTAGTTATAGCCTATC-1","Tumor cells in mucosa and submucosa"
"CTAGTTCCAATCTTAG-1","Non-neoplastic colon"
"CTAGTTCGCAGGTCGC-1","Tumor stroma at tumor invasive front/border"
"CTAGTTCGGACGCACG-1","Non-neoplastic colon"
"CTAGTTCGTCCAGCGA-1","Non-neoplastic colon"
"CTAGTTCTCGTACACT-1","Tumor cells in mucosa and submucosa"
"CTAGTTCTGGTGTAAC-1","Tumor stroma in mucosa and submucosa"
"CTAGTTGAGTATAGCT-1","Tumor cells in subserosa"
"CTAGTTGATCGCTGCC-1","Non-neoplastic colon"
"CTAGTTGTTAAGATAC-1","Tumor cells in mucosa and submucosa"
"CTATAACCAGGTGGCG-1","Tumor stroma in muscularis propria"
"CTATAACCTTAGTATG-1","Non-neoplastic colon"
"CTATAACGTGCACGTA-1","Non-neoplastic colon"
"CTATAACTAGAAGCGG-1","Tumor stroma in mucosa and submucosa"
"CTATAACTGTCGCACT-1","PNI"
"CTATAAGCTTGAGTCA-1","Non-neoplastic colon"
"CTATACGAGCTCACTA-1","Non-neoplastic colon"
"CTATAGCAGATGGCAT-1","Tumor stroma in muscularis propria"
"CTATAGTCTGTCTAGC-1","Non-neoplastic colon"
"CTATCAGAGCTAACCG-1","Tumor cells in muscularis propria"
"CTATCCACGTATCTTC-1","Non-neoplastic colon"
"CTATCCACTCGGAGGT-1","Non-neoplastic colon"
"CTATCCAGATGTTCCT-1","Non-neoplastic colon"
"CTATCCAGGACTTGTA-1","Tumor stroma in subserosa"
"CTATCCATAACGGCAG-1","Tumor cells in mucosa and submucosa"
"CTATCCATCTATTAAC-1","Tumor stroma in mucosa and submucosa"
"CTATCCATCTGTCCGG-1","Non-neoplastic colon"
"CTATCCATCTTGGACG-1","Non-neoplastic colon"
"CTATCCATTGTAGTGC-1","Tumor stroma in mucosa and submucosa"
"CTATCCGCTCATGGTC-1","Tumor cells in mucosa and submucosa"
"CTATCCGGTGGCCTTA-1","Non-neoplastic colon"
"CTATCCGTGGATGCTG-1","Tumor stroma in mucosa and submucosa"
"CTATCCTGCTGTCGTT-1","Non-neoplastic colon"
"CTATCCTTAAGTACTT-1","Tumor stroma in muscularis propria"
"CTATCCTTGGAACCGA-1","Tumor cells in mucosa and submucosa"
"CTATCGAAGGACGGAA-1","Tumor stroma at tumor invasive front/border"
"CTATCGAGTGGCGAGC-1","Tumor stroma in mucosa and submucosa"
"CTATCGCAGCGATCTG-1","Tumor stroma in muscularis propria"
"CTATCGCATCACAAGG-1","Non-neoplastic colon"
"CTATCGGATGTACCTG-1","Other"
"CTATCGGCAACATTGG-1","Other"
"CTATCGGCAATCATTA-1","Tumor cells in mucosa and submucosa"
"CTATCGGCACCTGACA-1","Tumor cells in mucosa and submucosa"
"CTATCGGCCAGCCTGC-1","Tumor stroma in mucosa and submucosa"
"CTATCGGTATGTGAGT-1","Non-neoplastic colon"
"CTATCGTAAGTGAGAT-1","Non-neoplastic colon"
"CTATCGTAGGAATATC-1","Tumor stroma in subserosa"
"CTATCGTAGTGCATAA-1","Necrosis"
"CTATCGTTCTAGACGC-1","Tumor stroma in muscularis propria"
"CTATCGTTGCCTACGG-1","Tumor stroma in mucosa and submucosa"
"CTATCGTTGGTGTCTT-1","Tumor cells in muscularis propria"
"CTATCTCCGGCGACCA-1","Non-neoplastic colon"
"CTATCTTGTTATCAAG-1","Tumor cells in mucosa and submucosa"
"CTATGCAACCAACCGC-1","Non-neoplastic colon"
"CTATGCAAGAACTCAT-1","Non-neoplastic colon"
"CTATGCACGCTTGATA-1","Tumor cells in subserosa"
"CTATGCACTGCCGTTA-1","Non-neoplastic colon"
"CTATGCAGCCTCGTAC-1","Tumor cells in mucosa and submucosa"
"CTATGCCAATGCGTCA-1","Tumor cells in mucosa and submucosa"
"CTATGCGTGCAATTGG-1","Non-neoplastic colon"
"CTATGCTGTCCTTCGC-1","Tumor cells in subserosa"
"CTATGCTTCTACGGAT-1","Tumor stroma in muscularis propria"
"CTATGGTGAACGAAGC-1","Non-neoplastic colon"
"CTATGGTGGCTCCAGA-1","Tumor cells in mucosa and submucosa"
"CTATGTAGAACTATAA-1","Non-neoplastic colon"
"CTATGTCACGTAGTCA-1","Non-neoplastic colon"
"CTATGTCATCCGTTGA-1","Non-neoplastic colon"
"CTATGTCGGACCTGAT-1","Non-neoplastic colon"
"CTATGTGAACAGTTCG-1","Tumor stroma in mucosa and submucosa"
"CTATGTGCAGGTTGTC-1","Non-neoplastic colon"
"CTATGTGCCGACTACC-1","Non-neoplastic colon"
"CTATGTGCCTTGCTAC-1","Non-neoplastic colon"
"CTATGTGCTAACCTGT-1","Tumor stroma in mucosa and submucosa"
"CTATTAAGCGTGTATG-1","Tumor stroma in subserosa"
"CTATTAAGCTGTCGGC-1","Tumor cells in muscularis propria"
"CTATTAAGGATACACC-1","Tumor cells in muscularis propria"
"CTATTACAAGTGATAG-1","Non-neoplastic colon"
"CTATTACACTATAGGA-1","Tumor cells in subserosa"
"CTATTACCGTTCAACC-1","Tumor stroma in mucosa and submucosa"
"CTATTACTCACGATCG-1","Tumor stroma in subserosa"
"CTATTAGAGCAGATGT-1","Non-neoplastic colon"
"CTATTAGAGCGGTATG-1","Tumor stroma in mucosa and submucosa"
"CTATTAGAGTGAACAT-1","Non-neoplastic colon"
"CTATTAGCCAAGGCCA-1","Non-neoplastic colon"
"CTATTAGCTAGGCGTC-1","Non-neoplastic colon"
"CTATTAGTACCAATCA-1","Tumor stroma in subserosa"
"CTATTAGTCGGCCAAG-1","Non-neoplastic colon"
"CTATTAGTTCTTCGTT-1","Tumor stroma in muscularis propria"
"CTATTATGCCAGGCTG-1","Tumor stroma in muscularis propria"
"CTATTATGGCTGACCA-1","Tumor cells in mucosa and submucosa"
"CTATTCAATGCAGGCT-1","Tumor cells in mucosa and submucosa"
"CTATTCACATGGTTGT-1","Non-neoplastic colon"
"CTATTCACCGCCGAGG-1","Non-neoplastic colon"
"CTATTCACTTGATCTA-1","Tumor cells in mucosa and submucosa"
"CTATTCATAAGATCAC-1","Tumor stroma in muscularis propria"
"CTATTCATCCAGACCG-1","Tumor cells in muscularis propria"
"CTATTCCGATCCGTGG-1","Non-neoplastic colon"
"CTATTCCGCCTTCGCA-1","Tumor stroma in mucosa and submucosa"
"CTATTCCGGCTCAGGT-1","Non-neoplastic colon"
"CTATTCCTAATTAGAT-1","Non-neoplastic colon"
"CTATTCGGATTATCAT-1","Non-neoplastic colon"
"CTATTCGGCACTCATT-1","Tumor cells in mucosa and submucosa"
"CTATTCGGTTATCGAA-1","Non-neoplastic colon"
"CTATTCGTTGGAAGTA-1","Tumor cells in mucosa and submucosa"
"CTATTCTGAGTGGTCA-1","Tumor cells in mucosa and submucosa"
"CTATTCTGCACCAACG-1","Non-neoplastic colon"
"CTATTCTTGCGTCTTG-1","Tumor cells in muscularis propria"
"CTATTGTAGCAGTAGA-1","Tumor cells in subserosa"
"CTCAACGATCGCTGCA-1","Tumor cells in mucosa and submucosa"
"CTCAAGATGGCCACCG-1","Non-neoplastic colon"
"CTCAAGCACCTACTAT-1","Tumor stroma in subserosa"
"CTCAAGCATAGGCGTA-1","Non-neoplastic colon"
"CTCAAGCGCTCGCAGT-1","Tumor cells in mucosa and submucosa"
"CTCAAGCTGGCAGATG-1","Non-neoplastic colon"
"CTCAAGGTTCTGACAA-1","Non-neoplastic colon"
"CTCAATACATAGCGGT-1","Non-neoplastic colon"
"CTCAATACCTAGACAA-1","Necrosis"
"CTCAATACTTCTGCTA-1","Tumor cells in subserosa"
"CTCAATCAACCTGAGC-1","Non-neoplastic colon"
"CTCAATCACTACGCAC-1","Tumor cells in mucosa and submucosa"
"CTCAATCTCACCATGC-1","Tumor stroma in muscularis propria"
"CTCAATCTCAGCGGAG-1","Tumor cells in mucosa and submucosa"
"CTCAATCTCCGGAGCC-1","Tumor stroma at tumor invasive front/border"
"CTCAATCTGCAATCTG-1","Tumor cells in mucosa and submucosa"
"CTCAATCTTCGGCTTG-1","Non-neoplastic colon"
"CTCAATGGATGAGCTG-1","Non-neoplastic colon"
"CTCAATGGCAGAAGAC-1","Tumor cells in mucosa and submucosa"
"CTCAATGTATCTCGGC-1","Tumor cells in mucosa and submucosa"
"CTCACCAGCAACGCAA-1","Non-neoplastic colon"
"CTCACCAGCCTGAGAA-1","Tumor stroma in subserosa"
"CTCACCAGTGCGCAGT-1","Tumor cells in mucosa and submucosa"
"CTCACCGACATTAGTT-1","Non-neoplastic colon"
"CTCACCGACCTCTTCC-1","Non-neoplastic colon"
"CTCACCGATTAAGAGC-1","Tumor cells in mucosa and submucosa"
"CTCACCGCATCAAGAA-1","Necrosis"
"CTCACCGCCTAATCAG-1","Non-neoplastic colon"
"CTCACCGCTGACGTCC-1","Tumor cells in mucosa and submucosa"
"CTCACCGTTGTACCTC-1","Tumor stroma in muscularis propria"
"CTCACCTGAGTCCGCT-1","Tumor cells in subserosa"
"CTCACCTGCGTTATAG-1","Tumor stroma in muscularis propria"
"CTCACCTTGCAGCGAG-1","Tumor stroma at tumor invasive front/border"
"CTCACGAAGTCATAGG-1","Tumor cells in subserosa"
"CTCACGAGGTTAATTA-1","Non-neoplastic colon"
"CTCACGATCCGAGTCG-1","Non-neoplastic colon"
"CTCACGCCTCGGTACA-1","Tumor cells in muscularis propria"
"CTCACGCCTGAATCGG-1","Non-neoplastic colon"
"CTCACGCTCGTTGTTA-1","Tumor stroma in muscularis propria"
"CTCACGCTTGGAACAA-1","Tumor cells in muscularis propria"
"CTCACGGAAGCCTGTA-1","Tumor stroma in mucosa and submucosa"
"CTCACGGTATGTACGG-1","Tumor cells in subserosa"
"CTCACGTACCAATAAC-1","Tumor stroma in subserosa"
"CTCACGTAGAAGTCAG-1","Tumor stroma in muscularis propria"
"CTCAGAACCTGTGCCG-1","Tumor stroma in subserosa"
"CTCAGAGGTATGCGAG-1","Tumor stroma in mucosa and submucosa"
"CTCAGAGTTGAAGCAT-1","Tumor stroma in muscularis propria"
"CTCAGCCTCAGTTCGG-1","Non-neoplastic colon"
"CTCAGGAATCGTCTTA-1","Non-neoplastic colon"
"CTCAGGAGAATGACAT-1","Tumor cells in mucosa and submucosa"
"CTCAGGCAGCGGAGAA-1","Necrosis"
"CTCAGGCAGGAACGTG-1","Non-neoplastic colon"
"CTCAGGCGCATCCATC-1","Tumor stroma in mucosa and submucosa"
"CTCAGGCTAGCCACTT-1","Tumor cells in mucosa and submucosa"
"CTCAGGCTGTCACCGA-1","Tumor cells in mucosa and submucosa"
"CTCAGGTAACTCTACT-1","Non-neoplastic colon"
"CTCAGGTCCATTCCGA-1","Tumor cells in mucosa and submucosa"
"CTCATAACGCACCTTA-1","Non-neoplastic colon"
"CTCATAATAGTCGTGC-1","Non-neoplastic colon"
"CTCATAATGAGGAAGG-1","Tumor stroma in muscularis propria"
"CTCATAATGGATGGCC-1","Non-neoplastic colon"
"CTCATACCATTCCGGT-1","Non-neoplastic colon"
"CTCATACCGATCGAAT-1","Tumor cells in subserosa"
"CTCATACTTATGAGGT-1","Non-neoplastic colon"
"CTCATATCAGCGAGTC-1","Tumor cells in mucosa and submucosa"
"CTCATATCCGGTCTAA-1","Non-neoplastic colon"
"CTCATATCCTGAATGG-1","Tumor cells in subserosa"
"CTCATATCGCCTGAGG-1","Non-neoplastic colon"
"CTCATATGCACCGTCT-1","Non-neoplastic colon"
"CTCATCCACTTAAGCC-1","Tumor cells in mucosa and submucosa"
"CTCATCCAGCTTAAGG-1","Tumor stroma in muscularis propria"
"CTCATCCATCTAACAT-1","Tumor cells in mucosa and submucosa"
"CTCATCGAAGACCACT-1","Non-neoplastic colon"
"CTCATCGAGCGAGTTA-1","Tumor cells in mucosa and submucosa"
"CTCATCTACTATGAAG-1","Tumor stroma at tumor invasive front/border"
"CTCATCTAGATGCCGA-1","Tumor stroma in muscularis propria"
"CTCATGAAGTCGCACC-1","Tumor stroma in mucosa and submucosa"
"CTCATGAATCGGCGAC-1","Non-neoplastic colon"
"CTCATTGATAATCTGG-1","Tumor cells in mucosa and submucosa"
"CTCCAACAATTATCCT-1","Tumor stroma in muscularis propria"
"CTCCAACACGCCAACA-1","Tumor stroma in muscularis propria"
"CTCCAACAGAAGCGCC-1","Tumor cells in subserosa"
"CTCCAACATACATACC-1","Tumor cells in muscularis propria"
"CTCCAACATTATGAAT-1","Tumor cells in mucosa and submucosa"
"CTCCAACCGGTCCAAC-1","Non-neoplastic colon"
"CTCCAACCTTGTAAGA-1","Tumor cells in muscularis propria"
"CTCCAACGGATTCATT-1","Tumor stroma at tumor invasive front/border"
"CTCCAACGGCTCGGTC-1","Tumor cells in subserosa"
"CTCCAACGTCGAATCA-1","Non-neoplastic colon"
"CTCCAACTCACTTAAT-1","Non-neoplastic colon"
"CTCCAACTGCTACGGT-1","Tumor stroma in mucosa and submucosa"
"CTCCAACTGTTCGCCA-1","Tumor cells in mucosa and submucosa"
"CTCCAAGCCGGATTCG-1","Tumor cells in subserosa"
"CTCCAAGTTGCATGAT-1","Tumor cells in muscularis propria"
"CTCCAATCTGAATGCA-1","Non-neoplastic colon"
"CTCCAATCTTGCCATG-1","Necrosis"
"CTCCAATGACAGACTC-1","Non-neoplastic colon"
"CTCCAATGGACACTCC-1","Tumor cells in mucosa and submucosa"
"CTCCACAAGATAGACG-1","Tumor stroma in muscularis propria"
"CTCCACAATTGGCATA-1","Non-neoplastic colon"
"CTCCACATACCTCGCA-1","Non-neoplastic colon"
"CTCCACATGTATACTC-1","Tumor cells in mucosa and submucosa"
"CTCCACGGTTATCTGG-1","Tumor stroma in mucosa and submucosa"
"CTCCACTACATTGGCC-1","Tumor cells in mucosa and submucosa"
"CTCCACTACGATTATC-1","Tumor stroma in subserosa"
"CTCCACTCGTGGATAA-1","Tumor cells in subserosa"
"CTCCACTTCTTAGAGG-1","Tumor cells in subserosa"
"CTCCAGAACGAATCTT-1","Non-neoplastic colon"
"CTCCAGCCGTTGGTAG-1","Tumor cells in mucosa and submucosa"
"CTCCAGCTATCGGACT-1","Tumor stroma in mucosa and submucosa"
"CTCCAGGAGCCACGAT-1","Tumor cells in muscularis propria"
"CTCCAGGATGCGTTCT-1","Tumor stroma in muscularis propria"
"CTCCAGTGAAGTCAGT-1","Tumor stroma in subserosa"
"CTCCAGTGTCTAAGTA-1","Non-neoplastic colon"
"CTCCAGTTACGAAGAC-1","Tumor cells in subserosa"
"CTCCAGTTAGATAATG-1","Tumor cells in mucosa and submucosa"
"CTCCAGTTGGAAGCGT-1","Tumor cells in mucosa and submucosa"
"CTCCATACAAGCATTC-1","Non-neoplastic colon"
"CTCCATCCTGTTAATT-1","Tumor stroma in subserosa"
"CTCCATGCTGGTCTTC-1","Other"
"CTCCATGGAAGATATT-1","Tumor cells in mucosa and submucosa"
"CTCCATTACAGACGTT-1","Non-neoplastic colon"
"CTCCATTACTGGTACT-1","Tumor stroma at tumor invasive front/border"
"CTCCATTCATTAACGA-1","Tumor stroma in mucosa and submucosa"
"CTCCATTCGCACCGCA-1","Tumor cells in mucosa and submucosa"
"CTCCGCCTACCAATCA-1","Non-neoplastic colon"
"CTCCGCGTAGTTGCTA-1","Tumor cells in mucosa and submucosa"
"CTCCGCGTCCTGCCGT-1","PNI"
"CTCCGCTAGTGCTAAC-1","Tumor cells in subserosa"
"CTCCGCTATTAGCGAC-1","Tumor cells in subserosa"
"CTCCGCTCCATAGTTA-1","Non-neoplastic colon"
"CTCCGCTGGCCAGCAC-1","Non-neoplastic colon"
"CTCCGCTTAACTCCGC-1","Tumor stroma in mucosa and submucosa"
"CTCCGCTTCTAGGATC-1","Tumor cells in muscularis propria"
"CTCCGGAGTAAGTTCC-1","Tumor cells in muscularis propria"
"CTCCGGCAGTTAACTT-1","Tumor cells at tumor invasive front/border"
"CTCCGGTAGCGAGTAT-1","Tumor stroma in mucosa and submucosa"
"CTCCGGTATGCTTCGG-1","Non-neoplastic colon"
"CTCCGGTTGACGAATG-1","Non-neoplastic colon"
"CTCCGTAACCTTCTTG-1","Tumor cells in mucosa and submucosa"
"CTCCGTCGATGCCATC-1","Non-neoplastic colon"
"CTCCGTCGGAGTTCAC-1","Tumor cells in mucosa and submucosa"
"CTCCGTGCACTCCGCC-1","Tumor cells in mucosa and submucosa"
"CTCCGTGCGAGGCGGT-1","Necrosis"
"CTCCTAAGACTCTGTA-1","Tumor cells in mucosa and submucosa"
"CTCCTAAGATGTACTG-1","Tumor cells in mucosa and submucosa"
"CTCCTAAGCAACGATG-1","Tumor stroma in subserosa"
"CTCCTAAGTCGGTTGT-1","Tumor cells in mucosa and submucosa"
"CTCCTACATAAGTTGC-1","Non-neoplastic colon"
"CTCCTACCATCTCACC-1","Non-neoplastic colon"
"CTCCTACGAGGCCAGA-1","Non-neoplastic colon"
"CTCCTACTCGGCGTAC-1","Tumor stroma in subserosa"
"CTCCTACTCGTGCAGT-1","Tumor stroma in mucosa and submucosa"
"CTCCTACTGCCTTCTA-1","Non-neoplastic colon"
"CTCCTAGACAATCAGA-1","Tumor cells in mucosa and submucosa"
"CTCCTAGATGAACGGT-1","Tumor cells in mucosa and submucosa"
"CTCCTAGATTACGACC-1","Non-neoplastic colon"
"CTCCTGTCAATTATGT-1","Tumor stroma in subserosa"
"CTCCTTAATACAATGT-1","Tumor cells in mucosa and submucosa"
"CTCCTTACCACGGCCA-1","Tumor cells in subserosa"
"CTCCTTACGGTATGAA-1","Non-neoplastic colon"
"CTCCTTATAACACTCG-1","Non-neoplastic colon"
"CTCCTTATAAGGAGTT-1","Tumor stroma in muscularis propria"
"CTCCTTATGTGCATCT-1","Non-neoplastic colon"
"CTCCTTCGACTGGTTC-1","Non-neoplastic colon"
"CTCCTTCGATGGAACA-1","Non-neoplastic colon"
"CTCCTTCGATTCGGAA-1","Tumor cells in muscularis propria"
"CTCCTTCGCAGACGCC-1","Tumor stroma in subserosa"
"CTCCTTCGTGCAAGGA-1","PNI"
"CTCCTTGGAGGCCGAC-1","Non-neoplastic colon"
"CTCGAACCAGCGATCT-1","Non-neoplastic colon"
"CTCGAATAGTTCCTTG-1","Non-neoplastic colon"
"CTCGACAATTGTAGAC-1","Non-neoplastic colon"
"CTCGACAGATTGCTCG-1","Tumor stroma in mucosa and submucosa"
"CTCGACAGCGGTTGAG-1","Tumor cells in subserosa"
"CTCGACAGTATTAATA-1","Tumor stroma in subserosa"
"CTCGACATGTTGCCTT-1","Non-neoplastic colon"
"CTCGACGTGCTACGAA-1","Non-neoplastic colon"
"CTCGACTGAGCTAAGA-1","Tumor stroma in subserosa"
"CTCGACTGTAATGCCT-1","Non-neoplastic colon"
"CTCGACTGTTCCTCGC-1","Tumor cells in mucosa and submucosa"
"CTCGAGCATCCTAATA-1","Non-neoplastic colon"
"CTCGAGCTATGTTATG-1","Non-neoplastic colon"
"CTCGAGGTCTTGTAGG-1","Tumor cells in mucosa and submucosa"
"CTCGAGTCGAGTGCAT-1","Tumor cells in mucosa and submucosa"
"CTCGATAACGAATTGC-1","Tumor cells in mucosa and submucosa"
"CTCGATAAGCTTCCAC-1","Non-neoplastic colon"
"CTCGATAGGCCTCAGG-1","Tumor cells in mucosa and submucosa"
"CTCGATCGAGTAACTT-1","Tumor cells in muscularis propria"
"CTCGATCGGATGCTAT-1","Other"
"CTCGATGCTTCGATTC-1","Tumor cells in mucosa and submucosa"
"CTCGATTAGTACTGCG-1","Tumor stroma in mucosa and submucosa"
"CTCGATTCAATCGGTA-1","Tumor cells in muscularis propria"
"CTCGATTCGACCAGCT-1","Tumor stroma in mucosa and submucosa"
"CTCGATTGCTTGAGGA-1","PNI"
"CTCGCAACAGGTTCCG-1","Tumor stroma in subserosa"
"CTCGCACCAGTAGAAG-1","Non-neoplastic colon"
"CTCGCATATCAACACG-1","Necrosis"
"CTCGCCAAGATTATTG-1","Non-neoplastic colon"
"CTCGCCAGCGAATATT-1","Other"
"CTCGCCGATATGGTTA-1","Non-neoplastic colon"
"CTCGCCGATTCTCATC-1","Tumor stroma at tumor invasive front/border"
"CTCGCCGGTTGTCGAT-1","Non-neoplastic colon"
"CTCGGAAGCGGACGTA-1","Tumor cells in muscularis propria"
"CTCGGAATAACTATGT-1","Non-neoplastic colon"
"CTCGGAATCAACCTTC-1","Non-neoplastic colon"
"CTCGGAATGTGACACT-1","Tumor stroma in mucosa and submucosa"
"CTCGGACCAGATACGT-1","Tumor stroma at tumor invasive front/border"
"CTCGGACCGTGCCTTA-1","Tumor stroma in subserosa"
"CTCGGACCTTGTGCAA-1","Tumor cells in mucosa and submucosa"
"CTCGGACTGTCAGTAG-1","Tumor stroma in muscularis propria"
"CTCGGAGCCGTAGATC-1","Tumor cells in muscularis propria"
"CTCGGAGTCTCGCTCA-1","Tumor cells in mucosa and submucosa"
"CTCGGAGTTAGTGCTT-1","Non-neoplastic colon"
"CTCGGATCGACAACGG-1","Tumor cells in muscularis propria"
"CTCGGATTGACCTACA-1","Non-neoplastic colon"
"CTCGGCAGGACGCATT-1","Tumor stroma in mucosa and submucosa"
"CTCGGTACATACTGTA-1","Tumor stroma in muscularis propria"
"CTCGGTGAATCATACA-1","Tumor stroma in muscularis propria"
"CTCGTACGCATGGTTG-1","Tumor stroma in subserosa"
"CTCGTGAGTGTCCAAC-1","Tumor stroma in subserosa"
"CTCGTGATTGATAGAC-1","Tumor cells in mucosa and submucosa"
"CTCGTGGCATCTCATA-1","Tumor cells in mucosa and submucosa"
"CTCGTGGCCTCGTGTT-1","Tumor cells in mucosa and submucosa"
"CTCGTTACATCGCCGA-1","Non-neoplastic colon"
"CTCGTTCACTCGGTGA-1","Tumor cells in muscularis propria"
"CTCGTTCTTACAGTAA-1","Non-neoplastic colon"
"CTCGTTGCGGTTCGGT-1","Non-neoplastic colon"
"CTGAACATGGTCGCCT-1","Tumor cells in subserosa"
"CTGAACCAATGGTCTT-1","Tumor cells at tumor invasive front/border"
"CTGAACCACGGAAGTG-1","Necrosis"
"CTGAAGACAGACGAAT-1","Tumor cells in subserosa"
"CTGAAGACTGCTGTAA-1","Tumor cells at tumor invasive front/border"
"CTGAAGCGAGTGGCCT-1","Non-neoplastic colon"
"CTGAAGCGTGCGCCGG-1","Necrosis"
"CTGAAGCTCCGGTTCA-1","Other"
"CTGAAGGAATCAACCA-1","Tumor cells in mucosa and submucosa"
"CTGAAGGAATTCTAGC-1","Tumor stroma in subserosa"
"CTGAAGGACTCGCCTG-1","Necrosis"
"CTGAAGGCACTTAGAT-1","Non-neoplastic colon"
"CTGAAGGCCAACCTCG-1","Other"
"CTGAAGTAGGCACTGG-1","Non-neoplastic colon"
"CTGAAGTATCGCGAGC-1","Tumor cells in mucosa and submucosa"
"CTGAATACAGTGGTGA-1","Tumor cells in mucosa and submucosa"
"CTGAATCATAGTCGAC-1","Non-neoplastic colon"
"CTGAATGTCTGTCTAA-1","Non-neoplastic colon"
"CTGAATGTGATATCGG-1","Non-neoplastic colon"
"CTGAATTCAGCCGGAG-1","Non-neoplastic colon"
"CTGAATTGAGCGTAGT-1","Tumor stroma in mucosa and submucosa"
"CTGAATTGCTCAGAGG-1","Tumor stroma in subserosa"
"CTGACCGCACGACTTC-1","Non-neoplastic colon"
"CTGACCGTTAACGACA-1","Non-neoplastic colon"
"CTGACGTAGTCGGAGT-1","Non-neoplastic colon"
"CTGACGTCCTGGTTGG-1","Non-neoplastic colon"
"CTGACTAACATCTAAT-1","Tumor cells in muscularis propria"
"CTGACTAACTAGCTTA-1","Tumor cells in mucosa and submucosa"
"CTGACTAACTCGGCAT-1","Tumor stroma in mucosa and submucosa"
"CTGACTAAGAGTCCAT-1","Tumor cells in mucosa and submucosa"
"CTGACTAAGCAGCCGC-1","Tumor cells at tumor invasive front/border"
"CTGACTAAGGATTGAA-1","Tumor stroma in mucosa and submucosa"
"CTGACTAATGTTCTTG-1","Tumor stroma in subserosa"
"CTGACTAGTCCGCTAT-1","Non-neoplastic colon"
"CTGACTAGTCTGGATG-1","Tumor stroma in mucosa and submucosa"
"CTGACTATAACCTTGA-1","Tumor cells in mucosa and submucosa"
"CTGACTATACTGCACC-1","Tumor stroma in mucosa and submucosa"
"CTGACTATCTCGAACA-1","Non-neoplastic colon"
"CTGACTATCTTCATGC-1","Tumor cells in mucosa and submucosa"
"CTGACTATGAACGCTC-1","Non-neoplastic colon"
"CTGACTATTGGATCTA-1","Non-neoplastic colon"
"CTGACTCCGCGGAATC-1","Non-neoplastic colon"
"CTGACTGGAATTACGT-1","Tumor stroma in subserosa"
"CTGACTGGAGATAATG-1","Tumor cells in mucosa and submucosa"
"CTGACTGTAATTGGCC-1","Tumor cells in muscularis propria"
"CTGACTGTACGCACCT-1","Non-neoplastic colon"
"CTGACTGTCGTAAGAC-1","Tumor stroma in muscularis propria"
"CTGACTGTTGGACAAT-1","Necrosis"
"CTGACTTCCGGCTTAT-1","Tumor cells in subserosa"
"CTGACTTCCGTGCAGA-1","Other"
"CTGAGCACAACTATTC-1","Tumor stroma in subserosa"
"CTGAGCATAGCCGCTC-1","Non-neoplastic colon"
"CTGAGGACGACAACAG-1","Non-neoplastic colon"
"CTGAGGCCAGGCATGA-1","Non-neoplastic colon"
"CTGAGGCCATCGCCAC-1","Tumor cells in mucosa and submucosa"
"CTGAGGCCGTGGCGTA-1","Non-neoplastic colon"
"CTGATCATAGCTTAGG-1","Non-neoplastic colon"
"CTGATGAAGCGAGCCT-1","Tumor cells in muscularis propria"
"CTGATGGTTGCGAACT-1","Tumor cells in mucosa and submucosa"
"CTGATTAAGACACTTC-1","Other"
"CTGATTAAGCATAACA-1","Tumor cells in subserosa"
"CTGATTAATACAGACA-1","Tumor stroma in subserosa"
"CTGATTACGCAGGCTG-1","Tumor cells in muscularis propria"
"CTGATTACTCTTGTAG-1","Tumor cells in subserosa"
"CTGATTATCCACTCGT-1","Non-neoplastic colon"
"CTGATTATCGTACATC-1","Non-neoplastic colon"
"CTGATTGCATGGCATC-1","Tumor stroma in muscularis propria"
"CTGATTGCCGAATAGC-1","Tumor cells in muscularis propria"
"CTGATTGCGACTGTAC-1","Non-neoplastic colon"
"CTGATTGCTAGATTAT-1","Non-neoplastic colon"
"CTGATTGCTATCAAGT-1","Non-neoplastic colon"
"CTGATTGCTCGCTGGA-1","Non-neoplastic colon"
"CTGCAACGCATCACAA-1","Tumor cells in mucosa and submucosa"
"CTGCAAGGTCTATCTG-1","Tumor cells in mucosa and submucosa"
"CTGCATACGGACAATT-1","Tumor stroma in muscularis propria"
"CTGCATCCACAGTGTC-1","Tumor stroma in subserosa"
"CTGCATCCGTGAGTAA-1","Tumor cells in mucosa and submucosa"
"CTGCATGAGGTAGTAT-1","Non-neoplastic colon"
"CTGCATGATCATCTTG-1","Non-neoplastic colon"
"CTGCATGCTAACGTAA-1","Non-neoplastic colon"
"CTGCATGGACGCGGTC-1","Tumor cells in mucosa and submucosa"
"CTGCATGTATCGGTGC-1","Non-neoplastic colon"
"CTGCATTGCCAGGATC-1","Non-neoplastic colon"
"CTGCCGAAGGCCTCGC-1","Tumor cells in mucosa and submucosa"
"CTGCCGAAGTAGCATC-1","Tumor cells in mucosa and submucosa"
"CTGCCGAGGAGTTAAT-1","Tumor cells in muscularis propria"
"CTGCCGAGTAATAGCT-1","Tumor cells in subserosa"
"CTGCCGATAATGGATT-1","Non-neoplastic colon"
"CTGCCGATGCGTGGTC-1","Non-neoplastic colon"
"CTGCCGTTGCTCCGCC-1","Non-neoplastic colon"
"CTGCCTAAGCCTGTGC-1","Necrosis"
"CTGCCTAATACTTATG-1","Tumor cells in muscularis propria"
"CTGCCTATGTTACGCA-1","Tumor stroma in mucosa and submucosa"
"CTGCCTCAGCTTCAGG-1","Tumor cells at tumor invasive front/border"
"CTGCGACAGAATCCAC-1","Non-neoplastic colon"
"CTGCGACAGATTGTCA-1","Non-neoplastic colon"
"CTGCGACATTATGGCC-1","Tumor cells in muscularis propria"
"CTGCGAGCGGTAACTT-1","Tumor cells in subserosa"
"CTGCGATTATAACCAT-1","Tumor cells in muscularis propria"
"CTGCGATTCTGACGTG-1","Non-neoplastic colon"
"CTGCGATTGCGGATTC-1","Non-neoplastic colon"
"CTGCGGACATAGACTG-1","Tumor stroma in mucosa and submucosa"
"CTGCGGACGGATTGCC-1","Non-neoplastic colon"
"CTGCGGCAAGCCTATT-1","Tumor stroma in mucosa and submucosa"
"CTGCGGTAGACCAAGT-1","Non-neoplastic colon"
"CTGCGGTCATCTCGAT-1","Tumor stroma in subserosa"
"CTGCGGTGATAAGAGC-1","Non-neoplastic colon"
"CTGCGGTGGCGTTGAA-1","Tumor stroma in mucosa and submucosa"
"CTGCGTAGGCATCATT-1","Non-neoplastic colon"
"CTGCGTATAGGTTACG-1","Tumor stroma in mucosa and submucosa"
"CTGCGTATGTAAGCGA-1","Tumor cells in subserosa"
"CTGCGTCGTTATGAGT-1","Tumor stroma in muscularis propria"
"CTGCGTGAGCGGACGT-1","Tumor cells in mucosa and submucosa"
"CTGCGTGAGGTTAACC-1","Tumor stroma in mucosa and submucosa"
"CTGCTAACTCCTTAGC-1","Tumor cells in mucosa and submucosa"
"CTGCTAAGCGTAAGTC-1","Non-neoplastic colon"
"CTGCTACCATTACAGG-1","Non-neoplastic colon"
"CTGCTACCGCTTCTGC-1","Tumor stroma in muscularis propria"
"CTGCTAGCATAGCTGT-1","Tumor cells in muscularis propria"
"CTGCTATCTGCTTCAT-1","Non-neoplastic colon"
"CTGCTATGAGCGGATG-1","Tumor stroma in muscularis propria"
"CTGCTCACGACAACTT-1","Tumor stroma in muscularis propria"
"CTGGAACAATCCGCTC-1","Tumor stroma in muscularis propria"
"CTGGAACAATGTCGGA-1","Tumor stroma in subserosa"
"CTGGAACACTACAGCT-1","Non-neoplastic colon"
"CTGGAAGAGTTGGTAA-1","Non-neoplastic colon"
"CTGGAATATCATACGT-1","Tumor cells in mucosa and submucosa"
"CTGGACAACCTCTTGA-1","Tumor stroma at tumor invasive front/border"
"CTGGACAATACACCGG-1","Tumor stroma in subserosa"
"CTGGAGACCTGGCTTA-1","Tumor cells in mucosa and submucosa"
"CTGGAGTCCTATTGTC-1","Non-neoplastic colon"
"CTGGATAGTGGATGGT-1","Non-neoplastic colon"
"CTGGCAATTCCGTGCA-1","Tumor cells in mucosa and submucosa"
"CTGGCACCAACGTCTT-1","Tumor stroma in muscularis propria"
"CTGGCCAACCGACCAA-1","Non-neoplastic colon"
"CTGGCCAATAACAGCC-1","Tumor stroma in muscularis propria"
"CTGGCCAATGCGGTAT-1","Necrosis"
"CTGGCCACGACATATC-1","Non-neoplastic colon"
"CTGGCCACGACCGCAT-1","Tumor cells in mucosa and submucosa"
"CTGGCCACTCCTATAA-1","Non-neoplastic colon"
"CTGGCCAGATTCGCTC-1","Tumor stroma in muscularis propria"
"CTGGCCATCCGCTAAC-1","Non-neoplastic colon"
"CTGGCCATCTAGCTCG-1","Non-neoplastic colon"
"CTGGCCATGGCCGATA-1","Non-neoplastic colon"
"CTGGCCTAAGCCATGT-1","Tumor cells in muscularis propria"
"CTGGCCTCCGTACGCA-1","Tumor stroma in muscularis propria"
"CTGGCCTCTGCATTCT-1","Tumor cells in mucosa and submucosa"
"CTGGCCTGTAGCGGCA-1","Tumor stroma in mucosa and submucosa"
"CTGGCCTGTTCTGGTT-1","Non-neoplastic colon"
"CTGGCCTTACTCTGGA-1","Non-neoplastic colon"
"CTGGCCTTCGCTCCGC-1","Tumor cells in mucosa and submucosa"
"CTGGCCTTGACCAGAC-1","Tumor cells in mucosa and submucosa"
"CTGGCGAGTACCACTC-1","Non-neoplastic colon"
"CTGGCGGTGCCAAGGC-1","Tumor cells in mucosa and submucosa"
"CTGGCGTCTGGCAGGA-1","Tumor cells in muscularis propria"
"CTGGCGTGATCATGAC-1","Tumor cells in mucosa and submucosa"
"CTGGCTACCACGACGC-1","Tumor stroma in mucosa and submucosa"
"CTGGCTAGCGTGAATT-1","Tumor stroma in muscularis propria"
"CTGGCTATCGGCTCGG-1","Tumor cells in mucosa and submucosa"
"CTGGCTATGAGCACCA-1","Non-neoplastic colon"
"CTGGCTATGCAATAGC-1","Non-neoplastic colon"
"CTGGCTCACCGCGTTA-1","Tumor cells in mucosa and submucosa"
"CTGGCTCAGACTAACG-1","Tumor stroma in subserosa"
"CTGGCTCATCGGTAAG-1","PNI"
"CTGGCTCGCTCGGTCG-1","Non-neoplastic colon"
"CTGGCTCGCTGATTGT-1","Tumor cells in mucosa and submucosa"
"CTGGCTCGGTTCTACC-1","Non-neoplastic colon"
"CTGGCTCGGTTGCCGT-1","Tumor stroma in muscularis propria"
"CTGGCTCGTAGGCCTG-1","Non-neoplastic colon"
"CTGGCTGCAATCCAGA-1","Tumor cells in muscularis propria"
"CTGGCTGCCGAGAACA-1","Tumor stroma in subserosa"
"CTGGCTGCGTACGGAC-1","Tumor stroma in subserosa"
"CTGGCTGTACTAGATG-1","Non-neoplastic colon"
"CTGGCTGTAGATGAAT-1","Non-neoplastic colon"
"CTGGCTGTAGTTATGG-1","Tumor cells in mucosa and submucosa"
"CTGGCTGTTCTACTCC-1","Non-neoplastic colon"
"CTGGCTTCGCCTAATA-1","Tumor stroma at tumor invasive front/border"
"CTGGTAAGCTTAACCG-1","Tumor stroma in mucosa and submucosa"
"CTGGTAATAGCAGGAA-1","Non-neoplastic colon"
"CTGGTACGACTTACAA-1","Non-neoplastic colon"
"CTGGTAGACACTCACC-1","Tumor cells in mucosa and submucosa"
"CTGGTAGGCTAATACC-1","Tumor cells in mucosa and submucosa"
"CTGGTGACAGCTCGAG-1","Tumor cells in mucosa and submucosa"
"CTGGTGATCACTCCGT-1","Tumor cells in subserosa"
"CTGGTGATGTTGGTCA-1","Non-neoplastic colon"
"CTGGTGCGATTCGAAG-1","Non-neoplastic colon"
"CTGGTGCGGAGTCAAC-1","Tumor stroma at tumor invasive front/border"
"CTGGTGGCAGCCTAGA-1","Tumor stroma in mucosa and submucosa"
"CTGGTGGCAGGCAGAT-1","Non-neoplastic colon"
"CTGGTGGCGATGTCAG-1","Tumor stroma in subserosa"
"CTGGTGGCTTATGTCA-1","Tumor cells in muscularis propria"
"CTGGTGTACAGCTAAC-1","Tumor cells in mucosa and submucosa"
"CTGGTGTAGAACGATA-1","Non-neoplastic colon"
"CTGGTGTATCCTCATT-1","Tumor stroma in mucosa and submucosa"
"CTGGTTAATCTAGTGC-1","Non-neoplastic colon"
"CTGGTTCTCAGCCGAA-1","Non-neoplastic colon"
"CTGTAATAGGATAAGA-1","Tumor cells in subserosa"
"CTGTAATTCGGATGTA-1","Tumor cells in mucosa and submucosa"
"CTGTACCTCATACCGG-1","Tumor cells in muscularis propria"
"CTGTACCTTCATGCAG-1","Non-neoplastic colon"
"CTGTACTCACCAACAG-1","Non-neoplastic colon"
"CTGTACTCTGAAGACA-1","Tumor cells in muscularis propria"
"CTGTATGAGTTCATCT-1","Non-neoplastic colon"
"CTGTATGCGACAGCTG-1","Tumor stroma in mucosa and submucosa"
"CTGTATGTACAGCATG-1","Non-neoplastic colon"
"CTGTCAAGCAAGGCAG-1","Non-neoplastic colon"
"CTGTCAAGGTGATGCC-1","Non-neoplastic colon"
"CTGTCAATAATCACTC-1","Tumor cells in muscularis propria"
"CTGTCAATGGCTATTA-1","Tumor cells in mucosa and submucosa"
"CTGTCACTGACCAAGC-1","Tumor stroma in mucosa and submucosa"
"CTGTCAGGCTTAAGCT-1","Non-neoplastic colon"
"CTGTCAGGTTCTACTC-1","Tumor cells in mucosa and submucosa"
"CTGTCATCCATCGGCC-1","Tumor cells in mucosa and submucosa"
"CTGTCATGGTACCGAC-1","Non-neoplastic colon"
"CTGTCCAAGGCACCAT-1","Tumor stroma in muscularis propria"
"CTGTCCAAGTAATTAA-1","Tumor stroma in mucosa and submucosa"
"CTGTCCTAACTTATGA-1","Non-neoplastic colon"
"CTGTCCTACTAAGGCA-1","Non-neoplastic colon"
"CTGTCCTTATCGCCGG-1","Non-neoplastic colon"
"CTGTCGGAATACAAGA-1","Tumor cells in muscularis propria"
"CTGTGAACCTGGCCAC-1","Tumor stroma at tumor invasive front/border"
"CTGTGCAGTAGGTGTA-1","Tumor cells in subserosa"
"CTGTGCAGTTACAGGA-1","Non-neoplastic colon"
"CTGTGCCGAGTCACCG-1","Tumor cells in muscularis propria"
"CTGTGCCGTGGTTCAG-1","Tumor cells in muscularis propria"
"CTGTGCGACGAATCAC-1","Tumor stroma in muscularis propria"
"CTGTGCGATAACGAAG-1","Non-neoplastic colon"
"CTGTGCTCAGATCCGC-1","Tumor stroma in subserosa"
"CTGTGCTCGTCTAGTA-1","Non-neoplastic colon"
"CTGTGGACCGTGCGGT-1","Non-neoplastic colon"
"CTGTGGATACCAGTCC-1","Non-neoplastic colon"
"CTGTGGATACCTAGGA-1","Tumor stroma at tumor invasive front/border"
"CTGTGGATCCTTCAAG-1","Tumor cells in subserosa"
"CTGTGGTACGTGGATC-1","Tumor stroma in mucosa and submucosa"
"CTGTGGTCAAGCAGCC-1","Non-neoplastic colon"
"CTGTTACCTAATGAGT-1","Tumor stroma in mucosa and submucosa"
"CTGTTCAGACAATTCC-1","Tumor stroma at tumor invasive front/border"
"CTGTTCAGTGATTCCT-1","Non-neoplastic colon"
"CTGTTCCAGACTAGAA-1","Non-neoplastic colon"
"CTGTTCCATGCGTTGG-1","Tumor cells in mucosa and submucosa"
"CTGTTCGTGGTTGTAG-1","Non-neoplastic colon"
"CTGTTCTGTAGTATAG-1","Non-neoplastic colon"
"CTGTTGAGACGACAGA-1","Non-neoplastic colon"
"CTGTTGCTCGATGTAC-1","Tumor cells in mucosa and submucosa"
"CTGTTGGATCCATATG-1","Tumor cells in mucosa and submucosa"
"CTTACACGTGGACATC-1","Non-neoplastic colon"
"CTTACGACATTCGCGA-1","Non-neoplastic colon"
"CTTACGATAGCTAGCG-1","Tumor cells in mucosa and submucosa"
"CTTACGATTCCACGTC-1","Tumor cells in mucosa and submucosa"
"CTTACGATTCTGGTTA-1","Tumor stroma in subserosa"
"CTTACGCAACATAGTA-1","Tumor cells in mucosa and submucosa"
"CTTACGCAATTGTCAC-1","Non-neoplastic colon"
"CTTACGGAACTGCATA-1","Non-neoplastic colon"
"CTTACGGAGGCCGCGG-1","Non-neoplastic colon"
"CTTACGGATAGCACTA-1","Other"
"CTTACGGTCCAGTTCT-1","Tumor cells in mucosa and submucosa"
"CTTACGGTGCCTATAC-1","Tumor stroma at tumor invasive front/border"
"CTTACGTCAATAGATA-1","Tumor stroma in subserosa"
"CTTACGTCATGGCACT-1","Non-neoplastic colon"
"CTTACGTCCGAACATT-1","Non-neoplastic colon"
"CTTACGTCGATCACAA-1","Necrosis"
"CTTACGTCTAAGTCTA-1","Non-neoplastic colon"
"CTTAGACAAGTTCGGT-1","Tumor stroma in subserosa"
"CTTAGACACGAAGTTA-1","Non-neoplastic colon"
"CTTAGAGCCAGTGATG-1","Tumor stroma in mucosa and submucosa"
"CTTAGATAAGTACATA-1","Tumor stroma in muscularis propria"
"CTTAGCAACACCATAA-1","Tumor cells in mucosa and submucosa"
"CTTAGCAACGGATTCA-1","Tumor cells in mucosa and submucosa"
"CTTAGCAATTGCACCA-1","Non-neoplastic colon"
"CTTAGCACAATACTGG-1","Tumor cells in mucosa and submucosa"
"CTTAGCACATTGCCTT-1","Non-neoplastic colon"
"CTTAGCACTCTTATGC-1","Tumor cells in muscularis propria"
"CTTAGCAGGCTGGCAA-1","Tumor cells in mucosa and submucosa"
"CTTAGCATGCACCTAG-1","Non-neoplastic colon"
"CTTAGCCTACTCCGCT-1","Non-neoplastic colon"
"CTTAGCCTGGTGAACG-1","Tumor stroma in subserosa"
"CTTAGCCTTAATTAAC-1","Tumor stroma in subserosa"
"CTTAGCCTTCGTATAA-1","Non-neoplastic colon"
"CTTAGCGTACGGTCTA-1","Necrosis"
"CTTAGCGTTACTAACA-1","Tumor stroma in muscularis propria"
"CTTAGCTAAGGCCTAC-1","Non-neoplastic colon"
"CTTAGCTAGGCCTACA-1","Non-neoplastic colon"
"CTTAGCTATTCATCTA-1","Non-neoplastic colon"
"CTTAGCTGAGAACCAG-1","Non-neoplastic colon"
"CTTAGCTGAGCGGCCT-1","Non-neoplastic colon"
"CTTAGCTTATGCTTCA-1","Tumor cells in subserosa"
"CTTAGTAACTACCTAT-1","Non-neoplastic colon"
"CTTAGTAATCCATGAT-1","Tumor cells in mucosa and submucosa"
"CTTAGTCCTCGCGTCG-1","Tumor stroma in muscularis propria"
"CTTAGTCTATCATAGA-1","Non-neoplastic colon"
"CTTAGTGGACAGGTAC-1","Non-neoplastic colon"
"CTTAGTGGTTGAATTG-1","Tumor cells in mucosa and submucosa"
"CTTAGTTCCACGGTAC-1","Tumor cells in muscularis propria"
"CTTAGTTCTGATCTGC-1","Non-neoplastic colon"
"CTTAGTTGCGACTAGC-1","Non-neoplastic colon"
"CTTATCACGCTATGCT-1","Non-neoplastic colon"
"CTTATCATAGGTTCCA-1","Tumor cells in mucosa and submucosa"
"CTTATCCAGTCAGGAC-1","Tumor cells in muscularis propria"
"CTTATCGAACTTACTC-1","Tumor cells in muscularis propria"
"CTTATCGGCTGTGCTA-1","Non-neoplastic colon"
"CTTATTCACCTGTTCA-1","Tumor stroma at tumor invasive front/border"
"CTTATTGAATGCTTAT-1","Tumor cells in mucosa and submucosa"
"CTTCAACACTCGCAAT-1","Tumor cells in mucosa and submucosa"
"CTTCAACATAGCTCAC-1","Non-neoplastic colon"
"CTTCAACGATAGTAGG-1","Non-neoplastic colon"
"CTTCAACGGCCTATCT-1","Tumor cells in mucosa and submucosa"
"CTTCAAGAGCGTGGTT-1","Non-neoplastic colon"
"CTTCAAGAGCTTATAG-1","Tumor stroma in mucosa and submucosa"
"CTTCAAGTCTACAGCG-1","Necrosis"
"CTTCAATATGTTCGGA-1","Tumor cells in mucosa and submucosa"
"CTTCAATGACGTCATC-1","Non-neoplastic colon"
"CTTCAATGAGTGATTG-1","Non-neoplastic colon"
"CTTCACAGCACGATCA-1","Non-neoplastic colon"
"CTTCACGAAGCGATAA-1","Non-neoplastic colon"
"CTTCACGGATGCGAGT-1","Tumor cells in muscularis propria"
"CTTCACTTATTGCTCC-1","Tumor stroma in mucosa and submucosa"
"CTTCATAGTAGCTGAA-1","Non-neoplastic colon"
"CTTCATCCGTACATCT-1","Tumor cells in mucosa and submucosa"
"CTTCATCGTGTCACCT-1","Non-neoplastic colon"
"CTTCATCTACTTATGT-1","Tumor stroma in mucosa and submucosa"
"CTTCATGCGATATGCC-1","Non-neoplastic colon"
"CTTCCACCGGTAGTAT-1","Tumor stroma in muscularis propria"
"CTTCCACGAGGCTAAT-1","Tumor stroma in subserosa"
"CTTCCACGGTCGAACG-1","Non-neoplastic colon"
"CTTCCACGTATTCTGC-1","Tumor cells in mucosa and submucosa"
"CTTCCACGTTGATCTG-1","Tumor cells in mucosa and submucosa"
"CTTCCGAACATTCCGG-1","Tumor stroma in mucosa and submucosa"
"CTTCCGAATTGAGTGG-1","Non-neoplastic colon"
"CTTCCGACAAGTGCCG-1","Tumor cells in mucosa and submucosa"
"CTTCCGACATAAGCTT-1","Tumor cells in muscularis propria"
"CTTCCGAGGACAGAGC-1","Non-neoplastic colon"
"CTTCCGAGTACGGCCA-1","Non-neoplastic colon"
"CTTCCGCATAGAAGCT-1","Non-neoplastic colon"
"CTTCCGCTCCGCGTGG-1","Non-neoplastic colon"
"CTTCCGCTCCGGAGAT-1","Tumor stroma in subserosa"
"CTTCCGTGATCTATGG-1","Necrosis"
"CTTCCGTGTAGGCGTC-1","Tumor stroma in muscularis propria"
"CTTCCTAATCCGCATA-1","Tumor cells in muscularis propria"
"CTTCCTAGAACTTGGC-1","Non-neoplastic colon"
"CTTCCTCAGTGCCAGC-1","Other"
"CTTCCTGATGAATCAA-1","Tumor cells in mucosa and submucosa"
"CTTCGAACGACACTGC-1","Tumor cells in subserosa"
"CTTCGAACGCTGTTCC-1","Tumor cells in mucosa and submucosa"
"CTTCGAATAACCACCG-1","Tumor cells in mucosa and submucosa"
"CTTCGAATGTTCCATA-1","Tumor stroma in muscularis propria"
"CTTCGACCAACATGCA-1","Tumor cells in mucosa and submucosa"
"CTTCGACCAGTGCAAT-1","Tumor cells in subserosa"
"CTTCGACCGAACTTAT-1","Non-neoplastic colon"
"CTTCGACTTAGCTACT-1","Non-neoplastic colon"
"CTTCGAGCCTTCCGAT-1","Tumor stroma in muscularis propria"
"CTTCGAGCTGCGAATC-1","Non-neoplastic colon"
"CTTCGAGGACTGAATT-1","Tumor stroma in muscularis propria"
"CTTCGAGGCCTCGCAA-1","Tumor cells at tumor invasive front/border"
"CTTCGAGTTAATTGGA-1","Tumor stroma in mucosa and submucosa"
"CTTCGATACAGCTCGG-1","Tumor cells in mucosa and submucosa"
"CTTCGATCGGTACAGG-1","Non-neoplastic colon"
"CTTCGATCTTGGATGG-1","Tumor stroma in subserosa"
"CTTCGATGCCATGGAC-1","Tumor cells at tumor invasive front/border"
"CTTCGATGTTCAACGC-1","Non-neoplastic colon"
"CTTCGCCTATTGCATG-1","PNI"
"CTTCGCTCTGGTGACA-1","Tumor stroma in mucosa and submucosa"
"CTTCGCTGTCAGACGG-1","Tumor cells in mucosa and submucosa"
"CTTCGTAATGCTTGCC-1","Non-neoplastic colon"
"CTTCGTCATTGTGAAC-1","Tumor cells in mucosa and submucosa"
"CTTCGTCCACAGACAT-1","Non-neoplastic colon"
"CTTCGTTAACAACCGC-1","Tumor cells in mucosa and submucosa"
"CTTCTAACCGGCCAGC-1","Non-neoplastic colon"
"CTTCTAACGGACGACA-1","Non-neoplastic colon"
"CTTCTAACGGTCTGTC-1","Tumor cells in subserosa"
"CTTCTACATACACCGA-1","Non-neoplastic colon"
"CTTCTACTTATTAATG-1","Tumor cells in mucosa and submucosa"
"CTTCTGAGCTATTACG-1","Tumor stroma in muscularis propria"
"CTTGAACCACAATCTG-1","Non-neoplastic colon"
"CTTGAACCGATGGCCT-1","Tumor stroma at tumor invasive front/border"
"CTTGAACTTCAAGAGC-1","Non-neoplastic colon"
"CTTGAAGAACGCTAGA-1","Tumor stroma in subserosa"
"CTTGAAGACCTGCTTA-1","Tumor cells in mucosa and submucosa"
"CTTGAATCCGCCTCGA-1","Tumor cells in muscularis propria"
"CTTGAATCGCACGCTC-1","Necrosis"
"CTTGAATCTGGTCGTG-1","Tumor cells in muscularis propria"
"CTTGAGATCAATGGAG-1","Non-neoplastic colon"
"CTTGAGATTATCCGAC-1","Tumor cells in mucosa and submucosa"
"CTTGAGCGTATTGACG-1","Tumor cells in mucosa and submucosa"
"CTTGAGCTGAATAGTC-1","Non-neoplastic colon"
"CTTGAGGCTGCGCTTG-1","Tumor cells in muscularis propria"
"CTTGAGTACCAATGAG-1","Tumor stroma in subserosa"
"CTTGATCTGCAGCGGT-1","Tumor stroma in mucosa and submucosa"
"CTTGATGCGTAAGCCT-1","Non-neoplastic colon"
"CTTGATTCGCATCAAT-1","Non-neoplastic colon"
"CTTGCCGAGCCGAAGT-1","Tumor cells in mucosa and submucosa"
"CTTGCGAGGTTCGGTT-1","Tumor cells in mucosa and submucosa"
"CTTGCGCTATGGTGTC-1","Tumor stroma in muscularis propria"
"CTTGCGCTCGAACTTG-1","Non-neoplastic colon"
"CTTGCGTATGCCTATC-1","Tumor cells in mucosa and submucosa"
"CTTGCGTGAAGGTACA-1","Tumor cells in mucosa and submucosa"
"CTTGCGTGCTTGTCAG-1","Non-neoplastic colon"
"CTTGCTACCAGTCTCG-1","Tumor stroma in mucosa and submucosa"
"CTTGCTGGTTGCAGTT-1","Non-neoplastic colon"
"CTTGGACAGAGCATCA-1","Non-neoplastic colon"
"CTTGGACAGTCGAGTC-1","Tumor stroma in subserosa"
"CTTGGACTACGAGTTA-1","Tumor cells in subserosa"
"CTTGGACTCATGTTCA-1","Non-neoplastic colon"
"CTTGGAGCAACGAGCC-1","Non-neoplastic colon"
"CTTGGAGGTGGAGGTT-1","Tumor cells in muscularis propria"
"CTTGGAGTTGCGAGGT-1","Necrosis"
"CTTGGATCGGTGGACA-1","Tumor cells at tumor invasive front/border"
"CTTGGATTCAGGAGAA-1","Necrosis"
"CTTGGTAGAAGTCGGT-1","Tumor cells at tumor invasive front/border"
"CTTGGTAGACCAGATC-1","Tumor stroma in muscularis propria"
"CTTGGTTAATCTCGCA-1","Tumor cells in mucosa and submucosa"
"CTTGGTTATCTATTAA-1","Non-neoplastic colon"
"CTTGTAACCGAGTAAG-1","Tumor stroma in subserosa"
"CTTGTAAGTGAAGAAC-1","Non-neoplastic colon"
"CTTGTACCGCTCTTCA-1","Tumor cells in mucosa and submucosa"
"CTTGTATCCATCACGG-1","Tumor cells in muscularis propria"
"CTTGTATCGCATACCG-1","Tumor stroma in mucosa and submucosa"
"CTTGTATCGTTGCTAT-1","Tumor cells in mucosa and submucosa"
"CTTGTCAAGTCTAATC-1","Tumor stroma in subserosa"
"CTTGTCACCAACCGCC-1","Tumor cells in mucosa and submucosa"
"CTTGTCACGGCCTATG-1","Non-neoplastic colon"
"CTTGTCGCCGTGGACG-1","Non-neoplastic colon"
"CTTGTCGCTGAATACC-1","Tumor cells in mucosa and submucosa"
"CTTGTCTACTTAAGAT-1","Tumor cells in subserosa"
"CTTGTCTATCACATCT-1","Tumor cells in mucosa and submucosa"
"CTTGTCTGATACTATT-1","Tumor cells at tumor invasive front/border"
"CTTGTCTGGTCATAGA-1","Non-neoplastic colon"
"CTTGTCTGTACTTAAC-1","Tumor stroma in subserosa"
"CTTGTCTTGATTGGTT-1","Tumor cells in mucosa and submucosa"
"GAACAACCAGTAGAGT-1","Non-neoplastic colon"
"GAACAAGCTCGCACGT-1","Non-neoplastic colon"
"GAACAAGGCTTCAGTA-1","Non-neoplastic colon"
"GAACAGCGAATGTCGC-1","Tumor stroma in subserosa"
"GAACAGCGTATCGCTA-1","Non-neoplastic colon"
"GAACAGGATCTAGACA-1","Tumor cells in muscularis propria"
"GAACAGTCGGACATCA-1","Non-neoplastic colon"
"GAACAGTGCGCAATGT-1","Tumor stroma in muscularis propria"
"GAACATTCCGGCAGGT-1","Tumor stroma at tumor invasive front/border"
"GAACATTCTGCCGATT-1","Non-neoplastic colon"
"GAACATTGAGTTATCG-1","Tumor cells in mucosa and submucosa"
"GAACATTGTTATCTGC-1","Non-neoplastic colon"
"GAACCAATGTTCTGCC-1","Tumor cells in mucosa and submucosa"
"GAACCATCGTCAGCCG-1","Tumor cells in mucosa and submucosa"
"GAACCGGAAGTCGTGG-1","Tumor cells in subserosa"
"GAACCGGTATGACGTA-1","Tumor cells in mucosa and submucosa"
"GAACCTAATGTCCAAC-1","Non-neoplastic colon"
"GAACGAGGCAATCCGG-1","Non-neoplastic colon"
"GAACGCAGGCCTGTGC-1","Tumor stroma in mucosa and submucosa"
"GAACGCCAACTACAGA-1","Tumor stroma in subserosa"
"GAACGCCAATCAATCA-1","Tumor cells in muscularis propria"
"GAACGCTTAGCGTGAG-1","Non-neoplastic colon"
"GAACGCTTATACCTAG-1","Tumor stroma in subserosa"
"GAACGCTTGCGAGCCT-1","Non-neoplastic colon"
"GAACGGAAGAACTATT-1","Tumor stroma in muscularis propria"
"GAACGGCCTTCGTTCC-1","Tumor stroma in muscularis propria"
"GAACTACAACGCGGCT-1","Tumor stroma in mucosa and submucosa"
"GAACTACATTAGGTCT-1","Tumor cells in mucosa and submucosa"
"GAACTACCGCCTGAGG-1","Non-neoplastic colon"
"GAACTAGGCTCGGCCT-1","Tumor stroma in muscularis propria"
"GAACTCAACCGGTTGA-1","Tumor cells in muscularis propria"
"GAACTCCTTGCCTGAA-1","Tumor stroma in muscularis propria"
"GAACTCGGTCGTGCCG-1","Tumor cells in mucosa and submucosa"
"GAACTCGTATTCGGTC-1","Tumor cells in muscularis propria"
"GAACTCGTCACTTACC-1","Tumor cells in mucosa and submucosa"
"GAACTCTACGCAGAAT-1","Tumor stroma in subserosa"
"GAACTCTAGGCGAGGA-1","Non-neoplastic colon"
"GAACTGCATCAAGCAC-1","Tumor stroma in mucosa and submucosa"
"GAACTTGAATACAGAA-1","Tumor stroma in subserosa"
"GAAGACTATCAACTGG-1","Tumor stroma in muscularis propria"
"GAAGCCGGCACGCTGC-1","Tumor cells in mucosa and submucosa"
"GAAGCCGTCCACATCG-1","Tumor cells in mucosa and submucosa"
"GAAGCGAATGCATTGC-1","Non-neoplastic colon"
"GAAGCGAGACATTGAC-1","Necrosis"
"GAAGCGAGCCACGGCT-1","Non-neoplastic colon"
"GAAGCGATACTAGGAT-1","Tumor cells in mucosa and submucosa"
"GAAGCGATCCTACAGA-1","Non-neoplastic colon"
"GAAGCGGAACTTGAGC-1","Tumor cells in muscularis propria"
"GAAGCGGAATTAATGT-1","Tumor stroma in mucosa and submucosa"
"GAAGCGGCAACCATTC-1","Tumor cells in mucosa and submucosa"
"GAAGCGGCAACGGACA-1","Non-neoplastic colon"
"GAAGCGGCTTGACCTC-1","Non-neoplastic colon"
"GAAGCGTAGGCCTATG-1","Tumor cells in mucosa and submucosa"
"GAAGCGTCAGTGTAGA-1","Non-neoplastic colon"
"GAAGCGTCCGGTGGTA-1","Tumor cells in subserosa"
"GAAGCTAATTATCTCC-1","Tumor cells in mucosa and submucosa"
"GAAGCTAGGATAGTCC-1","Tumor stroma in mucosa and submucosa"
"GAAGCTGCGTAACAAG-1","Non-neoplastic colon"
"GAAGCTTACCAAGGTG-1","Tumor stroma in mucosa and submucosa"
"GAAGCTTAGAGCATCC-1","Tumor cells in mucosa and submucosa"
"GAAGCTTAGCATGCGT-1","Tumor stroma in muscularis propria"
"GAAGCTTCCGTAGCAA-1","Non-neoplastic colon"
"GAAGCTTCGTATTATC-1","Tumor stroma in mucosa and submucosa"
"GAAGGCTGCAAGTCTT-1","Tumor stroma in muscularis propria"
"GAAGGTTCGGCCTCGA-1","Non-neoplastic colon"
"GAAGGTTCTTGCGTTC-1","Tumor cells in muscularis propria"
"GAAGTAATGACTGGAC-1","Tumor stroma in mucosa and submucosa"
"GAAGTAGCTGTAATCA-1","Non-neoplastic colon"
"GAAGTATTACTCTTGT-1","Non-neoplastic colon"
"GAAGTCGACATCAACT-1","Tumor stroma in subserosa"
"GAAGTCGCCTACTTAA-1","Tumor cells in muscularis propria"
"GAAGTCGCGTCACCGC-1","Tumor stroma in subserosa"
"GAAGTCGTTATCAGTA-1","Non-neoplastic colon"
"GAAGTGGTAATCTACC-1","Tumor cells in muscularis propria"
"GAAGTTCTCGTCATGA-1","Tumor stroma in mucosa and submucosa"
"GAATACCTCCTGTCGC-1","Non-neoplastic colon"
"GAATACGGTGCATATT-1","Non-neoplastic colon"
"GAATACGTAACAGTCC-1","Tumor cells in mucosa and submucosa"
"GAATACGTCTAGCTAC-1","Non-neoplastic colon"
"GAATACTAGGTGATCC-1","Tumor cells in mucosa and submucosa"
"GAATAGGACGAGTGTT-1","Tumor cells in mucosa and submucosa"
"GAATAGTGAGCGTACG-1","Tumor stroma in mucosa and submucosa"
"GAATAGTTCAGTGCGA-1","Non-neoplastic colon"
"GAATCAATTAGGATGG-1","Non-neoplastic colon"
"GAATCACCTCCGGTCA-1","Tumor stroma in muscularis propria"
"GAATCACGCCGTACCT-1","Non-neoplastic colon"
"GAATCATATGAGTTCC-1","Tumor stroma in mucosa and submucosa"
"GAATCATGATCATAAT-1","Tumor cells in mucosa and submucosa"
"GAATCCATTGTATGAC-1","Tumor stroma in mucosa and submucosa"
"GAATCCGAGCGATTAG-1","Non-neoplastic colon"
"GAATCCTCGCACGGCC-1","Non-neoplastic colon"
"GAATCGATAATTGTAC-1","Non-neoplastic colon"
"GAATCTTCCAGAGGCC-1","Tumor stroma in mucosa and submucosa"
"GAATCTTCGCTAGATG-1","Tumor stroma in subserosa"
"GAATGAACCTTATCCA-1","Tumor stroma in muscularis propria"
"GAATGAATCTATAGTA-1","Tumor cells in mucosa and submucosa"
"GAATGAATCTTCGCAT-1","Tumor stroma in mucosa and submucosa"
"GAATGACACGCTGTAG-1","Tumor stroma in subserosa"
"GAATGACAGGCCAACT-1","Non-neoplastic colon"
"GAATGACTACGCATGA-1","Tumor stroma in mucosa and submucosa"
"GAATGAGCTAATCGGC-1","Tumor cells in subserosa"
"GAATGAGGACTTCTGA-1","Tumor stroma in mucosa and submucosa"
"GAATGAGTAGTGAGAT-1","Tumor cells at tumor invasive front/border"
"GAATGATATGTTGGTA-1","Tumor cells in muscularis propria"
"GAATGCTTCTGAAGCC-1","Tumor cells in mucosa and submucosa"
"GAATGGACGACTTGAA-1","Tumor stroma in mucosa and submucosa"
"GAATGGACTACACCAG-1","Tumor cells in mucosa and submucosa"
"GAATGGAGATGTCGGT-1","Tumor stroma in subserosa"
"GAATGGAGGCAGTATC-1","Non-neoplastic colon"
"GAATGGAGTTCGCTGC-1","Necrosis"
"GAATGGCACTTGTAGA-1","Tumor cells in muscularis propria"
"GAATGGTCAATTACCA-1","Non-neoplastic colon"
"GAATGGTCACGATAGG-1","Tumor cells in mucosa and submucosa"
"GAATGGTCCGATCGTC-1","Non-neoplastic colon"
"GAATGGTGTTAGATCG-1","Non-neoplastic colon"
"GAATGGTTAGCTAAGG-1","Tumor stroma at tumor invasive front/border"
"GAATGTATGACCTTCC-1","Tumor cells in muscularis propria"
"GAATGTGACCGGATGA-1","Tumor cells in subserosa"
"GAATGTGATACTGTGA-1","Non-neoplastic colon"
"GAATGTTAGCTCACGG-1","Non-neoplastic colon"
"GAATTACGTGACGCGT-1","Tumor cells in mucosa and submucosa"
"GAATTAGAAGCATCGT-1","Non-neoplastic colon"
"GAATTAGATTGGTAAG-1","Tumor cells in mucosa and submucosa"
"GAATTCACCATAACAT-1","Non-neoplastic colon"
"GAATTCTGATAAGTAT-1","Tumor cells in mucosa and submucosa"
"GACAACCAACCGTATT-1","Tumor cells in mucosa and submucosa"
"GACAACCGGCAGCTAT-1","Tumor cells in mucosa and submucosa"
"GACAACCTCCTTCAAG-1","PNI"
"GACAACGACCATACCT-1","Non-neoplastic colon"
"GACAACGGTAGAACCT-1","Tumor cells in subserosa"
"GACAACGTTAGTCACG-1","Tumor cells in subserosa"
"GACAACTATGGAATTC-1","Non-neoplastic colon"
"GACAACTTCAATTGCG-1","Non-neoplastic colon"
"GACAAGACCTACTCGA-1","Tumor cells in muscularis propria"
"GACAAGACTCAAGTTC-1","Tumor cells in muscularis propria"
"GACAAGCACGGCCGAC-1","Non-neoplastic colon"
"GACAAGCTAATTGGAT-1","Non-neoplastic colon"
"GACAAGCTACGTATCA-1","Non-neoplastic colon"
"GACAAGTGCACTGACA-1","Non-neoplastic colon"
"GACAAGTGCGTTGTGC-1","Non-neoplastic colon"
"GACAATCATACAGGAT-1","Tumor cells in mucosa and submucosa"
"GACAATTGTCTTGCTT-1","Non-neoplastic colon"
"GACACGGCAATTACGT-1","Tumor cells in mucosa and submucosa"
"GACACTAGTTAACCAA-1","Tumor cells in subserosa"
"GACACTCGTGTTCGCT-1","Non-neoplastic colon"
"GACACTGTGGCGACGG-1","Non-neoplastic colon"
"GACAGAACGTTGCTTC-1","Non-neoplastic colon"
"GACAGAACTAACCGAA-1","Tumor cells in mucosa and submucosa"
"GACAGAAGCATTGGAA-1","Tumor stroma in subserosa"
"GACAGAAGTCACAACC-1","Non-neoplastic colon"
"GACAGAATAGGTGCCT-1","Tumor cells in subserosa"
"GACAGACGCTTGAGGA-1","Tumor cells in muscularis propria"
"GACAGACGGACAGAAC-1","Tumor cells in muscularis propria"
"GACAGACGTATGCTGT-1","Non-neoplastic colon"
"GACAGAGGTAAGGTAA-1","Tumor stroma in mucosa and submucosa"
"GACAGGTATGAGACGC-1","Tumor cells in mucosa and submucosa"
"GACATACCAGGAATGC-1","Non-neoplastic colon"
"GACATCCTCACTTCTG-1","Non-neoplastic colon"
"GACATCCTGTATGGAC-1","Non-neoplastic colon"
"GACATCGCATCGGATG-1","Tumor stroma in subserosa"
"GACATCGCTCAAGAGC-1","Tumor stroma in muscularis propria"
"GACATCTGGTATGCGA-1","Tumor cells in mucosa and submucosa"
"GACATGTAACTCTAAG-1","Tumor cells in muscularis propria"
"GACATTAGAACAGAGC-1","Necrosis"
"GACATTATCTCGGCTT-1","Non-neoplastic colon"
"GACCAACGAACTTCTA-1","Tumor cells in muscularis propria"
"GACCAACGACAGCATG-1","Non-neoplastic colon"
"GACCAACGCTCATGAG-1","Non-neoplastic colon"
"GACCAAGTCAGACGCT-1","Non-neoplastic colon"
"GACCAAGTCCTAACTA-1","Non-neoplastic colon"
"GACCACATAGTGTCGT-1","Tumor cells in mucosa and submucosa"
"GACCACCTCGATAGTG-1","Non-neoplastic colon"
"GACCACGATAGCGAAG-1","Tumor cells in mucosa and submucosa"
"GACCACGGTTATTCCG-1","Non-neoplastic colon"
"GACCACTCGCATTCAG-1","Tumor cells in mucosa and submucosa"
"GACCAGATAGCAGGCA-1","Tumor stroma in subserosa"
"GACCAGGAAGTTCCTG-1","Non-neoplastic colon"
"GACCATGTCCATCATG-1","PNI"
"GACCGAATCGGAATCT-1","Tumor cells in mucosa and submucosa"
"GACCGAGGTGTCCAGC-1","Non-neoplastic colon"
"GACCGATGAGCTTGTT-1","Tumor stroma in mucosa and submucosa"
"GACCGGAGATTGCAGC-1","Non-neoplastic colon"
"GACCGGCCAGGACTGT-1","Non-neoplastic colon"
"GACCGGTAAGCTCACG-1","Tumor cells in subserosa"
"GACCGGTTCTGTCGCC-1","Non-neoplastic colon"
"GACCGTAATCGGAAGC-1","Non-neoplastic colon"
"GACCGTAGCGAGTCTT-1","Non-neoplastic colon"
"GACCGTATAACGGAAC-1","Tumor cells in subserosa"
"GACCGTCATCGAACAT-1","Tumor cells in mucosa and submucosa"
"GACCGTGATGCAGACA-1","Non-neoplastic colon"
"GACCTACACCGTTGAG-1","Tumor cells in mucosa and submucosa"
"GACCTCTTGCGGAACC-1","Non-neoplastic colon"
"GACCTCTTGGAAGTGG-1","Non-neoplastic colon"
"GACCTGACGTTCAATA-1","Tumor stroma in mucosa and submucosa"
"GACCTGATGCCTCATG-1","Tumor cells in mucosa and submucosa"
"GACCTGATGGATGCCT-1","Tumor stroma in subserosa"
"GACCTGCACTGTTATT-1","Tumor stroma in muscularis propria"
"GACCTGCAGCTAACTG-1","Tumor stroma at tumor invasive front/border"
"GACCTGCCGAGGCATA-1","Non-neoplastic colon"
"GACCTGCTCAGAACGC-1","Tumor stroma in mucosa and submucosa"
"GACCTGCTCCAACTTA-1","Tumor stroma at tumor invasive front/border"
"GACCTGCTGACAGACT-1","Tumor cells in mucosa and submucosa"
"GACCTGGTGATTCACC-1","Tumor cells in mucosa and submucosa"
"GACCTGGTTGGACGCA-1","Tumor stroma in mucosa and submucosa"
"GACCTGTACGACATAA-1","Tumor stroma in subserosa"
"GACCTGTCATCGGTCA-1","Tumor cells in mucosa and submucosa"
"GACGAGATCTCAACAT-1","Tumor cells in subserosa"
"GACGAGCACTCAAGCC-1","Non-neoplastic colon"
"GACGAGCTGGAAGAGG-1","Non-neoplastic colon"
"GACGAGGTGATCACTG-1","Tumor stroma in mucosa and submucosa"
"GACGAGTAGAAGCCTA-1","Tumor cells in mucosa and submucosa"
"GACGATTACCACCGCA-1","Tumor stroma in subserosa"
"GACGCAACAGCGGCTA-1","Non-neoplastic colon"
"GACGCAACGTACTAAT-1","Tumor cells in mucosa and submucosa"
"GACGCACGCAATTCTT-1","Tumor cells in muscularis propria"
"GACGCACGCACGAACT-1","Tumor cells at tumor invasive front/border"
"GACGCATTGCAATCTG-1","Non-neoplastic colon"
"GACGCCAATCTGTTGC-1","Tumor cells in mucosa and submucosa"
"GACGCCAATGAGACGA-1","Non-neoplastic colon"
"GACGCCTCCAACTACA-1","Tumor stroma in muscularis propria"
"GACGCCTCGGCGCCAA-1","Tumor stroma in mucosa and submucosa"
"GACGCCTGAGTTGGCG-1","Non-neoplastic colon"
"GACGCTCGAGGAGTGC-1","Non-neoplastic colon"
"GACGCTCGTAGGTGTA-1","Tumor cells in subserosa"
"GACGCTGTAACTACAG-1","Non-neoplastic colon"
"GACGCTTCGCTGGTCT-1","Tumor cells in mucosa and submucosa"
"GACGGATCACTTCAAG-1","Non-neoplastic colon"
"GACGGTAAGAGGCTAC-1","Tumor stroma in mucosa and submucosa"
"GACGGTCGCAAGTCGG-1","Tumor stroma in muscularis propria"
"GACGGTCTAGCGCCGG-1","Tumor cells in muscularis propria"
"GACGGTCTATTCGCAT-1","Tumor cells in subserosa"
"GACGGTGCCATGAATA-1","Tumor cells in mucosa and submucosa"
"GACGGTGGCTCCACTA-1","Tumor cells in muscularis propria"
"GACGGTGGCTGTCGCT-1","Tumor stroma in mucosa and submucosa"
"GACGGTTACAGTCCGG-1","Tumor cells in mucosa and submucosa"
"GACGGTTGACTCAGGA-1","Non-neoplastic colon"
"GACGTATTCAAGGAAT-1","Tumor stroma in subserosa"
"GACGTCTTACGCTGTC-1","Necrosis"
"GACGTGAGACCTCGTC-1","Non-neoplastic colon"
"GACGTTACAATAGTAT-1","Non-neoplastic colon"
"GACGTTACCACGCAGG-1","Tumor cells in mucosa and submucosa"
"GACGTTCAGACCTAGG-1","Tumor cells in mucosa and submucosa"
"GACGTTCATTATAGAT-1","Tumor cells in mucosa and submucosa"
"GACGTTCCGAATTCAA-1","Non-neoplastic colon"
"GACGTTCGCAGTGCCG-1","Non-neoplastic colon"
"GACGTTGAACTACACG-1","Tumor cells in mucosa and submucosa"
"GACGTTGTATGAAGCT-1","Tumor cells in mucosa and submucosa"
"GACTAGAATCCACCGG-1","Necrosis"
"GACTAGATCGCCGTCT-1","Non-neoplastic colon"
"GACTAGATCGTTAACA-1","Tumor cells in muscularis propria"
"GACTAGATGTGCTCGG-1","Tumor cells in mucosa and submucosa"
"GACTAGCCATAACTCC-1","Tumor stroma in muscularis propria"
"GACTAGCCGCGACAGC-1","Non-neoplastic colon"
"GACTAGCTCCAATCAC-1","Tumor cells in subserosa"
"GACTATTCGGCCTACT-1","Tumor stroma at tumor invasive front/border"
"GACTCATACGCCGTTA-1","Tumor stroma in mucosa and submucosa"
"GACTCGCAAGGTGACA-1","Non-neoplastic colon"
"GACTCGCCGATGTTAA-1","Non-neoplastic colon"
"GACTCGGCATCTGAAC-1","Non-neoplastic colon"
"GACTCGTGTCGGACCA-1","Tumor cells in mucosa and submucosa"
"GACTGACACCGCTCTG-1","Tumor cells in muscularis propria"
"GACTGACTTCGTTATT-1","Non-neoplastic colon"
"GACTGAGCTCATGGAG-1","Non-neoplastic colon"
"GACTGAGTACAAGAGG-1","Tumor cells in mucosa and submucosa"
"GACTGAGTATGCCGGC-1","Tumor stroma in muscularis propria"
"GACTGATATTGTGACG-1","Non-neoplastic colon"
"GACTGATTGAAGGACC-1","Tumor stroma at tumor invasive front/border"
"GACTGATTGGCCATGT-1","Non-neoplastic colon"
"GACTGCAAGCTGGACA-1","Tumor cells in mucosa and submucosa"
"GACTGCCTGCCGCATA-1","Tumor cells in mucosa and submucosa"
"GACTGCGTCTACTGTA-1","Tumor cells in mucosa and submucosa"
"GACTGCGTGCCATTAC-1","Tumor stroma in muscularis propria"
"GACTGGCCGTGATCTA-1","Tumor cells in mucosa and submucosa"
"GACTGGCTTAAGTGTT-1","Tumor cells in subserosa"
"GACTGGTGGCTTGGAG-1","Non-neoplastic colon"
"GACTGTACAAGTGCCG-1","Tumor cells in muscularis propria"
"GACTGTATTGCGAACC-1","Tumor stroma in muscularis propria"
"GACTTAAGCGTGAAGC-1","Non-neoplastic colon"
"GACTTAGGATCTCCAG-1","Tumor cells in subserosa"
"GACTTGAACAGAGCTA-1","Non-neoplastic colon"
"GACTTGAATGACTGCC-1","Tumor cells in mucosa and submucosa"
"GACTTGACGCACGAAC-1","Tumor cells in muscularis propria"
"GACTTGACTTAGACGC-1","Tumor cells in muscularis propria"
"GACTTGAGTGCAGCGT-1","Tumor cells in muscularis propria"
"GACTTGCATAGGTAAT-1","Tumor stroma in muscularis propria"
"GACTTGCGACGGTGGC-1","Tumor stroma in subserosa"
"GACTTGCGCTGGCGCT-1","Tumor cells in subserosa"
"GACTTGCTGATTAGCT-1","Non-neoplastic colon"
"GAGCACATTCGAACGT-1","Tumor cells in mucosa and submucosa"
"GAGCACTACACTACCA-1","Non-neoplastic colon"
"GAGCATCCAGGCTAGA-1","Tumor stroma in muscularis propria"
"GAGCATTGCAGGAGCC-1","Tumor cells in mucosa and submucosa"
"GAGCCACTAGTTCGGT-1","Tumor cells in mucosa and submucosa"
"GAGCCAGCATGGACGG-1","Non-neoplastic colon"
"GAGCCAGGCGATTCCT-1","Tumor cells in mucosa and submucosa"
"GAGCCATTGACCAGTT-1","Tumor cells in mucosa and submucosa"
"GAGCCGACGTTGGACG-1","Tumor stroma in subserosa"
"GAGCCGAGACGAACAT-1","Tumor cells in mucosa and submucosa"
"GAGCCTAAGTACCAGT-1","Non-neoplastic colon"
"GAGCCTGAGGCGCACG-1","Tumor stroma at tumor invasive front/border"
"GAGCCTGTGCACTCAA-1","Non-neoplastic colon"
"GAGCGACAGGCCGGAT-1","Tumor cells in mucosa and submucosa"
"GAGCGACATCGCTCCT-1","Non-neoplastic colon"
"GAGCGACATCTGACGC-1","Tumor stroma in mucosa and submucosa"
"GAGCGACGGCTAACCT-1","Non-neoplastic colon"
"GAGCGACGTCGATTGG-1","Non-neoplastic colon"
"GAGCGACGTTATACCA-1","Tumor cells in subserosa"
"GAGCGATAGCGAGGTC-1","Tumor stroma in muscularis propria"
"GAGCGATTAATGGTAA-1","Necrosis"
"GAGCGATTCTTACTTC-1","Non-neoplastic colon"
"GAGCGGAACTGATAAT-1","Tumor stroma in mucosa and submucosa"
"GAGCGGAAGACCAGGA-1","Tumor stroma in muscularis propria"
"GAGCGGATGCGTGATA-1","Tumor cells in mucosa and submucosa"
"GAGCGGCACTTACGAG-1","Non-neoplastic colon"
"GAGCGGCATAACATGC-1","Non-neoplastic colon"
"GAGCGGCTCCAAGAGT-1","Non-neoplastic colon"
"GAGCGGCTCCGCTACC-1","Non-neoplastic colon"
"GAGCGGTGCTCCGCCA-1","Tumor cells in subserosa"
"GAGCGTGGACAGACCG-1","Tumor stroma in subserosa"
"GAGCTAAGGTCCGGAC-1","Tumor cells in mucosa and submucosa"
"GAGCTAAGTGGCTGAA-1","Non-neoplastic colon"
"GAGCTACTTCACATCT-1","Tumor stroma in muscularis propria"
"GAGCTATTACCGCCAG-1","Tumor stroma in muscularis propria"
"GAGCTCAGTTCCGCGT-1","Non-neoplastic colon"
"GAGCTCCTGACCGCAG-1","PNI"
"GAGCTCCTGCAAGCGA-1","Tumor cells in mucosa and submucosa"
"GAGCTCGAGGAAGACT-1","Non-neoplastic colon"
"GAGCTCTATGGCGGAG-1","Non-neoplastic colon"
"GAGCTCTATGTAATGC-1","Tumor cells at tumor invasive front/border"
"GAGCTGGTGATCTGCA-1","Tumor cells in muscularis propria"
"GAGCTTAAGGCTGCAG-1","Non-neoplastic colon"
"GAGCTTAGTCTTAGAA-1","Tumor cells at tumor invasive front/border"
"GAGCTTCTCACCAATA-1","Non-neoplastic colon"
"GAGGAACATTGACGAT-1","Tumor cells in mucosa and submucosa"
"GAGGAACTAATGTAGT-1","Tumor cells in mucosa and submucosa"
"GAGGAAGGTGAACATA-1","Tumor stroma in subserosa"
"GAGGAATACGAGGACA-1","Tumor cells in mucosa and submucosa"
"GAGGAATAGTGCATAA-1","Tumor cells in mucosa and submucosa"
"GAGGAATCGTCTTGGC-1","Tumor cells in mucosa and submucosa"
"GAGGACCATAGGCGGA-1","Tumor stroma in muscularis propria"
"GAGGACCTTACAATCA-1","Non-neoplastic colon"
"GAGGATCCTTCGAGCC-1","Tumor stroma in subserosa"
"GAGGATGCGATTAACT-1","Non-neoplastic colon"
"GAGGATGCTCACATCG-1","Tumor cells in muscularis propria"
"GAGGATTGCCGAGCGT-1","Non-neoplastic colon"
"GAGGCCACAGTGGCAG-1","Tumor cells in subserosa"
"GAGGCCACGGCCGAGT-1","Non-neoplastic colon"
"GAGGCCAGACAGATGA-1","Non-neoplastic colon"
"GAGGCCATCTCACGAG-1","Non-neoplastic colon"
"GAGGCCGAAGGATGTC-1","Tumor cells in mucosa and submucosa"
"GAGGCCTAGGCAGATC-1","Non-neoplastic colon"
"GAGGCCTAGTGATGCT-1","Tumor cells in muscularis propria"
"GAGGCGACAGAATACA-1","Non-neoplastic colon"
"GAGGCGACCATGTTAG-1","Non-neoplastic colon"
"GAGGCGCAGGACGTCC-1","Non-neoplastic colon"
"GAGGCGTCGCGGAATC-1","Tumor cells in mucosa and submucosa"
"GAGGCGTTACTACGTG-1","Tumor cells in mucosa and submucosa"
"GAGGTAATAGGCCGAC-1","Non-neoplastic colon"
"GAGGTACCACAGTTAT-1","Non-neoplastic colon"
"GAGGTACTTAGTGGTC-1","Non-neoplastic colon"
"GAGGTAGAGTGACAGC-1","Non-neoplastic colon"
"GAGGTAGATCTTCGGT-1","Tumor cells in mucosa and submucosa"
"GAGGTAGTCACGAGGA-1","Non-neoplastic colon"
"GAGGTAGTGGACTAAT-1","Tumor cells in mucosa and submucosa"
"GAGGTATGCATCGTCC-1","Non-neoplastic colon"
"GAGGTATTAATGAGCT-1","Non-neoplastic colon"
"GAGGTCACTCGGACGG-1","Tumor cells in muscularis propria"
"GAGGTCATAGGACATA-1","Tumor cells in mucosa and submucosa"
"GAGGTCCAGACCATAA-1","Non-neoplastic colon"
"GAGGTGAGATTCGCGA-1","Non-neoplastic colon"
"GAGGTGCCTCACGCTC-1","Tumor stroma in mucosa and submucosa"
"GAGGTGCGCCTGCGAT-1","Tumor cells in mucosa and submucosa"
"GAGGTGGCAGCGACAT-1","Non-neoplastic colon"
"GAGGTGGCGAGCCGAT-1","Non-neoplastic colon"
"GAGGTGTAATGAGCCG-1","Tumor cells in mucosa and submucosa"
"GAGGTGTAGGACAATC-1","Non-neoplastic colon"
"GAGGTGTATGCCGCAC-1","Non-neoplastic colon"
"GAGGTGTATGCGAAGG-1","Tumor stroma in subserosa"
"GAGTAAGCCTTCCGCC-1","Tumor cells in mucosa and submucosa"
"GAGTACGCTAACAGCA-1","Tumor cells in muscularis propria"
"GAGTAGACATAATGTC-1","Tumor cells in mucosa and submucosa"
"GAGTAGACGGTGTTCC-1","Tumor cells in mucosa and submucosa"
"GAGTAGACTATTAACC-1","Tumor stroma in subserosa"
"GAGTAGATTGAACAAG-1","Tumor cells in mucosa and submucosa"
"GAGTAGCACTATCCAT-1","Tumor cells in mucosa and submucosa"
"GAGTAGCATGCCGGCG-1","Non-neoplastic colon"
"GAGTAGCCGTCTGATA-1","Non-neoplastic colon"
"GAGTAGGATGAGGAGT-1","Tumor stroma in mucosa and submucosa"
"GAGTAGTCAGCCGCTA-1","Tumor stroma in mucosa and submucosa"
"GAGTATAGAATCATCT-1","Non-neoplastic colon"
"GAGTATGCGTACCAGC-1","Tumor stroma in mucosa and submucosa"
"GAGTCACGACAACCTT-1","Tumor cells in muscularis propria"
"GAGTCACGCAGGAGCA-1","Tumor cells in subserosa"
"GAGTCACGTTAAGTAT-1","Tumor cells in subserosa"
"GAGTCCACGAACTAAC-1","Non-neoplastic colon"
"GAGTCCACGAGTAGCT-1","Non-neoplastic colon"
"GAGTCCGCTACTGCGA-1","Tumor cells in mucosa and submucosa"
"GAGTCCGTAGGACTTG-1","Tumor stroma in subserosa"
"GAGTCCGTGAAGATTG-1","Tumor stroma in muscularis propria"
"GAGTCCTATGGATCTT-1","Tumor cells in muscularis propria"
"GAGTCCTCCAGAATTC-1","Non-neoplastic colon"
"GAGTCCTGAGCCGATT-1","Tumor stroma in mucosa and submucosa"
"GAGTCGAGGATAGTAT-1","Non-neoplastic colon"
"GAGTCGTTACCTTAAT-1","Non-neoplastic colon"
"GAGTCTAATCACAGGC-1","Non-neoplastic colon"
"GAGTCTCCGGATTAGC-1","Tumor cells in mucosa and submucosa"
"GAGTCTGGTGCGCTAA-1","Non-neoplastic colon"
"GAGTGCCTAACGGCCA-1","Non-neoplastic colon"
"GAGTGCCTGTTCGGAG-1","Tumor stroma in subserosa"
"GAGTGCCTTACGATGG-1","Necrosis"
"GAGTGCGATATTAAGA-1","Tumor cells in mucosa and submucosa"
"GAGTGCGGTCCAACGG-1","Tumor cells in subserosa"
"GAGTGCTACGGACGTC-1","Non-neoplastic colon"
"GAGTGCTGAATCCGGA-1","Non-neoplastic colon"
"GAGTGCTGACAGCCAA-1","Tumor cells in mucosa and submucosa"
"GAGTGGAATGCCAGTT-1","Tumor cells in muscularis propria"
"GAGTGGACAGTAGCTT-1","Non-neoplastic colon"
"GAGTGGAGACGACCGC-1","Tumor stroma in muscularis propria"
"GAGTTAATTAGCTCCA-1","Non-neoplastic colon"
"GAGTTAGCGAACGTTA-1","Tumor stroma in mucosa and submucosa"
"GAGTTAGTTCGGAGGT-1","Tumor cells in subserosa"
"GAGTTATCACGAACTC-1","Non-neoplastic colon"
"GAGTTATCACTACAGT-1","Tumor cells in mucosa and submucosa"
"GAGTTATCGGAGTGGT-1","Tumor stroma in muscularis propria"
"GAGTTATTAGACTTCT-1","Tumor cells in mucosa and submucosa"
"GAGTTCAGAACATACT-1","Other"
"GAGTTCAGCTGGTATG-1","Non-neoplastic colon"
"GAGTTCAGTCGGTCAT-1","Tumor stroma in subserosa"
"GAGTTCATTAAGCAGG-1","Tumor cells in mucosa and submucosa"
"GAGTTCCAACCTCAGA-1","Tumor stroma in subserosa"
"GAGTTCGGACTCTTGC-1","Tumor stroma in muscularis propria"
"GAGTTCGGATAATCAG-1","Non-neoplastic colon"
"GAGTTGCTGGATAGTG-1","Tumor cells in muscularis propria"
"GAGTTGTAGATAGGAA-1","Non-neoplastic colon"
"GAGTTGTAGATCTTGT-1","Necrosis"
"GATAAGAACGTTACTG-1","Non-neoplastic colon"
"GATAAGACCAGTCTAC-1","Non-neoplastic colon"
"GATAAGACCATCGTCA-1","Non-neoplastic colon"
"GATAAGACTGGTTCGA-1","Tumor stroma in subserosa"
"GATAAGACTTGACATC-1","Tumor stroma in mucosa and submucosa"
"GATAAGCAACCTAAGC-1","Tumor stroma in mucosa and submucosa"
"GATAAGGCTGGCTACT-1","Tumor cells in mucosa and submucosa"
"GATAAGTTACGTCTGG-1","Non-neoplastic colon"
"GATAAGTTAGCCTTCC-1","Tumor cells in mucosa and submucosa"
"GATAAGTTCATGGATA-1","Non-neoplastic colon"
"GATAAGTTGAAGGCAT-1","Non-neoplastic colon"
"GATAATAGGTCACTTC-1","Non-neoplastic colon"
"GATACACCAGTGAGGT-1","Non-neoplastic colon"
"GATACACCATGACTGT-1","Tumor stroma in subserosa"
"GATACAGGTCCAAGTT-1","Non-neoplastic colon"
"GATACATAGTCGCTAT-1","Tumor cells in mucosa and submucosa"
"GATACTTCGTACAGTT-1","Tumor stroma in mucosa and submucosa"
"GATAGAGTCATCTTAC-1","Non-neoplastic colon"
"GATAGAGTCGCTGGCA-1","Non-neoplastic colon"
"GATAGATCGGCAATCG-1","Tumor stroma in mucosa and submucosa"
"GATAGATCTTAGGTCG-1","Tumor stroma in subserosa"
"GATAGGACCGTCTATT-1","Tumor cells in muscularis propria"
"GATAGGACGGATACCG-1","Necrosis"
"GATAGGCTATGGTCTT-1","Tumor stroma in mucosa and submucosa"
"GATAGTCTCCGTCGAT-1","Non-neoplastic colon"
"GATATCACCGCTGTTG-1","Tumor stroma in mucosa and submucosa"
"GATATCAGTGCACGGA-1","Non-neoplastic colon"
"GATATCGAAGCAACAG-1","Tumor stroma in subserosa"
"GATATCGATGGCGTGG-1","Tumor cells in mucosa and submucosa"
"GATATCTTATTGGCTG-1","Non-neoplastic colon"
"GATATGATGCTTCCAC-1","Tumor stroma in subserosa"
"GATATGCTGTAACTGT-1","Tumor cells in mucosa and submucosa"
"GATATGGCGACCGTCT-1","Tumor cells in muscularis propria"
"GATATGGCTTACCTAT-1","Tumor cells in mucosa and submucosa"
"GATCAAGATTCTAATA-1","Tumor stroma in mucosa and submucosa"
"GATCACCAGTCCACTT-1","Non-neoplastic colon"
"GATCACGAATACTAAC-1","Non-neoplastic colon"
"GATCACGGTACCTTCG-1","Tumor stroma in muscularis propria"
"GATCACGGTCCAAGAC-1","Tumor cells in mucosa and submucosa"
"GATCACTCAGCTGAAG-1","Tumor cells in mucosa and submucosa"
"GATCACTCGTAGCTAG-1","Non-neoplastic colon"
"GATCACTCGTTCTAAT-1","Other"
"GATCACTCTGCGCTCA-1","Non-neoplastic colon"
"GATCATTGCATAGCAG-1","Non-neoplastic colon"
"GATCCAAGAATATCTA-1","Tumor cells in subserosa"
"GATCCAAGCCAGGCAA-1","Tumor stroma in muscularis propria"
"GATCCAAGTCCTACGC-1","Non-neoplastic colon"
"GATCCAATGACGTCAG-1","Tumor stroma in mucosa and submucosa"
"GATCCAATGCTCGTGC-1","Tumor stroma in mucosa and submucosa"
"GATCCACCGATTGGTG-1","Tumor stroma in subserosa"
"GATCCACGTAGCTGTC-1","Tumor stroma in subserosa"
"GATCCACGTCTATGGT-1","Tumor cells in muscularis propria"
"GATCCACGTGCTATCG-1","Non-neoplastic colon"
"GATCCACTACCTGCGG-1","Necrosis"
"GATCCACTCCGGTAAT-1","Other"
"GATCCACTGTTGCTGT-1","Tumor stroma in subserosa"
"GATCCATAATCGCACG-1","Tumor stroma in subserosa"
"GATCCATACCACCTAG-1","Tumor cells in subserosa"
"GATCCATCCGCTTCCA-1","Necrosis"
"GATCCGGAACTCAGAT-1","Tumor cells in mucosa and submucosa"
"GATCCGGACTATGCCA-1","Non-neoplastic colon"
"GATCCGGAGTCTGATC-1","Tumor cells in mucosa and submucosa"
"GATCCGGTAGGAGTGA-1","Non-neoplastic colon"
"GATCCGTTATACTTGT-1","Tumor cells in muscularis propria"
"GATCCTTCCTGCGAAG-1","Tumor cells in muscularis propria"
"GATCGCAGTTACATAC-1","Tumor cells at tumor invasive front/border"
"GATCGCATAGCTGCAA-1","Tumor cells in mucosa and submucosa"
"GATCGCTGAATTCAGG-1","Tumor stroma in mucosa and submucosa"
"GATCGTAACCATCTGA-1","Tumor cells in mucosa and submucosa"
"GATCGTAACTCGGCCA-1","Necrosis"
"GATCGTAAGTGACCGT-1","Non-neoplastic colon"
"GATCGTCACTGAGGCT-1","Non-neoplastic colon"
"GATCGTCATGGATTGA-1","Tumor cells in muscularis propria"
"GATCGTGCAGCTTAGT-1","Tumor cells in subserosa"
"GATCGTGCATTATCGG-1","Tumor stroma in muscularis propria"
"GATCGTGCTCGGAATT-1","Tumor cells in mucosa and submucosa"
"GATCGTGGATCTACAG-1","Tumor cells in subserosa"
"GATCGTGGCATGACTC-1","Non-neoplastic colon"
"GATCGTGGTCAGCGAG-1","Non-neoplastic colon"
"GATCGTTGTACTTGAG-1","Tumor stroma in subserosa"
"GATCTATGCCTTGACC-1","Tumor cells in mucosa and submucosa"
"GATCTTATCTCCATCA-1","Tumor cells in muscularis propria"
"GATCTTCATTCGAACC-1","Tumor stroma at tumor invasive front/border"
"GATCTTCCTATGTATC-1","Tumor stroma in mucosa and submucosa"
"GATCTTGCCTTGCCGC-1","Non-neoplastic colon"
"GATCTTGTAATGCAGG-1","Non-neoplastic colon"
"GATCTTGTCCGATTGG-1","Tumor cells in muscularis propria"
"GATCTTGTCCTTCGTT-1","Tumor stroma at tumor invasive front/border"
"GATCTTGTGCCGAACA-1","Tumor cells in mucosa and submucosa"
"GATGACATGTTCACCA-1","Non-neoplastic colon"
"GATGACATTCGAAGTG-1","Tumor cells in subserosa"
"GATGACTTAAGTTAAC-1","Tumor stroma in mucosa and submucosa"
"GATGACTTCTGGCGAG-1","Tumor stroma in muscularis propria"
"GATGAGGCCGGTAGCT-1","Tumor cells in mucosa and submucosa"
"GATGAGGTCGCCATCA-1","Tumor cells in mucosa and submucosa"
"GATGAGGTTAGACAAT-1","Tumor stroma in subserosa"
"GATGAGTCCGCTGTCG-1","Tumor cells in subserosa"
"GATGCCAAGTGAGTTA-1","Tumor stroma at tumor invasive front/border"
"GATGCCAGCACGGATC-1","Tumor cells at tumor invasive front/border"
"GATGCCAGGCGTGGTC-1","Tumor stroma in subserosa"
"GATGCCTAACAGGCAG-1","Tumor stroma in subserosa"
"GATGCCTACTATGGAT-1","Tumor cells in mucosa and submucosa"
"GATGCGGCACGTATAG-1","Tumor cells in muscularis propria"
"GATGCGGCATGGTTGT-1","Tumor cells in mucosa and submucosa"
"GATGCGTTCGTGTATG-1","Tumor cells in mucosa and submucosa"
"GATGGACAAGCGCTCG-1","Tumor cells in subserosa"
"GATGGACATGAAGTGG-1","Non-neoplastic colon"
"GATGGACCAACCTCCA-1","Non-neoplastic colon"
"GATGGACTAAGGCGAT-1","Tumor cells in subserosa"
"GATGGACTAAGTGACA-1","Tumor cells in muscularis propria"
"GATGGACTACAGGTAG-1","Tumor cells in muscularis propria"
"GATGGAGTCCGCGATG-1","Non-neoplastic colon"
"GATGGAGTGGATCAGA-1","Non-neoplastic colon"
"GATGGATGCGTTACTC-1","Necrosis"
"GATGGATGGTTCCGAT-1","Tumor stroma in subserosa"
"GATGGATGTTGCATCG-1","Non-neoplastic colon"
"GATGGTATTCTTGGTG-1","Tumor stroma in subserosa"
"GATGTAAGACTCGTTA-1","Tumor cells in subserosa"
"GATGTAATCATGCCGT-1","Tumor cells in mucosa and submucosa"
"GATGTACTCCTTGGTA-1","Tumor cells in mucosa and submucosa"
"GATGTAGCCGCTCCGT-1","Tumor cells in mucosa and submucosa"
"GATGTAGGCGTGCGGA-1","Non-neoplastic colon"
"GATGTAGTATGCTCTA-1","Non-neoplastic colon"
"GATGTAGTTCCACCTA-1","Tumor stroma in subserosa"
"GATGTAGTTGAAGACT-1","Tumor cells in muscularis propria"
"GATGTAGTTGCTGGAG-1","Tumor stroma in subserosa"
"GATGTCCGATACGGTC-1","Tumor stroma in mucosa and submucosa"
"GATGTTCTGTGCTAGT-1","Non-neoplastic colon"
"GATGTTCTTAGGACAG-1","Tumor stroma at tumor invasive front/border"
"GATTAAGCCTACTGAG-1","Tumor cells in subserosa"
"GATTAATTCACTAGAA-1","Tumor stroma in mucosa and submucosa"
"GATTAGTAACCGCTTG-1","Tumor stroma in subserosa"
"GATTAGTTAATCATTC-1","Tumor stroma in muscularis propria"
"GATTATTCCAACTACC-1","Tumor cells in muscularis propria"
"GATTCAGCTTAGGCTT-1","Tumor cells in subserosa"
"GATTCAGTGAATCAAT-1","Non-neoplastic colon"
"GATTCCAATAGTGGCG-1","Non-neoplastic colon"
"GATTCCATGGAAGTTG-1","Tumor stroma at tumor invasive front/border"
"GATTCCGATCGCGATA-1","Tumor cells in subserosa"
"GATTCCGCAATGGCAA-1","Non-neoplastic colon"
"GATTCCGCAGTTACGC-1","Tumor cells in mucosa and submucosa"
"GATTCCGCTCAATAGT-1","Non-neoplastic colon"
"GATTCCGTCTTAGAAG-1","Tumor stroma in muscularis propria"
"GATTCCTACAGCCGGA-1","Tumor cells in muscularis propria"
"GATTCCTACCGGCATT-1","Non-neoplastic colon"
"GATTCCTGACGCTGTT-1","Non-neoplastic colon"
"GATTCCTGCGTACATC-1","Tumor cells in mucosa and submucosa"
"GATTCCTGGCACGCGG-1","Non-neoplastic colon"
"GATTCCTGGCGACAAG-1","Non-neoplastic colon"
"GATTCCTTACGTTCAA-1","Tumor stroma in subserosa"
"GATTCCTTAGGAGTAT-1","Tumor stroma in subserosa"
"GATTCCTTGGCCTCAC-1","Necrosis"
"GATTCGCCTTCCGGCA-1","Tumor cells in muscularis propria"
"GATTGAAGACATTCGT-1","Tumor cells at tumor invasive front/border"
"GATTGAATGCTGCGGA-1","Tumor stroma in mucosa and submucosa"
"GATTGAATTCGTTGCG-1","Tumor cells in muscularis propria"
"GATTGACGAATCGAAC-1","Non-neoplastic colon"
"GATTGAGTGGATAGTT-1","Tumor stroma in subserosa"
"GATTGATACAGAAGGC-1","Tumor stroma in muscularis propria"
"GATTGTACCTGTTCAA-1","Non-neoplastic colon"
"GCAACACCGTATGATC-1","Tumor cells in subserosa"
"GCAACACGTCAGGTTA-1","Tumor stroma in mucosa and submucosa"
"GCAACAGCACGATATT-1","Non-neoplastic colon"
"GCAACAGCATCAGCTC-1","Tumor stroma in mucosa and submucosa"
"GCAACAGCATTACAGG-1","Necrosis"
"GCAACAGTCGGTTAGG-1","Non-neoplastic colon"
"GCAACATCACTATGGC-1","Tumor stroma in mucosa and submucosa"
"GCAACATCCACGCTCA-1","Tumor cells in mucosa and submucosa"
"GCAACATGAGGAGTGC-1","PNI"
"GCAACATGGTTGCCGC-1","Non-neoplastic colon"
"GCAACATTAACTACAT-1","Tumor cells in muscularis propria"
"GCAACATTGAGGTTGG-1","Non-neoplastic colon"
"GCAACCAAGGAGCAGT-1","Non-neoplastic colon"
"GCAACTGAGGTTGAGC-1","Tumor cells in mucosa and submucosa"
"GCAACTTAGCAGCTGA-1","Tumor stroma in mucosa and submucosa"
"GCAAGAACGAAGGTTC-1","Tumor stroma in subserosa"
"GCAAGAATAGCGCTGC-1","Non-neoplastic colon"
"GCAAGAATCACCGATC-1","Tumor cells in muscularis propria"
"GCAAGAATGTCAGTTG-1","Tumor stroma in mucosa and submucosa"
"GCAAGAATTCCGACCG-1","Tumor stroma in muscularis propria"
"GCAAGACATTCTACCT-1","Non-neoplastic colon"
"GCAAGACGCAGGTGTC-1","Tumor cells in mucosa and submucosa"
"GCAAGACGCTCAGACC-1","Tumor stroma in muscularis propria"
"GCAAGAGTGGTCTAGA-1","Non-neoplastic colon"
"GCAAGAGTTAGGCTTC-1","Tumor stroma in muscularis propria"
"GCAAGATATCCAAGTA-1","Tumor stroma in mucosa and submucosa"
"GCAAGATGAAGCGAGG-1","Tumor stroma in subserosa"
"GCAAGCAGTGCTAGCC-1","Tumor cells in mucosa and submucosa"
"GCAAGCTCATTCTTCG-1","Non-neoplastic colon"
"GCAAGCTGACGTTACT-1","Tumor stroma in muscularis propria"
"GCAAGGTGGATTATTC-1","Tumor stroma in subserosa"
"GCAAGTCACTAGCAGG-1","Non-neoplastic colon"
"GCAAGTCGAAGAGTCG-1","Non-neoplastic colon"
"GCAAGTCGGCCGACTT-1","Non-neoplastic colon"
"GCAATCGTCAAGTCGT-1","Tumor stroma in muscularis propria"
"GCAATCTACCGGAGAA-1","Tumor cells in mucosa and submucosa"
"GCAATTAGCGAAGCAA-1","Non-neoplastic colon"
"GCAATTCCGCCTGAAT-1","Tumor cells at tumor invasive front/border"
"GCACAGACAAGAACGC-1","Tumor cells in mucosa and submucosa"
"GCACAGACTACACTAC-1","Tumor cells in mucosa and submucosa"
"GCACAGGAATCTAGCT-1","Non-neoplastic colon"
"GCACAGGCAAGGTTCT-1","Tumor stroma in subserosa"
"GCACAGGTATCGGTCG-1","Tumor stroma in muscularis propria"
"GCACAGGTTAGATGGT-1","Tumor cells in muscularis propria"
"GCACAGTCACTCATCC-1","Tumor stroma in mucosa and submucosa"
"GCACAGTGAGGCATAG-1","Tumor cells in mucosa and submucosa"
"GCACATGGTACCTCGG-1","Tumor stroma in subserosa"
"GCACCACGACAGTGAG-1","Other"
"GCACCAGCGGTAACAG-1","Non-neoplastic colon"
"GCACCGGTGCAGACGT-1","Non-neoplastic colon"
"GCACCGGTTGGAACGG-1","Tumor stroma in mucosa and submucosa"
"GCACCGTGCTAACTGG-1","Tumor cells in mucosa and submucosa"
"GCACCGTGGTCGCACG-1","Necrosis"
"GCACCTAGCCACTCAA-1","Non-neoplastic colon"
"GCACCTATTACAGCCT-1","Tumor cells in subserosa"
"GCACGAACAACTGGCC-1","Non-neoplastic colon"
"GCACGAACGGCATGTA-1","Tumor cells in mucosa and submucosa"
"GCACGAAGATGTCATT-1","Non-neoplastic colon"
"GCACGAAGCAAGGCCA-1","Tumor stroma in mucosa and submucosa"
"GCACGAGGCGCCGAAT-1","Tumor cells in mucosa and submucosa"
"GCACGAGGTTGAGGCG-1","Tumor cells in muscularis propria"
"GCACGCACTGCTAAGA-1","Tumor stroma in muscularis propria"
"GCACGCCTAGCACCTA-1","Non-neoplastic colon"
"GCACGCCTGTTCCTAT-1","Tumor cells in subserosa"
"GCACGCTAGAATTAAG-1","Tumor stroma at tumor invasive front/border"
"GCACGCTTCGCCTTAA-1","Tumor cells in mucosa and submucosa"
"GCACGGCGATAGAACC-1","Tumor cells in mucosa and submucosa"
"GCACGGCGTTCGGCGT-1","Tumor stroma in mucosa and submucosa"
"GCACGGTCGTGGATGC-1","Non-neoplastic colon"
"GCACTACAGGCATTAA-1","Non-neoplastic colon"
"GCACTATCCTACGAAT-1","Non-neoplastic colon"
"GCACTCCAGAGTCTGA-1","Tumor stroma in mucosa and submucosa"
"GCACTCCGAGGCCACG-1","Non-neoplastic colon"
"GCACTCCGGTTGGAAG-1","Tumor cells in subserosa"
"GCACTCGGCAGCGGCA-1","Necrosis"
"GCACTCTAACGGATGC-1","Non-neoplastic colon"
"GCACTCTAGCCATGAC-1","Tumor stroma at tumor invasive front/border"
"GCACTCTATTCGGACC-1","Tumor stroma in subserosa"
"GCACTCTGAACGAGCT-1","Tumor cells in subserosa"
"GCACTCTTCATGACTT-1","Tumor cells in mucosa and submucosa"
"GCACTGCTCATCCTGT-1","Tumor stroma in muscularis propria"
"GCACTGCTTAGGTCCT-1","Necrosis"
"GCACTGGACGTGTACG-1","Tumor stroma in mucosa and submucosa"
"GCACTGGAGTCAGACG-1","Non-neoplastic colon"
"GCACTGTTAGTGGCAT-1","Tumor cells in muscularis propria"
"GCACTGTTCTATACCG-1","Tumor cells in subserosa"
"GCAGACGACACTACTT-1","Tumor stroma in mucosa and submucosa"
"GCAGATACAGAATGCG-1","Non-neoplastic colon"
"GCAGATACTGCAGAGT-1","Tumor cells in mucosa and submucosa"
"GCAGATAGTATTCTTA-1","Tumor stroma in mucosa and submucosa"
"GCAGATCCTCTACATA-1","Tumor cells in mucosa and submucosa"
"GCAGATCGAACCACGT-1","Tumor cells in mucosa and submucosa"
"GCAGATGTTACGGCTT-1","Non-neoplastic colon"
"GCAGATTCAATGTTGA-1","Tumor stroma in muscularis propria"
"GCAGATTCACGCGGCT-1","Necrosis"
"GCAGATTCGCCATATG-1","Non-neoplastic colon"
"GCAGCCTGGATATTGG-1","Tumor stroma at tumor invasive front/border"
"GCAGCCTTGGCGAGGT-1","Non-neoplastic colon"
"GCAGCGAGTAAGTAAT-1","Tumor stroma in mucosa and submucosa"
"GCAGCGATTCCAAGTT-1","Tumor stroma at tumor invasive front/border"
"GCAGCGCAAGTGGTGA-1","Non-neoplastic colon"
"GCAGGCATAATTAGCC-1","Non-neoplastic colon"
"GCAGGCCAATGTGCTG-1","Non-neoplastic colon"
"GCAGGCCACGGCGTTA-1","Non-neoplastic colon"
"GCAGGCCACTTAGACG-1","Non-neoplastic colon"
"GCAGGCCATGCTATAG-1","Tumor cells in muscularis propria"
"GCAGGCTCAGATACAA-1","Tumor stroma in muscularis propria"
"GCAGGCTCAGTGCAAT-1","Non-neoplastic colon"
"GCAGGCTCGGCAACGC-1","Tumor cells in subserosa"
"GCAGGCTGGCCGTTAG-1","Non-neoplastic colon"
"GCAGGCTGTAATACGC-1","Non-neoplastic colon"
"GCAGGTACGTCACCAT-1","Non-neoplastic colon"
"GCAGGTCAATAGCGAC-1","Non-neoplastic colon"
"GCAGGTCACGTTCCTC-1","Tumor stroma in muscularis propria"
"GCAGGTGCTGAGCTCG-1","Non-neoplastic colon"
"GCAGGTGGACAATTCC-1","Tumor cells in mucosa and submucosa"
"GCAGTAAGCAGATTAA-1","Tumor cells in muscularis propria"
"GCAGTAATCTGCACGG-1","Non-neoplastic colon"
"GCAGTAATTACACCGT-1","Tumor cells in muscularis propria"
"GCAGTGGTCGCCTGGT-1","Tumor cells in subserosa"
"GCAGTTCAGATGAGCT-1","Tumor stroma in subserosa"
"GCAGTTCGATAGGTTG-1","Tumor cells in subserosa"
"GCAGTTCGCTTCGCGA-1","Necrosis"
"GCAGTTCTTAGGCGAA-1","Non-neoplastic colon"
"GCATAAGGACATGGTT-1","Tumor stroma in subserosa"
"GCATAAGGCATGGCTT-1","Non-neoplastic colon"
"GCATAATGGATCTACC-1","Non-neoplastic colon"
"GCATAGTGCCAAGACT-1","Non-neoplastic colon"
"GCATCAACCTGGAACT-1","Tumor stroma in subserosa"
"GCATCAAGGTCAGGCA-1","Non-neoplastic colon"
"GCATCATGCCTTCATG-1","Tumor cells in muscularis propria"
"GCATGAGTACCAACGA-1","Non-neoplastic colon"
"GCATGCAAGTTCGCGT-1","Tumor stroma in muscularis propria"
"GCATGCCGGCATCACC-1","Tumor cells in mucosa and submucosa"
"GCATGCCTCGGCTGCC-1","Tumor cells in mucosa and submucosa"
"GCATGCGACGGCTCTG-1","Tumor stroma in muscularis propria"
"GCATGCGTCATCGTCT-1","Tumor stroma at tumor invasive front/border"
"GCATGTTAGCAATTGG-1","Non-neoplastic colon"
"GCATTAACAGCGCAGA-1","Tumor cells in mucosa and submucosa"
"GCATTAATTACGGTTG-1","Tumor cells in mucosa and submucosa"
"GCATTACCGCTGAATT-1","Tumor cells in subserosa"
"GCATTACCTTAATTGG-1","Non-neoplastic colon"
"GCATTGACCTCGTACA-1","Tumor stroma in mucosa and submucosa"
"GCATTGACGACTCCAC-1","Non-neoplastic colon"
"GCATTGCGAGATGGTG-1","Non-neoplastic colon"
"GCATTGCGCATCGGCC-1","Tumor cells at tumor invasive front/border"
"GCATTGCGTGATCTAA-1","Non-neoplastic colon"
"GCATTGCTAGCAAGTC-1","Tumor cells in mucosa and submucosa"
"GCATTGCTTCAGGTGG-1","Non-neoplastic colon"
"GCATTGGTGAATTAAG-1","Tumor stroma in subserosa"
"GCATTGGTGACAACCT-1","Tumor stroma in mucosa and submucosa"
"GCATTGGTGATCATAA-1","Other"
"GCATTGGTTAATGTCC-1","Tumor cells in muscularis propria"
"GCATTGTCGAGTATGG-1","Tumor stroma in subserosa"
"GCATTGTCTGGTGACA-1","Tumor stroma in muscularis propria"
"GCATTGTCTTATGCTG-1","Non-neoplastic colon"
"GCATTGTTGATTCGGC-1","Tumor stroma in muscularis propria"
"GCCAACGGTGAAGCAA-1","Tumor stroma in mucosa and submucosa"
"GCCAACTCTGGCCGGC-1","Tumor cells in mucosa and submucosa"
"GCCACCGACGCATTGA-1","Tumor cells in mucosa and submucosa"
"GCCACCGACTGCTTAG-1","Tumor stroma in mucosa and submucosa"
"GCCACGAATTAGTTGT-1","Tumor stroma in subserosa"
"GCCACGGCAACGCCAC-1","Tumor stroma in mucosa and submucosa"
"GCCACGTTGCCATGCT-1","Non-neoplastic colon"
"GCCACGTTGGCCAAGT-1","Tumor stroma in muscularis propria"
"GCCACTATCAGCGGTT-1","Non-neoplastic colon"
"GCCACTATGGTTGGCC-1","Non-neoplastic colon"
"GCCACTCCTGTAATCT-1","Tumor cells in muscularis propria"
"GCCACTCCTTCTTAAT-1","Tumor cells in mucosa and submucosa"
"GCCACTGCAGCCTTCC-1","Tumor stroma in muscularis propria"
"GCCACTGCATCACGCA-1","Tumor stroma in subserosa"
"GCCACTGCGGCAGCGT-1","Non-neoplastic colon"
"GCCACTTGAGTAGAAC-1","Non-neoplastic colon"
"GCCACTTGATCCACTC-1","Tumor cells in mucosa and submucosa"
"GCCACTTGCTCCTAAG-1","Tumor cells in mucosa and submucosa"
"GCCAGAAGATTGTAAG-1","Tumor cells in muscularis propria"
"GCCAGAAGGTCATTAC-1","Non-neoplastic colon"
"GCCAGAATAATGATGG-1","Tumor cells in mucosa and submucosa"
"GCCAGAATCCAGCGCC-1","Tumor cells in mucosa and submucosa"
"GCCAGACACTAAGTCA-1","Other"
"GCCAGACCACAGAACA-1","Tumor cells in mucosa and submucosa"
"GCCAGACCGGTGCCGT-1","Non-neoplastic colon"
"GCCAGACGATCTAAGC-1","Tumor cells in mucosa and submucosa"
"GCCAGAGGATGCGTAC-1","Non-neoplastic colon"
"GCCAGAGGTGACTCGC-1","Tumor cells at tumor invasive front/border"
"GCCAGATGAGACAGTG-1","Non-neoplastic colon"
"GCCAGATGCCTGAACC-1","Non-neoplastic colon"
"GCCAGATTAGTAGATA-1","Tumor cells in mucosa and submucosa"
"GCCAGGCTTGACGCTT-1","Tumor stroma in subserosa"
"GCCAGTACAACTCGCT-1","Non-neoplastic colon"
"GCCAGTACCGTGCATT-1","Non-neoplastic colon"
"GCCAGTAGATTCTGTA-1","Non-neoplastic colon"
"GCCAGTAGGACCAATA-1","Non-neoplastic colon"
"GCCAGTATCTAACAGA-1","Tumor stroma in muscularis propria"
"GCCAGTGGCCGCAGGA-1","Tumor cells in mucosa and submucosa"
"GCCATAAGTTAACACT-1","Tumor stroma in muscularis propria"
"GCCATAATAGCTAGAC-1","Tumor stroma in subserosa"
"GCCATAATGTTAGTGC-1","Non-neoplastic colon"
"GCCATAGATCCTTCAA-1","Non-neoplastic colon"
"GCCATGAGGATGTTGG-1","Non-neoplastic colon"
"GCCATTAACGCCTGAA-1","Tumor stroma at tumor invasive front/border"
"GCCATTCAATTGGCAT-1","Non-neoplastic colon"
"GCCATTCAGGTAAGCG-1","Tumor cells in muscularis propria"
"GCCATTCCGTCGGTGC-1","Non-neoplastic colon"
"GCCATTCCTCAGCCAT-1","Non-neoplastic colon"
"GCCATTCTACTGGTCG-1","Non-neoplastic colon"
"GCCGAAGAGTGCGAGG-1","Tumor cells in mucosa and submucosa"
"GCCGAATAGATAGGCA-1","Non-neoplastic colon"
"GCCGAATCCTACCGAT-1","Non-neoplastic colon"
"GCCGACCGACTGTTAG-1","Tumor stroma at tumor invasive front/border"
"GCCGACCTCGCCTAAC-1","Tumor cells in subserosa"
"GCCGACCTGTGATCGA-1","Tumor cells in muscularis propria"
"GCCGACGTCCGCAACT-1","Tumor stroma in subserosa"
"GCCGAGATCCAAGACG-1","Non-neoplastic colon"
"GCCGAGATGACGGCCA-1","Non-neoplastic colon"
"GCCGAGCTAGAATGCC-1","Tumor cells in mucosa and submucosa"
"GCCGATGATACCGTTG-1","Tumor stroma in mucosa and submucosa"
"GCCGATGTCGCCACAT-1","Non-neoplastic colon"
"GCCGATGTTCCTAGGA-1","Tumor cells in muscularis propria"
"GCCGATGTTGTAGCCT-1","Non-neoplastic colon"
"GCCGATTGTCGAATTA-1","Tumor cells in subserosa"
"GCCGCTAGCATTATCC-1","Tumor stroma at tumor invasive front/border"
"GCCGCTATGGATGAAT-1","Non-neoplastic colon"
"GCCGCTGACGTCCGGA-1","Tumor stroma in subserosa"
"GCCGCTGGCTGTCAAC-1","Non-neoplastic colon"
"GCCGCTGGCTTGACTT-1","Non-neoplastic colon"
"GCCGCTGTATAGCACG-1","Non-neoplastic colon"
"GCCGCTGTATGTGCTG-1","Tumor stroma in mucosa and submucosa"
"GCCGGCAGACGTTGAG-1","Tumor cells in mucosa and submucosa"
"GCCGGCATCCGCCTCA-1","Tumor stroma at tumor invasive front/border"
"GCCGGCATCTCGAATG-1","Tumor cells in mucosa and submucosa"
"GCCGGCCAACGTTATT-1","Non-neoplastic colon"
"GCCGGCCAGCCATACG-1","Tumor cells in muscularis propria"
"GCCGGCCGAGATCCTT-1","Non-neoplastic colon"
"GCCGGCGAAGTGATGG-1","Non-neoplastic colon"
"GCCGGCTACCAGTACA-1","Tumor cells in mucosa and submucosa"
"GCCGGCTACTGTCACG-1","Non-neoplastic colon"
"GCCGGCTCCGTGAGTT-1","Tumor stroma in subserosa"
"GCCGGCTCGCTATGTC-1","Tumor cells in muscularis propria"
"GCCGGCTGGAGGTAGT-1","Non-neoplastic colon"
"GCCGGCTGGTTAAGAT-1","Non-neoplastic colon"
"GCCGTAACCGTTCCTC-1","Tumor stroma in subserosa"
"GCCGTAAGACCTATTA-1","Non-neoplastic colon"
"GCCGTAAGCTTCGAAC-1","Non-neoplastic colon"
"GCCGTACAACTAGTGG-1","Tumor stroma in mucosa and submucosa"
"GCCGTACAGGACTGAA-1","Tumor cells in mucosa and submucosa"
"GCCGTATGACGACAGA-1","Non-neoplastic colon"
"GCCGTATGCAATCTGA-1","Tumor cells in mucosa and submucosa"
"GCCGTATGTTGCTCCG-1","Tumor cells in mucosa and submucosa"
"GCCGTATTACCTTGCC-1","Non-neoplastic colon"
"GCCGTGAACTGTTCGA-1","Tumor stroma in mucosa and submucosa"
"GCCGTGGTTCCGGATC-1","Tumor cells in muscularis propria"
"GCCTAACAGCCGATTC-1","Non-neoplastic colon"
"GCCTAACGACGTTGAC-1","Tumor cells in muscularis propria"
"GCCTAATCCTAGTCGT-1","Tumor cells in mucosa and submucosa"
"GCCTATAGGATAGTAC-1","Tumor cells in muscularis propria"
"GCCTATAGTTGGTATG-1","Tumor cells in subserosa"
"GCCTATCTTCTACTAG-1","Tumor cells in muscularis propria"
"GCCTATGACAGTACCT-1","Tumor stroma at tumor invasive front/border"
"GCCTATGATTACCTTC-1","Tumor stroma in muscularis propria"
"GCCTATGCCAAGAATT-1","Non-neoplastic colon"
"GCCTATTGGTAGGCAC-1","Tumor stroma in mucosa and submucosa"
"GCCTCAGTATACGGAC-1","Tumor cells in muscularis propria"
"GCCTCCACCTCATAAT-1","Tumor cells in mucosa and submucosa"
"GCCTCCACTTAACGCC-1","Tumor stroma in mucosa and submucosa"
"GCCTCCATAGATGAGG-1","Tumor stroma in mucosa and submucosa"
"GCCTCCGTTATGAGTC-1","Non-neoplastic colon"
"GCCTCCTGGCCAGTCA-1","Non-neoplastic colon"
"GCCTCCTTCAGTCTCA-1","Non-neoplastic colon"
"GCCTCCTTGAAGGAGT-1","Tumor stroma at tumor invasive front/border"
"GCCTGGATGCACCGGC-1","Other"
"GCCTGGCAGAAGGCGA-1","Non-neoplastic colon"
"GCCTGGCATATGACTG-1","Non-neoplastic colon"
"GCCTGGTAGCAGTATG-1","Non-neoplastic colon"
"GCCTGGTATTAGATTC-1","Tumor cells in mucosa and submucosa"
"GCCTGGTCATCCATTA-1","Tumor cells in mucosa and submucosa"
"GCCTGGTCCGTGACAG-1","Non-neoplastic colon"
"GCCTGGTGTACGGCAG-1","Tumor stroma in mucosa and submucosa"
"GCCTGTCGCCTTGGCG-1","Necrosis"
"GCCTGTGACATGTAAG-1","Non-neoplastic colon"
"GCCTGTGAGTACTGGT-1","Non-neoplastic colon"
"GCCTGTTATGCTTATG-1","Tumor cells in mucosa and submucosa"
"GCCTGTTGTAATACCT-1","Tumor cells in mucosa and submucosa"
"GCCTTAACCATCAGAT-1","Non-neoplastic colon"
"GCCTTATCAAGATAGC-1","Tumor cells in muscularis propria"
"GCCTTCACAATAGAGT-1","Tumor cells in mucosa and submucosa"
"GCCTTCACTATTAATC-1","Tumor stroma in subserosa"
"GCCTTCAGTGCGGTTA-1","Tumor cells in mucosa and submucosa"
"GCCTTCGAATCAGCAT-1","Tumor cells in mucosa and submucosa"
"GCCTTCGCTCAACCTG-1","Tumor stroma in subserosa"
"GCCTTCGCTCTATGGT-1","Non-neoplastic colon"
"GCCTTCTGCCTGCAAC-1","Tumor stroma in subserosa"
"GCCTTCTGGCGGAATG-1","Non-neoplastic colon"
"GCCTTGCGCTGTGAAG-1","Non-neoplastic colon"
"GCCTTGCTGGTCACGC-1","Tumor stroma in subserosa"
"GCCTTGGAGGCTTAGA-1","Tumor stroma in mucosa and submucosa"
"GCGAACAACGGAATCG-1","Tumor cells in mucosa and submucosa"
"GCGAACAGTCTTCGAC-1","Non-neoplastic colon"
"GCGAAGACTACCTCTT-1","Non-neoplastic colon"
"GCGAAGATCAGAACGA-1","Non-neoplastic colon"
"GCGAAGATGCGTAAGG-1","Tumor stroma in muscularis propria"
"GCGAAGCACCTTATAG-1","Tumor stroma at tumor invasive front/border"
"GCGAAGCGCACCTGTA-1","Tumor cells in mucosa and submucosa"
"GCGAAGCGTATGGCAA-1","Non-neoplastic colon"
"GCGAAGCGTCACCGCT-1","Tumor stroma in muscularis propria"
"GCGAAGGCCTTAGACC-1","Tumor cells in mucosa and submucosa"
"GCGAAGGCTTGCAGTA-1","Non-neoplastic colon"
"GCGAAGGTACCGGATT-1","Non-neoplastic colon"
"GCGAAGGTCCTATCGG-1","Tumor stroma in subserosa"
"GCGAATACGGAACCGA-1","Tumor stroma in subserosa"
"GCGAATAGTGAAGTCC-1","Tumor stroma at tumor invasive front/border"
"GCGAATCATGACCTCA-1","Necrosis"
"GCGAATCTGACATGAC-1","Tumor stroma in mucosa and submucosa"
"GCGAATGCCGTCCACG-1","Tumor cells in subserosa"
"GCGAATGCTCGGACTT-1","Tumor stroma in subserosa"
"GCGAATGGCACCAAGT-1","Tumor cells in muscularis propria"
"GCGAATGGCAGATACA-1","Tumor cells in muscularis propria"
"GCGAATGGCTAACTAT-1","Tumor cells in muscularis propria"
"GCGAATTGGACAACTC-1","Tumor cells in muscularis propria"
"GCGAATTGTTCGATAC-1","Non-neoplastic colon"
"GCGACAATAATGCGCA-1","Tumor cells in muscularis propria"
"GCGACACCTTCCAGGC-1","Non-neoplastic colon"
"GCGACACTATCCGTGA-1","Non-neoplastic colon"
"GCGACATAAGACCAAC-1","Tumor stroma in subserosa"
"GCGACATTGCGTACTA-1","Non-neoplastic colon"
"GCGACCTCAACCATCT-1","Tumor cells in mucosa and submucosa"
"GCGACGAGGTCTTGCT-1","Tumor cells in mucosa and submucosa"
"GCGACGCAACCGCTCG-1","Tumor cells in mucosa and submucosa"
"GCGACGTCTATGTAGG-1","Necrosis"
"GCGACGTGCCTTAAGG-1","Non-neoplastic colon"
"GCGAGCACGGTTAGTG-1","Tumor cells in subserosa"
"GCGAGCAGCTGCGTAA-1","Non-neoplastic colon"
"GCGAGCAGGACGTAGG-1","Tumor cells in mucosa and submucosa"
"GCGAGCAGGCTCAGGA-1","Non-neoplastic colon"
"GCGAGCGACATTCCGT-1","Non-neoplastic colon"
"GCGAGCGATGTTGACA-1","Non-neoplastic colon"
"GCGAGCGATTCCTCAA-1","Non-neoplastic colon"
"GCGAGGCCATCTATCG-1","Tumor cells in mucosa and submucosa"
"GCGAGTAAGAGCCGGT-1","Tumor stroma in muscularis propria"
"GCGAGTTAAGTGGAGT-1","Non-neoplastic colon"
"GCGATACCTAGTTCCG-1","Tumor stroma in mucosa and submucosa"
"GCGATCAGCGGAGCTG-1","Tumor stroma in muscularis propria"
"GCGATCCAGTATGACT-1","Non-neoplastic colon"
"GCGATCCTGCCATCAA-1","Tumor stroma in muscularis propria"
"GCGATCCTGGATACTC-1","Tumor stroma in subserosa"
"GCGATCGGTTAGTTCC-1","Tumor cells in mucosa and submucosa"
"GCGATCGTGCACGTAA-1","Non-neoplastic colon"
"GCGATCTTCCATGTGG-1","Tumor stroma in muscularis propria"
"GCGATCTTGGTGCGAA-1","Tumor stroma in muscularis propria"
"GCGATGACGCTTCTTA-1","Non-neoplastic colon"
"GCGATGGATCGATGAG-1","Tumor stroma in muscularis propria"
"GCGATGGTTGGTTATT-1","Tumor stroma in mucosa and submucosa"
"GCGATGTAGAATGTAT-1","Tumor cells in muscularis propria"
"GCGATGTATTCCTTAC-1","Non-neoplastic colon"
"GCGATGTATTGACTTA-1","Tumor cells in muscularis propria"
"GCGATTACTCGTATCC-1","Tumor cells in mucosa and submucosa"
"GCGATTACTCTACAAC-1","Non-neoplastic colon"
"GCGATTCAACGGCGCA-1","Tumor stroma in mucosa and submucosa"
"GCGATTCTGAATCGTT-1","Necrosis"
"GCGATTCTTGGCTTGT-1","Non-neoplastic colon"
"GCGATTGATATGAATA-1","Non-neoplastic colon"
"GCGATTGATGAGACAG-1","Tumor cells in subserosa"
"GCGATTGATGGAGGTA-1","Tumor cells in mucosa and submucosa"
"GCGGAAGAATGGATAC-1","Non-neoplastic colon"
"GCGGCAGTCCAACGCA-1","Necrosis"
"GCGGCCACTTGCCTGC-1","Tumor cells in muscularis propria"
"GCGGCTAATCATCGGA-1","Tumor stroma in subserosa"
"GCGGCTCGAACGGACC-1","Non-neoplastic colon"
"GCGGCTCGGCATGACT-1","Tumor stroma in subserosa"
"GCGGCTTAGAGCCGAC-1","Other"
"GCGGTATTGACAGAAT-1","Non-neoplastic colon"
"GCGGTCACCGATAGCG-1","Tumor stroma at tumor invasive front/border"
"GCGGTCATTAGTCCAA-1","Tumor cells in subserosa"
"GCGGTCCGATTATCAC-1","Tumor stroma in subserosa"
"GCGGTCGTTAAGATGT-1","Tumor stroma in muscularis propria"
"GCGGTGAAGAGGTCGG-1","Tumor stroma at tumor invasive front/border"
"GCGGTGGAGCTATCCG-1","Non-neoplastic colon"
"GCGGTGGCAGTATTGG-1","Tumor cells at tumor invasive front/border"
"GCGGTGGCATTGCTAT-1","Non-neoplastic colon"
"GCGGTTATCAATGGTA-1","Tumor stroma in subserosa"
"GCGGTTATCCTGGAGC-1","Tumor cells in mucosa and submucosa"
"GCGGTTATCTTCTGCG-1","Non-neoplastic colon"
"GCGGTTATGTGATTCT-1","Tumor stroma in subserosa"
"GCGGTTCATAAGCTGG-1","Tumor cells in mucosa and submucosa"
"GCGGTTCGGTATCGCC-1","Tumor cells in mucosa and submucosa"
"GCGGTTGGACATTGAG-1","Tumor cells in mucosa and submucosa"
"GCGGTTGGTGCAAGCC-1","Tumor cells in muscularis propria"
"GCGTAACATGTCGTAG-1","Non-neoplastic colon"
"GCGTAACGGACAGATT-1","Tumor stroma in subserosa"
"GCGTAAGCTGATCGTG-1","Tumor stroma in subserosa"
"GCGTAAGTCTCCGGTA-1","Non-neoplastic colon"
"GCGTAAGTCTGTCTCA-1","Non-neoplastic colon"
"GCGTAAGTGCAACTTA-1","Tumor stroma in subserosa"
"GCGTAATACCAATTCC-1","Tumor stroma in subserosa"
"GCGTACAATGATTGAA-1","Tumor stroma in subserosa"
"GCGTACAGTAGGAAGG-1","Tumor cells in mucosa and submucosa"
"GCGTACAGTATTGTAG-1","Tumor cells in mucosa and submucosa"
"GCGTACCGCAAGCGAA-1","Non-neoplastic colon"
"GCGTACGAATGATCCG-1","Non-neoplastic colon"
"GCGTACGTCTAAGTAG-1","Non-neoplastic colon"
"GCGTACTGCTTCAGAA-1","Tumor cells in mucosa and submucosa"
"GCGTAGCAATCGGTCC-1","Non-neoplastic colon"
"GCGTAGGCTTCACGCA-1","Necrosis"
"GCGTAGTGTTCTCAAG-1","Non-neoplastic colon"
"GCGTATCCACTCGGAA-1","Non-neoplastic colon"
"GCGTCAAGAATACGAT-1","Non-neoplastic colon"
"GCGTCAAGGCGTAGCG-1","Non-neoplastic colon"
"GCGTCATCCGCACGGT-1","Non-neoplastic colon"
"GCGTCCGATATTCGAA-1","Tumor cells in mucosa and submucosa"
"GCGTCCGGCACGAAGA-1","Non-neoplastic colon"
"GCGTCCGGCGTGTCCT-1","Non-neoplastic colon"
"GCGTCGCATGCTATGA-1","Tumor stroma in subserosa"
"GCGTCGCATGGACCAT-1","Other"
"GCGTCGCCGTCTGCAT-1","Tumor cells in subserosa"
"GCGTCGCCGTTATGCC-1","Tumor stroma in subserosa"
"GCGTCGCCTAATCCGT-1","Tumor cells in mucosa and submucosa"
"GCGTCGCCTCATGTCA-1","Necrosis"
"GCGTCGGACGGAGGCA-1","Non-neoplastic colon"
"GCGTCGGACTTAGTTG-1","Tumor cells in mucosa and submucosa"
"GCGTCGGAGTATGCTC-1","Non-neoplastic colon"
"GCGTCGGCTGCCGACA-1","Non-neoplastic colon"
"GCGTCGGTATCGCAGA-1","Non-neoplastic colon"
"GCGTCGGTATTCGCCG-1","Tumor stroma in muscularis propria"
"GCGTCGGTTCCTACAT-1","Tumor stroma in muscularis propria"
"GCGTCGGTTGCACGGC-1","Non-neoplastic colon"
"GCGTCGTACACCAGAC-1","Non-neoplastic colon"
"GCGTCGTAGGTAGTGC-1","Tumor stroma in muscularis propria"
"GCGTCGTATCTTATCC-1","Non-neoplastic colon"
"GCGTCTACCGGACTTA-1","Non-neoplastic colon"
"GCGTCTATTCCTCATT-1","Necrosis"
"GCGTCTCACGTCTTAC-1","Tumor cells in subserosa"
"GCGTCTCGACGTGAAC-1","Tumor cells in mucosa and submucosa"
"GCGTCTCGCCTCAATA-1","Tumor stroma in muscularis propria"
"GCGTCTGGATGGTTCG-1","Non-neoplastic colon"
"GCGTCTTCGGACCGGA-1","Tumor stroma in subserosa"
"GCGTGCACTCTGAGGC-1","Non-neoplastic colon"
"GCGTGCAGTCACGCAT-1","Non-neoplastic colon"
"GCGTGCCTGGCAAGAA-1","Non-neoplastic colon"
"GCGTGCCTGGTGTCTA-1","Tumor stroma in subserosa"
"GCGTGCTACAGGAATC-1","Non-neoplastic colon"
"GCGTGGCTAAGAACCG-1","Tumor cells in subserosa"
"GCGTTCCGGCGTTCTT-1","Non-neoplastic colon"
"GCGTTCGACATAATAG-1","Tumor cells in subserosa"
"GCGTTCGCGGCAAGCG-1","Tumor cells in mucosa and submucosa"
"GCGTTCGCGTTAGGTC-1","Non-neoplastic colon"
"GCGTTCGTACCTCCGG-1","Tumor stroma in subserosa"
"GCGTTCGTTCAAGCCA-1","Tumor cells at tumor invasive front/border"
"GCGTTCTTATGCAATG-1","Non-neoplastic colon"
"GCTAACAGACCGTTGT-1","Non-neoplastic colon"
"GCTAACAGGCAATCAG-1","Tumor cells in mucosa and submucosa"
"GCTAACCAGGCCAAGT-1","Tumor stroma in mucosa and submucosa"
"GCTAACCGCACGATCT-1","Non-neoplastic colon"
"GCTAACGGATTACACT-1","Tumor cells in muscularis propria"
"GCTACAATGAATGCTA-1","Tumor stroma in muscularis propria"
"GCTACCGAACGGTCAT-1","Tumor cells in muscularis propria"
"GCTACCGAGTTCCGTA-1","Tumor cells in muscularis propria"
"GCTACCTACAACCTAA-1","Other"
"GCTACCTTGCAACCTG-1","Non-neoplastic colon"
"GCTACGAGCGGCATAC-1","Tumor stroma at tumor invasive front/border"
"GCTACTTCCGGAATGC-1","Non-neoplastic colon"
"GCTAGCTGAGTCCTGT-1","Tumor cells in subserosa"
"GCTAGTCCTCTGTTCA-1","Non-neoplastic colon"
"GCTATCATAGTATGAT-1","Tumor stroma in subserosa"
"GCTATCATTCACATTC-1","Non-neoplastic colon"
"GCTATCGCTAATTCAA-1","Tumor cells in subserosa"
"GCTATCTAGGACCGCC-1","Necrosis"
"GCTATGGCTTCACGAG-1","Tumor cells in mucosa and submucosa"
"GCTATTAGGTCCGAGG-1","Tumor stroma in mucosa and submucosa"
"GCTCAACCAAGGAGCG-1","Tumor cells in muscularis propria"
"GCTCAACCGTGGATAA-1","Tumor cells in mucosa and submucosa"
"GCTCAACTAGCGGCTT-1","Tumor cells in mucosa and submucosa"
"GCTCAAGACCATTGGT-1","Tumor cells in muscularis propria"
"GCTCAAGGACAATAGG-1","Tumor cells in muscularis propria"
"GCTCAAGTACTACCTT-1","Tumor cells in mucosa and submucosa"
"GCTCAAGTGAGTGGAC-1","Tumor stroma in mucosa and submucosa"
"GCTCAATCCGCCATAA-1","Tumor cells in muscularis propria"
"GCTCAATCGCAAGTGA-1","Non-neoplastic colon"
"GCTCAATCTTGATCCG-1","Tumor cells in mucosa and submucosa"
"GCTCACGCGTCTACAT-1","Tumor stroma in mucosa and submucosa"
"GCTCAGATCGGTTAGG-1","Non-neoplastic colon"
"GCTCAGCCGTAAGATA-1","Tumor stroma in muscularis propria"
"GCTCAGCTGCGTCAAG-1","Tumor stroma in muscularis propria"
"GCTCAGTATCAAGCAA-1","Tumor cells in muscularis propria"
"GCTCATACGGCAAGTC-1","PNI"
"GCTCATACTAGTTCCA-1","Non-neoplastic colon"
"GCTCATAGACTCTACG-1","Tumor cells in mucosa and submucosa"
"GCTCATGATACAGCTC-1","Tumor cells in mucosa and submucosa"
"GCTCATGTCGACCATT-1","Non-neoplastic colon"
"GCTCATTCGACCGAGT-1","Tumor cells in mucosa and submucosa"
"GCTCCGGCACCAACTC-1","Non-neoplastic colon"
"GCTCCGGCCAAGTCTA-1","Non-neoplastic colon"
"GCTCCTATCAGCGTCA-1","Non-neoplastic colon"
"GCTCCTCACCGGCTCG-1","Non-neoplastic colon"
"GCTCCTCAGTCCTACA-1","Tumor cells in subserosa"
"GCTCCTGTGCCAGCGA-1","Non-neoplastic colon"
"GCTCCTGTGCTCTGGT-1","Tumor stroma in subserosa"
"GCTCCTTCACAACTTA-1","Non-neoplastic colon"
"GCTCGAGTGCCGAGCG-1","Non-neoplastic colon"
"GCTCGCACCAGGTAAC-1","Tumor cells in mucosa and submucosa"
"GCTCGCACGCCTCCTA-1","Tumor cells in subserosa"
"GCTCGCATCTCGGCGT-1","Tumor stroma in subserosa"
"GCTCGCCGCATGCCTA-1","Tumor stroma at tumor invasive front/border"
"GCTCGCGATTACCGCC-1","Other"
"GCTCGCGGAAGGCACC-1","Non-neoplastic colon"
"GCTCGCGGTCACGTGG-1","Non-neoplastic colon"
"GCTCGCGTGCTCCTTG-1","Tumor cells in mucosa and submucosa"
"GCTCGCTAATCAAGTT-1","Tumor stroma in muscularis propria"
"GCTCGCTAGCGTGAAT-1","Non-neoplastic colon"
"GCTCGCTGCCGCGGAA-1","Tumor cells at tumor invasive front/border"
"GCTCGCTGGATAAGTG-1","Tumor stroma at tumor invasive front/border"
"GCTCGCTGTTCGTCTT-1","Tumor stroma in mucosa and submucosa"
"GCTCGGAGCGATAGGT-1","Non-neoplastic colon"
"GCTCGTAATGCACCTG-1","Non-neoplastic colon"
"GCTCGTAGTGTATGGA-1","Tumor stroma in muscularis propria"
"GCTCGTATAGCGAATC-1","Tumor cells in mucosa and submucosa"
"GCTCGTCCTGAATACT-1","Other"
"GCTCGTCTCCAGTGGT-1","Tumor cells in mucosa and submucosa"
"GCTCGTCTGAAGTTAC-1","Non-neoplastic colon"
"GCTCGTGCTCCAAGCA-1","Non-neoplastic colon"
"GCTCTATTAACCGATG-1","Tumor stroma in subserosa"
"GCTCTGACGACAATAG-1","Tumor stroma in mucosa and submucosa"
"GCTCTGATTAGCTGTT-1","Tumor cells in subserosa"
"GCTCTGCCTCGAACGC-1","Non-neoplastic colon"
"GCTCTGGTCGTACGGC-1","Tumor cells in mucosa and submucosa"
"GCTCTGGTCTTGCACT-1","Non-neoplastic colon"
"GCTCTGGTTGAGAAGC-1","Tumor stroma in muscularis propria"
"GCTCTGTCGTACCTCC-1","Tumor cells in muscularis propria"
"GCTCTGTTATACTATC-1","Tumor stroma in subserosa"
"GCTGAACAAGCTCGGA-1","Tumor stroma in muscularis propria"
"GCTGAAGCTTAATAGA-1","Non-neoplastic colon"
"GCTGAAGTTAACTCAG-1","Tumor stroma in muscularis propria"
"GCTGAATTGTAGTTGA-1","Tumor stroma in mucosa and submucosa"
"GCTGACAATATTCCTC-1","Non-neoplastic colon"
"GCTGACAGTTAGTATC-1","Tumor cells in muscularis propria"
"GCTGACCAGGTGACCG-1","Tumor cells in mucosa and submucosa"
"GCTGACGCAGACGGAT-1","Non-neoplastic colon"
"GCTGACGCTATGTAGT-1","Tumor cells in mucosa and submucosa"
"GCTGACTCTGCGTTAC-1","Tumor stroma in subserosa"
"GCTGACTTCCGGATGA-1","Tumor stroma in mucosa and submucosa"
"GCTGCGCACCGCAGTT-1","Tumor stroma in subserosa"
"GCTGCGCTTGAGGAAC-1","Tumor stroma in mucosa and submucosa"
"GCTGCGTCCGCATTAA-1","Non-neoplastic colon"
"GCTGCGTTCATGATCG-1","Non-neoplastic colon"
"GCTGGAAGACTATCGG-1","Non-neoplastic colon"
"GCTGGACATTGGACAT-1","Tumor cells in mucosa and submucosa"
"GCTGGAGGCTTAAGGT-1","Non-neoplastic colon"
"GCTGGAGTTAAGGTGG-1","Tumor stroma in subserosa"
"GCTGGTCGCCACTCTA-1","Necrosis"
"GCTGTCCTGACTATTC-1","Non-neoplastic colon"
"GCTGTTATACTCAACA-1","Tumor stroma in muscularis propria"
"GCTGTTATGACATAGT-1","Tumor cells in muscularis propria"
"GCTGTTATGCTGAGAT-1","Non-neoplastic colon"
"GCTGTTGATAACTTGT-1","Non-neoplastic colon"
"GCTGTTGCCAAGCTAA-1","Non-neoplastic colon"
"GCTGTTGCTGTATCAC-1","Tumor cells in mucosa and submucosa"
"GCTTACAGCCAACGGT-1","Tumor stroma in muscularis propria"
"GCTTACCTTCAGCTGC-1","Tumor cells in mucosa and submucosa"
"GCTTACCTTCCTTGGT-1","Tumor cells in subserosa"
"GCTTACGCCAGGCGCT-1","Non-neoplastic colon"
"GCTTACTGACTGCTAA-1","Tumor cells in subserosa"
"GCTTACTTGGCCAGCG-1","Tumor cells in mucosa and submucosa"
"GCTTAGCCTGGTATCT-1","Necrosis"
"GCTTAGCGTTAAGGCG-1","Tumor stroma in mucosa and submucosa"
"GCTTATAATTAATGGT-1","Necrosis"
"GCTTATACAGTAGGTG-1","Non-neoplastic colon"
"GCTTATCCTCGACGGC-1","Tumor stroma in subserosa"
"GCTTATCCTGTAACGG-1","Tumor cells in subserosa"
"GCTTATCGGATCATGT-1","Tumor cells in mucosa and submucosa"
"GCTTATGTCTTATGTA-1","Tumor cells in subserosa"
"GCTTCCGGCTGCGATT-1","Tumor stroma in muscularis propria"
"GCTTCGATCTATCATG-1","Non-neoplastic colon"
"GCTTCGATTGATTACC-1","Tumor cells in muscularis propria"
"GCTTCGCAATGCTCTA-1","Tumor cells in mucosa and submucosa"
"GCTTCGCTCAGGTCCA-1","Tumor cells in mucosa and submucosa"
"GCTTCGGCTGCGCAGG-1","Tumor cells in mucosa and submucosa"
"GCTTCGTAACTATCGA-1","Tumor stroma in mucosa and submucosa"
"GCTTCGTAGCGTGGTC-1","Non-neoplastic colon"
"GCTTCTAATTACCTAT-1","Non-neoplastic colon"
"GCTTCTAATTCAGCAC-1","Tumor cells in subserosa"
"GCTTCTACAACCTTCT-1","Non-neoplastic colon"
"GCTTCTACCGGTTAAG-1","Other"
"GCTTCTACTGAAGTGG-1","Non-neoplastic colon"
"GCTTCTCATAAGGTGC-1","Tumor stroma at tumor invasive front/border"
"GCTTCTCCGCTAGAAT-1","Tumor stroma at tumor invasive front/border"
"GCTTCTGAGCATCTCG-1","Tumor stroma in subserosa"
"GCTTCTGTTCATAGCT-1","Non-neoplastic colon"
"GCTTGAACCTGTCTTC-1","Necrosis"
"GCTTGAAGTACTGCCT-1","Tumor stroma in subserosa"
"GCTTGAAGTCATAAGA-1","Non-neoplastic colon"
"GCTTGACATACGAGCA-1","Non-neoplastic colon"
"GCTTGACCGACGTCGC-1","Tumor cells in mucosa and submucosa"
"GCTTGAGCATACAATG-1","Tumor cells in subserosa"
"GCTTGATCATCTGGTA-1","Tumor cells in mucosa and submucosa"
"GCTTGCAAGCAGCCTT-1","Non-neoplastic colon"
"GCTTGCCAGAGCAGCG-1","Tumor cells in mucosa and submucosa"
"GCTTGCCGCAGTAAGT-1","Tumor cells in mucosa and submucosa"
"GCTTGCTCTGGACCTT-1","Tumor stroma in subserosa"
"GCTTGGATCAACTGCC-1","Non-neoplastic colon"
"GCTTGGATGGAGACGA-1","Tumor stroma in mucosa and submucosa"
"GCTTGGATTAGGAGCG-1","Non-neoplastic colon"
"GCTTGGATTATCGTGA-1","Non-neoplastic colon"
"GCTTGGCACTGACGCA-1","Tumor stroma in muscularis propria"
"GCTTGGCAGACACTCG-1","Tumor cells in mucosa and submucosa"
"GCTTGGCAGCATGAAG-1","Tumor stroma in mucosa and submucosa"
"GCTTGGCCTGATCCTA-1","Tumor cells in mucosa and submucosa"
"GCTTGGCTAACCTAGT-1","Tumor cells in muscularis propria"
"GCTTGGCTCGAATATC-1","Tumor stroma in mucosa and submucosa"
"GCTTGGCTGTTGAGAA-1","Necrosis"
"GCTTGGCTTGCGACTC-1","Non-neoplastic colon"
"GCTTGGTCACGCCGGC-1","Non-neoplastic colon"
"GCTTGGTCCACGATCC-1","Tumor cells in muscularis propria"
"GCTTGGTCGCGTGCGA-1","Tumor cells in mucosa and submucosa"
"GCTTGGTCGCTCATCG-1","Tumor cells in mucosa and submucosa"
"GCTTGGTCTGAGGAAG-1","Tumor cells in subserosa"
"GCTTGGTCTGCTTAGC-1","Necrosis"
"GCTTGGTGAAGACTAT-1","Tumor cells in mucosa and submucosa"
"GCTTGGTGCCACGGTC-1","Non-neoplastic colon"
"GCTTGGTGCCGTTCAC-1","Non-neoplastic colon"
"GCTTGGTGGACCGCCA-1","Non-neoplastic colon"
"GCTTGGTGGAGCTGAG-1","Tumor cells in mucosa and submucosa"
"GGAACAATTGTACAAC-1","Tumor stroma in subserosa"
"GGAACACCGTATACAG-1","PNI"
"GGAACACGCCGGTGAT-1","Tumor stroma in muscularis propria"
"GGAACATGGCTAAGCA-1","Non-neoplastic colon"
"GGAACCACTCCATATG-1","Other"
"GGAACTACAGCTCGCA-1","Tumor cells at tumor invasive front/border"
"GGAACTCGACCAATAA-1","Non-neoplastic colon"
"GGAACTCGTGTTCATA-1","Tumor cells in mucosa and submucosa"
"GGAAGACAATCGCCAT-1","Non-neoplastic colon"
"GGAAGACACTGCCTCC-1","Tumor cells in mucosa and submucosa"
"GGAAGCACATGCACTC-1","Tumor stroma in mucosa and submucosa"
"GGAAGCAGTATCAATG-1","Tumor cells in mucosa and submucosa"
"GGAAGCGAGTTACGAG-1","Tumor stroma in mucosa and submucosa"
"GGAAGCGTCTCCGGAC-1","Non-neoplastic colon"
"GGAAGGCTGGCCGATC-1","Tumor cells in muscularis propria"
"GGAAGTCCTCTAGTAC-1","Tumor stroma in muscularis propria"
"GGAAGTCGCCACAATC-1","Non-neoplastic colon"
"GGAAGTCTCACTTGAC-1","Tumor cells in mucosa and submucosa"
"GGAATCAGAAGTTCTT-1","Tumor stroma in mucosa and submucosa"
"GGAATCATGTAGAAGC-1","Non-neoplastic colon"
"GGAATCCTTGCACCAG-1","Tumor cells at tumor invasive front/border"
"GGAATCGAACATTCGT-1","Tumor stroma at tumor invasive front/border"
"GGAATCGGCATAAGAC-1","Non-neoplastic colon"
"GGAATGAACCAGACTT-1","Tumor cells in mucosa and submucosa"
"GGAATGAGCTGGCTAG-1","Tumor cells in mucosa and submucosa"
"GGAATGCGCCTGGCGA-1","Non-neoplastic colon"
"GGAATGGCTCGCACCA-1","Non-neoplastic colon"
"GGAATGGTAACGGCAA-1","Tumor cells in mucosa and submucosa"
"GGAATGGTATCTCACC-1","Non-neoplastic colon"
"GGAATGGTCCAATCGA-1","Non-neoplastic colon"
"GGAATGGTTGATGCAG-1","Non-neoplastic colon"
"GGAATGTCAGACAAGA-1","Tumor cells in muscularis propria"
"GGAATGTCGCGTCTAT-1","Tumor cells in muscularis propria"
"GGAATGTTGAATGGTT-1","Tumor cells in subserosa"
"GGAATGTTGCCTTGAG-1","Tumor cells in mucosa and submucosa"
"GGAATTATCTATCAGG-1","Tumor stroma in muscularis propria"
"GGAATTGATTACGTAT-1","Tumor cells in mucosa and submucosa"
"GGACAGACCGGTACGA-1","Non-neoplastic colon"
"GGACAGACTCCTTGAT-1","Non-neoplastic colon"
"GGACAGCCTGAGATGA-1","Tumor stroma in muscularis propria"
"GGACAGCGGTCCTGCA-1","Non-neoplastic colon"
"GGACAGCTCAGCCTAG-1","Tumor cells in mucosa and submucosa"
"GGACAGGTAACCGACA-1","Necrosis"
"GGACAGGTAGGACTTG-1","Non-neoplastic colon"
"GGACAGTAATGCCTAC-1","Tumor stroma in subserosa"
"GGACAGTACATCGCGT-1","Non-neoplastic colon"
"GGACAGTAGCACAGGA-1","Tumor cells in mucosa and submucosa"
"GGACAGTCACAATATT-1","Tumor cells in mucosa and submucosa"
"GGACAGTCATGGTGAG-1","Non-neoplastic colon"
"GGACCAGTTCAGACAA-1","Tumor cells in mucosa and submucosa"
"GGACCGCTCGGCTGCA-1","Tumor stroma in muscularis propria"
"GGACCGGAGTCTATTG-1","Non-neoplastic colon"
"GGACCGGCTCCGAATT-1","Non-neoplastic colon"
"GGACGACCGGTGATGT-1","Non-neoplastic colon"
"GGACGCTAGCATCCAT-1","Tumor cells in mucosa and submucosa"
"GGACGGAATGAATGAA-1","Non-neoplastic colon"
"GGACGGACAGCCTATT-1","Tumor cells in mucosa and submucosa"
"GGACGGCGCTCCTAAC-1","Tumor cells in mucosa and submucosa"
"GGACGGCGTACCTGGT-1","Non-neoplastic colon"
"GGACGGTGATGGCGCC-1","Non-neoplastic colon"
"GGACGTACAGCACCTC-1","Tumor stroma in mucosa and submucosa"
"GGACGTACGGACCGTT-1","Non-neoplastic colon"
"GGACGTACGTGCTACG-1","Non-neoplastic colon"
"GGACGTAGAATTCAAC-1","Tumor cells in mucosa and submucosa"
"GGACGTAGCGTACGCA-1","Non-neoplastic colon"
"GGACGTCGACTAGAGT-1","Non-neoplastic colon"
"GGACGTCGCAGAGCGA-1","Non-neoplastic colon"
"GGACGTCGCTAGACGC-1","Non-neoplastic colon"
"GGACGTGGATAAGGAG-1","Non-neoplastic colon"
"GGACGTGGTAGGCATC-1","Tumor cells in muscularis propria"
"GGACGTTAGAAGATTG-1","Necrosis"
"GGACGTTCACGCGGAG-1","Tumor cells in mucosa and submucosa"
"GGACGTTCGCTCTGTA-1","Tumor stroma in muscularis propria"
"GGACGTTGAAGCGTTC-1","Non-neoplastic colon"
"GGACTCACGCGATGCT-1","Non-neoplastic colon"
"GGACTCGAACGGTTCT-1","Non-neoplastic colon"
"GGACTCGACCGCGTTG-1","Non-neoplastic colon"
"GGACTCGCTCGATAGC-1","Tumor stroma in subserosa"
"GGACTCGTTGCGGCAT-1","Tumor cells in mucosa and submucosa"
"GGACTTCTAAGATGTT-1","Tumor cells at tumor invasive front/border"
"GGACTTCTCGACTGGT-1","Tumor cells in mucosa and submucosa"
"GGACTTCTCGGCATCG-1","Tumor stroma in mucosa and submucosa"
"GGAGAATCTGACTATT-1","Tumor cells in mucosa and submucosa"
"GGAGACAAGTGAACAG-1","Tumor stroma at tumor invasive front/border"
"GGAGACATCTCACCTT-1","Tumor cells in mucosa and submucosa"
"GGAGACGAGTCAGAGC-1","Tumor cells in mucosa and submucosa"
"GGAGACTAAGGAGCAC-1","Tumor cells in mucosa and submucosa"
"GGAGATCACTGTTCGC-1","Non-neoplastic colon"
"GGAGATCCAATAGGCG-1","Tumor cells in mucosa and submucosa"
"GGAGATCCGCGTGCGT-1","Tumor cells in mucosa and submucosa"
"GGAGATCTTCCTGAAT-1","Tumor cells in mucosa and submucosa"
"GGAGATGCTACGACAA-1","Tumor cells in muscularis propria"
"GGAGATGGCAGAACTC-1","Non-neoplastic colon"
"GGAGATGTCTCATTGA-1","Tumor cells in mucosa and submucosa"
"GGAGATGTTGGCATCT-1","Non-neoplastic colon"
"GGAGATTAATAGTACG-1","Tumor cells in muscularis propria"
"GGAGATTAGATAGAAT-1","Tumor cells in subserosa"
"GGAGATTCCTTATGGC-1","Tumor cells in muscularis propria"
"GGAGCAGTAACAATGA-1","Tumor stroma in mucosa and submucosa"
"GGAGCAGTGCCTGCCA-1","Tumor cells in mucosa and submucosa"
"GGAGCATCTGAGCTAG-1","Tumor cells in mucosa and submucosa"
"GGAGCCGGCGACATAA-1","Non-neoplastic colon"
"GGAGCGAACAGTCAGA-1","Tumor stroma in muscularis propria"
"GGAGCGAATTCTGTAG-1","Tumor cells in mucosa and submucosa"
"GGAGCGACCGCCGTAA-1","Non-neoplastic colon"
"GGAGCGAGCTACTTAC-1","Tumor cells in muscularis propria"
"GGAGCGAGTATTGAGT-1","Tumor stroma in subserosa"
"GGAGCGTCAGGATATG-1","Necrosis"
"GGAGCGTCTAGACACT-1","Non-neoplastic colon"
"GGAGCGTGGAATAAGG-1","Non-neoplastic colon"
"GGAGCGTTATTGGCGA-1","Tumor cells in mucosa and submucosa"
"GGAGGCTACGTTCTAT-1","Tumor stroma at tumor invasive front/border"
"GGAGGCTCATGTGAAC-1","Necrosis"
"GGAGGCTTGCGTCAGG-1","Non-neoplastic colon"
"GGAGGTAATATCATTC-1","Tumor cells in mucosa and submucosa"
"GGAGGTACTTGGTCCT-1","Non-neoplastic colon"
"GGAGGTATCGTCCAGT-1","Non-neoplastic colon"
"GGAGGTATTCCGAATC-1","Non-neoplastic colon"
"GGAGGTGACAAGGTGG-1","Tumor cells in mucosa and submucosa"
"GGAGGTGAGTTGGACC-1","Tumor cells in mucosa and submucosa"
"GGAGGTGCCTATTCGG-1","Tumor cells in muscularis propria"
"GGAGGTGGTCAAGTTG-1","Non-neoplastic colon"
"GGAGTCAATCGTAGTG-1","Tumor stroma in mucosa and submucosa"
"GGAGTCCGAGGCGTTC-1","Tumor stroma in subserosa"
"GGAGTCTACTGGCTCA-1","Tumor cells in subserosa"
"GGAGTCTATTCTAGCT-1","Non-neoplastic colon"
"GGAGTCTGCGAACAAG-1","Non-neoplastic colon"
"GGAGTGAGCTGTCCGT-1","Non-neoplastic colon"
"GGAGTGCAAGTTGATT-1","Tumor cells in subserosa"
"GGAGTGCCAGGCTCTT-1","Tumor cells in mucosa and submucosa"
"GGAGTGGAAGACGGAG-1","Tumor cells at tumor invasive front/border"
"GGATAACAATCAAGAA-1","Tumor cells in mucosa and submucosa"
"GGATAACGCAGTGAAG-1","Tumor cells in muscularis propria"
"GGATAAGTCATCGCGA-1","Tumor cells in muscularis propria"
"GGATAAGTCGGACGAA-1","PNI"
"GGATAAGTGGAGCTGG-1","Non-neoplastic colon"
"GGATAAGTTACACGTC-1","Tumor stroma in mucosa and submucosa"
"GGATAAGTTCGTCATT-1","Tumor stroma in subserosa"
"GGATAATGCTAGTAAT-1","Non-neoplastic colon"
"GGATAATTGACTAGGC-1","Tumor cells in mucosa and submucosa"
"GGATAGGACTCGTTAG-1","Tumor stroma in subserosa"
"GGATAGGTGCGGCCAT-1","Non-neoplastic colon"
"GGATCAGAGCACTAAT-1","Tumor stroma in subserosa"
"GGATCGCCTTGGCATT-1","Necrosis"
"GGATCGCTGACGTCAG-1","Non-neoplastic colon"
"GGATCGGAATCGTAGT-1","Non-neoplastic colon"
"GGATCGGCTGCGAGGA-1","Tumor cells in mucosa and submucosa"
"GGATCGTTGTCGCTAT-1","Non-neoplastic colon"
"GGATCTATTATCACAG-1","Non-neoplastic colon"
"GGATCTGGTCCAGAAT-1","Non-neoplastic colon"
"GGATCTTGCAACGAAT-1","Non-neoplastic colon"
"GGATCTTGCGGCATTA-1","Tumor cells in mucosa and submucosa"
"GGATGCATCGGACCAT-1","Non-neoplastic colon"
"GGATGCTAAGATTCAC-1","Non-neoplastic colon"
"GGATGGTCACTCAGTC-1","Tumor cells at tumor invasive front/border"
"GGATTAACAAGTTCAA-1","Tumor cells in mucosa and submucosa"
"GGATTAGAGTTGCAAT-1","Non-neoplastic colon"
"GGATTCAGCGGAATTG-1","Non-neoplastic colon"
"GGATTCCTGGAAGAGC-1","Tumor cells in mucosa and submucosa"
"GGATTCGGAACCACCT-1","Non-neoplastic colon"
"GGATTCGTCCGACGGC-1","Non-neoplastic colon"
"GGATTCTTACTGCGAA-1","Tumor stroma in mucosa and submucosa"
"GGATTCTTGGAGCACT-1","Tumor stroma in muscularis propria"
"GGCAACCATTCAGCCG-1","Tumor cells at tumor invasive front/border"
"GGCAAGATGATTCAAC-1","Tumor stroma in subserosa"
"GGCAAGGAAGTTGTGA-1","Non-neoplastic colon"
"GGCAATACCTTCAGAA-1","Tumor stroma in muscularis propria"
"GGCAATCGATTGTTGA-1","Tumor cells in mucosa and submucosa"
"GGCAATCGTCACATGG-1","Non-neoplastic colon"
"GGCAATGGTCACTGTC-1","Tumor cells in mucosa and submucosa"
"GGCAATTAATCCTCAC-1","Tumor cells in muscularis propria"
"GGCAATTAGGAAGCGT-1","Tumor cells in mucosa and submucosa"
"GGCAATTATGCGGTTA-1","Tumor stroma in mucosa and submucosa"
"GGCACGCCGATTCGTG-1","Non-neoplastic colon"
"GGCACGCTTACTCCTA-1","Non-neoplastic colon"
"GGCACGGCAAGCTACC-1","Non-neoplastic colon"
"GGCACTCCTTCCTCGG-1","Non-neoplastic colon"
"GGCAGCATCTTGTCGT-1","Tumor cells in mucosa and submucosa"
"GGCAGCCGACTGATTC-1","Tumor cells in mucosa and submucosa"
"GGCAGCCGCTCGTCAC-1","Non-neoplastic colon"
"GGCAGCGACCTACGTT-1","Tumor stroma in subserosa"
"GGCAGCGTGGCTTCCT-1","Tumor stroma in mucosa and submucosa"
"GGCAGCGTTCAGCCAA-1","Tumor stroma in subserosa"
"GGCATAAGGAAGATAA-1","Non-neoplastic colon"
"GGCATAAGGTGGCGAT-1","Tumor cells in mucosa and submucosa"
"GGCATACAGGCGTCCA-1","Necrosis"
"GGCATACAGGTCGAGT-1","Tumor stroma in subserosa"
"GGCATACTAAGAACTA-1","Tumor stroma in subserosa"
"GGCATACTAGCCGGTT-1","Tumor cells in subserosa"
"GGCATACTTGGACGCT-1","Other"
"GGCATAGACGGAGTGG-1","Tumor cells in mucosa and submucosa"
"GGCATAGGAATGCGGT-1","Other"
"GGCATATGCTGTTAAG-1","Non-neoplastic colon"
"GGCATATGGCCAGAAG-1","Tumor cells in muscularis propria"
"GGCATATTGTATCCTC-1","Non-neoplastic colon"
"GGCATCTATCCTGAAC-1","Tumor cells in mucosa and submucosa"
"GGCATTAAGACGAAGG-1","Tumor stroma in muscularis propria"
"GGCATTAGCCGCTACA-1","Non-neoplastic colon"
"GGCATTCATAGGCAGC-1","Non-neoplastic colon"
"GGCCAACTATAAGGAT-1","Tumor cells in mucosa and submucosa"
"GGCCAACTATTGACAG-1","Tumor cells in mucosa and submucosa"
"GGCCAAGATGCTCGCA-1","Tumor cells in mucosa and submucosa"
"GGCCACCGTCTTAGTA-1","Tumor cells in muscularis propria"
"GGCCACGGAGACCGAG-1","Non-neoplastic colon"
"GGCCACTACGCATACC-1","Non-neoplastic colon"
"GGCCATAGTGGTTCAG-1","Necrosis"
"GGCCATGGTCGACTAC-1","Tumor cells in mucosa and submucosa"
"GGCCATTGGTATCGCC-1","Other"
"GGCCGACCATCATACA-1","Non-neoplastic colon"
"GGCCGACTAATATGAG-1","Tumor stroma in muscularis propria"
"GGCCGACTCGAGTCAC-1","Tumor stroma in mucosa and submucosa"
"GGCCGATAACATCTTG-1","Tumor cells in mucosa and submucosa"
"GGCCGCCAGAAGTTCG-1","Tumor cells in mucosa and submucosa"
"GGCCGCCATCACTGAA-1","Tumor cells in mucosa and submucosa"
"GGCCGCCTTATGCAGC-1","Non-neoplastic colon"
"GGCCGCTATCCACGCC-1","Non-neoplastic colon"
"GGCCGGAGGCCAACAG-1","Tumor cells in muscularis propria"
"GGCCGGCAGCCTGAGT-1","Non-neoplastic colon"
"GGCCGGCTCAGACACG-1","Non-neoplastic colon"
"GGCCTATCGTCCTCTG-1","Tumor cells in mucosa and submucosa"
"GGCCTCTTGGCGTTCA-1","Tumor stroma at tumor invasive front/border"
"GGCCTGATGTAGGCAC-1","Tumor cells in mucosa and submucosa"
"GGCCTTACCGCTAGTT-1","Tumor stroma in mucosa and submucosa"
"GGCCTTCGTTACTATC-1","Tumor cells in mucosa and submucosa"
"GGCGAAGTACCATTGC-1","Tumor cells in muscularis propria"
"GGCGACAACTTGTCTA-1","Non-neoplastic colon"
"GGCGACATTCGGCCAT-1","Tumor stroma in mucosa and submucosa"
"GGCGACCAGCAATCCA-1","Tumor stroma in mucosa and submucosa"
"GGCGACCAGCGGATGT-1","Tumor cells in mucosa and submucosa"
"GGCGACCATCAGACTG-1","Tumor cells in mucosa and submucosa"
"GGCGACCTGACAGATC-1","Non-neoplastic colon"
"GGCGACGCGTGACGGT-1","Tumor cells in mucosa and submucosa"
"GGCGACGTCATGGCTC-1","Tumor cells in muscularis propria"
"GGCGACTCGAGCTAAC-1","Tumor cells in mucosa and submucosa"
"GGCGACTCGTATCGAG-1","Tumor cells in mucosa and submucosa"
"GGCGACTTATCAATCC-1","Tumor cells in muscularis propria"
"GGCGCAAGTACTTCTG-1","Tumor stroma in muscularis propria"
"GGCGCACCGGTTGAAT-1","Tumor cells in mucosa and submucosa"
"GGCGCAGAAGTTGGAC-1","Tumor cells in subserosa"
"GGCGCAGAGCTCCTGC-1","Tumor cells in mucosa and submucosa"
"GGCGCAGGCATCAAGC-1","Non-neoplastic colon"
"GGCGCAGGTTCCTTAC-1","Non-neoplastic colon"
"GGCGCCAACATGAATT-1","Tumor cells in mucosa and submucosa"
"GGCGCCACAGCAGTCT-1","Tumor cells in mucosa and submucosa"
"GGCGCCACAGGTACGG-1","Non-neoplastic colon"
"GGCGCCAGGATGTAAC-1","Non-neoplastic colon"
"GGCGCCGTTGCGCAAT-1","Tumor stroma in mucosa and submucosa"
"GGCGCCTACGAATGAA-1","LVI"
"GGCGCCTCTAAGACCG-1","Non-neoplastic colon"
"GGCGCCTTCTCATCCG-1","Tumor cells in mucosa and submucosa"
"GGCGCCTTGAGCAGCG-1","Tumor stroma in mucosa and submucosa"
"GGCGCTCAGAACTTCT-1","Non-neoplastic colon"
"GGCGCTCAGCCATAGT-1","Non-neoplastic colon"
"GGCGCTCATCAAGCAC-1","Non-neoplastic colon"
"GGCGCTTCTGGTTCCG-1","Non-neoplastic colon"
"GGCGGAAGCACCGGTG-1","Non-neoplastic colon"
"GGCGGAAGTCGGTCGG-1","Tumor cells in mucosa and submucosa"
"GGCGGACACGCTAACT-1","Other"
"GGCGGACGGTCTATGT-1","Non-neoplastic colon"
"GGCGGAGGACGTCTGT-1","Tumor cells in mucosa and submucosa"
"GGCGGAGTCTAATCAA-1","Non-neoplastic colon"
"GGCGGATACCGCTCCT-1","Tumor stroma in muscularis propria"
"GGCGGATATGCCGAAG-1","Non-neoplastic colon"
"GGCGGATTATGCTGCG-1","Non-neoplastic colon"
"GGCGGATTGCACGTAT-1","Non-neoplastic colon"
"GGCGGTCACTTCTACA-1","Tumor stroma in mucosa and submucosa"
"GGCGTGAAGCAAGTTC-1","Non-neoplastic colon"
"GGCGTGAATCGGTTCG-1","Non-neoplastic colon"
"GGCGTGAGAAGTATCA-1","Tumor stroma in mucosa and submucosa"
"GGCGTGAGCTAGTGCG-1","Non-neoplastic colon"
"GGCGTGAGGAGCCGAA-1","Non-neoplastic colon"
"GGCGTGAGGTCTTAAG-1","Non-neoplastic colon"
"GGCGTGAGTGTCGTTC-1","Tumor stroma in mucosa and submucosa"
"GGCGTGCGTCCGTGCA-1","Tumor cells in subserosa"
"GGCGTGGCCAAGGTAT-1","Tumor stroma in mucosa and submucosa"
"GGCGTGTAAGCATGTC-1","Tumor cells in muscularis propria"
"GGCGTGTTAATAGGAA-1","Tumor stroma in subserosa"
"GGCGTGTTCTGTCTGG-1","Tumor cells in muscularis propria"
"GGCGTTCGGTTAGGCG-1","Non-neoplastic colon"
"GGCGTTCTCATGGTCC-1","Tumor stroma in subserosa"
"GGCGTTGGAATGTCCG-1","Non-neoplastic colon"
"GGCTAAGGCATTGGAT-1","Tumor cells in muscularis propria"
"GGCTACGATTACTAGA-1","Non-neoplastic colon"
"GGCTACGTCGTACGGT-1","Tumor stroma in muscularis propria"
"GGCTACTGCCGCCTTC-1","Tumor cells in mucosa and submucosa"
"GGCTAGTGATCTCCTT-1","Tumor stroma in mucosa and submucosa"
"GGCTAGTTGTATGACT-1","Tumor cells in mucosa and submucosa"
"GGCTATCGGTAGGACG-1","Tumor stroma in mucosa and submucosa"
"GGCTCAACGAGTCCTC-1","Non-neoplastic colon"
"GGCTCAATGACGTAAT-1","Necrosis"
"GGCTCACTCATAACCA-1","Non-neoplastic colon"
"GGCTCAGCCGTGTTAT-1","Non-neoplastic colon"
"GGCTCAGTATTATCTT-1","Tumor stroma in muscularis propria"
"GGCTCAGTGACCTGTC-1","Tumor stroma in mucosa and submucosa"
"GGCTCATAGATAGGAG-1","Non-neoplastic colon"
"GGCTCATATCTGATAC-1","Tumor cells in mucosa and submucosa"
"GGCTCGCCTCGGTTAT-1","Necrosis"
"GGCTCGCCTCTAAGGT-1","Tumor stroma in subserosa"
"GGCTCGTAGAACGCCT-1","Tumor stroma at tumor invasive front/border"
"GGCTGACGGAACAACC-1","Non-neoplastic colon"
"GGCTGACGTGCCTCGA-1","Tumor cells at tumor invasive front/border"
"GGCTGAGCCTCAACGG-1","Tumor cells in mucosa and submucosa"
"GGCTGAGCTTGCGTGC-1","Non-neoplastic colon"
"GGCTGCATAGATTCGT-1","Non-neoplastic colon"
"GGCTGCTCGAAGGTAT-1","Non-neoplastic colon"
"GGCTGCTCGATCATTA-1","Tumor cells in mucosa and submucosa"
"GGCTGCTCTATTGGCC-1","Tumor cells in subserosa"
"GGCTGGACGCTCTAAT-1","Tumor cells in mucosa and submucosa"
"GGCTGGACTGTCGTCT-1","Tumor cells in mucosa and submucosa"
"GGCTGGCTAGGCCAAT-1","Necrosis"
"GGCTGGTGAGACTTGC-1","Tumor cells in muscularis propria"
"GGCTTCACCAACCATG-1","Non-neoplastic colon"
"GGCTTCATTCGCAAGA-1","Non-neoplastic colon"
"GGCTTCTGGACATATT-1","Tumor stroma in mucosa and submucosa"
"GGCTTGAACGGATGTT-1","Tumor cells in mucosa and submucosa"
"GGCTTGTTCAATGTAC-1","LVI"
"GGTAACCTATCGCTAA-1","Necrosis"
"GGTAACTCCTAATGCC-1","Non-neoplastic colon"
"GGTAACTCTATGACGG-1","Tumor cells in muscularis propria"
"GGTAACTCTTATCACG-1","Tumor stroma in subserosa"
"GGTAAGATGCCTTGCT-1","Tumor stroma in muscularis propria"
"GGTAAGCCGCTACAAC-1","Non-neoplastic colon"
"GGTAAGCCGCTTACGA-1","Non-neoplastic colon"
"GGTAAGCCTTCGGTCT-1","Tumor cells at tumor invasive front/border"
"GGTACCACTTGCTAAT-1","Non-neoplastic colon"
"GGTACCATAGTGCACG-1","Non-neoplastic colon"
"GGTACCATGAAGACAG-1","Non-neoplastic colon"
"GGTACCGCATCAATGG-1","Tumor cells in mucosa and submucosa"
"GGTACCGTTGCGTACA-1","Non-neoplastic colon"
"GGTACCTAACAGCCTA-1","Non-neoplastic colon"
"GGTACCTACGAGGTCT-1","Tumor cells in mucosa and submucosa"
"GGTACCTCAAGGTTGT-1","Tumor cells in mucosa and submucosa"
"GGTACCTTAGGCTCAG-1","Tumor cells in muscularis propria"
"GGTACCTTCACGTCGA-1","Tumor cells in mucosa and submucosa"
"GGTACCTTGACTATTA-1","Non-neoplastic colon"
"GGTACGATGTTCTGTA-1","Necrosis"
"GGTACGGCTACTCGCT-1","Tumor stroma in subserosa"
"GGTACGGTATTACTCC-1","Tumor cells in muscularis propria"
"GGTACGGTATTCAATT-1","Tumor cells in subserosa"
"GGTACGTCCAATAGGC-1","Tumor cells in subserosa"
"GGTACTAACGTGAACT-1","Non-neoplastic colon"
"GGTAGACCAGAACGCT-1","Tumor cells in mucosa and submucosa"
"GGTAGAGTTCCACGAA-1","Tumor cells in mucosa and submucosa"
"GGTAGCAATTGGTTCT-1","Tumor cells in subserosa"
"GGTAGCATCTGTATGT-1","Tumor cells in subserosa"
"GGTAGCCACGAACTCA-1","Non-neoplastic colon"
"GGTAGCCTGCATAGCG-1","Non-neoplastic colon"
"GGTAGCGGAGCAATCT-1","Non-neoplastic colon"
"GGTAGCGGCACGCCTT-1","Non-neoplastic colon"
"GGTAGCGTACGCCACC-1","Non-neoplastic colon"
"GGTAGCGTTACGGTCT-1","Non-neoplastic colon"
"GGTAGCTAATTGAATT-1","Tumor cells in mucosa and submucosa"
"GGTAGCTGGATGTTAT-1","Tumor cells in muscularis propria"
"GGTAGGCGTACGAATA-1","Necrosis"
"GGTAGGTAGCCAGTAT-1","Necrosis"
"GGTAGGTCAGTCCACT-1","Tumor cells at tumor invasive front/border"
"GGTAGTACTATCCTAC-1","Tumor cells in mucosa and submucosa"
"GGTAGTCCTGGTCTAA-1","Non-neoplastic colon"
"GGTAGTGAAGTCTATG-1","Tumor cells in mucosa and submucosa"
"GGTAGTGCTTCGCAGA-1","Non-neoplastic colon"
"GGTAGTTGCAGATTGT-1","Tumor cells in muscularis propria"
"GGTAGTTGCCTGCAGT-1","Non-neoplastic colon"
"GGTATGAGTGGTCGTG-1","Non-neoplastic colon"
"GGTATGATAACCGAAG-1","Tumor cells in subserosa"
"GGTATGGACTATGGTG-1","Non-neoplastic colon"
"GGTATGGAGTCTGCAC-1","Tumor cells in muscularis propria"
"GGTATGTAACTTACCA-1","Tumor cells in mucosa and submucosa"
"GGTATTCGAATCCAAC-1","Non-neoplastic colon"
"GGTCAATATGTAAGTT-1","Tumor stroma in mucosa and submucosa"
"GGTCACATAGATACTT-1","Tumor cells in mucosa and submucosa"
"GGTCACGGCTGAATTG-1","Tumor stroma in muscularis propria"
"GGTCAGCCTTGTAGAC-1","Tumor cells in mucosa and submucosa"
"GGTCCGTATCTGACGT-1","Necrosis"
"GGTCCTAGAACATCGT-1","Tumor stroma in muscularis propria"
"GGTCCTCACGTCTTGA-1","Tumor cells in mucosa and submucosa"
"GGTCCTCAGTCAGAAC-1","Tumor cells in subserosa"
"GGTCCTCGATGCTCAA-1","Tumor cells in subserosa"
"GGTCCTGCTATTGTAA-1","Tumor cells in subserosa"
"GGTCCTTGTTCTTAAC-1","Tumor stroma in muscularis propria"
"GGTCGCTCCGACCTGT-1","Non-neoplastic colon"
"GGTCGCTCCTCAGGAC-1","Tumor cells in mucosa and submucosa"
"GGTCGCTCTACTATGG-1","Tumor cells in mucosa and submucosa"
"GGTCTAACGCTTGTAT-1","Tumor cells in subserosa"
"GGTCTAAGCCGATGGT-1","Other"
"GGTCTAGTTATGAATC-1","Tumor cells in mucosa and submucosa"
"GGTCTATCAAGGTGAT-1","Non-neoplastic colon"
"GGTCTATCGCACCTTA-1","Tumor cells in mucosa and submucosa"
"GGTCTATTCCTCCGCC-1","Tumor cells in mucosa and submucosa"
"GGTCTGAACTTGGCTG-1","Tumor cells in mucosa and submucosa"
"GGTCTGCATTATCACT-1","Tumor stroma in mucosa and submucosa"
"GGTCTGTACTAATTCT-1","Non-neoplastic colon"
"GGTCTGTTATTGGAGT-1","Non-neoplastic colon"
"GGTCTGTTCATGGTCA-1","Tumor cells in mucosa and submucosa"
"GGTCTGTTGGTGAGGA-1","Non-neoplastic colon"
"GGTCTTAGACATGTGC-1","Tumor cells in muscularis propria"
"GGTCTTAGGAGCCAGA-1","Tumor stroma in muscularis propria"
"GGTCTTAGGATTAGTA-1","Tumor stroma in muscularis propria"
"GGTCTTAGGCATTGAG-1","Non-neoplastic colon"
"GGTCTTCCGCTGGTGA-1","Tumor cells in mucosa and submucosa"
"GGTCTTCCTACGTCCA-1","Non-neoplastic colon"
"GGTCTTGCACTGATAC-1","Non-neoplastic colon"
"GGTGAATACCTGCGGT-1","Non-neoplastic colon"
"GGTGAGACTTAGTTCA-1","Tumor cells in subserosa"
"GGTGAGCCACATAACC-1","Tumor stroma at tumor invasive front/border"
"GGTGAGTCAGTACGAA-1","Tumor stroma in mucosa and submucosa"
"GGTGATAATCACCTAA-1","Tumor stroma in muscularis propria"
"GGTGATACAGCATGAT-1","Non-neoplastic colon"
"GGTGATACTCAACCGC-1","Tumor stroma in mucosa and submucosa"
"GGTGATCAACCGATCT-1","Tumor stroma in mucosa and submucosa"
"GGTGATCGACGCTTGT-1","Tumor stroma in subserosa"
"GGTGATCGAGATAAGG-1","Tumor stroma in mucosa and submucosa"
"GGTGATGGCTAGTTGT-1","Tumor stroma in muscularis propria"
"GGTGATGGCTGCGATC-1","Tumor cells in mucosa and submucosa"
"GGTGATGTTCACGTCC-1","Tumor cells in mucosa and submucosa"
"GGTGATTCTGTCTTAG-1","Tumor cells in mucosa and submucosa"
"GGTGCAACGGTCGCCA-1","Non-neoplastic colon"
"GGTGCAACTGGCAACG-1","Tumor cells in mucosa and submucosa"
"GGTGCACGAATTCAGC-1","Tumor cells in subserosa"
"GGTGCAGGCAAGATCT-1","Non-neoplastic colon"
"GGTGCATGAACATATT-1","Non-neoplastic colon"
"GGTGCATGCGTCCAAT-1","Non-neoplastic colon"
"GGTGCGACAGCAGAAG-1","Tumor stroma in mucosa and submucosa"
"GGTGCGAGATGCTGGC-1","Non-neoplastic colon"
"GGTGCGAGTGAAGTTG-1","Tumor stroma in muscularis propria"
"GGTGCGATCCGCAAGG-1","Tumor cells in mucosa and submucosa"
"GGTGCGCATAGACATC-1","Tumor stroma in muscularis propria"
"GGTGCGTAATGACCAC-1","Non-neoplastic colon"
"GGTGCGTAGGTCAGAC-1","Tumor cells in muscularis propria"
"GGTGGACGGACACCAG-1","Non-neoplastic colon"
"GGTGGATTCTCGTTAT-1","Tumor cells in mucosa and submucosa"
"GGTGGCACCGCTGGTA-1","Tumor cells in muscularis propria"
"GGTGTATGATCTAGGA-1","Tumor cells in mucosa and submucosa"
"GGTGTATGTAAGTTAC-1","Non-neoplastic colon"
"GGTGTCAGACGGTTGA-1","Non-neoplastic colon"
"GGTGTCCGAGCTCCAA-1","Tumor stroma in subserosa"
"GGTGTCCGGCTCCATT-1","Tumor cells in mucosa and submucosa"
"GGTGTCGCACAATGAA-1","Tumor cells in muscularis propria"
"GGTGTCGCACGCATGC-1","Tumor stroma in mucosa and submucosa"
"GGTGTCGCCGTTATCA-1","Tumor stroma in subserosa"
"GGTGTCGGCGGTAGTC-1","Tumor cells in mucosa and submucosa"
"GGTGTCGTAGCACCGT-1","Tumor stroma in subserosa"
"GGTGTTCTGACAGTAC-1","Non-neoplastic colon"
"GGTTAACGCCTGGTGC-1","Non-neoplastic colon"
"GGTTAATCGTAGACCA-1","Non-neoplastic colon"
"GGTTACAACTGTACTG-1","Non-neoplastic colon"
"GGTTACATCGTGGACT-1","Tumor cells in mucosa and submucosa"
"GGTTACGTCAAGCAGG-1","Tumor stroma in muscularis propria"
"GGTTACGTCCACGGCA-1","Non-neoplastic colon"
"GGTTACTAACTACGTC-1","Tumor stroma in mucosa and submucosa"
"GGTTACTACGGCTCGG-1","Non-neoplastic colon"
"GGTTAGACCTTGAGCG-1","Tumor cells at tumor invasive front/border"
"GGTTAGACGTCTATGG-1","Tumor cells in muscularis propria"
"GGTTAGACTACAATCC-1","Tumor stroma in subserosa"
"GGTTAGGAGTCACTGA-1","Tumor cells in mucosa and submucosa"
"GGTTAGGTACAGCGGC-1","Non-neoplastic colon"
"GGTTATAATCACGCTC-1","Tumor cells in subserosa"
"GGTTATAATCTAACGT-1","Tumor stroma in subserosa"
"GGTTCAAGCAGTTAGG-1","Non-neoplastic colon"
"GGTTCACGATGTACGG-1","Non-neoplastic colon"
"GGTTCAGACATGGCTC-1","Tumor cells in mucosa and submucosa"
"GGTTCAGACCGTAGTC-1","Tumor stroma in mucosa and submucosa"
"GGTTCATTGTTCCTGC-1","Tumor stroma in mucosa and submucosa"
"GGTTCCAGCTACCACT-1","Tumor stroma in mucosa and submucosa"
"GGTTCCGTCACTGTTG-1","Non-neoplastic colon"
"GGTTCCTCCGTGTCGT-1","PNI"
"GGTTCCTGTCGTTCGC-1","Tumor cells in mucosa and submucosa"
"GGTTCTAGGTCTCGGT-1","Non-neoplastic colon"
"GGTTCTATGACGGAGC-1","Non-neoplastic colon"
"GGTTCTATGCAAGTAC-1","Tumor cells in mucosa and submucosa"
"GGTTCTATTAAGCGCT-1","Non-neoplastic colon"
"GGTTCTATTCGCTGAA-1","Non-neoplastic colon"
"GGTTCTCGAACGTTGC-1","Tumor stroma in muscularis propria"
"GGTTCTCGGCATCTAT-1","Non-neoplastic colon"
"GGTTCTCGTAAGAATG-1","Other"
"GGTTCTCGTTCCGTCG-1","Tumor cells in mucosa and submucosa"
"GGTTCTGCACATCGAA-1","Tumor stroma at tumor invasive front/border"
"GGTTCTGCCAGGCCTA-1","Tumor cells in mucosa and submucosa"
"GGTTCTGGTACATGCG-1","Tumor cells in mucosa and submucosa"
"GGTTCTGGTTGTATTG-1","Non-neoplastic colon"
"GGTTCTGTCCAGATGC-1","Necrosis"
"GGTTCTTAACCAAGTG-1","Tumor stroma in mucosa and submucosa"
"GGTTGACAATCTAAGT-1","Tumor cells in mucosa and submucosa"
"GGTTGACGAACGGTCG-1","Tumor stroma in muscularis propria"
"GGTTGATAGACAGACG-1","Non-neoplastic colon"
"GGTTGATAGGATCAAG-1","Non-neoplastic colon"
"GGTTGCCTCATCTGGT-1","Non-neoplastic colon"
"GGTTGCCTTGCCGTTC-1","Tumor stroma in muscularis propria"
"GGTTGCGAGTGACATT-1","Tumor stroma in muscularis propria"
"GGTTGCGTCAGATATG-1","Non-neoplastic colon"
"GGTTGCGTGGCACGTG-1","Tumor stroma in subserosa"
"GGTTGCTGAAGAGGTG-1","Necrosis"
"GGTTGCTGCCAGCTGA-1","Tumor stroma in muscularis propria"
"GGTTGCTGTTCAGCCG-1","Non-neoplastic colon"
"GGTTGTACTTCCGGTA-1","Tumor cells in mucosa and submucosa"
"GGTTGTCAGCTTCACT-1","Tumor stroma in muscularis propria"
"GGTTGTCTATGCACAG-1","Tumor cells in mucosa and submucosa"
"GGTTGTCTGTCCGACC-1","Tumor cells in mucosa and submucosa"
"GGTTGTTCCGGCAAGG-1","Tumor cells in mucosa and submucosa"
"GTAACACCATACGCGA-1","Tumor cells in mucosa and submucosa"
"GTAACACGCTAAGGCG-1","Tumor stroma in mucosa and submucosa"
"GTAACACGGAAGCTGT-1","Tumor stroma in muscularis propria"
"GTAACACTACAAGAGT-1","Non-neoplastic colon"
"GTAACACTATTAGTAC-1","Non-neoplastic colon"
"GTAACACTCAGATCCG-1","Non-neoplastic colon"
"GTAACACTCCATCCAT-1","Tumor stroma at tumor invasive front/border"
"GTAACACTGACTTAAT-1","Non-neoplastic colon"
"GTAACACTTATGTCGT-1","Non-neoplastic colon"
"GTAACAGGAAGCACGC-1","Tumor cells in muscularis propria"
"GTAACAGGCATAGTAT-1","Tumor cells in mucosa and submucosa"
"GTAACAGGCCTCAAGT-1","Non-neoplastic colon"
"GTAACAGTAGACTTCC-1","Non-neoplastic colon"
"GTAACAGTAGCTGCTT-1","Tumor cells in mucosa and submucosa"
"GTAACAGTATTGAGTC-1","Tumor cells in mucosa and submucosa"
"GTAACAGTTAGTCTGT-1","Non-neoplastic colon"
"GTAACATAATCTCAAT-1","Tumor cells in mucosa and submucosa"
"GTAACATAGGACTTAG-1","Non-neoplastic colon"
"GTAACATCAATAACGG-1","Non-neoplastic colon"
"GTAACATCAGCTATTC-1","Tumor stroma in muscularis propria"
"GTAACATGACGAGCAA-1","Tumor stroma in mucosa and submucosa"
"GTAACATGGTATTGTT-1","Non-neoplastic colon"
"GTAACATGGTCCATTG-1","Tumor stroma in subserosa"
"GTAACATGTATCCATA-1","Tumor stroma in subserosa"
"GTAACCACAGCACGAC-1","Other"
"GTAACCACGGAACTTA-1","Tumor cells in mucosa and submucosa"
"GTAACCATAACTAGGA-1","Tumor stroma in subserosa"
"GTAACCATCTAATTAA-1","Non-neoplastic colon"
"GTAACCGCTCGGTGAC-1","Tumor stroma in subserosa"
"GTAACCGGTGATTATG-1","Tumor stroma at tumor invasive front/border"
"GTAACCTAGTTCCATT-1","Tumor stroma in mucosa and submucosa"
"GTAACCTGCCGCATTC-1","Tumor stroma in muscularis propria"
"GTAACCTGTTAGCTGA-1","Necrosis"
"GTAACGGACACGCTAT-1","Non-neoplastic colon"
"GTAACGTACCGATTCC-1","Tumor stroma in subserosa"
"GTAACGTGGCGGAGGC-1","Tumor stroma in subserosa"
"GTAACGTTACAGACGG-1","Tumor cells in mucosa and submucosa"
"GTAAGTAACGAGATAG-1","Non-neoplastic colon"
"GTAAGTAGGCGACACT-1","Tumor cells in muscularis propria"
"GTAAGTATCATAGGCG-1","Tumor stroma in subserosa"
"GTAAGTATCCGCAGAT-1","Tumor stroma in subserosa"
"GTAAGTATGTCGTTAC-1","Tumor stroma in subserosa"
"GTAAGTCAAGGACAGA-1","Tumor stroma in muscularis propria"
"GTAAGTCTAGCCTTGA-1","Tumor stroma in subserosa"
"GTAAGTGATGAGTCTG-1","Non-neoplastic colon"
"GTAAGTGATTGGTAAC-1","Tumor cells in muscularis propria"
"GTAAGTGCCGAGAAGT-1","Tumor cells in mucosa and submucosa"
"GTAAGTTGAGGCTTAT-1","Tumor stroma in mucosa and submucosa"
"GTAATAAGCACCAATG-1","Tumor cells in subserosa"
"GTAATAGTGCCGATCG-1","Non-neoplastic colon"
"GTAATATTCCAGACAA-1","Non-neoplastic colon"
"GTAATCTGGTCATGCA-1","Tumor cells in mucosa and submucosa"
"GTAATGAGATGTTAGT-1","PNI"
"GTAATGAGTATGCCTA-1","Non-neoplastic colon"
"GTAATGAGTTCCTCAC-1","Tumor stroma in mucosa and submucosa"
"GTAATGCCACTGTATT-1","Tumor cells at tumor invasive front/border"
"GTAATGCGAAGCCTTA-1","Non-neoplastic colon"
"GTAATGCGGAAGTAGA-1","Tumor stroma in mucosa and submucosa"
"GTAATGGACCGCGACC-1","Non-neoplastic colon"
"GTACAAGATACTAGAT-1","PNI"
"GTACAAGCGTAACCTA-1","Tumor cells in subserosa"
"GTACAGAACATTAGGA-1","Tumor cells at tumor invasive front/border"
"GTACAGACCGTGCTAC-1","Tumor cells in subserosa"
"GTACAGACTTAGTAGC-1","Tumor cells in mucosa and submucosa"
"GTACAGATGGAGACTT-1","Tumor cells in subserosa"
"GTACAGCCTATCGACT-1","Other"
"GTACAGCCTGAATGTC-1","Non-neoplastic colon"
"GTACAGCGATCACGAT-1","Tumor cells in mucosa and submucosa"
"GTACAGCGCATTGTAA-1","Tumor stroma in muscularis propria"
"GTACAGGACACCGATT-1","Non-neoplastic colon"
"GTACAGGACGTTACCT-1","Tumor stroma in muscularis propria"
"GTACAGGAGTCGATCC-1","Other"
"GTACAGGTGCACTCAC-1","Non-neoplastic colon"
"GTACAGGTTCGTAGGC-1","Tumor stroma in muscularis propria"
"GTACAGTAACAGGCGA-1","Tumor stroma at tumor invasive front/border"
"GTACAGTAATCTTAGG-1","Non-neoplastic colon"
"GTACAGTCATCGGTGC-1","Tumor stroma at tumor invasive front/border"
"GTACAGTCCGGCTAGG-1","Tumor cells in muscularis propria"
"GTACATCGCATACACC-1","Tumor cells in mucosa and submucosa"
"GTACATGAATGTCTCC-1","Necrosis"
"GTACATTGACAGCGAA-1","Tumor stroma in muscularis propria"
"GTACCGAATGTAACGC-1","Tumor stroma in muscularis propria"
"GTACCTACAGCGATGT-1","Tumor stroma in subserosa"
"GTACCTACTCACAGGT-1","Tumor cells in muscularis propria"
"GTACCTACTGCCGGAC-1","Tumor cells in muscularis propria"
"GTACCTACTTAGTCCA-1","Tumor cells in muscularis propria"
"GTACCTCACCTTATTG-1","Non-neoplastic colon"
"GTACCTCCGCAGCTCA-1","Tumor stroma in subserosa"
"GTACCTCCTACGAACA-1","Non-neoplastic colon"
"GTACCTGGAGGTTGCT-1","Tumor cells in mucosa and submucosa"
"GTACCTGTTAATTAGT-1","Tumor stroma in muscularis propria"
"GTACCTTCACTGGTTA-1","Tumor stroma in subserosa"
"GTACCTTCCTGCATCA-1","Non-neoplastic colon"
"GTACCTTCTAATGTAC-1","Tumor stroma in subserosa"
"GTACCTTCTATCTGCC-1","Tumor cells in subserosa"
"GTACGAACGCCGAATG-1","Non-neoplastic colon"
"GTACGAACGTAATATT-1","Non-neoplastic colon"
"GTACGACAAGACAGCA-1","Tumor cells in mucosa and submucosa"
"GTACGACAAGCACTAT-1","Tumor cells in mucosa and submucosa"
"GTACGACATTATGCGT-1","Non-neoplastic colon"
"GTACGACCGACTGCGA-1","Non-neoplastic colon"
"GTACGAGGTGCTCCGA-1","Non-neoplastic colon"
"GTACGAGTCCGGAATC-1","Tumor stroma at tumor invasive front/border"
"GTACGATACTTACGGT-1","Non-neoplastic colon"
"GTACGATTACCTATCA-1","Tumor cells in mucosa and submucosa"
"GTACGATTGCACGCAA-1","Non-neoplastic colon"
"GTACGCAATCCACCGT-1","Non-neoplastic colon"
"GTACGCAATCGGTGCC-1","Non-neoplastic colon"
"GTACGCAATGTTGCCT-1","Necrosis"
"GTACGCACTGGCCTAT-1","Non-neoplastic colon"
"GTACGCAGCGGTTCTG-1","Necrosis"
"GTACGCAGGTACCATA-1","Tumor cells in muscularis propria"
"GTACGCGAGGTCAACG-1","Non-neoplastic colon"
"GTACGCGATATGGTAG-1","Non-neoplastic colon"
"GTACGCTCGGAGCGTG-1","Tumor cells in mucosa and submucosa"
"GTACGCTCTTGGCACG-1","Non-neoplastic colon"
"GTACTAGACAATGTAC-1","Tumor stroma in subserosa"
"GTACTCGAGCGTGACA-1","Tumor stroma in subserosa"
"GTACTCTAGACGTAGT-1","Tumor cells in subserosa"
"GTACTGTCCAGCCTTG-1","Tumor cells in mucosa and submucosa"
"GTACTTAACCTGTCCA-1","Tumor stroma in mucosa and submucosa"
"GTACTTACGGTTCTTA-1","Tumor cells in mucosa and submucosa"
"GTACTTAGCCACGCTT-1","Non-neoplastic colon"
"GTACTTCCATAAGTAC-1","Non-neoplastic colon"
"GTACTTCGAGACCGTG-1","Other"
"GTACTTCGCCATCTAT-1","Other"
"GTACTTCGCCTCTATG-1","Tumor cells in mucosa and submucosa"
"GTACTTCTTGGTTAAC-1","Tumor cells in mucosa and submucosa"
"GTACTTGTCTGTTGGC-1","Tumor cells in mucosa and submucosa"
"GTACTTGTGCGTGCAT-1","Tumor stroma in muscularis propria"
"GTACTTGTGGCGTACG-1","Tumor cells in mucosa and submucosa"
"GTAGAACAAGCGCACT-1","Tumor stroma in subserosa"
"GTAGAAGTGACAGGTG-1","Non-neoplastic colon"
"GTAGAATTACTTCAGC-1","Tumor cells in mucosa and submucosa"
"GTAGACAAGCATTCAG-1","Non-neoplastic colon"
"GTAGACAAGCTCACGC-1","Tumor cells in muscularis propria"
"GTAGACAAGTGCCTGT-1","Non-neoplastic colon"
"GTAGACGGCAAGTACA-1","Non-neoplastic colon"
"GTAGACGGCGGATTGT-1","Tumor cells in mucosa and submucosa"
"GTAGACGGCGTGAGCT-1","Tumor stroma in muscularis propria"
"GTAGACGTACGGTGTC-1","Tumor stroma in mucosa and submucosa"
"GTAGACGTGCCACCAT-1","Non-neoplastic colon"
"GTAGACTCCGATCTAC-1","Tumor stroma in mucosa and submucosa"
"GTAGACTCCTGAATTC-1","Non-neoplastic colon"
"GTAGACTCGCAGTACC-1","Tumor stroma in subserosa"
"GTAGACTCTATCGCGA-1","Non-neoplastic colon"
"GTAGCAACCGGTTATT-1","Tumor cells in mucosa and submucosa"
"GTAGCAACGTGCTAGA-1","Non-neoplastic colon"
"GTAGCAACTGTTGACG-1","Non-neoplastic colon"
"GTAGCACCAGTGCTGG-1","Tumor cells in mucosa and submucosa"
"GTAGCACCTCGATCAC-1","Tumor cells in muscularis propria"
"GTAGCACGACTCACTG-1","Tumor stroma in muscularis propria"
"GTAGCACGTTACCATT-1","Tumor cells in mucosa and submucosa"
"GTAGCAGACGGCCAAC-1","Tumor cells in mucosa and submucosa"
"GTAGCAGAGTTATGTA-1","Tumor cells in muscularis propria"
"GTAGCAGATGGTTGTC-1","Tumor stroma in muscularis propria"
"GTAGCATACCGTCTTA-1","Tumor cells in muscularis propria"
"GTAGCATACCTAGCGA-1","Tumor stroma in muscularis propria"
"GTAGCATCTATCCTCG-1","Tumor cells in subserosa"
"GTAGCCACAAGCTTAG-1","Non-neoplastic colon"
"GTAGCCGCATTAGAAG-1","Non-neoplastic colon"
"GTAGCCTCGTGCAGAT-1","Tumor cells in muscularis propria"
"GTAGCGACTAACTATG-1","Tumor cells in muscularis propria"
"GTAGCGATGGAATAGA-1","Non-neoplastic colon"
"GTAGCGCCAACTTGAT-1","Tumor cells in mucosa and submucosa"
"GTAGCGCTATCGGATA-1","Tumor cells in mucosa and submucosa"
"GTAGCGCTGACATTAA-1","Tumor stroma in muscularis propria"
"GTAGCGGTATCGTGCG-1","Non-neoplastic colon"
"GTAGCGGTTGGTACAA-1","Tumor cells in mucosa and submucosa"
"GTAGCGTAGGATAGTG-1","Non-neoplastic colon"
"GTAGCGTGCTACAGAA-1","Tumor stroma in mucosa and submucosa"
"GTAGGACTAATCCACG-1","Non-neoplastic colon"
"GTAGGACTTGATAATT-1","Non-neoplastic colon"
"GTAGGAGCTTGTAGCG-1","Non-neoplastic colon"
"GTAGGATTCCTTCGAG-1","Non-neoplastic colon"
"GTAGGCTGACAAGCTA-1","Tumor stroma in subserosa"
"GTAGGTCCACTCAAGC-1","Non-neoplastic colon"
"GTAGGTGACCTCCACC-1","Tumor cells in muscularis propria"
"GTAGGTGACGGCCTGT-1","Tumor stroma in subserosa"
"GTAGGTGATCGACGCA-1","Necrosis"
"GTAGTCACCAGGAACG-1","Tumor stroma in subserosa"
"GTAGTCTACATTAGCA-1","Non-neoplastic colon"
"GTAGTGAACTAATAGG-1","Non-neoplastic colon"
"GTAGTTGTCGCTATTA-1","Tumor stroma in mucosa and submucosa"
"GTATAACTACGCACTC-1","Tumor stroma in mucosa and submucosa"
"GTATAACTGCGTTACA-1","Tumor cells in subserosa"
"GTATAACTTGAATTGC-1","Other"
"GTATAAGGAACGACCG-1","Tumor cells in subserosa"
"GTATAATCGAGGCTTG-1","Tumor cells in muscularis propria"
"GTATAATCGGCACCTT-1","Tumor cells at tumor invasive front/border"
"GTATACAGCCGTCATG-1","Tumor stroma in muscularis propria"
"GTATACAGTCCTGGTT-1","Tumor stroma in subserosa"
"GTATACCGATGTATTG-1","Tumor cells in muscularis propria"
"GTATACCGCTCACTGC-1","Tumor stroma in muscularis propria"
"GTATACGACCGAAGTA-1","Tumor cells in mucosa and submucosa"
"GTATACGACTTAGTCA-1","Non-neoplastic colon"
"GTATACGATATTCAAT-1","Non-neoplastic colon"
"GTATACGATCTGCCTC-1","Tumor stroma at tumor invasive front/border"
"GTATACGCACCATGCT-1","Tumor cells in mucosa and submucosa"
"GTATACGCCAGCTGGC-1","Tumor cells in mucosa and submucosa"
"GTATACGGAAGGAGGT-1","Tumor cells in mucosa and submucosa"
"GTATACTCTGGTAGGT-1","Tumor cells in mucosa and submucosa"
"GTATACTGCCAACTCA-1","Non-neoplastic colon"
"GTATACTTCTTAACTA-1","Tumor cells in mucosa and submucosa"
"GTATAGACCAATGCCG-1","Tumor cells in mucosa and submucosa"
"GTATAGCACCAGGTCT-1","Tumor stroma at tumor invasive front/border"
"GTATAGGATAGCGAAC-1","Tumor cells in muscularis propria"
"GTATAGTATCAACCTA-1","Non-neoplastic colon"
"GTATCGGTCCGTTAAC-1","Non-neoplastic colon"
"GTATCTAATATGAGGC-1","Tumor cells in muscularis propria"
"GTATCTATTCGTCTAT-1","Tumor cells in mucosa and submucosa"
"GTATCTGCTATTAACG-1","Tumor stroma in muscularis propria"
"GTATCTGGTGTCCTAT-1","Non-neoplastic colon"
"GTATCTGTAGATCATA-1","Non-neoplastic colon"
"GTATCTGTATAAGTGG-1","Tumor cells in muscularis propria"
"GTATCTGTTGGTGCGG-1","Necrosis"
"GTATGACCTCACAGGC-1","Non-neoplastic colon"
"GTATGACGGCTAAGAA-1","Non-neoplastic colon"
"GTATGATATGGCAAGC-1","Non-neoplastic colon"
"GTATGCACCTAACGGT-1","Tumor stroma in subserosa"
"GTATGCACTGTTACAA-1","Tumor stroma in subserosa"
"GTATGCCAACATTCTT-1","Tumor cells in mucosa and submucosa"
"GTATGCCACTATCCAA-1","Tumor cells in muscularis propria"
"GTATGCCGACGGTTCC-1","Tumor stroma in muscularis propria"
"GTATGCGACTGGTCGA-1","Tumor cells in subserosa"
"GTATGCGAGCAACGTT-1","Non-neoplastic colon"
"GTATGCGGTAACTCAG-1","Tumor stroma in mucosa and submucosa"
"GTATGGAGCCTGAGGT-1","Tumor cells in muscularis propria"
"GTATGGATGCAATTCC-1","Tumor stroma in subserosa"
"GTATGGCTCATTCTTG-1","Non-neoplastic colon"
"GTATGGTCATCTAACT-1","Non-neoplastic colon"
"GTATGGTGTCCTATAA-1","Tumor stroma in subserosa"
"GTATGGTTCAGAGCAT-1","Tumor stroma in mucosa and submucosa"
"GTATGTAGACAGATTA-1","Non-neoplastic colon"
"GTATGTCCGTCCATTC-1","Non-neoplastic colon"
"GTATGTCCTACCTCGA-1","Tumor cells in muscularis propria"
"GTATGTCCTGCGGCCT-1","Tumor cells in subserosa"
"GTATGTCCTGTCTGTT-1","Non-neoplastic colon"
"GTATGTCGCAGATAGG-1","Tumor cells in muscularis propria"
"GTATGTCGCTTGTTAT-1","Non-neoplastic colon"
"GTATGTCTACGCTAGT-1","Tumor cells in mucosa and submucosa"
"GTATGTCTCGGACCTG-1","Tumor cells in subserosa"
"GTATGTCTTCAATGCT-1","Non-neoplastic colon"
"GTATGTCTTCGCGTCA-1","Tumor cells in muscularis propria"
"GTATGTGCCGACGGAT-1","Non-neoplastic colon"
"GTATGTTAACGACCTC-1","Tumor cells in mucosa and submucosa"
"GTATGTTCAGGCTATG-1","Tumor cells in mucosa and submucosa"
"GTATGTTCGGATTCAA-1","Non-neoplastic colon"
"GTATGTTCTGCCATCA-1","Non-neoplastic colon"
"GTATGTTGATGTATGA-1","Non-neoplastic colon"
"GTATGTTGTAGTAACC-1","Non-neoplastic colon"
"GTATGTTGTCTGATGC-1","Tumor cells in subserosa"
"GTATTAATCCTATCAT-1","Non-neoplastic colon"
"GTATTACGCACTGTCC-1","Tumor stroma in mucosa and submucosa"
"GTATTACGCAGTAGAT-1","Tumor cells in mucosa and submucosa"
"GTATTACGTCTGATTG-1","Tumor cells in mucosa and submucosa"
"GTATTACGTGCAACCT-1","Tumor cells in mucosa and submucosa"
"GTATTAGAGGACTCGC-1","Tumor cells in subserosa"
"GTATTAGATGCCAATA-1","Tumor cells at tumor invasive front/border"
"GTATTAGGATTCTAAG-1","Non-neoplastic colon"
"GTATTATGACATTACC-1","Non-neoplastic colon"
"GTATTATGATGCATAC-1","Non-neoplastic colon"
"GTATTATGCTGACACT-1","Non-neoplastic colon"
"GTATTATGTCCTGATG-1","Non-neoplastic colon"
"GTATTATGTTCCTGCG-1","Non-neoplastic colon"
"GTATTCAGGACTCCGT-1","Tumor stroma at tumor invasive front/border"
"GTATTCCACCAACAAT-1","Tumor cells in mucosa and submucosa"
"GTATTCTACAGTCTAC-1","Non-neoplastic colon"
"GTATTCTGATCTCATC-1","Tumor cells in mucosa and submucosa"
"GTATTGGCTCTTAGAT-1","Non-neoplastic colon"
"GTCAACAGACTGAGTG-1","Non-neoplastic colon"
"GTCAACATGTATAACA-1","Non-neoplastic colon"
"GTCAACATTGAACAGG-1","Non-neoplastic colon"
"GTCAACCGGAATAGTG-1","Tumor cells in muscularis propria"
"GTCAACCTAAGCAATG-1","Tumor stroma in muscularis propria"
"GTCAACCTAGATTGAG-1","Tumor cells in subserosa"
"GTCAACCTGGCTGCTC-1","Tumor cells in subserosa"
"GTCAACGCCAGTGGAG-1","Non-neoplastic colon"
"GTCAACGCGAACTACG-1","Tumor cells in mucosa and submucosa"
"GTCAACGCTAGACCTA-1","Tumor stroma in mucosa and submucosa"
"GTCAACTCGCAGCGTT-1","Tumor stroma in mucosa and submucosa"
"GTCACCAAGCTGTCTA-1","Tumor cells in subserosa"
"GTCACCGGCATGCACG-1","Tumor stroma in mucosa and submucosa"
"GTCACTAACCGGCCAG-1","Tumor stroma in subserosa"
"GTCACTACAGTAGATA-1","Non-neoplastic colon"
"GTCACTCGAAGGTCTT-1","Non-neoplastic colon"
"GTCACTGACAGATTCT-1","Tumor stroma in subserosa"
"GTCACTGGCCAGTTAA-1","Tumor cells in mucosa and submucosa"
"GTCACTGGCTTAGCGG-1","Tumor cells in muscularis propria"
"GTCACTGGTGTTACCG-1","Tumor stroma in subserosa"
"GTCACTGTAACCGACA-1","Tumor stroma in mucosa and submucosa"
"GTCACTGTAGCCTGAG-1","Tumor stroma in subserosa"
"GTCACTGTCCTTGGCG-1","Tumor cells in mucosa and submucosa"
"GTCACTGTTGAGCGAC-1","Tumor cells in mucosa and submucosa"
"GTCACTGTTGGATAGA-1","Non-neoplastic colon"
"GTCACTTAATTCGGCA-1","Tumor stroma in subserosa"
"GTCACTTACCATAATC-1","Tumor cells in subserosa"
"GTCACTTATCGGCGTA-1","Non-neoplastic colon"
"GTCACTTATGTAACTA-1","Non-neoplastic colon"
"GTCACTTATTGGATCT-1","Tumor cells in mucosa and submucosa"
"GTCACTTCGTGCAGGC-1","Non-neoplastic colon"
"GTCAGATCATAGATGT-1","Non-neoplastic colon"
"GTCAGATTATGGTATC-1","Tumor stroma in muscularis propria"
"GTCAGCCACCTCACGA-1","Tumor stroma at tumor invasive front/border"
"GTCAGCCGACGCGAGC-1","Tumor stroma in mucosa and submucosa"
"GTCAGCCGCTGTTGAG-1","Necrosis"
"GTCAGCCGGCTAGAAG-1","Non-neoplastic colon"
"GTCAGCCGTCACAGGT-1","Non-neoplastic colon"
"GTCAGCCGTGACCTCA-1","Tumor cells in muscularis propria"
"GTCAGCCTGCAGTACA-1","Tumor stroma in muscularis propria"
"GTCAGCCTGTCGACTT-1","Non-neoplastic colon"
"GTCAGCCTTGGTCAAG-1","Tumor cells in mucosa and submucosa"
"GTCAGCGAGCACAAGG-1","Non-neoplastic colon"
"GTCAGCGAGCCGGTCA-1","Non-neoplastic colon"
"GTCAGCGGTGTTCATT-1","Necrosis"
"GTCAGCTCATGCTCAA-1","Tumor stroma in subserosa"
"GTCAGCTCGCACGGAC-1","Tumor stroma in mucosa and submucosa"
"GTCAGCTCGTCCTACC-1","Tumor cells in mucosa and submucosa"
"GTCAGCTGACTCCAAT-1","Other"
"GTCAGCTGCGGCTCGG-1","Other"
"GTCAGCTGTAACTAAC-1","Non-neoplastic colon"
"GTCAGCTTCAGCCAGT-1","Non-neoplastic colon"
"GTCAGCTTCCTTCGCA-1","Tumor cells in subserosa"
"GTCAGCTTGCTCGTTG-1","Non-neoplastic colon"
"GTCAGGACATCTCCGT-1","Tumor cells in mucosa and submucosa"
"GTCAGGACTCAATGAT-1","Tumor stroma at tumor invasive front/border"
"GTCAGGAGAAGTAGGA-1","Non-neoplastic colon"
"GTCAGGAGTGCATTAG-1","Necrosis"
"GTCAGGAGTGTCTATC-1","Tumor cells in subserosa"
"GTCAGGATGCACAATT-1","Tumor stroma in mucosa and submucosa"
"GTCAGGATGCTGTTGA-1","Non-neoplastic colon"
"GTCAGGTAACTCCGGA-1","Non-neoplastic colon"
"GTCAGTAGATTAGCCA-1","Tumor cells in muscularis propria"
"GTCAGTAGGTTGGAGT-1","Tumor cells in mucosa and submucosa"
"GTCAGTATCGATGAGT-1","Non-neoplastic colon"
"GTCAGTCCAGACGCAG-1","Tumor cells in mucosa and submucosa"
"GTCAGTCCAGATTGCC-1","Tumor cells in mucosa and submucosa"
"GTCAGTGACCGAAGCG-1","Tumor cells in mucosa and submucosa"
"GTCAGTGCATGGAAGA-1","Tumor cells in mucosa and submucosa"
"GTCAGTGGAATGCTGA-1","Tumor cells in muscularis propria"
"GTCAGTTATGCCGCTG-1","Tumor stroma in muscularis propria"
"GTCAGTTCAATGGATC-1","Non-neoplastic colon"
"GTCAGTTCTGCACTTC-1","Non-neoplastic colon"
"GTCAGTTGACATCGCT-1","Non-neoplastic colon"
"GTCATAACCACGCACC-1","Tumor stroma in mucosa and submucosa"
"GTCATAAGCCGTGGCG-1","Non-neoplastic colon"
"GTCATATCGTTGACAA-1","Other"
"GTCATCAACGAAGCCG-1","Tumor cells in mucosa and submucosa"
"GTCATCAATCCGGAGT-1","Tumor cells in mucosa and submucosa"
"GTCATCAATTATGCTA-1","Tumor cells in subserosa"
"GTCATCACTGACCGCC-1","Non-neoplastic colon"
"GTCATCCACGCCGTGA-1","Non-neoplastic colon"
"GTCATCCAGCGGCTAA-1","Non-neoplastic colon"
"GTCATCCGAGTACTCC-1","Tumor cells in mucosa and submucosa"
"GTCATCCGGATTCCGG-1","Non-neoplastic colon"
"GTCATCGCCGCTACAG-1","Non-neoplastic colon"
"GTCATCGTGATGCGAG-1","Tumor cells in muscularis propria"
"GTCATGCGAGCGACAT-1","Non-neoplastic colon"
"GTCCACGGCATCGGTA-1","Non-neoplastic colon"
"GTCCACTATGAGATGG-1","Non-neoplastic colon"
"GTCCAGAAGTCTACGC-1","Tumor stroma in muscularis propria"
"GTCCAGACGGACTCCG-1","Tumor cells in mucosa and submucosa"
"GTCCAGATGGTTGTTC-1","Tumor cells in mucosa and submucosa"
"GTCCAGATTCCACTAG-1","Tumor stroma in subserosa"
"GTCCAGATTCGCAGTG-1","Tumor stroma in mucosa and submucosa"
"GTCCAGCGATGTCCGA-1","Tumor stroma at tumor invasive front/border"
"GTCCAGTCGTTCCGAG-1","Non-neoplastic colon"
"GTCCAGTTGAAGTGAA-1","Tumor cells in mucosa and submucosa"
"GTCCAGTTGCACAGCT-1","Tumor cells in mucosa and submucosa"
"GTCCAGTTGCCTTCGT-1","Non-neoplastic colon"
"GTCCATCACTCAATTG-1","Tumor stroma in muscularis propria"
"GTCCATGATCCGAAGG-1","Non-neoplastic colon"
"GTCCGACATGGTAACC-1","Non-neoplastic colon"
"GTCCGATCCTCGACTG-1","Tumor cells in mucosa and submucosa"
"GTCCGATGCTAGTGCG-1","Tumor stroma in mucosa and submucosa"
"GTCCGCTTGGCTATAC-1","Non-neoplastic colon"
"GTCCGTACAGGTTGAT-1","Non-neoplastic colon"
"GTCCGTACCGAAGGAA-1","Tumor stroma in mucosa and submucosa"
"GTCCGTACCGGTCTGA-1","Tumor stroma in subserosa"
"GTCCGTACTCACTGCA-1","PNI"
"GTCCGTCAACTTCTAT-1","Non-neoplastic colon"
"GTCCGTCACGCTGGTA-1","Non-neoplastic colon"
"GTCCTAAGATGGAGCT-1","Tumor cells in mucosa and submucosa"
"GTCCTAATAGCGTGGT-1","Non-neoplastic colon"
"GTCCTAATCTGGCAAT-1","Tumor stroma in muscularis propria"
"GTCCTCACTCGCTAAG-1","Non-neoplastic colon"
"GTCCTGAGCCTTACAG-1","Tumor stroma in muscularis propria"
"GTCCTTATGAACTCGG-1","Tumor cells in mucosa and submucosa"
"GTCCTTATGACGTATT-1","Tumor stroma in mucosa and submucosa"
"GTCCTTATGCGATTGT-1","Non-neoplastic colon"
"GTCCTTCACGGACCTC-1","Non-neoplastic colon"
"GTCCTTCAGCAATGTA-1","Tumor cells in mucosa and submucosa"
"GTCCTTCCGTTCCGTC-1","Tumor stroma in subserosa"
"GTCGAAGGATCTAGCA-1","Non-neoplastic colon"
"GTCGAATAGAATGGAC-1","Non-neoplastic colon"
"GTCGAATAGGTTAAGG-1","Non-neoplastic colon"
"GTCGAGATAGGCCTCC-1","Tumor cells in mucosa and submucosa"
"GTCGAGGACCGGTAAG-1","Tumor cells in mucosa and submucosa"
"GTCGAGGTCGCAGACA-1","Non-neoplastic colon"
"GTCGAGTAAGGATGCA-1","Non-neoplastic colon"
"GTCGAGTAGAAGTTCT-1","Tumor stroma in subserosa"
"GTCGAGTATCGCGATA-1","Non-neoplastic colon"
"GTCGAGTGAATCAGAA-1","Tumor cells in mucosa and submucosa"
"GTCGAGTGCGATGAAG-1","Tumor cells in mucosa and submucosa"
"GTCGAGTGGCGTTAGC-1","Tumor cells at tumor invasive front/border"
"GTCGATCCATTAAGTG-1","Non-neoplastic colon"
"GTCGCAACCTCAGCCA-1","Non-neoplastic colon"
"GTCGCAACGTAACACG-1","Tumor stroma in muscularis propria"
"GTCGCAACTAATCGTA-1","Non-neoplastic colon"
"GTCGCAACTATGATGG-1","Tumor stroma at tumor invasive front/border"
"GTCGCAAGTTCGCAAC-1","Non-neoplastic colon"
"GTCGCAATGAGCGACA-1","Tumor cells in mucosa and submucosa"
"GTCGCACCATCCGATC-1","Tumor stroma in subserosa"
"GTCGCACCGACATACC-1","Tumor cells in mucosa and submucosa"
"GTCGCACCGGTGCGTT-1","Tumor cells in mucosa and submucosa"
"GTCGCACGAGTTGCGA-1","Necrosis"
"GTCGCACGCAGAAGTG-1","Non-neoplastic colon"
"GTCGCACTCAGTGATT-1","Tumor cells in mucosa and submucosa"
"GTCGCACTGTATCCAC-1","Tumor cells in mucosa and submucosa"
"GTCGCAGACAGTATAG-1","Non-neoplastic colon"
"GTCGCAGATATTCGCT-1","Tumor cells in muscularis propria"
"GTCGCAGTGCGAACGA-1","Non-neoplastic colon"
"GTCGCAGTGGAATTCG-1","Tumor cells in mucosa and submucosa"
"GTCGCAGTTACTCCGA-1","Tumor cells in mucosa and submucosa"
"GTCGCAGTTAGCATTC-1","Non-neoplastic colon"
"GTCGCATAAGGAAGGC-1","Tumor cells in subserosa"
"GTCGCATAGCAGGTTA-1","Tumor stroma in muscularis propria"
"GTCGCATCACAAGCAG-1","Tumor stroma in muscularis propria"
"GTCGCATGCGACTCAA-1","Tumor stroma in mucosa and submucosa"
"GTCGCATGGTCGTGTC-1","Non-neoplastic colon"
"GTCGCATGGTGAATTA-1","Non-neoplastic colon"
"GTCGCATTGCTAATAG-1","Non-neoplastic colon"
"GTCGCCTGCACGAGCC-1","Tumor stroma in mucosa and submucosa"
"GTCGCTCCATAACATT-1","Tumor cells in mucosa and submucosa"
"GTCGGAATCTTCTAGA-1","Tumor cells in subserosa"
"GTCGGCACTTGAAGGC-1","Tumor stroma in muscularis propria"
"GTCGGTAATCAGCAAT-1","Tumor stroma in mucosa and submucosa"
"GTCGGTCAGGAATCGA-1","Tumor stroma in subserosa"
"GTCGTAATGGTAAGAA-1","Non-neoplastic colon"
"GTCGTAATTCCTGTCC-1","Tumor stroma in mucosa and submucosa"
"GTCGTAGATCACCAGG-1","Tumor stroma in muscularis propria"
"GTCGTAGTTATCGATA-1","Other"
"GTCGTGACGACTCAAT-1","Tumor stroma in mucosa and submucosa"
"GTCGTGACTTCGGTTG-1","Tumor stroma in muscularis propria"
"GTCGTGCGTCTAGACG-1","Tumor stroma in muscularis propria"
"GTCGTGCTACGCGTGC-1","Tumor stroma in subserosa"
"GTCGTGCTCGTTGCTC-1","Tumor cells in muscularis propria"
"GTCGTGCTGTATCTCA-1","Tumor stroma at tumor invasive front/border"
"GTCGTGTCCTGATTGC-1","Tumor stroma in muscularis propria"
"GTCGTGTCGGAGATTA-1","Tumor cells in subserosa"
"GTCGTTCAACCATCCA-1","Necrosis"
"GTCTAAGACTAGGCTC-1","Non-neoplastic colon"
"GTCTAAGCCTGATGGA-1","Tumor cells in subserosa"
"GTCTAATGCCAGATTG-1","Tumor stroma at tumor invasive front/border"
"GTCTAGAACGCAAGTC-1","Non-neoplastic colon"
"GTCTAGAACTCGTCCG-1","Tumor cells in subserosa"
"GTCTAGCAACTCGAAC-1","Tumor cells in mucosa and submucosa"
"GTCTAGCACTACATGT-1","Tumor cells in mucosa and submucosa"
"GTCTAGCCGAAGGATG-1","Tumor cells in mucosa and submucosa"
"GTCTAGGAACTTATTG-1","Tumor stroma in subserosa"
"GTCTAGGAGCGTTATT-1","Tumor stroma in subserosa"
"GTCTAGGATGAGAATC-1","Tumor stroma in subserosa"
"GTCTAGGTATTAGCAG-1","Tumor stroma in mucosa and submucosa"
"GTCTAGTCACGCAGAT-1","Non-neoplastic colon"
"GTCTAGTCAGTAACTG-1","Tumor stroma at tumor invasive front/border"
"GTCTAGTTAGATGTAT-1","Tumor cells in mucosa and submucosa"
"GTCTAGTTAGCCATCG-1","Tumor cells in mucosa and submucosa"
"GTCTAGTTGAGGCAGA-1","Non-neoplastic colon"
"GTCTAGTTGGCACGGT-1","Tumor cells in muscularis propria"
"GTCTATAACCGTATAG-1","Non-neoplastic colon"
"GTCTATAACTGATTGT-1","Tumor stroma in subserosa"
"GTCTATCACGACCAGG-1","Non-neoplastic colon"
"GTCTATCCATTCACAA-1","Tumor cells in muscularis propria"
"GTCTATCGCTTGCCGG-1","Non-neoplastic colon"
"GTCTATCGGAGCCTTA-1","Non-neoplastic colon"
"GTCTATCGGCCACTCC-1","Non-neoplastic colon"
"GTCTATGGATAGCTCG-1","Other"
"GTCTATGTGGAGTCGT-1","Non-neoplastic colon"
"GTCTATTAACTCTATG-1","Non-neoplastic colon"
"GTCTATTCCTTAGCCA-1","Tumor cells in mucosa and submucosa"
"GTCTATTCGTTACAAT-1","Non-neoplastic colon"
"GTCTATTGACCGAGGA-1","Tumor cells in mucosa and submucosa"
"GTCTATTGCAGTGATA-1","Non-neoplastic colon"
"GTCTCATATGTATTAG-1","Tumor cells in mucosa and submucosa"
"GTCTCATATTAGATGA-1","Non-neoplastic colon"
"GTCTCATGCTTGCTGT-1","Tumor stroma in mucosa and submucosa"
"GTCTCCACTCGCATCT-1","Tumor cells in mucosa and submucosa"
"GTCTCCATTAGATGAA-1","Tumor cells in subserosa"
"GTCTCCGGAGAATCGC-1","Non-neoplastic colon"
"GTCTCCTAAGTAGACA-1","Non-neoplastic colon"
"GTCTCCTACTTCGCAA-1","Non-neoplastic colon"
"GTCTCGCAAGCTATCT-1","Tumor stroma at tumor invasive front/border"
"GTCTCGCATGTATGCC-1","Tumor stroma in subserosa"
"GTCTGAACGTTAACTG-1","Tumor cells in mucosa and submucosa"
"GTCTGAACTATTGGAT-1","Tumor cells in subserosa"
"GTCTGACGAGCGAACA-1","Tumor stroma in subserosa"
"GTCTGACGCCACTCAC-1","Tumor cells in muscularis propria"
"GTCTGACGGACTGGTA-1","Necrosis"
"GTCTGAGCTCGCTAGG-1","Tumor stroma in mucosa and submucosa"
"GTCTGAGGCATGTCGG-1","Tumor cells in subserosa"
"GTCTGATACACTGAAT-1","Tumor stroma in mucosa and submucosa"
"GTCTGATATCATGCCT-1","Non-neoplastic colon"
"GTCTGATTCGATTGCC-1","Non-neoplastic colon"
"GTCTGATTCGTGAGAA-1","Non-neoplastic colon"
"GTCTGCAACTCAGCTG-1","Necrosis"
"GTCTGCGAGCAAGTAG-1","Non-neoplastic colon"
"GTCTGTAAGGCCTAGG-1","Non-neoplastic colon"
"GTCTGTCCGATTGTAC-1","Necrosis"
"GTCTGTGGAGATTCCT-1","Non-neoplastic colon"
"GTCTGTGGCAGTCAAT-1","Tumor cells in mucosa and submucosa"
"GTCTGTTGACCTTGAC-1","Tumor cells in mucosa and submucosa"
"GTCTGTTGCATAATCA-1","Necrosis"
"GTCTGTTGCGTTGAAC-1","Tumor cells in mucosa and submucosa"
"GTCTGTTGCTGGAGCT-1","Tumor stroma in mucosa and submucosa"
"GTCTTAACTCGTCATT-1","Tumor cells in muscularis propria"
"GTCTTACACCAATCGT-1","Non-neoplastic colon"
"GTCTTCCTAGGCTGGA-1","Non-neoplastic colon"
"GTCTTCGACGTCAAGA-1","Non-neoplastic colon"
"GTCTTGACGTCCGTGA-1","Non-neoplastic colon"
"GTCTTGCGGTTGGAGG-1","Tumor cells in mucosa and submucosa"
"GTCTTGCGTGCTATAG-1","Tumor cells in muscularis propria"
"GTCTTGCGTTAGTTCC-1","Tumor stroma at tumor invasive front/border"
"GTCTTGCTGACGCAAG-1","Tumor cells in mucosa and submucosa"
"GTCTTGTAAGTTCTAG-1","Tumor stroma at tumor invasive front/border"
"GTCTTGTAGCCTATGG-1","Tumor cells in mucosa and submucosa"
"GTCTTGTAGTTATGTT-1","Non-neoplastic colon"
"GTCTTGTCACGAGTAC-1","Non-neoplastic colon"
"GTCTTGTCCACTGTTG-1","Tumor cells in mucosa and submucosa"
"GTGAACCTACGTATAG-1","Non-neoplastic colon"
"GTGAACGATTGTCGAA-1","Non-neoplastic colon"
"GTGAACGGCAAGATGA-1","Non-neoplastic colon"
"GTGAACTCTGTCTTAA-1","Non-neoplastic colon"
"GTGAAGTCCGTGACGT-1","Tumor cells at tumor invasive front/border"
"GTGAATACTGTAAGCC-1","Non-neoplastic colon"
"GTGAATCCTACACGTA-1","Non-neoplastic colon"
"GTGAATTAGATTGTAA-1","Tumor cells in mucosa and submucosa"
"GTGACAACGACAACCA-1","Tumor stroma in mucosa and submucosa"
"GTGACAAGCACTGTGA-1","Tumor cells in mucosa and submucosa"
"GTGACAATCCGGCAGA-1","Tumor cells in mucosa and submucosa"
"GTGACAATTACAGAGT-1","Tumor cells in mucosa and submucosa"
"GTGACACCAGGAACCG-1","Necrosis"
"GTGACACCGGTCTGAT-1","Tumor cells in mucosa and submucosa"
"GTGACAGCGTTAGAAT-1","Tumor cells in subserosa"
"GTGACAGGACAATACG-1","Non-neoplastic colon"
"GTGACAGGATCGGCCT-1","Tumor cells in mucosa and submucosa"
"GTGACAGGCCTTATTG-1","Non-neoplastic colon"
"GTGACAGGCGGTGATA-1","Non-neoplastic colon"
"GTGACAGGTACAGCTG-1","Necrosis"
"GTGACATACCGTTAGC-1","Non-neoplastic colon"
"GTGACATGATCTTACC-1","Non-neoplastic colon"
"GTGACATGGCCGTGCG-1","Tumor cells in muscularis propria"
"GTGACCAATCGCGTAC-1","Tumor cells in mucosa and submucosa"
"GTGACCAATGGACATA-1","Non-neoplastic colon"
"GTGACCAGCGCTTATT-1","Non-neoplastic colon"
"GTGACCTAACGAAGCA-1","Tumor cells in subserosa"
"GTGACCTAAGATGTAC-1","Non-neoplastic colon"
"GTGACCTAATAGACGT-1","Non-neoplastic colon"
"GTGACCTACGCCAATG-1","Tumor cells in mucosa and submucosa"
"GTGACCTTAGCTCCAA-1","LVI"
"GTGACGGTGAGCCTCA-1","Non-neoplastic colon"
"GTGACTACAAGCACGG-1","Non-neoplastic colon"
"GTGACTAGCGCAGTTG-1","Tumor cells in mucosa and submucosa"
"GTGACTATCAAGGATA-1","Tumor stroma in muscularis propria"
"GTGACTCAAGTGAGTT-1","Non-neoplastic colon"
"GTGACTCAGATCGGCC-1","Tumor cells in mucosa and submucosa"
"GTGACTCAGGATCCAC-1","Tumor stroma in subserosa"
"GTGACTCATTACAGAA-1","Non-neoplastic colon"
"GTGACTGCAGCGATAG-1","Tumor cells in muscularis propria"
"GTGACTGCGGTTCTCC-1","Non-neoplastic colon"
"GTGACTGCTCAGACGG-1","Tumor stroma in muscularis propria"
"GTGACTGCTCCTCGAG-1","Tumor cells in subserosa"
"GTGACTTAGTTGATAC-1","Tumor stroma in mucosa and submucosa"
"GTGAGGCAATGGAGCG-1","Tumor stroma in mucosa and submucosa"
"GTGAGGCAGGCCGAAG-1","Tumor stroma in subserosa"
"GTGAGGCATCGCCGGC-1","Tumor stroma in mucosa and submucosa"
"GTGAGGTCACTTCATA-1","Non-neoplastic colon"
"GTGAGGTCCGTATTGA-1","Tumor cells in mucosa and submucosa"
"GTGAGGTTCTACATAA-1","Non-neoplastic colon"
"GTGAGGTTCTCGTAGG-1","Tumor stroma in subserosa"
"GTGATAATGTCCAGTG-1","Non-neoplastic colon"
"GTGATACAATCTCGTC-1","Tumor cells in mucosa and submucosa"
"GTGATACGTACTTGTT-1","Tumor stroma in mucosa and submucosa"
"GTGATACGTGAACTAG-1","Non-neoplastic colon"
"GTGATATCATAAGTTG-1","Non-neoplastic colon"
"GTGATCCTAGCGCATT-1","Tumor cells in muscularis propria"
"GTGATGCACTTGTTGA-1","Tumor stroma in mucosa and submucosa"
"GTGATGCAGCCTTAGT-1","Non-neoplastic colon"
"GTGATGGACGCTATCG-1","Tumor stroma in mucosa and submucosa"
"GTGATGGCCTTAGTAA-1","Tumor cells in mucosa and submucosa"
"GTGATTCATCGATAAC-1","Non-neoplastic colon"
"GTGATTCGGTATCTAA-1","Tumor cells in mucosa and submucosa"
"GTGCAACCATCTCCAC-1","Non-neoplastic colon"
"GTGCAACTCCGATGAC-1","Tumor stroma in mucosa and submucosa"
"GTGCAACTTAGGCTTC-1","Non-neoplastic colon"
"GTGCAAGATCGAGTCA-1","Tumor cells in muscularis propria"
"GTGCAAGCGTGAAGCA-1","Tumor cells at tumor invasive front/border"
"GTGCAATTACGCATTG-1","Tumor stroma in subserosa"
"GTGCAATTCGGTAAGT-1","Tumor cells in mucosa and submucosa"
"GTGCACCACGTGTCAC-1","Tumor cells in mucosa and submucosa"
"GTGCACCATTAAGTCT-1","Tumor cells at tumor invasive front/border"
"GTGCACCGCACCATCG-1","Tumor stroma at tumor invasive front/border"
"GTGCACCGTGCACGTT-1","Non-neoplastic colon"
"GTGCACCGTTGCGGCC-1","Non-neoplastic colon"
"GTGCACGAAGGCTGGT-1","Tumor stroma in subserosa"
"GTGCACGCCGACAACG-1","Tumor stroma in subserosa"
"GTGCACGCGAGCTGTA-1","Non-neoplastic colon"
"GTGCACGGTAACAGAT-1","Non-neoplastic colon"
"GTGCACGGTGTTAAGC-1","Non-neoplastic colon"
"GTGCACGTACAGGAAG-1","Tumor stroma in subserosa"
"GTGCACGTGAATCGAG-1","Non-neoplastic colon"
"GTGCACTGAGCCGGAA-1","Non-neoplastic colon"
"GTGCACTGTCTTATAG-1","Non-neoplastic colon"
"GTGCACTTCTTAGGTT-1","Non-neoplastic colon"
"GTGCAGAACAAGTCAA-1","Non-neoplastic colon"
"GTGCAGCCAGCTTCTG-1","Tumor cells in muscularis propria"
"GTGCAGCGCACGCAAG-1","Non-neoplastic colon"
"GTGCAGCGGAACGTGG-1","Tumor stroma in subserosa"
"GTGCAGCTAATCGCGA-1","Tumor cells in mucosa and submucosa"
"GTGCAGCTGCTCATAG-1","Tumor stroma in mucosa and submucosa"
"GTGCAGCTGGAATGGT-1","Tumor cells in mucosa and submucosa"
"GTGCAGGAATTAGCGT-1","Non-neoplastic colon"
"GTGCAGGCTGCCTCAA-1","Tumor stroma in muscularis propria"
"GTGCAGGTCAATTGTC-1","Tumor stroma in muscularis propria"
"GTGCAGGTGGCCGCCT-1","Non-neoplastic colon"
"GTGCAGTGAACCTCTT-1","Tumor cells in mucosa and submucosa"
"GTGCAGTGCGAACTAT-1","Other"
"GTGCAGTGTCGTGGCT-1","Non-neoplastic colon"
"GTGCAGTTAATACGAA-1","Tumor cells in muscularis propria"
"GTGCAGTTCACTGCAT-1","Tumor stroma in subserosa"
"GTGCATAACCATACCT-1","Non-neoplastic colon"
"GTGCATAGCGGCGATA-1","Tumor stroma in mucosa and submucosa"
"GTGCATAGTCGCACGC-1","Non-neoplastic colon"
"GTGCATTCACATGCCG-1","Non-neoplastic colon"
"GTGCATTCCACTAGCG-1","Non-neoplastic colon"
"GTGCATTGAATTAGGA-1","Non-neoplastic colon"
"GTGCCAACAGCCGCCT-1","Tumor stroma in muscularis propria"
"GTGCCAGTGGATGGTC-1","Tumor cells in mucosa and submucosa"
"GTGCCATACATTGATG-1","Non-neoplastic colon"
"GTGCCATACCACCGGC-1","Non-neoplastic colon"
"GTGCCGACTGCGGCAG-1","Non-neoplastic colon"
"GTGCCGCTCCGGCACT-1","Non-neoplastic colon"
"GTGCCTAATCATGTAG-1","PNI"
"GTGCCTCCACTGAGCA-1","Tumor stroma in muscularis propria"
"GTGCCTGAACTACCTG-1","Tumor stroma at tumor invasive front/border"
"GTGCCTGCAGTCACGC-1","Non-neoplastic colon"
"GTGCCTGCCGTCCGTA-1","Tumor cells in mucosa and submucosa"
"GTGCCTGCGACAGCAC-1","Tumor cells in mucosa and submucosa"
"GTGCCTGGCAGCACTG-1","Tumor stroma in muscularis propria"
"GTGCCTTCTGGTTGAC-1","Non-neoplastic colon"
"GTGCGAACGATGAGTT-1","Tumor cells in mucosa and submucosa"
"GTGCGAATCCGATTCG-1","Non-neoplastic colon"
"GTGCGAGGTGTTACTG-1","Tumor cells in muscularis propria"
"GTGCGAGGTTAACAGG-1","Non-neoplastic colon"
"GTGCGGATTGCTTGCG-1","Non-neoplastic colon"
"GTGCGGCATTAGCGGA-1","Tumor cells in mucosa and submucosa"
"GTGCGTATCGTTCGTG-1","Non-neoplastic colon"
"GTGCGTCAAGCGGCAA-1","Tumor stroma in subserosa"
"GTGCGTTCTACTTGGT-1","Tumor cells in subserosa"
"GTGCTAAGGCATGACC-1","Non-neoplastic colon"
"GTGCTATCCTCGAGCT-1","Non-neoplastic colon"
"GTGCTCAGAACACGCC-1","Tumor cells in muscularis propria"
"GTGCTCCTAAGGTTCT-1","Non-neoplastic colon"
"GTGCTCGATCCTCGCT-1","Tumor cells in subserosa"
"GTGCTCTAATTGGTCT-1","Tumor stroma in muscularis propria"
"GTGCTCTACCTGACAA-1","Tumor stroma at tumor invasive front/border"
"GTGCTCTGACGCGTGG-1","Tumor cells in mucosa and submucosa"
"GTGCTCTGCAGTAACA-1","Non-neoplastic colon"
"GTGGAAGCCGTAGGCC-1","Non-neoplastic colon"
"GTGGACAATTCCGACT-1","Tumor stroma in subserosa"
"GTGGACGACCGCAAGC-1","Non-neoplastic colon"
"GTGGACTGCCAGTGTC-1","Tumor cells in mucosa and submucosa"
"GTGGACTGTATTACTC-1","Tumor stroma in mucosa and submucosa"
"GTGGAGACAACCAGGA-1","Tumor cells in muscularis propria"
"GTGGAGACGAAGGTAT-1","Tumor cells in subserosa"
"GTGGAGCTAAGGAGAT-1","Tumor stroma in mucosa and submucosa"
"GTGGAGCTCGGAGTGC-1","Non-neoplastic colon"
"GTGGAGCTTGCCAACG-1","Tumor cells at tumor invasive front/border"
"GTGGAGGCGACCACAT-1","Tumor stroma at tumor invasive front/border"
"GTGGAGTACATACCTC-1","Non-neoplastic colon"
"GTGGAGTGGATGGACC-1","Tumor cells in subserosa"
"GTGGAGTGTTATGTCC-1","Tumor stroma in muscularis propria"
"GTGGATAAGAACATCT-1","Tumor stroma at tumor invasive front/border"
"GTGGATCTTAATCTAG-1","Tumor cells in mucosa and submucosa"
"GTGGATGTAAGTGAAC-1","Tumor stroma at tumor invasive front/border"
"GTGGATTGAGGACTAG-1","Non-neoplastic colon"
"GTGGCCGACAACTTGC-1","Non-neoplastic colon"
"GTGGCGAACTTACACC-1","Non-neoplastic colon"
"GTGGCGACAGTACTTG-1","Tumor cells in mucosa and submucosa"
"GTGGCGAGAATGCGAA-1","Tumor cells in mucosa and submucosa"
"GTGGCGATACGGTGCT-1","Tumor cells in mucosa and submucosa"
"GTGGCGCACGATCGTT-1","Tumor cells in mucosa and submucosa"
"GTGGCGCCAACGTAGG-1","Non-neoplastic colon"
"GTGGCGCCATGAATAA-1","Tumor stroma in subserosa"
"GTGGCGCCTATGAGAC-1","Non-neoplastic colon"
"GTGGCGGACACTGGAA-1","Non-neoplastic colon"
"GTGGCGGATTCCACGC-1","Tumor stroma in mucosa and submucosa"
"GTGGCGTTCAACGAAG-1","Tumor stroma in muscularis propria"
"GTGGCGTTCACGTGTA-1","Tumor stroma in mucosa and submucosa"
"GTGGCGTTGAACCGCT-1","Tumor cells in subserosa"
"GTGGCGTTGATTCCTG-1","Tumor cells in mucosa and submucosa"
"GTGGCGTTGTGCTTCG-1","Necrosis"
"GTGGTAAGCCAAGATT-1","Tumor cells in muscularis propria"
"GTGGTATTACCTAATG-1","Tumor cells in subserosa"
"GTGGTCCGGAGCGGTC-1","Tumor cells in mucosa and submucosa"
"GTGGTTAACCGTTGGC-1","Tumor stroma in muscularis propria"
"GTGGTTAAGTTATGTC-1","Tumor stroma in subserosa"
"GTGGTTACAGAATTGA-1","Non-neoplastic colon"
"GTGGTTAGCGAGGAAG-1","Non-neoplastic colon"
"GTGGTTAGCGGTGGCA-1","Non-neoplastic colon"
"GTGGTTGAAGTCCACT-1","Tumor cells in muscularis propria"
"GTGGTTGACTGGATAA-1","Tumor stroma in mucosa and submucosa"
"GTGGTTGAGGAACGGA-1","Tumor stroma in muscularis propria"
"GTGGTTGGCGAACTCC-1","Tumor stroma in mucosa and submucosa"
"GTGGTTGGTCACAAGA-1","Non-neoplastic colon"
"GTGGTTGGTCCGTGAT-1","Non-neoplastic colon"
"GTGGTTGGTGAGCCGG-1","Tumor cells in muscularis propria"
"GTGGTTGTGGACTTCA-1","Tumor stroma in muscularis propria"
"GTGGTTGTTAATTCTA-1","Non-neoplastic colon"
"GTTAACAACGATGCGA-1","Tumor cells at tumor invasive front/border"
"GTTAACGTCGAACCAA-1","Tumor cells in mucosa and submucosa"
"GTTAAGCTATTCAGAT-1","Tumor stroma in muscularis propria"
"GTTAAGTCTTATTGGT-1","Tumor stroma in mucosa and submucosa"
"GTTAATACGCAGGATA-1","Non-neoplastic colon"
"GTTAATACTCATCGGA-1","Tumor cells in muscularis propria"
"GTTAATCCAAGCGATA-1","Tumor cells in subserosa"
"GTTAATCGAACCTAAT-1","Tumor stroma in mucosa and submucosa"
"GTTAATCGCCTAAGGA-1","Tumor cells in mucosa and submucosa"
"GTTAATCTGGACTATT-1","Tumor cells in mucosa and submucosa"
"GTTAATGCACTGCCTT-1","Non-neoplastic colon"
"GTTAATGCCGTCGATT-1","Tumor stroma in subserosa"
"GTTAATGCTAGTCGAT-1","Tumor cells in mucosa and submucosa"
"GTTAATGGCCTCTAAG-1","Tumor cells in mucosa and submucosa"
"GTTAATGGCGAGGTAT-1","Non-neoplastic colon"
"GTTACACGACTACACC-1","Tumor cells at tumor invasive front/border"
"GTTACATCCGTTACAT-1","Tumor cells in muscularis propria"
"GTTACATCGCCGACCT-1","Tumor cells in mucosa and submucosa"
"GTTACATTCGCCACGG-1","Tumor stroma in muscularis propria"
"GTTACGCACCTGAAGA-1","Non-neoplastic colon"
"GTTACGCATTGCGGCC-1","Tumor cells in muscularis propria"
"GTTACGTTAGGAGTTG-1","Tumor stroma in muscularis propria"
"GTTACTAGTTGCGTCT-1","Tumor stroma in subserosa"
"GTTACTATAAGAGCAT-1","Tumor stroma in mucosa and submucosa"
"GTTACTATCCATGGAT-1","Tumor stroma in muscularis propria"
"GTTAGACAATTCAATC-1","Non-neoplastic colon"
"GTTAGACCACGCACGT-1","Non-neoplastic colon"
"GTTAGCAGTATTGTCA-1","Non-neoplastic colon"
"GTTAGGAAGGACTAGT-1","Tumor cells in mucosa and submucosa"
"GTTAGGAAGGCGTTCC-1","Non-neoplastic colon"
"GTTAGGAATTCCGAAC-1","Non-neoplastic colon"
"GTTAGGACTTCGTTGA-1","Tumor cells in mucosa and submucosa"
"GTTAGGCTGGAGTGTA-1","Tumor stroma in subserosa"
"GTTAGGCTTAGACCTT-1","Tumor stroma in mucosa and submucosa"
"GTTAGGTCTATTACGT-1","Non-neoplastic colon"
"GTTAGTTATTGGACAA-1","Tumor cells in mucosa and submucosa"
"GTTAGTTCCACCTCGG-1","Necrosis"
"GTTATCACGCTTGCTC-1","Tumor cells in subserosa"
"GTTATCATCGTTATCT-1","Non-neoplastic colon"
"GTTATCCTTCGCTAGA-1","Tumor cells in mucosa and submucosa"
"GTTATCGCACCTGACA-1","Necrosis"
"GTTATCTGTCCATAAT-1","Other"
"GTTATCTTAACCACAA-1","Tumor cells in mucosa and submucosa"
"GTTATGAGAAGTCGAT-1","Non-neoplastic colon"
"GTTATGAGTTACTATT-1","Non-neoplastic colon"
"GTTATGATTCGGAAGG-1","Non-neoplastic colon"
"GTTATGCAAGTATTGC-1","Non-neoplastic colon"
"GTTATGTACCACTCCG-1","Tumor cells in mucosa and submucosa"
"GTTATGTCGCCACTCC-1","Tumor cells in mucosa and submucosa"
"GTTATGTCGGCGTGCG-1","Tumor cells in subserosa"
"GTTATGTTCTAGTGTT-1","Non-neoplastic colon"
"GTTATTACAGATCACG-1","Tumor cells in mucosa and submucosa"
"GTTATTACCTGAACCG-1","Tumor stroma in mucosa and submucosa"
"GTTATTACCTTCAGGT-1","Tumor cells in mucosa and submucosa"
"GTTATTACGGCCTCTT-1","Tumor stroma in subserosa"
"GTTATTCCGGCTGATG-1","Tumor cells in mucosa and submucosa"
"GTTATTCTCGCTAAGA-1","Tumor stroma in mucosa and submucosa"
"GTTATTCTGAGCTTGC-1","Tumor cells in muscularis propria"
"GTTATTCTTACATATG-1","Non-neoplastic colon"
"GTTATTCTTGCAGCGT-1","Tumor cells in mucosa and submucosa"
"GTTATTGAAGATACAA-1","Non-neoplastic colon"
"GTTATTGACTAAGGCA-1","Tumor cells in mucosa and submucosa"
"GTTATTGGACCTGGTC-1","Non-neoplastic colon"
"GTTATTGGCTTCCTCG-1","Tumor cells at tumor invasive front/border"
"GTTATTGGTCGAAGGT-1","Tumor cells in muscularis propria"
"GTTCAAGGATTAATAC-1","Tumor cells in mucosa and submucosa"
"GTTCATACATCGACTC-1","Tumor stroma in mucosa and submucosa"
"GTTCATCTTCCGTCGA-1","Non-neoplastic colon"
"GTTCATGACATTCACG-1","Tumor stroma in muscularis propria"
"GTTCATGAGGCACCGG-1","Tumor cells in mucosa and submucosa"
"GTTCATGGTGCTTGAA-1","Non-neoplastic colon"
"GTTCATGGTGTACATC-1","Tumor stroma in mucosa and submucosa"
"GTTCATTAAGTAACCG-1","Necrosis"
"GTTCATTGCTGGCTGG-1","Tumor stroma in subserosa"
"GTTCCAATGTGCTAAC-1","Non-neoplastic colon"
"GTTCCAGTCAACTAGG-1","Tumor stroma in subserosa"
"GTTCCATGCGATAGTC-1","Tumor cells in mucosa and submucosa"
"GTTCCGAGCTCGACAG-1","Tumor cells in mucosa and submucosa"
"GTTCCGATCAATTGCG-1","Non-neoplastic colon"
"GTTCCGCTATCCACCT-1","Non-neoplastic colon"
"GTTCCGGCAGACGTTC-1","Non-neoplastic colon"
"GTTCCGGCGTAATCAC-1","Tumor cells in subserosa"
"GTTCCGGCTGGTACTC-1","Non-neoplastic colon"
"GTTCCGTCCAAGCGCC-1","Non-neoplastic colon"
"GTTCCGTCCTTACCAT-1","Tumor cells in muscularis propria"
"GTTCCGTGATGCGTAG-1","Tumor stroma in mucosa and submucosa"
"GTTCCGTGCATCGTTC-1","Tumor cells in subserosa"
"GTTCCTCGGCTAATGT-1","Tumor stroma at tumor invasive front/border"
"GTTCCTGACCGATGGT-1","Tumor cells in mucosa and submucosa"
"GTTCCTGGCCAAGAAC-1","Tumor stroma in muscularis propria"
"GTTCCTTAGAGTTAAT-1","Tumor stroma in subserosa"
"GTTCCTTGCCTCACAG-1","Tumor cells in mucosa and submucosa"
"GTTCGACATCACATGG-1","Tumor stroma in subserosa"
"GTTCGACGTAGGTAGG-1","Tumor cells in mucosa and submucosa"
"GTTCGAGCGTTGCTTA-1","Tumor cells in muscularis propria"
"GTTCGAGTGGCCAACA-1","Non-neoplastic colon"
"GTTCGCCATTACCAGT-1","Non-neoplastic colon"
"GTTCGCCGATCGTACC-1","Non-neoplastic colon"
"GTTCGCGGTTCATCAG-1","Tumor cells in mucosa and submucosa"
"GTTCGCTGAGCTCGGT-1","Non-neoplastic colon"
"GTTCGGACAGATGTCG-1","Tumor stroma in subserosa"
"GTTCTAACATCAACCA-1","Tumor cells in subserosa"
"GTTCTAACCATTACGA-1","Non-neoplastic colon"
"GTTCTAACGGAACGGT-1","Tumor cells in muscularis propria"
"GTTCTACCGTGACTCC-1","Tumor cells at tumor invasive front/border"
"GTTCTGCTATCTCGAC-1","Non-neoplastic colon"
"GTTCTGTAACCATCCT-1","Tumor cells in muscularis propria"
"GTTCTTACAGTACGCC-1","Tumor cells in mucosa and submucosa"
"GTTCTTCGCTGACAGA-1","Non-neoplastic colon"
"GTTCTTCGTCGCCAAC-1","Non-neoplastic colon"
"GTTCTTGAACATCTGG-1","Non-neoplastic colon"
"GTTGAACCGAAGCGAT-1","Non-neoplastic colon"
"GTTGAACTCACCGCTC-1","Tumor stroma in mucosa and submucosa"
"GTTGAAGGACCAAGTC-1","Tumor cells in subserosa"
"GTTGAATACGCTTCAC-1","Non-neoplastic colon"
"GTTGAATGCCAGTCGA-1","Tumor cells in mucosa and submucosa"
"GTTGACAGATTCATTA-1","Tumor stroma in mucosa and submucosa"
"GTTGACAGTATTCGGT-1","Non-neoplastic colon"
"GTTGACATGGCCACAT-1","Non-neoplastic colon"
"GTTGACCGCACTAGCA-1","Tumor stroma in muscularis propria"
"GTTGACCGCAGCCTTG-1","Non-neoplastic colon"
"GTTGACCGTACAGACT-1","Non-neoplastic colon"
"GTTGACCGTGGCCAAT-1","Tumor cells in muscularis propria"
"GTTGACGACTACGTGA-1","Tumor stroma in mucosa and submucosa"
"GTTGACGATTATTCAA-1","Tumor cells in mucosa and submucosa"
"GTTGACGGCGAAGACC-1","Tumor cells in mucosa and submucosa"
"GTTGACGTATTCCATT-1","Tumor stroma at tumor invasive front/border"
"GTTGACGTCATCACGC-1","Tumor cells in muscularis propria"
"GTTGACTAAGGAGTGA-1","Tumor stroma in subserosa"
"GTTGACTACATGGCAT-1","Tumor stroma in muscularis propria"
"GTTGACTACGTTAACC-1","PNI"
"GTTGACTTAGGTACCT-1","Tumor cells in subserosa"
"GTTGACTTCCAAGGAA-1","Non-neoplastic colon"
"GTTGAGAACAGACATG-1","Tumor cells in subserosa"
"GTTGAGCGGTGGACGA-1","Tumor cells in mucosa and submucosa"
"GTTGAGCTAATACTCA-1","Tumor stroma in muscularis propria"
"GTTGATTCGAGTGCTG-1","Tumor cells in mucosa and submucosa"
"GTTGATTCGATCAGGA-1","Necrosis"
"GTTGCCAACCATCCGG-1","Tumor cells in mucosa and submucosa"
"GTTGCCACAATCCGGC-1","Tumor stroma in muscularis propria"
"GTTGCCACCTGACCAG-1","Tumor cells in mucosa and submucosa"
"GTTGCCATGCATAGGA-1","Non-neoplastic colon"
"GTTGCCATTGTATGCG-1","Tumor stroma in subserosa"
"GTTGCCGCGGTAGACA-1","Tumor stroma in muscularis propria"
"GTTGCCGCTCGGCTTG-1","Non-neoplastic colon"
"GTTGCCGCTTCTGATA-1","Non-neoplastic colon"
"GTTGCCGTCCGCTCTG-1","Tumor cells in mucosa and submucosa"
"GTTGCCTAAGCACCAG-1","Tumor cells in muscularis propria"
"GTTGCCTACTGGAATA-1","Non-neoplastic colon"
"GTTGCGGCGACACTTG-1","Non-neoplastic colon"
"GTTGCGTCTTCAGGCG-1","Tumor stroma in mucosa and submucosa"
"GTTGCTAGCCAACTCG-1","Non-neoplastic colon"
"GTTGCTCATGAGTCCG-1","Tumor stroma in subserosa"
"GTTGCTCCACGGCTCC-1","Non-neoplastic colon"
"GTTGCTCCAGATGAGT-1","Tumor cells in mucosa and submucosa"
"GTTGCTCCGTATCGAG-1","Tumor stroma at tumor invasive front/border"
"GTTGCTCGTGCCATCT-1","Tumor cells in mucosa and submucosa"
"GTTGCTGACATAAGAA-1","Tumor cells in mucosa and submucosa"
"GTTGCTGAGCGATCCA-1","Tumor cells in muscularis propria"
"GTTGCTGAGTATGAGC-1","Tumor cells in mucosa and submucosa"
"GTTGCTGTCTGTAACT-1","Non-neoplastic colon"
"GTTGCTGTTGCCTCAA-1","Tumor cells in subserosa"
"GTTGCTTACAAGTAGG-1","Tumor stroma at tumor invasive front/border"
"GTTGCTTGTACCTCGT-1","Tumor cells in mucosa and submucosa"
"GTTGGACATATGCCGT-1","Non-neoplastic colon"
"GTTGGCCGTGAACCGA-1","Tumor cells in mucosa and submucosa"
"GTTGGCTGCATGTCGC-1","Non-neoplastic colon"
"GTTGGTATCCTCGCCG-1","Tumor stroma in muscularis propria"
"GTTGGTCAGGCAGGAC-1","Tumor cells in muscularis propria"
"GTTGGTGAATTATCAT-1","Necrosis"
"GTTGGTGAGCGTCTCC-1","Tumor cells in mucosa and submucosa"
"GTTGGTTATGAGCTGT-1","Non-neoplastic colon"
"GTTGTACCGCGACGAA-1","Tumor cells at tumor invasive front/border"
"GTTGTAGCTCATGGAC-1","Non-neoplastic colon"
"GTTGTCAACGGTGAGC-1","Non-neoplastic colon"
"GTTGTCAAGGACTGTA-1","Tumor stroma in mucosa and submucosa"
"GTTGTCCAGAGTCGAT-1","Non-neoplastic colon"
"GTTGTCCAGTCCTTCT-1","Non-neoplastic colon"
"GTTGTCCTTGCTTAGC-1","Non-neoplastic colon"
"GTTGTCGTAATTACAT-1","Tumor cells in mucosa and submucosa"
"GTTGTCTGAGAATTCT-1","Tumor cells in mucosa and submucosa"
"GTTGTCTGGCATCACC-1","Tumor cells in mucosa and submucosa"
"GTTGTCTGGCTCGCCT-1","Non-neoplastic colon"
"GTTGTCTTCCTGCGTT-1","Non-neoplastic colon"
"TAACAAGGATACAACG-1","Tumor cells in mucosa and submucosa"
"TAACAATTAGACGCCG-1","Tumor stroma in subserosa"
"TAACAGACGCACTTGA-1","Non-neoplastic colon"
"TAACAGACGTGAAGGC-1","Tumor cells at tumor invasive front/border"
"TAACAGCAGGCTGCCT-1","Tumor cells in mucosa and submucosa"
"TAACAGCAGGTACGTG-1","Non-neoplastic colon"
"TAACAGCAGTGCGTGG-1","Necrosis"
"TAACAGCATCACGATA-1","Tumor cells in muscularis propria"
"TAACAGCCTCACTGCC-1","Non-neoplastic colon"
"TAACAGGACGCTATCC-1","Tumor stroma in mucosa and submucosa"
"TAACAGGACTGGAGAC-1","Tumor cells in mucosa and submucosa"
"TAACAGGCAGGCATGA-1","Non-neoplastic colon"
"TAACAGGCATGAGTTC-1","Tumor stroma in mucosa and submucosa"
"TAACAGGTCAGTATTG-1","Non-neoplastic colon"
"TAACAGGTTCAGCCAC-1","Tumor stroma in subserosa"
"TAACAGTCAATGCACC-1","Non-neoplastic colon"
"TAACAGTCCAATTGTC-1","Non-neoplastic colon"
"TAACAGTTACTCGGAC-1","Non-neoplastic colon"
"TAACAGTTCTACAGGT-1","Non-neoplastic colon"
"TAACATAGACCGAATT-1","Tumor cells in mucosa and submucosa"
"TAACATAGGAGCACCT-1","Tumor cells in subserosa"
"TAACATCAATCCGCAC-1","Tumor stroma in mucosa and submucosa"
"TAACATCATGCTACGG-1","Tumor cells in mucosa and submucosa"
"TAACATTAAGCTCACC-1","Non-neoplastic colon"
"TAACCAACCGATAACA-1","Non-neoplastic colon"
"TAACCAACGAAGCGAT-1","Non-neoplastic colon"
"TAACCAGAAGGCCGAA-1","Non-neoplastic colon"
"TAACCAGACCTGCGTG-1","Tumor cells in mucosa and submucosa"
"TAACCGAACTGTTGCG-1","Tumor stroma in muscularis propria"
"TAACCGGATCTTACCT-1","Non-neoplastic colon"
"TAACCGGCTACACGGT-1","Tumor cells in mucosa and submucosa"
"TAACCTATCTTAATCA-1","Tumor cells in subserosa"
"TAACCTGAATGTGACA-1","Tumor cells in muscularis propria"
"TAACCTGGAATATCCA-1","Non-neoplastic colon"
"TAACCTTATCAATACC-1","Tumor cells in mucosa and submucosa"
"TAACCTTGAGCACGGC-1","Non-neoplastic colon"
"TAACGAAGCACGAATG-1","Tumor cells in mucosa and submucosa"
"TAACGAAGTGAAGCCA-1","Tumor stroma in subserosa"
"TAACGACAACTTCGTT-1","Non-neoplastic colon"
"TAACGACACCAAGAGC-1","Non-neoplastic colon"
"TAACGACATCACATCC-1","Tumor cells in mucosa and submucosa"
"TAACGACATGTACTGG-1","Non-neoplastic colon"
"TAACGACTTGGCACAG-1","Non-neoplastic colon"
"TAACGAGCACCGCCAG-1","Tumor cells in mucosa and submucosa"
"TAACGAGCCTTCGCCT-1","Tumor stroma at tumor invasive front/border"
"TAACGAGCGAGGTGTT-1","Tumor cells in mucosa and submucosa"
"TAACGAGCTAGAATCT-1","Non-neoplastic colon"
"TAACGAGTAAGACGCA-1","Tumor cells at tumor invasive front/border"
"TAACGAGTAGGTCATG-1","Tumor cells in subserosa"
"TAACGAGTTCACTTAA-1","Tumor cells at tumor invasive front/border"
"TAACGATGACGTCAGA-1","Tumor cells in muscularis propria"
"TAACGATGCAGACACC-1","Non-neoplastic colon"
"TAACGATGTCCACCGC-1","Non-neoplastic colon"
"TAACGCAGCGCTCATA-1","Non-neoplastic colon"
"TAACGCATCACCTATT-1","Tumor stroma in muscularis propria"
"TAACGCATTGACGATG-1","Tumor stroma in mucosa and submucosa"
"TAACGCATTGCACTGC-1","Tumor stroma in subserosa"
"TAACGCGGCTGAGGAC-1","Tumor stroma in muscularis propria"
"TAACGCGTACGGAGCG-1","Tumor stroma in mucosa and submucosa"
"TAACGCTACAAGCTAA-1","Tumor stroma in mucosa and submucosa"
"TAACGCTCATTGAAGG-1","Tumor cells in mucosa and submucosa"
"TAACGCTCGCAGCCGG-1","Tumor stroma in subserosa"
"TAACGCTCGGAGTGAT-1","Tumor cells in subserosa"
"TAACGCTTCCAACTGT-1","Non-neoplastic colon"
"TAACGCTTGACCTCCG-1","Non-neoplastic colon"
"TAACGGTTGCGTATCC-1","Non-neoplastic colon"
"TAACGTAACTCGCTGA-1","Tumor stroma in subserosa"
"TAACGTAAGGCGTGAA-1","Non-neoplastic colon"
"TAACGTAATACGACGC-1","Tumor cells in mucosa and submucosa"
"TAACGTCACGTAGCAG-1","Tumor stroma in mucosa and submucosa"
"TAACTCATGGAACGCA-1","Non-neoplastic colon"
"TAACTCGCGGATAATC-1","Tumor stroma in subserosa"
"TAACTCGCGGCCGTTG-1","Tumor cells at tumor invasive front/border"
"TAACTGAGAATTAGAA-1","Tumor cells in mucosa and submucosa"
"TAACTGAGATGTCACT-1","Tumor stroma in muscularis propria"
"TAACTGAGCCTGGTAT-1","Tumor cells in mucosa and submucosa"
"TAACTGATTAACTAGT-1","Tumor cells in subserosa"
"TAACTGTACTGAGGAT-1","Tumor cells in mucosa and submucosa"
"TAACTTCCATCCTACC-1","Non-neoplastic colon"
"TAAGAACGAACGGACC-1","Tumor cells in mucosa and submucosa"
"TAAGAACGACTAACGT-1","Tumor stroma in muscularis propria"
"TAAGAACGCACGTCTT-1","Other"
"TAAGAACGCTTCAACT-1","Tumor cells in mucosa and submucosa"
"TAAGAACGTTGAGGTC-1","Non-neoplastic colon"
"TAAGAAGTAGGAGCGG-1","Non-neoplastic colon"
"TAAGAAGTTATGCGTG-1","Other"
"TAAGAATAACTCCTCG-1","Tumor cells in muscularis propria"
"TAAGAATAGCATGATT-1","Non-neoplastic colon"
"TAAGAATAGCCGGCAC-1","Tumor cells in mucosa and submucosa"
"TAAGAATAGGCTAGGC-1","Tumor cells in muscularis propria"
"TAAGAATATCGGCGCC-1","Non-neoplastic colon"
"TAAGAATATGTCGCAA-1","Tumor cells in muscularis propria"
"TAAGAATGAGCTCGTT-1","Tumor cells in mucosa and submucosa"
"TAAGAATGGAACCTGG-1","Tumor stroma in subserosa"
"TAAGACAAGAGCGATA-1","Tumor cells in mucosa and submucosa"
"TAAGACAATAAGCCGC-1","Non-neoplastic colon"
"TAAGACGCACTGCTTC-1","Tumor stroma in subserosa"
"TAAGACGCAGATGGAA-1","Tumor cells in mucosa and submucosa"
"TAAGACGCCGACTCCG-1","Tumor cells in mucosa and submucosa"
"TAAGACGCTGATCCTC-1","Tumor cells in muscularis propria"
"TAAGACGTGCGTGGCA-1","Tumor stroma in mucosa and submucosa"
"TAAGACTACCTGTCGG-1","Non-neoplastic colon"
"TAAGATACTAGAGCCT-1","Tumor stroma in muscularis propria"
"TAAGATACTGTTCGAT-1","Non-neoplastic colon"
"TAAGATAGTTCCGATT-1","Tumor cells in mucosa and submucosa"
"TAAGATCTAGGACCTT-1","Tumor stroma at tumor invasive front/border"
"TAAGATCTGTACTACG-1","Non-neoplastic colon"
"TAAGATCTGTCAACTC-1","Necrosis"
"TAAGATGGCGGTGCTT-1","Tumor stroma in subserosa"
"TAAGATTGCGACGGAG-1","Tumor cells in mucosa and submucosa"
"TAAGATTGCGCTTCGC-1","Non-neoplastic colon"
"TAAGATTGGTTAACAG-1","Non-neoplastic colon"
"TAAGCAAGGTCCGGTG-1","Tumor cells in muscularis propria"
"TAAGCACTATGTTCAA-1","Non-neoplastic colon"
"TAAGCACTGCGGCATT-1","Tumor cells in muscularis propria"
"TAAGCAGGAGTGCACT-1","Non-neoplastic colon"
"TAAGCAGGTGCGTGTA-1","Tumor cells in muscularis propria"
"TAAGCAGTTCTGGTCT-1","Non-neoplastic colon"
"TAAGCATCACTCTACA-1","Tumor cells in muscularis propria"
"TAAGCATCGCTCATAG-1","Tumor cells in mucosa and submucosa"
"TAAGCATCTGTACAGT-1","Non-neoplastic colon"
"TAAGCATCTTGTCGGC-1","Non-neoplastic colon"
"TAAGCATTGGAGTGGC-1","Tumor cells in muscularis propria"
"TAAGCCAACCAACTTG-1","Tumor cells in mucosa and submucosa"
"TAAGCCACATGGTAAT-1","Tumor cells in muscularis propria"
"TAAGCCACCGAGTTCC-1","Non-neoplastic colon"
"TAAGCCACGGTTCGTC-1","Tumor cells in muscularis propria"
"TAAGCCATGTGGCTTA-1","Non-neoplastic colon"
"TAAGCCTGAACTGTGA-1","Non-neoplastic colon"
"TAAGCCTGCGCATGGT-1","Tumor cells in muscularis propria"
"TAAGCGCAACGCTGCC-1","Tumor cells in muscularis propria"
"TAAGGACCTCGGTTCT-1","Non-neoplastic colon"
"TAAGGAGCGGTGCTTG-1","Tumor cells in mucosa and submucosa"
"TAAGGAGTACTCCACC-1","Non-neoplastic colon"
"TAAGGCAACCACGCTC-1","Tumor cells in mucosa and submucosa"
"TAAGGTATAATCTTGG-1","Tumor cells in muscularis propria"
"TAAGGTATACGAACGG-1","Tumor cells in subserosa"
"TAAGGTATCCACCGCT-1","Non-neoplastic colon"
"TAAGGTATCTTGGTCT-1","Non-neoplastic colon"
"TAAGGTATGGCGTCGG-1","Non-neoplastic colon"
"TAAGGTCCGGTTATAC-1","Non-neoplastic colon"
"TAAGGTGACCTTCCAG-1","Tumor stroma in subserosa"
"TAAGGTGACTGTTACT-1","Tumor cells in subserosa"
"TAAGGTGGCCGCTCCG-1","Tumor cells in mucosa and submucosa"
"TAAGGTGGCTTGCGCC-1","Tumor cells in muscularis propria"
"TAAGGTTGTACATGCG-1","Tumor stroma in muscularis propria"
"TAAGTAGAACTTGCCA-1","Tumor cells in mucosa and submucosa"
"TAAGTCGATAGACCGA-1","Non-neoplastic colon"
"TAAGTGAAGTCTGGAT-1","Non-neoplastic colon"
"TAAGTGACTTCCATGT-1","Tumor stroma in mucosa and submucosa"
"TAAGTGCCGATATTGT-1","Tumor cells in muscularis propria"
"TAAGTGCTTCCTAATC-1","Non-neoplastic colon"
"TAAGTGGAGCCGGTGA-1","Other"
"TAAGTGGCTACCTCAC-1","Tumor stroma in muscularis propria"
"TAAGTTGTGCTATGGA-1","Non-neoplastic colon"
"TAATACAAGTACCTTC-1","Tumor cells in muscularis propria"
"TAATACAGCAGGCTTG-1","Non-neoplastic colon"
"TAATAGCCACGAACTA-1","Tumor cells in muscularis propria"
"TAATAGCGACATCATT-1","Non-neoplastic colon"
"TAATCAAGTTGACCTC-1","Non-neoplastic colon"
"TAATCCTTGAGCCTCG-1","Tumor cells in mucosa and submucosa"
"TAATCGACATGTGCAC-1","Non-neoplastic colon"
"TAATCTACATACTGTT-1","Tumor cells in subserosa"
"TAATCTCCGCGAGTTC-1","Tumor cells in mucosa and submucosa"
"TAATCTGGCTACAGTC-1","Tumor stroma in subserosa"
"TAATGTCAAGCGGACG-1","Tumor stroma at tumor invasive front/border"
"TAATGTCACTTCCTAA-1","Non-neoplastic colon"
"TAATGTCGACTTGTGG-1","Tumor cells in mucosa and submucosa"
"TAATGTTCGATCGCAG-1","Non-neoplastic colon"
"TAATTAACTCACTCTA-1","Tumor cells in subserosa"
"TAATTAACTCCAGGAT-1","Tumor stroma in muscularis propria"
"TAATTAAGAAGGCTAT-1","Non-neoplastic colon"
"TAATTAAGTGACGTCC-1","Tumor cells in subserosa"
"TAATTACCTCTAGACC-1","Tumor stroma in muscularis propria"
"TAATTACTATCACGTG-1","Tumor stroma in subserosa"
"TAATTACTCCTGAATA-1","Non-neoplastic colon"
"TAATTAGCGGACTTGG-1","PNI"
"TAATTAGGAGCACGCA-1","Tumor stroma in muscularis propria"
"TAATTAGGTGCAGAGC-1","Non-neoplastic colon"
"TAATTAGTGAGTTGAA-1","Tumor cells in mucosa and submucosa"
"TAATTAGTGCCGTCGG-1","Non-neoplastic colon"
"TAATTATCAAGAGCAT-1","Non-neoplastic colon"
"TAATTATCCAAGGATT-1","Tumor stroma in subserosa"
"TAATTATCGCGGTAAT-1","Non-neoplastic colon"
"TAATTATCGCTACTTC-1","Non-neoplastic colon"
"TAATTATCTTATCTCC-1","Tumor cells in mucosa and submucosa"
"TAATTCCTACTCGCTT-1","Tumor cells in mucosa and submucosa"
"TAATTGAAGAACCATA-1","Tumor cells in subserosa"
"TAATTGATAGGCCTTG-1","Non-neoplastic colon"
"TAATTGATGCGAGTCC-1","Tumor cells in mucosa and submucosa"
"TAATTGCGCCGTGCAA-1","Non-neoplastic colon"
"TAATTGTCACGGCCTC-1","Tumor cells in mucosa and submucosa"
"TAATTGTCTACTGTTA-1","Non-neoplastic colon"
"TACAACAGATTGGATG-1","Non-neoplastic colon"
"TACAACAGTTAACATA-1","Tumor cells in mucosa and submucosa"
"TACAACCTTCTAGATG-1","Tumor stroma in subserosa"
"TACAACGAGCTCGGCA-1","Non-neoplastic colon"
"TACAACGCGAGTTGCG-1","Non-neoplastic colon"
"TACAACGCTCTGCACG-1","Tumor stroma in mucosa and submucosa"
"TACAAGACGCTGATTC-1","Tumor stroma in muscularis propria"
"TACAAGACGTAGCCAT-1","Tumor cells in mucosa and submucosa"
"TACAAGACTAATCAGC-1","Tumor cells in mucosa and submucosa"
"TACAAGATAGACTGTC-1","Non-neoplastic colon"
"TACAAGATTAGTGCAT-1","Non-neoplastic colon"
"TACAAGCAGTGAGCGA-1","Non-neoplastic colon"
"TACAAGCCAGGTGGAA-1","Tumor stroma in muscularis propria"
"TACAAGCGGATCAGAC-1","Tumor cells in muscularis propria"
"TACAAGCGGTATGTTC-1","Tumor cells in mucosa and submucosa"
"TACAAGCGTGTCGTAT-1","Tumor stroma in subserosa"
"TACAAGTCCGCTAACG-1","Tumor stroma in muscularis propria"
"TACAAGTCGGCCGTTC-1","Tumor cells in mucosa and submucosa"
"TACAAGTCTGAGATTA-1","Tumor stroma in mucosa and submucosa"
"TACAAGTGCTATGGAT-1","Non-neoplastic colon"
"TACAAGTGGACTAGTT-1","Non-neoplastic colon"
"TACAAGTGGAGCTCGT-1","Non-neoplastic colon"
"TACAAGTGTCACTATT-1","Non-neoplastic colon"
"TACAAGTTAGTTCTAT-1","Tumor cells in muscularis propria"
"TACAAGTTGCACGTCT-1","Non-neoplastic colon"
"TACAAGTTGTGAACAG-1","Tumor cells in muscularis propria"
"TACAATCAGACGAAGC-1","Non-neoplastic colon"
"TACACCATGAGGCCAA-1","Non-neoplastic colon"
"TACACGCCGAACAGCG-1","Tumor cells in muscularis propria"
"TACACGCCGTATTCTG-1","Non-neoplastic colon"
"TACACTACATCTAGGA-1","Tumor stroma in muscularis propria"
"TACACTACATTCTTGT-1","Non-neoplastic colon"
"TACACTACGAAGGATT-1","Tumor cells in muscularis propria"
"TACACTAGCTGAACTG-1","Non-neoplastic colon"
"TACACTAGTGCGAGTT-1","Non-neoplastic colon"
"TACACTCAATCCACTT-1","Non-neoplastic colon"
"TACACTCACCTACTTC-1","Tumor stroma in muscularis propria"
"TACACTGACTTAGCTT-1","Non-neoplastic colon"
"TACACTGATTCTATAG-1","Non-neoplastic colon"
"TACACTGCTTGCTTCA-1","Necrosis"
"TACACTGTAGCGTTGC-1","Necrosis"
"TACACTGTGGCTGAAT-1","Tumor cells in mucosa and submucosa"
"TACACTGTTCCGGTTG-1","Non-neoplastic colon"
"TACACTTAAGGTGGAT-1","Non-neoplastic colon"
"TACACTTCATTAACTC-1","Non-neoplastic colon"
"TACAGACCATAGCATT-1","Tumor cells in mucosa and submucosa"
"TACAGACCTTGACGGT-1","Tumor cells at tumor invasive front/border"
"TACAGATAGATGTATG-1","Tumor cells in mucosa and submucosa"
"TACAGATATCGTATGG-1","Tumor cells in subserosa"
"TACAGATCAGTTGTAC-1","Tumor stroma in muscularis propria"
"TACAGCATGTAACGAT-1","Tumor stroma in subserosa"
"TACAGCCTCATTGGTG-1","Non-neoplastic colon"
"TACAGGTGGCTCATTG-1","Tumor cells in mucosa and submucosa"
"TACATAATTCTTGCCT-1","Non-neoplastic colon"
"TACATACCAGTCTGTC-1","Tumor stroma in mucosa and submucosa"
"TACATACGGCAACGAG-1","Non-neoplastic colon"
"TACATCACAGGAGCAC-1","Non-neoplastic colon"
"TACATCACTCAGGCCG-1","Tumor stroma in mucosa and submucosa"
"TACATCCAGACCTTGT-1","Non-neoplastic colon"
"TACATCGGAGAATGTA-1","Tumor cells in muscularis propria"
"TACATTAGACAAGCTT-1","Non-neoplastic colon"
"TACATTATAAGTTGGA-1","Tumor cells in mucosa and submucosa"
"TACATTCGGTACATAC-1","Tumor cells in mucosa and submucosa"
"TACCAACACGAAGATG-1","Non-neoplastic colon"
"TACCAAGGAACAGAGG-1","Non-neoplastic colon"
"TACCACGATGACTGAC-1","Tumor stroma in mucosa and submucosa"
"TACCATCCTACGTGAG-1","Tumor stroma in mucosa and submucosa"
"TACCATCCTATTCGTA-1","Non-neoplastic colon"
"TACCATCGGTTGCTCG-1","Tumor stroma in muscularis propria"
"TACCATGGAATCTTCC-1","Tumor stroma in subserosa"
"TACCATGGACGGTTGG-1","Non-neoplastic colon"
"TACCATTACACGCAGA-1","Tumor stroma in muscularis propria"
"TACCATTATCAACTTC-1","Non-neoplastic colon"
"TACCATTATGACCAAT-1","Tumor cells in mucosa and submucosa"
"TACCATTGTAACCGTG-1","Non-neoplastic colon"
"TACCATTGTAAGGACT-1","Tumor cells in mucosa and submucosa"
"TACCGATATCTACACC-1","Non-neoplastic colon"
"TACCGCATACATCTGG-1","Tumor stroma in subserosa"
"TACCGCGAACATGCGA-1","Tumor cells in mucosa and submucosa"
"TACCGCGAGTTGTAGA-1","Tumor stroma in subserosa"
"TACCGCGTCGGTTCTG-1","Tumor cells in mucosa and submucosa"
"TACCGCTTACCAGTCT-1","Non-neoplastic colon"
"TACCGGACCATAGTAC-1","Tumor cells in mucosa and submucosa"
"TACCGGAGATTAATCC-1","Tumor stroma in subserosa"
"TACCGGATGGCCGCGT-1","Non-neoplastic colon"
"TACCGGCCGTAGATTC-1","Tumor cells in mucosa and submucosa"
"TACCGGTTCAATGTGC-1","Tumor stroma in mucosa and submucosa"
"TACCGGTTGTACAACT-1","Tumor cells in mucosa and submucosa"
"TACCGTAATATGCATC-1","Tumor cells in mucosa and submucosa"
"TACCGTATCCAGCCTG-1","Tumor stroma in subserosa"
"TACCGTCGTTGCAGTC-1","Non-neoplastic colon"
"TACCGTGAACCTAATC-1","Other"
"TACCGTGCAACTGTCA-1","Other"
"TACCGTGGACCAGGTT-1","Tumor cells in mucosa and submucosa"
"TACCGTGGCATGTATT-1","Tumor cells at tumor invasive front/border"
"TACCGTTCGGAAGATC-1","Tumor cells in mucosa and submucosa"
"TACCTACCGGCTCAAT-1","Tumor stroma in muscularis propria"
"TACCTATTCATCCGAC-1","Tumor cells in mucosa and submucosa"
"TACCTATTGGCCGAGC-1","Non-neoplastic colon"
"TACCTCAAGAATTAGG-1","Tumor stroma at tumor invasive front/border"
"TACCTCATCGCTGCTC-1","Non-neoplastic colon"
"TACCTCCGGCTTAATC-1","Tumor cells in mucosa and submucosa"
"TACCTCGATGAACTGC-1","Non-neoplastic colon"
"TACCTCGTAGGAACTT-1","Non-neoplastic colon"
"TACCTGAGTGAGTGCG-1","Non-neoplastic colon"
"TACCTGTAACGGCGCT-1","Tumor cells in muscularis propria"
"TACCTGTAATCTAGGT-1","Tumor cells in muscularis propria"
"TACCTGTAGGAACACG-1","Other"
"TACGACGCACGATGTT-1","Tumor cells in muscularis propria"
"TACGACGCGAGGATCT-1","Non-neoplastic colon"
"TACGACGTCCTCACCA-1","Tumor stroma in mucosa and submucosa"
"TACGACGTGCTGGTAT-1","Non-neoplastic colon"
"TACGACGTTAGGTGGA-1","Tumor cells in mucosa and submucosa"
"TACGACGTTCCAAGGT-1","Tumor stroma in mucosa and submucosa"
"TACGACTAACTGCTGA-1","Tumor cells at tumor invasive front/border"
"TACGACTAATGTAAGT-1","Tumor stroma in subserosa"
"TACGACTATGCGCATA-1","Non-neoplastic colon"
"TACGACTCTAGAGCAC-1","Tumor cells in mucosa and submucosa"
"TACGACTGGAGTTAGG-1","Tumor cells in subserosa"
"TACGACTTAACGTCTA-1","Tumor cells in mucosa and submucosa"
"TACGACTTGAACGGAG-1","Tumor cells in muscularis propria"
"TACGCAAGACAGCGCT-1","Non-neoplastic colon"
"TACGCAATAGGAGTTG-1","Non-neoplastic colon"
"TACGCACTCGGCGTGC-1","Tumor cells in mucosa and submucosa"
"TACGCAGAAGCCTGCA-1","Tumor stroma in mucosa and submucosa"
"TACGCAGAGTTACGCC-1","Non-neoplastic colon"
"TACGCCGGCAGATTAA-1","Non-neoplastic colon"
"TACGCCTACCGTGGAA-1","Tumor cells in mucosa and submucosa"
"TACGCTAATACCGTAT-1","Tumor cells in muscularis propria"
"TACGCTCATGAAGAAT-1","Tumor cells in muscularis propria"
"TACGCTCATTCGCTGA-1","Tumor stroma in mucosa and submucosa"
"TACGCTGCGTGCTGTT-1","Tumor stroma at tumor invasive front/border"
"TACGGAATCTTAAGCG-1","Tumor cells in mucosa and submucosa"
"TACGGAATGTCCTGTT-1","Tumor cells in subserosa"
"TACGGACACCGCGTCG-1","Non-neoplastic colon"
"TACGGACACGCCACTC-1","Non-neoplastic colon"
"TACGGACAGAACGCTA-1","Tumor stroma in mucosa and submucosa"
"TACGGACCGTTATTCT-1","Tumor cells in mucosa and submucosa"
"TACGGACCTAATTACG-1","Non-neoplastic colon"
"TACGGACCTGAGCGTG-1","Tumor cells in mucosa and submucosa"
"TACGGAGGCCATCTGA-1","Tumor cells in mucosa and submucosa"
"TACGGAGGTGCCGGAG-1","Tumor cells in mucosa and submucosa"
"TACGGAGGTTGAGCGG-1","Non-neoplastic colon"
"TACGGAGTCTCGGTAC-1","Non-neoplastic colon"
"TACGGAGTCTGCTTCT-1","Non-neoplastic colon"
"TACGGAGTGCGGATAG-1","Non-neoplastic colon"
"TACGGATCACCACGGC-1","Tumor stroma in mucosa and submucosa"
"TACGGATCAGGCTGGT-1","Tumor stroma in subserosa"
"TACGGATTCACTAATG-1","Tumor cells in mucosa and submucosa"
"TACGGCGAACAGGTCG-1","Tumor stroma in muscularis propria"
"TACGGTAGACATTCTA-1","Tumor cells in subserosa"
"TACGGTAGGAACTGCT-1","Tumor cells in mucosa and submucosa"
"TACGGTCAGTTCTTGA-1","Tumor stroma in subserosa"
"TACGGTGCTGAGTTCC-1","Non-neoplastic colon"
"TACGTAAGGCGTCTGG-1","Non-neoplastic colon"
"TACGTAAGTAGATAAC-1","Non-neoplastic colon"
"TACGTAATCCGCTGGA-1","Non-neoplastic colon"
"TACGTAATTAGTGAGT-1","Necrosis"
"TACGTACACCGTTCCT-1","Tumor stroma in subserosa"
"TACGTACAGCGACATC-1","Tumor cells in mucosa and submucosa"
"TACGTACAGTCCACCT-1","Tumor cells in mucosa and submucosa"
"TACGTACATGACCAAC-1","Tumor stroma in mucosa and submucosa"
"TACGTACATGCGTTGT-1","Non-neoplastic colon"
"TACGTACGATACAGGT-1","Tumor cells in mucosa and submucosa"
"TACGTACGATCAGAAC-1","Tumor cells in mucosa and submucosa"
"TACGTACGCCACATTG-1","Non-neoplastic colon"
"TACGTACTAATACTGG-1","Tumor stroma in subserosa"
"TACGTAGCGGTGGCGA-1","Non-neoplastic colon"
"TACGTAGCTCCGAGAT-1","Tumor cells in muscularis propria"
"TACGTAGCTTCTCGCC-1","Non-neoplastic colon"
"TACGTAGGCATATCTT-1","Tumor stroma in subserosa"
"TACGTAGGTCAAGGAC-1","Tumor stroma in muscularis propria"
"TACGTATCCGTGAGCG-1","Tumor cells in mucosa and submucosa"
"TACGTATCGGAACTCC-1","Non-neoplastic colon"
"TACGTATGCCACGACT-1","Non-neoplastic colon"
"TACGTATGTTCATGAT-1","Non-neoplastic colon"
"TACGTGAGATAATGAC-1","Non-neoplastic colon"
"TACGTGAGGTTGGACA-1","Non-neoplastic colon"
"TACGTGCCGGCCGTCT-1","Non-neoplastic colon"
"TACGTGCGAACCTCTA-1","Tumor cells in mucosa and submucosa"
"TACGTGCGAGTACACC-1","Tumor cells in subserosa"
"TACGTGCGCATTAACG-1","Tumor stroma in muscularis propria"
"TACGTGGACCGTATTC-1","Tumor cells in mucosa and submucosa"
"TACGTTACAACCAAGT-1","Non-neoplastic colon"
"TACGTTATACTTAGCT-1","Tumor stroma in mucosa and submucosa"
"TACGTTCCGACAGTGA-1","Non-neoplastic colon"
"TACGTTCCTTAACTTG-1","Tumor stroma at tumor invasive front/border"
"TACGTTCGTCGAACTC-1","Tumor cells in subserosa"
"TACGTTCTAAGGTGCG-1","Tumor cells in mucosa and submucosa"
"TACGTTCTGACAAGCT-1","Non-neoplastic colon"
"TACGTTCTGTGATCAT-1","PNI"
"TACGTTGCTACACCGC-1","Non-neoplastic colon"
"TACTAAGGACAACGTC-1","Tumor stroma in mucosa and submucosa"
"TACTAAGTGAGCATTC-1","Tumor cells in mucosa and submucosa"
"TACTAGACAGTAATGC-1","Non-neoplastic colon"
"TACTAGACGATGTAAC-1","Tumor stroma in muscularis propria"
"TACTAGACTCACAGAT-1","Tumor cells in muscularis propria"
"TACTAGCGAGGCGGTC-1","Non-neoplastic colon"
"TACTAGCGCCTGAGCT-1","Tumor cells in mucosa and submucosa"
"TACTAGCTCGGAATCT-1","Tumor stroma in subserosa"
"TACTAGGATCTTGCCA-1","Necrosis"
"TACTAGGCCGAACTAG-1","Tumor stroma in mucosa and submucosa"
"TACTAGGCCGGTAAGC-1","Tumor cells in muscularis propria"
"TACTAGGTAGATGCGT-1","Non-neoplastic colon"
"TACTAGGTCCGCGGCT-1","Tumor cells in subserosa"
"TACTAGGTCTTGATCA-1","Tumor cells in subserosa"
"TACTAGGTGATAGACA-1","Non-neoplastic colon"
"TACTAGTAGGAAGTTG-1","Tumor cells in muscularis propria"
"TACTAGTAGGATCGGC-1","Tumor cells in mucosa and submucosa"
"TACTAGTGGAGTGGCG-1","Non-neoplastic colon"
"TACTCAACTATGCACC-1","Tumor cells in mucosa and submucosa"
"TACTCATATGTTACTG-1","Tumor cells in mucosa and submucosa"
"TACTCCACCGCCGTGG-1","Tumor cells in muscularis propria"
"TACTCCAGACTCATTG-1","Non-neoplastic colon"
"TACTCCAGCGCATTCT-1","Tumor cells in mucosa and submucosa"
"TACTCCAGTGCACGGC-1","Tumor cells in mucosa and submucosa"
"TACTCCGCCACTCAGG-1","Non-neoplastic colon"
"TACTCCGCCAGCGAAT-1","Non-neoplastic colon"
"TACTCCGTGACAGTAG-1","Non-neoplastic colon"
"TACTCCGTTGCAGCCT-1","Tumor stroma in mucosa and submucosa"
"TACTCCTGAGCCGCAC-1","Non-neoplastic colon"
"TACTCCTTGTCCGACA-1","Non-neoplastic colon"
"TACTCGATCTTCCTTC-1","Non-neoplastic colon"
"TACTCGTAGGTTGCAA-1","Tumor cells in mucosa and submucosa"
"TACTCGTGCTGTGCCT-1","Tumor stroma in muscularis propria"
"TACTCGTGTTCGTCTA-1","Tumor cells in subserosa"
"TACTGGCAAGCGTATC-1","Non-neoplastic colon"
"TACTGGCATATTACCT-1","Non-neoplastic colon"
"TACTGTACCTTACTCG-1","Tumor stroma in subserosa"
"TACTGTCCTTATCGGC-1","Non-neoplastic colon"
"TACTGTTGCCTATCAT-1","Tumor stroma in muscularis propria"
"TACTTAACTTGCCTTC-1","Non-neoplastic colon"
"TACTTACACGCAGCTT-1","Tumor stroma in subserosa"
"TACTTAGACAACTCGC-1","Tumor stroma in muscularis propria"
"TACTTAGATCATTACT-1","Non-neoplastic colon"
"TACTTCACTCCTTAGG-1","Tumor stroma in subserosa"
"TACTTCGCCGTGCGGA-1","Non-neoplastic colon"
"TACTTGGCGAACGCGT-1","Tumor stroma in mucosa and submucosa"
"TAGAACCTATCTATTC-1","Tumor cells in mucosa and submucosa"
"TAGAACCTGTGCGGTG-1","Tumor stroma in subserosa"
"TAGAACCTGTTCACAT-1","Non-neoplastic colon"
"TAGAACTCGAGCGTAA-1","Tumor cells in mucosa and submucosa"
"TAGAACTCTGAGTTGT-1","Tumor stroma in mucosa and submucosa"
"TAGAAGGAGCTGGATG-1","Tumor cells in mucosa and submucosa"
"TAGAAGGTGGTCTGTA-1","Tumor cells in mucosa and submucosa"
"TAGAATCCGAGCTTCC-1","Tumor cells in mucosa and submucosa"
"TAGAATCGGCTTGGCC-1","Tumor cells in mucosa and submucosa"
"TAGAATTCCTGCAAGA-1","Non-neoplastic colon"
"TAGACAACTCATGCAG-1","Tumor cells in mucosa and submucosa"
"TAGACAAGCGACCTGG-1","Tumor stroma in muscularis propria"
"TAGACAAGTCACTGCT-1","Tumor cells in muscularis propria"
"TAGACAATCACCTTAC-1","Tumor stroma at tumor invasive front/border"
"TAGACAATCACTCCTT-1","Tumor stroma in subserosa"
"TAGACAATGGAACAAG-1","Tumor cells in mucosa and submucosa"
"TAGACACCGACACGAG-1","Tumor stroma in subserosa"
"TAGACAGCCAGTTACG-1","Tumor stroma in muscularis propria"
"TAGACAGCGTGAGTGC-1","Tumor cells in mucosa and submucosa"
"TAGACAGGAGCCTCAT-1","Tumor cells in mucosa and submucosa"
"TAGACAGGCCTATCCT-1","Tumor stroma in subserosa"
"TAGACAGTACAAGGCC-1","Non-neoplastic colon"
"TAGACATAATCGGTGG-1","Non-neoplastic colon"
"TAGACATATGTACCTT-1","Non-neoplastic colon"
"TAGACATGCCGAAGGC-1","Non-neoplastic colon"
"TAGACATGCTAGTGAA-1","Non-neoplastic colon"
"TAGACATTACGGAGCA-1","Non-neoplastic colon"
"TAGACATTCCATACAT-1","Tumor cells in subserosa"
"TAGACCGACTTATGCG-1","Tumor stroma at tumor invasive front/border"
"TAGACCGTTCATCTAT-1","Tumor stroma in subserosa"
"TAGACCTAGCCACTTA-1","Non-neoplastic colon"
"TAGACGGAAGCGAATA-1","Non-neoplastic colon"
"TAGACGGACTCAATGG-1","Necrosis"
"TAGACGTACGACATGT-1","Tumor cells in mucosa and submucosa"
"TAGACTAATTGCGTTC-1","Tumor stroma in mucosa and submucosa"
"TAGAGCGATGGCGGTG-1","Non-neoplastic colon"
"TAGAGGCAATCATACG-1","Tumor stroma in mucosa and submucosa"
"TAGAGGCCGGCTAGTG-1","Tumor stroma in mucosa and submucosa"
"TAGAGGTTGCAGCGTC-1","Non-neoplastic colon"
"TAGAGTACGCCAATCC-1","Non-neoplastic colon"
"TAGAGTACGTGCCGAG-1","Tumor cells in muscularis propria"
"TAGAGTCCGTTAACGC-1","Non-neoplastic colon"
"TAGAGTGGCGCTATAG-1","Non-neoplastic colon"
"TAGAGTGGTCCACGAT-1","Non-neoplastic colon"
"TAGAGTTAATGACAAT-1","Non-neoplastic colon"
"TAGAGTTGATGGTGCG-1","Non-neoplastic colon"
"TAGAGTTGGTCTAATT-1","Tumor cells in mucosa and submucosa"
"TAGATGAGATCCGGAA-1","Tumor cells in mucosa and submucosa"
"TAGATGAGGCTATTCC-1","Tumor cells in mucosa and submucosa"
"TAGATGAGGTGATAGA-1","Tumor stroma in mucosa and submucosa"
"TAGATGCGCTATTCAG-1","Tumor stroma in mucosa and submucosa"
"TAGATGCGTCAGCACT-1","Tumor cells in muscularis propria"
"TAGATGCTCAGACTTA-1","Non-neoplastic colon"
"TAGATGCTCCGCGACA-1","Non-neoplastic colon"
"TAGATGCTTGAACAGC-1","Tumor cells in mucosa and submucosa"
"TAGATGGCTAGACTGC-1","Tumor cells in subserosa"
"TAGATGGTATGGTCAG-1","Tumor cells in mucosa and submucosa"
"TAGATGGTCGGAGGCG-1","Tumor cells in mucosa and submucosa"
"TAGATGTCACAATGAG-1","Non-neoplastic colon"
"TAGATGTCCTACGCCG-1","Tumor stroma in mucosa and submucosa"
"TAGATGTTCTATCAGG-1","Tumor cells in mucosa and submucosa"
"TAGATGTTGAGCGTGG-1","Non-neoplastic colon"
"TAGCAAGATTACAGGA-1","Tumor stroma in mucosa and submucosa"
"TAGCACGGCTAGCTCG-1","Tumor stroma in mucosa and submucosa"
"TAGCAGCGACTAGATC-1","Tumor cells in mucosa and submucosa"
"TAGCAGCGAGTGTAGG-1","Tumor cells in mucosa and submucosa"
"TAGCAGGCATAATTGA-1","Tumor cells in mucosa and submucosa"
"TAGCAGGTGGAGCATC-1","Non-neoplastic colon"
"TAGCAGTATTAATTCT-1","Non-neoplastic colon"
"TAGCAGTCCGGATTCA-1","Necrosis"
"TAGCAGTGCCGACCAT-1","Non-neoplastic colon"
"TAGCATGTCTGTTCAG-1","Non-neoplastic colon"
"TAGCCAGTATTGCTTC-1","Tumor cells in mucosa and submucosa"
"TAGCCGAAGCTCGTCA-1","Non-neoplastic colon"
"TAGCCGACCAGCCGAG-1","Non-neoplastic colon"
"TAGCCGATCGAGCCAA-1","Tumor cells in mucosa and submucosa"
"TAGCCGCATCACAGTT-1","Non-neoplastic colon"
"TAGCCGCATTCTACTG-1","Tumor cells at tumor invasive front/border"
"TAGCCGTCGCCACTGT-1","Tumor stroma in subserosa"
"TAGCGTAGACGGATCA-1","Tumor cells in muscularis propria"
"TAGCGTAGCTGACTCC-1","Non-neoplastic colon"
"TAGCGTAGGCCGGCAC-1","Non-neoplastic colon"
"TAGCGTATCGGATCCA-1","Tumor cells in mucosa and submucosa"
"TAGCGTATCTACGGTA-1","Tumor cells in muscularis propria"
"TAGCGTATGGTTGGCT-1","Tumor stroma in subserosa"
"TAGCGTATTACTTCAC-1","Tumor stroma in subserosa"
"TAGCGTCAGCCGAACT-1","Non-neoplastic colon"
"TAGCGTCTACGCCATG-1","Tumor cells in subserosa"
"TAGCGTCTGACCATAC-1","Non-neoplastic colon"
"TAGCGTCTGTGATGTC-1","Tumor cells at tumor invasive front/border"
"TAGCGTGCTTACCGGT-1","Tumor cells in mucosa and submucosa"
"TAGCGTGCTTCGATCA-1","Non-neoplastic colon"
"TAGCGTGGAACGAAGC-1","Non-neoplastic colon"
"TAGCGTGGCGGATAGG-1","Tumor cells in subserosa"
"TAGCGTTAATGAGGCC-1","Tumor cells in mucosa and submucosa"
"TAGCGTTATCATCCGT-1","Tumor cells at tumor invasive front/border"
"TAGCTAAGTCCTGCTT-1","Tumor cells in subserosa"
"TAGCTAAGTCTGCAAC-1","Tumor stroma in subserosa"
"TAGCTAATCCGGCAGT-1","Non-neoplastic colon"
"TAGCTACCAGGCGATT-1","Non-neoplastic colon"
"TAGCTACGCTGACAAT-1","Tumor cells in subserosa"
"TAGCTACGGAATGCCT-1","Tumor cells in mucosa and submucosa"
"TAGCTACGGCTGGATT-1","Tumor cells in muscularis propria"
"TAGCTACTCACGGTAT-1","Tumor cells in subserosa"
"TAGCTACTTAAGTGGT-1","Tumor cells in mucosa and submucosa"
"TAGCTAGTCCTTCATG-1","Tumor cells in muscularis propria"
"TAGCTATGAACAGGCC-1","Non-neoplastic colon"
"TAGCTATGCTTATCGT-1","Tumor cells in mucosa and submucosa"
"TAGCTATGGTCATAAG-1","Tumor stroma in subserosa"
"TAGCTCGCTCGATCCA-1","Tumor stroma in mucosa and submucosa"
"TAGCTCGCTTACATGG-1","Non-neoplastic colon"
"TAGCTTACAGCGCAGC-1","Tumor cells in muscularis propria"
"TAGCTTCATTCGGCAA-1","Non-neoplastic colon"
"TAGCTTCTATGTAATT-1","Non-neoplastic colon"
"TAGGAACCAAGAGCAA-1","Non-neoplastic colon"
"TAGGAACCGCCTGTAT-1","Tumor cells in muscularis propria"
"TAGGAAGAATTGGAAG-1","Tumor cells in subserosa"
"TAGGAAGACAGTTATT-1","Non-neoplastic colon"
"TAGGAAGACGGCGAGC-1","Tumor cells in muscularis propria"
"TAGGAAGAGCCATACG-1","Tumor stroma in muscularis propria"
"TAGGAATTAAGTTCGG-1","Tumor stroma in subserosa"
"TAGGACAGGTACGCAA-1","Tumor stroma in mucosa and submucosa"
"TAGGACCATCCGTTGC-1","Non-neoplastic colon"
"TAGGACCGAGTAAGAT-1","Tumor cells in mucosa and submucosa"
"TAGGACCGCTGATCGT-1","Tumor stroma in mucosa and submucosa"
"TAGGACCTAGTCACTC-1","Necrosis"
"TAGGACGGAGACCTGT-1","Tumor cells in mucosa and submucosa"
"TAGGACGGTGCGCAGG-1","Non-neoplastic colon"
"TAGGAGCAAGTCTTCA-1","Non-neoplastic colon"
"TAGGAGCCGCACATCC-1","Tumor cells in mucosa and submucosa"
"TAGGAGTTCGACTCGC-1","Non-neoplastic colon"
"TAGGATGCCTTCTAAG-1","Tumor stroma in muscularis propria"
"TAGGATGCTGAGGCAT-1","Tumor cells in subserosa"
"TAGGATGGAATGTCGC-1","Tumor stroma in subserosa"
"TAGGATGTCGATAGGC-1","Tumor cells in muscularis propria"
"TAGGATTATCGGTCAC-1","Tumor cells in mucosa and submucosa"
"TAGGATTCTAGTGGTT-1","Tumor stroma in subserosa"
"TAGGATTCTGCTATCC-1","Tumor cells in subserosa"
"TAGGCACCAAGCTTGT-1","Tumor stroma at tumor invasive front/border"
"TAGGCACCAGTGTCCG-1","Non-neoplastic colon"
"TAGGCACGAGGTGCCA-1","Tumor cells in mucosa and submucosa"
"TAGGCACTCGCCGGCA-1","Non-neoplastic colon"
"TAGGCAGACCTTGAGT-1","Tumor cells in mucosa and submucosa"
"TAGGCAGAGTTCAGAT-1","Non-neoplastic colon"
"TAGGCAGATTCATCAA-1","Non-neoplastic colon"
"TAGGCAGATTCCAAGG-1","Tumor stroma in subserosa"
"TAGGCAGCACCGCAGC-1","Tumor stroma in mucosa and submucosa"
"TAGGCAGGCGTCTGAG-1","Tumor cells in mucosa and submucosa"
"TAGGCATCACTTCCTG-1","Non-neoplastic colon"
"TAGGCGATGCACCAGC-1","Non-neoplastic colon"
"TAGGCGCATTCCGTCA-1","Non-neoplastic colon"
"TAGGCTAGACATTACG-1","Non-neoplastic colon"
"TAGGCTAGATACTCAC-1","Non-neoplastic colon"
"TAGGCTCGCAGGCAGG-1","Other"
"TAGGCTCGTCTACACG-1","Tumor cells in muscularis propria"
"TAGGCTGTCTTAAGAA-1","Tumor stroma in mucosa and submucosa"
"TAGGCTGTGGCTTCAC-1","Non-neoplastic colon"
"TAGGCTGTTAAGACTT-1","Necrosis"
"TAGGCTTCACCGATGT-1","Tumor cells in mucosa and submucosa"
"TAGGTACATGGATATG-1","Tumor stroma in subserosa"
"TAGGTCCGAACGGCGA-1","Tumor stroma at tumor invasive front/border"
"TAGGTCCGAGGACCAC-1","Tumor stroma in muscularis propria"
"TAGGTCCGGTATCAAT-1","Tumor stroma in mucosa and submucosa"
"TAGGTCCTACATGACA-1","Tumor stroma at tumor invasive front/border"
"TAGGTCGACAATGAAT-1","Tumor cells in subserosa"
"TAGGTCTGAACGTTCC-1","Non-neoplastic colon"
"TAGGTCTGTCACGCAG-1","Tumor cells in mucosa and submucosa"
"TAGGTCTTATCGCCAC-1","Non-neoplastic colon"
"TAGGTGAACTATCGTC-1","Tumor stroma at tumor invasive front/border"
"TAGGTTGCGGATACTA-1","Non-neoplastic colon"
"TAGTATAACTCAACGT-1","Tumor cells in muscularis propria"
"TAGTATAGCTGCTTCA-1","Non-neoplastic colon"
"TAGTATCACCTCACAT-1","Non-neoplastic colon"
"TAGTATCATTAAGGTG-1","Non-neoplastic colon"
"TAGTATCCATTATGCC-1","Non-neoplastic colon"
"TAGTATCCGTGCACCA-1","Other"
"TAGTATCGAGCCGATG-1","Tumor stroma in muscularis propria"
"TAGTATCGCATGAGGA-1","Tumor cells in mucosa and submucosa"
"TAGTATCGTCATCGCT-1","Tumor cells in muscularis propria"
"TAGTATCTGGTAACTT-1","Tumor stroma in muscularis propria"
"TAGTATGATTAGACTC-1","Non-neoplastic colon"
"TAGTATGTTCGGTTCC-1","Tumor stroma at tumor invasive front/border"
"TAGTATTACCGTGGCC-1","Tumor stroma in mucosa and submucosa"
"TAGTATTAGTCCTATT-1","Tumor cells in subserosa"
"TAGTATTATGTCGTTA-1","Tumor cells in muscularis propria"
"TAGTATTGATAGCGTC-1","Tumor cells in mucosa and submucosa"
"TAGTATTGGACCAACA-1","Tumor cells in muscularis propria"
"TAGTATTGGAGTTGGA-1","Tumor cells in mucosa and submucosa"
"TAGTCGCTCCATTGTC-1","Tumor cells in muscularis propria"
"TAGTCTGAGCTCGGAC-1","Tumor stroma in mucosa and submucosa"
"TAGTCTGGATGACATG-1","Tumor cells in mucosa and submucosa"
"TAGTGAACAGTCGGCA-1","Other"
"TAGTGAACTCAGGTCT-1","Non-neoplastic colon"
"TAGTGAATAGGACAGA-1","Non-neoplastic colon"
"TAGTGAATCTCATCAA-1","Tumor cells in muscularis propria"
"TAGTGAATCTCCATCT-1","Necrosis"
"TAGTGAATGCTATTGG-1","Other"
"TAGTGAATGGAGTCGC-1","Tumor stroma in muscularis propria"
"TAGTGAATTCGCCGAG-1","Non-neoplastic colon"
"TAGTGACCATGATCCA-1","Tumor stroma in mucosa and submucosa"
"TAGTGACCTGCAGACA-1","Non-neoplastic colon"
"TAGTGACTATCGTCGG-1","Non-neoplastic colon"
"TAGTGACTCCGAAGGA-1","Tumor cells in mucosa and submucosa"
"TAGTGACTGAAGCGAG-1","Tumor cells in mucosa and submucosa"
"TAGTGACTGGTCTAGA-1","Non-neoplastic colon"
"TAGTGAGGAATACTTA-1","Tumor cells in mucosa and submucosa"
"TAGTGAGGTATGTTGG-1","Tumor stroma in muscularis propria"
"TAGTGAGGTCGTTAGC-1","Tumor cells in mucosa and submucosa"
"TAGTGATAGCACTGAC-1","Tumor cells in mucosa and submucosa"
"TAGTGATAGTCTACTC-1","Tumor cells in mucosa and submucosa"
"TAGTGATAGTTCCTCA-1","Tumor cells in subserosa"
"TAGTGATCACATTAAG-1","Tumor cells in mucosa and submucosa"
"TAGTGATCGAGTCGAC-1","Tumor stroma in muscularis propria"
"TAGTGATCGGAATCAA-1","Non-neoplastic colon"
"TAGTGATGCACTTGTC-1","Non-neoplastic colon"
"TAGTGATGTCAGAAGG-1","Tumor cells in subserosa"
"TAGTGATTACCTCGCT-1","Tumor stroma in subserosa"
"TAGTGCAGATCACCGT-1","Tumor stroma in subserosa"
"TAGTGCCAAGTTAGCA-1","Tumor cells in mucosa and submucosa"
"TAGTGCCAATGTGGAT-1","Tumor cells in muscularis propria"
"TAGTGCCACGGCGACC-1","Non-neoplastic colon"
"TAGTGCCAGTATTAGC-1","Tumor cells in mucosa and submucosa"
"TAGTGCCATTCCGCTC-1","Tumor stroma in mucosa and submucosa"
"TAGTGCGGTCAGACAT-1","Tumor stroma in mucosa and submucosa"
"TAGTGCGTCCTCCAGA-1","Necrosis"
"TAGTGCTCGACCAGGC-1","Tumor cells in mucosa and submucosa"
"TAGTGCTCGCTCCGAG-1","Tumor stroma at tumor invasive front/border"
"TAGTGCTTCATTCTAC-1","Non-neoplastic colon"
"TAGTTCAACAAGTGAC-1","Tumor stroma in mucosa and submucosa"
"TAGTTCAAGCCTCGTA-1","Non-neoplastic colon"
"TAGTTCAATCTGGATG-1","Tumor cells in mucosa and submucosa"
"TAGTTCACAGTATGAC-1","Tumor stroma in mucosa and submucosa"
"TAGTTCACATGTCGCT-1","Tumor stroma in subserosa"
"TAGTTCACCTAGCTCA-1","Tumor stroma in muscularis propria"
"TAGTTCACGCCAACTG-1","Non-neoplastic colon"
"TAGTTCACGGTTGTGG-1","Non-neoplastic colon"
"TAGTTCATAACGGCTT-1","Tumor cells in mucosa and submucosa"
"TAGTTCATAGGTGCAG-1","Tumor cells in mucosa and submucosa"
"TAGTTCCAATCTCCAG-1","Non-neoplastic colon"
"TAGTTCCACGCAAGTA-1","Non-neoplastic colon"
"TAGTTCCACGTGTTCC-1","Non-neoplastic colon"
"TAGTTCCAGAATCGCT-1","Tumor cells in subserosa"
"TAGTTCCATACTGTCC-1","Non-neoplastic colon"
"TAGTTCCGACCATTGG-1","Non-neoplastic colon"
"TAGTTCCGCATCTATC-1","Tumor cells in mucosa and submucosa"
"TAGTTCGACGCATACT-1","Tumor cells in mucosa and submucosa"
"TAGTTCGATATGTCGC-1","Non-neoplastic colon"
"TAGTTCGATGAGACCG-1","Tumor stroma in muscularis propria"
"TAGTTCGTACAAGCTC-1","Tumor stroma in mucosa and submucosa"
"TAGTTCGTAGGATTCC-1","PNI"
"TAGTTCGTGACAATGC-1","Tumor stroma in mucosa and submucosa"
"TAGTTCTGATGTAGGC-1","Tumor cells in muscularis propria"
"TAGTTCTGCAGCGGCT-1","Tumor cells in muscularis propria"
"TAGTTCTGTAGAACAA-1","Non-neoplastic colon"
"TAGTTCTTCCGGCCAA-1","Non-neoplastic colon"
"TAGTTCTTGTATTCTG-1","Tumor cells in subserosa"
"TAGTTGAGAATTCCGG-1","Tumor cells in mucosa and submucosa"
"TAGTTGAGCGTACAGT-1","Tumor stroma in mucosa and submucosa"
"TAGTTGCATACAATGG-1","Tumor cells in mucosa and submucosa"
"TAGTTGCCTAGTTCTG-1","Tumor cells in muscularis propria"
"TAGTTGTCGATACCGA-1","Non-neoplastic colon"
"TATCAACCATGAGGCA-1","Tumor cells in mucosa and submucosa"
"TATCAAGCGGTAGGCG-1","Non-neoplastic colon"
"TATCAAGCTCACATAC-1","Non-neoplastic colon"
"TATCAAGGTAAGTTGA-1","Tumor stroma in subserosa"
"TATCAAGGTTGCCAAT-1","Tumor cells in subserosa"
"TATCAATCTGTTAAGG-1","Necrosis"
"TATCAATGTTCATTGT-1","Tumor cells in mucosa and submucosa"
"TATCACAATTATCCAA-1","Non-neoplastic colon"
"TATCACATACAACGTA-1","Tumor stroma in muscularis propria"
"TATCACATTACAAGAA-1","Tumor cells in subserosa"
"TATCACCATAGATAAC-1","Non-neoplastic colon"
"TATCACCGAGGCTTAA-1","Tumor stroma in muscularis propria"
"TATCACCGGTCTCCGC-1","Tumor cells in mucosa and submucosa"
"TATCACGAAGCAGTCG-1","Tumor cells in mucosa and submucosa"
"TATCACGAATAATCCA-1","Non-neoplastic colon"
"TATCACGCGGTGAGGC-1","Non-neoplastic colon"
"TATCACTAGGATAACG-1","Tumor stroma in mucosa and submucosa"
"TATCACTTCGTCCTCG-1","Tumor cells in muscularis propria"
"TATCAGAATTAAGTGA-1","Tumor cells in mucosa and submucosa"
"TATCAGCTTACTAATG-1","PNI"
"TATCAGGAACGGTGTC-1","Non-neoplastic colon"
"TATCAGGAGCACTCAT-1","Tumor stroma in subserosa"
"TATCAGGTATTAGAAG-1","Tumor stroma in mucosa and submucosa"
"TATCAGTCTAGGTGCG-1","Tumor cells in muscularis propria"
"TATCATACATGTGATT-1","Non-neoplastic colon"
"TATCATACGTAGAATC-1","Tumor stroma in subserosa"
"TATCATACTGTACGTG-1","Tumor cells in mucosa and submucosa"
"TATCATAGCCAGCGGT-1","Non-neoplastic colon"
"TATCATCTAGCGGTTC-1","Non-neoplastic colon"
"TATCATCTTGGAACCA-1","Tumor cells in muscularis propria"
"TATCATGACAGTGGCA-1","Non-neoplastic colon"
"TATCCATCTATCACTT-1","Non-neoplastic colon"
"TATCCGCTCATTAGTC-1","Non-neoplastic colon"
"TATCCGGCCTTATTGT-1","Tumor cells in mucosa and submucosa"
"TATCCGGTGGTAAGTG-1","Tumor cells at tumor invasive front/border"
"TATCCGGTTAGGCGGA-1","Non-neoplastic colon"
"TATCCGTGTCAATCCT-1","Non-neoplastic colon"
"TATCCTAAGCATGGTA-1","Tumor cells in muscularis propria"
"TATCCTACCGCTGTGA-1","Tumor cells in mucosa and submucosa"
"TATCCTATAGCCAAGC-1","Non-neoplastic colon"
"TATCCTATTACTATCA-1","Non-neoplastic colon"
"TATCCTCGAGATTCTT-1","Non-neoplastic colon"
"TATCCTGCCACGGATG-1","Tumor cells in muscularis propria"
"TATCCTGCCGTCTGCA-1","Non-neoplastic colon"
"TATCCTGGTGTTAACT-1","Necrosis"
"TATCCTTAAGCGTTGT-1","Tumor cells in subserosa"
"TATCCTTATTACCGTT-1","Non-neoplastic colon"
"TATCGCACGGATGATA-1","Tumor cells in muscularis propria"
"TATCGCGATCGCGGAT-1","Tumor cells in mucosa and submucosa"
"TATCTAACAAGTTCTG-1","Tumor cells in subserosa"
"TATCTAACGCGTATAC-1","Tumor stroma in subserosa"
"TATCTAACTGCATTAT-1","Tumor stroma in subserosa"
"TATCTAATCATTCCAA-1","Tumor stroma in muscularis propria"
"TATCTAATCTCGAGAC-1","Non-neoplastic colon"
"TATCTACAACCTCAGT-1","PNI"
"TATCTACAAGAATACT-1","Tumor cells in mucosa and submucosa"
"TATCTACAGATATGGA-1","Non-neoplastic colon"
"TATCTACAGGAGCCAA-1","Tumor cells at tumor invasive front/border"
"TATCTACATTCAGATT-1","Tumor cells in mucosa and submucosa"
"TATCTACCACTAAGCT-1","Tumor cells in subserosa"
"TATCTACCAGTTACAA-1","Tumor cells in mucosa and submucosa"
"TATCTACCGAGCAAGA-1","Non-neoplastic colon"
"TATCTACCGTAAGCAC-1","Non-neoplastic colon"
"TATCTAGGAACCGTTC-1","Non-neoplastic colon"
"TATCTAGGCATACTCA-1","Tumor stroma in mucosa and submucosa"
"TATCTAGTATACGCGG-1","Tumor cells in subserosa"
"TATCTAGTCTGTCCTT-1","Tumor cells in subserosa"
"TATCTAGTGGCGCAAC-1","Tumor stroma in mucosa and submucosa"
"TATCTGCTACTCTACT-1","Non-neoplastic colon"
"TATCTTGTAATGAGAC-1","Tumor cells in mucosa and submucosa"
"TATGAAGTTGAGCGAA-1","Tumor cells at tumor invasive front/border"
"TATGACAACCGATTAA-1","Tumor cells in subserosa"
"TATGACAATATGCGCA-1","Tumor stroma in muscularis propria"
"TATGACAGCGACTCTA-1","Tumor cells in mucosa and submucosa"
"TATGACCTACGCTCGC-1","Non-neoplastic colon"
"TATGACGAGTTCATTC-1","Tumor cells in mucosa and submucosa"
"TATGACGATTCATTCC-1","Tumor cells in muscularis propria"
"TATGACGCTCAGACCG-1","Tumor stroma in mucosa and submucosa"
"TATGACGGAACATATC-1","Tumor cells in mucosa and submucosa"
"TATGACGGAGGCACGA-1","Tumor stroma in mucosa and submucosa"
"TATGACGGATCTATGT-1","Non-neoplastic colon"
"TATGACTTGCTGTCAA-1","Tumor cells in subserosa"
"TATGAGACGCCGATAG-1","Tumor stroma in subserosa"
"TATGAGCCGAGGCGTT-1","Tumor cells in mucosa and submucosa"
"TATGAGCGCTCCGAGG-1","Tumor cells in mucosa and submucosa"
"TATGCAATTCCATCAC-1","Tumor stroma in mucosa and submucosa"
"TATGCAGACTACCACT-1","Non-neoplastic colon"
"TATGCATTATAAGAGG-1","Non-neoplastic colon"
"TATGCCACAGGAGTGA-1","Tumor stroma in muscularis propria"
"TATGCCTGATGCAAGC-1","Tumor cells in muscularis propria"
"TATGCGAGTATCCTTC-1","Non-neoplastic colon"
"TATGCGCCTTGATGTT-1","Non-neoplastic colon"
"TATGCGTACATCTTGT-1","Tumor stroma in mucosa and submucosa"
"TATGCGTGTCTTAGCG-1","Tumor stroma in mucosa and submucosa"
"TATGCTAAGCTCGGCG-1","Non-neoplastic colon"
"TATGCTAATGCTAGCC-1","Other"
"TATGCTAGAACACCGC-1","Tumor cells in mucosa and submucosa"
"TATGCTGTCCGCTAGG-1","Tumor stroma in muscularis propria"
"TATGCTGTCGGTGATA-1","Non-neoplastic colon"
"TATGGAAGATGCATGT-1","Non-neoplastic colon"
"TATGGAATCGCATTAG-1","Non-neoplastic colon"
"TATGGACAATAGGTCC-1","Non-neoplastic colon"
"TATGGACATCGACTTA-1","Tumor cells in mucosa and submucosa"
"TATGGATATTAGTGCG-1","Tumor cells in mucosa and submucosa"
"TATGGCCAATTAGAAT-1","Tumor cells in mucosa and submucosa"
"TATGGCCGTGTCGCGT-1","Tumor cells in muscularis propria"
"TATGGCCTAGCGGCTA-1","Non-neoplastic colon"
"TATGGCGTCCTCAGAT-1","Tumor cells in mucosa and submucosa"
"TATGGCGTTCGTCCTC-1","Non-neoplastic colon"
"TATGGCGTTGTAACCT-1","Tumor stroma in mucosa and submucosa"
"TATGGTGCATACTTGC-1","Tumor cells in subserosa"
"TATGTACAATCAACGG-1","Non-neoplastic colon"
"TATGTACTATGCGTGA-1","Non-neoplastic colon"
"TATGTCATTCCAATTC-1","Tumor cells in mucosa and submucosa"
"TATGTCCAACCGTCCT-1","Tumor stroma in muscularis propria"
"TATGTCCACGCTATAG-1","Tumor stroma in subserosa"
"TATGTCCAGGAACGGC-1","Non-neoplastic colon"
"TATGTCCATACACTAA-1","Tumor stroma at tumor invasive front/border"
"TATGTCGCGTCTAGGC-1","Tumor cells in muscularis propria"
"TATGTCGGAATATGCG-1","Non-neoplastic colon"
"TATGTCGGCGTCATCT-1","Non-neoplastic colon"
"TATGTCGTATGTCTGC-1","Tumor cells in mucosa and submucosa"
"TATGTCGTCATTAACA-1","Tumor cells in subserosa"
"TATGTTAAGGCTGTTG-1","Tumor cells in muscularis propria"
"TATGTTAGCTGCAGTG-1","Tumor stroma in mucosa and submucosa"
"TATGTTAGTAAGGCTG-1","Tumor cells in mucosa and submucosa"
"TATGTTAGTGGAACGG-1","Tumor cells in subserosa"
"TATGTTATGTCTAGTT-1","Tumor cells in muscularis propria"
"TATGTTCCTTACAGTT-1","Non-neoplastic colon"
"TATGTTGATATTAGGA-1","Tumor cells in subserosa"
"TATGTTGCAGGTCCAC-1","Non-neoplastic colon"
"TATGTTGCCTCCAATC-1","Necrosis"
"TATGTTGGACTCAGCA-1","Tumor stroma in mucosa and submucosa"
"TATGTTGGCTGGCTGA-1","Tumor stroma in subserosa"
"TATGTTGGTTCCTCTG-1","Tumor cells in muscularis propria"
"TATTAACAGCCGGCGT-1","Non-neoplastic colon"
"TATTAACGCTGTTCAT-1","Tumor cells in subserosa"
"TATTAACTCCATAGTA-1","Tumor cells in mucosa and submucosa"
"TATTAATACCGACTGT-1","Tumor stroma in subserosa"
"TATTAATATCCGCATC-1","Tumor cells in subserosa"
"TATTAATCCGCAATCT-1","Tumor stroma in mucosa and submucosa"
"TATTAATCTGACCTGG-1","Tumor stroma in muscularis propria"
"TATTAATTCTGCACTT-1","Tumor cells in mucosa and submucosa"
"TATTACCACGAGGATT-1","Tumor cells in mucosa and submucosa"
"TATTACGACCGATAGC-1","Non-neoplastic colon"
"TATTACTGGAGTAGTC-1","Non-neoplastic colon"
"TATTAGAAGGATTAGT-1","Tumor stroma in subserosa"
"TATTAGCGCATAGACC-1","Tumor cells in mucosa and submucosa"
"TATTAGGTACGGCGAT-1","Tumor stroma in muscularis propria"
"TATTCAAGGTAGAATA-1","Tumor cells in mucosa and submucosa"
"TATTCAGAGCCAGGTT-1","Necrosis"
"TATTCATAAGGACGCA-1","Tumor stroma in mucosa and submucosa"
"TATTCCACCGCAGCAC-1","Tumor cells in mucosa and submucosa"
"TATTCCATACGCAAGT-1","Tumor cells in mucosa and submucosa"
"TATTCCATAGCTGTTA-1","Non-neoplastic colon"
"TATTCCATCCTGGCTA-1","Non-neoplastic colon"
"TATTCCGGACTTACAG-1","Tumor cells in mucosa and submucosa"
"TATTCCGGTATTCGGT-1","Non-neoplastic colon"
"TATTCCGTTCGATACG-1","Non-neoplastic colon"
"TATTCCTAGGTCCGAC-1","Non-neoplastic colon"
"TATTCCTTCGGCTGAG-1","Non-neoplastic colon"
"TATTCGAAGCACGAGG-1","Tumor stroma in subserosa"
"TATTCGAGCTTATTCA-1","Non-neoplastic colon"
"TATTCGAGCTTCGAAG-1","Tumor stroma in subserosa"
"TATTCGATAGAACTGC-1","Tumor stroma at tumor invasive front/border"
"TATTCGATTCGTCACC-1","Tumor cells in mucosa and submucosa"
"TATTCGCAGTGAACCG-1","Non-neoplastic colon"
"TATTCGGAACAATTCA-1","Tumor cells in muscularis propria"
"TATTCGGCGATTAACC-1","Tumor cells in mucosa and submucosa"
"TATTCGGTAGGCATCG-1","Non-neoplastic colon"
"TATTCGTCAAGTGAAT-1","Non-neoplastic colon"
"TATTCGTCCTTAAGTA-1","Non-neoplastic colon"
"TATTCGTGAGTGCGTT-1","Tumor stroma in subserosa"
"TATTCGTGGTAACTCC-1","Non-neoplastic colon"
"TATTCTAAGGAAGCTT-1","Non-neoplastic colon"
"TATTCTAGATCGTGGT-1","Non-neoplastic colon"
"TATTCTATCTATGTTG-1","Tumor cells in muscularis propria"
"TATTCTCAATCCGGAT-1","Tumor stroma in mucosa and submucosa"
"TATTCTCAATGATCAA-1","Tumor cells in mucosa and submucosa"
"TATTCTCCAAGTGCGG-1","Tumor cells in mucosa and submucosa"
"TATTCTCGGTTGGTTC-1","Non-neoplastic colon"
"TATTCTCGTGAGCAAT-1","Tumor stroma in subserosa"
"TATTCTCGTGGCCTTC-1","Non-neoplastic colon"
"TATTCTTGCACGTTCC-1","Tumor cells at tumor invasive front/border"
"TATTCTTGCTTCCGGC-1","Tumor cells in subserosa"
"TATTCTTGCTTGATAG-1","Tumor stroma in subserosa"
"TATTGAAGATGTAGTG-1","Tumor cells in subserosa"
"TATTGAAGTGAACATA-1","Tumor stroma in mucosa and submucosa"
"TATTGACGAGGATTGT-1","Tumor stroma in mucosa and submucosa"
"TATTGACTACAAGAAC-1","Tumor cells in mucosa and submucosa"
"TATTGACTATAACCTA-1","Non-neoplastic colon"
"TATTGAGCACAGTGGT-1","Tumor stroma in subserosa"
"TATTGAGCCAATGGAC-1","Tumor stroma in muscularis propria"
"TATTGAGCCATTAATT-1","Non-neoplastic colon"
"TATTGAGCGATCAGCA-1","Non-neoplastic colon"
"TATTGAGCTACCTAAC-1","Non-neoplastic colon"
"TATTGATTCGGTGAAC-1","Non-neoplastic colon"
"TATTGATTGATGGCGA-1","Tumor stroma in subserosa"
"TATTGGTATCGCCTGC-1","Tumor cells in subserosa"
"TATTGTAACGCCATGT-1","Tumor stroma in muscularis propria"
"TATTGTATGGTGTCTA-1","Tumor cells in mucosa and submucosa"
"TATTGTCAGGTAGTAA-1","Tumor stroma at tumor invasive front/border"
"TATTGTCTATAGTATC-1","Non-neoplastic colon"
"TATTGTCTGCCACGTA-1","Tumor stroma in mucosa and submucosa"
"TATTGTGGCAAGTGCG-1","Tumor stroma in mucosa and submucosa"
"TATTGTTAACGATAAG-1","Non-neoplastic colon"
"TCAACATCCAAGTCTT-1","Tumor cells in muscularis propria"
"TCAACATCGATTAACA-1","Tumor stroma in muscularis propria"
"TCAACCAGAATCCTGA-1","Non-neoplastic colon"
"TCAACCAGTGAGGACG-1","Non-neoplastic colon"
"TCAACCATAGCAGACA-1","Non-neoplastic colon"
"TCAACCGGCTTCTAGG-1","Non-neoplastic colon"
"TCAACCTGAGATAACA-1","Non-neoplastic colon"
"TCAACCTGTTGGAGCC-1","Tumor stroma in muscularis propria"
"TCAACGGTCTATGATT-1","Tumor cells in subserosa"
"TCAAGATCCGTGGTAG-1","Tumor stroma in mucosa and submucosa"
"TCAAGCATGTCATCCT-1","Non-neoplastic colon"
"TCAAGCATTCGATACC-1","Non-neoplastic colon"
"TCAAGCGTCCGGCATA-1","Tumor stroma in mucosa and submucosa"
"TCAAGGACCATCGCTC-1","Tumor stroma in mucosa and submucosa"
"TCAAGGACGCTCCACT-1","Tumor cells at tumor invasive front/border"
"TCAAGGACGGTAATCA-1","Non-neoplastic colon"
"TCAAGGACTCACGGTT-1","Non-neoplastic colon"
"TCAAGGACTCAGTTCA-1","Tumor cells in mucosa and submucosa"
"TCAAGGAGATACTCAA-1","Non-neoplastic colon"
"TCAAGGAGGCGTTACG-1","Non-neoplastic colon"
"TCAAGGAGTATCTAAG-1","Tumor cells in mucosa and submucosa"
"TCAAGGAGTGTAGATC-1","Tumor cells in muscularis propria"
"TCAAGGCACTGTAGGT-1","Non-neoplastic colon"
"TCAAGGCAGTCACTTG-1","Non-neoplastic colon"
"TCAAGGCATAATGCTC-1","Non-neoplastic colon"
"TCAAGGCCATAATGCA-1","Non-neoplastic colon"
"TCAAGGCCGCAATCAC-1","Non-neoplastic colon"
"TCAAGGCCTAACCGGA-1","Tumor cells at tumor invasive front/border"
"TCAAGGCCTACTCCAG-1","Tumor stroma in subserosa"
"TCAAGGCGAGTACAGA-1","Non-neoplastic colon"
"TCAAGGCGCAACGAAT-1","Tumor cells in mucosa and submucosa"
"TCAAGGCGGAGGCAGC-1","Tumor stroma in muscularis propria"
"TCAAGGCGGATTACCG-1","Tumor stroma in muscularis propria"
"TCAAGGTAAGATACGA-1","Tumor cells in mucosa and submucosa"
"TCAAGGTAATCAACCG-1","Non-neoplastic colon"
"TCAAGTTGATGGAATT-1","Non-neoplastic colon"
"TCAATACCACGCATCC-1","Tumor cells in mucosa and submucosa"
"TCAATATCTAGCCATA-1","Tumor stroma in mucosa and submucosa"
"TCAATATGGTAATCTT-1","Tumor cells in mucosa and submucosa"
"TCAATATTGAGGAATG-1","Non-neoplastic colon"
"TCAATCAGTGTCAAGC-1","Tumor cells in mucosa and submucosa"
"TCAATCCGGCTGTATG-1","Non-neoplastic colon"
"TCAATCTAACAGTCGG-1","Tumor stroma in mucosa and submucosa"
"TCAATCTGCTGTATAA-1","Tumor cells in muscularis propria"
"TCAATTATGGCCTATG-1","Tumor cells at tumor invasive front/border"
"TCAATTCCGCACGGCG-1","Tumor stroma in mucosa and submucosa"
"TCAATTCGTGCAAGTA-1","Tumor cells in subserosa"
"TCAATTCTCAATTACG-1","Tumor cells in mucosa and submucosa"
"TCAATTCTGGCGAAGA-1","Tumor stroma in muscularis propria"
"TCAATTGCAAGACCAA-1","Tumor stroma in muscularis propria"
"TCAATTGCCGTACATC-1","Tumor cells in mucosa and submucosa"
"TCAATTGGCCGGATGT-1","Tumor stroma in mucosa and submucosa"
"TCAATTGTCTGTATCG-1","Tumor cells in mucosa and submucosa"
"TCACAAGGACTGACTT-1","Non-neoplastic colon"
"TCACAGGAGTCGGCCA-1","Tumor stroma in subserosa"
"TCACAGTGCCAGTCAT-1","Tumor stroma in mucosa and submucosa"
"TCACAGTTGAGGTAAG-1","Non-neoplastic colon"
"TCACAGTTGGAGCGAT-1","Non-neoplastic colon"
"TCACATAACAGTCCAA-1","Tumor cells in muscularis propria"
"TCACATAAGGCGGAAC-1","Non-neoplastic colon"
"TCACATACCGACTGTC-1","Tumor stroma in muscularis propria"
"TCACATAGCACCGTAC-1","Non-neoplastic colon"
"TCACATCGAGCGTTAA-1","Tumor cells in mucosa and submucosa"
"TCACATCGTGGATCTT-1","Tumor stroma in subserosa"
"TCACATCTAACGTGTT-1","Tumor stroma in subserosa"
"TCACATCTCCGCACAT-1","Non-neoplastic colon"
"TCACATGGTGTCGGAT-1","Non-neoplastic colon"
"TCACATTCCGTAATTC-1","Tumor cells in muscularis propria"
"TCACATTCCTGTCATA-1","Non-neoplastic colon"
"TCACCACGGTTAGCAG-1","Tumor stroma in muscularis propria"
"TCACCACTCACGCTTG-1","Tumor cells in subserosa"
"TCACCATTATAGTCCG-1","Non-neoplastic colon"
"TCACCGAGACCAGACT-1","Tumor cells in mucosa and submucosa"
"TCACCGATTAGACGGC-1","Tumor stroma in mucosa and submucosa"
"TCACCGATTCTACAAT-1","Tumor cells in mucosa and submucosa"
"TCACCGCACTAGGTTG-1","Tumor stroma at tumor invasive front/border"
"TCACCGCTATTAACGT-1","Tumor stroma in subserosa"
"TCACCGCTCAGCCGCT-1","Tumor cells in subserosa"
"TCACCGCTGTATTGTC-1","Non-neoplastic colon"
"TCACCGGAATAGCGCT-1","Necrosis"
"TCACCGGAATGCACAG-1","Tumor cells in subserosa"
"TCACCGGTCCGGAGAA-1","Non-neoplastic colon"
"TCACCGGTGGAAGGCG-1","Tumor cells in mucosa and submucosa"
"TCACCGGTGGTTCGGT-1","Non-neoplastic colon"
"TCACCGTCTTGTGCAT-1","Necrosis"
"TCACCGTTAATCGACA-1","Non-neoplastic colon"
"TCACCTAAGAGTATCT-1","Tumor stroma in subserosa"
"TCACCTGAATTCTTCA-1","Tumor stroma in mucosa and submucosa"
"TCACCTGGAACACTAC-1","Tumor cells in mucosa and submucosa"
"TCACCTGGTGCCTGGA-1","Non-neoplastic colon"
"TCACGAACAGCATTAG-1","Non-neoplastic colon"
"TCACGAACCTTAATGC-1","Tumor cells in muscularis propria"
"TCACGAGCACGGTTGT-1","Tumor cells in subserosa"
"TCACGAGCCTGAGTAG-1","Non-neoplastic colon"
"TCACGAGCTGGTTGTC-1","Tumor stroma in mucosa and submucosa"
"TCACGATAAGGACACG-1","Non-neoplastic colon"
"TCACGATGGCCTGAGT-1","Non-neoplastic colon"
"TCACGATGTTCCATAC-1","Tumor stroma in subserosa"
"TCACGCAGGATCGGTA-1","Tumor stroma in mucosa and submucosa"
"TCACGCGAGTAGACGT-1","Tumor stroma in mucosa and submucosa"
"TCACGGCGTTGCCGCA-1","Non-neoplastic colon"
"TCACTAACCGATTAAC-1","Non-neoplastic colon"
"TCACTAACGCCAATCG-1","Tumor cells in mucosa and submucosa"
"TCACTAAGACAATGTA-1","Non-neoplastic colon"
"TCACTAAGACGTATGT-1","Non-neoplastic colon"
"TCACTAAGTGTAGGTT-1","Tumor cells in mucosa and submucosa"
"TCACTAAGTTCCGTCT-1","Tumor stroma in subserosa"
"TCACTAATGATAGGAA-1","Non-neoplastic colon"
"TCACTAATTGACAGGC-1","Tumor cells in mucosa and submucosa"
"TCACTAATTGCGGAGT-1","Tumor cells in muscularis propria"
"TCACTACATACGAGAA-1","Non-neoplastic colon"
"TCACTACGATACTATT-1","Tumor cells in mucosa and submucosa"
"TCACTACGCTTAGATA-1","Necrosis"
"TCACTACGGTCGGTTG-1","LVI"
"TCACTACGTAGGAACC-1","Tumor cells in mucosa and submucosa"
"TCACTATGTCAACAGA-1","Tumor cells in mucosa and submucosa"
"TCACTCGAACCTTGCG-1","Non-neoplastic colon"
"TCACTCGCTCATTGTT-1","Tumor cells in muscularis propria"
"TCACTGTAGCGGTTGT-1","Tumor stroma in subserosa"
"TCACTGTATCCAGTCG-1","Tumor cells in mucosa and submucosa"
"TCACTGTCGCACGATA-1","Non-neoplastic colon"
"TCACTGTCTTGATTCT-1","Tumor cells in subserosa"
"TCACTGTTACGACTGA-1","Tumor cells in mucosa and submucosa"
"TCAGAACACCATAATC-1","Non-neoplastic colon"
"TCAGAACATTGTCCTG-1","Tumor stroma in mucosa and submucosa"
"TCAGAACCGCTCTACC-1","Non-neoplastic colon"
"TCAGAACTATACCGAC-1","Tumor stroma in mucosa and submucosa"
"TCAGAACTATCCATGA-1","Tumor stroma in muscularis propria"
"TCAGAACTCAGCGTCC-1","Tumor cells in mucosa and submucosa"
"TCAGAACTCGTTCGTG-1","Tumor cells in muscularis propria"
"TCAGAACTGTAACATA-1","Non-neoplastic colon"
"TCAGAACTTCGGAGTG-1","Non-neoplastic colon"
"TCAGAATCGGTGTTCG-1","Non-neoplastic colon"
"TCAGAATCTGGTTCAA-1","Tumor cells in mucosa and submucosa"
"TCAGACATAAGGTGTA-1","Non-neoplastic colon"
"TCAGACCTCAAGCATG-1","Tumor cells in mucosa and submucosa"
"TCAGACTCTAGGCTGT-1","LVI"
"TCAGACTGCTCGGATA-1","Non-neoplastic colon"
"TCAGACTGGTGACGGT-1","Non-neoplastic colon"
"TCAGATACGGAGCCAT-1","Tumor cells in mucosa and submucosa"
"TCAGATACTATTAAGT-1","Tumor stroma in muscularis propria"
"TCAGATCTCGGCCATC-1","Non-neoplastic colon"
"TCAGATCTGCCAGGTG-1","Other"
"TCAGATGAAGGCAACG-1","Non-neoplastic colon"
"TCAGATGCTGTTAGTG-1","Tumor cells in mucosa and submucosa"
"TCAGATGGTAATGCCT-1","Non-neoplastic colon"
"TCAGATGGTGTAACAA-1","Tumor stroma in mucosa and submucosa"
"TCAGATTACATGACGA-1","Tumor cells in subserosa"
"TCAGATTAGTCGGAGG-1","Tumor cells in mucosa and submucosa"
"TCAGCAGGCGCAACTC-1","Tumor stroma at tumor invasive front/border"
"TCAGCCATGAAGACGT-1","Non-neoplastic colon"
"TCAGCCGCCATTCATG-1","Tumor cells in mucosa and submucosa"
"TCAGCCGCCTGTATCT-1","Tumor cells in muscularis propria"
"TCAGCCGCGTTGACTC-1","Non-neoplastic colon"
"TCAGCCGTTGACAGAA-1","Non-neoplastic colon"
"TCAGCGCCGTAGCGCC-1","Tumor stroma in mucosa and submucosa"
"TCAGCGCCTAAGGACT-1","Non-neoplastic colon"
"TCAGCGCTTGCGAACG-1","Tumor cells in mucosa and submucosa"
"TCAGCGTGCCAACGCT-1","Tumor stroma in mucosa and submucosa"
"TCAGCTAGATGGACGC-1","Non-neoplastic colon"
"TCAGCTATGGCGAGTA-1","Non-neoplastic colon"
"TCAGCTCACCAGTGCC-1","Tumor cells at tumor invasive front/border"
"TCAGCTCATATGTCTA-1","Tumor stroma in subserosa"
"TCAGCTTCCACCTTGC-1","Tumor stroma in mucosa and submucosa"
"TCAGCTTCCTTAATGG-1","Tumor cells in mucosa and submucosa"
"TCAGCTTCTGCACCTA-1","Necrosis"
"TCAGGAAGCTCAACGG-1","Non-neoplastic colon"
"TCAGGAATCACGGCGA-1","Tumor stroma at tumor invasive front/border"
"TCAGGAATGCCAGTCT-1","Non-neoplastic colon"
"TCAGGAGCTAATCAGG-1","Tumor cells in mucosa and submucosa"
"TCAGGAGCTACCAGCA-1","Tumor cells in mucosa and submucosa"
"TCAGGATAGCTTATGG-1","Tumor cells in mucosa and submucosa"
"TCAGGATATCTAGTTC-1","Tumor cells in mucosa and submucosa"
"TCAGGATATTCCTCAG-1","Tumor cells in mucosa and submucosa"
"TCAGGATATTCGATGA-1","Tumor cells in muscularis propria"
"TCAGGATGCATTCAAG-1","Non-neoplastic colon"
"TCAGGATTGCACCGGA-1","Non-neoplastic colon"
"TCAGGTCTAAGGCCGA-1","Tumor stroma in mucosa and submucosa"
"TCAGTATCAGTCTGTA-1","Necrosis"
"TCAGTCAGATCTTGCA-1","Tumor stroma in mucosa and submucosa"
"TCAGTCATAGATCCAC-1","Non-neoplastic colon"
"TCAGTCCACGGTCTAA-1","Tumor stroma in muscularis propria"
"TCAGTCCGCCACTCTT-1","Necrosis"
"TCAGTCGATCTTACAT-1","Tumor stroma in muscularis propria"
"TCAGTCGCAAGTGGTC-1","Tumor cells in subserosa"
"TCAGTCGCACAAGGCA-1","Tumor stroma in subserosa"
"TCAGTCGCAGTGAAGA-1","Tumor stroma in muscularis propria"
"TCAGTCGCGACCTGAG-1","Tumor cells in mucosa and submucosa"
"TCAGTCGCGAGTTCCT-1","Tumor cells in muscularis propria"
"TCAGTCGTCAGAACGG-1","Tumor stroma in subserosa"
"TCAGTCGTGGATGGTG-1","Tumor cells in muscularis propria"
"TCAGTCTAGAGTAACC-1","Tumor cells in mucosa and submucosa"
"TCAGTCTGACTATTCC-1","Non-neoplastic colon"
"TCAGTCTGGCCGCTGT-1","Tumor cells in mucosa and submucosa"
"TCAGTCTGTTATCTCG-1","Non-neoplastic colon"
"TCAGTGAACAGGCGAA-1","Tumor stroma in mucosa and submucosa"
"TCAGTGACATAGGAGC-1","Non-neoplastic colon"
"TCAGTGATCCTAGCAC-1","Non-neoplastic colon"
"TCAGTGATTCACCGAT-1","Tumor cells in mucosa and submucosa"
"TCAGTGCTTAAGCTTC-1","Tumor cells in mucosa and submucosa"
"TCAGTGTTCCACAGCA-1","Non-neoplastic colon"
"TCAGTGTTGACAGCTC-1","Tumor stroma in subserosa"
"TCAGTTACAATAAGTT-1","Non-neoplastic colon"
"TCAGTTACGGTGCATG-1","Tumor cells in mucosa and submucosa"
"TCAGTTAGGCCGTCCG-1","Tumor cells in mucosa and submucosa"
"TCAGTTAGGTACGTTA-1","Non-neoplastic colon"
"TCAGTTAGTGGTAATC-1","Tumor stroma in mucosa and submucosa"
"TCAGTTAGTTAACCGC-1","Tumor cells in mucosa and submucosa"
"TCAGTTCAGTTCCGTG-1","Tumor stroma in muscularis propria"
"TCAGTTCTCCTGCAAC-1","Tumor cells in mucosa and submucosa"
"TCAGTTGATGGCGTGA-1","Tumor cells in mucosa and submucosa"
"TCAGTTGCAAGCTTAT-1","Tumor stroma in subserosa"
"TCAGTTGCAGACGATG-1","Other"
"TCAGTTGCTAGGTGCG-1","Non-neoplastic colon"
"TCAGTTGGCTCGGAAG-1","Tumor cells in mucosa and submucosa"
"TCAGTTGTGCTCGGAC-1","Tumor stroma in mucosa and submucosa"
"TCATAATCCATTGAAT-1","Tumor stroma in muscularis propria"
"TCATACTCCAGTTCTT-1","Tumor cells in mucosa and submucosa"
"TCATAGATAGCAATTG-1","Tumor stroma in subserosa"
"TCATAGATGATCTGCC-1","Non-neoplastic colon"
"TCATAGCGACTTCCGA-1","Necrosis"
"TCATAGCTCGCAGACG-1","Tumor stroma in muscularis propria"
"TCATAGGTTACTCAGG-1","Non-neoplastic colon"
"TCATCCACAAGCGTCT-1","Non-neoplastic colon"
"TCATCCACTCTTGCTG-1","Non-neoplastic colon"
"TCATCCGGTTCTGAGG-1","Tumor stroma in muscularis propria"
"TCATCCGTACATACGG-1","Tumor cells in mucosa and submucosa"
"TCATCCTTGGTAACAT-1","Tumor stroma in muscularis propria"
"TCATCGAACGTGTAGG-1","Non-neoplastic colon"
"TCATCGCTTGTAAGTA-1","Tumor stroma in muscularis propria"
"TCATCGGTGACGTAGA-1","Tumor cells in muscularis propria"
"TCATCGTTCGCCTGTA-1","Tumor cells in mucosa and submucosa"
"TCATCTACAGCCTTGA-1","Tumor cells in mucosa and submucosa"
"TCATCTACGGCAGAAG-1","Non-neoplastic colon"
"TCATCTATAAGCCAGT-1","LVI"
"TCATCTATCCAGTTAC-1","Non-neoplastic colon"
"TCATCTATCCTGCGGT-1","Tumor stroma at tumor invasive front/border"
"TCATCTCACCGACTCA-1","Tumor stroma in muscularis propria"
"TCATCTCACCTGCCAG-1","Tumor stroma in subserosa"
"TCATCTCACTTGTTCT-1","Non-neoplastic colon"
"TCATCTCCGCTCAGAC-1","Tumor cells in mucosa and submucosa"
"TCATCTCGCAATAGTA-1","Tumor stroma in mucosa and submucosa"
"TCATCTCGTTGGCGAG-1","Non-neoplastic colon"
"TCATCTGATCCTGGCG-1","Tumor cells in muscularis propria"
"TCATCTGCAAGTCTGA-1","Non-neoplastic colon"
"TCATCTTCGCCGCAAC-1","Tumor cells in mucosa and submucosa"
"TCATGACACCGCACTC-1","Tumor cells in mucosa and submucosa"
"TCATGACTATGCAGAA-1","Tumor stroma in mucosa and submucosa"
"TCATGAGGCACCATCT-1","Tumor cells in subserosa"
"TCATGAGGTGCGGTCC-1","Tumor cells in subserosa"
"TCATGATTAATAAGGA-1","Tumor cells in mucosa and submucosa"
"TCATGCGTTGAGCGAC-1","Tumor cells in subserosa"
"TCATGGAACAGCTGAT-1","Tumor cells in muscularis propria"
"TCATGGCAGGAGATTC-1","Non-neoplastic colon"
"TCATGGTTCGGTTAGG-1","Tumor cells at tumor invasive front/border"
"TCATGGTTGGATCGCC-1","Tumor cells in mucosa and submucosa"
"TCATGTATTCTTCATA-1","Tumor cells in mucosa and submucosa"
"TCATGTCGGCGATCCG-1","Tumor cells in subserosa"
"TCATTAATCAACTTCT-1","Non-neoplastic colon"
"TCATTCAAGGAGCCTG-1","Tumor stroma at tumor invasive front/border"
"TCATTCACGGCTGCCT-1","Tumor stroma in mucosa and submucosa"
"TCATTCACTACGCCGT-1","Tumor stroma in muscularis propria"
"TCATTCAGACTCCTAT-1","Non-neoplastic colon"
"TCATTCAGTAATGGTC-1","Tumor stroma in mucosa and submucosa"
"TCATTCAGTCAATACT-1","Non-neoplastic colon"
"TCATTCATTGGTCATG-1","Non-neoplastic colon"
"TCATTCGGCACGGACA-1","Tumor cells in mucosa and submucosa"
"TCATTCGGTCATGTAT-1","Tumor cells in mucosa and submucosa"
"TCATTCGGTGAACCTC-1","Non-neoplastic colon"
"TCATTCTTGGTTATCC-1","Non-neoplastic colon"
"TCATTGAGATAGACGT-1","Tumor stroma in subserosa"
"TCATTGATAGTTAAGG-1","Tumor stroma in subserosa"
"TCATTGCGCTCATCAA-1","Tumor stroma in muscularis propria"
"TCATTGGCGATGTCAC-1","Non-neoplastic colon"
"TCATTGTTAGCCGTCT-1","Non-neoplastic colon"
"TCCAACAGATTCCTTC-1","Non-neoplastic colon"
"TCCAACAGCGTTGCGA-1","Non-neoplastic colon"
"TCCAACAGTTCTGTCC-1","Non-neoplastic colon"
"TCCAACATGAAGTGAT-1","Tumor stroma in subserosa"
"TCCAACATGCAACGCC-1","Non-neoplastic colon"
"TCCAACATGCGAACAT-1","Tumor cells in mucosa and submucosa"
"TCCAACGCAGACCATA-1","Tumor cells in mucosa and submucosa"
"TCCAACGGCTCGAGCG-1","Tumor cells in mucosa and submucosa"
"TCCAACGGTACGATAC-1","PNI"
"TCCAACGGTGGACTTG-1","Tumor cells in mucosa and submucosa"
"TCCAACGTACCTAAGG-1","Tumor stroma in subserosa"
"TCCAACGTGACATCTA-1","Non-neoplastic colon"
"TCCAACTAAGTTCAGA-1","Non-neoplastic colon"
"TCCAACTACGGTCCAG-1","Non-neoplastic colon"
"TCCAACTATCGCATCG-1","Tumor stroma in subserosa"
"TCCAACTTATAACTGT-1","Tumor stroma in subserosa"
"TCCAACTTGTATTCAC-1","Tumor stroma in subserosa"
"TCCAAGAAGGTACAAT-1","Tumor cells in mucosa and submucosa"
"TCCAAGACCGGTACGG-1","Tumor cells in mucosa and submucosa"
"TCCAAGACGCGTCGGT-1","Tumor stroma at tumor invasive front/border"
"TCCAAGGTTCATCCTT-1","Non-neoplastic colon"
"TCCAATAAGCCACTGT-1","Non-neoplastic colon"
"TCCAATACGCGGCTCC-1","Other"
"TCCAATACTAAGGTCA-1","Non-neoplastic colon"
"TCCAATCCTCATGGTG-1","Tumor cells in muscularis propria"
"TCCAATCTCCGTGCAG-1","Non-neoplastic colon"
"TCCAATCTTACTAAGA-1","Non-neoplastic colon"
"TCCAATGAACTCACGC-1","Tumor stroma in muscularis propria"
"TCCAATTAATCAGGAG-1","Non-neoplastic colon"
"TCCAATTCTTAGACGC-1","Non-neoplastic colon"
"TCCACCTCTGTTAACC-1","Tumor cells in mucosa and submucosa"
"TCCACGACCTGTAGCC-1","Tumor stroma in subserosa"
"TCCACGATTCCTACAA-1","Tumor stroma in mucosa and submucosa"
"TCCACGGCTTCGAGTC-1","Tumor stroma at tumor invasive front/border"
"TCCACGGTCTGTCCTC-1","Tumor cells in muscularis propria"
"TCCAGACTTCGCACCA-1","Tumor cells in mucosa and submucosa"
"TCCAGGTTCGGCGAAT-1","Tumor cells in muscularis propria"
"TCCAGTAACACGCATA-1","Tumor stroma in subserosa"
"TCCAGTACGACATTAT-1","Tumor cells in mucosa and submucosa"
"TCCAGTACGCGAGCTA-1","Non-neoplastic colon"
"TCCAGTACTAGACCAG-1","Non-neoplastic colon"
"TCCAGTCAGTTACCAT-1","Non-neoplastic colon"
"TCCAGTCATAGGCGTG-1","Non-neoplastic colon"
"TCCAGTCTACCTGGAA-1","Tumor cells in mucosa and submucosa"
"TCCAGTGCAACGCACC-1","Tumor stroma in mucosa and submucosa"
"TCCAGTGCCGCTATGT-1","Tumor cells in mucosa and submucosa"
"TCCAGTTAAGACCGTT-1","PNI"
"TCCAGTTCGTCAACCA-1","Necrosis"
"TCCAGTTGTCCAGAAT-1","Tumor cells in mucosa and submucosa"
"TCCATAGTGAGTATCC-1","Tumor stroma in subserosa"
"TCCATCAGTTCACTAT-1","Tumor cells in mucosa and submucosa"
"TCCATCCGAGACAAGG-1","Tumor cells in muscularis propria"
"TCCATGGAACCGAGTT-1","Non-neoplastic colon"
"TCCATGGAATTCTTGG-1","Non-neoplastic colon"
"TCCATTAGGTACGGAG-1","Tumor cells in mucosa and submucosa"
"TCCGAACAATCGTTCA-1","Non-neoplastic colon"
"TCCGAACACGTGTACG-1","Tumor stroma in mucosa and submucosa"
"TCCGAACAGATTGATC-1","Tumor cells in muscularis propria"
"TCCGAACCGTCCTAAG-1","Non-neoplastic colon"
"TCCGAACGTTGCGGAG-1","Non-neoplastic colon"
"TCCGAAGTCCTGGCAG-1","Tumor cells in mucosa and submucosa"
"TCCGAAGTCGTTAAGC-1","Tumor cells in mucosa and submucosa"
"TCCGAATATTCATCGT-1","Non-neoplastic colon"
"TCCGAATCCAGGCCAT-1","Non-neoplastic colon"
"TCCGACGCCTGTCTGC-1","PNI"
"TCCGAGACAGACTGCT-1","Tumor cells in mucosa and submucosa"
"TCCGAGACGTAACACC-1","Non-neoplastic colon"
"TCCGAGACGTGCGTGG-1","Tumor stroma in muscularis propria"
"TCCGATTCATGGCGCT-1","Non-neoplastic colon"
"TCCGCATTAGCCAAGC-1","Tumor stroma in subserosa"
"TCCGCATTGCCAGCGA-1","Tumor cells in mucosa and submucosa"
"TCCGCCAACACGAGAC-1","Tumor stroma in mucosa and submucosa"
"TCCGCCAAGCCACCGG-1","Tumor stroma in subserosa"
"TCCGCCAGGCAGTCAA-1","Non-neoplastic colon"
"TCCGCCGACTTCAGCA-1","Non-neoplastic colon"
"TCCGCCGAGCCTAATT-1","Non-neoplastic colon"
"TCCGCCGGCCATAGAC-1","Tumor cells in mucosa and submucosa"
"TCCGCCGGCTTCGTAG-1","Tumor stroma in subserosa"
"TCCGCCGGTTAAGATG-1","Tumor cells in mucosa and submucosa"
"TCCGCCTCCACCTCTG-1","Non-neoplastic colon"
"TCCGCCTCGAACCAGT-1","Tumor cells in mucosa and submucosa"
"TCCGCCTCGGCGGTCT-1","Non-neoplastic colon"
"TCCGCCTCTTCAACTC-1","Non-neoplastic colon"
"TCCGCCTCTTGCCGAC-1","Tumor stroma in subserosa"
"TCCGCCTCTTGGAAGG-1","Tumor cells in mucosa and submucosa"
"TCCGCCTGAAGTGCTG-1","Non-neoplastic colon"
"TCCGCCTTCGTTCGAA-1","Tumor stroma at tumor invasive front/border"
"TCCGCTGTGCTTAGGT-1","Non-neoplastic colon"
"TCCGCTTGAGTCAGCT-1","Tumor cells in muscularis propria"
"TCCGGAGCTGAAGGAT-1","Non-neoplastic colon"
"TCCGGAGGATGTCCTA-1","Non-neoplastic colon"
"TCCGGCACTTCTAGCG-1","Tumor stroma in mucosa and submucosa"
"TCCGGCCAAGTAACTC-1","Non-neoplastic colon"
"TCCGGCCGAAGATTAT-1","Non-neoplastic colon"
"TCCGGCCTCAGACTCG-1","Tumor cells in mucosa and submucosa"
"TCCGGCCTCGATCTAT-1","Non-neoplastic colon"
"TCCGGTGACACCAACT-1","Tumor cells in mucosa and submucosa"
"TCCGGTTGCTGGCGTG-1","Tumor cells in mucosa and submucosa"
"TCCGGTTGGCTACGCA-1","Tumor cells in mucosa and submucosa"
"TCCGTAAGATAGGCTG-1","Non-neoplastic colon"
"TCCGTACCACTCTTAT-1","Tumor cells in subserosa"
"TCCGTACTAGCCGCAC-1","Non-neoplastic colon"
"TCCGTAGATTCCGGAA-1","Non-neoplastic colon"
"TCCGTAGATTGTCCGC-1","Tumor stroma in mucosa and submucosa"
"TCCGTAGCTCCATGGC-1","Non-neoplastic colon"
"TCCGTAGGAGTATGCT-1","Tumor cells in subserosa"
"TCCGTAGTAAGGTCCT-1","Tumor cells in muscularis propria"
"TCCGTAGTTGGTCGAA-1","Non-neoplastic colon"
"TCCGTATGCAGCCTCG-1","Tumor stroma in subserosa"
"TCCGTCAACATCGACA-1","Non-neoplastic colon"
"TCCGTCAAGTACAAGA-1","Tumor cells in mucosa and submucosa"
"TCCGTCACAGTGAGTG-1","Tumor stroma in muscularis propria"
"TCCGTCATACGGAGCA-1","Non-neoplastic colon"
"TCCGTCATAGCCTCCG-1","Non-neoplastic colon"
"TCCGTCCTCACGTCGG-1","Non-neoplastic colon"
"TCCGTGATTAGACAAT-1","Tumor cells in muscularis propria"
"TCCGTGATTGCATCTA-1","Tumor cells in mucosa and submucosa"
"TCCGTGCCAACTCGAG-1","Tumor cells in mucosa and submucosa"
"TCCGTGCCGTATACCA-1","Tumor cells at tumor invasive front/border"
"TCCGTGCCTCAACGTC-1","Non-neoplastic colon"
"TCCGTGCGAGATACTG-1","Non-neoplastic colon"
"TCCGTGGCCTCAGGAG-1","Tumor cells at tumor invasive front/border"
"TCCGTGGCGGTTAGCC-1","Non-neoplastic colon"
"TCCGTGGTAATAAGCG-1","Tumor stroma in subserosa"
"TCCGTGTACACCGAAT-1","Tumor stroma in subserosa"
"TCCGTGTACTTCATCG-1","Non-neoplastic colon"
"TCCGTGTAGATGCATA-1","Tumor stroma in mucosa and submucosa"
"TCCGTGTCAATCGGTC-1","Tumor cells in subserosa"
"TCCGTGTCCATGACGC-1","Non-neoplastic colon"
"TCCGTGTCGATAGCAA-1","Tumor stroma in muscularis propria"
"TCCGTGTCTTCGTAGA-1","Tumor stroma in mucosa and submucosa"
"TCCGTGTTAGAAGCGT-1","Tumor cells in subserosa"
"TCCGTGTTCTAATGAT-1","Non-neoplastic colon"
"TCCGTTGGTCTGACCA-1","Non-neoplastic colon"
"TCCTACAAGCATACGA-1","Non-neoplastic colon"
"TCCTACAGCCTTGTAT-1","Non-neoplastic colon"
"TCCTACCGCAGTCGCA-1","Non-neoplastic colon"
"TCCTACCGGATACATC-1","Tumor cells in subserosa"
"TCCTACTTGGATCAGG-1","Tumor stroma in muscularis propria"
"TCCTATCGGACAAGGC-1","Non-neoplastic colon"
"TCCTATGACATAGGAT-1","Tumor stroma in muscularis propria"
"TCCTATGACCGATCTT-1","Necrosis"
"TCCTATTGTCCGGTTC-1","Tumor stroma in mucosa and submucosa"
"TCCTCAAGTTCTCCAT-1","Non-neoplastic colon"
"TCCTCAATCTCGTGAA-1","Tumor cells in mucosa and submucosa"
"TCCTCAATCTGCTATT-1","Non-neoplastic colon"
"TCCTCACGAAGACAAG-1","Non-neoplastic colon"
"TCCTCACGACATCCTG-1","Tumor cells at tumor invasive front/border"
"TCCTCACGACCGTCCT-1","Non-neoplastic colon"
"TCCTCAGTCTGTCAGA-1","Tumor cells in subserosa"
"TCCTCAGTTCAATTAT-1","Tumor cells in mucosa and submucosa"
"TCCTCATCACATCACT-1","Tumor cells in mucosa and submucosa"
"TCCTCATGTCGCGAAT-1","Non-neoplastic colon"
"TCCTGAACATTGTTAC-1","Necrosis"
"TCCTGAAGCGCACCGA-1","Tumor stroma in mucosa and submucosa"
"TCCTGAAGCGGTTGCC-1","Tumor stroma in mucosa and submucosa"
"TCCTGACACTCGGCCT-1","Tumor cells in mucosa and submucosa"
"TCCTGACAGGCTATGT-1","Tumor stroma in subserosa"
"TCCTGAGTCGAGTCGG-1","Non-neoplastic colon"
"TCCTGAGTGCCATACT-1","Tumor stroma in muscularis propria"
"TCCTGAGTTCGGTATC-1","Tumor cells in mucosa and submucosa"
"TCCTGATAACGGTGCA-1","Tumor stroma in mucosa and submucosa"
"TCCTGATCGCGACCAA-1","Necrosis"
"TCCTGATGTCACATTA-1","Non-neoplastic colon"
"TCCTGATTCTACGTAG-1","Tumor stroma in mucosa and submucosa"
"TCCTGCCGTCACTTCT-1","Tumor stroma in muscularis propria"
"TCCTGCTTAAGTCACG-1","Tumor cells in muscularis propria"
"TCCTGGAGCAAGCCGC-1","Tumor cells in mucosa and submucosa"
"TCCTGGAGGTAGATAA-1","Tumor stroma in muscularis propria"
"TCCTGGATCTGTAAGT-1","Tumor cells in mucosa and submucosa"
"TCCTGGATGCTCACAA-1","Tumor cells in mucosa and submucosa"
"TCCTGGTAATTCGTCA-1","Tumor cells in mucosa and submucosa"
"TCCTGGTTATCTTAGA-1","Non-neoplastic colon"
"TCCTGGTTATGTGCAT-1","Tumor cells in mucosa and submucosa"
"TCCTGGTTCAAGTGAA-1","Non-neoplastic colon"
"TCCTGTATAGGCATTG-1","Non-neoplastic colon"
"TCCTGTGGATTCTTAA-1","Tumor stroma in mucosa and submucosa"
"TCCTTACGCTGGATTA-1","Tumor cells in mucosa and submucosa"
"TCCTTCACATACGCGT-1","Tumor stroma in subserosa"
"TCCTTCACGACCACTA-1","Tumor stroma in subserosa"
"TCCTTCATTGATGTGA-1","Tumor stroma in subserosa"
"TCCTTCGGCGTAAGCG-1","Tumor stroma in muscularis propria"
"TCCTTCGTGGCCGAAT-1","Tumor cells in subserosa"
"TCCTTGAGACTGTCTT-1","Non-neoplastic colon"
"TCCTTGGCAGTATCCG-1","Tumor cells in mucosa and submucosa"
"TCGAACGGCGATTGTC-1","Tumor stroma in mucosa and submucosa"
"TCGAACGTAACGCCGG-1","Non-neoplastic colon"
"TCGAATAATGTTGGAC-1","Non-neoplastic colon"
"TCGAATAGATCTTCCT-1","Tumor cells in mucosa and submucosa"
"TCGAATAGCGTCACCA-1","Non-neoplastic colon"
"TCGAATCGCTGGCACT-1","Tumor cells in mucosa and submucosa"
"TCGAATCGTCGGATTC-1","Non-neoplastic colon"
"TCGAATGCGTGCCTCA-1","Tumor cells in muscularis propria"
"TCGAATGCTTGTAACC-1","Non-neoplastic colon"
"TCGAATTAAGGCTGGA-1","Tumor cells in mucosa and submucosa"
"TCGACCAAGACTGGTT-1","Non-neoplastic colon"
"TCGACGAGACGTATAC-1","Tumor cells in mucosa and submucosa"
"TCGACGAGTACGATAA-1","Non-neoplastic colon"
"TCGACGGCACAGCCTT-1","Tumor stroma in muscularis propria"
"TCGACGTATGAGACCA-1","Tumor cells in mucosa and submucosa"
"TCGACTATCATTGGTC-1","Tumor cells in mucosa and submucosa"
"TCGACTATCTTGCCTG-1","Tumor stroma in subserosa"
"TCGACTCACTTCGTGA-1","Tumor cells in mucosa and submucosa"
"TCGACTGCGTCTGCTA-1","Non-neoplastic colon"
"TCGACTTAGTTGGCCA-1","Tumor stroma in subserosa"
"TCGACTTATTCTGCAG-1","Tumor cells in mucosa and submucosa"
"TCGAGTACATGTGCAC-1","Tumor cells in mucosa and submucosa"
"TCGAGTACATTGCACT-1","Tumor stroma in mucosa and submucosa"
"TCGAGTACGCGTGACT-1","Tumor stroma in mucosa and submucosa"
"TCGAGTATACGTCTTG-1","Tumor cells in mucosa and submucosa"
"TCGAGTATAGACAGCA-1","Non-neoplastic colon"
"TCGAGTATGTAGATAG-1","Tumor stroma in subserosa"
"TCGAGTCCAGTCGAAC-1","Non-neoplastic colon"
"TCGATAACGTTGGATG-1","Non-neoplastic colon"
"TCGATACAAGATTGCT-1","Non-neoplastic colon"
"TCGATAGGCGTGTACG-1","Tumor stroma in subserosa"
"TCGATAGGTAACTAAC-1","Non-neoplastic colon"
"TCGATAGTACCTATCT-1","Tumor cells in mucosa and submucosa"
"TCGATCAACACGTAGC-1","Non-neoplastic colon"
"TCGATCATCTTCGGAT-1","Non-neoplastic colon"
"TCGATCCGGCAAGAGG-1","Tumor cells in subserosa"
"TCGATCGCCGTCGAGG-1","Non-neoplastic colon"
"TCGATCGCTCGATGTC-1","Non-neoplastic colon"
"TCGATCGTATCGGATA-1","Non-neoplastic colon"
"TCGATCTAGGATCATT-1","Non-neoplastic colon"
"TCGATCTAGGCCGCTG-1","Tumor stroma in mucosa and submucosa"
"TCGATCTAGGTGTCGC-1","Tumor cells in muscularis propria"
"TCGATCTGCCGCGAGC-1","Non-neoplastic colon"
"TCGATCTGCTATTGGA-1","Tumor cells in mucosa and submucosa"
"TCGATCTGGTTCAGGT-1","Non-neoplastic colon"
"TCGATGTACCGGTAGG-1","Tumor stroma in mucosa and submucosa"
"TCGATTAGCAGAACAG-1","Tumor cells in subserosa"
"TCGCAACACCATCGTA-1","Tumor stroma at tumor invasive front/border"
"TCGCAACAGGCCACTG-1","Tumor cells in muscularis propria"
"TCGCAACGGCCACCGT-1","Tumor cells in muscularis propria"
"TCGCACAGCAGACGTC-1","Tumor stroma in subserosa"
"TCGCACAGTTGCTCCT-1","Non-neoplastic colon"
"TCGCACATGTCCTGGT-1","Non-neoplastic colon"
"TCGCACGACAACATAG-1","Tumor cells in mucosa and submucosa"
"TCGCACGAGGTTACTA-1","Non-neoplastic colon"
"TCGCACTGCATTATCT-1","Tumor stroma at tumor invasive front/border"
"TCGCACTTAACAGGTA-1","Necrosis"
"TCGCAGTATTGTTCCG-1","Non-neoplastic colon"
"TCGCATACTGTTCTGA-1","Tumor cells in mucosa and submucosa"
"TCGCCAACTGGAATCC-1","Non-neoplastic colon"
"TCGCCACCTCGAAGTG-1","PNI"
"TCGCCACTGTCCATAG-1","Non-neoplastic colon"
"TCGCCAGGTCACCTCG-1","Necrosis"
"TCGCCAGGTTCATCTT-1","Tumor cells in mucosa and submucosa"
"TCGCCATATTCATTGG-1","Tumor stroma in mucosa and submucosa"
"TCGCCGACATTAGTTG-1","Tumor cells in muscularis propria"
"TCGCCGACGCTCTAAT-1","Tumor cells in mucosa and submucosa"
"TCGCCGACGGAGACAG-1","Non-neoplastic colon"
"TCGCCGACTCCAGCGG-1","Tumor stroma at tumor invasive front/border"
"TCGCCGCTAATCCAAT-1","Non-neoplastic colon"
"TCGCCGCTAGAATAGA-1","Tumor cells in muscularis propria"
"TCGCCGCTCCAGAAGT-1","Tumor cells in mucosa and submucosa"
"TCGCCGCTGATAAGGC-1","Non-neoplastic colon"
"TCGCCGCTGGAAGCTC-1","Non-neoplastic colon"
"TCGCCGCTTAGTATCT-1","Tumor stroma in muscularis propria"
"TCGCCGGAGTTCCTAC-1","Tumor stroma in muscularis propria"
"TCGCCGGATTGACCTC-1","Tumor stroma in muscularis propria"
"TCGCCGTAGTCCAGGC-1","Non-neoplastic colon"
"TCGCCGTGGCCTTGCA-1","Tumor stroma at tumor invasive front/border"
"TCGCCGTTCGAGTGCA-1","Tumor cells in muscularis propria"
"TCGCCTAAGGAACCAC-1","Tumor stroma in subserosa"
"TCGCCTAATGTAATTG-1","Tumor cells in mucosa and submucosa"
"TCGCCTAGCGCTGCAA-1","Tumor stroma in muscularis propria"
"TCGCCTCCAGGCTTAA-1","Non-neoplastic colon"
"TCGCCTCGGACGAACG-1","Tumor cells in mucosa and submucosa"
"TCGCCTGACATGAGGT-1","Non-neoplastic colon"
"TCGCCTGCCTAGCTCC-1","Tumor stroma in subserosa"
"TCGCCTGGATAGGCGG-1","Necrosis"
"TCGCCTTAATCACCTA-1","Non-neoplastic colon"
"TCGCCTTACGGTTGAA-1","Tumor stroma in muscularis propria"
"TCGCCTTATCACAAGC-1","Tumor stroma in muscularis propria"
"TCGCCTTATGGTGACG-1","Non-neoplastic colon"
"TCGCGACGGTATACTG-1","Non-neoplastic colon"
"TCGCGAGTGAAGGTCC-1","Non-neoplastic colon"
"TCGCGGAACATGCTGT-1","Tumor cells in mucosa and submucosa"
"TCGCGGAATATTGTCG-1","Non-neoplastic colon"
"TCGCGGAGTAAGTGAG-1","Tumor cells in muscularis propria"
"TCGCGGAGTCCGCACT-1","Non-neoplastic colon"
"TCGCGGAGTTGCTTGC-1","Tumor stroma in subserosa"
"TCGCGGATGGCGAACA-1","Non-neoplastic colon"
"TCGCGGATTCGCGGCT-1","Non-neoplastic colon"
"TCGCGGCCGCAGTTCT-1","Tumor cells in mucosa and submucosa"
"TCGCGGCTAACTGTTG-1","Tumor cells in subserosa"
"TCGCGGTAAGTAATCC-1","Non-neoplastic colon"
"TCGCGGTAGATGGAAG-1","Non-neoplastic colon"
"TCGCGGTATTAGATCG-1","Tumor cells in mucosa and submucosa"
"TCGCGGTCTAGCAGTT-1","Tumor cells in mucosa and submucosa"
"TCGCGGTCTGACCTGT-1","Non-neoplastic colon"
"TCGCTAACTCTACCGA-1","Tumor stroma in subserosa"
"TCGCTAGATGTACAGT-1","Non-neoplastic colon"
"TCGCTATGACGACACT-1","Tumor stroma in muscularis propria"
"TCGCTATGTCGTGCGG-1","Non-neoplastic colon"
"TCGCTCACGCAGACTT-1","Tumor cells in mucosa and submucosa"
"TCGCTTACTAAGTACA-1","Non-neoplastic colon"
"TCGCTTCGAGTTGATG-1","Tumor stroma in muscularis propria"
"TCGCTTCGTACTTCAT-1","Tumor cells in mucosa and submucosa"
"TCGCTTGAGCAGCGAG-1","Tumor cells in muscularis propria"
"TCGCTTGTACCGCTCC-1","Tumor cells in subserosa"
"TCGCTTGTCGGCTGCA-1","Tumor cells in subserosa"
"TCGGAACGACGGAATT-1","Tumor stroma in subserosa"
"TCGGAACGAGATGACT-1","Tumor stroma in mucosa and submucosa"
"TCGGAACGCATGGCTG-1","Non-neoplastic colon"
"TCGGAAGCTTCTCATT-1","Non-neoplastic colon"
"TCGGACAACCGACACG-1","Tumor stroma in muscularis propria"
"TCGGACATCAGTCTTA-1","Non-neoplastic colon"
"TCGGACCAAGGCCAAG-1","Tumor cells in mucosa and submucosa"
"TCGGACCTCGGTAACC-1","Non-neoplastic colon"
"TCGGACGATCATAAGT-1","Tumor stroma at tumor invasive front/border"
"TCGGACGCATAGTGCG-1","Non-neoplastic colon"
"TCGGACGCGAATCTGT-1","Non-neoplastic colon"
"TCGGACGCTGCATGGT-1","Necrosis"
"TCGGACGGCAGTCCAG-1","Tumor cells in mucosa and submucosa"
"TCGGACGGTTATTCTA-1","Tumor stroma in mucosa and submucosa"
"TCGGACGTCATCTACA-1","Tumor stroma in muscularis propria"
"TCGGACTCGAAGTCGA-1","Non-neoplastic colon"
"TCGGACTCGAGCCATA-1","Tumor cells in subserosa"
"TCGGAGAACAAGTGCT-1","Non-neoplastic colon"
"TCGGAGAACAGACTAC-1","PNI"
"TCGGAGATGACTATCG-1","Tumor stroma in muscularis propria"
"TCGGAGCGTGGTTACA-1","Tumor stroma in mucosa and submucosa"
"TCGGAGGCTGATTATC-1","Non-neoplastic colon"
"TCGGAGTATCTTCATC-1","Non-neoplastic colon"
"TCGGAGTATGATTGGT-1","Tumor cells in mucosa and submucosa"
"TCGGAGTGCTCCGGAT-1","Tumor cells in muscularis propria"
"TCGGAGTGGTCAATTA-1","Tumor cells in mucosa and submucosa"
"TCGGCGAATATTCGTT-1","Tumor cells in muscularis propria"
"TCGGCGAATTGCACTA-1","Tumor stroma in subserosa"
"TCGGCGACGGCCATGG-1","Tumor stroma in muscularis propria"
"TCGGCGATGTTACCGT-1","Tumor stroma at tumor invasive front/border"
"TCGGCGCACTAGCTAT-1","Tumor stroma at tumor invasive front/border"
"TCGGCGCAGTTCAGCG-1","Tumor cells in mucosa and submucosa"
"TCGGCGCATGTTCTCA-1","Necrosis"
"TCGGCGGACTGAAGCT-1","Non-neoplastic colon"
"TCGGCGGTCAATCAGG-1","Tumor stroma in mucosa and submucosa"
"TCGGCGGTGGCGGTAC-1","Non-neoplastic colon"
"TCGGCGTAATCATATT-1","Tumor stroma in subserosa"
"TCGGCGTATTACGTTC-1","Tumor cells in mucosa and submucosa"
"TCGGTAAGCCAGCAGG-1","Tumor cells in mucosa and submucosa"
"TCGGTAAGCGATGGAA-1","Tumor stroma in muscularis propria"
"TCGGTACCACTACCTT-1","Tumor stroma in muscularis propria"
"TCGGTACCGGCTGGCT-1","Non-neoplastic colon"
"TCGGTGATGTATGGAG-1","Tumor cells in mucosa and submucosa"
"TCGGTGCGTCTATGCC-1","Non-neoplastic colon"
"TCGGTGGAACTTATCG-1","Non-neoplastic colon"
"TCGGTGGACGGTAGTG-1","Tumor stroma in mucosa and submucosa"
"TCGGTGTCAATACAGC-1","Tumor cells at tumor invasive front/border"
"TCGGTGTCCTGGTCCT-1","Tumor cells in muscularis propria"
"TCGGTTGAGCAACAGC-1","Non-neoplastic colon"
"TCGTAACCTACCACAA-1","Non-neoplastic colon"
"TCGTAACCTTCAAGCT-1","Non-neoplastic colon"
"TCGTAAGGATGGCAAT-1","Tumor stroma in subserosa"
"TCGTAGACATGGTTGA-1","Tumor cells in muscularis propria"
"TCGTAGTCCAATGTCT-1","Tumor stroma in subserosa"
"TCGTATACGGAGACTC-1","Tumor stroma in muscularis propria"
"TCGTATACTCTTAGCG-1","Tumor cells in mucosa and submucosa"
"TCGTATAGAATCTGCG-1","Tumor stroma in mucosa and submucosa"
"TCGTATAGGAAGTGGT-1","Tumor stroma in subserosa"
"TCGTATAGGTTAGCAT-1","Tumor stroma in mucosa and submucosa"
"TCGTATCAGACGGCGA-1","Tumor cells in muscularis propria"
"TCGTATCCAATGCTAA-1","Non-neoplastic colon"
"TCGTATCGACTATGGT-1","Necrosis"
"TCGTATCGGCGAGGAC-1","Tumor stroma in mucosa and submucosa"
"TCGTATCGGTTAATTC-1","Tumor cells in mucosa and submucosa"
"TCGTATGCACTCGACG-1","Tumor stroma in muscularis propria"
"TCGTATGGCCGACTGA-1","Tumor cells in mucosa and submucosa"
"TCGTATGGTTCAGTCC-1","Non-neoplastic colon"
"TCGTATGTATAATTCA-1","Tumor cells in mucosa and submucosa"
"TCGTATGTGCACTGGA-1","Tumor cells in mucosa and submucosa"
"TCGTATGTTCTTGTGA-1","Tumor stroma in muscularis propria"
"TCGTATTCGAGGTAAC-1","Tumor cells in mucosa and submucosa"
"TCGTCAAGTCGCTACG-1","Tumor stroma in mucosa and submucosa"
"TCGTCACGATCGAGTT-1","Non-neoplastic colon"
"TCGTCACGGCTATGAA-1","Non-neoplastic colon"
"TCGTCACGGTTACTCG-1","Tumor cells in mucosa and submucosa"
"TCGTCAGAACCTGTAA-1","Tumor cells in mucosa and submucosa"
"TCGTCAGACCAAGAGG-1","Non-neoplastic colon"
"TCGTCAGGCTTCACAG-1","Tumor stroma in mucosa and submucosa"
"TCGTCAGTCCGACAAC-1","Tumor stroma in mucosa and submucosa"
"TCGTCAGTCGTATCTT-1","Tumor stroma in mucosa and submucosa"
"TCGTCAGTGGCTTATG-1","Non-neoplastic colon"
"TCGTCATCACCATCTT-1","Non-neoplastic colon"
"TCGTCATCAGAAGCCA-1","Tumor stroma in subserosa"
"TCGTCATCCGAGTTAT-1","Tumor cells in mucosa and submucosa"
"TCGTCATCCTTATGAG-1","Non-neoplastic colon"
"TCGTCATCTGCTCACG-1","Non-neoplastic colon"
"TCGTCATCTGTAGAGC-1","Non-neoplastic colon"
"TCGTCATGCGACAACG-1","Tumor cells in mucosa and submucosa"
"TCGTCCATGGTTAGGA-1","Tumor cells at tumor invasive front/border"
"TCGTCTGACCGTATCG-1","Tumor stroma in subserosa"
"TCGTCTGTCTTACGGC-1","Non-neoplastic colon"
"TCGTGACATTAACTCC-1","Non-neoplastic colon"
"TCGTGCCTTCGTCAGA-1","Non-neoplastic colon"
"TCGTGCGTCCGTTGCC-1","Necrosis"
"TCGTGGCGCAATGTAG-1","Tumor stroma at tumor invasive front/border"
"TCGTTGACCAGTCTAA-1","Tumor cells in mucosa and submucosa"
"TCGTTGGTCGGTCTGG-1","Non-neoplastic colon"
"TCGTTGGTGCGAACCG-1","Tumor cells in mucosa and submucosa"
"TCGTTGTATCACGACC-1","Tumor cells in mucosa and submucosa"
"TCTAACAAGCACCATC-1","Tumor stroma in muscularis propria"
"TCTAACAAGGTAGATA-1","Non-neoplastic colon"
"TCTAACAGGTACGACT-1","Tumor cells in mucosa and submucosa"
"TCTAACATACCTGATA-1","Tumor cells in mucosa and submucosa"
"TCTAACCAAGCGATAC-1","Tumor stroma in muscularis propria"
"TCTAACCGACTAGACA-1","Tumor stroma in mucosa and submucosa"
"TCTAACTCCTGGAATT-1","Non-neoplastic colon"
"TCTAACTTGTCCAGAT-1","Non-neoplastic colon"
"TCTAAGGTGCACGGCG-1","Non-neoplastic colon"
"TCTACAACCTTAGTCG-1","Non-neoplastic colon"
"TCTACAACGCCGTCTA-1","PNI"
"TCTACAAGACTCGGTA-1","Tumor cells in muscularis propria"
"TCTACACTACAGTTAG-1","Non-neoplastic colon"
"TCTACACTAGCCTGCA-1","Non-neoplastic colon"
"TCTACACTTAATTGAA-1","Tumor stroma in muscularis propria"
"TCTACAGACGATCTGA-1","Non-neoplastic colon"
"TCTACAGATTGATGAG-1","Tumor stroma at tumor invasive front/border"
"TCTACAGCAATATCGT-1","Tumor stroma in mucosa and submucosa"
"TCTACAGGTATCACTA-1","Tumor stroma at tumor invasive front/border"
"TCTACATACTTACAAT-1","Necrosis"
"TCTACATATGAAGAGT-1","Tumor cells in mucosa and submucosa"
"TCTACATGAATTCATA-1","Tumor cells in muscularis propria"
"TCTACATGCGCTGAGC-1","Tumor cells in mucosa and submucosa"
"TCTACATGGTCGAGGA-1","Necrosis"
"TCTACATTCTTGCCGA-1","Tumor cells in subserosa"
"TCTACATTGCAAGTCG-1","Tumor cells in subserosa"
"TCTACCGATGCGACGC-1","Tumor stroma in subserosa"
"TCTACGACATGTATGT-1","Tumor cells in muscularis propria"
"TCTACGCAGACCGGCA-1","Non-neoplastic colon"
"TCTACGCAGATACTTC-1","Non-neoplastic colon"
"TCTACGCATCAGTCCG-1","Tumor cells in mucosa and submucosa"
"TCTACGGCACCTGTCG-1","Tumor cells in muscularis propria"
"TCTACGGTCAGTTATG-1","Non-neoplastic colon"
"TCTACGTTGTGCTCTA-1","Non-neoplastic colon"
"TCTACTAGCGGTCACG-1","Non-neoplastic colon"
"TCTACTAGGTCGGCGT-1","Tumor cells in muscularis propria"
"TCTACTAGTGCGCTGG-1","Tumor stroma in muscularis propria"
"TCTACTATCACTTAGC-1","Non-neoplastic colon"
"TCTACTCCAAGGCAGA-1","Non-neoplastic colon"
"TCTACTCCAGGCAACC-1","Other"
"TCTACTCGTCGGTAGT-1","Non-neoplastic colon"
"TCTACTGCGTTACTGG-1","Tumor stroma in subserosa"
"TCTACTGCTTGGCGGT-1","Tumor stroma in mucosa and submucosa"
"TCTACTGGCGCTGCCT-1","Tumor stroma in mucosa and submucosa"
"TCTACTGTATGACCTG-1","Tumor cells in muscularis propria"
"TCTACTGTATGGTACA-1","Non-neoplastic colon"
"TCTACTGTGGCCGTCA-1","Tumor cells in subserosa"
"TCTACTTACGGCTCGG-1","Tumor cells in mucosa and submucosa"
"TCTACTTATCAGTGTT-1","Tumor cells in mucosa and submucosa"
"TCTACTTCACGAGTGG-1","Non-neoplastic colon"
"TCTACTTCACGCAGTT-1","Non-neoplastic colon"
"TCTACTTGCGAGCCTA-1","Tumor cells in mucosa and submucosa"
"TCTAGAATCTTATGGC-1","Tumor cells in mucosa and submucosa"
"TCTAGAATGATCCTTC-1","Tumor cells in mucosa and submucosa"
"TCTAGACAACCTACTG-1","Tumor stroma in mucosa and submucosa"
"TCTAGACGTAGAGCAA-1","Non-neoplastic colon"
"TCTAGAGCTACTAGTG-1","Non-neoplastic colon"
"TCTAGAGCTCACGCTC-1","PNI"
"TCTAGAGCTCGCCTGT-1","Tumor cells in subserosa"
"TCTAGAGGATCCGTCA-1","Tumor stroma in subserosa"
"TCTAGATACACTCAAC-1","Tumor cells in mucosa and submucosa"
"TCTAGCAATGCGATCA-1","Tumor stroma in mucosa and submucosa"
"TCTAGCAGGAACTCCA-1","Tumor stroma in mucosa and submucosa"
"TCTAGCATGGAGTATC-1","Non-neoplastic colon"
"TCTAGCGACGTAGCGT-1","Non-neoplastic colon"
"TCTAGCGAGCTGATGT-1","Tumor cells in mucosa and submucosa"
"TCTAGCGAGTGCTACT-1","Tumor stroma in subserosa"
"TCTAGCGATCCTAAGA-1","Non-neoplastic colon"
"TCTAGCTACACGGTAG-1","Non-neoplastic colon"
"TCTAGCTCCGCTGCTA-1","Tumor cells in muscularis propria"
"TCTAGGACCGAACTGA-1","Tumor stroma in mucosa and submucosa"
"TCTAGGACCTACGGCA-1","PNI"
"TCTAGGACTATGGCGA-1","Tumor cells in muscularis propria"
"TCTAGGTTAGGCTATG-1","Tumor cells in mucosa and submucosa"
"TCTAGGTTGTTACATT-1","Non-neoplastic colon"
"TCTAGTAAGGCATAGC-1","Tumor cells in mucosa and submucosa"
"TCTAGTCTTCGTCACT-1","Tumor cells in mucosa and submucosa"
"TCTATCCAGATCTGGC-1","Non-neoplastic colon"
"TCTATCCTCGACGTTA-1","Tumor stroma in muscularis propria"
"TCTATCGGATTAGTGG-1","Tumor cells in mucosa and submucosa"
"TCTATCGGCCGTGCGG-1","Tumor cells at tumor invasive front/border"
"TCTATCTTAGTAGATG-1","Tumor cells in mucosa and submucosa"
"TCTATGACTGACGCAA-1","Tumor cells in muscularis propria"
"TCTATGCCATAGACCT-1","Necrosis"
"TCTATGCTTAGAGTGG-1","Tumor cells in mucosa and submucosa"
"TCTATGGAATCGCACT-1","Tumor stroma at tumor invasive front/border"
"TCTATTACAACTTCGT-1","Non-neoplastic colon"
"TCTATTACCTAGGACG-1","Non-neoplastic colon"
"TCTATTCATTGGATTA-1","Non-neoplastic colon"
"TCTATTCGGCTCTAAT-1","Necrosis"
"TCTATTGAAGTGAGTC-1","Non-neoplastic colon"
"TCTATTGGATAGAAGT-1","Non-neoplastic colon"
"TCTATTGTGAACCGCT-1","Tumor cells in mucosa and submucosa"
"TCTGAACGAACACCTT-1","Tumor cells in mucosa and submucosa"
"TCTGATCCAATTGTGA-1","Non-neoplastic colon"
"TCTGATCCTAATAGAA-1","Tumor cells in muscularis propria"
"TCTGATTCAAGACAAT-1","Tumor cells in mucosa and submucosa"
"TCTGCAAGCTCGGTGC-1","Non-neoplastic colon"
"TCTGCAAGGTTATCGC-1","Non-neoplastic colon"
"TCTGCAATCTTCGTAA-1","Tumor cells in mucosa and submucosa"
"TCTGCAATTCGCCGCT-1","Non-neoplastic colon"
"TCTGCACGCAACGCAG-1","Non-neoplastic colon"
"TCTGCACGCCATTGGC-1","Non-neoplastic colon"
"TCTGCACTTAGTGCCA-1","Tumor cells in muscularis propria"
"TCTGCAGGAGATTCAC-1","Tumor stroma in subserosa"
"TCTGCATGAAGGAAGA-1","Tumor stroma in subserosa"
"TCTGCCAAGGAACGCA-1","Tumor stroma in mucosa and submucosa"
"TCTGCCATTGTTCTCG-1","Non-neoplastic colon"
"TCTGCCGAATCTAGCC-1","Tumor stroma in mucosa and submucosa"
"TCTGCCGGAACCGGAC-1","Tumor cells in mucosa and submucosa"
"TCTGCGAGTTGGTTAA-1","Tumor cells in muscularis propria"
"TCTGCGCTACAGACTA-1","Tumor cells in mucosa and submucosa"
"TCTGCGGCGTGGTATT-1","Tumor cells in subserosa"
"TCTGCGTCAGTTGGAG-1","Non-neoplastic colon"
"TCTGCTTCCACGGCAC-1","Non-neoplastic colon"
"TCTGGATACGTCGGAT-1","Tumor stroma in mucosa and submucosa"
"TCTGGTAACTGCGAAG-1","Tumor stroma at tumor invasive front/border"
"TCTGGTAGGAACCAAG-1","Non-neoplastic colon"
"TCTGGTCAACTAGATC-1","Non-neoplastic colon"
"TCTGGTCATATCAGAT-1","Non-neoplastic colon"
"TCTGGTCCTTATCATG-1","Non-neoplastic colon"
"TCTGGTCGCCGACGTC-1","Tumor stroma in mucosa and submucosa"
"TCTGGTCGCCTGGTGC-1","Tumor stroma in mucosa and submucosa"
"TCTGGTCGTTAGGCGA-1","Non-neoplastic colon"
"TCTGGTCTCAATTGAT-1","Tumor stroma in subserosa"
"TCTGTACGTGCACTCC-1","Tumor cells in mucosa and submucosa"
"TCTGTACTGCATTCTG-1","Non-neoplastic colon"
"TCTGTATTAGGAACTC-1","Non-neoplastic colon"
"TCTGTTAATTCTCCTT-1","Non-neoplastic colon"
"TCTGTTCTATAAGAAT-1","Other"
"TCTTAACTCGTCGGCT-1","Non-neoplastic colon"
"TCTTACATAGGTCTTC-1","Tumor cells in muscularis propria"
"TCTTACATCCTCGTTG-1","Non-neoplastic colon"
"TCTTACATCGATACTG-1","Tumor stroma in subserosa"
"TCTTACATGAATAACC-1","Tumor stroma in muscularis propria"
"TCTTACATGTTAACAG-1","Non-neoplastic colon"
"TCTTACCAGGTCTGTA-1","Tumor cells in mucosa and submucosa"
"TCTTACCGTCTGATCA-1","Non-neoplastic colon"
"TCTTACGAACTAAGAA-1","Tumor stroma in muscularis propria"
"TCTTACGACAGCGGAG-1","Tumor cells in mucosa and submucosa"
"TCTTACGACCTTGCCT-1","Tumor cells in mucosa and submucosa"
"TCTTACGAGCGATTCA-1","Non-neoplastic colon"
"TCTTACGAGGTTCTAA-1","Tumor stroma in subserosa"
"TCTTACGGCATATCGC-1","Tumor cells in subserosa"
"TCTTACGGTTGTGCTT-1","Non-neoplastic colon"
"TCTTACTCCAATCGCC-1","Necrosis"
"TCTTACTCCATAACCT-1","Tumor stroma in muscularis propria"
"TCTTACTCGCAACTGC-1","Non-neoplastic colon"
"TCTTACTGCCTGCGTC-1","Non-neoplastic colon"
"TCTTACTTACCTCCTG-1","Tumor cells in subserosa"
"TCTTACTTGCTAGAGG-1","Tumor cells in mucosa and submucosa"
"TCTTAGAATACTGCCA-1","Non-neoplastic colon"
"TCTTAGACAGTTCGAA-1","Tumor stroma in mucosa and submucosa"
"TCTTAGACGAACGGAA-1","Tumor stroma in subserosa"
"TCTTAGATGATATTGA-1","Tumor cells in muscularis propria"
"TCTTAGCCACGACACT-1","Non-neoplastic colon"
"TCTTAGGAGCCGTGGA-1","Tumor cells in mucosa and submucosa"
"TCTTAGGCTACCTCTA-1","Non-neoplastic colon"
"TCTTAGGCTAGTACGT-1","Tumor stroma in muscularis propria"
"TCTTAGGCTCTACATC-1","Tumor cells in mucosa and submucosa"
"TCTTAGTAACTCGCTC-1","Non-neoplastic colon"
"TCTTAGTCGCACTGCC-1","Tumor stroma in mucosa and submucosa"
"TCTTAGTGCAGGCACT-1","Non-neoplastic colon"
"TCTTCGGTCGCTGCGA-1","Tumor cells in muscularis propria"
"TCTTCGGTTGACTTAA-1","Tumor stroma in subserosa"
"TCTTGAGGACCATCTA-1","Tumor cells in muscularis propria"
"TCTTGAGTTCAGGTCA-1","Non-neoplastic colon"
"TCTTGCACAGCAGGAA-1","Non-neoplastic colon"
"TCTTGCAGATCTTCAA-1","PNI"
"TCTTGCATCCAACGAC-1","Non-neoplastic colon"
"TCTTGCATCCGCTCTA-1","Tumor cells in mucosa and submucosa"
"TCTTGCATGCTTGCCG-1","Necrosis"
"TCTTGCCAACTCAACA-1","Tumor stroma in subserosa"
"TCTTGCCAGCACGCAT-1","Tumor cells in mucosa and submucosa"
"TCTTGCCGCATGTCAT-1","Tumor cells in mucosa and submucosa"
"TCTTGCCGTATCGCTG-1","Non-neoplastic colon"
"TCTTGCGGAGTTGTTA-1","Non-neoplastic colon"
"TCTTGCGGTATTACCA-1","Non-neoplastic colon"
"TCTTGCTAACGCCTTA-1","Non-neoplastic colon"
"TCTTGCTAGGTTCCTG-1","Non-neoplastic colon"
"TCTTGCTGAAGCTCCG-1","Non-neoplastic colon"
"TCTTGTCGCCTCCATT-1","Tumor cells in subserosa"
"TGAACAAGCGGCCGGT-1","Tumor stroma at tumor invasive front/border"
"TGAACGAACCTGAGCC-1","Non-neoplastic colon"
"TGAACGAAGATGCCGG-1","Tumor stroma in muscularis propria"
"TGAACGAATAAGGCTA-1","Tumor stroma in muscularis propria"
"TGAACGATGTTGAGGA-1","Tumor cells in subserosa"
"TGAACGCCTTACTCAA-1","Tumor stroma in subserosa"
"TGAACGGAACCATTAG-1","Tumor cells in mucosa and submucosa"
"TGAACGGAGCGAACCA-1","Non-neoplastic colon"
"TGAACGTGCGCAACTT-1","Tumor cells in muscularis propria"
"TGAACGTGTTCTTAGT-1","Tumor cells in muscularis propria"
"TGAACGTTAACTGATT-1","Tumor cells in subserosa"
"TGAACGTTAAGGTCGG-1","Tumor cells in mucosa and submucosa"
"TGAACTCCTATCGGTG-1","Tumor stroma in subserosa"
"TGAACTGCACGCGTAA-1","Tumor cells in mucosa and submucosa"
"TGAACTGGATACGCCG-1","Tumor cells in subserosa"
"TGAACTTGAGGCCAAT-1","Tumor cells in mucosa and submucosa"
"TGAAGAACAGGTATCA-1","Tumor stroma in mucosa and submucosa"
"TGAAGAACGAACAGCA-1","Non-neoplastic colon"
"TGAAGAACGCTCCTGG-1","Tumor cells in muscularis propria"
"TGAAGAGTACATGTCA-1","Non-neoplastic colon"
"TGAAGATAGAGCTCCA-1","Tumor stroma in subserosa"
"TGAAGATCGCTATCAG-1","Non-neoplastic colon"
"TGAAGATTGACAGGAA-1","Tumor stroma in mucosa and submucosa"
"TGAAGTCTTGACAGCG-1","Tumor cells in muscularis propria"
"TGAATACATTGGCCGA-1","Non-neoplastic colon"
"TGAATACCTAGTAAGT-1","Tumor cells in mucosa and submucosa"
"TGAATACTTAATTCCA-1","Tumor stroma in muscularis propria"
"TGAATACTTGTTATCT-1","Tumor stroma at tumor invasive front/border"
"TGAATATGACTAGTTC-1","Non-neoplastic colon"
"TGAATATGGTCCAATA-1","Tumor cells in mucosa and submucosa"
"TGAATGACCTTAACCG-1","Tumor stroma in subserosa"
"TGAATGACGCTTGATC-1","Non-neoplastic colon"
"TGAATGCCAAGTATTG-1","Tumor cells in muscularis propria"
"TGAATGCCTGAGTTGG-1","Tumor stroma in subserosa"
"TGAATGCGCACGATCG-1","Tumor stroma in muscularis propria"
"TGAATGGCAGCTGTCA-1","Tumor stroma in subserosa"
"TGAATGTACAGGTCAC-1","Tumor cells in mucosa and submucosa"
"TGAATGTTAATCTGCG-1","Tumor cells in subserosa"
"TGAATGTTAGCACGTA-1","Tumor stroma in mucosa and submucosa"
"TGAATGTTATGTCGAC-1","Tumor cells in muscularis propria"
"TGAATGTTCGATAGGT-1","Tumor stroma in mucosa and submucosa"
"TGAATTAACCGTTGCG-1","Tumor stroma at tumor invasive front/border"
"TGAATTATGAGTCGCA-1","Non-neoplastic colon"
"TGAATTCAGGAAGTAG-1","Non-neoplastic colon"
"TGAATTCAGGTTCGAA-1","Tumor cells in muscularis propria"
"TGACAGAACGATTGGC-1","Non-neoplastic colon"
"TGACAGACTGAGTTAC-1","Non-neoplastic colon"
"TGACAGACTGCGCACG-1","Tumor cells in mucosa and submucosa"
"TGACAGCTTCGATGTA-1","Tumor cells in subserosa"
"TGACAGCTTGTCGACA-1","Non-neoplastic colon"
"TGACATCAGAAGCTCA-1","Non-neoplastic colon"
"TGACATCATACCTGCC-1","Tumor cells in muscularis propria"
"TGACATCTCCATCCTA-1","Non-neoplastic colon"
"TGACATTATGTTGCTA-1","Non-neoplastic colon"
"TGACCAACGAATTACT-1","Tumor cells in mucosa and submucosa"
"TGACCAAGAAGTGGCT-1","Tumor cells in mucosa and submucosa"
"TGACCAATACTGCGAG-1","Tumor cells in mucosa and submucosa"
"TGACCAATAGAACAGC-1","Tumor cells in mucosa and submucosa"
"TGACCAATCGGTATCT-1","Tumor cells in mucosa and submucosa"
"TGACCAATGGATCCTT-1","Tumor cells in mucosa and submucosa"
"TGACCAATTGTAGACG-1","Non-neoplastic colon"
"TGACCAGCAACGTGTC-1","Non-neoplastic colon"
"TGACCAGCACGGATCA-1","Non-neoplastic colon"
"TGACCAGCCGTGTCTT-1","Tumor stroma in muscularis propria"
"TGACCAGGTCCGAAGG-1","Tumor stroma in subserosa"
"TGACCAGGTCTATTAG-1","Non-neoplastic colon"
"TGACCAGTCACTAGGT-1","Non-neoplastic colon"
"TGACCAGTTGGTGCCA-1","Tumor cells in mucosa and submucosa"
"TGACCATCCGGCGTCC-1","Tumor cells in subserosa"
"TGACCATGGAATCCAG-1","Tumor cells in muscularis propria"
"TGACCATTACATAACT-1","Tumor cells in muscularis propria"
"TGACCATTCACCATAC-1","Tumor cells in mucosa and submucosa"
"TGACCATTCAGGCGAA-1","Tumor cells in mucosa and submucosa"
"TGACCATTCTGTTGCC-1","Tumor cells in mucosa and submucosa"
"TGACCATTGCTCGATA-1","Tumor cells in subserosa"
"TGACCTCCGGATAACC-1","Tumor stroma in muscularis propria"
"TGACCTGAAGTAGATT-1","Tumor stroma in mucosa and submucosa"
"TGACCTTAGACCGCAT-1","Tumor cells in subserosa"
"TGACGCCTATTGTCGG-1","Non-neoplastic colon"
"TGACGCCTCATCCGCC-1","Tumor cells in mucosa and submucosa"
"TGACGCCTTAGTTACG-1","Tumor stroma in muscularis propria"
"TGACGCTAGATCTGAG-1","Non-neoplastic colon"
"TGACGCTTCCGTGCTA-1","Tumor stroma in subserosa"
"TGACGGCAATTCCGTC-1","Tumor stroma in mucosa and submucosa"
"TGACGGCACCTAAGGC-1","Non-neoplastic colon"
"TGACGGCGACGCCACT-1","Necrosis"
"TGACTCAACAAGTCGC-1","Non-neoplastic colon"
"TGACTCGGACGGTAAC-1","Tumor stroma in muscularis propria"
"TGACTGTCGGCTCCAT-1","Tumor stroma in mucosa and submucosa"
"TGACTTAACACCAAGC-1","Non-neoplastic colon"
"TGACTTCCTGCGTACT-1","Non-neoplastic colon"
"TGACTTGAGCTACAAC-1","PNI"
"TGACTTGAGTCTTGTT-1","Tumor cells in mucosa and submucosa"
"TGACTTGCTAACGAAT-1","Tumor stroma in subserosa"
"TGAGAACATTCTCAGC-1","Tumor cells in mucosa and submucosa"
"TGAGAAGGAATGTCTA-1","Non-neoplastic colon"
"TGAGAAGGAGCTTCCT-1","Tumor cells in mucosa and submucosa"
"TGAGAATAGGCATAGG-1","Non-neoplastic colon"
"TGAGAATTACGTGCCG-1","Tumor stroma in subserosa"
"TGAGACAGTATGGAAT-1","Tumor stroma in subserosa"
"TGAGACCGCTATCATA-1","Non-neoplastic colon"
"TGAGACGTTACGCCGA-1","Tumor stroma in muscularis propria"
"TGAGACGTTATTGACA-1","Non-neoplastic colon"
"TGAGACTAGTCTGTCG-1","Tumor cells in mucosa and submucosa"
"TGAGATCATATTAATC-1","Tumor cells in muscularis propria"
"TGAGCACGACCGGTCT-1","Non-neoplastic colon"
"TGAGCACGTACCGCTA-1","Non-neoplastic colon"
"TGAGCAGACCTCGTCA-1","Non-neoplastic colon"
"TGAGCAGACGCCACAA-1","Tumor cells in mucosa and submucosa"
"TGAGCAGACTAGCAAG-1","Non-neoplastic colon"
"TGAGCAGATGGCTATG-1","Tumor stroma in mucosa and submucosa"
"TGAGCATGTAGCATTG-1","Tumor stroma in muscularis propria"
"TGAGCCAGTTCCTTCA-1","Tumor cells in muscularis propria"
"TGAGCCATCGGAGCCT-1","Tumor stroma in subserosa"
"TGAGCCTACGCCGAAT-1","Tumor stroma in muscularis propria"
"TGAGCCTATTCTCCAC-1","Non-neoplastic colon"
"TGAGCCTCCGTACATA-1","Non-neoplastic colon"
"TGAGCGAACTCAAGCG-1","Tumor cells in mucosa and submucosa"
"TGAGCGCCTGCTATAC-1","Tumor cells in mucosa and submucosa"
"TGAGCTCAGACCAGTG-1","Tumor stroma in mucosa and submucosa"
"TGAGCTCCAGGCCTGC-1","Non-neoplastic colon"
"TGAGCTCCGTTGCTTC-1","LVI"
"TGAGCTTGAGATTCGT-1","Tumor stroma in muscularis propria"
"TGAGGAACGTAGGATT-1","Non-neoplastic colon"
"TGAGGAATTATCCTTA-1","Tumor stroma at tumor invasive front/border"
"TGAGGATGGACTTACC-1","Tumor cells in mucosa and submucosa"
"TGAGGCACGGAACGAA-1","Tumor cells in mucosa and submucosa"
"TGAGGCAGAACCGTCG-1","Non-neoplastic colon"
"TGAGGCATTATCTACC-1","Tumor stroma in muscularis propria"
"TGAGGCCACTGCCATG-1","Non-neoplastic colon"
"TGAGGCGTCGTTCCTA-1","Non-neoplastic colon"
"TGAGGTAACCAGCGTG-1","Tumor cells in mucosa and submucosa"
"TGAGGTAAGAATTGCG-1","Non-neoplastic colon"
"TGAGGTAAGTTCTGGC-1","Non-neoplastic colon"
"TGAGGTAATGAATCAT-1","Non-neoplastic colon"
"TGAGGTACAGTCAGTC-1","Tumor stroma at tumor invasive front/border"
"TGAGGTACATAATTGG-1","Tumor cells in mucosa and submucosa"
"TGAGGTACGCTCGAAG-1","Tumor stroma in mucosa and submucosa"
"TGAGGTAGCACGTGGT-1","Tumor stroma in muscularis propria"
"TGAGGTAGGCGGTTCC-1","Tumor stroma in subserosa"
"TGAGGTAGTCGTATGG-1","Tumor stroma in subserosa"
"TGAGGTCGGAGTTAGG-1","Tumor stroma in muscularis propria"
"TGAGGTCGTGCGACCG-1","Tumor cells in mucosa and submucosa"
"TGAGGTCGTTGGAATC-1","Necrosis"
"TGAGGTGAGTCGCTTA-1","Tumor stroma in muscularis propria"
"TGAGGTGCCATACTGG-1","Non-neoplastic colon"
"TGAGGTGCGAGCAAGC-1","Tumor cells in mucosa and submucosa"
"TGAGGTTAGTATTCAC-1","Tumor cells in subserosa"
"TGAGTAACCTGCCAAC-1","Tumor cells in mucosa and submucosa"
"TGAGTACGAAGAGTTG-1","Tumor cells in mucosa and submucosa"
"TGAGTATGTACCGAAT-1","Non-neoplastic colon"
"TGAGTCCATAGGCATA-1","Tumor cells in muscularis propria"
"TGAGTCGCGATATTAC-1","Non-neoplastic colon"
"TGAGTGACATGACCGA-1","Non-neoplastic colon"
"TGAGTGAGCCGCATTA-1","Tumor cells in muscularis propria"
"TGAGTGCAACAGGACG-1","Non-neoplastic colon"
"TGAGTGGCCTGGAGGT-1","Tumor cells at tumor invasive front/border"
"TGAGTTAAGATCACGA-1","Tumor cells in subserosa"
"TGAGTTCCATTGAGTA-1","Tumor cells in mucosa and submucosa"
"TGAGTTCCGGATCCTT-1","Non-neoplastic colon"
"TGAGTTCCGTCATAGG-1","Tumor cells in mucosa and submucosa"
"TGAGTTCTAACTACTT-1","Tumor stroma in subserosa"
"TGAGTTCTTACCTGAA-1","Tumor stroma in subserosa"
"TGAGTTGACACTTAAC-1","Tumor stroma in mucosa and submucosa"
"TGAGTTGACAGAATCT-1","Tumor cells in mucosa and submucosa"
"TGAGTTGGCTTACAGC-1","Non-neoplastic colon"
"TGAGTTGTCGGTTATG-1","Tumor stroma in subserosa"
"TGAGTTGTTCTTAGTA-1","Non-neoplastic colon"
"TGATACGTCGAATGTT-1","Necrosis"
"TGATAGCCGGAAGCAG-1","Non-neoplastic colon"
"TGATAGCCTCCGTCAA-1","Non-neoplastic colon"
"TGATAGCGAAGCATAA-1","Tumor cells in mucosa and submucosa"
"TGATAGGAGTTGCCAG-1","Non-neoplastic colon"
"TGATAGTCTAAGTTCG-1","Non-neoplastic colon"
"TGATCATGGTTAGATT-1","Tumor cells in subserosa"
"TGATCGCATAGGATTC-1","Tumor cells in mucosa and submucosa"
"TGATCTGTCGGATAGA-1","Tumor cells in mucosa and submucosa"
"TGATGCTGGTCGCAGA-1","Tumor cells at tumor invasive front/border"
"TGATGGAAGGCTCGTT-1","Tumor cells at tumor invasive front/border"
"TGATGGAAGTGACTGC-1","Non-neoplastic colon"
"TGATGGAGCCAGTCTA-1","Tumor cells in subserosa"
"TGATGGAGTCTTGGTT-1","Tumor stroma in muscularis propria"
"TGATGGCCGTAGGTAA-1","Tumor cells in mucosa and submucosa"
"TGATGGCGAAGATTCC-1","Tumor cells in mucosa and submucosa"
"TGATGGTGGAGTAATA-1","Tumor cells in muscularis propria"
"TGATGGTTAGTGATCA-1","Tumor stroma in subserosa"
"TGATGGTTGGTGCGGT-1","Non-neoplastic colon"
"TGATGGTTGTTCCACC-1","Non-neoplastic colon"
"TGATGTACTATGTTCT-1","Non-neoplastic colon"
"TGATGTACTCAATCGC-1","Tumor stroma in muscularis propria"
"TGATTCACCGGTCAGC-1","Tumor cells in mucosa and submucosa"
"TGATTCACGCTTACAT-1","Non-neoplastic colon"
"TGATTCACGTCGGAGT-1","Non-neoplastic colon"
"TGATTCACTATGACTA-1","Necrosis"
"TGATTCATACGGAATA-1","Non-neoplastic colon"
"TGATTCATAGTATCTT-1","Tumor stroma in subserosa"
"TGATTCATTGGTATAC-1","Non-neoplastic colon"
"TGATTCCAATTCAATA-1","Tumor stroma in subserosa"
"TGATTCCGCCAAGGCG-1","Tumor stroma at tumor invasive front/border"
"TGATTCCGTACAAGAC-1","Tumor stroma in mucosa and submucosa"
"TGATTCCGTTCGCTGC-1","Non-neoplastic colon"
"TGATTCGTAGCCGAGC-1","Tumor cells in mucosa and submucosa"
"TGATTCGTCTCGTATG-1","Non-neoplastic colon"
"TGATTCGTTCACGTTA-1","Non-neoplastic colon"
"TGATTCGTTGGAGTGG-1","Tumor stroma in muscularis propria"
"TGATTCGTTGTCGCCT-1","Non-neoplastic colon"
"TGATTCTAACCGTGAG-1","Non-neoplastic colon"
"TGATTCTAACTGGATC-1","Non-neoplastic colon"
"TGATTCTGGAATTCAT-1","Non-neoplastic colon"
"TGCAACGTCGCCGACC-1","Non-neoplastic colon"
"TGCAACGTTCAGGTAC-1","Non-neoplastic colon"
"TGCAACTAATCTAGTG-1","Tumor cells in muscularis propria"
"TGCAACTAATGGTGCT-1","Tumor cells in mucosa and submucosa"
"TGCAACTCTTGCATAC-1","Tumor stroma in subserosa"
"TGCAAGCATCTTATTG-1","Tumor stroma in mucosa and submucosa"
"TGCAATAGTGCGATAG-1","Tumor stroma at tumor invasive front/border"
"TGCACCATGAATAGGA-1","Necrosis"
"TGCACCGACAGAGCAG-1","Tumor cells in mucosa and submucosa"
"TGCACCGATATCCTTG-1","Tumor cells in muscularis propria"
"TGCACCGGTTGCTTGG-1","Tumor cells in muscularis propria"
"TGCACCTCGGCTTCGG-1","Necrosis"
"TGCACGAACCTGCAGA-1","Tumor stroma in mucosa and submucosa"
"TGCACGACATTGAAGC-1","Tumor cells in mucosa and submucosa"
"TGCACGACCATTGGCA-1","Non-neoplastic colon"
"TGCACGACCGATTCTA-1","Tumor stroma in subserosa"
"TGCACGAGAAGGCCGA-1","Tumor cells in subserosa"
"TGCACGAGAATGGTCC-1","Non-neoplastic colon"
"TGCACGAGGCGACACT-1","Tumor cells in muscularis propria"
"TGCACGCTACGCAATC-1","Non-neoplastic colon"
"TGCACGCTATTGGCCT-1","Tumor cells in mucosa and submucosa"
"TGCACGCTTCGGACAG-1","Tumor cells in mucosa and submucosa"
"TGCACGGCAGTCTTAC-1","Tumor cells in mucosa and submucosa"
"TGCACGGCCACCGGAG-1","Tumor cells in mucosa and submucosa"
"TGCACGGCGAGGATAC-1","Non-neoplastic colon"
"TGCACGGTATCGTCGA-1","Tumor cells at tumor invasive front/border"
"TGCACGGTTAATGACC-1","Non-neoplastic colon"
"TGCACGGTTGGACTCC-1","Non-neoplastic colon"
"TGCACGTAATCATTCT-1","Non-neoplastic colon"
"TGCACGTACTATCAAT-1","Tumor stroma in mucosa and submucosa"
"TGCACGTATTGGTACG-1","Tumor cells in subserosa"
"TGCACGTCTGAACAGT-1","Tumor stroma in mucosa and submucosa"
"TGCACGTGCCACGCCT-1","Tumor cells in subserosa"
"TGCACGTGTCCACGAT-1","Tumor stroma in muscularis propria"
"TGCACTGGCACTAGGA-1","Tumor cells in subserosa"
"TGCAGAACAACTCAAG-1","Non-neoplastic colon"
"TGCAGAACAATAACGC-1","Non-neoplastic colon"
"TGCAGAACATACGTCG-1","Tumor cells in mucosa and submucosa"
"TGCAGAACCAGCTCGG-1","Tumor stroma in mucosa and submucosa"
"TGCAGAAGCCTCTTGA-1","Necrosis"
"TGCAGAAGGCGTTCAG-1","Non-neoplastic colon"
"TGCAGAAGTGTTGATG-1","Non-neoplastic colon"
"TGCAGAATACTGCAGG-1","Tumor stroma at tumor invasive front/border"
"TGCAGAATTAACTAAG-1","Non-neoplastic colon"
"TGCAGACAATCTGTCT-1","Tumor cells in mucosa and submucosa"
"TGCAGACAGGAAGTGC-1","Tumor cells in subserosa"
"TGCAGACGAGGCCTGT-1","Tumor stroma in subserosa"
"TGCAGACGGTTAAGGT-1","Tumor cells in muscularis propria"
"TGCAGAGCCAGCGTCT-1","Tumor cells in mucosa and submucosa"
"TGCAGAGCGTGCAGGA-1","Tumor stroma in muscularis propria"
"TGCAGAGCTTCCTTAG-1","Tumor cells in mucosa and submucosa"
"TGCAGAGCTTCTGCTA-1","Non-neoplastic colon"
"TGCAGAGGTTCGAGTG-1","Tumor cells in subserosa"
"TGCAGATGGCATGTGA-1","Tumor cells in mucosa and submucosa"
"TGCAGATGTTAACTGC-1","Tumor cells in mucosa and submucosa"
"TGCAGATGTTGGTGAT-1","Tumor stroma in mucosa and submucosa"
"TGCAGATTATAAGAAT-1","Tumor stroma in mucosa and submucosa"
"TGCAGATTCCGAACGT-1","Non-neoplastic colon"
"TGCAGATTGCTGCCTA-1","Tumor stroma in subserosa"
"TGCAGATTGTTCGTAC-1","Tumor cells in mucosa and submucosa"
"TGCAGCTATGCGTGCA-1","Necrosis"
"TGCAGCTTGTGAATTG-1","Tumor stroma in muscularis propria"
"TGCAGTATCGTGTATC-1","Non-neoplastic colon"
"TGCAGTCGTGTTGCCT-1","Tumor cells in mucosa and submucosa"
"TGCAGTCTATTCGTGA-1","Non-neoplastic colon"
"TGCAGTTCTTCACTAT-1","Tumor cells in mucosa and submucosa"
"TGCATAATGGTAATTA-1","Other"
"TGCATCTGGTTAGAGG-1","Necrosis"
"TGCATTACCACTAACA-1","Non-neoplastic colon"
"TGCATTACCAGAATGT-1","Tumor stroma at tumor invasive front/border"
"TGCATTACTTACAAGT-1","Non-neoplastic colon"
"TGCATTCGAGCCAACT-1","Tumor cells in mucosa and submucosa"
"TGCATTCTGCCAGCAA-1","Non-neoplastic colon"
"TGCATTCTTGGTCGTA-1","Tumor cells in muscularis propria"
"TGCATTGCAGGATACT-1","Tumor cells in muscularis propria"
"TGCCAACCACTGCGTA-1","Non-neoplastic colon"
"TGCCAACGACTCATTG-1","Tumor cells in muscularis propria"
"TGCCAACGTAACCACT-1","Non-neoplastic colon"
"TGCCAACTACCGGCAC-1","Non-neoplastic colon"
"TGCCAATAAGTTGTTC-1","Non-neoplastic colon"
"TGCCACAAGTTCACTT-1","Tumor stroma in muscularis propria"
"TGCCACAGATGAGGTT-1","Non-neoplastic colon"
"TGCCACAGTATCCTGC-1","Tumor stroma in muscularis propria"
"TGCCACATAGCCGCAA-1","Non-neoplastic colon"
"TGCCACATTCACAGTC-1","Tumor cells in mucosa and submucosa"
"TGCCACCGAGGTGCTA-1","Non-neoplastic colon"
"TGCCACCTTATTGGAA-1","Non-neoplastic colon"
"TGCCACGGAGTAAGCC-1","Non-neoplastic colon"
"TGCCACTAATGTGCAC-1","Tumor stroma at tumor invasive front/border"
"TGCCACTTGGATCCAT-1","LVI"
"TGCCAGATTCCTCGAC-1","Tumor cells in mucosa and submucosa"
"TGCCAGCCAGTAGAGC-1","Tumor stroma in mucosa and submucosa"
"TGCCAGCTGAATCGTT-1","Tumor cells in mucosa and submucosa"
"TGCCAGCTGACGGCCG-1","Tumor cells in muscularis propria"
"TGCCAGGAAGGTCTTA-1","Tumor stroma in muscularis propria"
"TGCCAGTAGCCACTTA-1","Non-neoplastic colon"
"TGCCAGTGCGGTTAAG-1","Non-neoplastic colon"
"TGCCAGTTCTTGGATG-1","Tumor cells in muscularis propria"
"TGCCAGTTGTGGTCGT-1","Non-neoplastic colon"
"TGCCGACATAATTAAC-1","Tumor stroma in mucosa and submucosa"
"TGCCGCATAATGTCAC-1","Non-neoplastic colon"
"TGCCGCTAATCCTGGC-1","Tumor cells in mucosa and submucosa"
"TGCCGCTACACGTTAC-1","Tumor cells at tumor invasive front/border"
"TGCCGCTTGTAAGTCC-1","Non-neoplastic colon"
"TGCCGCTTGTCTCGGT-1","Non-neoplastic colon"
"TGCCGGAATTCACTTG-1","Tumor cells in mucosa and submucosa"
"TGCCGTTGAATAGTAC-1","Tumor cells in mucosa and submucosa"
"TGCCTAAGCTAAGACA-1","Tumor cells in mucosa and submucosa"
"TGCCTACATAGATTCC-1","Non-neoplastic colon"
"TGCCTACATGAACGAA-1","Tumor cells in muscularis propria"
"TGCCTACATTCCATTC-1","Tumor cells in mucosa and submucosa"
"TGCCTACGAGTCAGAA-1","Tumor stroma in muscularis propria"
"TGCCTACGCTCGAAGT-1","Tumor cells in mucosa and submucosa"
"TGCCTACGGATCGATA-1","Non-neoplastic colon"
"TGCCTACTCAGCGACT-1","Non-neoplastic colon"
"TGCCTACTGACTGCGT-1","Tumor cells in mucosa and submucosa"
"TGCCTACTGCGGAATG-1","Non-neoplastic colon"
"TGCCTACTGTAATGTA-1","Tumor cells in mucosa and submucosa"
"TGCCTAGCTTCCTCGT-1","Tumor cells in mucosa and submucosa"
"TGCCTAGGCGTTCGTA-1","Tumor stroma in subserosa"
"TGCCTAGGCTGATCGG-1","Tumor cells in muscularis propria"
"TGCCTATCCTAAGCAT-1","Tumor stroma in subserosa"
"TGCCTATCGTGGAGGC-1","Non-neoplastic colon"
"TGCCTATGAAGAATAG-1","Tumor stroma in subserosa"
"TGCCTCACGCGTAGAA-1","Tumor stroma in mucosa and submucosa"
"TGCCTGACTAGTCCTA-1","Necrosis"
"TGCGAACAGGAGTGGT-1","Tumor cells in muscularis propria"
"TGCGAACATATGCTTC-1","Tumor cells in subserosa"
"TGCGAAGAACTGTAAC-1","Tumor cells in mucosa and submucosa"
"TGCGAAGTAGGTATAC-1","Tumor stroma in subserosa"
"TGCGAATTGCTTATGT-1","Non-neoplastic colon"
"TGCGAGCTTGCGTGTA-1","Tumor stroma in subserosa"
"TGCGATAATGGTATTG-1","Non-neoplastic colon"
"TGCGATCGATCAGTCA-1","Non-neoplastic colon"
"TGCGATGTACTTCAGT-1","Tumor cells in muscularis propria"
"TGCGATGTAGGCCGAG-1","Non-neoplastic colon"
"TGCGATTAACGTGAGG-1","Tumor cells in muscularis propria"
"TGCGATTACATTGTCT-1","Tumor cells in mucosa and submucosa"
"TGCGATTAGTGCTCTG-1","Non-neoplastic colon"
"TGCGATTCATGCAACG-1","Tumor cells in subserosa"
"TGCGCAACATAGACTC-1","Tumor cells at tumor invasive front/border"
"TGCGCAAGAATTACAT-1","Tumor stroma in subserosa"
"TGCGCCATAAGCGGCT-1","Tumor cells in muscularis propria"
"TGCGCCATTAAGTCTA-1","Necrosis"
"TGCGCCTGAGGACAAG-1","Tumor cells in subserosa"
"TGCGCCTGGACCTTCT-1","Non-neoplastic colon"
"TGCGCCTTACAGGACA-1","Tumor cells in mucosa and submucosa"
"TGCGCCTTATGTGAGC-1","Tumor stroma in mucosa and submucosa"
"TGCGCCTTGTGAGTAT-1","Tumor cells in mucosa and submucosa"
"TGCGCTACTCCACTGA-1","Tumor stroma in muscularis propria"
"TGCGCTCAACGCCGTC-1","Tumor stroma in mucosa and submucosa"
"TGCGCTCACGGACCAT-1","Tumor cells in muscularis propria"
"TGCGCTCGTTAGCAGG-1","Non-neoplastic colon"
"TGCGCTGACGCATACA-1","Tumor stroma in subserosa"
"TGCGCTGGAGACCACG-1","Tumor stroma in mucosa and submucosa"
"TGCGCTGTCAGCACTT-1","Non-neoplastic colon"
"TGCGGACAGGCCTGCC-1","Non-neoplastic colon"
"TGCGGACCATCGCTAA-1","Tumor stroma in subserosa"
"TGCGGACCGACGAGGC-1","Non-neoplastic colon"
"TGCGGACCGGTCGCAC-1","Non-neoplastic colon"
"TGCGGACCTCACCATT-1","Tumor cells in muscularis propria"
"TGCGGACCTCGTTGAG-1","Tumor cells at tumor invasive front/border"
"TGCGGACGGCATTCGT-1","Tumor cells in mucosa and submucosa"
"TGCGGACGTTAAGCTA-1","Non-neoplastic colon"
"TGCGGACGTTGCAGCT-1","Non-neoplastic colon"
"TGCGGACTCGGATGGA-1","Non-neoplastic colon"
"TGCGGAGCCTCCAGAC-1","Tumor stroma in muscularis propria"
"TGCGGAGCTATTGAAT-1","Non-neoplastic colon"
"TGCGGAGGACTCAACG-1","Tumor stroma in subserosa"
"TGCGGAGGCAATAGAT-1","Tumor cells in mucosa and submucosa"
"TGCGGAGGCACTTCGC-1","Non-neoplastic colon"
"TGCGGATCGACATTCG-1","Tumor cells in subserosa"
"TGCGGATCGGAGACCT-1","Non-neoplastic colon"
"TGCGGATCTAGGAGAA-1","Non-neoplastic colon"
"TGCGGATCTGACTGCG-1","Non-neoplastic colon"
"TGCGGATTCAGTGGTC-1","Tumor cells in mucosa and submucosa"
"TGCGGATTCTCGTATC-1","Tumor stroma in subserosa"
"TGCGGATTGGAACGGT-1","Tumor cells in mucosa and submucosa"
"TGCGGCAAGGACGCGA-1","Tumor stroma in subserosa"
"TGCGGCCAGGAGTAAC-1","Tumor cells in subserosa"
"TGCGGCCTCCGCACTC-1","Non-neoplastic colon"
"TGCGGCTACTGGATAG-1","Tumor stroma in mucosa and submucosa"
"TGCGTAGTCCACCTTA-1","Tumor stroma in muscularis propria"
"TGCGTCAACTAAGCAG-1","Non-neoplastic colon"
"TGCGTCAATCTACTAT-1","Tumor cells in mucosa and submucosa"
"TGCGTCTGGAGCCAGA-1","Tumor cells in muscularis propria"
"TGCGTCTGTTAGACGC-1","Tumor cells in mucosa and submucosa"
"TGCGTGAGGCTTCGGT-1","Tumor cells in muscularis propria"
"TGCGTGTCCGCTTAGG-1","Non-neoplastic colon"
"TGCGTTACATAGCGAG-1","Non-neoplastic colon"
"TGCGTTAGGCGATAGG-1","Tumor cells in mucosa and submucosa"
"TGCGTTAGTACACGAC-1","Non-neoplastic colon"
"TGCGTTATGGAGTCCA-1","Non-neoplastic colon"
"TGCGTTGCGTAATCGC-1","Non-neoplastic colon"
"TGCTAATAACTTAGAA-1","Tumor stroma in subserosa"
"TGCTACATAAGACGAA-1","Non-neoplastic colon"
"TGCTACATGCACATGT-1","Tumor cells in muscularis propria"
"TGCTACATTATCATAA-1","Tumor cells in muscularis propria"
"TGCTACCGCCATGACA-1","Other"
"TGCTACCGTGGTCCAG-1","Tumor cells in mucosa and submucosa"
"TGCTACCTGTCATTCG-1","Tumor cells in mucosa and submucosa"
"TGCTACGATGGACACG-1","Non-neoplastic colon"
"TGCTACGCCTGCTTAA-1","Tumor stroma in subserosa"
"TGCTACTCGAACCTAC-1","Tumor cells in mucosa and submucosa"
"TGCTACTTACAGCGGA-1","Tumor stroma at tumor invasive front/border"
"TGCTAGGTTACTTCAC-1","Tumor stroma in muscularis propria"
"TGCTAGTGGTTAACCA-1","Tumor cells in mucosa and submucosa"
"TGCTATAATCACCGCT-1","Non-neoplastic colon"
"TGCTATACGACCATCC-1","Tumor cells in subserosa"
"TGCTATACTCCGAGTT-1","Tumor stroma in muscularis propria"
"TGCTATCGAATCCGGA-1","Tumor cells in mucosa and submucosa"
"TGCTATGTAAGATATG-1","Non-neoplastic colon"
"TGCTATGTATCCTCTA-1","Tumor cells in mucosa and submucosa"
"TGCTATTAATAGGACC-1","Non-neoplastic colon"
"TGCTATTACACTAAGC-1","Tumor stroma in mucosa and submucosa"
"TGCTATTGCTTACGTG-1","Non-neoplastic colon"
"TGCTCCAGCAATTACG-1","Tumor stroma in subserosa"
"TGCTCCGAGTTCCTGA-1","Tumor cells in subserosa"
"TGCTCCGGCCGCACAA-1","Tumor stroma in muscularis propria"
"TGCTCCTACCACTGTC-1","Non-neoplastic colon"
"TGCTGTAACGCTTCTA-1","Tumor stroma in muscularis propria"
"TGCTGTATCAATGGCG-1","Non-neoplastic colon"
"TGCTGTATCATATTAA-1","Tumor stroma in muscularis propria"
"TGCTGTCAATAGACTC-1","Non-neoplastic colon"
"TGCTGTCAGGTCCTGT-1","Tumor stroma in subserosa"
"TGCTGTCATAGTAACC-1","Tumor stroma in mucosa and submucosa"
"TGCTGTCATTCCTGAA-1","Tumor cells in mucosa and submucosa"
"TGCTGTCGAACAGAAT-1","Non-neoplastic colon"
"TGCTGTCGACGCGAGG-1","Tumor cells in mucosa and submucosa"
"TGCTGTCTAAGAACAA-1","Non-neoplastic colon"
"TGCTGTCTAGTATCGG-1","Tumor stroma in muscularis propria"
"TGCTGTCTCGCTTAAC-1","Other"
"TGCTGTCTCGTCACCA-1","Tumor cells in mucosa and submucosa"
"TGCTGTGATTGTCAGT-1","Tumor stroma in subserosa"
"TGCTGTGCGGAGGCGG-1","Non-neoplastic colon"
"TGCTGTGCTAACTGCT-1","Tumor stroma at tumor invasive front/border"
"TGCTGTTAGAGGCCAC-1","Tumor cells in mucosa and submucosa"
"TGCTGTTCCTTAGGAT-1","Non-neoplastic colon"
"TGCTGTTCGCGATTCT-1","Tumor cells in subserosa"
"TGCTTACCAGCGAAGG-1","Tumor cells in muscularis propria"
"TGCTTACCATACTCAA-1","Necrosis"
"TGCTTAGAACCTCGTG-1","Tumor cells in mucosa and submucosa"
"TGCTTAGATATGACGG-1","Tumor stroma in muscularis propria"
"TGCTTAGCGAAGTCGA-1","Tumor cells in muscularis propria"
"TGCTTAGTCCTCTGAA-1","Tumor cells in mucosa and submucosa"
"TGCTTAGTCTTAAGCT-1","Tumor stroma in muscularis propria"
"TGCTTATGCGAACGTC-1","Non-neoplastic colon"
"TGCTTATGGAAGGCCG-1","Non-neoplastic colon"
"TGCTTCATTCAGACAA-1","Tumor cells in mucosa and submucosa"
"TGCTTCCAGGAGGCAA-1","Tumor cells in subserosa"
"TGCTTCTACGAATAAG-1","Non-neoplastic colon"
"TGCTTCTACGGTCTTC-1","Non-neoplastic colon"
"TGCTTCTGAACGAGAT-1","Tumor cells in muscularis propria"
"TGGAAGACATAGATAC-1","Non-neoplastic colon"
"TGGAAGACGCATAGCA-1","Tumor stroma in mucosa and submucosa"
"TGGAAGCAAGCGCAAG-1","Tumor stroma in muscularis propria"
"TGGAAGCTCGAATATT-1","Non-neoplastic colon"
"TGGAAGCTGCTCGCTT-1","Necrosis"
"TGGAAGGAACGCCACG-1","Tumor cells in mucosa and submucosa"
"TGGAAGGATAACTTAG-1","Tumor cells in mucosa and submucosa"
"TGGAAGGATTATGTGA-1","Non-neoplastic colon"
"TGGAAGGATTGATCGT-1","Non-neoplastic colon"
"TGGAAGGTAGTTGGCT-1","Tumor cells in subserosa"
"TGGAAGGTCACCGCGG-1","Tumor stroma in subserosa"
"TGGAAGGTGATCATGA-1","Tumor stroma in mucosa and submucosa"
"TGGAAGGTGGAGGTGC-1","Tumor stroma in mucosa and submucosa"
"TGGAAGTCCGCCAGTA-1","Non-neoplastic colon"
"TGGAAGTGAAGTTCGA-1","Tumor cells in muscularis propria"
"TGGAAGTGATAGGTTA-1","Tumor cells in subserosa"
"TGGAAGTGGCCAACAT-1","Tumor stroma at tumor invasive front/border"
"TGGAAGTGGCGGTGCT-1","Tumor cells at tumor invasive front/border"
"TGGAAGTGTAATAGAA-1","Tumor cells in subserosa"
"TGGAAGTTGTATAATT-1","Tumor cells in mucosa and submucosa"
"TGGAAGTTGTCTGTAA-1","Tumor cells in subserosa"
"TGGAATTAGCCGTGTC-1","Non-neoplastic colon"
"TGGACAATCGCCACCG-1","Tumor cells in mucosa and submucosa"
"TGGACACGAAGAATCC-1","Non-neoplastic colon"
"TGGACACGCAACCGTT-1","Tumor stroma in muscularis propria"
"TGGACACGCTGTCATG-1","Tumor cells in subserosa"
"TGGACAGCACAATGGT-1","Tumor cells in subserosa"
"TGGACAGCTCGGCCGT-1","Tumor stroma at tumor invasive front/border"
"TGGACAGTCTAGGCTG-1","Tumor stroma in mucosa and submucosa"
"TGGACATGCTGGTTGC-1","Tumor cells in mucosa and submucosa"
"TGGACCTATGATTAAC-1","Tumor cells in mucosa and submucosa"
"TGGACGCATAAGCGCT-1","Non-neoplastic colon"
"TGGACGCATCTAGGTT-1","Tumor cells in mucosa and submucosa"
"TGGACGTGCGATTCGG-1","Tumor stroma in subserosa"
"TGGACTAGCACTTCTG-1","Tumor stroma in subserosa"
"TGGACTAGGCCTAGTT-1","Non-neoplastic colon"
"TGGACTCCTGACAGTA-1","Tumor stroma in muscularis propria"
"TGGACTGAATACAGCA-1","Non-neoplastic colon"
"TGGACTGGTGGCGATA-1","Non-neoplastic colon"
"TGGACTGTAGGACGCA-1","Tumor stroma in mucosa and submucosa"
"TGGACTTACGAGAAGC-1","Other"
"TGGACTTAGTCAAGAT-1","Tumor stroma in subserosa"
"TGGACTTCACTGGAGC-1","Tumor cells in mucosa and submucosa"
"TGGACTTCATGATTAT-1","Tumor cells in mucosa and submucosa"
"TGGACTTCCGAGGTCG-1","Non-neoplastic colon"
"TGGACTTCTAGAGCTT-1","Non-neoplastic colon"
"TGGACTTGACGTGACG-1","Non-neoplastic colon"
"TGGACTTGCCGCGTTC-1","Non-neoplastic colon"
"TGGAGGAACGTGCGTA-1","Non-neoplastic colon"
"TGGAGTAATCGCAACT-1","Non-neoplastic colon"
"TGGAGTAATTAGTTAA-1","Tumor cells in mucosa and submucosa"
"TGGAGTCCAGCAATAG-1","Tumor stroma in mucosa and submucosa"
"TGGAGTCCGAACGTGG-1","Non-neoplastic colon"
"TGGAGTCCGAAGCACC-1","Tumor cells in muscularis propria"
"TGGAGTCCTCAAGACT-1","Tumor stroma in muscularis propria"
"TGGAGTCCTTAGATCG-1","Tumor cells in mucosa and submucosa"
"TGGAGTCGAGATCAAC-1","Non-neoplastic colon"
"TGGAGTCGGCTGTACT-1","Non-neoplastic colon"
"TGGAGTCTAGCGGTGC-1","Tumor stroma in mucosa and submucosa"
"TGGAGTCTCCACGGCA-1","Tumor cells in mucosa and submucosa"
"TGGAGTCTCGGCTTGA-1","Tumor cells in mucosa and submucosa"
"TGGAGTGCCGAGTCAT-1","Tumor cells at tumor invasive front/border"
"TGGAGTGCGTTACATA-1","Tumor cells in mucosa and submucosa"
"TGGAGTGCTCACAAGG-1","Tumor stroma in muscularis propria"
"TGGAGTTGCGACAGTG-1","Tumor cells in muscularis propria"
"TGGATACCACTCCGAA-1","Non-neoplastic colon"
"TGGATCACGCAGGTAT-1","Tumor stroma in subserosa"
"TGGATCATGCGGATGA-1","Tumor stroma in mucosa and submucosa"
"TGGATCGAGCATTAGC-1","Non-neoplastic colon"
"TGGATCTACAACCAGG-1","Non-neoplastic colon"
"TGGATCTACGTTGGCG-1","Tumor stroma in mucosa and submucosa"
"TGGATCTAGTTGTATG-1","Tumor stroma in mucosa and submucosa"
"TGGATTATCATGAGCA-1","Non-neoplastic colon"
"TGGATTCACCTGGATC-1","Non-neoplastic colon"
"TGGATTGTACGCAACC-1","Tumor cells in mucosa and submucosa"
"TGGCAACCTATCGTCC-1","Non-neoplastic colon"
"TGGCAACTTGGAGCGT-1","Non-neoplastic colon"
"TGGCAAGCACCATAGC-1","Tumor stroma in subserosa"
"TGGCAATACATCACCT-1","Tumor cells in mucosa and submucosa"
"TGGCAATATGGCGAAC-1","Tumor cells in mucosa and submucosa"
"TGGCAGATGGCACCGC-1","Tumor stroma in mucosa and submucosa"
"TGGCAGCGCCTGGTTA-1","Tumor cells in mucosa and submucosa"
"TGGCATAACAATTGAG-1","Tumor cells in mucosa and submucosa"
"TGGCATAATTGTAGCG-1","Tumor cells in muscularis propria"
"TGGCATAGATACATCA-1","Non-neoplastic colon"
"TGGCATCTGTAGTCAC-1","Non-neoplastic colon"
"TGGCATGCGTATGTAT-1","Tumor cells in subserosa"
"TGGCATGTATTCTTAC-1","Non-neoplastic colon"
"TGGCATGTGGACTGAG-1","Tumor cells in subserosa"
"TGGCCAACGCACTCTG-1","Non-neoplastic colon"
"TGGCCAAGGTATTCAC-1","Non-neoplastic colon"
"TGGCCACTATCGTTGT-1","Tumor cells in mucosa and submucosa"
"TGGCCAGACGATCCAA-1","Tumor stroma in subserosa"
"TGGCCAGAGCTTGAAC-1","Non-neoplastic colon"
"TGGCCAGAGTGGCGAG-1","Non-neoplastic colon"
"TGGCCATATCAACGTC-1","PNI"
"TGGCCATTCGACCAAT-1","Tumor cells in mucosa and submucosa"
"TGGCCATTCTATCGTA-1","Non-neoplastic colon"
"TGGCCTTCTGGCCTCG-1","Non-neoplastic colon"
"TGGCGAACGGCGTACT-1","Tumor cells in mucosa and submucosa"
"TGGCGAATCTACTCTT-1","Tumor stroma in subserosa"
"TGGCGAATGTCTTCGA-1","Tumor cells in mucosa and submucosa"
"TGGCGACAGGCGAGAA-1","Tumor cells in mucosa and submucosa"
"TGGCGAGGAAGTTCGT-1","Non-neoplastic colon"
"TGGCGATACAATGAGT-1","Tumor cells in muscularis propria"
"TGGCGATAGTACCGTG-1","Tumor stroma in mucosa and submucosa"
"TGGCGATATCCGGTGG-1","Tumor stroma in mucosa and submucosa"
"TGGCGGCCGCAACGTC-1","Tumor cells in mucosa and submucosa"
"TGGCTCCAGTCCAGAC-1","Tumor stroma in subserosa"
"TGGCTCCGCACTTCGG-1","Non-neoplastic colon"
"TGGCTCCGCCAGCAGT-1","Tumor cells in mucosa and submucosa"
"TGGCTCGACTACAACT-1","Tumor stroma in mucosa and submucosa"
"TGGCTCTAAGCGACGG-1","Non-neoplastic colon"
"TGGCTCTTGATAACTC-1","Tumor stroma in subserosa"
"TGGCTGAATCGACAGA-1","Non-neoplastic colon"
"TGGCTGAATGCCAGGT-1","Non-neoplastic colon"
"TGGCTGAATTAAGTCG-1","Non-neoplastic colon"
"TGGCTGAGCATGTATT-1","Tumor cells in mucosa and submucosa"
"TGGCTGCAACCATACT-1","Tumor cells in mucosa and submucosa"
"TGGCTGGCAATACGAT-1","Tumor stroma in muscularis propria"
"TGGCTGGCCTTAGGCC-1","Non-neoplastic colon"
"TGGCTGGCGGACCAGA-1","Non-neoplastic colon"
"TGGCTGGTATAACTCC-1","Tumor stroma in muscularis propria"
"TGGCTGTTACGCCAAT-1","Tumor stroma in mucosa and submucosa"
"TGGCTGTTATCAGGAA-1","Non-neoplastic colon"
"TGGCTGTTGGACTCGG-1","Tumor cells in muscularis propria"
"TGGTAAGCTTAGATGC-1","Non-neoplastic colon"
"TGGTACAATCCATACG-1","Non-neoplastic colon"
"TGGTACCGTATGACAA-1","Tumor stroma in subserosa"
"TGGTACCGTTCCTTGT-1","Tumor cells in mucosa and submucosa"
"TGGTACCGTTGACAAC-1","Tumor cells in subserosa"
"TGGTACGGCGAGATTA-1","Necrosis"
"TGGTACGGTGCCACAT-1","Non-neoplastic colon"
"TGGTACGTCATGTCCT-1","Tumor stroma in subserosa"
"TGGTACGTCTTCGCTA-1","Tumor stroma in subserosa"
"TGGTACTCCTCATGTT-1","Tumor stroma in subserosa"
"TGGTACTCGATCAGAA-1","Tumor cells in mucosa and submucosa"
"TGGTACTCGCCTTGCC-1","Tumor cells in muscularis propria"
"TGGTACTCGTTGACTC-1","Tumor cells in mucosa and submucosa"
"TGGTACTCTTCGCTCG-1","Non-neoplastic colon"
"TGGTACTGCACTGTCG-1","Tumor stroma in subserosa"
"TGGTACTTGTACGTGA-1","Tumor cells in muscularis propria"
"TGGTAGCAGGTGTTCT-1","Non-neoplastic colon"
"TGGTAGTTATAGTGTT-1","Non-neoplastic colon"
"TGGTATACTCCAGAGC-1","Necrosis"
"TGGTATAGATCTAGCC-1","Tumor stroma in subserosa"
"TGGTATCTTAATTACC-1","Necrosis"
"TGGTATCTTCCTACAA-1","Non-neoplastic colon"
"TGGTATGTATGGAGTC-1","Tumor stroma in muscularis propria"
"TGGTATTACAACCGTG-1","Tumor stroma in subserosa"
"TGGTATTAGTATTGCT-1","Tumor cells in mucosa and submucosa"
"TGGTATTCTGTATTCT-1","Tumor cells in mucosa and submucosa"
"TGGTCATGCTTCGCCA-1","Non-neoplastic colon"
"TGGTCGAGGATCCTCG-1","Tumor stroma at tumor invasive front/border"
"TGGTCGAGGCCTGAGT-1","Tumor cells in mucosa and submucosa"
"TGGTCGCCAAGTTAGG-1","Non-neoplastic colon"
"TGGTCGCTGCCTAGAT-1","Non-neoplastic colon"
"TGGTCTCATTCGGAGG-1","Tumor stroma in subserosa"
"TGGTCTGATAGAGTAT-1","Tumor stroma in mucosa and submucosa"
"TGGTCTGCAGCCAATT-1","Tumor stroma in subserosa"
"TGGTCTGGATACGTTA-1","Non-neoplastic colon"
"TGGTGAAGCGGCACAA-1","Non-neoplastic colon"
"TGGTGATGTCGCCTTC-1","Tumor cells in mucosa and submucosa"
"TGGTGCAGGTCAAGAC-1","Tumor cells in mucosa and submucosa"
"TGGTGCAGTTCTGAAT-1","Tumor stroma in subserosa"
"TGGTGCATTGAGCTTG-1","Necrosis"
"TGGTGCCGAACAGTCA-1","Tumor stroma in muscularis propria"
"TGGTGCCTCGATGACG-1","Non-neoplastic colon"
"TGGTGCGACTAAGTTA-1","Tumor cells in mucosa and submucosa"
"TGGTGCGACTATACCG-1","Non-neoplastic colon"
"TGGTGCGAGCAAGCAC-1","Non-neoplastic colon"
"TGGTGCGAGGCGTAGC-1","Tumor stroma in muscularis propria"
"TGGTGCGGTTGTCTCA-1","Tumor stroma in mucosa and submucosa"
"TGGTGCTCGTGCGTTC-1","Non-neoplastic colon"
"TGGTGCTCTACTTGAA-1","Non-neoplastic colon"
"TGGTGCTTGCGTATCT-1","Tumor stroma in subserosa"
"TGGTTAACTGCCATGG-1","Non-neoplastic colon"
"TGGTTACGAGATGCAA-1","Tumor stroma in muscularis propria"
"TGGTTATTCAGATAGT-1","Tumor cells in muscularis propria"
"TGGTTATTCCAATGCA-1","Tumor cells in subserosa"
"TGGTTGAAGTTACGTG-1","Non-neoplastic colon"
"TGGTTGAATGGATAAG-1","Tumor stroma in muscularis propria"
"TGGTTGATCAATTAAG-1","Other"
"TGGTTGATCAGGCACT-1","Non-neoplastic colon"
"TGGTTGGAACAGCTTA-1","Tumor stroma in subserosa"
"TGGTTGGAGCCGCAAT-1","Tumor cells in muscularis propria"
"TGGTTGGATATGAGAA-1","Tumor cells in mucosa and submucosa"
"TGGTTGGATTAATGAT-1","Non-neoplastic colon"
"TGGTTGGATTCCTTCG-1","Tumor cells at tumor invasive front/border"
"TGGTTGGCACGGTATT-1","Tumor stroma in subserosa"
"TGGTTGGCCTAGTGGA-1","Tumor cells in mucosa and submucosa"
"TGGTTGGCGGAGTACG-1","Tumor stroma in mucosa and submucosa"
"TGGTTGGCTTGGTCAC-1","Tumor cells in muscularis propria"
"TGGTTGGTAATAGCGA-1","Tumor cells in mucosa and submucosa"
"TGGTTGGTTCGCGGCC-1","Tumor cells in muscularis propria"
"TGGTTGGTTCGTTAGG-1","Non-neoplastic colon"
"TGGTTGTAACATTGGC-1","Non-neoplastic colon"
"TGGTTGTATGCAACGA-1","Non-neoplastic colon"
"TGGTTGTCGCGAGTAA-1","Tumor stroma in mucosa and submucosa"
"TGTAACATCAACTTGT-1","Non-neoplastic colon"
"TGTAACGTATTGAGGC-1","Non-neoplastic colon"
"TGTAAGCTGTACCAGA-1","Non-neoplastic colon"
"TGTAAGGAATGTCAGT-1","Non-neoplastic colon"
"TGTAAGTGCTTGAGTT-1","Tumor stroma in muscularis propria"
"TGTAATACTGCGTGCC-1","Tumor cells in mucosa and submucosa"
"TGTAATCGCATAGGAT-1","Tumor cells in mucosa and submucosa"
"TGTAATCGTCCTATTA-1","Non-neoplastic colon"
"TGTAATCTAACATTCG-1","Non-neoplastic colon"
"TGTAATGATACACTAC-1","Tumor stroma in mucosa and submucosa"
"TGTAATGTATTCGAAT-1","Tumor cells in mucosa and submucosa"
"TGTAATGTCATTCCGA-1","Tumor cells in mucosa and submucosa"
"TGTAATTAACGTCAAC-1","Tumor stroma in subserosa"
"TGTAATTATGATTGCG-1","Non-neoplastic colon"
"TGTAATTGAAGCGTGA-1","Tumor stroma in muscularis propria"
"TGTACACGCCATACCA-1","Non-neoplastic colon"
"TGTACCAACGTGCGAT-1","Tumor stroma at tumor invasive front/border"
"TGTACCAAGTTGGTAA-1","Tumor stroma in muscularis propria"
"TGTACCACATGGCGTG-1","Tumor stroma at tumor invasive front/border"
"TGTACCGCATCCGGCG-1","Non-neoplastic colon"
"TGTACCGGTGCCGTTG-1","Tumor stroma in subserosa"
"TGTACCGTCGGCCACT-1","Non-neoplastic colon"
"TGTACCGTGAATTGCG-1","Non-neoplastic colon"
"TGTACCTACCATAGCC-1","Tumor stroma in muscularis propria"
"TGTACCTACGGCGTTA-1","Non-neoplastic colon"
"TGTACCTTCAAGCTGG-1","Non-neoplastic colon"
"TGTACTCGGTTCAACT-1","Tumor stroma at tumor invasive front/border"
"TGTAGACCGCACGTAA-1","Non-neoplastic colon"
"TGTAGCTCGGTACAGA-1","Non-neoplastic colon"
"TGTAGGACGACTTCGC-1","Tumor cells in muscularis propria"
"TGTAGGAGCGGCACGC-1","Non-neoplastic colon"
"TGTAGGAGGCATACTA-1","Necrosis"
"TGTAGGAGGCTAGCAG-1","Tumor cells in mucosa and submucosa"
"TGTAGGAGGTGCCTTC-1","Non-neoplastic colon"
"TGTAGGATAATCGCTG-1","Non-neoplastic colon"
"TGTAGGCAAGTTAGAT-1","Non-neoplastic colon"
"TGTAGGCACTGACAAT-1","Tumor cells in subserosa"
"TGTAGGCAGCAACAGG-1","Non-neoplastic colon"
"TGTAGGTCGGCATACG-1","Non-neoplastic colon"
"TGTAGGTGATTGTTAG-1","Non-neoplastic colon"
"TGTAGGTGTCACTGGA-1","Tumor stroma in mucosa and submucosa"
"TGTAGGTGTCATGTTC-1","Non-neoplastic colon"
"TGTAGGTTATACGGCG-1","Tumor cells in muscularis propria"
"TGTAGGTTCTTGAACG-1","Non-neoplastic colon"
"TGTAGTCCAATAGATT-1","Non-neoplastic colon"
"TGTAGTCTATCACCGC-1","Tumor cells in mucosa and submucosa"
"TGTAGTGCAGCGCATG-1","Non-neoplastic colon"
"TGTAGTGGCTCCTAAT-1","Non-neoplastic colon"
"TGTAGTGGTTGTTCTG-1","Tumor cells in mucosa and submucosa"
"TGTAGTTCGCCAGGTT-1","Tumor cells at tumor invasive front/border"
"TGTATCACCATCGACT-1","Tumor stroma in muscularis propria"
"TGTATCCGATAATTAC-1","Non-neoplastic colon"
"TGTATCCGGATAACTG-1","Tumor stroma in mucosa and submucosa"
"TGTATCCGTCCGTTCG-1","Non-neoplastic colon"
"TGTATCGTACTCGGTG-1","Tumor stroma in muscularis propria"
"TGTATCTATTCCGCAG-1","Non-neoplastic colon"
"TGTATCTGCGCTCAAG-1","Non-neoplastic colon"
"TGTATGAAGCCGTGTT-1","Tumor cells in mucosa and submucosa"
"TGTATGAAGCGTATTC-1","Tumor stroma in subserosa"
"TGTATGACAACCTATC-1","Non-neoplastic colon"
"TGTATGACCTTACGTA-1","Tumor cells in muscularis propria"
"TGTATGACTCTGCGCC-1","Non-neoplastic colon"
"TGTATGATCGTTAACC-1","Tumor stroma in muscularis propria"
"TGTATGATTAACTTCA-1","Tumor cells in muscularis propria"
"TGTATGCCTCCAATAA-1","Tumor cells in muscularis propria"
"TGTATGCTATGGTGAA-1","Tumor cells in muscularis propria"
"TGTATGCTTCACGATA-1","Tumor cells in subserosa"
"TGTATGGATAGGCTCG-1","Non-neoplastic colon"
"TGTATGGATGGTAACT-1","Non-neoplastic colon"
"TGTATGGTAGGCGTGC-1","Non-neoplastic colon"
"TGTATGGTCCGTTGTA-1","Tumor stroma in subserosa"
"TGTATGTCCGGCTCTG-1","Tumor cells in mucosa and submucosa"
"TGTATGTCTAGTCGAA-1","Tumor stroma in subserosa"
"TGTATTAGATCGTCCA-1","Tumor cells in muscularis propria"
"TGTATTGTATACCGGC-1","Tumor stroma in subserosa"
"TGTCAACACTCAGCGG-1","Tumor stroma in subserosa"
"TGTCAACCAATACCTC-1","Tumor stroma in muscularis propria"
"TGTCAACCTACGCATA-1","Non-neoplastic colon"
"TGTCAACCTGCTAACT-1","Non-neoplastic colon"
"TGTCAAGAACTGATTC-1","Tumor cells in muscularis propria"
"TGTCAAGAGCAGGACC-1","Tumor cells in muscularis propria"
"TGTCAAGTAACCTGAG-1","Tumor stroma in subserosa"
"TGTCAAGTAGTTCTCA-1","Tumor cells in muscularis propria"
"TGTCAAGTCCTTAGGC-1","Tumor cells in mucosa and submucosa"
"TGTCAATACATACTGG-1","Non-neoplastic colon"
"TGTCAATATCATCCTA-1","Tumor cells in mucosa and submucosa"
"TGTCAATGCGAAGGAG-1","Necrosis"
"TGTCAATGCTGAGTGA-1","Non-neoplastic colon"
"TGTCACAATGCACGTA-1","Tumor cells in mucosa and submucosa"
"TGTCACAGACAAGCCA-1","Tumor cells in mucosa and submucosa"
"TGTCACAGCCACGATC-1","Tumor stroma at tumor invasive front/border"
"TGTCACAGTAGCGACG-1","Necrosis"
"TGTCACAGTTCCGTAA-1","Tumor stroma in mucosa and submucosa"
"TGTCACCACGGCGATG-1","Necrosis"
"TGTCACCATAACAGTA-1","Tumor cells in mucosa and submucosa"
"TGTCACGTGAAGGTCT-1","Tumor cells in subserosa"
"TGTCACGTGCAGCCAA-1","Tumor cells in muscularis propria"
"TGTCACTAGCAGTTGA-1","Non-neoplastic colon"
"TGTCACTCATAAGGAA-1","Non-neoplastic colon"
"TGTCAGAATCCTTGCG-1","Tumor cells in subserosa"
"TGTCAGAATGGCTCTG-1","Non-neoplastic colon"
"TGTCAGACATGCGAAG-1","Tumor stroma in mucosa and submucosa"
"TGTCAGACGTGCTGCC-1","Tumor cells in mucosa and submucosa"
"TGTCAGATGAGTGGCG-1","Tumor cells in mucosa and submucosa"
"TGTCAGATTACGCAGT-1","Non-neoplastic colon"
"TGTCAGCAACTCTGGC-1","Non-neoplastic colon"
"TGTCAGCGCTCGACAT-1","Tumor cells in mucosa and submucosa"
"TGTCAGCGGCAACTCC-1","Non-neoplastic colon"
"TGTCAGGTCGGCCAGC-1","Non-neoplastic colon"
"TGTCAGGTTAATGCAA-1","Other"
"TGTCAGTCACAATCGG-1","Tumor cells in muscularis propria"
"TGTCAGTGACTGCAGA-1","Non-neoplastic colon"
"TGTCAGTGATACGGTT-1","Necrosis"
"TGTCAGTGATCGTGCG-1","Tumor cells in mucosa and submucosa"
"TGTCAGTGGAGCCGTA-1","Non-neoplastic colon"
"TGTCAGTGTACCTTAG-1","Tumor stroma in mucosa and submucosa"
"TGTCATAGCACTATGT-1","Tumor cells in mucosa and submucosa"
"TGTCATCCACAGCAGT-1","Tumor stroma in muscularis propria"
"TGTCCATGTATTCGCC-1","Tumor cells in mucosa and submucosa"
"TGTCCTAATAACGGAA-1","Non-neoplastic colon"
"TGTCCTAGACATCATT-1","Tumor stroma in subserosa"
"TGTCCTAGCAATTGTA-1","Tumor cells in muscularis propria"
"TGTCCTAGGCACTCGC-1","Tumor stroma in subserosa"
"TGTCCTAGTGGCGTCC-1","Tumor cells in mucosa and submucosa"
"TGTCCTCATACCGACT-1","Non-neoplastic colon"
"TGTCCTCATGAAGCTG-1","Other"
"TGTCCTCATGATTACA-1","Non-neoplastic colon"
"TGTCCTGGCTCGCTTC-1","Non-neoplastic colon"
"TGTCCTTAAGCGAGAA-1","Non-neoplastic colon"
"TGTCCTTCCTCGTACA-1","Tumor cells in subserosa"
"TGTCCTTGACTAAGGC-1","Tumor cells in subserosa"
"TGTCCTTGGTACCATC-1","Tumor cells in mucosa and submucosa"
"TGTCCTTGTTGGTATT-1","Tumor cells in mucosa and submucosa"
"TGTCGAAGGTCGGCTT-1","Tumor cells in mucosa and submucosa"
"TGTCGAGGTGCGCACC-1","Tumor cells in mucosa and submucosa"
"TGTCGAGTTAGCTTAT-1","Tumor stroma in mucosa and submucosa"
"TGTCGATCAGGTTACT-1","Tumor cells in mucosa and submucosa"
"TGTCGATCGAACTCAC-1","Tumor cells in muscularis propria"
"TGTCGATCGATCGATT-1","Tumor stroma in mucosa and submucosa"
"TGTCGATCGCTACGCT-1","Non-neoplastic colon"
"TGTCGATCTGATGTTG-1","Tumor stroma in subserosa"
"TGTCGCAAGACTGTTG-1","Tumor stroma in subserosa"
"TGTCGCGGCTACGCAC-1","Tumor stroma in subserosa"
"TGTCGCGTCTGATAGA-1","Non-neoplastic colon"
"TGTCGCTATCTGGCGA-1","Tumor cells in muscularis propria"
"TGTCGCTCGGCCAGTA-1","Non-neoplastic colon"
"TGTCGTGCTACAACGT-1","Tumor stroma in muscularis propria"
"TGTCGTTAGCTGTATC-1","Non-neoplastic colon"
"TGTCTAATGCTTCGGA-1","Tumor cells in muscularis propria"
"TGTCTAATTAGGTCTA-1","Tumor cells in mucosa and submucosa"
"TGTCTATGATGTTGAG-1","Tumor cells in mucosa and submucosa"
"TGTCTGCCATACCGCC-1","Tumor cells in mucosa and submucosa"
"TGTCTGCCTCGTTAAG-1","Non-neoplastic colon"
"TGTCTGCGACCTATTC-1","Non-neoplastic colon"
"TGTCTGCGAGTTCATT-1","LVI"
"TGTCTGCGTGCCTGGC-1","Tumor stroma in muscularis propria"
"TGTCTGGAATCATAGG-1","Non-neoplastic colon"
"TGTCTGGATTACTATT-1","Non-neoplastic colon"
"TGTCTGTACTCACTAA-1","Tumor stroma in subserosa"
"TGTCTTACAAGCCTTC-1","Non-neoplastic colon"
"TGTCTTATACTAGGTC-1","Tumor stroma in subserosa"
"TGTCTTCAGAAGTGCC-1","Tumor stroma in muscularis propria"
"TGTCTTCAGCGTCAGC-1","Tumor stroma in muscularis propria"
"TGTCTTCCATGTCTAA-1","Non-neoplastic colon"
"TGTCTTCCGGTGCTCC-1","Tumor cells in mucosa and submucosa"
"TGTCTTCCTGACCGAG-1","Non-neoplastic colon"
"TGTCTTGCATAGTAAC-1","Non-neoplastic colon"
"TGTCTTGGATCGGACT-1","Non-neoplastic colon"
"TGTCTTGGCAGTTAGA-1","Tumor cells in subserosa"
"TGTCTTGGCTACCTGG-1","Non-neoplastic colon"
"TGTTAACGAGACATCG-1","Tumor cells in mucosa and submucosa"
"TGTTAACGAGCGTCCA-1","Tumor cells in subserosa"
"TGTTAACGCATGGATA-1","Tumor cells in muscularis propria"
"TGTTAATCCGATCGTG-1","Non-neoplastic colon"
"TGTTAATGATTCACTA-1","Tumor cells in mucosa and submucosa"
"TGTTACAACGCTAATT-1","Non-neoplastic colon"
"TGTTACAACGGTGCCA-1","Tumor stroma in mucosa and submucosa"
"TGTTACAACTAAGGTT-1","Tumor stroma in mucosa and submucosa"
"TGTTACCGAGCAATGA-1","Tumor cells in subserosa"
"TGTTAGCGTCGAGGAA-1","Tumor cells in mucosa and submucosa"
"TGTTAGGATTGTCTTG-1","Tumor cells in muscularis propria"
"TGTTATCCAGTACCGA-1","Non-neoplastic colon"
"TGTTATCCTACCGTGC-1","Tumor cells in mucosa and submucosa"
"TGTTATGTACGCATAC-1","Non-neoplastic colon"
"TGTTCACCAAGAACGA-1","Tumor stroma in muscularis propria"
"TGTTCACCGAGCGATG-1","Non-neoplastic colon"
"TGTTCACCTATGAGAA-1","Tumor cells in subserosa"
"TGTTCACTCAGTTCGC-1","Tumor cells in mucosa and submucosa"
"TGTTCACTCCTTGACT-1","Non-neoplastic colon"
"TGTTCACTTCACATAA-1","Non-neoplastic colon"
"TGTTCACTTCTGCTGG-1","Tumor cells in mucosa and submucosa"
"TGTTCAGAATCCTAAT-1","Tumor cells in mucosa and submucosa"
"TGTTCATATCTATGAC-1","Non-neoplastic colon"
"TGTTCATATGACGCAA-1","Tumor cells in mucosa and submucosa"
"TGTTCATATTCGGCTC-1","Tumor cells in mucosa and submucosa"
"TGTTCCAATACTCAGT-1","Non-neoplastic colon"
"TGTTCCAATCTAATTG-1","Tumor cells in muscularis propria"
"TGTTCCGAGTGCCGAT-1","Tumor stroma in muscularis propria"
"TGTTCGAGGCCAAGGA-1","Tumor stroma in mucosa and submucosa"
"TGTTCGATCTAAGGCG-1","Necrosis"
"TGTTCGATGGATACGT-1","Non-neoplastic colon"
"TGTTCGCACGGCCGGC-1","Non-neoplastic colon"
"TGTTCGCATGTTAGCG-1","Non-neoplastic colon"
"TGTTCGCTTCTAATCC-1","Tumor stroma in muscularis propria"
"TGTTCGTACACGGCCA-1","Non-neoplastic colon"
"TGTTCGTGGCGTCGTG-1","Tumor stroma in muscularis propria"
"TGTTCTAATCGGCCAG-1","PNI"
"TGTTGCCAGTCGCCTG-1","Non-neoplastic colon"
"TGTTGCCGTTCGACCA-1","Tumor stroma in muscularis propria"
"TGTTGCTCGATGTCTG-1","Non-neoplastic colon"
"TGTTGGACGAAGGCGT-1","Tumor cells in muscularis propria"
"TGTTGGAGCCGCGACG-1","Tumor cells in mucosa and submucosa"
"TGTTGGATAGATCAGA-1","Tumor cells in mucosa and submucosa"
"TGTTGGCCAATATGGC-1","Tumor stroma in subserosa"
"TGTTGGCCTGTAGCGG-1","Non-neoplastic colon"
"TGTTGGTGAGCGGACG-1","Non-neoplastic colon"
"TGTTGGTGATTAGGTA-1","Tumor cells in mucosa and submucosa"
"TGTTGGTGCGCTTCGC-1","Non-neoplastic colon"
"TGTTGGTGGACTCAGG-1","Tumor cells in mucosa and submucosa"
