"Barcode","Pathologist_Layer3"
"AACAATCCGAGTGGAC-1","Non-neoplastic colon"
"AACAATGGAACCACAT-1","Non-neoplastic colon"
"AACAATGTGCTCCGAG-1","Tumor cells in muscularis propria"
"AACACCAGCCTACTCG-1","Non-neoplastic colon"
"AACACCATTCGCATAC-1","Tumor cells in mucosa and submucosa"
"AACACCGAATGTCTCA-1","Non-neoplastic colon"
"AACACCGAGCTTGGAT-1","Non-neoplastic colon"
"AACACCTAAGCATTGC-1","Non-neoplastic colon"
"AACACGACAACGGAGT-1","Tumor stroma in mucosa and submucosa"
"AACACGCAGATAACAA-1","Tumor stroma in mucosa and submucosa"
"AACACGGAACGAGTTA-1","Non-neoplastic colon"
"AACACGTTGATACCGC-1","Tumor cells in muscularis propria"
"AACACTCGAAGTATCA-1","Non-neoplastic colon"
"AACACTCGTGAGCTTC-1","Tumor cells in muscularis propria"
"AACAGCCTCCTGACTA-1","Tumor cells in muscularis propria"
"AACAGCTGTCGCAGAA-1","Tumor cells in mucosa and submucosa"
"AACAGGAATTCTGTGA-1","Tumor stroma in mucosa and submucosa"
"AACAGGAGATGTAACG-1","Non-neoplastic colon"
"AACAGGATACTCTTAG-1","Non-neoplastic colon"
"AACAGGATGCTGGCAT-1","Non-neoplastic colon"
"AACAGGCCAGGCCGCT-1","Tumor cells in muscularis propria"
"AACAGGCCATCCGCGT-1","Non-neoplastic colon"
"AACAGGCCATTGTCAC-1","Non-neoplastic colon"
"AACAGTATCAACGCTT-1","Non-neoplastic colon"
"AACAGTATCCGCCTGG-1","Non-neoplastic colon"
"AACAGTCAATGTGATA-1","Non-neoplastic colon"
"AACAGTCGAGGTAGAT-1","Non-neoplastic colon"
"AACAGTCTGACGAATT-1","Tumor cells in muscularis propria"
"AACAGTCTGGTTGATG-1","Non-neoplastic colon"
"AACAGTGATGTACATC-1","Non-neoplastic colon"
"AACATACCTCCGGCTG-1","Tumor cells in mucosa and submucosa"
"AACATACTCCACAGTT-1","Non-neoplastic colon"
"AACATACTCCAGCTGA-1","Tumor stroma in mucosa and submucosa"
"AACATAGAAGACTGTT-1","Tumor cells in muscularis propria"
"AACATAGAAGGTGAGT-1","Non-neoplastic colon"
"AACATAGAAGTGCGCA-1","Tumor stroma in mucosa and submucosa"
"AACATAGGAGGCGTCC-1","Tumor cells in muscularis propria"
"AACATAGGTCCATAGC-1","Non-neoplastic colon"
"AACATAGGTTCCGCAC-1","Tumor stroma in mucosa and submucosa"
"AACATAGGTTGGCACC-1","Non-neoplastic colon"
"AACATAGTCGCAGCTC-1","Non-neoplastic colon"
"AACATATGCACTTCTA-1","Non-neoplastic colon"
"AACATCAACATCTTGA-1","Non-neoplastic colon"
"AACATCAAGGCTGGCT-1","Non-neoplastic colon"
"AACATCAAGTCGTATG-1","Tumor cells in muscularis propria"
"AACATCAATCCAGTCA-1","Non-neoplastic colon"
"AACATCAGATAGGCTC-1","Tumor cells in muscularis propria"
"AACATCTGGCACTAGC-1","Tumor cells in muscularis propria"
"AACATGACCGTACGGA-1","Tumor stroma in mucosa and submucosa"
"AACATGACGCCTGGAC-1","Non-neoplastic colon"
"AACATGAGCTGACATC-1","Tumor cells in mucosa and submucosa"
"AACATGAGGAGTCCAC-1","Tumor cells in muscularis propria"
"AACATGCACTTCGGAT-1","Non-neoplastic colon"
"AACATGCCATACGATA-1","Tumor cells in muscularis propria"
"AACCAACAATCGGTAC-1","Non-neoplastic colon"
"AACCAACTCAGCTCGA-1","Tumor cells in mucosa and submucosa"
"AACCAACTTATTACCT-1","Non-neoplastic colon"
"AACCAAGACCAACTGA-1","Tumor cells in muscularis propria"
"AACCAAGCATCTTGGA-1","Tumor cells in mucosa and submucosa"
"AACCAAGCGTATACCG-1","Non-neoplastic colon"
"AACCAAGCTAGATACG-1","Non-neoplastic colon"
"AACCAAGGCGTTATGT-1","Non-neoplastic colon"
"AACCAAGTGACCGAAG-1","Non-neoplastic colon"
"AACCAATAGACATAAT-1","Non-neoplastic colon"
"AACCAATCAGTTCCTC-1","Tumor stroma in muscularis propria"
"AACCAATCCGATCGCT-1","Non-neoplastic colon"
"AACCATAAGCTCGACT-1","Non-neoplastic colon"
"AACCATACCATAGACG-1","Non-neoplastic colon"
"AACCATAGTGAGTTGC-1","Non-neoplastic colon"
"AACCATGAATCTGAGG-1","Non-neoplastic colon"
"AACCGAAGTAGCCTGC-1","Tumor stroma in mucosa and submucosa"
"AACCGCAACTCAACGC-1","Tumor cells in muscularis propria"
"AACCGCCTAGCTGTCA-1","Non-neoplastic colon"
"AACCGTCAGTCGGTTG-1","Tumor cells in muscularis propria"
"AACCGTGCGAATTGTA-1","Tumor cells in mucosa and submucosa"
"AACCGTTCAAGGTCAG-1","Non-neoplastic colon"
"AACCGTTGTAGAGCTC-1","Non-neoplastic colon"
"AACCGTTGTCCTTGCT-1","Tumor cells in muscularis propria"
"AACCTAATGTAGCCGG-1","Tumor stroma in muscularis propria"
"AACCTACCGGTAACGC-1","Non-neoplastic colon"
"AACCTATGACCTGCTC-1","Non-neoplastic colon"
"AACCTCCGTAATTCTG-1","Non-neoplastic colon"
"AACCTGGATTCGCTAA-1","Non-neoplastic colon"
"AACCTGTCCTGCGAGC-1","Tumor stroma in muscularis propria"
"AACCTTAACGACAGTC-1","Non-neoplastic colon"
"AACCTTACCAGCTTAC-1","Tumor cells in mucosa and submucosa"
"AACCTTCAAGGAAGTT-1","Non-neoplastic colon"
"AACCTTCTGCCTACTG-1","Non-neoplastic colon"
"AACGAACAAGGCCGAG-1","Non-neoplastic colon"
"AACGACCAATAACTCA-1","Non-neoplastic colon"
"AACGACCGCTTGCGGT-1","Non-neoplastic colon"
"AACGACGGAGATTAAT-1","Tumor stroma in mucosa and submucosa"
"AACGAGAAGTAGTGAG-1","Non-neoplastic colon"
"AACGAGAATGAATTAT-1","Non-neoplastic colon"
"AACGAGCGGTTGTAGG-1","Non-neoplastic colon"
"AACGAGCTGTAATATT-1","Tumor stroma in mucosa and submucosa"
"AACGAGGAATCTAGAA-1","Non-neoplastic colon"
"AACGAGGACATATTAA-1","Non-neoplastic colon"
"AACGAGGCTGGTACCG-1","Non-neoplastic colon"
"AACGAGTCACATCTGG-1","Tumor cells in mucosa and submucosa"
"AACGCACGAACGGTAT-1","Non-neoplastic colon"
"AACGCACGTAACATGC-1","Tumor stroma in mucosa and submucosa"
"AACGCAGGAGCAGACG-1","Tumor cells in mucosa and submucosa"
"AACGCATACAAGGCGA-1","Non-neoplastic colon"
"AACGCATATGATACCT-1","Non-neoplastic colon"
"AACGCTCAGGAGTCAG-1","Tumor cells in muscularis propria"
"AACGCTCAGGCCAGCT-1","Non-neoplastic colon"
"AACGCTCGTGGTCGAC-1","Non-neoplastic colon"
"AACGCTGGAACATGCA-1","Tumor cells in mucosa and submucosa"
"AACGCTGTCCTGGATC-1","Non-neoplastic colon"
"AACGCTTGAGAATTAA-1","Tumor cells in muscularis propria"
"AACGGAATCGTATTGA-1","Tumor cells in mucosa and submucosa"
"AACGGCAATTGTGGTC-1","Tumor cells in mucosa and submucosa"
"AACGGCACCACTGTAA-1","Tumor stroma in mucosa and submucosa"
"AACGGCCGTACTTCCT-1","Tumor cells in muscularis propria"
"AACGGCGACGTCCACC-1","Non-neoplastic colon"
"AACGGCGAGGAAGGTT-1","Non-neoplastic colon"
"AACGGCGAGTGCCGAG-1","Non-neoplastic colon"
"AACGGTCGTATTAGGC-1","Non-neoplastic colon"
"AACGGTTGTCACGGCC-1","Tumor cells in muscularis propria"
"AACGTAAGACGGTTAG-1","Tumor cells in mucosa and submucosa"
"AACGTCATGGACTCAC-1","Tumor stroma in mucosa and submucosa"
"AACGTGAAGTAACTGG-1","Non-neoplastic colon"
"AACGTGGCCGACAATC-1","Tumor cells in mucosa and submucosa"
"AACGTGTATCGTGCAA-1","Non-neoplastic colon"
"AACGTTAGGAGCGTTG-1","Non-neoplastic colon"
"AACGTTAGTCACAACT-1","Non-neoplastic colon"
"AACTAGCAAGCCATTA-1","Non-neoplastic colon"
"AACTAGCACGTTGCAT-1","Non-neoplastic colon"
"AACTAGGCACAGGCTG-1","Tumor stroma in muscularis propria"
"AACTAGTAATGAGCCA-1","Non-neoplastic colon"
"AACTAGTCGTCCGGCT-1","Non-neoplastic colon"
"AACTATAACAATAACC-1","Non-neoplastic colon"
"AACTATAAGACTCGGT-1","Tumor cells in mucosa and submucosa"
"AACTATAGCAAGTGTT-1","Tumor cells in muscularis propria"
"AACTATAGGATGTTCC-1","Non-neoplastic colon"
"AACTATCTTACCGAGT-1","Non-neoplastic colon"
"AACTATCTTCGGTGGC-1","Non-neoplastic colon"
"AACTATGCCACGGTAC-1","Non-neoplastic colon"
"AACTATGTCAGTTAAG-1","Tumor cells in muscularis propria"
"AACTATTCAGGATGTT-1","Non-neoplastic colon"
"AACTATTCCGCAGATC-1","Non-neoplastic colon"
"AACTCAACTAATAGGT-1","Tumor cells in mucosa and submucosa"
"AACTCACCTATCGATC-1","Non-neoplastic colon"
"AACTCACGCATCGCCA-1","Non-neoplastic colon"
"AACTCAGAACGACACG-1","Non-neoplastic colon"
"AACTCAGTAGGTGCAG-1","Non-neoplastic colon"
"AACTCATGAGGAACGC-1","Non-neoplastic colon"
"AACTCATGATCCAACG-1","Tumor cells in muscularis propria"
"AACTCATGCGTCCTAA-1","Non-neoplastic colon"
"AACTGAAGTGGATGGT-1","Non-neoplastic colon"
"AACTGACATTCAGAGC-1","Non-neoplastic colon"
"AACTGCAAGCAACGGA-1","Non-neoplastic colon"
"AACTGCAATCGGACTA-1","Non-neoplastic colon"
"AACTGCAATTCCTAGA-1","Non-neoplastic colon"
"AACTGCCGATGAACTT-1","Tumor cells in mucosa and submucosa"
"AACTGCCGCTACATCT-1","Non-neoplastic colon"
"AACTGCCTCGGCCTCC-1","Non-neoplastic colon"
"AACTGCCTGACAATCC-1","Non-neoplastic colon"
"AACTGCCTGAGGTATG-1","Non-neoplastic colon"
"AACTGCGTCTCGTAAT-1","Non-neoplastic colon"
"AACTGCTATCTGCGGT-1","Tumor cells in mucosa and submucosa"
"AACTGCTATGTCTTAT-1","Non-neoplastic colon"
"AACTGCTTCTGTTGAC-1","Non-neoplastic colon"
"AACTGCTTGGTTGAAT-1","Non-neoplastic colon"
"AACTGGATAACTTCGG-1","Non-neoplastic colon"
"AACTTCACAGTTGGAG-1","Non-neoplastic colon"
"AACTTCACGTGAACGA-1","Tumor cells in mucosa and submucosa"
"AACTTCACTCTGATGG-1","Non-neoplastic colon"
"AACTTCAGCATACAGA-1","Tumor cells in muscularis propria"
"AACTTCATAACCTAAT-1","Non-neoplastic colon"
"AACTTCGACCACTAGT-1","LVI"
"AACTTCGCAAGTCGGC-1","Non-neoplastic colon"
"AACTTCGTTAGCCGCT-1","Non-neoplastic colon"
"AACTTGCAACAGCTGC-1","Tumor cells in mucosa and submucosa"
"AACTTGCAATAGTACA-1","Non-neoplastic colon"
"AACTTGGTGACGTCTG-1","Non-neoplastic colon"
"AAGAACATAAGGACGT-1","Non-neoplastic colon"
"AAGAACCGCACGTAAC-1","Non-neoplastic colon"
"AAGAATAACTTACATG-1","Non-neoplastic colon"
"AAGAATAAGTCGTTCA-1","Non-neoplastic colon"
"AAGAATACTCGATGAC-1","Tumor stroma in mucosa and submucosa"
"AAGAATCTATGATATC-1","Non-neoplastic colon"
"AAGAATGTAAGTTACA-1","Non-neoplastic colon"
"AAGAATGTAGGTATTG-1","Non-neoplastic colon"
"AAGAATGTCGCCACAA-1","Non-neoplastic colon"
"AAGAATTGGTAGAATG-1","Tumor cells in muscularis propria"
"AAGACATCTAAGTATC-1","Non-neoplastic colon"
"AAGACTAACGCTAGAC-1","Non-neoplastic colon"
"AAGACTCACGTCGCAG-1","Other"
"AAGACTGAAGCTTGTT-1","Non-neoplastic colon"
"AAGACTGGCCGAACGT-1","Tumor cells in muscularis propria"
"AAGACTTGAGATTACT-1","Non-neoplastic colon"
"AAGACTTGATAAGATA-1","Non-neoplastic colon"
"AAGAGCACCATCTTAT-1","Non-neoplastic colon"
"AAGAGCACCTAAGTCT-1","Tumor stroma in muscularis propria"
"AAGAGCTAAGCAGTCT-1","Non-neoplastic colon"
"AAGAGCTCATAAGAGG-1","Non-neoplastic colon"
"AAGAGCTTGCGAAGTC-1","Non-neoplastic colon"
"AAGATACAGACCAGTA-1","Non-neoplastic colon"
"AAGATAGGTCGGACGC-1","Non-neoplastic colon"
"AAGATGACATGTTGCG-1","Non-neoplastic colon"
"AAGATGTCGCATCGGC-1","Tumor stroma in mucosa and submucosa"
"AAGATGTCTATCCGCC-1","Non-neoplastic colon"
"AAGATGTTAGTGCTTA-1","Tumor cells in mucosa and submucosa"
"AAGATGTTGACTCAAC-1","Tumor cells in muscularis propria"
"AAGATTATACGAATGC-1","Non-neoplastic colon"
"AAGATTATACTCTTCA-1","Non-neoplastic colon"
"AAGATTATAGTGCCGT-1","Non-neoplastic colon"
"AAGATTATGTCTAAGT-1","Tumor stroma in muscularis propria"
"AAGATTCGTACTAATT-1","Non-neoplastic colon"
"AAGATTGACGATCCTA-1","Tumor cells in mucosa and submucosa"
"AAGATTGAGTACGTCG-1","Tumor stroma in muscularis propria"
"AAGATTGGTTGATTAC-1","Non-neoplastic colon"
"AAGCAAGCGATCCGTG-1","Non-neoplastic colon"
"AAGCAATTACAATTGT-1","Non-neoplastic colon"
"AAGCACCGTGGTGCGT-1","Non-neoplastic colon"
"AAGCACGCGACGAGAT-1","Non-neoplastic colon"
"AAGCACGCTGCCTCTT-1","Tumor cells in mucosa and submucosa"
"AAGCACGGATTGGTGA-1","Tumor cells in mucosa and submucosa"
"AAGCACGGTGATCACG-1","Non-neoplastic colon"
"AAGCACGTATCTCCAG-1","Tumor stroma in mucosa and submucosa"
"AAGCACTAAGAAGGAG-1","Tumor cells in muscularis propria"
"AAGCACTCGTTCGCCA-1","Non-neoplastic colon"
"AAGCAGAAGGCCGAAC-1","Tumor stroma in mucosa and submucosa"
"AAGCAGATCATAATGT-1","Non-neoplastic colon"
"AAGCAGCGCCTAACGC-1","Non-neoplastic colon"
"AAGCAGCTTGGATACA-1","Tumor cells in mucosa and submucosa"
"AAGCAGTACAATACGT-1","Non-neoplastic colon"
"AAGCAGTACACCTGAT-1","Tumor cells in mucosa and submucosa"
"AAGCAGTATCGTAGCG-1","Non-neoplastic colon"
"AAGCAGTGATCTCCTA-1","Non-neoplastic colon"
"AAGCCACCAGACTCTG-1","Non-neoplastic colon"
"AAGCCACCAGTATTAA-1","Non-neoplastic colon"
"AAGCCACCGCAGGCCT-1","Non-neoplastic colon"
"AAGCCACGGAACCATC-1","Non-neoplastic colon"
"AAGCCACTAAGAGCTG-1","Non-neoplastic colon"
"AAGCCAGCTCGCGGAT-1","Tumor stroma in muscularis propria"
"AAGCCAGGATTCTGAT-1","Non-neoplastic colon"
"AAGCCATCTAGAAGTT-1","Tumor cells in mucosa and submucosa"
"AAGCCATTAGACTACC-1","Non-neoplastic colon"
"AAGCCGACCGAGTATG-1","Non-neoplastic colon"
"AAGCCGACTCGCTCGA-1","Tumor cells in mucosa and submucosa"
"AAGCGAAGTTAGCTCA-1","Tumor cells in muscularis propria"
"AAGCGACCGCCACTGG-1","Tumor stroma in muscularis propria"
"AAGCGACGAGCGCCTA-1","Tumor stroma in muscularis propria"
"AAGCGACGCTCACGCA-1","Tumor stroma in muscularis propria"
"AAGCGACGTAGACCAC-1","Non-neoplastic colon"
"AAGCGAGCAAGATAGA-1","Tumor stroma in mucosa and submucosa"
"AAGCGAGCCAATGCAG-1","Non-neoplastic colon"
"AAGCGAGCGTAACGAG-1","Tumor cells in mucosa and submucosa"
"AAGCGAGCTATCACGG-1","Non-neoplastic colon"
"AAGCGAGGACTGAGTC-1","Non-neoplastic colon"
"AAGCGAGTTGCTACGC-1","Tumor cells in mucosa and submucosa"
"AAGCGATTATACCTGC-1","Non-neoplastic colon"
"AAGCGTCGTATGATGG-1","Non-neoplastic colon"
"AAGCGTCTGACGGCCG-1","Non-neoplastic colon"
"AAGCGTCTTCCTCAGG-1","Non-neoplastic colon"
"AAGGAAGGTGCATTAT-1","Tumor stroma in muscularis propria"
"AAGGAATTAATATGAG-1","Non-neoplastic colon"
"AAGGACAAGAGTCTCA-1","Tumor cells in mucosa and submucosa"
"AAGGACAAGCAGTGTA-1","Non-neoplastic colon"
"AAGGACATCAACTGTC-1","Non-neoplastic colon"
"AAGGACATGGCGACCA-1","Non-neoplastic colon"
"AAGGACCAGATAACTG-1","Non-neoplastic colon"
"AAGGACCGTGAGCCTC-1","Non-neoplastic colon"
"AAGGACCTCGGACCGG-1","Non-neoplastic colon"
"AAGGACTGCAGACCTC-1","Tumor cells in mucosa and submucosa"
"AAGGACTTGGTTGGTA-1","Tumor cells in mucosa and submucosa"
"AAGGAGAACACTGATG-1","Non-neoplastic colon"
"AAGGAGCGTACCAGTA-1","Non-neoplastic colon"
"AAGGAGTGCTCCATGG-1","Non-neoplastic colon"
"AAGGATGAATGTCTAA-1","Non-neoplastic colon"
"AAGGCACCAACGCACT-1","Non-neoplastic colon"
"AAGGCAGTCGTAAGGC-1","Tumor cells in muscularis propria"
"AAGGCCAGATCTTCCT-1","Non-neoplastic colon"
"AAGGCCGAGGCGGTAG-1","Non-neoplastic colon"
"AAGGCCGATAGAGTGA-1","Tumor cells in mucosa and submucosa"
"AAGGCCTCACTGGTTA-1","Tumor cells in mucosa and submucosa"
"AAGGCCTCTATCTAGA-1","Tumor stroma in muscularis propria"
"AAGGCCTCTGTATCTG-1","Non-neoplastic colon"
"AAGGCGAGAAGGTAAC-1","Non-neoplastic colon"
"AAGGCGAGGCTCCATA-1","Non-neoplastic colon"
"AAGGCGATCGCAACGG-1","Non-neoplastic colon"
"AAGGCGCTACCGTTGT-1","Non-neoplastic colon"
"AAGGCGGACGCACGAG-1","Non-neoplastic colon"
"AAGGCGGAGCTCATAG-1","Tumor cells in mucosa and submucosa"
"AAGGCGGATATTCAAG-1","Tumor cells in mucosa and submucosa"
"AAGGCGGATCGGAGGC-1","Non-neoplastic colon"
"AAGGCGTGAGCGAGTG-1","Tumor cells in muscularis propria"
"AAGGCGTGGAAGCGAC-1","Non-neoplastic colon"
"AAGGCGTGGTATGGCT-1","Non-neoplastic colon"
"AAGGTCATCCAATAGA-1","Tumor cells in mucosa and submucosa"
"AAGGTGAAGAACGCAC-1","Non-neoplastic colon"
"AAGGTGAATCTAGACT-1","Non-neoplastic colon"
"AAGGTGACAACTACTG-1","Non-neoplastic colon"
"AAGGTGAGACGGCTTA-1","Tumor cells in mucosa and submucosa"
"AAGGTGAGATCCACAT-1","Non-neoplastic colon"
"AAGGTGCCAACCTAAG-1","Necrosis"
"AAGGTGGATTGAGCGT-1","Tumor cells in mucosa and submucosa"
"AAGGTTACTTGTGGAA-1","Non-neoplastic colon"
"AAGGTTATAAGTACAA-1","Non-neoplastic colon"
"AAGGTTCACCGGCTCA-1","Tumor stroma in mucosa and submucosa"
"AAGGTTCGGTTCTGAT-1","Tumor cells in mucosa and submucosa"
"AAGGTTGATCCTGCTA-1","Tumor cells in mucosa and submucosa"
"AAGGTTGGCGAGGTTC-1","Tumor stroma in mucosa and submucosa"
"AAGTACCTCCGACATT-1","Non-neoplastic colon"
"AAGTACGTGCTAAGCG-1","Tumor stroma in muscularis propria"
"AAGTACTCTATTGCCG-1","Non-neoplastic colon"
"AAGTACTGCGCATTGT-1","Tumor cells in mucosa and submucosa"
"AAGTAGGATTACTATT-1","Non-neoplastic colon"
"AAGTCCTCCGACGGTA-1","Non-neoplastic colon"
"AAGTCGCACGCCTTCG-1","Tumor cells in mucosa and submucosa"
"AAGTCGGTCGGTCCAT-1","Non-neoplastic colon"
"AAGTCGGTGGACATCT-1","Tumor stroma in mucosa and submucosa"
"AAGTCGTTAATGCAGG-1","Non-neoplastic colon"
"AAGTCTACGGCGATAG-1","Non-neoplastic colon"
"AAGTCTACTTATTCAT-1","Tumor cells in mucosa and submucosa"
"AAGTCTGTCAGAATCT-1","Non-neoplastic colon"
"AAGTGACCGTCGGACT-1","Non-neoplastic colon"
"AAGTGCCATCGCGTGC-1","Tumor cells in mucosa and submucosa"
"AAGTGGACTCCTACGT-1","Non-neoplastic colon"
"AAGTGGCGAGAACATC-1","Non-neoplastic colon"
"AAGTGGTACAAGTATT-1","Non-neoplastic colon"
"AAGTGGTAGTTGCGGC-1","Non-neoplastic colon"
"AAGTGGTATGAGCGTG-1","Tumor cells in mucosa and submucosa"
"AAGTGGTTCATGCGAT-1","Tumor stroma in mucosa and submucosa"
"AAGTTAAGGTAATCGT-1","Non-neoplastic colon"
"AAGTTACTTCGTTCGA-1","Non-neoplastic colon"
"AAGTTAGACACCGCGA-1","Non-neoplastic colon"
"AAGTTAGTACTACGAA-1","Tumor cells in mucosa and submucosa"
"AAGTTCAACTGGATTC-1","Tumor stroma in mucosa and submucosa"
"AAGTTCAGCGATAGCA-1","Necrosis"
"AAGTTCAGTCCGCCGA-1","Tumor cells in mucosa and submucosa"
"AAGTTCCGGCTGTAGA-1","Tumor stroma in mucosa and submucosa"
"AAGTTCCTGTCCTTCT-1","Non-neoplastic colon"
"AATAACATTCAATGCA-1","Non-neoplastic colon"
"AATAACATTCTTCCGT-1","Tumor cells in muscularis propria"
"AATAACCAGATCCAAG-1","Tumor cells in mucosa and submucosa"
"AATAACGAGGTTCATA-1","Non-neoplastic colon"
"AATAACGTAGATACTC-1","Non-neoplastic colon"
"AATAACTGCCGTTACC-1","Non-neoplastic colon"
"AATAAGTACAGAATTG-1","Non-neoplastic colon"
"AATACATGCTCAGTGA-1","Non-neoplastic colon"
"AATACATGGTTGACCA-1","Non-neoplastic colon"
"AATACGATGTTGCCAA-1","Non-neoplastic colon"
"AATACGCAGATTGTGC-1","Non-neoplastic colon"
"AATACGCAGCGTAATC-1","Tumor cells in mucosa and submucosa"
"AATACGCATAGCTTAC-1","Non-neoplastic colon"
"AATACGGCGAGTGCTC-1","Tumor cells in mucosa and submucosa"
"AATACGTCATGCTCCG-1","Non-neoplastic colon"
"AATACGTCGCTCAAGA-1","Non-neoplastic colon"
"AATACTAAGCGGATTA-1","Non-neoplastic colon"
"AATACTAATAGAGCGG-1","Non-neoplastic colon"
"AATACTAATGTTGCAT-1","Non-neoplastic colon"
"AATACTCAAGTGACTC-1","Non-neoplastic colon"
"AATACTCCAGCAGGTA-1","Non-neoplastic colon"
"AATACTGTGATGCAAT-1","Non-neoplastic colon"
"AATAGCACCAATCAAG-1","Non-neoplastic colon"
"AATAGCGAGTAGATAC-1","Non-neoplastic colon"
"AATAGGCGCCGGAAGG-1","Non-neoplastic colon"
"AATAGTAAGGATAGTA-1","Non-neoplastic colon"
"AATAGTACATCGTGAT-1","Non-neoplastic colon"
"AATAGTACTATTGGAC-1","Non-neoplastic colon"
"AATAGTGCCAACGGTC-1","Non-neoplastic colon"
"AATAGTTCCACCGCAT-1","Tumor cells in mucosa and submucosa"
"AATAGTTCTGCAAGTG-1","Non-neoplastic colon"
"AATAGTTGATAACCGC-1","Non-neoplastic colon"
"AATATCATGGCTTCAT-1","Non-neoplastic colon"
"AATATCCTGCAGTTGG-1","Non-neoplastic colon"
"AATATCGCCGTCTTAG-1","Non-neoplastic colon"
"AATATGCCACCTCCGC-1","Tumor cells in mucosa and submucosa"
"AATCAAGGAATGGTCG-1","Tumor stroma in muscularis propria"
"AATCAATTGGCTTCAC-1","Non-neoplastic colon"
"AATCACCATGCCTATC-1","Non-neoplastic colon"
"AATCACCTGAAGCACC-1","Non-neoplastic colon"
"AATCCGCCTCTAGATG-1","Tumor cells in muscularis propria"
"AATCCTCGCACTACGC-1","Tumor stroma in muscularis propria"
"AATCCTGTCTACATGG-1","Non-neoplastic colon"
"AATCCTTACGAAGGCA-1","Tumor stroma in muscularis propria"
"AATCCTTCTGTCCTTA-1","Tumor cells in muscularis propria"
"AATCGAACCTTGAGGT-1","Tumor stroma in muscularis propria"
"AATCGACAGCGGTGCG-1","Tumor cells in mucosa and submucosa"
"AATCGACGGCCAGAGC-1","Non-neoplastic colon"
"AATCGACTGGAGCGTG-1","Tumor cells in mucosa and submucosa"
"AATCGAGTACGCTTGT-1","Tumor cells in muscularis propria"
"AATCGCGAGTCAACCA-1","Non-neoplastic colon"
"AATCGCTACGGCATAG-1","Non-neoplastic colon"
"AATCGCTGTCGTCTGG-1","Non-neoplastic colon"
"AATCGGAACGTAGAGC-1","Non-neoplastic colon"
"AATCTAAGTGAAGAGT-1","Non-neoplastic colon"
"AATCTAATAGTGGTAT-1","Non-neoplastic colon"
"AATCTACTTGCGACTA-1","Tumor cells in mucosa and submucosa"
"AATCTAGGCTGACATA-1","Non-neoplastic colon"
"AATCTAGTCACCGAGC-1","Non-neoplastic colon"
"AATCTATTCTAGATAG-1","Non-neoplastic colon"
"AATCTGAATTAGTTCC-1","Non-neoplastic colon"
"AATCTGCCAGTAATTG-1","Tumor cells in mucosa and submucosa"
"AATCTGCGCTACTCCG-1","Non-neoplastic colon"
"AATCTGGATCAGGCAA-1","Tumor cells in mucosa and submucosa"
"AATCTTAGCAAGCGTG-1","Non-neoplastic colon"
"AATGAACATAGAGCCG-1","Non-neoplastic colon"
"AATGAACATGAAGAAC-1","Non-neoplastic colon"
"AATGAACCGCGTAGTC-1","Tumor cells in muscularis propria"
"AATGAACTTATCAGTC-1","Tumor cells in mucosa and submucosa"
"AATGAAGACTCAGTAG-1","Non-neoplastic colon"
"AATGAAGGTCACGATA-1","Non-neoplastic colon"
"AATGAAGTCGGCCAGA-1","Non-neoplastic colon"
"AATGAATATTCCTAGA-1","Tumor cells in muscularis propria"
"AATGAATGATAGGTTA-1","Tumor cells in muscularis propria"
"AATGAATGGAGCTGGT-1","Non-neoplastic colon"
"AATGAATTGTGCACGA-1","Tumor cells in mucosa and submucosa"
"AATGAGACGAACCATA-1","Tumor cells in mucosa and submucosa"
"AATGAGACGATGGTTG-1","Tumor cells in mucosa and submucosa"
"AATGAGCCTGACAATT-1","Non-neoplastic colon"
"AATGAGGCCACGGAGC-1","Tumor cells in muscularis propria"
"AATGCACTAGCCACGG-1","Non-neoplastic colon"
"AATGCCTTCATGTACC-1","Non-neoplastic colon"
"AATGCGCACTACTCAA-1","Non-neoplastic colon"
"AATGCTACGTCGGCAT-1","Tumor cells in mucosa and submucosa"
"AATGGAAGGCAAGTAC-1","Tumor cells in mucosa and submucosa"
"AATGGACCTTATGTAA-1","Non-neoplastic colon"
"AATGGAGGACCGACCA-1","Tumor cells in mucosa and submucosa"
"AATGGCAACCTTATTG-1","Non-neoplastic colon"
"AATGGCAAGACATATT-1","Non-neoplastic colon"
"AATGGCCGGCGTATAG-1","Tumor stroma in muscularis propria"
"AATGGTATAACCGCGG-1","Non-neoplastic colon"
"AATGGTATGGCTAGAC-1","Non-neoplastic colon"
"AATGGTATGTGGCTTC-1","Non-neoplastic colon"
"AATGGTATTCGCTCTA-1","Non-neoplastic colon"
"AATGGTATTGCTTATT-1","Non-neoplastic colon"
"AATGGTCGACGCATTC-1","Non-neoplastic colon"
"AATGGTCGCAATCTCA-1","Non-neoplastic colon"
"AATGGTCGGCAGTCCA-1","Tumor cells in mucosa and submucosa"
"AATGGTCGTGGCGACC-1","Tumor cells in mucosa and submucosa"
"AATGGTGCACAGACAG-1","Non-neoplastic colon"
"AATGGTGCTTGGCTAA-1","Non-neoplastic colon"
"AATGGTGCTTGTTATG-1","Non-neoplastic colon"
"AATGGTTGACCGGCAT-1","Non-neoplastic colon"
"AATGGTTGTCACATGA-1","Non-neoplastic colon"
"AATGTCGTGCCTAATC-1","Non-neoplastic colon"
"AATTAGACTCTTGTAT-1","Non-neoplastic colon"
"AATTAGCTGTCGAATA-1","Tumor cells in muscularis propria"
"AATTATACAGTCTACA-1","Tumor stroma in muscularis propria"
"AATTATACGAGGTCCT-1","Non-neoplastic colon"
"AATTATAGTACTCAAG-1","Non-neoplastic colon"
"AATTATCCGACCGTAA-1","Non-neoplastic colon"
"AATTATGAAGATGCAG-1","Non-neoplastic colon"
"AATTATGAATCCTGTC-1","Non-neoplastic colon"
"AATTATTCATAACTCG-1","Non-neoplastic colon"
"AATTATTCGCTGGTGC-1","Non-neoplastic colon"
"AATTCAAGCTTGGTTG-1","Non-neoplastic colon"
"AATTCAAGGCACGATC-1","Non-neoplastic colon"
"AATTCAGAACCTCATA-1","Non-neoplastic colon"
"AATTCAGACCTACGCA-1","Non-neoplastic colon"
"AATTCAGTATGCATGC-1","Tumor cells in mucosa and submucosa"
"AATTCCAGAATACCAT-1","Tumor cells in muscularis propria"
"AATTCCAGTCTAGACG-1","Non-neoplastic colon"
"AATTCGGACTGAGCAT-1","Tumor cells in mucosa and submucosa"
"AATTCTAATGGTCGGT-1","Non-neoplastic colon"
"AATTCTATACATCTTC-1","Non-neoplastic colon"
"AATTCTATCTAGTACC-1","Non-neoplastic colon"
"AATTCTCACTGGTGAC-1","Non-neoplastic colon"
"AATTCTCAGGACCTCA-1","Non-neoplastic colon"
"AATTCTCCAGCCTCGC-1","Non-neoplastic colon"
"AATTCTCCTGCCAACT-1","Non-neoplastic colon"
"AATTCTGCCGACTATG-1","Non-neoplastic colon"
"AATTCTGGTACCGCGG-1","Tumor cells in mucosa and submucosa"
"AATTCTTGATCGGTAC-1","Non-neoplastic colon"
"AATTCTTGTCAGTAGG-1","Non-neoplastic colon"
"AATTGCCGCACTTATT-1","Tumor cells in mucosa and submucosa"
"AATTGGACAGACGTTA-1","Non-neoplastic colon"
"AATTGGACTATCAGCC-1","Non-neoplastic colon"
"AATTGGAGTGTTAGGA-1","Tumor cells in muscularis propria"
"AATTGGATGACTACAA-1","Tumor stroma in muscularis propria"
"AATTGGATTCCTGTTA-1","Non-neoplastic colon"
"AATTGGCCAAGAGCAG-1","Non-neoplastic colon"
"AATTGGCCTTATTCGG-1","Non-neoplastic colon"
"AATTGGCTTACTCCTT-1","Non-neoplastic colon"
"AATTGTCCGGCAATCA-1","Tumor cells in muscularis propria"
"ACAACCATACCTCGAA-1","Non-neoplastic colon"
"ACAACCTTGATATGGT-1","Tumor cells in mucosa and submucosa"
"ACAACGAGGCCTAATG-1","Tumor cells in mucosa and submucosa"
"ACAACGAGTGAATTAT-1","Tumor cells in mucosa and submucosa"
"ACAACGCAGATGCACC-1","Tumor cells in mucosa and submucosa"
"ACAACGGACGTTCAGG-1","Non-neoplastic colon"
"ACAACGGATTGGAGTG-1","Non-neoplastic colon"
"ACAACGGCTAAGAATT-1","Non-neoplastic colon"
"ACAACGTTGGCCGTGC-1","Non-neoplastic colon"
"ACAACTACAGGCTCAT-1","Non-neoplastic colon"
"ACAACTACGCACGAAG-1","Tumor cells in mucosa and submucosa"
"ACAACTATCTACTCCA-1","Non-neoplastic colon"
"ACAACTATGAATGATC-1","Non-neoplastic colon"
"ACAACTATGCGTCTAG-1","Tumor cells in muscularis propria"
"ACAACTATGTTAAGCG-1","Non-neoplastic colon"
"ACAACTATTCGAGGTA-1","Non-neoplastic colon"
"ACAACTATTGCTTAAC-1","Non-neoplastic colon"
"ACAACTCCGGCCTATC-1","Non-neoplastic colon"
"ACAACTGAGGTGGCCG-1","Non-neoplastic colon"
"ACAACTGATCACCGCT-1","Non-neoplastic colon"
"ACAACTTAACGCATAA-1","Non-neoplastic colon"
"ACAAGCAATCCGGCGA-1","Non-neoplastic colon"
"ACAAGTAGCATCTATC-1","Non-neoplastic colon"
"ACAAGTAGGAGCACTG-1","Non-neoplastic colon"
"ACAAGTAGGCTGCATA-1","Non-neoplastic colon"
"ACAAGTAGTGAGAAGT-1","Non-neoplastic colon"
"ACAAGTCACCGCGTTC-1","Necrosis"
"ACAAGTCTACAGGTCA-1","Non-neoplastic colon"
"ACAAGTCTTCAACAGT-1","Tumor cells in muscularis propria"
"ACAAGTTAGGCACGTA-1","Non-neoplastic colon"
"ACAAGTTATCAATCAT-1","Non-neoplastic colon"
"ACAAGTTATTCAATTC-1","Non-neoplastic colon"
"ACAAGTTCCTTATCGC-1","Non-neoplastic colon"
"ACAATAAGGAAGTACT-1","Tumor cells in muscularis propria"
"ACAATAAGTATCGGTG-1","Non-neoplastic colon"
"ACAATAAGTGACATTA-1","Non-neoplastic colon"
"ACAATAAGTTACTCAG-1","LVI"
"ACAATACAGAGGAACA-1","Non-neoplastic colon"
"ACAATACGAGAATTAC-1","Non-neoplastic colon"
"ACAATACGGATAAGCT-1","Non-neoplastic colon"
"ACAATACGGTAACAGG-1","Tumor cells in muscularis propria"
"ACAATACTGCTACGTA-1","Non-neoplastic colon"
"ACAATAGCGGTTGGAC-1","Non-neoplastic colon"
"ACAATAGCTAAGATAG-1","Tumor cells in muscularis propria"
"ACAATATCGAACAAGG-1","Non-neoplastic colon"
"ACAATATCGCAGTTAA-1","Non-neoplastic colon"
"ACAATATGAGAACACT-1","Tumor cells in mucosa and submucosa"
"ACAATATTCCAATTGT-1","Non-neoplastic colon"
"ACAATCAACCTCGGCG-1","Tumor cells in muscularis propria"
"ACAATCACAGGTGCTA-1","Non-neoplastic colon"
"ACAATCATAACCTTGG-1","Non-neoplastic colon"
"ACAATCGGACGTTAAG-1","Tumor cells in muscularis propria"
"ACAATCTAGGCGCACG-1","Non-neoplastic colon"
"ACAATCTGGAGCCGTT-1","Non-neoplastic colon"
"ACAATGAACACGTCAA-1","Non-neoplastic colon"
"ACAATGACCGACATGG-1","Non-neoplastic colon"
"ACAATGACGCGTCCGC-1","Tumor cells in muscularis propria"
"ACAATGACGTACCATA-1","Tumor cells in mucosa and submucosa"
"ACAATGACTAGTTCCA-1","Non-neoplastic colon"
"ACAATGCTGACCGGTC-1","Non-neoplastic colon"
"ACAATGGCCGATTGAA-1","Non-neoplastic colon"
"ACAATGTCATAATCCT-1","Non-neoplastic colon"
"ACAGAACACTCGTAAT-1","Tumor stroma in muscularis propria"
"ACAGAACACTGGCGCC-1","Non-neoplastic colon"
"ACAGAACTAAGTCCTC-1","Non-neoplastic colon"
"ACAGAACTACAGGCAT-1","Non-neoplastic colon"
"ACAGAACTTCGTGGAC-1","Non-neoplastic colon"
"ACAGAAGTCGGTTGTC-1","Tumor cells in muscularis propria"
"ACAGAAGTCTGTAAGG-1","Non-neoplastic colon"
"ACAGAAGTGAACCTAA-1","Non-neoplastic colon"
"ACAGAAGTTCCGTGAT-1","Non-neoplastic colon"
"ACAGAATAGACAGAAG-1","Non-neoplastic colon"
"ACAGAATAGATTAAGA-1","Non-neoplastic colon"
"ACAGAATCATACCTTC-1","Tumor cells in mucosa and submucosa"
"ACAGAATCGCAGGACA-1","Tumor cells in mucosa and submucosa"
"ACAGACAACCAGTCCG-1","Tumor cells in mucosa and submucosa"
"ACAGACAGGACATAGT-1","Non-neoplastic colon"
"ACAGATACTAATGGAC-1","Non-neoplastic colon"
"ACAGATGAGTTCCACT-1","Non-neoplastic colon"
"ACAGCCAATCCATGAT-1","Non-neoplastic colon"
"ACAGCCAATTAGCGAG-1","Tumor cells in mucosa and submucosa"
"ACAGCCAGATAGTTAC-1","Non-neoplastic colon"
"ACAGCCAGGTAGACCG-1","Non-neoplastic colon"
"ACAGCCAGTCGGCCGT-1","Non-neoplastic colon"
"ACAGCCTCGAGTGCAA-1","Non-neoplastic colon"
"ACAGCCTTGGAGACTC-1","Tumor cells in mucosa and submucosa"
"ACAGCGAGCTCATCAC-1","Non-neoplastic colon"
"ACAGCGGCACGCGGTA-1","Non-neoplastic colon"
"ACAGCGGCTACTAACC-1","Non-neoplastic colon"
"ACAGCGGTGCATCACG-1","Tumor stroma in muscularis propria"
"ACAGCGGTGCTCACTA-1","Non-neoplastic colon"
"ACAGGAACATGATCTT-1","Non-neoplastic colon"
"ACAGGAACCTTACGTC-1","Non-neoplastic colon"
"ACAGGAATCCTCAGCA-1","Non-neoplastic colon"
"ACAGGAATCGAATCCA-1","Tumor cells in mucosa and submucosa"
"ACAGGAATGCGAACAG-1","Non-neoplastic colon"
"ACAGGACACGCAGCAC-1","Non-neoplastic colon"
"ACAGGACATGGAAGCC-1","Non-neoplastic colon"
"ACAGGACTCGAGAAGC-1","Non-neoplastic colon"
"ACAGGAGTAGGATAAG-1","Tumor cells in mucosa and submucosa"
"ACAGGATACGCTAACG-1","Tumor cells in muscularis propria"
"ACAGGCACAGTGCGCA-1","Tumor cells in muscularis propria"
"ACAGGCACAGTTATTG-1","Non-neoplastic colon"
"ACAGGCGGAATCCGTA-1","Non-neoplastic colon"
"ACAGGCGGATACATCT-1","Non-neoplastic colon"
"ACAGGCGGCAAGCTTC-1","Non-neoplastic colon"
"ACAGGCGTTGAGTTAG-1","Non-neoplastic colon"
"ACAGGTACTATCTTAA-1","Non-neoplastic colon"
"ACAGGTACTCGATAGC-1","Non-neoplastic colon"
"ACAGGTATACCAACTA-1","Tumor cells in muscularis propria"
"ACAGGTATAGATAATT-1","Non-neoplastic colon"
"ACAGGTCAGCCACTCG-1","Non-neoplastic colon"
"ACAGGTCAGCGTGAGT-1","Non-neoplastic colon"
"ACAGGTCCATAAGCGG-1","Non-neoplastic colon"
"ACAGGTCTGTCGGCCA-1","Tumor cells in mucosa and submucosa"
"ACAGGTGGATGTTGCT-1","Tumor cells in muscularis propria"
"ACAGGTTCACGTTCGT-1","Non-neoplastic colon"
"ACAGTACCGGAACCGA-1","Non-neoplastic colon"
"ACAGTACGATCGAGCG-1","Non-neoplastic colon"
"ACAGTACGTCGCACTG-1","Non-neoplastic colon"
"ACAGTAGGCCAGGCAC-1","Tumor stroma in muscularis propria"
"ACAGTATCTAGAAGAT-1","Non-neoplastic colon"
"ACAGTCCGTCTTGGTG-1","Tumor cells in mucosa and submucosa"
"ACAGTCGACATGCTGT-1","Non-neoplastic colon"
"ACAGTCGAGTGCGACG-1","Non-neoplastic colon"
"ACAGTGTAGAACTCGC-1","Non-neoplastic colon"
"ACAGTGTATCATGCTC-1","Non-neoplastic colon"
"ACATAACCGGAAGTCA-1","Non-neoplastic colon"
"ACATAAGACAGAGCAT-1","Non-neoplastic colon"
"ACATAAGATCCGATCT-1","Non-neoplastic colon"
"ACATAAGTATAGTGAC-1","Tumor cells in muscularis propria"
"ACATACCAACGCTGTT-1","Non-neoplastic colon"
"ACATACCGGCCAAGTT-1","Tumor cells in muscularis propria"
"ACATACGAAGATCTAG-1","Non-neoplastic colon"
"ACATACGGCGAGACTT-1","Tumor cells in mucosa and submucosa"
"ACATAGATTAGACCGA-1","Non-neoplastic colon"
"ACATAGCATACGGCAC-1","Tumor cells in mucosa and submucosa"
"ACATAGCTCGTGCGAA-1","Non-neoplastic colon"
"ACATAGGTCTGGATAC-1","Tumor cells in mucosa and submucosa"
"ACATCATAGAGCACAG-1","Non-neoplastic colon"
"ACATCATAGCACGTCC-1","Tumor cells in mucosa and submucosa"
"ACATCGAACATTCCAA-1","Non-neoplastic colon"
"ACATCGACATTACACC-1","Tumor cells in mucosa and submucosa"
"ACATCGAGAACCTAGA-1","Non-neoplastic colon"
"ACATCGAGTGCATCTG-1","Non-neoplastic colon"
"ACATCGCTTCTAGGAT-1","Tumor cells in mucosa and submucosa"
"ACATCGTAATCTTGGA-1","Non-neoplastic colon"
"ACATCGTCAGCTGTTA-1","Non-neoplastic colon"
"ACATCGTCGAGGAAGC-1","Tumor cells in mucosa and submucosa"
"ACATCGTGCTGAACCT-1","Non-neoplastic colon"
"ACATCGTGTCTTCCTC-1","Non-neoplastic colon"
"ACATCTAATAGCAATG-1","Tumor cells in muscularis propria"
"ACATCTACAATCCTCA-1","Non-neoplastic colon"
"ACATCTCGCTTGCATA-1","Non-neoplastic colon"
"ACATCTGGCGGTCCGA-1","Tumor cells in muscularis propria"
"ACATCTGGCGTATTAC-1","Non-neoplastic colon"
"ACATCTGGTAGTCTAG-1","Non-neoplastic colon"
"ACATCTTCTATGGAGG-1","Non-neoplastic colon"
"ACATGAAGCCATTACC-1","Non-neoplastic colon"
"ACATGAGTCTATTGCT-1","Non-neoplastic colon"
"ACATGCCAATGATCGG-1","Tumor stroma in muscularis propria"
"ACATGCCAGCCGGTCC-1","Non-neoplastic colon"
"ACATGCCTACCTACAT-1","Non-neoplastic colon"
"ACATGCGTAGAATTCT-1","Non-neoplastic colon"
"ACATGCGTGACAATGA-1","Non-neoplastic colon"
"ACATGCTGCGATGTTA-1","Non-neoplastic colon"
"ACATGTATTGAGGCCT-1","Non-neoplastic colon"
"ACATGTCGACTCGCCG-1","Tumor stroma in mucosa and submucosa"
"ACATGTCGTGTTCATC-1","Non-neoplastic colon"
"ACATGTTGAATTGCAC-1","Non-neoplastic colon"
"ACATGTTGAGATTGGC-1","Non-neoplastic colon"
"ACATGTTGAGTGCAGT-1","Non-neoplastic colon"
"ACATGTTGCCGCACAA-1","Other"
"ACATGTTGGCATAGTA-1","Non-neoplastic colon"
"ACATTAGCATGCGATC-1","Non-neoplastic colon"
"ACATTCTACTTAGATT-1","Tumor cells in mucosa and submucosa"
"ACATTGATAACAGCAC-1","Tumor cells in muscularis propria"
"ACATTGCGTGGACTGG-1","Non-neoplastic colon"
"ACATTGGATTAATGGA-1","Non-neoplastic colon"
"ACATTGTATGTCCAAG-1","Non-neoplastic colon"
"ACATTGTCACTCCGGT-1","Non-neoplastic colon"
"ACATTGTCTAAGTACT-1","Non-neoplastic colon"
"ACCAACAGGAGCTACG-1","Tumor stroma in mucosa and submucosa"
"ACCAACAGGATCGCAA-1","Non-neoplastic colon"
"ACCAACAGTGGCGAAC-1","Non-neoplastic colon"
"ACCAACATCTCCGGAA-1","Non-neoplastic colon"
"ACCAACGATACATGAC-1","Non-neoplastic colon"
"ACCAACGCACTCATAA-1","Non-neoplastic colon"
"ACCAACGCTGGAGGCG-1","Tumor cells in mucosa and submucosa"
"ACCAACTCGGTTCTGG-1","Non-neoplastic colon"
"ACCAAGATCTCAACGC-1","Tumor cells in mucosa and submucosa"
"ACCAAGATTCGTGGCA-1","Non-neoplastic colon"
"ACCAAGATTGATTCAA-1","Non-neoplastic colon"
"ACCAAGCAGTCTGATA-1","Tumor cells in muscularis propria"
"ACCAAGCATGGACTCC-1","Tumor cells in mucosa and submucosa"
"ACCAAGCCGCACGGAA-1","Non-neoplastic colon"
"ACCAAGCCTATTCCTC-1","Non-neoplastic colon"
"ACCAAGCCTGTACAGA-1","Tumor stroma in muscularis propria"
"ACCAAGCGCTCGTTCC-1","Tumor cells in muscularis propria"
"ACCAAGCGGAAGGCGG-1","Tumor cells in muscularis propria"
"ACCAAGGCATGTCGCA-1","Non-neoplastic colon"
"ACCAAGGCCAGGAGGC-1","Non-neoplastic colon"
"ACCAAGGCGAATGGTG-1","Non-neoplastic colon"
"ACCAAGTGCATATGTC-1","Non-neoplastic colon"
"ACCAAGTGCTACCGAA-1","Non-neoplastic colon"
"ACCAAGTTAGCTAGTA-1","Non-neoplastic colon"
"ACCAATAATCACTATG-1","Non-neoplastic colon"
"ACCAATAATTACAGAT-1","Non-neoplastic colon"
"ACCAATACCGGTCCAA-1","Tumor cells in mucosa and submucosa"
"ACCAATTGCCAGTACA-1","Tumor cells in mucosa and submucosa"
"ACCACGAACTGTCTGT-1","Non-neoplastic colon"
"ACCACGAAGGCTATTA-1","Non-neoplastic colon"
"ACCACGTCCTGGCGGA-1","Tumor cells in mucosa and submucosa"
"ACCACGTGATCTCCAC-1","Non-neoplastic colon"
"ACCACTATTAGCGTGA-1","Non-neoplastic colon"
"ACCAGAGCCTTATTCA-1","Tumor stroma in mucosa and submucosa"
"ACCAGATTGCTCTAGC-1","Non-neoplastic colon"
"ACCAGCAATCATTAAT-1","Non-neoplastic colon"
"ACCAGCCATAACGGAT-1","Non-neoplastic colon"
"ACCAGCCGCAGAATGA-1","Non-neoplastic colon"
"ACCAGCGGCTTAAGGC-1","Non-neoplastic colon"
"ACCAGCTTAATCGATT-1","Non-neoplastic colon"
"ACCAGCTTCAGATCTA-1","Tumor cells in mucosa and submucosa"
"ACCAGTTAAGTGTAAC-1","Non-neoplastic colon"
"ACCAGTTGGCGTGGCT-1","Non-neoplastic colon"
"ACCATAGTCCTCGGTC-1","Non-neoplastic colon"
"ACCATATGAAGATATG-1","Non-neoplastic colon"
"ACCATCACGATCTGAC-1","Non-neoplastic colon"
"ACCATCGGCGCACTCA-1","Non-neoplastic colon"
"ACCATCTAAGCGTTAA-1","Tumor cells in muscularis propria"
"ACCATCTACATCAGGT-1","Non-neoplastic colon"
"ACCATGCTTCTAGACT-1","Tumor cells in mucosa and submucosa"
"ACCATTAGGCCTACAT-1","Non-neoplastic colon"
"ACCATTAGGCTAAGTA-1","Non-neoplastic colon"
"ACCGAACTGAACAGAC-1","Tumor cells in mucosa and submucosa"
"ACCGAAGCGGTGTACC-1","Non-neoplastic colon"
"ACCGAGATCGTGACCA-1","Tumor stroma in mucosa and submucosa"
"ACCGAGCTTAATTAAT-1","Non-neoplastic colon"
"ACCGAGTATCACGTGA-1","Non-neoplastic colon"
"ACCGATCGTCAGACGC-1","Non-neoplastic colon"
"ACCGATCTACTGCTGT-1","Non-neoplastic colon"
"ACCGATGTAAGCTGTA-1","LVI"
"ACCGATGTAATTAAGG-1","Non-neoplastic colon"
"ACCGATGTCAGTGCAA-1","Non-neoplastic colon"
"ACCGATGTCCTATCAT-1","Non-neoplastic colon"
"ACCGATTAGTTAGCCG-1","Non-neoplastic colon"
"ACCGCAGGACAGTCCG-1","Non-neoplastic colon"
"ACCGCATCCGTGGACG-1","Tumor cells in muscularis propria"
"ACCGCCTTGGATAGAT-1","Tumor cells in mucosa and submucosa"
"ACCGGAAGGACGATGG-1","Non-neoplastic colon"
"ACCGGACGATAACTCG-1","Non-neoplastic colon"
"ACCGGACGTTGGTCGT-1","Non-neoplastic colon"
"ACCGGAGGTACGCAGC-1","Non-neoplastic colon"
"ACCGGATACCATGTAT-1","Tumor cells in muscularis propria"
"ACCGGATAGCCAATTA-1","Tumor stroma in mucosa and submucosa"
"ACCGGATATGTCACAG-1","Non-neoplastic colon"
"ACCGGATATTAGTTGG-1","Non-neoplastic colon"
"ACCGGCAGATCAATAG-1","Tumor cells in mucosa and submucosa"
"ACCGGCAGGCTCACTA-1","Tumor cells in mucosa and submucosa"
"ACCGGCAGTAATCAGA-1","Tumor cells in mucosa and submucosa"
"ACCGGCCGAGTGCACT-1","Tumor cells in muscularis propria"
"ACCGGCCTCGTAATCA-1","Necrosis"
"ACCGGCTAGCCGTCTG-1","Tumor stroma in muscularis propria"
"ACCGGTATCGGACGCC-1","Tumor stroma in muscularis propria"
"ACCGTAACATTATGTA-1","Non-neoplastic colon"
"ACCGTAACGAGTTGCG-1","Non-neoplastic colon"
"ACCGTAATTCAGATTA-1","Non-neoplastic colon"
"ACCGTACATACGTGTC-1","Non-neoplastic colon"
"ACCGTACATGAATCTA-1","Non-neoplastic colon"
"ACCGTAGACATGAGCG-1","Non-neoplastic colon"
"ACCGTAGACCGTACTG-1","Non-neoplastic colon"
"ACCGTAGAGTGGCTAA-1","Non-neoplastic colon"
"ACCGTAGGAAGCACTA-1","Non-neoplastic colon"
"ACCGTGAAGACTCCTG-1","Tumor stroma in mucosa and submucosa"
"ACCGTGATAGCGGATA-1","Non-neoplastic colon"
"ACCGTGGAACCATTCG-1","Tumor stroma in muscularis propria"
"ACCGTTATCAGAGGAT-1","Non-neoplastic colon"
"ACCGTTATGTGGACCA-1","Tumor stroma in mucosa and submucosa"
"ACCGTTGTGACGTGCC-1","Tumor cells in mucosa and submucosa"
"ACCTAAGACCGACGTA-1","Non-neoplastic colon"
"ACCTAATTATGTCCGC-1","Non-neoplastic colon"
"ACCTAATTCATCTTAG-1","Non-neoplastic colon"
"ACCTAGGTCTTAACAA-1","Non-neoplastic colon"
"ACCTATGTTAGCAGGC-1","Non-neoplastic colon"
"ACCTCCAGTTATGCGT-1","Non-neoplastic colon"
"ACCTCCGACGTGAGGC-1","Non-neoplastic colon"
"ACCTCCGAGCTTGTGA-1","Non-neoplastic colon"
"ACCTCCGATCAGCCTC-1","Non-neoplastic colon"
"ACCTCCGCGTCGAGCA-1","Tumor cells in mucosa and submucosa"
"ACCTCGGATGTACTTC-1","Tumor cells in mucosa and submucosa"
"ACCTCGTCTTGTGCTC-1","Non-neoplastic colon"
"ACCTCGTTAGGAAGTC-1","Non-neoplastic colon"
"ACCTGACGTCCAACAT-1","Non-neoplastic colon"
"ACCTGCACGCTCCATC-1","Non-neoplastic colon"
"ACCTGCACTAACGTTA-1","Non-neoplastic colon"
"ACCTGCAGCGTTATGC-1","Non-neoplastic colon"
"ACCTGCAGGCGATTCA-1","Non-neoplastic colon"
"ACCTGCATTCGAACGT-1","Non-neoplastic colon"
"ACCTGCCATAAGTCGT-1","Non-neoplastic colon"
"ACCTGCGAGTATCGCC-1","Non-neoplastic colon"
"ACCTGCGGAATTCACC-1","Tumor cells in mucosa and submucosa"
"ACCTGCGGTGCCGACG-1","Non-neoplastic colon"
"ACCTGCGGTTGTAGGT-1","Non-neoplastic colon"
"ACCTGCTTGACTAGGC-1","Non-neoplastic colon"
"ACCTGGCAGCGTACTC-1","Tumor cells in muscularis propria"
"ACCTGGCAGTTAGCGG-1","Tumor cells in muscularis propria"
"ACCTGGCGCAATAGGC-1","Tumor cells in mucosa and submucosa"
"ACCTGGTCACAGCCAA-1","Tumor cells in subserosa"
"ACCTGGTCACGCAACG-1","Tumor cells in mucosa and submucosa"
"ACCTGGTCTGCGCTGG-1","Tumor stroma in muscularis propria"
"ACCTGTAACCAGTTGG-1","Non-neoplastic colon"
"ACCTGTAATTGTACCT-1","Non-neoplastic colon"
"ACCTGTCTCATTCTAC-1","Non-neoplastic colon"
"ACCTGTGAGTAAGATT-1","Non-neoplastic colon"
"ACCTGTGCAGCTAACC-1","Tumor cells in mucosa and submucosa"
"ACCTGTTAACGTGCTT-1","Non-neoplastic colon"
"ACCTTAGGATTCCTCG-1","Tumor stroma in muscularis propria"
"ACCTTCAAGTCGCAGC-1","Non-neoplastic colon"
"ACCTTCAGAAGGTGTC-1","Non-neoplastic colon"
"ACCTTCAGGACTCATA-1","Tumor cells in mucosa and submucosa"
"ACCTTCCTGAGTGATC-1","Non-neoplastic colon"
"ACCTTCGTTAAGCTAC-1","Non-neoplastic colon"
"ACCTTCTAGTCAGCGA-1","Tumor cells in muscularis propria"
"ACGAACGCGTGGTCCA-1","Non-neoplastic colon"
"ACGAAGATTAATCGGT-1","Non-neoplastic colon"
"ACGAAGCCTTCAGGCG-1","Non-neoplastic colon"
"ACGAAGCTACGAGTCG-1","Tumor cells in mucosa and submucosa"
"ACGAAGTAGATCTGTT-1","Tumor cells in muscularis propria"
"ACGAAGTGAAGCACCT-1","Non-neoplastic colon"
"ACGAAGTGTAACTTCC-1","Tumor cells in mucosa and submucosa"
"ACGAAGTGTATTAGTG-1","Non-neoplastic colon"
"ACGAAGTTGATTCCTA-1","Non-neoplastic colon"
"ACGACAATTAGCTCGC-1","Tumor cells in muscularis propria"
"ACGACAGACCTGCGGC-1","Tumor cells in mucosa and submucosa"
"ACGACAGTTACGTGTC-1","Non-neoplastic colon"
"ACGACCAATGCAGTGA-1","Non-neoplastic colon"
"ACGACCGAACTGATTG-1","Non-neoplastic colon"
"ACGACTCACGCTCGCT-1","Non-neoplastic colon"
"ACGACTCATACCTGTT-1","Non-neoplastic colon"
"ACGACTCGCTACCTCA-1","Non-neoplastic colon"
"ACGACTGTGCACTCCG-1","Tumor cells in mucosa and submucosa"
"ACGAGCGTATACTTAG-1","Non-neoplastic colon"
"ACGAGGACAACCGCTG-1","Non-neoplastic colon"
"ACGAGGCAATTCTTCC-1","Non-neoplastic colon"
"ACGAGGCTCGAAGTAG-1","Non-neoplastic colon"
"ACGAGGTGGAGGAATA-1","Tumor stroma in muscularis propria"
"ACGAGTAACAAGTATG-1","Non-neoplastic colon"
"ACGAGTAACGCACCGA-1","Tumor stroma in mucosa and submucosa"
"ACGAGTCAACTAGCCA-1","Non-neoplastic colon"
"ACGAGTCAAGCCAGTG-1","Non-neoplastic colon"
"ACGAGTCAGGACGATT-1","Non-neoplastic colon"
"ACGAGTGCGGTTCATC-1","Non-neoplastic colon"
"ACGAGTGCTGGTTCGA-1","Non-neoplastic colon"
"ACGAGTTACATACTCG-1","Non-neoplastic colon"
"ACGAGTTACGCTTACA-1","Non-neoplastic colon"
"ACGATCGGAATGATAC-1","Non-neoplastic colon"
"ACGATGACAGGCGAGC-1","Tumor cells in mucosa and submucosa"
"ACGATGTTGAGTATTC-1","Non-neoplastic colon"
"ACGATGTTGGTGTAAG-1","Tumor cells in mucosa and submucosa"
"ACGATTCCAGGCCTCC-1","Tumor stroma in muscularis propria"
"ACGCAACAGTGGCACT-1","Non-neoplastic colon"
"ACGCAACGCTGCCGGT-1","Non-neoplastic colon"
"ACGCAACGTCAGTGGT-1","Non-neoplastic colon"
"ACGCAAGCAGCTCATC-1","Non-neoplastic colon"
"ACGCAAGCGGAGCCGA-1","Non-neoplastic colon"
"ACGCAAGCTACGAACC-1","Non-neoplastic colon"
"ACGCAAGCTATCTGGA-1","Tumor stroma in muscularis propria"
"ACGCAATATTGACCTT-1","Non-neoplastic colon"
"ACGCAATCCTTAGAAC-1","Non-neoplastic colon"
"ACGCAATCGCTACACT-1","Non-neoplastic colon"
"ACGCAGTCGCGTTAGG-1","Non-neoplastic colon"
"ACGCATAGAACCAAGA-1","Non-neoplastic colon"
"ACGCCAACTGGATCTG-1","Non-neoplastic colon"
"ACGCCACGAGTGGCTC-1","Non-neoplastic colon"
"ACGCCATGCGGTTAGA-1","Non-neoplastic colon"
"ACGCCGCACTAGATCC-1","Tumor cells in muscularis propria"
"ACGCCGGATACCTTAC-1","Non-neoplastic colon"
"ACGCCGGCGAATCTCC-1","Non-neoplastic colon"
"ACGCCTACTTGCGAAC-1","Tumor cells in mucosa and submucosa"
"ACGCCTCATCGCAGGT-1","Non-neoplastic colon"
"ACGCGGAATGGACGCA-1","Non-neoplastic colon"
"ACGCGGCAAGTTCGCC-1","Non-neoplastic colon"
"ACGCGGCCGAGCTTAG-1","Tumor cells in muscularis propria"
"ACGCGGCCTGGTGACG-1","Tumor cells in mucosa and submucosa"
"ACGCGTACGCAGTGGT-1","Tumor cells in mucosa and submucosa"
"ACGCGTCCGCCTAACA-1","Non-neoplastic colon"
"ACGCGTGCCGAGACCT-1","Tumor cells in mucosa and submucosa"
"ACGCGTTCTATGGCAT-1","Non-neoplastic colon"
"ACGCGTTCTGAGATGC-1","Non-neoplastic colon"
"ACGCGTTCTTATGAAG-1","Non-neoplastic colon"
"ACGCGTTGAGAATCCT-1","Tumor cells in muscularis propria"
"ACGCGTTGATTAAGGC-1","Tumor cells in muscularis propria"
"ACGCTCACATGCAGCC-1","Tumor cells in muscularis propria"
"ACGCTCAGGTCACGTC-1","Non-neoplastic colon"
"ACGCTCAGTTAACACG-1","Non-neoplastic colon"
"ACGCTCGGAACTCCTG-1","Non-neoplastic colon"
"ACGCTCGGAGGCGGTT-1","Non-neoplastic colon"
"ACGCTGCGATCATATG-1","Non-neoplastic colon"
"ACGCTGTCCTATGCCT-1","Non-neoplastic colon"
"ACGCTTCTATAGGCTG-1","Non-neoplastic colon"
"ACGGAATAAGGTCATT-1","Non-neoplastic colon"
"ACGGAGAAGTAACCAC-1","Non-neoplastic colon"
"ACGGAGACGACATGAT-1","Non-neoplastic colon"
"ACGGATGAGGTGCGGT-1","Tumor cells in muscularis propria"
"ACGGATGATCAACGCA-1","Tumor cells in muscularis propria"
"ACGGATGTTGGCAACA-1","Non-neoplastic colon"
"ACGGCAACAGCAAGTT-1","Non-neoplastic colon"
"ACGGCAGATGCACGTA-1","Tumor stroma in mucosa and submucosa"
"ACGGCCATCTGCCTAA-1","Non-neoplastic colon"
"ACGGCCATGATACCTG-1","Non-neoplastic colon"
"ACGGCCATTCGTTCAG-1","Tumor cells in mucosa and submucosa"
"ACGGCCGGCGAGAATA-1","Non-neoplastic colon"
"ACGGCCGTAGTGCCGG-1","Non-neoplastic colon"
"ACGGCCTGATTCCTCG-1","Tumor cells in mucosa and submucosa"
"ACGGCCTGCAGGCAAC-1","Non-neoplastic colon"
"ACGGCGAGGATGCAAT-1","Non-neoplastic colon"
"ACGGCTATCCGCTTGT-1","Tumor cells in muscularis propria"
"ACGGCTATCCTCACAA-1","Non-neoplastic colon"
"ACGGCTCGCCTTGCTA-1","Tumor stroma in muscularis propria"
"ACGGCTGCAATAACGA-1","Tumor cells in muscularis propria"
"ACGGCTGCCGAACTCG-1","Non-neoplastic colon"
"ACGGCTGCTTCATAGC-1","Non-neoplastic colon"
"ACGGCTGGTACACCGG-1","Non-neoplastic colon"
"ACGGCTGGTATGATGT-1","Non-neoplastic colon"
"ACGGCTGTGATTATCG-1","Non-neoplastic colon"
"ACGGCTTCCTCGGAGG-1","Tumor stroma in muscularis propria"
"ACGGTACTAATCTTCG-1","Non-neoplastic colon"
"ACGGTCCAATGGCATG-1","Non-neoplastic colon"
"ACGGTGATAAGCAACA-1","Tumor cells in mucosa and submucosa"
"ACGGTGATACAACCGC-1","Non-neoplastic colon"
"ACGGTTACTGCTTGCG-1","Tumor stroma in mucosa and submucosa"
"ACGGTTCCAGCTGCTC-1","Tumor cells in muscularis propria"
"ACGGTTCGCATCCTAT-1","Tumor cells in mucosa and submucosa"
"ACGGTTGTGGATTGGT-1","Tumor cells in muscularis propria"
"ACGTAGGATTGTACGA-1","Non-neoplastic colon"
"ACGTAGGCCAAGCGTG-1","Tumor cells in muscularis propria"
"ACGTAGGTTCTACCAC-1","Non-neoplastic colon"
"ACGTATACTAGGCAAT-1","Non-neoplastic colon"
"ACGTATCAGCGACGGT-1","Non-neoplastic colon"
"ACGTATCCGTACAATG-1","Non-neoplastic colon"
"ACGTATGCATGGCCGG-1","Non-neoplastic colon"
"ACGTATGCGACGTGTA-1","Non-neoplastic colon"
"ACGTCACTGGACGAAG-1","Tumor cells in muscularis propria"
"ACGTCAGAACTTAGTT-1","Non-neoplastic colon"
"ACGTCAGGTACCAGAT-1","Non-neoplastic colon"
"ACGTCATACAGCTTGA-1","Non-neoplastic colon"
"ACGTCATATCATGCAC-1","Non-neoplastic colon"
"ACGTCCGGAACATATT-1","Non-neoplastic colon"
"ACGTCGCCACTCGACA-1","Non-neoplastic colon"
"ACGTCTGATAACGCTA-1","Non-neoplastic colon"
"ACGTGCACCTGAATCG-1","Tumor cells in muscularis propria"
"ACGTGCTCACAATACA-1","Tumor cells in mucosa and submucosa"
"ACGTGCTCACGGAGAA-1","Non-neoplastic colon"
"ACGTGGTACAATTCGA-1","Non-neoplastic colon"
"ACGTGGTCGCTACAGC-1","Tumor cells in mucosa and submucosa"
"ACGTGGTTACTTGGTA-1","Non-neoplastic colon"
"ACGTGGTTCTCGGATA-1","Tumor cells in mucosa and submucosa"
"ACGTTAATCATACTCA-1","Tumor stroma in mucosa and submucosa"
"ACGTTAATCCACTCCA-1","Tumor cells in mucosa and submucosa"
"ACGTTAATGAGTGCCA-1","Non-neoplastic colon"
"ACGTTAATGTTATCCG-1","Non-neoplastic colon"
"ACGTTACAACGTTATC-1","Non-neoplastic colon"
"ACGTTACAACTCCACG-1","Non-neoplastic colon"
"ACGTTACACGCAAGAT-1","Tumor cells in mucosa and submucosa"
"ACGTTACAGACTGTGA-1","Non-neoplastic colon"
"ACGTTACAGTGCGAGG-1","Non-neoplastic colon"
"ACGTTACATGAGTCCG-1","Non-neoplastic colon"
"ACGTTACCTGCCGGAA-1","Non-neoplastic colon"
"ACGTTACGACGTATGA-1","Tumor cells in muscularis propria"
"ACGTTACGATTCAATA-1","Tumor cells in muscularis propria"
"ACGTTAGGCTGCTACG-1","Tumor stroma in muscularis propria"
"ACGTTAGGTTGGCGCT-1","Non-neoplastic colon"
"ACGTTAGTTACACCAA-1","Tumor cells in mucosa and submucosa"
"ACGTTATCGCACCTTG-1","Non-neoplastic colon"
"ACGTTATGACTATCAG-1","Tumor cells in mucosa and submucosa"
"ACGTTATGACTGAGCC-1","Tumor cells in mucosa and submucosa"
"ACGTTATGCGTCCGAG-1","Non-neoplastic colon"
"ACGTTATGGACTAAGG-1","Tumor cells in mucosa and submucosa"
"ACGTTCCACCGATTCG-1","Non-neoplastic colon"
"ACGTTCTGCCTGCCTG-1","Non-neoplastic colon"
"ACGTTCTTATTGCACT-1","Tumor cells in mucosa and submucosa"
"ACTAACAACCGCTCGA-1","Non-neoplastic colon"
"ACTAATAGGATGCCTG-1","Non-neoplastic colon"
"ACTAATAGGCGGAAGC-1","Tumor stroma in muscularis propria"
"ACTAATCGAGCAACTG-1","Tumor cells in mucosa and submucosa"
"ACTAATCGCACTTGAA-1","Tumor cells in muscularis propria"
"ACTAATCTACCGCACT-1","Necrosis"
"ACTAATCTAGTAGAAC-1","Non-neoplastic colon"
"ACTAATCTGCGGTAAG-1","Non-neoplastic colon"
"ACTAATCTGGATCTAC-1","Tumor cells in muscularis propria"
"ACTAATTAGTGACAGG-1","Non-neoplastic colon"
"ACTACACTTCAGACTC-1","Non-neoplastic colon"
"ACTACCGCGGACCTCC-1","Non-neoplastic colon"
"ACTACCGGTAGATGGT-1","Tumor cells in mucosa and submucosa"
"ACTACCTCAGGAAGCC-1","Non-neoplastic colon"
"ACTACGCTATTACACT-1","Tumor cells in mucosa and submucosa"
"ACTAGGAGACGGATCG-1","Tumor cells in muscularis propria"
"ACTAGGTTCATACCTG-1","Tumor stroma in muscularis propria"
"ACTATGCCGATCCGTG-1","Non-neoplastic colon"
"ACTATGGACTAGTTGG-1","Non-neoplastic colon"
"ACTCAGCTATGTGAGG-1","Non-neoplastic colon"
"ACTCAGCTCAGTTACA-1","Non-neoplastic colon"
"ACTCAGGAACGCGGTT-1","Tumor stroma in muscularis propria"
"ACTCAGGAACTTCTCA-1","Non-neoplastic colon"
"ACTCAGGCAGTGAGGA-1","Non-neoplastic colon"
"ACTCAGGCGGCCTTAT-1","Non-neoplastic colon"
"ACTCAGGCTTCGTTCA-1","Non-neoplastic colon"
"ACTCAGGTTATTAATC-1","Tumor cells in muscularis propria"
"ACTCAGTGAGGACTTA-1","Tumor cells in mucosa and submucosa"
"ACTCAGTGTCGTATGT-1","Non-neoplastic colon"
"ACTCCAATGTGCATGA-1","Non-neoplastic colon"
"ACTCCACGCCAATGTT-1","Tumor cells in muscularis propria"
"ACTCCATAACCGTTAA-1","Tumor stroma in mucosa and submucosa"
"ACTCCTACGATCGCCT-1","Non-neoplastic colon"
"ACTCCTACGCACGTGA-1","Non-neoplastic colon"
"ACTCCTTACTGGACTT-1","Tumor cells in mucosa and submucosa"
"ACTCCTTAGGAACGTG-1","Tumor stroma in mucosa and submucosa"
"ACTCCTTGTCGCCTGA-1","Tumor cells in mucosa and submucosa"
"ACTCGAACCACGCTAC-1","Non-neoplastic colon"
"ACTCGAACCTATAGAC-1","Tumor stroma in muscularis propria"
"ACTCGAATGCAGTACC-1","Non-neoplastic colon"
"ACTCGACGCACTTCCA-1","Non-neoplastic colon"
"ACTCGATATGAGTGGA-1","Non-neoplastic colon"
"ACTCGCGAAGGAGCTG-1","Non-neoplastic colon"
"ACTCGTCAGATGACCT-1","Non-neoplastic colon"
"ACTCGTCAGCAATACG-1","Non-neoplastic colon"
"ACTCGTCCACGCGAAG-1","Non-neoplastic colon"
"ACTCGTCCGATAGTCA-1","Non-neoplastic colon"
"ACTCGTCCTCGTTGAC-1","Non-neoplastic colon"
"ACTCGTGGAATTCCGA-1","Non-neoplastic colon"
"ACTCGTGGCAGCGTCG-1","Tumor stroma in mucosa and submucosa"
"ACTCGTGGCATGCGCT-1","Tumor cells in mucosa and submucosa"
"ACTCGTGGTTGGACGG-1","Non-neoplastic colon"
"ACTCGTTCGCCAGATA-1","Tumor cells in mucosa and submucosa"
"ACTCGTTCGCCGTGAG-1","Tumor cells in mucosa and submucosa"
"ACTCGTTGGCTTGACG-1","Non-neoplastic colon"
"ACTCTACCGTTGCTAG-1","Non-neoplastic colon"
"ACTCTAGACAGATAGA-1","Tumor stroma in mucosa and submucosa"
"ACTCTAGTCTGGCTAT-1","Non-neoplastic colon"
"ACTCTGAACTCGCTCG-1","Non-neoplastic colon"
"ACTCTGAGTACGGATC-1","Other"
"ACTCTGGTACGAGCCG-1","Non-neoplastic colon"
"ACTGAAGAACTTCATG-1","Tumor cells in muscularis propria"
"ACTGACATCGGAACCT-1","Non-neoplastic colon"
"ACTGACATGCAACTCG-1","Non-neoplastic colon"
"ACTGACCTAGTTACTA-1","Non-neoplastic colon"
"ACTGACCTCACCAAGG-1","Tumor cells in mucosa and submucosa"
"ACTGACGGACTCTATT-1","Non-neoplastic colon"
"ACTGACGGCAGATCCG-1","Non-neoplastic colon"
"ACTGACGGCCTGTTGC-1","Tumor cells in muscularis propria"
"ACTGACGGCGTGGCTG-1","Non-neoplastic colon"
"ACTGACGTCCAGCCTA-1","Tumor cells in mucosa and submucosa"
"ACTGACTAGCTTGTAT-1","Non-neoplastic colon"
"ACTGACTAGTATGGCG-1","Non-neoplastic colon"
"ACTGACTCCGTGATCA-1","Tumor cells in mucosa and submucosa"
"ACTGACTCGATAAGGT-1","Non-neoplastic colon"
"ACTGACTCGTTGTCAC-1","Non-neoplastic colon"
"ACTGACTGAGCATCGC-1","Non-neoplastic colon"
"ACTGACTGGAACGCTG-1","Non-neoplastic colon"
"ACTGACTTCTCATCTA-1","Tumor cells in muscularis propria"
"ACTGAGACATACAGCA-1","Non-neoplastic colon"
"ACTGAGACTCTGCGTA-1","Non-neoplastic colon"
"ACTGAGACTGTCTTGA-1","Non-neoplastic colon"
"ACTGAGCGGCGAACCA-1","Non-neoplastic colon"
"ACTGAGGCCAATGGAT-1","Tumor cells in muscularis propria"
"ACTGAGTTAGTGCTTC-1","Tumor cells in mucosa and submucosa"
"ACTGATAATTGCTAAC-1","Non-neoplastic colon"
"ACTGATACCGGTTCGT-1","Non-neoplastic colon"
"ACTGATACTCAGTAGG-1","Non-neoplastic colon"
"ACTGATAGCCAGGCGA-1","Non-neoplastic colon"
"ACTGCAACGGTCGTGC-1","Non-neoplastic colon"
"ACTGCAACTTAATGGC-1","Tumor cells in mucosa and submucosa"
"ACTGCAAGACGAGGCT-1","Non-neoplastic colon"
"ACTGCACGGAGGCGTC-1","Tumor stroma in muscularis propria"
"ACTGCCTCGCCGGCGA-1","Non-neoplastic colon"
"ACTGCTCGTGCTCAGC-1","Tumor cells in muscularis propria"
"ACTGGACCAAGTCGCA-1","Non-neoplastic colon"
"ACTGGTCTATAGCCTT-1","Non-neoplastic colon"
"ACTGGTCTCCTTCTCG-1","Non-neoplastic colon"
"ACTGGTGAGGACCTAT-1","Non-neoplastic colon"
"ACTGTAATAGTGTCAG-1","Non-neoplastic colon"
"ACTGTAATTACCTTGT-1","Non-neoplastic colon"
"ACTGTAGATCGACTCA-1","Non-neoplastic colon"
"ACTGTAGCAGGACATA-1","Tumor cells in mucosa and submucosa"
"ACTGTAGCCTCGTGAA-1","Non-neoplastic colon"
"ACTGTAGGTACGAGGT-1","Non-neoplastic colon"
"ACTGTAGGTTGATAAC-1","Non-neoplastic colon"
"ACTGTAGTGGTCTGTC-1","Non-neoplastic colon"
"ACTGTATCAATCGACC-1","Tumor cells in mucosa and submucosa"
"ACTGTATGGTGCAATG-1","Non-neoplastic colon"
"ACTGTCGCTAGTTACG-1","Non-neoplastic colon"
"ACTGTCGTTAGACGGA-1","Non-neoplastic colon"
"ACTTACAATTCCTCAT-1","Non-neoplastic colon"
"ACTTACGCCGATCCGC-1","Non-neoplastic colon"
"ACTTACGCGAATGAAG-1","Non-neoplastic colon"
"ACTTACGCTAGCGACA-1","Non-neoplastic colon"
"ACTTACGTGGAAGGAT-1","Tumor cells in mucosa and submucosa"
"ACTTACTCAATATGAC-1","Tumor cells in mucosa and submucosa"
"ACTTCAAGATTACGTA-1","Non-neoplastic colon"
"ACTTCAAGTCCTTATT-1","Tumor cells in mucosa and submucosa"
"ACTTCACGCCAGGCAT-1","Non-neoplastic colon"
"ACTTCACTATCTAATA-1","Non-neoplastic colon"
"ACTTCCGCCTAGGATG-1","Non-neoplastic colon"
"ACTTCCTGGCGGCTGT-1","Tumor cells in subserosa"
"ACTTGAATCGGTACTC-1","Tumor stroma in muscularis propria"
"ACTTGACAATAGAACC-1","Non-neoplastic colon"
"ACTTGACGTGATCTAT-1","Tumor cells in mucosa and submucosa"
"ACTTGAGCGACATCCG-1","Tumor stroma in muscularis propria"
"ACTTGATAACCGACTC-1","Tumor stroma in muscularis propria"
"ACTTGATAGTGAAGTG-1","Tumor cells in mucosa and submucosa"
"ACTTGATCCTGGCGCT-1","Non-neoplastic colon"
"ACTTGATTCAATCTCC-1","Non-neoplastic colon"
"ACTTGGACCGTCGATC-1","Non-neoplastic colon"
"ACTTGGTGGATCGAGT-1","Non-neoplastic colon"
"ACTTGTAACAGATTGC-1","Tumor cells in muscularis propria"
"ACTTGTCCATTGTTCG-1","Non-neoplastic colon"
"ACTTGTCGCACTGGCC-1","Non-neoplastic colon"
"ACTTGTCGTGTCTGGC-1","Tumor stroma in mucosa and submucosa"
"ACTTGTGAGGATCATG-1","Non-neoplastic colon"
"AGAACAAGAATTGAGG-1","Tumor stroma in muscularis propria"
"AGAACACTATCGTCGC-1","Tumor cells in muscularis propria"
"AGAACACTGTTGCGAG-1","Non-neoplastic colon"
"AGAACAGCTGCGTGAC-1","Tumor cells in mucosa and submucosa"
"AGAACAGGAGGCTCTT-1","Tumor cells in subserosa"
"AGAACATACAACAGAT-1","Non-neoplastic colon"
"AGAACATACTTAACTA-1","Non-neoplastic colon"
"AGAACATAGATATTAG-1","Non-neoplastic colon"
"AGAACCAGCATAATAG-1","Non-neoplastic colon"
"AGAACCGATCAGGTCG-1","Non-neoplastic colon"
"AGAACCGGCGGTTACC-1","Non-neoplastic colon"
"AGAACCTTCATCTAGA-1","Tumor stroma in mucosa and submucosa"
"AGAACTAGTAGGCCGG-1","Tumor cells in muscularis propria"
"AGAAGCAGCGACCTCC-1","Non-neoplastic colon"
"AGAAGCAGTCACCATA-1","Non-neoplastic colon"
"AGAAGCCAATAGTGGC-1","Non-neoplastic colon"
"AGAAGCTAATACGACA-1","Tumor cells in mucosa and submucosa"
"AGAAGGATAGCAGGCT-1","Non-neoplastic colon"
"AGAAGGCACTTGCATA-1","Non-neoplastic colon"
"AGAAGGCATTCCTCCG-1","Non-neoplastic colon"
"AGAAGGCGGTGCCGCT-1","Tumor cells in mucosa and submucosa"
"AGAAGGTAATAGATGT-1","Non-neoplastic colon"
"AGAAGGTAGATAGACC-1","Non-neoplastic colon"
"AGAAGGTCACAGTGTT-1","Other"
"AGAAGGTCGACCGGCA-1","Non-neoplastic colon"
"AGAATAACAGTTGACA-1","Tumor cells in mucosa and submucosa"
"AGAATAACTTAGCCTG-1","Non-neoplastic colon"
"AGAATATTCCTGAGAC-1","Non-neoplastic colon"
"AGAATCTGGTTCCATC-1","Non-neoplastic colon"
"AGAATCTTCAGTGGCG-1","Tumor cells in mucosa and submucosa"
"AGAATTACAGCTGTTC-1","Non-neoplastic colon"
"AGAATTCTGAGCTTAT-1","Non-neoplastic colon"
"AGACAACGACTAGTAA-1","Tumor cells in muscularis propria"
"AGACAACGAGACTCGT-1","Non-neoplastic colon"
"AGACAACGCATCAGCT-1","Tumor stroma in mucosa and submucosa"
"AGACAAGAATGCCATC-1","Non-neoplastic colon"
"AGACAAGGAATTCACC-1","Non-neoplastic colon"
"AGACAGGCTTCGAGTG-1","Non-neoplastic colon"
"AGACCACTGCATTGTT-1","Non-neoplastic colon"
"AGACCGACAAGGCGTA-1","Tumor cells in muscularis propria"
"AGACCGAGAACAATGA-1","Tumor cells in mucosa and submucosa"
"AGACCGAGAATCCTTG-1","Non-neoplastic colon"
"AGACCGAGCTGTATGG-1","Tumor cells in mucosa and submucosa"
"AGACCGATAGCCGCAT-1","Non-neoplastic colon"
"AGACCGCAAGGAGCGT-1","Non-neoplastic colon"
"AGACCGGTATCTTCAC-1","Non-neoplastic colon"
"AGACCGTAGTTGCAAC-1","Non-neoplastic colon"
"AGACCGTATCCATAAC-1","Non-neoplastic colon"
"AGACCGTCATGCTGTC-1","Non-neoplastic colon"
"AGACCGTGCGTTACCG-1","Tumor cells in mucosa and submucosa"
"AGACCTATGTACATCG-1","Non-neoplastic colon"
"AGACCTCAGGTCGAGG-1","Tumor cells in mucosa and submucosa"
"AGACCTCATCTGGTTC-1","Tumor cells in muscularis propria"
"AGACCTCCAGCACTAA-1","Tumor stroma in muscularis propria"
"AGACCTCCGCGGAGAT-1","Non-neoplastic colon"
"AGACCTCCTTAAGCAA-1","Tumor stroma in mucosa and submucosa"
"AGACCTGCTAATACGC-1","Non-neoplastic colon"
"AGACCTTCTGCGTTGC-1","Non-neoplastic colon"
"AGACCTTGTTCACGGA-1","Tumor cells in mucosa and submucosa"
"AGACGACATGGTATCT-1","Non-neoplastic colon"
"AGACGCTCACGACAGA-1","Tumor cells in muscularis propria"
"AGACGCTCCAGCGATT-1","Non-neoplastic colon"
"AGACGGAACAATGAGG-1","Tumor stroma in muscularis propria"
"AGACGGCTCCTTACTT-1","Non-neoplastic colon"
"AGACGGTTATGACTCA-1","Non-neoplastic colon"
"AGACGTGCAATCCTAA-1","Non-neoplastic colon"
"AGACTACACTTCGCTG-1","Non-neoplastic colon"
"AGACTACATAGCTAAT-1","Non-neoplastic colon"
"AGACTACCAGCAACGT-1","Non-neoplastic colon"
"AGACTAGAGTTCGTGC-1","Non-neoplastic colon"
"AGACTAGGCACTGTAT-1","Non-neoplastic colon"
"AGACTCACTATTCTCC-1","Tumor stroma in muscularis propria"
"AGACTCCACGGTAGTG-1","Tumor cells in mucosa and submucosa"
"AGACTCCAGAGGCCGG-1","Tumor cells in mucosa and submucosa"
"AGACTCCAGCTGTCCT-1","Non-neoplastic colon"
"AGACTCCATCCACCTT-1","Non-neoplastic colon"
"AGACTCCGGCCGCTAT-1","Non-neoplastic colon"
"AGACTCCGTGATCGGA-1","Non-neoplastic colon"
"AGACTCCGTGCTGTCG-1","Tumor cells in mucosa and submucosa"
"AGACTCCTATCCTATC-1","Non-neoplastic colon"
"AGACTCCTCGCTTAGG-1","Non-neoplastic colon"
"AGACTCGCAATGACCA-1","LVI"
"AGACTCGCACCTAATG-1","Non-neoplastic colon"
"AGACTCTACGTCTTGC-1","Non-neoplastic colon"
"AGACTCTATGAGGTTA-1","Non-neoplastic colon"
"AGACTGCGCCACGGCT-1","Tumor cells in muscularis propria"
"AGACTGTAGCTACTCC-1","Tumor cells in mucosa and submucosa"
"AGACTGTCTGAGCGTG-1","Necrosis"
"AGACTTAATCCTCGCT-1","Other"
"AGACTTGGACTCTACT-1","Tumor stroma in muscularis propria"
"AGATAACACGGTATAA-1","Non-neoplastic colon"
"AGATAACTCAGACTTC-1","Non-neoplastic colon"
"AGATAAGCTCTGCTCC-1","Non-neoplastic colon"
"AGATAAGGCCGCATTC-1","Tumor cells in muscularis propria"
"AGATAAGTCCTTGAAT-1","Non-neoplastic colon"
"AGATAAGTGAGTGGTA-1","Tumor cells in mucosa and submucosa"
"AGATAATCACCATATG-1","Non-neoplastic colon"
"AGATAATCCGTTCGGT-1","Tumor cells in mucosa and submucosa"
"AGATAATGCGAGGTCC-1","Non-neoplastic colon"
"AGATACAAGGTAACCT-1","Non-neoplastic colon"
"AGATACAATGTCTACC-1","Non-neoplastic colon"
"AGATACGCCATATGAT-1","Non-neoplastic colon"
"AGATACGCGGCCATGC-1","Tumor cells in subserosa"
"AGATACGCTTAATTAA-1","Non-neoplastic colon"
"AGATACTCAGAACTAT-1","Non-neoplastic colon"
"AGATCAAGGATGAGAT-1","Non-neoplastic colon"
"AGATCAGCCAGGACCA-1","Non-neoplastic colon"
"AGATCCTGCTTGGCTA-1","Non-neoplastic colon"
"AGATCGGATTGGTTCG-1","Tumor cells in mucosa and submucosa"
"AGATCTAAGATCTATC-1","Tumor cells in mucosa and submucosa"
"AGATCTACAATATGCT-1","Non-neoplastic colon"
"AGATCTACATTCGTTC-1","Non-neoplastic colon"
"AGATCTATAAGGCTTC-1","Non-neoplastic colon"
"AGATCTCCACCGGTCC-1","Tumor cells in mucosa and submucosa"
"AGATCTCCTTACTATC-1","Non-neoplastic colon"
"AGATCTCCTTATCCGG-1","Tumor cells in mucosa and submucosa"
"AGATCTCGAAGCGTTG-1","Non-neoplastic colon"
"AGATCTGCGATCACCT-1","Non-neoplastic colon"
"AGATCTGCTCAATAGG-1","Non-neoplastic colon"
"AGATCTTAATAGTCAG-1","Tumor cells in muscularis propria"
"AGATGAACAGTATTGC-1","Tumor stroma in muscularis propria"
"AGATGAAGGTAATCTA-1","Tumor stroma in muscularis propria"
"AGATGACATATGCCTA-1","Non-neoplastic colon"
"AGATGACATCAGGACA-1","Tumor stroma in muscularis propria"
"AGATGAGCTCATAGTT-1","Non-neoplastic colon"
"AGATGAGGCTACGGCG-1","Tumor cells in muscularis propria"
"AGATGAGGTGCGAGCT-1","Tumor cells in mucosa and submucosa"
"AGATGCCATCTTGATG-1","Non-neoplastic colon"
"AGATGCGTTAGTCTTA-1","Non-neoplastic colon"
"AGATGGCGTAACCAGA-1","Non-neoplastic colon"
"AGATGGTCTGGTCTGC-1","Non-neoplastic colon"
"AGATGGTGCTTAATTA-1","Non-neoplastic colon"
"AGATGTACCGATTGGT-1","Tumor cells in mucosa and submucosa"
"AGATGTAGATCGAACT-1","Non-neoplastic colon"
"AGATGTGAAGACAACG-1","Non-neoplastic colon"
"AGATGTGACCTGCTAA-1","Tumor cells in muscularis propria"
"AGATGTGATGGTAGTC-1","Tumor cells in muscularis propria"
"AGATGTGCTCCTGGAC-1","Tumor cells in mucosa and submucosa"
"AGATTACATTCACTAC-1","Non-neoplastic colon"
"AGATTCTTCATACATC-1","Tumor cells in mucosa and submucosa"
"AGCAACGGACGTTGCA-1","Non-neoplastic colon"
"AGCAAGAATCATCCTA-1","Non-neoplastic colon"
"AGCAAGGTCGTGTTCG-1","Non-neoplastic colon"
"AGCAAGGTTGGTATCT-1","Non-neoplastic colon"
"AGCAAGTCGCAACTCC-1","Non-neoplastic colon"
"AGCACCAACTGCAAGA-1","Non-neoplastic colon"
"AGCACGATAGTGAGGT-1","Non-neoplastic colon"
"AGCACGCCTTACCTGA-1","Non-neoplastic colon"
"AGCACGCTCCGCAGCT-1","Non-neoplastic colon"
"AGCACGCTGCAGCCAT-1","Tumor cells in mucosa and submucosa"
"AGCACGCTGTGGTCTG-1","Non-neoplastic colon"
"AGCACGTGAGTGCCAG-1","Tumor cells in mucosa and submucosa"
"AGCACGTGGTATGAAC-1","Non-neoplastic colon"
"AGCACTAAGATTCTCG-1","Non-neoplastic colon"
"AGCACTGAAGGTAGCA-1","Tumor cells in mucosa and submucosa"
"AGCACTTCAACCACTA-1","Necrosis"
"AGCACTTCCTGAGGAC-1","Non-neoplastic colon"
"AGCAGACTGCAGTCCG-1","Non-neoplastic colon"
"AGCAGGAGGCGATCGA-1","Tumor cells in mucosa and submucosa"
"AGCAGGAGTGACCAGT-1","Non-neoplastic colon"
"AGCAGGCATCGTTGCT-1","Non-neoplastic colon"
"AGCAGGCCAATTCTCA-1","Non-neoplastic colon"
"AGCAGGCCGTCAGTAC-1","Non-neoplastic colon"
"AGCAGGCCTGTCGATG-1","Tumor cells in mucosa and submucosa"
"AGCAGGCCTTGTCGAC-1","Tumor stroma in muscularis propria"
"AGCAGGCGTCGCAATA-1","Tumor cells in muscularis propria"
"AGCAGGTATCCGCAAT-1","Tumor stroma in mucosa and submucosa"
"AGCAGGTGTATGGTTA-1","Non-neoplastic colon"
"AGCAGGTGTTGGACAA-1","Non-neoplastic colon"
"AGCATACACTCGTCGG-1","Non-neoplastic colon"
"AGCATCAATACGCCGA-1","Non-neoplastic colon"
"AGCATCACGGCTAAGG-1","Tumor cells in muscularis propria"
"AGCATGAGATGTGATT-1","Tumor cells in muscularis propria"
"AGCATTGTCGAATAGA-1","Tumor cells in mucosa and submucosa"
"AGCCACAGAACTCACG-1","Tumor stroma in muscularis propria"
"AGCCACTGCTTAGATT-1","Non-neoplastic colon"
"AGCCAGACGTTAGCCT-1","Non-neoplastic colon"
"AGCCAGATAGGCGTGA-1","Non-neoplastic colon"
"AGCCAGATCTAATTAT-1","Non-neoplastic colon"
"AGCCAGCGGCGAATCG-1","Non-neoplastic colon"
"AGCCAGGACTTACGAC-1","Non-neoplastic colon"
"AGCCAGGATGACAATT-1","Tumor cells in mucosa and submucosa"
"AGCCAGTAGACAACCT-1","Non-neoplastic colon"
"AGCCAGTCACCATAGA-1","Non-neoplastic colon"
"AGCCAGTCACTCTGCC-1","Non-neoplastic colon"
"AGCCAGTCGATGCTAG-1","Non-neoplastic colon"
"AGCCAGTTCTAGTCCG-1","Non-neoplastic colon"
"AGCCAGTTCTGCCGGC-1","Tumor cells in muscularis propria"
"AGCCATAACTTAATGG-1","Tumor stroma in mucosa and submucosa"
"AGCCATACGCACTAGC-1","Non-neoplastic colon"
"AGCCATACGGATGCGT-1","Non-neoplastic colon"
"AGCCATACTATCCGCC-1","Non-neoplastic colon"
"AGCCATCCGATGCATC-1","Non-neoplastic colon"
"AGCCATCTACCGTCTA-1","Non-neoplastic colon"
"AGCCATGTCGCATGGT-1","Non-neoplastic colon"
"AGCCATGTTAATTATC-1","Non-neoplastic colon"
"AGCCATTCCAACAGTT-1","Tumor stroma in muscularis propria"
"AGCCGATGAGTGGTGC-1","Non-neoplastic colon"
"AGCCGCTCAAGTCTTG-1","Tumor cells in muscularis propria"
"AGCCGCTTGATCAACT-1","Tumor stroma in muscularis propria"
"AGCCGGATGGAGAATA-1","Non-neoplastic colon"
"AGCCGGCTGACTGATG-1","Non-neoplastic colon"
"AGCCGGTAGCCTACAA-1","Non-neoplastic colon"
"AGCCGTAATGTAGATT-1","Non-neoplastic colon"
"AGCCGTACCATTCGAT-1","Non-neoplastic colon"
"AGCCGTACTCGGTGTC-1","Tumor cells in mucosa and submucosa"
"AGCCGTATAACAGCTT-1","Tumor cells in mucosa and submucosa"
"AGCCGTATAATTGTGC-1","Non-neoplastic colon"
"AGCCGTATCCTCCGTG-1","Tumor stroma in mucosa and submucosa"
"AGCCGTGAGTTATCGG-1","Non-neoplastic colon"
"AGCCGTGATGTCATAG-1","Non-neoplastic colon"
"AGCCTCAATAGCGTGG-1","Tumor cells in muscularis propria"
"AGCCTCAGGAAGCATG-1","Non-neoplastic colon"
"AGCCTCAGTATGGACC-1","Non-neoplastic colon"
"AGCCTCATTCGTTGAG-1","Tumor cells in muscularis propria"
"AGCCTCCAGGTGACTG-1","Tumor cells in mucosa and submucosa"
"AGCCTCCATGAGGACT-1","Non-neoplastic colon"
"AGCCTCCGCACCATGG-1","Non-neoplastic colon"
"AGCCTCGAATCCGTCC-1","Non-neoplastic colon"
"AGCCTCGAGCATACCT-1","Non-neoplastic colon"
"AGCCTCGCTAGCTGCC-1","Tumor cells in mucosa and submucosa"
"AGCCTCGCTGTACACC-1","Tumor cells in mucosa and submucosa"
"AGCCTCGGTAATCCAA-1","Non-neoplastic colon"
"AGCCTCGTCCTATGTC-1","Tumor cells in mucosa and submucosa"
"AGCCTCTAACAGTTCA-1","Tumor cells in mucosa and submucosa"
"AGCCTCTGGATAGTGC-1","Tumor cells in mucosa and submucosa"
"AGCCTCTGGCATCTCG-1","Tumor stroma in muscularis propria"
"AGCGAACGTCTGAAGT-1","Tumor cells in muscularis propria"
"AGCGAAGATACGGCGA-1","Non-neoplastic colon"
"AGCGACAACCAGCGGA-1","Non-neoplastic colon"
"AGCGACAGAATGAGCC-1","Non-neoplastic colon"
"AGCGACAGGAGTCAAT-1","Tumor stroma in muscularis propria"
"AGCGACATCTGGTTCC-1","Non-neoplastic colon"
"AGCGACATGGTGATCG-1","Non-neoplastic colon"
"AGCGACCGTGTAACCG-1","Non-neoplastic colon"
"AGCGACGCAAGCTGAT-1","Non-neoplastic colon"
"AGCGACGCAGCGTCGC-1","Tumor stroma in muscularis propria"
"AGCGACGCCTATAGAA-1","Non-neoplastic colon"
"AGCGACGGTACCTCAC-1","Non-neoplastic colon"
"AGCGACGGTATCGTGA-1","Non-neoplastic colon"
"AGCGACTGCCAACCGT-1","Non-neoplastic colon"
"AGCGACTGTTCACTCG-1","Non-neoplastic colon"
"AGCGAGCCTGTCACTC-1","Tumor cells in mucosa and submucosa"
"AGCGAGTTACGTACCT-1","Non-neoplastic colon"
"AGCGAGTTACTAGCTG-1","Non-neoplastic colon"
"AGCGATGCACGATTGG-1","Non-neoplastic colon"
"AGCGCACTCATGTCTT-1","Non-neoplastic colon"
"AGCGCCACGGAGGCTA-1","Non-neoplastic colon"
"AGCGCTACTTCCGCTG-1","Non-neoplastic colon"
"AGCGCTAGCATCGAAT-1","Non-neoplastic colon"
"AGCGCTTACCGTGCTG-1","Non-neoplastic colon"
"AGCGGAAGTTCGATTA-1","Non-neoplastic colon"
"AGCGGAGTGGCCGTCC-1","Non-neoplastic colon"
"AGCGGATCAACGCCAC-1","Non-neoplastic colon"
"AGCGGATGAGACCGCT-1","Non-neoplastic colon"
"AGCGGATGTCGCGGAT-1","Tumor stroma in mucosa and submucosa"
"AGCGGCCTACAATGAC-1","Non-neoplastic colon"
"AGCGGTACCAGGAACG-1","Tumor cells in mucosa and submucosa"
"AGCGGTCCTCTTCACT-1","Non-neoplastic colon"
"AGCGGTCTCACGACTC-1","Non-neoplastic colon"
"AGCGGTCTGCCGGTGC-1","Non-neoplastic colon"
"AGCGGTCTTGCCTGCA-1","Tumor cells in mucosa and submucosa"
"AGCGGTGCAGTACGGA-1","Tumor cells in mucosa and submucosa"
"AGCGGTGCGAACGCGT-1","Non-neoplastic colon"
"AGCGGTGGAGTTGGCC-1","Non-neoplastic colon"
"AGCGGTTACGTACTCC-1","Non-neoplastic colon"
"AGCGGTTAGTTCGCAT-1","Non-neoplastic colon"
"AGCGGTTCGCTCGGCA-1","Tumor cells in mucosa and submucosa"
"AGCGGTTCTTGGTTGT-1","Tumor cells in muscularis propria"
"AGCGTGATTCACCTGA-1","Non-neoplastic colon"
"AGCGTGCGATTAGAGT-1","Tumor stroma in mucosa and submucosa"
"AGCGTGCGTAACGCCT-1","Non-neoplastic colon"
"AGCGTGGAGGCGTGAT-1","Tumor stroma in mucosa and submucosa"
"AGCGTGGATAGTATGT-1","Non-neoplastic colon"
"AGCGTGGCATGTCTCC-1","Non-neoplastic colon"
"AGCGTGGTCCGCAATA-1","Non-neoplastic colon"
"AGCGTGTAACCGTATT-1","Tumor cells in mucosa and submucosa"
"AGCGTGTACAGTAACG-1","Non-neoplastic colon"
"AGCGTGTATTAATCCT-1","Non-neoplastic colon"
"AGCGTGTCAAGCGTAA-1","Non-neoplastic colon"
"AGCGTTACGATCCATT-1","Non-neoplastic colon"
"AGCGTTCGTAACTGAC-1","Tumor cells in mucosa and submucosa"
"AGCGTTCTAACCTTCC-1","Non-neoplastic colon"
"AGCGTTCTGGTGGCAT-1","Non-neoplastic colon"
"AGCTACCAGCTACCGC-1","Tumor cells in muscularis propria"
"AGCTACCTGTGGCGTT-1","Necrosis"
"AGCTACGTTAATGCAG-1","Non-neoplastic colon"
"AGCTACGTTCACGGTT-1","Tumor stroma in mucosa and submucosa"
"AGCTAGCAATACAGCG-1","Non-neoplastic colon"
"AGCTAGCGGCCTGGTA-1","Tumor cells in mucosa and submucosa"
"AGCTATAGTGACAGTA-1","Non-neoplastic colon"
"AGCTATGCGGAACATA-1","Non-neoplastic colon"
"AGCTCAAGGCATCGAG-1","Non-neoplastic colon"
"AGCTCAATCTATACTC-1","Tumor cells in mucosa and submucosa"
"AGCTCACTTAGACGAT-1","Tumor cells in muscularis propria"
"AGCTCAGAATCAAGTC-1","Non-neoplastic colon"
"AGCTCAGACACTGGTA-1","Non-neoplastic colon"
"AGCTCAGAGTCGGACA-1","Tumor cells in mucosa and submucosa"
"AGCTCAGATACAATGA-1","Tumor cells in mucosa and submucosa"
"AGCTCAGATGAATCAT-1","Non-neoplastic colon"
"AGCTCAGCAACATCAC-1","Tumor cells in mucosa and submucosa"
"AGCTCAGGTGCGCTTC-1","Tumor cells in muscularis propria"
"AGCTCATAGAGCTCGT-1","Non-neoplastic colon"
"AGCTCATCCTGCCTAC-1","Non-neoplastic colon"
"AGCTCATTGGTTAAGT-1","Non-neoplastic colon"
"AGCTCCGGCTTCAACG-1","Tumor stroma in muscularis propria"
"AGCTCCGTTCGTCAGG-1","Tumor cells in mucosa and submucosa"
"AGCTCGATGGCATCCA-1","Non-neoplastic colon"
"AGCTGCCGAACGTCTA-1","Tumor stroma in muscularis propria"
"AGCTGTACATGCCGAG-1","Non-neoplastic colon"
"AGCTGTACATTACCTT-1","Tumor cells in mucosa and submucosa"
"AGCTGTACGGAAGCAC-1","Non-neoplastic colon"
"AGCTGTACGGCGTTCG-1","Non-neoplastic colon"
"AGCTGTCAAGCGCTTG-1","Non-neoplastic colon"
"AGCTGTCAGTCGTTGA-1","Non-neoplastic colon"
"AGCTGTCATGTATGGT-1","Tumor cells in mucosa and submucosa"
"AGCTGTCGGCCATCAG-1","Non-neoplastic colon"
"AGCTGTCGTAGTGGTA-1","Non-neoplastic colon"
"AGCTGTCGTTATCCTC-1","Non-neoplastic colon"
"AGCTGTCTACTTCCAG-1","Non-neoplastic colon"
"AGCTGTCTAGTAAGTA-1","Non-neoplastic colon"
"AGCTGTGCAGTGACAT-1","Tumor cells in mucosa and submucosa"
"AGCTGTGCGACAGACG-1","Tumor cells in mucosa and submucosa"
"AGCTGTTGCCGTCGTG-1","Non-neoplastic colon"
"AGCTTCAGATCCATTC-1","Non-neoplastic colon"
"AGCTTCCTTCCAGTAC-1","Non-neoplastic colon"
"AGCTTCTGCCGGTCAA-1","Non-neoplastic colon"
"AGGAACGCCACGCCTA-1","Tumor cells in mucosa and submucosa"
"AGGAACGCCGCAGGAA-1","Tumor cells in mucosa and submucosa"
"AGGAATCACCTTGGCA-1","Non-neoplastic colon"
"AGGAATCCGATGGTAT-1","Non-neoplastic colon"
"AGGAATCCTACCAGCA-1","Non-neoplastic colon"
"AGGAATCCTTCGGAGC-1","Necrosis"
"AGGAATCGTCACGAAG-1","Tumor cells in mucosa and submucosa"
"AGGAATCGTGAACCAT-1","Tumor cells in mucosa and submucosa"
"AGGAATGGTAGACGCA-1","Non-neoplastic colon"
"AGGAATTAAGCTCGAT-1","Non-neoplastic colon"
"AGGACACTGTGGAAGA-1","Tumor cells in mucosa and submucosa"
"AGGACATTAGTGGAAC-1","Non-neoplastic colon"
"AGGACCAACCACGATA-1","Tumor cells in muscularis propria"
"AGGACCAAGGATCGGT-1","Non-neoplastic colon"
"AGGACCAAGTGACAGG-1","Non-neoplastic colon"
"AGGACCAGCGAACGCA-1","Non-neoplastic colon"
"AGGACCGCAACATAAG-1","Non-neoplastic colon"
"AGGACCGTCAACTTGG-1","Non-neoplastic colon"
"AGGACCGTGGACAGTG-1","Non-neoplastic colon"
"AGGACCGTTCGCTGGT-1","Tumor stroma in mucosa and submucosa"
"AGGACCTACGCATATC-1","Non-neoplastic colon"
"AGGACGCACGAAGTTA-1","Non-neoplastic colon"
"AGGACGCACGTTAACT-1","Non-neoplastic colon"
"AGGACGCACTTCATGC-1","Tumor stroma in mucosa and submucosa"
"AGGACGGCGATAGGAG-1","Non-neoplastic colon"
"AGGACGGCGTTGTAAC-1","Tumor cells in muscularis propria"
"AGGACGTAACGTGCTC-1","Non-neoplastic colon"
"AGGACGTACAGTCTAC-1","Non-neoplastic colon"
"AGGACGTACCATCGCT-1","Non-neoplastic colon"
"AGGACGTAGGACCTCG-1","Non-neoplastic colon"
"AGGACGTCGAACCAGC-1","Non-neoplastic colon"
"AGGACGTCTTCGTGAG-1","Non-neoplastic colon"
"AGGACTAGCGTTGGTG-1","Tumor cells in muscularis propria"
"AGGACTAGGAATGTTA-1","Non-neoplastic colon"
"AGGACTAGGCGACGTC-1","Non-neoplastic colon"
"AGGACTCAGACACTTA-1","Non-neoplastic colon"
"AGGACTGATGGCTTGA-1","Tumor cells in muscularis propria"
"AGGACTGGATTAGAGG-1","Non-neoplastic colon"
"AGGACTGGTGTACTCG-1","Non-neoplastic colon"
"AGGACTTAACTCTGCA-1","Non-neoplastic colon"
"AGGACTTATCCTAGTG-1","Non-neoplastic colon"
"AGGACTTCGCTTGGTT-1","Non-neoplastic colon"
"AGGAGCCGGATAAGGC-1","Non-neoplastic colon"
"AGGAGCCTCAGGTGAC-1","Non-neoplastic colon"
"AGGAGCCTGCTCAATT-1","Non-neoplastic colon"
"AGGAGCGACTAATAGA-1","Non-neoplastic colon"
"AGGAGCTACACTTGGA-1","Non-neoplastic colon"
"AGGAGCTGCCATGTAA-1","Non-neoplastic colon"
"AGGAGCTGGTGCGATT-1","Tumor cells in muscularis propria"
"AGGATAATGCTCTAAG-1","Non-neoplastic colon"
"AGGATACCTACCACAT-1","Non-neoplastic colon"
"AGGATACCTATTGGAA-1","Non-neoplastic colon"
"AGGATAGCTTGGTAGC-1","Non-neoplastic colon"
"AGGATAGTGCTGGTCC-1","Tumor cells in muscularis propria"
"AGGATATCACGCACGA-1","Non-neoplastic colon"
"AGGATATCACGGTGCT-1","Non-neoplastic colon"
"AGGATATCGCAATCGG-1","Non-neoplastic colon"
"AGGATATGGCCGCTCG-1","Non-neoplastic colon"
"AGGATCAAGAGGTTGT-1","Tumor cells in mucosa and submucosa"
"AGGATCAAGATAAGAA-1","Non-neoplastic colon"
"AGGATCAGTCTATGGT-1","Non-neoplastic colon"
"AGGATCCGTTAGCGTC-1","Tumor stroma in muscularis propria"
"AGGATCGAAGGCGGAC-1","Non-neoplastic colon"
"AGGATCGGCCAACTAT-1","Non-neoplastic colon"
"AGGATCTTATACCTCG-1","Non-neoplastic colon"
"AGGATCTTGACAAGTT-1","Non-neoplastic colon"
"AGGATGGTAGAAGCAC-1","Non-neoplastic colon"
"AGGATGGTTGGCGTAG-1","Tumor cells in mucosa and submucosa"
"AGGATTCACGATGGAT-1","Tumor cells in mucosa and submucosa"
"AGGATTCCAACACGAT-1","Non-neoplastic colon"
"AGGATTCCGGCTCGGC-1","Non-neoplastic colon"
"AGGATTGTGAATACGC-1","Non-neoplastic colon"
"AGGCAAGATACAGGCC-1","Non-neoplastic colon"
"AGGCAAGGAGGCCTCG-1","Tumor cells in mucosa and submucosa"
"AGGCAAGTACAGATAC-1","Non-neoplastic colon"
"AGGCAATCATAGGTAG-1","Non-neoplastic colon"
"AGGCACTCCTTAAGGC-1","Non-neoplastic colon"
"AGGCAGATACGGTTCC-1","Tumor stroma in muscularis propria"
"AGGCAGTGGACATTCG-1","Tumor cells in muscularis propria"
"AGGCATAACCGCGGTG-1","Non-neoplastic colon"
"AGGCATAGCGTCCTTA-1","Tumor cells in mucosa and submucosa"
"AGGCATCCTATCTTAA-1","Tumor cells in mucosa and submucosa"
"AGGCATCCTCTGAACT-1","Tumor cells in mucosa and submucosa"
"AGGCATCTGAGCCTCC-1","Tumor stroma in muscularis propria"
"AGGCATGCGATTCGAC-1","Non-neoplastic colon"
"AGGCATGGAATTCCTT-1","Non-neoplastic colon"
"AGGCATTAAGATCTGG-1","Tumor cells in mucosa and submucosa"
"AGGCCAAGGTGAACGA-1","Tumor stroma in mucosa and submucosa"
"AGGCCGACTAGTTGAG-1","Non-neoplastic colon"
"AGGCCGAGCTAATGCG-1","Non-neoplastic colon"
"AGGCCGTTGTGGCGAA-1","Non-neoplastic colon"
"AGGCCTGTATCCACGC-1","Non-neoplastic colon"
"AGGCCTTGCAGGCTAT-1","Non-neoplastic colon"
"AGGCCTTGGTACCTGT-1","Necrosis"
"AGGCGACCACGCACCT-1","Non-neoplastic colon"
"AGGCGATACCACGAAC-1","Non-neoplastic colon"
"AGGCTAAGTCACGGAT-1","Non-neoplastic colon"
"AGGCTAGATTGGATCT-1","Tumor stroma in muscularis propria"
"AGGCTCACTGATCCTC-1","Non-neoplastic colon"
"AGGCTCTGAGGCTTAT-1","Non-neoplastic colon"
"AGGCTCTGGCCGACCT-1","Non-neoplastic colon"
"AGGCTGATCATTCAAT-1","Tumor stroma in muscularis propria"
"AGGCTGCACGGCTGAG-1","Non-neoplastic colon"
"AGGCTGGACGAACTCG-1","Non-neoplastic colon"
"AGGCTGTACAGGAGTG-1","Non-neoplastic colon"
"AGGCTTCCATAACTCG-1","Tumor cells in muscularis propria"
"AGGCTTCCTCGCCGAT-1","Non-neoplastic colon"
"AGGTACAAGCTTCAGT-1","Non-neoplastic colon"
"AGGTACCATCGCTCGA-1","Non-neoplastic colon"
"AGGTACCTGGACCTAA-1","Tumor stroma in muscularis propria"
"AGGTACTAAGCTGCAG-1","Non-neoplastic colon"
"AGGTACTTAAGGTTAC-1","Tumor stroma in muscularis propria"
"AGGTACTTACGACCGA-1","Non-neoplastic colon"
"AGGTACTTAGCATCTT-1","Tumor cells in muscularis propria"
"AGGTAGGCAGGTGAGC-1","Non-neoplastic colon"
"AGGTAGGTCTATCAAG-1","Non-neoplastic colon"
"AGGTATGCCTGTCCAC-1","Tumor cells in mucosa and submucosa"
"AGGTCACCATACATTA-1","Non-neoplastic colon"
"AGGTCACGTGGCTAAC-1","Non-neoplastic colon"
"AGGTCACGTGTCACTA-1","Tumor cells in muscularis propria"
"AGGTCCAACCTCCGCT-1","Tumor cells in mucosa and submucosa"
"AGGTCCGCCTGGTACT-1","Tumor cells in mucosa and submucosa"
"AGGTCCGCGATCGTCC-1","Non-neoplastic colon"
"AGGTCCGCTGGTGATG-1","Non-neoplastic colon"
"AGGTCCTGTAGGTTGA-1","Non-neoplastic colon"
"AGGTCCTTCCACAGGT-1","Tumor stroma in muscularis propria"
"AGGTCGAAGATAGCCT-1","Tumor cells in muscularis propria"
"AGGTCGCATATCGAGT-1","Non-neoplastic colon"
"AGGTGACACCAATGCT-1","Non-neoplastic colon"
"AGGTGACGATTGTATG-1","Non-neoplastic colon"
"AGGTGACGCTGTGCTC-1","Non-neoplastic colon"
"AGGTGAGCCTAGTAAG-1","Tumor cells in muscularis propria"
"AGGTGAGGCAGCAATA-1","Non-neoplastic colon"
"AGGTGATTAGATAAGC-1","Non-neoplastic colon"
"AGGTGATTCCTTATAA-1","Tumor cells in mucosa and submucosa"
"AGGTGCAGAATTCAGA-1","Non-neoplastic colon"
"AGGTGGTAGCTGCCTG-1","Non-neoplastic colon"
"AGGTGGTATCCAACTT-1","Non-neoplastic colon"
"AGGTTAACAGTGGCAC-1","Tumor cells in mucosa and submucosa"
"AGGTTACACTCATATT-1","Tumor cells in muscularis propria"
"AGGTTACAGGTATTGA-1","Non-neoplastic colon"
"AGGTTACAGTACAGCT-1","Non-neoplastic colon"
"AGGTTATCCTGTTGAA-1","Non-neoplastic colon"
"AGGTTCCATAGTTAGC-1","Non-neoplastic colon"
"AGGTTCCGCAACTGTT-1","Non-neoplastic colon"
"AGGTTCGCGGTTATTG-1","Tumor cells in mucosa and submucosa"
"AGGTTCGTCTTACGTT-1","Tumor cells in mucosa and submucosa"
"AGGTTGACCATACGAG-1","Tumor cells in mucosa and submucosa"
"AGGTTGACGCCTCGTG-1","Non-neoplastic colon"
"AGGTTGAGGCACCAGG-1","Non-neoplastic colon"
"AGGTTGATTGTAAGGT-1","Non-neoplastic colon"
"AGTAAGGTACAGACTT-1","Non-neoplastic colon"
"AGTAAGTGGCTGTTCC-1","Non-neoplastic colon"
"AGTACAATCTCGCCTC-1","Non-neoplastic colon"
"AGTACACGCTCCAGGC-1","Non-neoplastic colon"
"AGTACCACGCCTTCGT-1","Tumor cells in mucosa and submucosa"
"AGTACCACTGACGGCA-1","Tumor cells in muscularis propria"
"AGTACCGAATGATTGC-1","Non-neoplastic colon"
"AGTACCGATGAGCGAA-1","Non-neoplastic colon"
"AGTACCGTATACCTAA-1","Non-neoplastic colon"
"AGTACCGTGCCTTGTA-1","Tumor cells in mucosa and submucosa"
"AGTACTATCCTGTCGT-1","Non-neoplastic colon"
"AGTACTCCAGAAGTAT-1","Non-neoplastic colon"
"AGTAGAAGACGAAGCA-1","Non-neoplastic colon"
"AGTAGAAGGATACTGC-1","Non-neoplastic colon"
"AGTAGAAGTCAGCACC-1","Non-neoplastic colon"
"AGTAGACATCCGGATT-1","Non-neoplastic colon"
"AGTAGACGGAAGTCGC-1","Tumor cells in mucosa and submucosa"
"AGTAGAGCCACCAGCA-1","Non-neoplastic colon"
"AGTAGAGCCTGTGCCA-1","Non-neoplastic colon"
"AGTAGAGCTTAGTTCT-1","Tumor cells in muscularis propria"
"AGTAGAGTTAAGATGC-1","Non-neoplastic colon"
"AGTAGAGTTGTATTAA-1","Tumor cells in mucosa and submucosa"
"AGTAGATTGAGCCGTG-1","Tumor cells in mucosa and submucosa"
"AGTAGATTGCCAACCA-1","Non-neoplastic colon"
"AGTATTACAGTACCAC-1","Non-neoplastic colon"
"AGTATTACGGAGAATT-1","Non-neoplastic colon"
"AGTATTCATCGCGACG-1","Tumor cells in muscularis propria"
"AGTATTCTGTATAGTT-1","Non-neoplastic colon"
"AGTATTGACGCACCGG-1","Tumor cells in mucosa and submucosa"
"AGTATTGACGTTGATG-1","Non-neoplastic colon"
"AGTATTGACTCGTCAT-1","Non-neoplastic colon"
"AGTATTGCAATGTTCT-1","Non-neoplastic colon"
"AGTATTGCTCCGGATG-1","Non-neoplastic colon"
"AGTATTGGCGAGCCTC-1","Tumor cells in mucosa and submucosa"
"AGTATTGGTCCACGTT-1","Non-neoplastic colon"
"AGTATTGGTGATTCAG-1","Non-neoplastic colon"
"AGTCAACCTTAGGAAC-1","Tumor cells in mucosa and submucosa"
"AGTCACGTACGAGTCT-1","Non-neoplastic colon"
"AGTCATGCTTCCGACG-1","Tumor cells in mucosa and submucosa"
"AGTCATGGCCGTCGAT-1","Tumor cells in mucosa and submucosa"
"AGTCATTCCTCGGTGG-1","Non-neoplastic colon"
"AGTCGAAGCGTGAGCG-1","Non-neoplastic colon"
"AGTCGAGCAATTGGTA-1","Tumor cells in muscularis propria"
"AGTCGAGGACCTTACA-1","Non-neoplastic colon"
"AGTCGAGGTCACCTCA-1","Tumor cells in muscularis propria"
"AGTCGCACTTAGCTTG-1","Tumor cells in muscularis propria"
"AGTCGCCAGCGGCCAC-1","Non-neoplastic colon"
"AGTCGCTACCTTGAGC-1","Non-neoplastic colon"
"AGTCGGCCACTCTGTT-1","Non-neoplastic colon"
"AGTCGGCCGAGGTCTA-1","Non-neoplastic colon"
"AGTCGGCTAATATCCT-1","Tumor stroma in muscularis propria"
"AGTCGGCTACATCCGA-1","Tumor cells in mucosa and submucosa"
"AGTCGGTTGAATTGTA-1","Non-neoplastic colon"
"AGTCGTATAGGTGGCA-1","Non-neoplastic colon"
"AGTCGTATTAGTCAGC-1","Tumor stroma in muscularis propria"
"AGTCGTCTGTTGAGAT-1","Non-neoplastic colon"
"AGTCGTGCATTCTAAT-1","Non-neoplastic colon"
"AGTCTACTAGGTATGA-1","Tumor cells in mucosa and submucosa"
"AGTCTAGCTTGTTACA-1","Non-neoplastic colon"
"AGTCTAGGTGTTAACC-1","Non-neoplastic colon"
"AGTCTATTCTGCCGAG-1","Tumor stroma in mucosa and submucosa"
"AGTCTGAGTTAACCGG-1","Non-neoplastic colon"
"AGTCTGCGGAATCTGC-1","Non-neoplastic colon"
"AGTGACCTATTAGGAA-1","Non-neoplastic colon"
"AGTGAGCCGCCTGCGG-1","Non-neoplastic colon"
"AGTGAGTGCGGACACT-1","Non-neoplastic colon"
"AGTGATCGGACATACT-1","Non-neoplastic colon"
"AGTGATGCTAGGAGGC-1","Non-neoplastic colon"
"AGTGATTAACCTTGTT-1","Non-neoplastic colon"
"AGTGATTGCTGAGTTG-1","Tumor stroma in mucosa and submucosa"
"AGTGCAACCTAGAAGC-1","Non-neoplastic colon"
"AGTGCACCGTATGGAC-1","Tumor cells in subserosa"
"AGTGCAGCTTCTCGTA-1","Non-neoplastic colon"
"AGTGCATTGGAACTAA-1","Tumor cells in muscularis propria"
"AGTGCCGGCGTTGGTT-1","Non-neoplastic colon"
"AGTGCGAATGGCAAGT-1","Non-neoplastic colon"
"AGTGCGAATTGTCGAC-1","Non-neoplastic colon"
"AGTGCGACATTGCTCG-1","Non-neoplastic colon"
"AGTGCGACTCCTCAGT-1","Non-neoplastic colon"
"AGTGCGATAGTCGCGA-1","Tumor cells in mucosa and submucosa"
"AGTGCGATCACGAGCC-1","Non-neoplastic colon"
"AGTGCGATCTCGCAGG-1","Non-neoplastic colon"
"AGTGCGATCTGTACGT-1","Non-neoplastic colon"
"AGTGCGCAAGGAACTC-1","Non-neoplastic colon"
"AGTGCGCATACTCACG-1","Non-neoplastic colon"
"AGTGCGGAACAACGTA-1","Non-neoplastic colon"
"AGTGCGGCATCAATAA-1","Non-neoplastic colon"
"AGTGCTACCAGAGCAT-1","Tumor cells in mucosa and submucosa"
"AGTGCTACGAAGCAAG-1","Non-neoplastic colon"
"AGTGCTACGAGGTGTA-1","Non-neoplastic colon"
"AGTGCTGTAGGAATGA-1","Tumor cells in muscularis propria"
"AGTGCTGTCGTTATTG-1","Non-neoplastic colon"
"AGTGCTGTGGCGACGT-1","Tumor cells in mucosa and submucosa"
"AGTGGACTCAAGGCAA-1","Non-neoplastic colon"
"AGTGGCTTAAGGTGTC-1","Non-neoplastic colon"
"AGTGGTAACAGCGATC-1","Non-neoplastic colon"
"AGTGGTAACCGAGCGG-1","Non-neoplastic colon"
"AGTGGTATTGAGTGAC-1","Non-neoplastic colon"
"AGTGTAAGACGCGGAC-1","Non-neoplastic colon"
"AGTGTAAGCTACAGGT-1","Non-neoplastic colon"
"AGTGTAAGTGACGATG-1","Tumor stroma in mucosa and submucosa"
"AGTGTAATGCTCGCCG-1","Tumor cells in mucosa and submucosa"
"AGTGTAGAAGGCCTAG-1","Tumor cells in muscularis propria"
"AGTGTAGATCAGAAGT-1","Non-neoplastic colon"
"AGTGTATGCGCCTTAC-1","Tumor stroma in mucosa and submucosa"
"AGTGTCATTCTACGCT-1","Tumor cells in mucosa and submucosa"
"AGTGTCCATTGACTGA-1","Tumor cells in mucosa and submucosa"
"AGTGTCGGTTGCGTAG-1","Non-neoplastic colon"
"AGTGTCGTGGCGCCAC-1","Non-neoplastic colon"
"AGTGTCTAACCGCCGT-1","Non-neoplastic colon"
"AGTGTCTGAAGACACG-1","Non-neoplastic colon"
"AGTGTCTGCAAGATGT-1","Tumor cells in muscularis propria"
"AGTGTCTGCATATCCT-1","Tumor cells in muscularis propria"
"AGTGTCTTCACCGGAC-1","Non-neoplastic colon"
"AGTTAACCGCGAGGTT-1","Non-neoplastic colon"
"AGTTAACCTCTAGCAA-1","Tumor stroma in muscularis propria"
"AGTTAACGATTCTTGC-1","Non-neoplastic colon"
"AGTTAAGGATCTGATT-1","Non-neoplastic colon"
"AGTTAAGGCATCCGCA-1","Tumor stroma in mucosa and submucosa"
"AGTTAAGTACCACTTG-1","Tumor stroma in mucosa and submucosa"
"AGTTAAGTGCACTTGT-1","Tumor cells in muscularis propria"
"AGTTAATTCTTAGACG-1","Tumor stroma in muscularis propria"
"AGTTAATTGTACGTTC-1","Non-neoplastic colon"
"AGTTAGCCGTCGAGGC-1","LVI"
"AGTTAGCTAGAATAAC-1","Non-neoplastic colon"
"AGTTAGCTAGTCACCG-1","Non-neoplastic colon"
"AGTTAGGCTACGAGCT-1","Tumor stroma in muscularis propria"
"AGTTATAACCGTATGT-1","Non-neoplastic colon"
"AGTTATGCAACTTAGT-1","Tumor cells in mucosa and submucosa"
"AGTTATTGAGACGGTC-1","Non-neoplastic colon"
"AGTTATTGAGTACCAG-1","Tumor cells in mucosa and submucosa"
"AGTTCAGCAAGTAGAT-1","Tumor cells in muscularis propria"
"AGTTCCACAGAATGAC-1","Non-neoplastic colon"
"AGTTCCGATCCTGGTC-1","Non-neoplastic colon"
"AGTTCCTTCTCCGCAG-1","Non-neoplastic colon"
"AGTTCCTTGAGTCCGA-1","Non-neoplastic colon"
"AGTTCGACCACTAAGG-1","Non-neoplastic colon"
"AGTTCGCTCCAGCGTG-1","Tumor cells in mucosa and submucosa"
"AGTTCGCTGTAAGATA-1","Non-neoplastic colon"
"AGTTCGGTGCGTGGAA-1","Non-neoplastic colon"
"AGTTCGGTTCGACAAC-1","Tumor cells in mucosa and submucosa"
"AGTTCGTGAGATTACA-1","Tumor cells in muscularis propria"
"AGTTGACTGTCCGTGA-1","Tumor cells in mucosa and submucosa"
"AGTTGCGTAACTCATT-1","Tumor cells in mucosa and submucosa"
"AGTTGGAACAATCTGA-1","Tumor stroma in muscularis propria"
"AGTTGGACGCAAGGAA-1","Non-neoplastic colon"
"AGTTGGAGGTCGCCGG-1","Tumor cells in muscularis propria"
"AGTTGGAGTATGTAGG-1","Tumor cells in mucosa and submucosa"
"AGTTGGCTCAGTGAGT-1","Non-neoplastic colon"
"AGTTGTCTTCAGGAAG-1","Non-neoplastic colon"
"ATAACATATCACTTCT-1","Tumor stroma in muscularis propria"
"ATAACCATGCATACCG-1","Non-neoplastic colon"
"ATAACCATGCCGATTA-1","Non-neoplastic colon"
"ATAACCGGATAAGTAG-1","Non-neoplastic colon"
"ATAACGAACGAGGCAC-1","Non-neoplastic colon"
"ATAACGAAGGAAGGCG-1","Non-neoplastic colon"
"ATAACGAGGACTTAAC-1","Tumor stroma in mucosa and submucosa"
"ATAACGAGGCGAATGT-1","Tumor cells in muscularis propria"
"ATAACGAGTTGAGCTC-1","Non-neoplastic colon"
"ATAACGCAGCTTCAGT-1","Tumor cells in muscularis propria"
"ATAACGCCACTCCAAC-1","Non-neoplastic colon"
"ATAACGCTCAATCACT-1","Non-neoplastic colon"
"ATAACGCTCACCAATA-1","Non-neoplastic colon"
"ATAACGCTCGCCTGCT-1","Non-neoplastic colon"
"ATAACGCTGGCGACGC-1","Non-neoplastic colon"
"ATAACGGCGTCAAGAC-1","Non-neoplastic colon"
"ATAACGGCGTCCTCGT-1","Non-neoplastic colon"
"ATAACGGTCTTGTAAT-1","Non-neoplastic colon"
"ATAACTAGGCCTGTAA-1","Non-neoplastic colon"
"ATAACTCGAAGTCCGC-1","Tumor stroma in muscularis propria"
"ATAACTCGTCACGCCG-1","Tumor cells in mucosa and submucosa"
"ATAAGAACTCGTTAGA-1","Non-neoplastic colon"
"ATAAGAACTGACTACC-1","Tumor stroma in muscularis propria"
"ATAAGACCACGTACTA-1","Non-neoplastic colon"
"ATAAGAGCACCGAGCA-1","Non-neoplastic colon"
"ATAAGAGCCTCCGACA-1","Tumor cells in muscularis propria"
"ATAAGCCACTTCTAAG-1","Non-neoplastic colon"
"ATAAGCCGCTGAATCC-1","Non-neoplastic colon"
"ATAAGCCGTAACAATT-1","Tumor cells in mucosa and submucosa"
"ATAAGGAAGATGAATA-1","Non-neoplastic colon"
"ATAAGGAGTCCGCCGG-1","Non-neoplastic colon"
"ATAAGGTCGCAGCCGC-1","Non-neoplastic colon"
"ATAATCGCGTCATATG-1","Non-neoplastic colon"
"ATAATCTACACCATCC-1","Tumor cells in mucosa and submucosa"
"ATAATGTCAGCCACAT-1","Non-neoplastic colon"
"ATAATGTCCTTCATGA-1","Non-neoplastic colon"
"ATAATTATCAGCTGGC-1","Non-neoplastic colon"
"ATAATTCTTAATGGAC-1","Non-neoplastic colon"
"ATAATTGTCGCTGGCC-1","Tumor cells in mucosa and submucosa"
"ATAATTGTGCCATGTT-1","Non-neoplastic colon"
"ATAATTGTGGAAGAGC-1","Non-neoplastic colon"
"ATACAATATTGGTCCG-1","Tumor cells in mucosa and submucosa"
"ATACAATTGCTTGCCA-1","Non-neoplastic colon"
"ATACAGGTCAGCACGC-1","Non-neoplastic colon"
"ATACAGTGCCGACTGA-1","Non-neoplastic colon"
"ATACAGTGCTCGTACC-1","Non-neoplastic colon"
"ATACATAAGGTTAGGT-1","Non-neoplastic colon"
"ATACATCAACGTGATT-1","Tumor cells in mucosa and submucosa"
"ATACATCAAGACAATA-1","Non-neoplastic colon"
"ATACATCATATTCTCG-1","Non-neoplastic colon"
"ATACATCGACAGGTGG-1","Tumor cells in muscularis propria"
"ATACATCTAGTCTACC-1","Non-neoplastic colon"
"ATACATCTCAATAAGA-1","Non-neoplastic colon"
"ATACATCTCGAGGACT-1","Non-neoplastic colon"
"ATACATGCACGGTAAC-1","Tumor cells in mucosa and submucosa"
"ATACATGCGAGCCAGC-1","Non-neoplastic colon"
"ATACATTCACGGCCGA-1","Tumor cells in mucosa and submucosa"
"ATACATTCAGTGAGCC-1","Non-neoplastic colon"
"ATACATTCATCTTCGC-1","Non-neoplastic colon"
"ATACCGCTGCTCTACA-1","Tumor stroma in mucosa and submucosa"
"ATACCGTAGGAGCATA-1","Non-neoplastic colon"
"ATACCGTGTATCGCCA-1","Non-neoplastic colon"
"ATACCTTAGCATGGCG-1","Tumor cells in mucosa and submucosa"
"ATACGCAAGGCAAGCT-1","Non-neoplastic colon"
"ATACGCGGCCATGTAT-1","Non-neoplastic colon"
"ATACGCGGTACGCTGT-1","Non-neoplastic colon"
"ATACGGCGAGCGTCCG-1","Non-neoplastic colon"
"ATACGGTATCATCTCG-1","Non-neoplastic colon"
"ATACGGTCCAACGCTA-1","Tumor stroma in mucosa and submucosa"
"ATACGGTCCATAAGGA-1","Tumor stroma in mucosa and submucosa"
"ATACGTACATAGTGTT-1","Non-neoplastic colon"
"ATACTAATTATGGAAC-1","Non-neoplastic colon"
"ATACTACATAGACTGT-1","Non-neoplastic colon"
"ATACTAGACATACAGC-1","Non-neoplastic colon"
"ATACTAGATTAACTCC-1","Non-neoplastic colon"
"ATACTAGCACATCTCG-1","Non-neoplastic colon"
"ATACTAGGTCTTGGAA-1","Non-neoplastic colon"
"ATACTATGACGAGTAG-1","Non-neoplastic colon"
"ATACTATGAGGACCGA-1","Non-neoplastic colon"
"ATACTATTCGAAGGCC-1","Non-neoplastic colon"
"ATACTCGGCGGATAGA-1","Non-neoplastic colon"
"ATACTGACGCCGAGCA-1","Tumor cells in mucosa and submucosa"
"ATACTGCTGTCGTTGC-1","Tumor cells in muscularis propria"
"ATACTGGCGTCCAAGA-1","Non-neoplastic colon"
"ATACTGGCTCATGTGA-1","Tumor cells in mucosa and submucosa"
"ATACTGGCTCTGACCT-1","Tumor cells in mucosa and submucosa"
"ATACTGGCTGGAACGC-1","Tumor cells in mucosa and submucosa"
"ATACTGTATGGCGTCC-1","Non-neoplastic colon"
"ATACTGTCCTAGAAGG-1","Non-neoplastic colon"
"ATACTGTTAACAAGAC-1","Non-neoplastic colon"
"ATACTGTTAAGTCACC-1","Tumor cells in muscularis propria"
"ATACTTCTCATCCAAT-1","Non-neoplastic colon"
"ATACTTGCGGTCTGTA-1","Non-neoplastic colon"
"ATAGAACAGAACCAAC-1","Tumor cells in mucosa and submucosa"
"ATAGAACGAAGAGGTT-1","Non-neoplastic colon"
"ATAGAACGTGTCACCA-1","Tumor cells in mucosa and submucosa"
"ATAGAACGTTATCCAC-1","Non-neoplastic colon"
"ATAGAAGGTGAATATC-1","Non-neoplastic colon"
"ATAGAAGTCCGCCATG-1","Non-neoplastic colon"
"ATAGACGATGTTGACC-1","Non-neoplastic colon"
"ATAGACTATCACGTAC-1","Tumor cells in mucosa and submucosa"
"ATAGATGATCTATTCC-1","Non-neoplastic colon"
"ATAGATTAGTCTGCGT-1","Non-neoplastic colon"
"ATAGCACCTCGCGGCC-1","Tumor cells in mucosa and submucosa"
"ATAGCCGACCAAGTTC-1","Tumor cells in mucosa and submucosa"
"ATAGCGAACGGTGACG-1","Non-neoplastic colon"
"ATAGCGACGTGCACTG-1","Non-neoplastic colon"
"ATAGCGGCTTAAGATT-1","Non-neoplastic colon"
"ATAGCGTCAATAGCAT-1","Non-neoplastic colon"
"ATAGCGTGTACCTTAC-1","Non-neoplastic colon"
"ATAGCGTTAACCGATG-1","Tumor cells in mucosa and submucosa"
"ATAGCTAGATCGCTCG-1","Non-neoplastic colon"
"ATAGCTATCGATGTCT-1","Non-neoplastic colon"
"ATAGCTATGTAGCATA-1","Non-neoplastic colon"
"ATAGCTGCGGTTGTAT-1","Non-neoplastic colon"
"ATAGCTGCTTCGGCGA-1","Non-neoplastic colon"
"ATAGCTGTATCCACCG-1","Non-neoplastic colon"
"ATAGCTGTATGACGCT-1","Tumor cells in muscularis propria"
"ATAGCTGTCAAGAATT-1","Tumor stroma in mucosa and submucosa"
"ATAGCTGTGACCATTC-1","Non-neoplastic colon"
"ATAGCTGTGGACCACT-1","Non-neoplastic colon"
"ATAGCTGTTCTGGTTA-1","Tumor stroma in muscularis propria"
"ATAGGACGTCAAGCCA-1","Non-neoplastic colon"
"ATAGGACTCATATGGC-1","Non-neoplastic colon"
"ATAGGCAAGAGCTCGA-1","Tumor cells in mucosa and submucosa"
"ATAGGCACAATCACTC-1","Non-neoplastic colon"
"ATAGGCACGTATGCAG-1","Non-neoplastic colon"
"ATAGGCATAAGCGACT-1","Non-neoplastic colon"
"ATAGGCGGTTCAGGAA-1","Tumor cells in mucosa and submucosa"
"ATAGGCGGTTCGTACC-1","Non-neoplastic colon"
"ATAGGCTACGCAGACT-1","Non-neoplastic colon"
"ATAGGCTACTGATTAC-1","Non-neoplastic colon"
"ATAGGTATGCTGCCGG-1","Tumor cells in muscularis propria"
"ATAGTATGCGAACTGT-1","Tumor cells in mucosa and submucosa"
"ATAGTCGAGTAGGAGT-1","Non-neoplastic colon"
"ATAGTGACAAGAACAA-1","Tumor cells in mucosa and submucosa"
"ATAGTGACGCTGGTCT-1","Non-neoplastic colon"
"ATAGTGCATTAACCGG-1","Non-neoplastic colon"
"ATAGTGCTCGATGGAA-1","Non-neoplastic colon"
"ATAGTGTAAGCACTAC-1","Tumor cells in mucosa and submucosa"
"ATAGTGTCTGCATCGG-1","Non-neoplastic colon"
"ATAGTGTCTTACTGAC-1","Non-neoplastic colon"
"ATAGTTAACCAGCGAA-1","Non-neoplastic colon"
"ATAGTTAATAACAGGT-1","Non-neoplastic colon"
"ATAGTTAATACAGAGG-1","Non-neoplastic colon"
"ATAGTTAATAGGAATC-1","Non-neoplastic colon"
"ATAGTTACCTTCGTAA-1","Non-neoplastic colon"
"ATAGTTACGTTAAGTA-1","Tumor stroma in muscularis propria"
"ATAGTTACTGGCGAGC-1","Tumor stroma in muscularis propria"
"ATAGTTAGGATGTCAA-1","Non-neoplastic colon"
"ATAGTTCAGGTATTAA-1","Tumor stroma in muscularis propria"
"ATAGTTCATCTACGGT-1","Tumor cells in mucosa and submucosa"
"ATAGTTCGAGCACGCA-1","Non-neoplastic colon"
"ATAGTTCGGCCTGGTT-1","Non-neoplastic colon"
"ATAGTTCGGCGTCTCG-1","Tumor stroma in mucosa and submucosa"
"ATAGTTCGTAGTGACC-1","Non-neoplastic colon"
"ATAGTTCTAGGCTCAG-1","Non-neoplastic colon"
"ATAGTTCTGCGAGGAA-1","Non-neoplastic colon"
"ATAGTTGCAGACCTAT-1","Non-neoplastic colon"
"ATAGTTGCCGCAAGAC-1","Tumor cells in muscularis propria"
"ATAGTTGCTACAGCTT-1","Tumor cells in mucosa and submucosa"
"ATAGTTGGACCGCAGA-1","Non-neoplastic colon"
"ATAGTTGGACGCTCGT-1","Non-neoplastic colon"
"ATAGTTGGCGCTTCCT-1","Non-neoplastic colon"
"ATAGTTGGTCAGGCTG-1","Non-neoplastic colon"
"ATAGTTGGTGCACTGC-1","Non-neoplastic colon"
"ATCAAGACATACGCGG-1","Non-neoplastic colon"
"ATCAAGACCTATTGGC-1","Tumor cells in mucosa and submucosa"
"ATCAAGACCTGCCAAC-1","Non-neoplastic colon"
"ATCAAGACTGAGCGAC-1","Non-neoplastic colon"
"ATCAAGGAACGCATCG-1","Non-neoplastic colon"
"ATCAAGGAATTCCTGA-1","Non-neoplastic colon"
"ATCAAGGACTGATCTA-1","Necrosis"
"ATCAAGGATGCTCCAG-1","Tumor cells in muscularis propria"
"ATCAAGTGACTTACTG-1","Non-neoplastic colon"
"ATCAAGTTGGCTCAGA-1","Non-neoplastic colon"
"ATCAATGCTGTAGTAA-1","Non-neoplastic colon"
"ATCACCAGTATCGTAT-1","Tumor cells in muscularis propria"
"ATCACGAGATGAACAT-1","Non-neoplastic colon"
"ATCACGAGCGATTACC-1","Non-neoplastic colon"
"ATCACGCAATACCTCC-1","Tumor cells in mucosa and submucosa"
"ATCACGTGGCACAACC-1","Non-neoplastic colon"
"ATCACTTGGTACGGCT-1","Tumor cells in mucosa and submucosa"
"ATCAGAATGCTGAGAA-1","Tumor cells in mucosa and submucosa"
"ATCAGAATTACTATTC-1","Tumor stroma in muscularis propria"
"ATCAGACAACCGCTTC-1","Non-neoplastic colon"
"ATCAGAGGACAATGAG-1","Non-neoplastic colon"
"ATCAGAGGTGTCTTAG-1","Tumor cells in muscularis propria"
"ATCAGATCAAGAGTAG-1","Non-neoplastic colon"
"ATCAGATTCCACATCA-1","Non-neoplastic colon"
"ATCAGATTGTCATAGA-1","Tumor stroma in muscularis propria"
"ATCAGCCTAGACCGCC-1","Non-neoplastic colon"
"ATCAGGCTCAGGCCGC-1","Non-neoplastic colon"
"ATCAGTACTCTGATCT-1","Non-neoplastic colon"
"ATCATTACAGGCTCCG-1","Tumor cells in muscularis propria"
"ATCATTACGAGCACTC-1","Tumor cells in mucosa and submucosa"
"ATCATTACGCAGGTCA-1","Non-neoplastic colon"
"ATCATTACGTGATAAC-1","Tumor cells in mucosa and submucosa"
"ATCATTCACCTATCAG-1","Non-neoplastic colon"
"ATCATTCACTCGAAGT-1","Non-neoplastic colon"
"ATCATTCAGAAGTGCA-1","Non-neoplastic colon"
"ATCATTCATGCATAAT-1","Non-neoplastic colon"
"ATCATTCCACATCCTG-1","Non-neoplastic colon"
"ATCATTCCACCGTTCT-1","Tumor cells in muscularis propria"
"ATCATTCGATAGGCCA-1","Non-neoplastic colon"
"ATCATTCGTCTAATGA-1","Non-neoplastic colon"
"ATCATTGGATCGTCTT-1","Tumor cells in mucosa and submucosa"
"ATCATTGGCGTATTGC-1","Tumor cells in mucosa and submucosa"
"ATCATTGGTCAGGAAT-1","Tumor cells in mucosa and submucosa"
"ATCATTGTACGTCCGC-1","Non-neoplastic colon"
"ATCATTGTCTAGCCGT-1","Non-neoplastic colon"
"ATCCACAACCGGTATC-1","Tumor cells in mucosa and submucosa"
"ATCCACATAGGTTACA-1","Tumor cells in mucosa and submucosa"
"ATCCACCGAATAAGCA-1","Tumor cells in mucosa and submucosa"
"ATCCACGAGGTGCTGT-1","Non-neoplastic colon"
"ATCCACGATACTATGT-1","Tumor cells in mucosa and submucosa"
"ATCCACGCGGAGGCAT-1","Non-neoplastic colon"
"ATCCACGCTAGTACTG-1","Non-neoplastic colon"
"ATCCACTCCGCCGTAG-1","Tumor cells in mucosa and submucosa"
"ATCCACTCTATCACGC-1","Non-neoplastic colon"
"ATCCACTTAGTAATCT-1","Tumor cells in mucosa and submucosa"
"ATCCGAACTCCTTGGT-1","Tumor stroma in muscularis propria"
"ATCCGAACTTGGTTGC-1","Non-neoplastic colon"
"ATCCGAAGGTTAGTGA-1","Non-neoplastic colon"
"ATCCGATGACGCGTCC-1","Non-neoplastic colon"
"ATCCGATTCTGGTCCA-1","Tumor cells in mucosa and submucosa"
"ATCCGCAGAACCAACC-1","Non-neoplastic colon"
"ATCCGGAGATGTTGCC-1","Non-neoplastic colon"
"ATCCGGATGTGAAGGC-1","Tumor cells in muscularis propria"
"ATCCGGATTATGACTA-1","Non-neoplastic colon"
"ATCCGGCCTGGTATAG-1","Non-neoplastic colon"
"ATCCGGCGAGGAATTC-1","Tumor cells in mucosa and submucosa"
"ATCCGGCGGTCTGGCT-1","Non-neoplastic colon"
"ATCCGGCGTCGCTGAT-1","Non-neoplastic colon"
"ATCCGGCTCCGTCGCA-1","Non-neoplastic colon"
"ATCCGGTCTACCACCT-1","Tumor cells in mucosa and submucosa"
"ATCCGGTGATTCCTAC-1","Tumor cells in mucosa and submucosa"
"ATCCGTAGAACACCGC-1","Non-neoplastic colon"
"ATCCGTAGAATTAGCT-1","Non-neoplastic colon"
"ATCCGTAGCCGTGACT-1","Non-neoplastic colon"
"ATCCGTCACTCAGACA-1","Tumor cells in muscularis propria"
"ATCCGTCATTATGTAA-1","Tumor stroma in mucosa and submucosa"
"ATCCGTCCTTGCCTCC-1","Non-neoplastic colon"
"ATCCGTCTCCGTTATC-1","Non-neoplastic colon"
"ATCCGTGAAGTGGTGA-1","Non-neoplastic colon"
"ATCCGTGGTACAAGTC-1","Non-neoplastic colon"
"ATCCGTTAAGATAGTA-1","Non-neoplastic colon"
"ATCCGTTCAACAATCA-1","Non-neoplastic colon"
"ATCCGTTCACCTGACC-1","Tumor cells in muscularis propria"
"ATCCGTTCGTGACCTC-1","Non-neoplastic colon"
"ATCCTACATAGTAAGG-1","Tumor cells in mucosa and submucosa"
"ATCCTATCTGAGAAGT-1","Non-neoplastic colon"
"ATCCTATTCCAGTACC-1","Non-neoplastic colon"
"ATCCTCAACCGACGCC-1","Tumor cells in muscularis propria"
"ATCCTCCAACTACATT-1","Non-neoplastic colon"
"ATCCTCCACGTCGATG-1","Non-neoplastic colon"
"ATCCTCTGCCGCCAGA-1","Non-neoplastic colon"
"ATCCTGCTGGTGTAAT-1","Non-neoplastic colon"
"ATCCTGGAATCCGAAG-1","Tumor stroma in mucosa and submucosa"
"ATCGAACTGGAGGTAC-1","Tumor cells in mucosa and submucosa"
"ATCGAACTGGCATATC-1","Non-neoplastic colon"
"ATCGAATAACCTACCG-1","Non-neoplastic colon"
"ATCGAGTGGATAGCAG-1","Tumor stroma in mucosa and submucosa"
"ATCGATCTTATCAGAT-1","Non-neoplastic colon"
"ATCGATGAACTACGAC-1","Non-neoplastic colon"
"ATCGATGAAGCTGAAC-1","Tumor cells in mucosa and submucosa"
"ATCGATGAAGGTATGA-1","Tumor cells in mucosa and submucosa"
"ATCGCAACGCGTGCCT-1","Non-neoplastic colon"
"ATCGCAACTGCCTTCC-1","Tumor stroma in muscularis propria"
"ATCGCAAGCCATAACG-1","Tumor cells in mucosa and submucosa"
"ATCGCAATCGACCGAT-1","Non-neoplastic colon"
"ATCGCAATCGGTTGGA-1","Tumor cells in mucosa and submucosa"
"ATCGCACCATAAGCCT-1","Non-neoplastic colon"
"ATCGCACCATTCGGAA-1","Tumor cells in mucosa and submucosa"
"ATCGCACCGACGTCAG-1","Non-neoplastic colon"
"ATCGCACCTATCTACA-1","Tumor cells in muscularis propria"
"ATCGCAGCAAGTCTGT-1","Non-neoplastic colon"
"ATCGCAGCACGATCGC-1","Tumor cells in mucosa and submucosa"
"ATCGCAGCCGGAACCG-1","Tumor cells in mucosa and submucosa"
"ATCGCAGCGTCTAGGC-1","Tumor cells in mucosa and submucosa"
"ATCGCAGGTTCCGCCA-1","Tumor cells in mucosa and submucosa"
"ATCGCAGTAACAAGCC-1","Non-neoplastic colon"
"ATCGCAGTATGTATTA-1","Non-neoplastic colon"
"ATCGCATGAGTCTAAC-1","Non-neoplastic colon"
"ATCGCATGGCATAGTT-1","Non-neoplastic colon"
"ATCGCATGTTACCTAC-1","Tumor cells in mucosa and submucosa"
"ATCGCATTCCTATCCA-1","Non-neoplastic colon"
"ATCGCCACGATATGCG-1","Tumor cells in muscularis propria"
"ATCGCCGATAATCTAG-1","Non-neoplastic colon"
"ATCGCTACTCGGCGAC-1","Non-neoplastic colon"
"ATCGCTCGAGTATCGC-1","Non-neoplastic colon"
"ATCGGCTCATTGGCAG-1","Other"
"ATCGGTACTAAGTTGG-1","Tumor cells in mucosa and submucosa"
"ATCGGTACTTCGAGCC-1","Tumor cells in muscularis propria"
"ATCGGTGCGGATACCT-1","LVI"
"ATCGTAACTAGTCCAC-1","Non-neoplastic colon"
"ATCGTAATAGTCACTC-1","Non-neoplastic colon"
"ATCGTAATGCCTAATA-1","Tumor cells in mucosa and submucosa"
"ATCGTACACCATGAAG-1","Non-neoplastic colon"
"ATCGTACACCGGCTAC-1","Non-neoplastic colon"
"ATCGTACAGATTACCT-1","Non-neoplastic colon"
"ATCGTACCGTTATCCA-1","Non-neoplastic colon"
"ATCGTAGCGTCTTAAG-1","Non-neoplastic colon"
"ATCGTATTACAATAGG-1","Tumor cells in mucosa and submucosa"
"ATCGTATTACCGGTTC-1","Tumor cells in mucosa and submucosa"
"ATCGTATTGTATGCAG-1","Non-neoplastic colon"
"ATCGTCACCTGACTAT-1","Non-neoplastic colon"
"ATCGTCACGCTGACCG-1","Tumor stroma in mucosa and submucosa"
"ATCGTCACGTTAGATT-1","Non-neoplastic colon"
"ATCGTCAGCTGGAGAC-1","Non-neoplastic colon"
"ATCGTCAGGCAACTAA-1","Tumor cells in mucosa and submucosa"
"ATCGTCGAACAACGTG-1","Tumor cells in mucosa and submucosa"
"ATCGTCGACCAATCAT-1","Tumor stroma in muscularis propria"
"ATCGTCGATATCATGG-1","Tumor cells in muscularis propria"
"ATCGTCGATTCACCAG-1","Non-neoplastic colon"
"ATCGTCGGTCTACTCG-1","Non-neoplastic colon"
"ATCGTCTAATTCATCT-1","Tumor cells in mucosa and submucosa"
"ATCGTCTTAGACAATA-1","Non-neoplastic colon"
"ATCGTCTTGAGGTCCA-1","Non-neoplastic colon"
"ATCGTGCAAGATAATC-1","Tumor cells in muscularis propria"
"ATCGTGCACGGCCGAT-1","Tumor stroma in muscularis propria"
"ATCGTGCCTGAGTTGC-1","Non-neoplastic colon"
"ATCTACAACTTCTGCA-1","Non-neoplastic colon"
"ATCTACAGATGGATAG-1","Tumor cells in mucosa and submucosa"
"ATCTACAGTCGCTGCC-1","Tumor cells in mucosa and submucosa"
"ATCTACATCTTAGCGA-1","Non-neoplastic colon"
"ATCTACCAACGCGTTA-1","Tumor cells in mucosa and submucosa"
"ATCTACCATAGCCTCC-1","Tumor cells in muscularis propria"
"ATCTACCGCATGACTA-1","Tumor cells in mucosa and submucosa"
"ATCTACCGTACAGATC-1","Non-neoplastic colon"
"ATCTACGGAACGCAGC-1","Non-neoplastic colon"
"ATCTACGGATGGTCTA-1","Tumor stroma in mucosa and submucosa"
"ATCTACGGTCTATTGT-1","Non-neoplastic colon"
"ATCTAGACTACAACGA-1","Tumor cells in mucosa and submucosa"
"ATCTATACAGCCAGAC-1","Non-neoplastic colon"
"ATCTATGTTGAAGGCT-1","Non-neoplastic colon"
"ATCTATTAGGTGCGCT-1","Non-neoplastic colon"
"ATCTCACTACCGCTGG-1","Tumor cells in mucosa and submucosa"
"ATCTCACTATGAGCTC-1","Non-neoplastic colon"
"ATCTCATTACCTTCGC-1","Non-neoplastic colon"
"ATCTCCGCAAGACGCT-1","Tumor stroma in mucosa and submucosa"
"ATCTCCTGAGCGGCTG-1","Non-neoplastic colon"
"ATCTCCTGCCTTGATC-1","Non-neoplastic colon"
"ATCTCGGAATCCGGCA-1","Non-neoplastic colon"
"ATCTCGGATCGGAGCA-1","Tumor cells in mucosa and submucosa"
"ATCTCGGTTGGTGCTT-1","Non-neoplastic colon"
"ATCTGAACAGCTAGTA-1","Non-neoplastic colon"
"ATCTGAACGTCGGTAA-1","Non-neoplastic colon"
"ATCTGAATTCAAGTAG-1","Tumor cells in mucosa and submucosa"
"ATCTGACCAGGTGAGT-1","Tumor cells in muscularis propria"
"ATCTGACTAAGGAGTC-1","Tumor cells in mucosa and submucosa"
"ATCTGAGCGTTCGATC-1","Non-neoplastic colon"
"ATCTGATAATACTAAC-1","Non-neoplastic colon"
"ATCTGATAGTGAACCA-1","Non-neoplastic colon"
"ATCTGATCCGCCGGTG-1","Non-neoplastic colon"
"ATCTGGAACTGTCGCT-1","Tumor cells in mucosa and submucosa"
"ATCTGGAATGAAGACT-1","Non-neoplastic colon"
"ATCTGGAGACGGAGGC-1","Tumor cells in muscularis propria"
"ATCTGGATCCATGCTT-1","Non-neoplastic colon"
"ATCTGGATTCCACCTA-1","Non-neoplastic colon"
"ATCTGGTGTACAATCG-1","Non-neoplastic colon"
"ATCTTAAGTGTCCGTT-1","Non-neoplastic colon"
"ATCTTACGATCAACGA-1","Non-neoplastic colon"
"ATCTTAGAACGCGAAT-1","Tumor cells in mucosa and submucosa"
"ATCTTAGACACGAAGA-1","Tumor cells in mucosa and submucosa"
"ATCTTAGATTCTTGAT-1","Tumor cells in mucosa and submucosa"
"ATCTTAGCGTACTGAC-1","Non-neoplastic colon"
"ATCTTAGGTTGGATAC-1","Non-neoplastic colon"
"ATCTTAGTGGTTCTCA-1","Tumor stroma in muscularis propria"
"ATCTTATCGCTTGGAT-1","Non-neoplastic colon"
"ATCTTATTGTACTCGA-1","Tumor cells in muscularis propria"
"ATCTTATTGTGGCCAC-1","Non-neoplastic colon"
"ATCTTCCTCAGGAGCA-1","Non-neoplastic colon"
"ATCTTCTAGAATCAAT-1","Non-neoplastic colon"
"ATCTTGATCGCAGAAG-1","Non-neoplastic colon"
"ATCTTGATGTCGGCCG-1","Non-neoplastic colon"
"ATCTTGCGCTTCCGTA-1","Tumor cells in mucosa and submucosa"
"ATCTTGGTACGCTCTA-1","Non-neoplastic colon"
"ATCTTGTAATTACCAT-1","Non-neoplastic colon"
"ATCTTGTAGAACTTAG-1","Non-neoplastic colon"
"ATCTTGTCGCATCCTC-1","Tumor cells in mucosa and submucosa"
"ATGAACCAACGCCGAT-1","Non-neoplastic colon"
"ATGAACGTGCGTGATA-1","Non-neoplastic colon"
"ATGAATGCCAATTAAT-1","Non-neoplastic colon"
"ATGACACGGTATACCG-1","Non-neoplastic colon"
"ATGACACTCAGACTCA-1","Tumor cells in muscularis propria"
"ATGACAGAACATGATA-1","Non-neoplastic colon"
"ATGACAGAGCTAACTA-1","Tumor cells in mucosa and submucosa"
"ATGACATGCTGTCCAA-1","Non-neoplastic colon"
"ATGACATTCGACCAGA-1","Non-neoplastic colon"
"ATGACCAGACAACTTA-1","Tumor cells in mucosa and submucosa"
"ATGACCATCTGGATGG-1","Tumor cells in muscularis propria"
"ATGACCGGCGCCACGC-1","Tumor stroma in muscularis propria"
"ATGACCGTAGAAGTGC-1","Tumor cells in mucosa and submucosa"
"ATGACCGTGCGTATCT-1","Non-neoplastic colon"
"ATGACCGTGCTGTCAG-1","Tumor cells in mucosa and submucosa"
"ATGACCTCAACACGCA-1","Non-neoplastic colon"
"ATGACCTCAAGGTCGC-1","Non-neoplastic colon"
"ATGACCTCTATGAGAA-1","Non-neoplastic colon"
"ATGACCTGAAGATGAG-1","Non-neoplastic colon"
"ATGAGCATGGTCATAA-1","Non-neoplastic colon"
"ATGAGCCAATTGCGTT-1","Tumor cells in mucosa and submucosa"
"ATGAGCCACTGGTGGA-1","Non-neoplastic colon"
"ATGAGCCATACTGCTT-1","Non-neoplastic colon"
"ATGAGCGACAATGTGG-1","Non-neoplastic colon"
"ATGAGCGGTCTTCAAC-1","Non-neoplastic colon"
"ATGAGCTCTAGCCAAG-1","Non-neoplastic colon"
"ATGAGGTACTAATATC-1","Tumor cells in mucosa and submucosa"
"ATGAGTAACCTGCCGT-1","Non-neoplastic colon"
"ATGAGTAGATAGCCAT-1","Non-neoplastic colon"
"ATGAGTATCAGCCAAT-1","Tumor cells in mucosa and submucosa"
"ATGAGTCAGACTGGAA-1","Non-neoplastic colon"
"ATGAGTCTGTTGAACC-1","Non-neoplastic colon"
"ATGAGTCTTGTACATA-1","Non-neoplastic colon"
"ATGAGTGGCCATTAGC-1","Non-neoplastic colon"
"ATGAGTTAGGAAGCAT-1","Non-neoplastic colon"
"ATGAGTTCGACAGGCG-1","Non-neoplastic colon"
"ATGAGTTGAGACAGGA-1","Tumor cells in muscularis propria"
"ATGAGTTGATGGTAAC-1","Tumor cells in mucosa and submucosa"
"ATGAGTTGTAGGCGAA-1","Tumor cells in mucosa and submucosa"
"ATGATATTGAGTAACA-1","Tumor cells in mucosa and submucosa"
"ATGATCCAGTATCTGT-1","Tumor cells in mucosa and submucosa"
"ATGATTAGCCAATATG-1","Non-neoplastic colon"
"ATGATTAGTACAAGCC-1","Non-neoplastic colon"
"ATGATTCATTGGTTCC-1","Tumor stroma in muscularis propria"
"ATGATTGAGTTGCGCA-1","Non-neoplastic colon"
"ATGATTGTATGATAAG-1","Tumor stroma in mucosa and submucosa"
"ATGCAACTCACCTTAC-1","Tumor cells in mucosa and submucosa"
"ATGCAATCACGAGCTG-1","Non-neoplastic colon"
"ATGCATCAGATTCCTC-1","Non-neoplastic colon"
"ATGCATCAGGAGCTGA-1","Non-neoplastic colon"
"ATGCATCCAACCGTCC-1","Non-neoplastic colon"
"ATGCATCCGGCACCTG-1","Tumor cells in mucosa and submucosa"
"ATGCATGAACTGCATA-1","Tumor cells in mucosa and submucosa"
"ATGCATGACTAGGTTA-1","Non-neoplastic colon"
"ATGCATGGCTCGCATC-1","Non-neoplastic colon"
"ATGCATGTGCGATAGC-1","Non-neoplastic colon"
"ATGCATTAACTCATGG-1","Tumor cells in muscularis propria"
"ATGCATTACTTCTACG-1","Tumor cells in mucosa and submucosa"
"ATGCATTAGCGTATCT-1","Tumor cells in mucosa and submucosa"
"ATGCCAAGGATTGATC-1","Non-neoplastic colon"
"ATGCCAAGTGATAGAA-1","Tumor cells in muscularis propria"
"ATGCCACGACGCTTCG-1","Non-neoplastic colon"
"ATGCCAGGTGTACGCA-1","Non-neoplastic colon"
"ATGCCATGCAGCGGCT-1","Non-neoplastic colon"
"ATGCCGTTCGCTGGTC-1","Non-neoplastic colon"
"ATGCCTCGCCGATGTA-1","Tumor cells in mucosa and submucosa"
"ATGCCTCGGCTATTAC-1","Tumor cells in muscularis propria"
"ATGCGAACAATCTGGC-1","Non-neoplastic colon"
"ATGCGATGCGCACTAC-1","Tumor cells in mucosa and submucosa"
"ATGCTCAACTCATAGC-1","LVI"
"ATGCTCATACCACGAT-1","Non-neoplastic colon"
"ATGCTCCAGGCCAGGT-1","Non-neoplastic colon"
"ATGCTCCGCTACGGTG-1","Non-neoplastic colon"
"ATGCTCCTCGTTAGAA-1","Non-neoplastic colon"
"ATGCTCGCTGTATCAC-1","Non-neoplastic colon"
"ATGCTCTTATCGTTAG-1","Tumor cells in mucosa and submucosa"
"ATGCTCTTGACATAAT-1","Tumor cells in mucosa and submucosa"
"ATGCTGACCTCGTGTC-1","Tumor cells in mucosa and submucosa"
"ATGCTGACTGCTTATG-1","Non-neoplastic colon"
"ATGCTGAGCAGAGCGT-1","Tumor stroma in mucosa and submucosa"
"ATGCTGCAATCAATTA-1","Non-neoplastic colon"
"ATGCTGCATCGGATAA-1","Non-neoplastic colon"
"ATGCTGCGAATCATAA-1","Tumor cells in muscularis propria"
"ATGCTGCGACCAACAG-1","Tumor cells in mucosa and submucosa"
"ATGCTGCGCTTATCAC-1","Non-neoplastic colon"
"ATGCTGGCGGAGGCTC-1","Non-neoplastic colon"
"ATGCTGTAGGTTCTAC-1","Tumor stroma in mucosa and submucosa"
"ATGCTTACGGCAGCAT-1","Tumor cells in mucosa and submucosa"
"ATGCTTCACTCGCTAA-1","Non-neoplastic colon"
"ATGCTTGGACTACACG-1","Non-neoplastic colon"
"ATGGAACAGCTCAGGT-1","Other"
"ATGGAACCGTGAACGA-1","Non-neoplastic colon"
"ATGGAACCTCCGAGGC-1","Tumor stroma in muscularis propria"
"ATGGAATATCGCCTAA-1","Non-neoplastic colon"
"ATGGAATGCCATCAGC-1","Non-neoplastic colon"
"ATGGAGATACCTTCCT-1","Non-neoplastic colon"
"ATGGAGCGAGCCAAGA-1","Tumor cells in muscularis propria"
"ATGGAGCGTTCGAATG-1","Non-neoplastic colon"
"ATGGAGGCAACTTCAA-1","Tumor cells in mucosa and submucosa"
"ATGGAGGCATTAATTA-1","Non-neoplastic colon"
"ATGGAGGCGACGAGCG-1","Non-neoplastic colon"
"ATGGAGGCTTCACGTG-1","Non-neoplastic colon"
"ATGGAGGTCAAGTCGC-1","Tumor cells in muscularis propria"
"ATGGAGTAATCCAGTG-1","Tumor cells in muscularis propria"
"ATGGAGTACTGTCCAC-1","Non-neoplastic colon"
"ATGGAGTAGAGCGGAA-1","Tumor cells in mucosa and submucosa"
"ATGGAGTTAACTGGCA-1","Non-neoplastic colon"
"ATGGATACCTGAATGC-1","Non-neoplastic colon"
"ATGGATAGACCATGGC-1","Non-neoplastic colon"
"ATGGATCTGTGATCAG-1","Non-neoplastic colon"
"ATGGCCGATGGTAAGA-1","Non-neoplastic colon"
"ATGGCTAATCGTCCTA-1","Non-neoplastic colon"
"ATGGCTCCACGTTACG-1","Non-neoplastic colon"
"ATGGTATGCGACCGCC-1","Non-neoplastic colon"
"ATGTAATTCCTGCTCC-1","Non-neoplastic colon"
"ATGTACAGACTAGGTT-1","Non-neoplastic colon"
"ATGTACAGGATGGCCT-1","Tumor cells in muscularis propria"
"ATGTACAGGCTAATGA-1","Non-neoplastic colon"
"ATGTACATCCAATTAA-1","Tumor cells in muscularis propria"
"ATGTACATCTCCAGCG-1","Necrosis"
"ATGTACATTGGACAAT-1","Non-neoplastic colon"
"ATGTACCAAGCTAACA-1","Tumor stroma in mucosa and submucosa"
"ATGTACCAATTGGTGC-1","Tumor stroma in muscularis propria"
"ATGTACCTACCGCCAA-1","Tumor cells in muscularis propria"
"ATGTACCTCAAGCCTC-1","Tumor cells in mucosa and submucosa"
"ATGTACCTTCGCTGAG-1","Tumor cells in mucosa and submucosa"
"ATGTACGATCCAGTAG-1","Non-neoplastic colon"
"ATGTACGATGAGTCTT-1","Tumor stroma in muscularis propria"
"ATGTACGATGGTACAG-1","Non-neoplastic colon"
"ATGTACGATTCACGCC-1","Non-neoplastic colon"
"ATGTACGCATCGTGAC-1","Tumor cells in muscularis propria"
"ATGTACGCATCTGCGG-1","Tumor cells in mucosa and submucosa"
"ATGTACGGAGTATCCA-1","Non-neoplastic colon"
"ATGTACGGCGGTAATA-1","Non-neoplastic colon"
"ATGTACGGTATTCCGC-1","Non-neoplastic colon"
"ATGTACTAGACAGCCG-1","Tumor cells in muscularis propria"
"ATGTACTCATGCTAAT-1","Non-neoplastic colon"
"ATGTACTGATACATTC-1","Tumor stroma in mucosa and submucosa"
"ATGTACTTAGATACAT-1","Non-neoplastic colon"
"ATGTAGAACAGGTTGC-1","Non-neoplastic colon"
"ATGTAGAAGCACAGCA-1","Non-neoplastic colon"
"ATGTAGAATATGAGCG-1","Non-neoplastic colon"
"ATGTAGACAAGGTCTT-1","Non-neoplastic colon"
"ATGTAGACAGTATTAC-1","Tumor cells in mucosa and submucosa"
"ATGTAGACCAGTTAAG-1","Non-neoplastic colon"
"ATGTAGATCTCCTAGC-1","Tumor cells in mucosa and submucosa"
"ATGTAGATCTGGAGTC-1","Non-neoplastic colon"
"ATGTAGCAATGGCCAG-1","Non-neoplastic colon"
"ATGTAGCCAGCAATGT-1","Non-neoplastic colon"
"ATGTAGCCTCTTACCG-1","Non-neoplastic colon"
"ATGTAGCTTCGGAATT-1","Non-neoplastic colon"
"ATGTAGGAACGCAGGC-1","Non-neoplastic colon"
"ATGTAGTGATGTGCCT-1","Tumor stroma in muscularis propria"
"ATGTATCCGGTGATTG-1","Non-neoplastic colon"
"ATGTATCCTCCGTTAA-1","Non-neoplastic colon"
"ATGTATCCTTCCGAAG-1","Non-neoplastic colon"
"ATGTATGAAGGCTTCT-1","Non-neoplastic colon"
"ATGTATGACTTCAATA-1","Non-neoplastic colon"
"ATGTATGGACCATAAG-1","Non-neoplastic colon"
"ATGTATGTCCGACACG-1","Non-neoplastic colon"
"ATGTATGTGGAGTTCC-1","Non-neoplastic colon"
"ATGTATTCTGCGCTCC-1","Non-neoplastic colon"
"ATGTCAACCAGGACGG-1","Non-neoplastic colon"
"ATGTCAACCATAAGCA-1","Non-neoplastic colon"
"ATGTCAACTTCAGGAA-1","Tumor cells in mucosa and submucosa"
"ATGTCACTGGTTCAAC-1","Tumor cells in muscularis propria"
"ATGTCATCGCCATTAT-1","Tumor cells in muscularis propria"
"ATGTCGAGCCTTGTTA-1","Tumor cells in mucosa and submucosa"
"ATGTCGAGCTCCGGAT-1","Non-neoplastic colon"
"ATGTCGAGTCACTACA-1","Non-neoplastic colon"
"ATGTCGAGTTGGCCAC-1","Non-neoplastic colon"
"ATGTCGATCTTGGTCC-1","Non-neoplastic colon"
"ATGTCGGCTGTATCTT-1","Non-neoplastic colon"
"ATGTCGTAGAATCTGG-1","Tumor cells in mucosa and submucosa"
"ATGTCGTAGGTAATCA-1","Non-neoplastic colon"
"ATGTCGTGGTACATAG-1","Non-neoplastic colon"
"ATGTCGTTGGCAGGAT-1","Non-neoplastic colon"
"ATGTCTCCTGGACTAG-1","Tumor cells in mucosa and submucosa"
"ATGTCTCGTTACAGTG-1","Non-neoplastic colon"
"ATGTCTGGCCTCTGTT-1","Non-neoplastic colon"
"ATGTCTGGTCCTTATC-1","Non-neoplastic colon"
"ATGTCTTCCAGCCTAA-1","Non-neoplastic colon"
"ATGTGACACGTTAATT-1","Tumor cells in mucosa and submucosa"
"ATGTGACACTAACGTC-1","Non-neoplastic colon"
"ATGTGATACAAGGCAA-1","Non-neoplastic colon"
"ATGTGATACCGCGTCG-1","Non-neoplastic colon"
"ATGTGATAGTGGTCGG-1","Tumor cells in muscularis propria"
"ATGTGCAACAGGAAGA-1","Non-neoplastic colon"
"ATGTGCAAGGATTAAC-1","Non-neoplastic colon"
"ATGTGCCGCAAGTCCA-1","Non-neoplastic colon"
"ATGTGCCGTATCTGAC-1","Tumor cells in mucosa and submucosa"
"ATGTGCGTTGATGGCG-1","Non-neoplastic colon"
"ATGTGCTTGCGTAAGG-1","Non-neoplastic colon"
"ATGTGCTTGGTGAGGT-1","Non-neoplastic colon"
"ATGTGGTCGGCGACCT-1","Non-neoplastic colon"
"ATGTTAACAAGGATAC-1","Non-neoplastic colon"
"ATGTTAACGCTAACTT-1","Non-neoplastic colon"
"ATGTTAACGTTAGAAC-1","Non-neoplastic colon"
"ATGTTACCATTATCGC-1","Tumor cells in muscularis propria"
"ATGTTACGCTTAAGTG-1","Tumor cells in muscularis propria"
"ATGTTACTAATGATGT-1","Non-neoplastic colon"
"ATGTTACTTCAACGGC-1","Tumor cells in mucosa and submucosa"
"ATGTTACTTCTATCTG-1","Non-neoplastic colon"
"ATGTTAGAGTAAGCCG-1","Non-neoplastic colon"
"ATGTTAGATTGTATTG-1","Non-neoplastic colon"
"ATGTTAGGTCAATGTA-1","Non-neoplastic colon"
"ATGTTAGTCTCGATGC-1","Tumor cells in mucosa and submucosa"
"ATGTTAGTTGTATGAT-1","Tumor cells in mucosa and submucosa"
"ATGTTCACGGCCTCGC-1","Non-neoplastic colon"
"ATGTTCACTGCAATCC-1","Non-neoplastic colon"
"ATGTTCAGCATATGCT-1","Non-neoplastic colon"
"ATGTTCGAGCGGAGGT-1","Non-neoplastic colon"
"ATGTTCGTCTGTGACC-1","Non-neoplastic colon"
"ATGTTCTAAGGCTCTT-1","Non-neoplastic colon"
"ATGTTCTTATGTGGAG-1","Non-neoplastic colon"
"ATGTTCTTGCAGTCGT-1","Tumor stroma in muscularis propria"
"ATGTTGAAGACATGGA-1","Non-neoplastic colon"
"ATGTTGTACATACACT-1","Non-neoplastic colon"
"ATTAACGCAAGATCAG-1","Non-neoplastic colon"
"ATTAACGGTCCTGAGC-1","Tumor cells in muscularis propria"
"ATTAAGAACTAGTACA-1","Non-neoplastic colon"
"ATTAAGCACTGTGAAT-1","Tumor cells in mucosa and submucosa"
"ATTAAGTCAAGCGGTG-1","Tumor cells in mucosa and submucosa"
"ATTACAACTGTCCGTA-1","Tumor cells in mucosa and submucosa"
"ATTACAACTTCATATC-1","Non-neoplastic colon"
"ATTACAAGCCAATTAG-1","Non-neoplastic colon"
"ATTACAAGGTCGGTCA-1","Non-neoplastic colon"
"ATTACACGCCTAAGTC-1","Non-neoplastic colon"
"ATTACAGCTACGGTAT-1","Non-neoplastic colon"
"ATTACATTGTATCACC-1","Non-neoplastic colon"
"ATTACCATGGATGATA-1","Non-neoplastic colon"
"ATTACCGAATGTGAAC-1","Tumor cells in mucosa and submucosa"
"ATTACCGGCCTGGATA-1","Non-neoplastic colon"
"ATTACCGGTACGACGT-1","Tumor cells in mucosa and submucosa"
"ATTACCTTGCTCACAT-1","Non-neoplastic colon"
"ATTACCTTGTGGCGTT-1","Non-neoplastic colon"
"ATTACTATAGCTCAAG-1","Non-neoplastic colon"
"ATTACTATTACAGGCG-1","Non-neoplastic colon"
"ATTACTCAACAGTGCG-1","Non-neoplastic colon"
"ATTACTCAAGACATGC-1","Tumor cells in muscularis propria"
"ATTACTCAATCGCCAT-1","Non-neoplastic colon"
"ATTACTCATGGATTGG-1","Tumor cells in mucosa and submucosa"
"ATTACTTAATGTCGGC-1","Non-neoplastic colon"
"ATTACTTCCGCCATGA-1","Non-neoplastic colon"
"ATTACTTCCGGTGGCG-1","Non-neoplastic colon"
"ATTACTTCGCGATCGG-1","Non-neoplastic colon"
"ATTACTTCTAGCCGGT-1","Non-neoplastic colon"
"ATTACTTGAGTAGCGA-1","Non-neoplastic colon"
"ATTACTTGCCTACAGG-1","Non-neoplastic colon"
"ATTAGAACCGGCTCTT-1","Tumor cells in mucosa and submucosa"
"ATTAGAACTCAGTATT-1","Tumor cells in subserosa"
"ATTAGAAGTCCTGACA-1","Tumor stroma in mucosa and submucosa"
"ATTAGACACCAGTCCA-1","Non-neoplastic colon"
"ATTAGACGTCGATACC-1","Non-neoplastic colon"
"ATTAGACGTTGCTTGG-1","Tumor cells in muscularis propria"
"ATTAGAGTCTGGCGCA-1","Tumor cells in mucosa and submucosa"
"ATTAGATAACCTTGAC-1","Tumor cells in mucosa and submucosa"
"ATTAGATACTTGCTAG-1","Non-neoplastic colon"
"ATTAGATCACCATACG-1","Tumor cells in muscularis propria"
"ATTAGATCGATCTGGT-1","Tumor cells in mucosa and submucosa"
"ATTAGATCTTAAGACT-1","Non-neoplastic colon"
"ATTAGATGTCCACCTT-1","Tumor stroma in muscularis propria"
"ATTAGATTACAGGACC-1","Non-neoplastic colon"
"ATTAGATTATACTCCT-1","Non-neoplastic colon"
"ATTAGATTATGGACTG-1","Non-neoplastic colon"
"ATTAGCAACACTTGAG-1","Tumor cells in muscularis propria"
"ATTAGCCGCATATTAC-1","Non-neoplastic colon"
"ATTAGCTAAGTTGGTT-1","Non-neoplastic colon"
"ATTAGGTGTCCGCTCA-1","Non-neoplastic colon"
"ATTAGTATCTATGAAG-1","Non-neoplastic colon"
"ATTATCAAGGCGAGTC-1","Non-neoplastic colon"
"ATTATCAATTCTGGAT-1","Non-neoplastic colon"
"ATTATCACTTACAGTG-1","Non-neoplastic colon"
"ATTATCCGCCTGGCGT-1","Tumor cells in muscularis propria"
"ATTATCGAAGGCATGA-1","Non-neoplastic colon"
"ATTATCGAGTTGGTTC-1","Non-neoplastic colon"
"ATTATCGTGGACTACA-1","Non-neoplastic colon"
"ATTATCGTTCGTCACT-1","Non-neoplastic colon"
"ATTATCTACTTGCACC-1","Non-neoplastic colon"
"ATTATCTATCTGGCCA-1","Tumor cells in mucosa and submucosa"
"ATTATCTGAACCGGAG-1","Non-neoplastic colon"
"ATTATCTGAAGTGCCT-1","Tumor cells in mucosa and submucosa"
"ATTATCTGGCCTCCAT-1","Non-neoplastic colon"
"ATTATCTTATGAGTCG-1","Non-neoplastic colon"
"ATTATGATTCGTGGTT-1","Non-neoplastic colon"
"ATTATGCCTATCGCAG-1","Non-neoplastic colon"
"ATTATGCGCTATCAGA-1","Non-neoplastic colon"
"ATTATGCGCTGAGTGC-1","Non-neoplastic colon"
"ATTATGGAACTCGCAC-1","Non-neoplastic colon"
"ATTATGGACGCCAAGT-1","Tumor cells in mucosa and submucosa"
"ATTATGTTGATCCATT-1","Tumor cells in mucosa and submucosa"
"ATTCAACACCGCTAAT-1","Tumor cells in muscularis propria"
"ATTCAACCAGGCTTAC-1","Non-neoplastic colon"
"ATTCAACGAATCAGTG-1","Non-neoplastic colon"
"ATTCAAGAGCTCCTGA-1","Tumor stroma in muscularis propria"
"ATTCACATAATGATCG-1","Tumor cells in mucosa and submucosa"
"ATTCACATTCGCGGAC-1","Non-neoplastic colon"
"ATTCACCTGTCAGATG-1","Non-neoplastic colon"
"ATTCACGACATGGTCA-1","Non-neoplastic colon"
"ATTCACGCTCCAGACA-1","Tumor cells in muscularis propria"
"ATTCACGTGCATCGTA-1","Non-neoplastic colon"
"ATTCACGTGGTCCATG-1","Tumor cells in muscularis propria"
"ATTCACGTTCCGTGGC-1","Tumor cells in mucosa and submucosa"
"ATTCACGTTCGATCAT-1","Non-neoplastic colon"
"ATTCACGTTGCCATAC-1","Tumor cells in mucosa and submucosa"
"ATTCACTAGAAGTAAG-1","Non-neoplastic colon"
"ATTCACTCATCGAATG-1","Tumor cells in muscularis propria"
"ATTCACTCCAATCGAA-1","Non-neoplastic colon"
"ATTCACTCGGTAGCAG-1","Non-neoplastic colon"
"ATTCACTCGTATGTTG-1","Tumor cells in mucosa and submucosa"
"ATTCACTGAGACTGCT-1","Non-neoplastic colon"
"ATTCACTGAGCCGATC-1","Tumor stroma in mucosa and submucosa"
"ATTCACTGATCCACAT-1","Non-neoplastic colon"
"ATTCACTGCATATGCG-1","Non-neoplastic colon"
"ATTCACTGGCAATGAC-1","Tumor cells in mucosa and submucosa"
"ATTCACTGTACTCAGG-1","Non-neoplastic colon"
"ATTCACTGTCGTTCTA-1","Non-neoplastic colon"
"ATTCACTGTTAGACTC-1","Tumor stroma in mucosa and submucosa"
"ATTCACTGTTGCTTAG-1","Non-neoplastic colon"
"ATTCAGATGTGATAGA-1","Non-neoplastic colon"
"ATTCAGATTCTACATT-1","Non-neoplastic colon"
"ATTCAGCCAACTATAG-1","Tumor cells in mucosa and submucosa"
"ATTCAGCCGTAACACG-1","Non-neoplastic colon"
"ATTCAGCGATGACGTG-1","Non-neoplastic colon"
"ATTCAGCGCAGCCGCA-1","Non-neoplastic colon"
"ATTCAGCTCATCGCAC-1","Non-neoplastic colon"
"ATTCAGCTGACTGAGT-1","Non-neoplastic colon"
"ATTCAGCTGTAGGTCC-1","Tumor cells in mucosa and submucosa"
"ATTCAGGCACCGAGCC-1","Non-neoplastic colon"
"ATTCAGGCGAATTAGG-1","Non-neoplastic colon"
"ATTCAGGCTACAACAT-1","Non-neoplastic colon"
"ATTCAGTCTTACCAGA-1","Non-neoplastic colon"
"ATTCAGTCTTGGTCGC-1","Non-neoplastic colon"
"ATTCAGTGAACATCGG-1","Non-neoplastic colon"
"ATTCAGTGACTCAGAC-1","Tumor cells in mucosa and submucosa"
"ATTCAGTGCCGCTTCC-1","Non-neoplastic colon"
"ATTCAGTTCTCAACCG-1","Tumor cells in mucosa and submucosa"
"ATTCCAATGAGGTTCG-1","Non-neoplastic colon"
"ATTCCAGAGCCGTGGA-1","Non-neoplastic colon"
"ATTCCAGTGGAATAAG-1","Non-neoplastic colon"
"ATTCCATTGTAATGTA-1","Non-neoplastic colon"
"ATTCCGACTGGAAGCC-1","Non-neoplastic colon"
"ATTCCGCACGCTGGCT-1","Non-neoplastic colon"
"ATTCCGCAGCGGTGAC-1","Non-neoplastic colon"
"ATTCCGCATTAGCCTA-1","Tumor cells in mucosa and submucosa"
"ATTCCGCATTGGTACG-1","Tumor stroma in muscularis propria"
"ATTCCGGTAAGGACCA-1","Non-neoplastic colon"
"ATTCCGGTATGATTGT-1","Non-neoplastic colon"
"ATTCCGGTCTATCCTG-1","Non-neoplastic colon"
"ATTCCGGTGCAGGTGG-1","Non-neoplastic colon"
"ATTCCGGTTCGCTGGA-1","Non-neoplastic colon"
"ATTCCGTCCGGTGCTT-1","Tumor stroma in muscularis propria"
"ATTCCGTCCTTCGGTA-1","Non-neoplastic colon"
"ATTCCTGTAGACTCGC-1","Non-neoplastic colon"
"ATTCCTTACGCCGGTG-1","Non-neoplastic colon"
"ATTCCTTCATGGTTGA-1","Non-neoplastic colon"
"ATTCCTTCGAGTCCTA-1","Tumor cells in mucosa and submucosa"
"ATTCGCAACTGGTAAG-1","Non-neoplastic colon"
"ATTCGGAAGCGTAACA-1","Non-neoplastic colon"
"ATTCGTAATTGCATGT-1","Non-neoplastic colon"
"ATTCGTATGATCACGA-1","Non-neoplastic colon"
"ATTCGTGCCAGGCAAT-1","Non-neoplastic colon"
"ATTCGTGGAGGTGGTT-1","Non-neoplastic colon"
"ATTCTAACTTATCACG-1","Non-neoplastic colon"
"ATTCTAATGTGAAGAT-1","Non-neoplastic colon"
"ATTCTACGGCGAGTCT-1","Non-neoplastic colon"
"ATTCTACTCGAACGAA-1","Non-neoplastic colon"
"ATTCTAGGAATTGTGC-1","Non-neoplastic colon"
"ATTCTATCGGTCACAA-1","Non-neoplastic colon"
"ATTCTGAGTGATGCCA-1","Non-neoplastic colon"
"ATTCTGCCGAGGCTCA-1","Non-neoplastic colon"
"ATTCTGGAATCCTGGT-1","Non-neoplastic colon"
"ATTCTGTTATAACTGA-1","Non-neoplastic colon"
"ATTCTTAACGAGCAAG-1","Non-neoplastic colon"
"ATTCTTAACGCATTGA-1","Non-neoplastic colon"
"ATTCTTGTAGAAGGAT-1","Tumor cells in muscularis propria"
"ATTCTTGTAGGCATCT-1","Tumor stroma in muscularis propria"
"ATTGAAGACCTCGCAG-1","Non-neoplastic colon"
"ATTGACAGCCAACAAG-1","Non-neoplastic colon"
"ATTGACCAGGTCGGAC-1","Non-neoplastic colon"
"ATTGACCAGTGCCTAG-1","Non-neoplastic colon"
"ATTGACGATGCGGCCA-1","Tumor cells in mucosa and submucosa"
"ATTGACGGAATCGCAC-1","LVI"
"ATTGACGTGACACCTC-1","Tumor cells in mucosa and submucosa"
"ATTGACTTCAATGTCC-1","Tumor stroma in muscularis propria"
"ATTGAGCTCAGAACAA-1","Non-neoplastic colon"
"ATTGATCAGTTGAAGG-1","Tumor cells in muscularis propria"
"ATTGATCTCGGCGAGT-1","Non-neoplastic colon"
"ATTGATGTGCTATGAG-1","Tumor cells in mucosa and submucosa"
"ATTGCACGTGAACGGT-1","LVI"
"ATTGCAGAGTTAGAGT-1","Tumor cells in muscularis propria"
"ATTGCAGTCTGCGGTT-1","Non-neoplastic colon"
"ATTGCATAGAATCGAT-1","Non-neoplastic colon"
"ATTGCATGAGAATGTC-1","Non-neoplastic colon"
"ATTGCATTCGGTCGAC-1","Tumor cells in muscularis propria"
"ATTGCCAAGCACGCAA-1","Tumor cells in mucosa and submucosa"
"ATTGCCAATGCCACTG-1","Tumor cells in mucosa and submucosa"
"ATTGCCAATGGTCACC-1","Non-neoplastic colon"
"ATTGCCACTTATACTC-1","Tumor stroma in muscularis propria"
"ATTGCCAGCAGTATGT-1","Tumor stroma in muscularis propria"
"ATTGCCGACTGCTTAA-1","Non-neoplastic colon"
"ATTGCCGCAGGCTCTA-1","Non-neoplastic colon"
"ATTGCCGCGAATGGTA-1","Non-neoplastic colon"
"ATTGCCGCGGAATCCG-1","Non-neoplastic colon"
"ATTGCCGCGTCTTCGA-1","Non-neoplastic colon"
"ATTGCCGCTCACTTGG-1","Non-neoplastic colon"
"ATTGCCGCTCTTGCTG-1","Non-neoplastic colon"
"ATTGCCGTGGAGCAGG-1","Non-neoplastic colon"
"ATTGCCTGCAACAGTG-1","Non-neoplastic colon"
"ATTGCCTGGAGTAGAA-1","Tumor cells in mucosa and submucosa"
"ATTGCCTTATACTAGA-1","Non-neoplastic colon"
"ATTGCGACATGAATTC-1","Non-neoplastic colon"
"ATTGCGCAGGTCATAA-1","Non-neoplastic colon"
"ATTGCGTATGGTACTA-1","Tumor cells in mucosa and submucosa"
"ATTGGAAGTTGAGTGC-1","Tumor cells in mucosa and submucosa"
"ATTGGCAAGCGGAAGG-1","Non-neoplastic colon"
"ATTGGCACGCCGTTGA-1","Non-neoplastic colon"
"ATTGGCACGCTTGACC-1","Non-neoplastic colon"
"ATTGGCAGTACACGCA-1","Non-neoplastic colon"
"ATTGGCATAGCCGGCG-1","Non-neoplastic colon"
"ATTGGCCTCGAAGGTC-1","Non-neoplastic colon"
"ATTGGCCTTGAGACGC-1","Tumor cells in mucosa and submucosa"
"ATTGGCGATTCACGGT-1","Non-neoplastic colon"
"ATTGGCTACGATAATT-1","Non-neoplastic colon"
"ATTGGCTAGTCAGAGC-1","Non-neoplastic colon"
"ATTGGCTCGTATTGTT-1","Tumor cells in muscularis propria"
"ATTGTTAACGGCAGGA-1","Non-neoplastic colon"
"ATTGTTACTTGATCTG-1","Non-neoplastic colon"
"ATTGTTAGAACACGTC-1","Non-neoplastic colon"
"ATTGTTATACAAGCCT-1","Tumor cells in muscularis propria"
"ATTGTTATCAGTCTTC-1","Non-neoplastic colon"
"ATTGTTCGCAGAGGCA-1","Non-neoplastic colon"
"ATTGTTCGCTCGCCTA-1","Tumor cells in muscularis propria"
"ATTGTTCGTGGTCTGA-1","Tumor cells in mucosa and submucosa"
"CAACAGCTCCTGAGTG-1","Non-neoplastic colon"
"CAACAGTTCTTACCGT-1","Tumor stroma in muscularis propria"
"CAACAGTTGATTATGC-1","Non-neoplastic colon"
"CAACAGTTGCCGAATC-1","Non-neoplastic colon"
"CAACATTCAACGTTGG-1","Non-neoplastic colon"
"CAACCATGCCTGGTAG-1","Non-neoplastic colon"
"CAACCGAACACCAGAT-1","Non-neoplastic colon"
"CAACCGAACGAACGTG-1","Tumor cells in mucosa and submucosa"
"CAACCGATCAGACTAA-1","Tumor cells in mucosa and submucosa"
"CAACCGATCGCATAGA-1","Tumor cells in mucosa and submucosa"
"CAACCGGACCTCGGCC-1","Tumor stroma in muscularis propria"
"CAACCGGAGTTGGTCG-1","Non-neoplastic colon"
"CAACCGGCGTCCTAGC-1","Tumor stroma in mucosa and submucosa"
"CAACCGTACACTCATC-1","Tumor cells in mucosa and submucosa"
"CAACCGTACGCCGTCT-1","Tumor cells in mucosa and submucosa"
"CAACCGTCGCACAGGC-1","Non-neoplastic colon"
"CAACCGTTGAGGCTGT-1","Non-neoplastic colon"
"CAACGCGTTGTCACGT-1","Non-neoplastic colon"
"CAACGGAAGGCTGTAA-1","Non-neoplastic colon"
"CAACGGACTGCTTCGA-1","Tumor cells in muscularis propria"
"CAACGTAATACGGTTG-1","Non-neoplastic colon"
"CAACGTACCAACCATC-1","Non-neoplastic colon"
"CAACGTCCGAGGTATC-1","Non-neoplastic colon"
"CAACGTGATGACCGTC-1","Tumor cells in mucosa and submucosa"
"CAACTAACAACTTATT-1","Non-neoplastic colon"
"CAACTATTGTCGAGAT-1","Non-neoplastic colon"
"CAACTGACTGAGAACA-1","Tumor stroma in muscularis propria"
"CAACTGCTGGCTATCC-1","Non-neoplastic colon"
"CAACTGTACAGCCGTA-1","Tumor cells in mucosa and submucosa"
"CAACTTGAGGACGTAA-1","LVI"
"CAACTTGGTCCTCACG-1","Tumor cells in mucosa and submucosa"
"CAACTTGTAGGTTAGG-1","Non-neoplastic colon"
"CAACTTGTTCCAGAAT-1","Non-neoplastic colon"
"CAAGACCAGCCAATCA-1","LVI"
"CAAGACCATGTCGAGG-1","Tumor cells in mucosa and submucosa"
"CAAGACGCAGTATGGT-1","Non-neoplastic colon"
"CAAGATAAGATCCGAG-1","Non-neoplastic colon"
"CAAGATCCGCATGGCG-1","Non-neoplastic colon"
"CAAGATTAACAGCAAC-1","Non-neoplastic colon"
"CAAGATTAAGCGGCAT-1","Tumor cells in muscularis propria"
"CAAGATTACTGTGCCG-1","Non-neoplastic colon"
"CAAGCCTCTTACAGGA-1","Tumor stroma in muscularis propria"
"CAAGCCTGTCGTTCAC-1","Non-neoplastic colon"
"CAAGCTTCCATACATT-1","Tumor cells in mucosa and submucosa"
"CAAGGATTATTCTGAG-1","Tumor stroma in mucosa and submucosa"
"CAAGGCAGAATAGCGG-1","Non-neoplastic colon"
"CAAGGCCTAATGAACC-1","Non-neoplastic colon"
"CAAGGCCTATCGAGTG-1","Non-neoplastic colon"
"CAAGGCCTCGCTGGCT-1","Non-neoplastic colon"
"CAAGGCCTGCCTATAC-1","Tumor cells in mucosa and submucosa"
"CAAGGCGGTTGCCTAC-1","Tumor cells in mucosa and submucosa"
"CAAGGCTCGTAAGGCT-1","Tumor cells in muscularis propria"
"CAAGGTCACTCCAACA-1","Non-neoplastic colon"
"CAAGGTCATTGTGAGG-1","Non-neoplastic colon"
"CAAGGTGACCATTAGA-1","Non-neoplastic colon"
"CAAGGTTGCGCATCCA-1","Non-neoplastic colon"
"CAAGTAAGAACCACCT-1","Non-neoplastic colon"
"CAAGTAAGCTGCACAA-1","Tumor cells in muscularis propria"
"CAAGTAAGGCGTCCTA-1","Non-neoplastic colon"
"CAAGTAAGTGCATCAC-1","Tumor stroma in muscularis propria"
"CAAGTAGAAGCGTAGG-1","Non-neoplastic colon"
"CAAGTAGCAATAACGG-1","Tumor stroma in mucosa and submucosa"
"CAAGTAGCCACTGGAA-1","Tumor cells in muscularis propria"
"CAAGTAGCCGTACCTT-1","Non-neoplastic colon"
"CAAGTATCATACTCGG-1","Tumor cells in mucosa and submucosa"
"CAAGTATCGGAGTTAC-1","Non-neoplastic colon"
"CAAGTCACAACGCTAT-1","Non-neoplastic colon"
"CAAGTCCATACTCGTA-1","Non-neoplastic colon"
"CAAGTCCGCTTAGAGT-1","Non-neoplastic colon"
"CAAGTCCGTATGATTA-1","Non-neoplastic colon"
"CAAGTCGGAGGTTGTA-1","Non-neoplastic colon"
"CAAGTCGGATCGGCAC-1","Non-neoplastic colon"
"CAAGTCGTCCGGCGAC-1","Non-neoplastic colon"
"CAAGTCTATTGTGCTC-1","Non-neoplastic colon"
"CAAGTCTGGCAACCGG-1","Tumor stroma in mucosa and submucosa"
"CAAGTCTGGCTCAACA-1","Non-neoplastic colon"
"CAAGTCTTAGACAACC-1","Non-neoplastic colon"
"CAAGTCTTCGGTTCGG-1","Non-neoplastic colon"
"CAAGTGAATTATACCA-1","Non-neoplastic colon"
"CAAGTGACGAAGGTCC-1","Other"
"CAAGTGACTGGACGCA-1","Non-neoplastic colon"
"CAAGTGAGCTCGCCAT-1","Tumor cells in mucosa and submucosa"
"CAAGTGAGGCTGAGCT-1","Non-neoplastic colon"
"CAAGTGATAAGTATGG-1","Other"
"CAAGTGATGGCCTCTT-1","Tumor stroma in muscularis propria"
"CAAGTGCGACATAAGA-1","Tumor stroma in muscularis propria"
"CAAGTGCGCATCTAGC-1","Tumor cells in muscularis propria"
"CAAGTGCGGAAGACAT-1","Non-neoplastic colon"
"CAAGTGCGGACATCGG-1","Tumor cells in mucosa and submucosa"
"CAAGTGCTCGAAGTTC-1","Tumor cells in mucosa and submucosa"
"CAAGTGGACCTTAACA-1","Non-neoplastic colon"
"CAAGTGTCTGTAGCCG-1","Necrosis"
"CAAGTGTTAATACACG-1","Non-neoplastic colon"
"CAATAAGACGCTTGAA-1","Non-neoplastic colon"
"CAATAAGGTTCTGGTT-1","Tumor stroma in mucosa and submucosa"
"CAATACCATGACGTCT-1","Non-neoplastic colon"
"CAATACCGCTTCCAAG-1","Non-neoplastic colon"
"CAATACTTAAGTGGAA-1","Non-neoplastic colon"
"CAATACTTCAGCCGTG-1","Tumor cells in muscularis propria"
"CAATAGCAACAGCCTA-1","Non-neoplastic colon"
"CAATCAACAGCATACG-1","Tumor cells in mucosa and submucosa"
"CAATCAGATATCTTGG-1","Non-neoplastic colon"
"CAATCAGCACCTTAGT-1","Tumor cells in mucosa and submucosa"
"CAATCAGTCTTGAGCG-1","Non-neoplastic colon"
"CAATCATATTAAGGAT-1","Non-neoplastic colon"
"CAATCATGAGTTACAT-1","Non-neoplastic colon"
"CAATCCTCGTTCGTTA-1","Non-neoplastic colon"
"CAATCGAAGTAGGACA-1","Tumor cells in mucosa and submucosa"
"CAATCTAGGCAGGAGC-1","Tumor cells in mucosa and submucosa"
"CAATCTAGTGCCGGAT-1","Non-neoplastic colon"
"CAATCTCGGTACTGCG-1","Non-neoplastic colon"
"CAATCTGATCATCGGT-1","Non-neoplastic colon"
"CAATCTGCAATGAACA-1","Non-neoplastic colon"
"CAATCTGGAGCGTGCC-1","Tumor cells in muscularis propria"
"CAATCTTACGGCAGAA-1","Other"
"CAATCTTATCGATGAC-1","Non-neoplastic colon"
"CAATCTTATTGCCAAT-1","Non-neoplastic colon"
"CAATCTTCTGATTGCT-1","Non-neoplastic colon"
"CAATGCACTTCGAATG-1","Tumor cells in mucosa and submucosa"
"CAATGCATCACGGACT-1","Non-neoplastic colon"
"CAATGCATTAATCAAC-1","Non-neoplastic colon"
"CAATGCCATATTACAG-1","Tumor stroma in mucosa and submucosa"
"CAATGCCGAATGTAAG-1","Tumor stroma in muscularis propria"
"CAATGCCGTCGAGGTT-1","Non-neoplastic colon"
"CAATGCCGTTCGTGCA-1","Tumor cells in muscularis propria"
"CAATGCGGTAGATTGA-1","Non-neoplastic colon"
"CAATGCTACGTGCCAC-1","Non-neoplastic colon"
"CAATGGACTTACTTGT-1","Non-neoplastic colon"
"CAATGGATACGCTCGA-1","Non-neoplastic colon"
"CAATGGCCGAATCGGT-1","Non-neoplastic colon"
"CAATGGCCGCTTACGA-1","Non-neoplastic colon"
"CAATGGTATGTATCTA-1","Tumor cells in muscularis propria"
"CAATGGTCCTGGCCGG-1","Non-neoplastic colon"
"CAATGGTCTAATGTAC-1","Tumor stroma in muscularis propria"
"CAATGGTTGTATGTGA-1","Non-neoplastic colon"
"CAATTCGCGTGAGCCA-1","Non-neoplastic colon"
"CAATTCTATCTGACTA-1","Tumor cells in mucosa and submucosa"
"CAATTGACGTTATGGA-1","Tumor cells in mucosa and submucosa"
"CAATTGATACTCAACG-1","Non-neoplastic colon"
"CAATTGCCAGCACTAC-1","Non-neoplastic colon"
"CAATTGCTTAAGTCAC-1","Tumor cells in mucosa and submucosa"
"CAATTGCTTATTGCCG-1","Non-neoplastic colon"
"CAATTGGAGTCCTTCA-1","Non-neoplastic colon"
"CAATTGGATGTTACAA-1","Tumor cells in mucosa and submucosa"
"CAATTGGTAGGTTCCA-1","Non-neoplastic colon"
"CAATTGTATCGACGGA-1","Non-neoplastic colon"
"CAATTGTTCGCTGGCA-1","Tumor cells in muscularis propria"
"CACCATCTTACCAGTC-1","Non-neoplastic colon"
"CACCGACTCGCTCCTT-1","Non-neoplastic colon"
"CACCGAGTAGATGACT-1","Non-neoplastic colon"
"CACCGAGTGCAAGGTT-1","Non-neoplastic colon"
"CACCGATGAGTATGGC-1","Non-neoplastic colon"
"CACCGCCAAGTTGTTC-1","Non-neoplastic colon"
"CACCGCTCTTGCCTAA-1","Non-neoplastic colon"
"CACCGGTGCTTCGCTG-1","Non-neoplastic colon"
"CACCTAATACGCGTCA-1","Non-neoplastic colon"
"CACCTAATGTCAGAAT-1","Tumor cells in muscularis propria"
"CACCTAATGTTCCTGA-1","Non-neoplastic colon"
"CACCTACCTGCGTATT-1","Non-neoplastic colon"
"CACCTAGATACTTAGG-1","Non-neoplastic colon"
"CACCTATTACTGCTTC-1","Non-neoplastic colon"
"CACCTATTCCTTGTGG-1","Tumor cells in mucosa and submucosa"
"CACCTCACCTAGTTGG-1","Tumor cells in muscularis propria"
"CACCTCAGTGCGGCCG-1","Non-neoplastic colon"
"CACCTCCACCAATCGA-1","Non-neoplastic colon"
"CACCTCCAGTTGATAA-1","Tumor cells in muscularis propria"
"CACCTCCATCCAATTG-1","Non-neoplastic colon"
"CACCTCGAACCTGGAT-1","Tumor stroma in muscularis propria"
"CACCTCGAAGCAGATA-1","Non-neoplastic colon"
"CACCTCGAGCGTCAAC-1","Non-neoplastic colon"
"CACCTCGATTATAGTG-1","Non-neoplastic colon"
"CACCTCGCCTGCACTT-1","Tumor stroma in mucosa and submucosa"
"CACCTCGCGAACCATT-1","Tumor cells in mucosa and submucosa"
"CACCTCGGACGAGCAC-1","Non-neoplastic colon"
"CACCTCGGCAGTCGAA-1","Non-neoplastic colon"
"CACCTCGGTCGGCTAT-1","Tumor cells in mucosa and submucosa"
"CACCTCGTCCTAGTAT-1","Non-neoplastic colon"
"CACCTTCCTCATCCGT-1","Non-neoplastic colon"
"CACCTTCGGTCTGTAA-1","Non-neoplastic colon"
"CACGAACGATAGTGGC-1","Non-neoplastic colon"
"CACGAACTTGCGTGCG-1","Non-neoplastic colon"
"CACGAAGACCGTGAAT-1","Tumor cells in muscularis propria"
"CACGAATCAATACTTC-1","Non-neoplastic colon"
"CACGATAATTATCCGG-1","Tumor cells in muscularis propria"
"CACGATACCACGTCAT-1","Tumor cells in muscularis propria"
"CACGATACCATTAGTA-1","Non-neoplastic colon"
"CACGATACTCTAACAT-1","Non-neoplastic colon"
"CACGATCAACGACATT-1","Tumor cells in mucosa and submucosa"
"CACGATCTATCTCAAC-1","Non-neoplastic colon"
"CACGATGAAGGAACGG-1","Non-neoplastic colon"
"CACGATGAGGTTGTGA-1","Tumor cells in mucosa and submucosa"
"CACGATGAGTCCTGGC-1","Tumor cells in mucosa and submucosa"
"CACGATGCACCTCCGC-1","Non-neoplastic colon"
"CACGATGCGTATCGTA-1","Non-neoplastic colon"
"CACGATGGTGTCTGAA-1","Non-neoplastic colon"
"CACGATGGTTAACATT-1","Non-neoplastic colon"
"CACGATGTCGTGGTAG-1","Non-neoplastic colon"
"CACGATTAGTCTGACT-1","Tumor stroma in muscularis propria"
"CACGATTGCCTATTGA-1","Non-neoplastic colon"
"CACGATTGCGGAGTAC-1","Tumor cells in muscularis propria"
"CACGCACGGCCGTTCT-1","Non-neoplastic colon"
"CACGCCACCGGTATGT-1","Non-neoplastic colon"
"CACGCCACTTAGTATT-1","Tumor stroma in muscularis propria"
"CACGCCATCACCAATT-1","Non-neoplastic colon"
"CACGCCATGTTAACCT-1","Non-neoplastic colon"
"CACGCCATTCTTGTCA-1","Non-neoplastic colon"
"CACGCCGGACAGATAC-1","Tumor cells in mucosa and submucosa"
"CACGCCGGACGGCCTT-1","Non-neoplastic colon"
"CACGCCGTCGGTCCTC-1","Tumor cells in muscularis propria"
"CACGCCTAAGGTCACG-1","Non-neoplastic colon"
"CACGCCTGTACGGCAT-1","Non-neoplastic colon"
"CACGCTATGGTCAAGG-1","Non-neoplastic colon"
"CACGGCAGCGCACGAG-1","Non-neoplastic colon"
"CACGGCAGTCAACTGG-1","Tumor stroma in muscularis propria"
"CACGGCATACCACTAT-1","Non-neoplastic colon"
"CACGGCCGACAGCAGA-1","Non-neoplastic colon"
"CACGGCGATATTGGAG-1","Non-neoplastic colon"
"CACGGCTCAGGTAGTC-1","Tumor cells in mucosa and submucosa"
"CACGGCTCAGTGAACA-1","Tumor cells in mucosa and submucosa"
"CACGGCTCATAGGCTA-1","Tumor cells in mucosa and submucosa"
"CACGGCTCATGCCAGT-1","Non-neoplastic colon"
"CACGGCTTCTAACACT-1","Tumor cells in mucosa and submucosa"
"CACGGTACGATACAAG-1","Non-neoplastic colon"
"CACGGTCCGCTAGCTC-1","Non-neoplastic colon"
"CACGTAGCGGTTACAT-1","Non-neoplastic colon"
"CACGTATGGACGTCTG-1","Non-neoplastic colon"
"CACGTCCAGCAAGGAT-1","Non-neoplastic colon"
"CACGTCCAGGTTCTCC-1","Tumor cells in subserosa"
"CACGTCGAGTTAGGTG-1","Non-neoplastic colon"
"CACGTGACGACTTCCT-1","Tumor stroma in mucosa and submucosa"
"CACGTGCGTCTTCGAA-1","Tumor stroma in muscularis propria"
"CACGTGGATCCTCAGA-1","Tumor stroma in mucosa and submucosa"
"CACGTGGCCGCTTCGA-1","Non-neoplastic colon"
"CACGTGGTACCGTGGC-1","Tumor cells in muscularis propria"
"CACGTTAGCTCCATTC-1","Non-neoplastic colon"
"CACGTTCCTCTTGAAC-1","Non-neoplastic colon"
"CACGTTCTTAGGAAGT-1","Non-neoplastic colon"
"CACGTTGGCATTACAA-1","Tumor cells in mucosa and submucosa"
"CACTAAGCGTTCGGTT-1","Non-neoplastic colon"
"CACTACAAGCATGTCA-1","Tumor cells in mucosa and submucosa"
"CACTACAATCGTTATG-1","Non-neoplastic colon"
"CACTACATAACAAGAC-1","Tumor cells in mucosa and submucosa"
"CACTACCGCAAGAACT-1","Non-neoplastic colon"
"CACTACCTCATGCAAC-1","Tumor cells in mucosa and submucosa"
"CACTACGCATTAGTAT-1","Tumor cells in mucosa and submucosa"
"CACTACGCGGCACTGA-1","Tumor cells in mucosa and submucosa"
"CACTACGTGGACTTCG-1","Non-neoplastic colon"
"CACTACTGGAACGCGA-1","Non-neoplastic colon"
"CACTCAAGGAGTGAAG-1","Tumor stroma in muscularis propria"
"CACTCAATAGCTGAAT-1","Non-neoplastic colon"
"CACTCAATTGGTAACC-1","Non-neoplastic colon"
"CACTCAGAGTTCACTA-1","Tumor cells in muscularis propria"
"CACTCAGTACCTTCAA-1","Non-neoplastic colon"
"CACTCAGTCCAGCGGA-1","Tumor cells in muscularis propria"
"CACTCAGTCTTCGGAA-1","Non-neoplastic colon"
"CACTCGAACTTGTTAC-1","Tumor cells in mucosa and submucosa"
"CACTCGCACTATTAGG-1","Tumor cells in mucosa and submucosa"
"CACTCGTAATCGAGTT-1","Non-neoplastic colon"
"CACTGACTAAGGTTGA-1","Non-neoplastic colon"
"CACTGGAATGAAGTTA-1","Tumor cells in mucosa and submucosa"
"CACTGGACAGGTGAAC-1","Non-neoplastic colon"
"CACTGGCCGCATAGAC-1","Tumor cells in mucosa and submucosa"
"CACTGGCGCCGAACCT-1","Non-neoplastic colon"
"CACTGGCTCCACCTAC-1","Non-neoplastic colon"
"CACTGGTGCTCGAGCA-1","Tumor cells in mucosa and submucosa"
"CACTGGTGGATTAAGA-1","Non-neoplastic colon"
"CACTGGTGGCTGGCGT-1","Tumor cells in mucosa and submucosa"
"CACTGTGGATAGATTC-1","Non-neoplastic colon"
"CACTTACTCGTGGTCG-1","Non-neoplastic colon"
"CACTTCCGGACGAAGC-1","Tumor cells in mucosa and submucosa"
"CACTTCCGTATCCGGT-1","Tumor stroma in muscularis propria"
"CACTTGAGTTACAATG-1","Non-neoplastic colon"
"CAGAACAATAAGGTCT-1","Non-neoplastic colon"
"CAGAACATTCACGCAC-1","Non-neoplastic colon"
"CAGAACCACGGTACGC-1","Non-neoplastic colon"
"CAGAACCGCTATTCGA-1","Tumor cells in muscularis propria"
"CAGAACCGTGAGCGGA-1","Non-neoplastic colon"
"CAGAACCGTGTAATTA-1","Non-neoplastic colon"
"CAGAACGAACTTGGTA-1","Non-neoplastic colon"
"CAGAACGCAATGTCCG-1","Non-neoplastic colon"
"CAGAACGCACGGAGTG-1","Tumor cells in muscularis propria"
"CAGAACTGGCAGGCTA-1","Tumor stroma in muscularis propria"
"CAGAACTGGTATCTAA-1","Non-neoplastic colon"
"CAGAAGGACCGCCTAG-1","Non-neoplastic colon"
"CAGAATACCGACTCCT-1","Non-neoplastic colon"
"CAGAATACGCAGTACG-1","Non-neoplastic colon"
"CAGACACGGAGCAGCG-1","Non-neoplastic colon"
"CAGACAGGTACACTAG-1","Tumor stroma in mucosa and submucosa"
"CAGACGAAGCGAGTTG-1","Non-neoplastic colon"
"CAGACGAAGTCAGCAC-1","Non-neoplastic colon"
"CAGACGATTAATCTAG-1","Non-neoplastic colon"
"CAGACGATTCATTAGC-1","Tumor cells in mucosa and submucosa"
"CAGACGCAGTGGCAGC-1","Non-neoplastic colon"
"CAGACGCATGCTCGGT-1","Non-neoplastic colon"
"CAGACGCTGCGTATCC-1","Non-neoplastic colon"
"CAGACGGAAGACAACT-1","Tumor cells in mucosa and submucosa"
"CAGACGGAAGGTTAGG-1","Non-neoplastic colon"
"CAGACGGATTAATTGA-1","Tumor cells in muscularis propria"
"CAGACGGCTGCCATCA-1","Tumor stroma in mucosa and submucosa"
"CAGACGGTAGGTCTCA-1","Non-neoplastic colon"
"CAGACGGTCAATAGTG-1","Tumor stroma in muscularis propria"
"CAGACGTCAACCGATT-1","Non-neoplastic colon"
"CAGACGTCCTCGACAG-1","Non-neoplastic colon"
"CAGACGTGATAATGCT-1","Non-neoplastic colon"
"CAGACGTGGAGCTGAC-1","Tumor stroma in muscularis propria"
"CAGAGCGGCAGGAATC-1","Non-neoplastic colon"
"CAGAGCGGCCGACGCT-1","Tumor cells in mucosa and submucosa"
"CAGAGCGGCTCGGACT-1","Non-neoplastic colon"
"CAGAGCTCCGAACCTA-1","Tumor cells in subserosa"
"CAGAGCTCGACATACA-1","Tumor cells in muscularis propria"
"CAGAGCTGATCAACGA-1","Non-neoplastic colon"
"CAGAGCTTGATTACTT-1","Non-neoplastic colon"
"CAGAGGAACGGTAGTT-1","Non-neoplastic colon"
"CAGAGGAACTTGACCG-1","Non-neoplastic colon"
"CAGAGGATAGCGAGAT-1","Non-neoplastic colon"
"CAGAGGATAGGCCAAG-1","Non-neoplastic colon"
"CAGAGGCAACAGAACA-1","Non-neoplastic colon"
"CAGAGGTAAGCTATGG-1","Tumor cells in mucosa and submucosa"
"CAGAGGTAGTAATCTG-1","Non-neoplastic colon"
"CAGAGGTCGCTACGTA-1","Tumor cells in mucosa and submucosa"
"CAGAGGTGCGTATGGT-1","Non-neoplastic colon"
"CAGAGGTGTACTCCAG-1","Non-neoplastic colon"
"CAGAGGTGTTCAGATA-1","Non-neoplastic colon"
"CAGAGTAGATGCGGTT-1","Non-neoplastic colon"
"CAGAGTCAACATTGGC-1","Non-neoplastic colon"
"CAGAGTCCATGGAACC-1","Tumor cells in muscularis propria"
"CAGAGTCCTCTGCCAC-1","Non-neoplastic colon"
"CAGAGTTGTCTAACCT-1","Tumor cells in mucosa and submucosa"
"CAGATACTCAGAGCTC-1","Non-neoplastic colon"
"CAGATAGTCAAGCCTA-1","Tumor cells in mucosa and submucosa"
"CAGATATCACTTAATG-1","Non-neoplastic colon"
"CAGATATCTAGAGCCT-1","Non-neoplastic colon"
"CAGATATGCGGCTATG-1","Tumor cells in mucosa and submucosa"
"CAGATCATGTGCGACT-1","Non-neoplastic colon"
"CAGATCTTACTCGCCA-1","Tumor cells in mucosa and submucosa"
"CAGATGGAGTACGGTT-1","Non-neoplastic colon"
"CAGATGGTTAGACGAG-1","Non-neoplastic colon"
"CAGATTAGACAGGTTC-1","Non-neoplastic colon"
"CAGATTGCGTATCTTC-1","Non-neoplastic colon"
"CAGCACATGGTGGCAG-1","Tumor stroma in muscularis propria"
"CAGCACTGGATACGTC-1","Tumor cells in muscularis propria"
"CAGCACTGTAAGGTGC-1","Tumor cells in muscularis propria"
"CAGCATTACAGCCGAC-1","Non-neoplastic colon"
"CAGCCAACGTTCCAAT-1","Non-neoplastic colon"
"CAGCCAAGCAAGTGCA-1","Non-neoplastic colon"
"CAGCCAAGGTTGAACC-1","Non-neoplastic colon"
"CAGCCACCAGTTGAAT-1","Non-neoplastic colon"
"CAGCCACTAGAACTGG-1","Non-neoplastic colon"
"CAGCCAGCACAGGACA-1","Non-neoplastic colon"
"CAGCCATGAGTTGTTC-1","Non-neoplastic colon"
"CAGCCGAGGTGATTGG-1","Non-neoplastic colon"
"CAGCCGCAGAGTGAAG-1","Non-neoplastic colon"
"CAGCCGGTTAGCATGT-1","Tumor stroma in muscularis propria"
"CAGCCTTCCGTGAATC-1","Tumor cells in muscularis propria"
"CAGCCTTCGTATACCA-1","Tumor cells in mucosa and submucosa"
"CAGCGAATGTTGGTAT-1","Non-neoplastic colon"
"CAGCGACCACTCGGCT-1","Tumor cells in muscularis propria"
"CAGCGACTAGACTCAC-1","Tumor cells in mucosa and submucosa"
"CAGCGAGCCGTGCAGG-1","Non-neoplastic colon"
"CAGCGAGCGTGAGCCG-1","Tumor cells in mucosa and submucosa"
"CAGCGAGTCATAACCT-1","Non-neoplastic colon"
"CAGCGATCGGCGATGT-1","Non-neoplastic colon"
"CAGCGATGAGATCAGG-1","Tumor stroma in muscularis propria"
"CAGCGATGCTCAGAGT-1","Non-neoplastic colon"
"CAGCGATGTAGGCTGG-1","Non-neoplastic colon"
"CAGCTACGACCGTTAA-1","Non-neoplastic colon"
"CAGCTCCGTTGATATC-1","Non-neoplastic colon"
"CAGCTCGGACATGTGG-1","Non-neoplastic colon"
"CAGCTCTATTGAACTG-1","Tumor cells in mucosa and submucosa"
"CAGCTCTGGCCGTGCC-1","Non-neoplastic colon"
"CAGCTCTGGTGACACT-1","Tumor cells in mucosa and submucosa"
"CAGCTGAGCACCGCAA-1","Non-neoplastic colon"
"CAGCTGAGCATAGGTT-1","Tumor cells in mucosa and submucosa"
"CAGCTGCAACATACTC-1","Tumor cells in mucosa and submucosa"
"CAGCTGCGAACTCGAT-1","Tumor cells in mucosa and submucosa"
"CAGCTGCGATGTATTA-1","Non-neoplastic colon"
"CAGCTGTACGATAAGG-1","Non-neoplastic colon"
"CAGCTGTACTTGAATA-1","Non-neoplastic colon"
"CAGCTGTATCTGGCCG-1","Non-neoplastic colon"
"CAGCTGTCACCGATCT-1","Tumor cells in mucosa and submucosa"
"CAGCTGTCCGACAGTA-1","Non-neoplastic colon"
"CAGCTGTCCTGAATGT-1","Tumor cells in muscularis propria"
"CAGCTGTCGCTTCTAT-1","Non-neoplastic colon"
"CAGCTGTTATGTAACG-1","Tumor stroma in muscularis propria"
"CAGCTTACATACTATG-1","Non-neoplastic colon"
"CAGCTTACCGGCCTTG-1","Non-neoplastic colon"
"CAGCTTACGAACAGCT-1","Non-neoplastic colon"
"CAGCTTACGAGTCTGT-1","Non-neoplastic colon"
"CAGCTTACGCAGCCAT-1","Non-neoplastic colon"
"CAGCTTCAATGCTCCG-1","Non-neoplastic colon"
"CAGCTTCGCACGCTAC-1","Non-neoplastic colon"
"CAGCTTCTCAAGTGAA-1","Non-neoplastic colon"
"CAGCTTGACCAGGTAG-1","Non-neoplastic colon"
"CAGCTTGGAGCTGAAG-1","Tumor stroma in muscularis propria"
"CAGGAGATGTCGGCAT-1","Tumor cells in muscularis propria"
"CAGGAGGCAGGCCAAC-1","Non-neoplastic colon"
"CAGGAGTTATGTATAA-1","Tumor cells in muscularis propria"
"CAGGCCAAGTTGGCTA-1","Non-neoplastic colon"
"CAGGCCACGGAGTTGT-1","Non-neoplastic colon"
"CAGGCCATCGATTATC-1","Non-neoplastic colon"
"CAGGCCGTTCAGCTTC-1","Tumor cells in muscularis propria"
"CAGGCCTTAATTACGG-1","Tumor cells in mucosa and submucosa"
"CAGGCTCGCATCTGCG-1","Non-neoplastic colon"
"CAGGTATGCCACCTGG-1","Tumor stroma in muscularis propria"
"CAGGTCAGCAATCCGA-1","Non-neoplastic colon"
"CAGGTCCTATGCCTGT-1","Tumor cells in mucosa and submucosa"
"CAGGTGAACACGGTCA-1","Non-neoplastic colon"
"CAGGTTGAGCGAGGCC-1","Non-neoplastic colon"
"CAGGTTGCCGCATGCA-1","Non-neoplastic colon"
"CAGTAACCTCGTGCTC-1","Tumor cells in mucosa and submucosa"
"CAGTAACTACAGGATT-1","Non-neoplastic colon"
"CAGTAAGATATCCTAA-1","Non-neoplastic colon"
"CAGTAATAGTGCGTTG-1","Non-neoplastic colon"
"CAGTAGAAGTCCGTCT-1","Non-neoplastic colon"
"CAGTAGATGTTACGAG-1","Tumor cells in mucosa and submucosa"
"CAGTAGCCGTACCGCC-1","Tumor cells in mucosa and submucosa"
"CAGTAGGACTTCTGTC-1","Tumor cells in mucosa and submucosa"
"CAGTAGGCAACCTCGG-1","Non-neoplastic colon"
"CAGTAGTGTACTATAC-1","Non-neoplastic colon"
"CAGTAGTTGGAACTCA-1","Tumor stroma in muscularis propria"
"CAGTATACGGATCGTT-1","Tumor stroma in mucosa and submucosa"
"CAGTATACTTCGTTCC-1","Tumor cells in mucosa and submucosa"
"CAGTATGCTAGTGAGC-1","Tumor cells in muscularis propria"
"CAGTATTAATGCGACA-1","Non-neoplastic colon"
"CAGTCGAGGCTATCGC-1","Non-neoplastic colon"
"CAGTCTAGCTATAGCG-1","Non-neoplastic colon"
"CAGTCTAGTAGGAGCT-1","Tumor cells in mucosa and submucosa"
"CAGTCTATCAAGACGG-1","Non-neoplastic colon"
"CAGTCTATTGTAAGGC-1","Non-neoplastic colon"
"CAGTCTCAACTCCTTC-1","Non-neoplastic colon"
"CAGTCTCAACTTACCG-1","Non-neoplastic colon"
"CAGTCTCAAGCATAAT-1","Non-neoplastic colon"
"CAGTCTCAGAGCCTGA-1","Non-neoplastic colon"
"CAGTCTCGGCATCGGC-1","Non-neoplastic colon"
"CAGTCTGCAGCTTACA-1","Non-neoplastic colon"
"CAGTCTGCGTCATGGA-1","Non-neoplastic colon"
"CAGTCTGGCATAGCTC-1","Non-neoplastic colon"
"CAGTCTGTAACACCAT-1","Non-neoplastic colon"
"CAGTCTGTCCATTAAC-1","Non-neoplastic colon"
"CAGTCTGTCTCCTGCG-1","Tumor cells in mucosa and submucosa"
"CAGTCTGTCTTGAATT-1","Non-neoplastic colon"
"CAGTCTTCTACTAGGA-1","Tumor cells in mucosa and submucosa"
"CAGTCTTGCGCAATTA-1","Non-neoplastic colon"
"CAGTGAAGTCTGCGGC-1","Non-neoplastic colon"
"CAGTGAATGAGTAATC-1","Non-neoplastic colon"
"CAGTGACGCATACCGC-1","Non-neoplastic colon"
"CAGTGAGCCAATTAGC-1","Tumor cells in mucosa and submucosa"
"CAGTGAGGAAGGATCC-1","LVI"
"CAGTGATGAAGACGAA-1","Non-neoplastic colon"
"CAGTGCGATAGGATTG-1","Non-neoplastic colon"
"CAGTGCGATCGTTCCG-1","Non-neoplastic colon"
"CAGTTATGTATCGGTT-1","Tumor stroma in mucosa and submucosa"
"CAGTTATTGCAAGTGA-1","Non-neoplastic colon"
"CAGTTGACAGACCTAA-1","Tumor cells in muscularis propria"
"CAGTTGACAGCTATCG-1","Non-neoplastic colon"
"CAGTTGACGGCACCTA-1","Non-neoplastic colon"
"CAGTTGACGTGGAGCG-1","Non-neoplastic colon"
"CAGTTGACTCCTTCAG-1","Tumor cells in muscularis propria"
"CAGTTGACTCGGCTGT-1","Non-neoplastic colon"
"CAGTTGAGATAGCGTG-1","Non-neoplastic colon"
"CAGTTGATCTGTCACC-1","Non-neoplastic colon"
"CAGTTGCAGCGTTCGG-1","Non-neoplastic colon"
"CAGTTGCAGTCCACGT-1","Tumor cells in mucosa and submucosa"
"CAGTTGCTTCGGAGTG-1","Non-neoplastic colon"
"CAGTTGGTCGGCATCC-1","Non-neoplastic colon"
"CAGTTGGTGCAGTCAT-1","Tumor stroma in muscularis propria"
"CAGTTGGTTGTCTTAT-1","Non-neoplastic colon"
"CATAACGGCTTAGACC-1","Non-neoplastic colon"
"CATAAGCGCACCAGCC-1","Non-neoplastic colon"
"CATAAGGTAATCATGG-1","Tumor cells in mucosa and submucosa"
"CATAAGTGATGCCAGT-1","Tumor cells in mucosa and submucosa"
"CATAATCAGATATCTG-1","Tumor cells in muscularis propria"
"CATAATGCGGAGTCTG-1","Non-neoplastic colon"
"CATAATGGAGGCAGTA-1","Non-neoplastic colon"
"CATAATTAACGCCGTT-1","Non-neoplastic colon"
"CATAATTGATTCGGCC-1","Tumor cells in mucosa and submucosa"
"CATACAAGTACTATAA-1","Non-neoplastic colon"
"CATACAGAGCATCCTA-1","Tumor cells in mucosa and submucosa"
"CATACATAATACAACC-1","Tumor cells in mucosa and submucosa"
"CATACCGGCTTAAGTT-1","Non-neoplastic colon"
"CATACCGTGGATGGCC-1","Non-neoplastic colon"
"CATACCTCCGTATTGT-1","Non-neoplastic colon"
"CATACCTTAGAATCGA-1","Non-neoplastic colon"
"CATACTCGTTCTTGAA-1","Non-neoplastic colon"
"CATAGAAGGACACCTT-1","Non-neoplastic colon"
"CATAGAAGGTGGATCC-1","Non-neoplastic colon"
"CATAGAAGTGGACCGC-1","Tumor stroma in muscularis propria"
"CATAGACCGCCTTAAG-1","Non-neoplastic colon"
"CATAGACCTAGTAACA-1","Non-neoplastic colon"
"CATAGACTATTCGGTC-1","Non-neoplastic colon"
"CATAGATTAAGTCACT-1","LVI"
"CATAGGTTGCAGGTGG-1","Non-neoplastic colon"
"CATAGTCATGGTGACT-1","Tumor cells in mucosa and submucosa"
"CATATCCAATAAGCTT-1","Non-neoplastic colon"
"CATATCCGAACTGTTA-1","Tumor cells in mucosa and submucosa"
"CATATCCGTTACTCAT-1","Non-neoplastic colon"
"CATATCGCTAAGTTAC-1","Non-neoplastic colon"
"CATATCGTCATAAGCG-1","Tumor cells in mucosa and submucosa"
"CATATCTACGAGCAAT-1","Non-neoplastic colon"
"CATATCTGAGCGTAGG-1","Non-neoplastic colon"
"CATATGAAGTTCATGC-1","Tumor cells in mucosa and submucosa"
"CATATGACAGTGGTTG-1","Non-neoplastic colon"
"CATATGCTGAAGTGCT-1","Non-neoplastic colon"
"CATATGCTGATTCTAA-1","Non-neoplastic colon"
"CATATGTCGGCTCCAG-1","Non-neoplastic colon"
"CATATGTTAATATGAG-1","Tumor stroma in mucosa and submucosa"
"CATATTACTGCGGCCA-1","Non-neoplastic colon"
"CATATTCTCGCAGAAG-1","Non-neoplastic colon"
"CATATTCTTGCTTCGA-1","Tumor cells in mucosa and submucosa"
"CATATTGTATCAGCTG-1","Tumor cells in mucosa and submucosa"
"CATATTGTATCGATGT-1","Non-neoplastic colon"
"CATCAATTATAATCTG-1","Tumor cells in mucosa and submucosa"
"CATCACAGGCGTCACT-1","Tumor cells in mucosa and submucosa"
"CATCACCTCCGGCGGT-1","Tumor cells in mucosa and submucosa"
"CATCAGAACTATCCTG-1","Non-neoplastic colon"
"CATCAGAAGTTGCACG-1","Non-neoplastic colon"
"CATCAGAATTGTAGTC-1","Non-neoplastic colon"
"CATCAGACAAGATCTT-1","Tumor stroma in muscularis propria"
"CATCAGATTGGCACGC-1","Non-neoplastic colon"
"CATCAGATTGTAGGAC-1","Non-neoplastic colon"
"CATCAGCAACTACCTT-1","Non-neoplastic colon"
"CATCAGCATTGGATGG-1","Tumor cells in muscularis propria"
"CATCAGCGAGCCTACG-1","Non-neoplastic colon"
"CATCAGCGTCAGCTGT-1","Non-neoplastic colon"
"CATCAGTAGGCGGTCG-1","Non-neoplastic colon"
"CATCAGTCAGGAATAC-1","Non-neoplastic colon"
"CATCCGACCATGTCCA-1","Tumor cells in mucosa and submucosa"
"CATCCGATAGACCGAG-1","Tumor cells in mucosa and submucosa"
"CATCCGATGATCGTAA-1","Non-neoplastic colon"
"CATCCGTATGTAACAA-1","Non-neoplastic colon"
"CATCCTATTGCCGCGG-1","Tumor stroma in muscularis propria"
"CATCCTTCATGTATCG-1","Non-neoplastic colon"
"CATCCTTCGCGAGTTA-1","Non-neoplastic colon"
"CATCGCAATGTACCAC-1","Non-neoplastic colon"
"CATCGCCGGATTGCAG-1","Tumor cells in muscularis propria"
"CATCGCCTATACTATT-1","Non-neoplastic colon"
"CATCGCCTATCCGCAG-1","Tumor cells in muscularis propria"
"CATCGCTCTTAGTGCT-1","Tumor stroma in mucosa and submucosa"
"CATCGCTGTTGCTCTA-1","Non-neoplastic colon"
"CATCGGATGAATTGAG-1","Tumor cells in muscularis propria"
"CATCGGATGTCTGCCT-1","Non-neoplastic colon"
"CATCGGCAGTGGAACC-1","Non-neoplastic colon"
"CATCGGCATCCGTAAT-1","Non-neoplastic colon"
"CATCGGCCTATTGTAT-1","Non-neoplastic colon"
"CATCGGTAATTGGTCT-1","Non-neoplastic colon"
"CATCGGTCCGAAGCTC-1","Non-neoplastic colon"
"CATCGGTCTGGTTCAC-1","Tumor cells in mucosa and submucosa"
"CATCGGTGATAGTCTT-1","Non-neoplastic colon"
"CATCGGTGTAAGCACC-1","Tumor cells in mucosa and submucosa"
"CATCGGTGTAGTACGG-1","Non-neoplastic colon"
"CATCGGTGTCGACCTC-1","Non-neoplastic colon"
"CATCTGAACGGTGAAG-1","Non-neoplastic colon"
"CATCTGAATTAAGCTC-1","Non-neoplastic colon"
"CATCTGCCGTCCAGCG-1","Tumor cells in mucosa and submucosa"
"CATCTGGCACTGCGAC-1","Tumor cells in mucosa and submucosa"
"CATCTGTTATTGACGC-1","Non-neoplastic colon"
"CATCTTACAGTTCGTA-1","Non-neoplastic colon"
"CATCTTAGACCAGCCG-1","Tumor cells in muscularis propria"
"CATCTTAGGAATACGA-1","Non-neoplastic colon"
"CATCTTAGGACCTAGG-1","Tumor cells in muscularis propria"
"CATCTTATACAGAACC-1","Non-neoplastic colon"
"CATCTTCAATAATTCC-1","Non-neoplastic colon"
"CATCTTCACTCCGACG-1","Non-neoplastic colon"
"CATCTTCGGTAATCAA-1","Tumor stroma in muscularis propria"
"CATGACGTCAATTGCA-1","Tumor cells in muscularis propria"
"CATGATAGCAGGAGAC-1","Non-neoplastic colon"
"CATGATGTCCTTATCG-1","Non-neoplastic colon"
"CATGATTAATCGTCTG-1","Tumor stroma in mucosa and submucosa"
"CATGCACGAAGTCTAG-1","Non-neoplastic colon"
"CATGCACGGTGATCAC-1","Non-neoplastic colon"
"CATGCAGAATCTATGG-1","Non-neoplastic colon"
"CATGCAGGATTCGCGT-1","Non-neoplastic colon"
"CATGCATTAGCGACCT-1","Non-neoplastic colon"
"CATGCGGCACGCAAGT-1","Non-neoplastic colon"
"CATGCGGCATACATTG-1","Non-neoplastic colon"
"CATGCGGCGAACGAAG-1","Tumor cells in mucosa and submucosa"
"CATGCGTTCTCCAGCT-1","Non-neoplastic colon"
"CATGGTGCACTAACGC-1","Tumor cells in mucosa and submucosa"
"CATGGTGCTACGTTGT-1","Tumor cells in mucosa and submucosa"
"CATGGTTACTCATGTT-1","Tumor cells in mucosa and submucosa"
"CATGGTTCACGTTCAG-1","Non-neoplastic colon"
"CATGTAGCTGCGCTAA-1","Tumor cells in mucosa and submucosa"
"CATGTCTGGCCACTAA-1","Non-neoplastic colon"
"CATGTTATACAGCCGG-1","Tumor cells in muscularis propria"
"CATGTTCGCTTGAAGA-1","Tumor cells in mucosa and submucosa"
"CATGTTCGGATCGACC-1","Non-neoplastic colon"
"CATGTTGACAAGACTT-1","Tumor cells in mucosa and submucosa"
"CATTAACACCGAACGA-1","Non-neoplastic colon"
"CATTAACCTGGAGTAG-1","Non-neoplastic colon"
"CATTAATATGAGCTAT-1","Tumor cells in mucosa and submucosa"
"CATTACGTTCGAACCA-1","Non-neoplastic colon"
"CATTAGGCAGTTAGCA-1","Non-neoplastic colon"
"CATTATCAATGTACTT-1","Non-neoplastic colon"
"CATTATGATCCTGCGG-1","Tumor stroma in muscularis propria"
"CATTCAGAGTCTGGCA-1","Non-neoplastic colon"
"CATTCTACCGGCTTGG-1","Non-neoplastic colon"
"CATTCTACTCAGCGGC-1","Non-neoplastic colon"
"CATTCTATCTAACGAG-1","Non-neoplastic colon"
"CATTCTCCAGGATTCC-1","Non-neoplastic colon"
"CATTCTGTCTGCACTG-1","Non-neoplastic colon"
"CATTGAACTGCCAGCA-1","Tumor stroma in mucosa and submucosa"
"CATTGAAGGAGCCGCA-1","Non-neoplastic colon"
"CATTGACACGTCTAAC-1","Non-neoplastic colon"
"CATTGAGCGAGTACGC-1","Non-neoplastic colon"
"CATTGAGGTTGGTTGT-1","Non-neoplastic colon"
"CATTGATCTGGCCAGT-1","Tumor cells in mucosa and submucosa"
"CATTGATGCTGGCGGA-1","Non-neoplastic colon"
"CATTGCACCGTACATG-1","Non-neoplastic colon"
"CATTGCATCCGAGCAG-1","Non-neoplastic colon"
"CATTGCCATCCTAATT-1","Non-neoplastic colon"
"CATTGCGTTGAGGCGG-1","Tumor cells in mucosa and submucosa"
"CATTGCTAAGAAGGCA-1","Tumor cells in muscularis propria"
"CATTGCTCGGTATCAG-1","Non-neoplastic colon"
"CATTGCTCGTACAGAA-1","Non-neoplastic colon"
"CATTGCTGAGGTCTGA-1","Non-neoplastic colon"
"CATTGCTGATGTGCCG-1","Non-neoplastic colon"
"CATTGCTGGTTCGATC-1","Tumor stroma in mucosa and submucosa"
"CATTGTAATCGCGGCT-1","Tumor cells in mucosa and submucosa"
"CATTGTAGCCGCGAAC-1","Non-neoplastic colon"
"CATTGTCATAGACCGA-1","Non-neoplastic colon"
"CATTGTCGTAATCTGT-1","Non-neoplastic colon"
"CCAACCGCAACGCACG-1","Tumor cells in muscularis propria"
"CCAACGGCAGCCTCAC-1","Tumor cells in mucosa and submucosa"
"CCAACTCGGAGTCTAC-1","Non-neoplastic colon"
"CCAACTTCAATCTGAG-1","Non-neoplastic colon"
"CCAACTTCTGCCGGTC-1","Tumor cells in mucosa and submucosa"
"CCAACTTGCCAGTCCT-1","Necrosis"
"CCAAGACGTGATGGCT-1","Non-neoplastic colon"
"CCAAGATGCTCCGTTG-1","Tumor cells in muscularis propria"
"CCAAGCAAGCGTCCGT-1","Tumor cells in mucosa and submucosa"
"CCAAGCACTGGAGCCG-1","Non-neoplastic colon"
"CCAAGCATGCGTTGTA-1","Non-neoplastic colon"
"CCAAGCATTAAGATCC-1","Tumor cells in mucosa and submucosa"
"CCAAGCTGCAGGACTA-1","Non-neoplastic colon"
"CCAAGCTGGCTCCATT-1","Non-neoplastic colon"
"CCAAGGAGGCTACAAC-1","Non-neoplastic colon"
"CCAAGGATCGCTTGGC-1","Non-neoplastic colon"
"CCAAGGCTGAGTCGAG-1","Non-neoplastic colon"
"CCAAGGTAAGGCATCG-1","Non-neoplastic colon"
"CCAAGTTACCTCATGA-1","Non-neoplastic colon"
"CCAATACCACAAGATA-1","Non-neoplastic colon"
"CCAATACCGGTGAGGC-1","Non-neoplastic colon"
"CCAATACCGTACTAGT-1","Non-neoplastic colon"
"CCAATACCTACGTCGC-1","Non-neoplastic colon"
"CCAATACCTTACGCTG-1","Non-neoplastic colon"
"CCAATAGCTGAATGAC-1","Non-neoplastic colon"
"CCAATAGGTGTACCGA-1","Non-neoplastic colon"
"CCAATAGTCACCTTGT-1","Non-neoplastic colon"
"CCAATCAGGTCGCAGA-1","Non-neoplastic colon"
"CCAATCCAACGATATC-1","Non-neoplastic colon"
"CCAATCCAGAGGACAG-1","Tumor cells in mucosa and submucosa"
"CCAATCTACATGCGAC-1","Tumor cells in mucosa and submucosa"
"CCAATTAAGACCGTCC-1","Non-neoplastic colon"
"CCACAAGCACGAGCTT-1","Tumor cells in mucosa and submucosa"
"CCACAAGGTGAGCCGG-1","Tumor stroma in muscularis propria"
"CCACAGATAATTACCA-1","Tumor stroma in muscularis propria"
"CCACAGGTTAGTCCGC-1","Non-neoplastic colon"
"CCACAGTGCGTAACAA-1","Tumor cells in mucosa and submucosa"
"CCACAGTTCCTTGCTC-1","Non-neoplastic colon"
"CCACATAGCAGATACC-1","Tumor cells in mucosa and submucosa"
"CCACATTCATCGCAGA-1","Non-neoplastic colon"
"CCACATTGTAGGTCGA-1","Tumor cells in mucosa and submucosa"
"CCACCGACAGCAAGCT-1","Tumor cells in mucosa and submucosa"
"CCACCGCTCAGTAGAC-1","Tumor cells in mucosa and submucosa"
"CCACCGTATGAATGCG-1","Non-neoplastic colon"
"CCACCTCCTATGACTC-1","Non-neoplastic colon"
"CCACCTCGCATTCGTC-1","Tumor cells in mucosa and submucosa"
"CCACGACAACTCGCTC-1","Non-neoplastic colon"
"CCACGTACGATAGCAA-1","Non-neoplastic colon"
"CCACGTATGCCGTAGC-1","Tumor cells in mucosa and submucosa"
"CCACGTATGGCTCATG-1","Non-neoplastic colon"
"CCACGTCACTAGATAA-1","Tumor cells in mucosa and submucosa"
"CCACGTCGTGACGCGA-1","Non-neoplastic colon"
"CCACGTGCTTGTTCGC-1","Non-neoplastic colon"
"CCACGTTCCATTCCAT-1","Non-neoplastic colon"
"CCACGTTCCGATTGTT-1","Non-neoplastic colon"
"CCACGTTCCGTCCTTG-1","LVI"
"CCACGTTCGAGTTCCG-1","Non-neoplastic colon"
"CCACTAATCACTCCAG-1","Non-neoplastic colon"
"CCACTACATACCGCGT-1","Non-neoplastic colon"
"CCACTACCTAAGCCTT-1","Tumor cells in mucosa and submucosa"
"CCACTGAGTCGAATGC-1","Non-neoplastic colon"
"CCACTGGTCTACTGAC-1","Tumor cells in muscularis propria"
"CCACTGTACCTCGAGC-1","Non-neoplastic colon"
"CCAGAAGTGCAGATAG-1","Tumor cells in mucosa and submucosa"
"CCAGACAGCGCCGGTC-1","Non-neoplastic colon"
"CCAGACAGGTATTGCC-1","Tumor cells in mucosa and submucosa"
"CCAGACTGTCCACGTT-1","Tumor cells in mucosa and submucosa"
"CCAGATTGTCTAACTC-1","Non-neoplastic colon"
"CCAGCAATTGAGACCA-1","Tumor cells in muscularis propria"
"CCAGCAGGACCTCCTT-1","Non-neoplastic colon"
"CCAGCATATGCAATCC-1","Tumor stroma in muscularis propria"
"CCAGCATTGACGAGTC-1","Tumor cells in muscularis propria"
"CCAGCCGATGGCACAG-1","Non-neoplastic colon"
"CCAGCCTGATCCGAGT-1","Tumor cells in muscularis propria"
"CCAGCGAAGCGTCAGG-1","Non-neoplastic colon"
"CCAGCGCTGTCCAATT-1","Non-neoplastic colon"
"CCAGCGTACGTCCAAC-1","Non-neoplastic colon"
"CCAGCGTATCCATGTC-1","Non-neoplastic colon"
"CCAGGACGTGCAAGTG-1","Tumor cells in mucosa and submucosa"
"CCAGGATAATCAATAG-1","Non-neoplastic colon"
"CCAGGATAGACCATCT-1","Non-neoplastic colon"
"CCAGGATGCATAGCAC-1","Non-neoplastic colon"
"CCAGGCGAACATTCCA-1","Non-neoplastic colon"
"CCAGGTGACTCCATTG-1","Non-neoplastic colon"
"CCAGGTGATATGCTTA-1","Non-neoplastic colon"
"CCAGTCACGAGCCGAT-1","Non-neoplastic colon"
"CCATACATAATGAATG-1","Non-neoplastic colon"
"CCATACCTTCCAATCT-1","Non-neoplastic colon"
"CCATACCTTGGACGTC-1","Tumor stroma in muscularis propria"
"CCATACGCTTGAACGT-1","Non-neoplastic colon"
"CCATACGGCGATGGTG-1","Non-neoplastic colon"
"CCATAGAACTTCGAGG-1","Tumor stroma in mucosa and submucosa"
"CCATAGACCAGCGGCA-1","Non-neoplastic colon"
"CCATAGACCGAATTAC-1","Necrosis"
"CCATAGACTGTCCGCC-1","Non-neoplastic colon"
"CCATAGATACGGCAGC-1","Non-neoplastic colon"
"CCATAGATCGGCGATC-1","Non-neoplastic colon"
"CCATAGATGCACAGCG-1","Tumor stroma in mucosa and submucosa"
"CCATAGATTACGCCTC-1","Non-neoplastic colon"
"CCATAGCCACTGGCAA-1","Non-neoplastic colon"
"CCATAGCGATCTCATC-1","Non-neoplastic colon"
"CCATAGGATCAAGAAT-1","Non-neoplastic colon"
"CCATAGTGAACACTCA-1","Non-neoplastic colon"
"CCATAGTTACTTCGCA-1","Non-neoplastic colon"
"CCATAGTTATGGACAA-1","Tumor cells in mucosa and submucosa"
"CCATAGTTCTGTGGAT-1","Non-neoplastic colon"
"CCATCAGATCTGAGGT-1","Tumor stroma in muscularis propria"
"CCATCAGCTAGATTCG-1","Tumor cells in mucosa and submucosa"
"CCATCATGATGTATAG-1","Tumor cells in mucosa and submucosa"
"CCATCCATCCGCGAAG-1","Non-neoplastic colon"
"CCATCTGTCCAGCACG-1","Non-neoplastic colon"
"CCATGAACAGCAATTC-1","Tumor cells in mucosa and submucosa"
"CCATGAACAGCTTGAT-1","Non-neoplastic colon"
"CCATGACAATGTCTAC-1","Tumor cells in mucosa and submucosa"
"CCATGATAACGCAGGA-1","Tumor cells in subserosa"
"CCATGGAATGGCTGGC-1","Non-neoplastic colon"
"CCATGGAGGTGGTTAG-1","Non-neoplastic colon"
"CCATGGCACTTCTGGT-1","Non-neoplastic colon"
"CCATGGCAGTAGCGGC-1","Tumor stroma in muscularis propria"
"CCATGGCCACTCACCT-1","Tumor cells in muscularis propria"
"CCATGTAGGTCAGTAA-1","LVI"
"CCATGTTCTTCATCGA-1","Tumor cells in mucosa and submucosa"
"CCATTAGTACTTACAA-1","Non-neoplastic colon"
"CCATTCAGACTCTGCA-1","Non-neoplastic colon"
"CCATTCAGCATATGGC-1","Non-neoplastic colon"
"CCATTCTAATTGGTGC-1","Non-neoplastic colon"
"CCATTCTAGCCTCATC-1","Non-neoplastic colon"
"CCATTCTTGTAGTGTA-1","Tumor cells in mucosa and submucosa"
"CCATTGAGTCCGTGGC-1","Non-neoplastic colon"
"CCGAACCATAGATCTA-1","Tumor cells in muscularis propria"
"CCGAAGGACGATGAGT-1","Non-neoplastic colon"
"CCGAAGGTGAGTCTGG-1","Non-neoplastic colon"
"CCGACAAGTTCGTTGC-1","Non-neoplastic colon"
"CCGACAATGTCGAGCT-1","Non-neoplastic colon"
"CCGACAATTGCAACAG-1","Non-neoplastic colon"
"CCGACACCAGTCACAT-1","Non-neoplastic colon"
"CCGACAGAGCATTAAG-1","Non-neoplastic colon"
"CCGACAGAGGACCATT-1","Non-neoplastic colon"
"CCGACATAACCAACCG-1","Tumor cells in mucosa and submucosa"
"CCGACATCGCTCACTC-1","Tumor cells in muscularis propria"
"CCGACCGGAGAATCCG-1","Non-neoplastic colon"
"CCGACCTCTAGCCGTC-1","Tumor cells in muscularis propria"
"CCGACCTTCTATCACC-1","Non-neoplastic colon"
"CCGACGTTGAGTTGTA-1","Tumor cells in mucosa and submucosa"
"CCGACTTAGAAGACTC-1","Tumor stroma in mucosa and submucosa"
"CCGAGCCAGACCGGTG-1","Non-neoplastic colon"
"CCGAGGTTACAGATGT-1","Non-neoplastic colon"
"CCGAGTCCTCGGCACG-1","Non-neoplastic colon"
"CCGAGTCTAAGATAGC-1","Tumor cells in mucosa and submucosa"
"CCGATAACCGTAGATT-1","Tumor cells in mucosa and submucosa"
"CCGATAATGGCCTAGT-1","Non-neoplastic colon"
"CCGATACCTCGCGAAT-1","Other"
"CCGATAGTTAGCGGTC-1","Non-neoplastic colon"
"CCGATATTCTGATGGC-1","Non-neoplastic colon"
"CCGATTAACCTTATGC-1","Tumor cells in muscularis propria"
"CCGATTCTGCGTCAGG-1","Non-neoplastic colon"
"CCGCAACTAGCCTCCG-1","Tumor cells in mucosa and submucosa"
"CCGCAAGGATTGCAGG-1","Tumor stroma in muscularis propria"
"CCGCAAGGTTAGATTC-1","Non-neoplastic colon"
"CCGCAAGTAGACCGTT-1","Non-neoplastic colon"
"CCGCAAGTCCGATTAT-1","Non-neoplastic colon"
"CCGCAATAACGGCTTA-1","Non-neoplastic colon"
"CCGCAATATCGTTCAA-1","Non-neoplastic colon"
"CCGCAATGAGAAGGAA-1","Non-neoplastic colon"
"CCGCAGGACCAAGTCG-1","Non-neoplastic colon"
"CCGCATAGTAATCTCC-1","Tumor cells in mucosa and submucosa"
"CCGCCACTGTGACTTG-1","Non-neoplastic colon"
"CCGCCTGTGAATGCCG-1","Non-neoplastic colon"
"CCGCGACCAAGACCTG-1","Tumor cells in muscularis propria"
"CCGCGAGTATTGTCTT-1","Non-neoplastic colon"
"CCGCGATCGTAACCGA-1","Non-neoplastic colon"
"CCGCGGACCACGAGCT-1","Non-neoplastic colon"
"CCGCGTAATAGATGTC-1","Non-neoplastic colon"
"CCGCGTAATAGCAAGG-1","Non-neoplastic colon"
"CCGCGTCTAGACCTCA-1","Non-neoplastic colon"
"CCGCGTCTAGCTCAAT-1","Non-neoplastic colon"
"CCGCGTCTGATTAAGC-1","Non-neoplastic colon"
"CCGCGTGCCATTCGGA-1","Tumor stroma in mucosa and submucosa"
"CCGCGTGCGACGGAAG-1","Tumor cells in mucosa and submucosa"
"CCGCGTTAAGCAATTG-1","Tumor cells in muscularis propria"
"CCGCGTTCCTGCGGTG-1","Non-neoplastic colon"
"CCGCTCAAGGCCTAAG-1","Non-neoplastic colon"
"CCGCTCACATTCGACA-1","Non-neoplastic colon"
"CCGCTCACGTGCTGTA-1","Tumor stroma in mucosa and submucosa"
"CCGCTCACTGTTGCAT-1","Tumor cells in mucosa and submucosa"
"CCGCTCAGCGACCTTC-1","Non-neoplastic colon"
"CCGCTCAGCGCAAGCT-1","Non-neoplastic colon"
"CCGCTCAGGCCTGCTC-1","Tumor cells in mucosa and submucosa"
"CCGCTCAGGTGGTTGC-1","Non-neoplastic colon"
"CCGCTCAGTTCCTCAA-1","Tumor cells in mucosa and submucosa"
"CCGCTCATGTATAGGA-1","Non-neoplastic colon"
"CCGCTCCGCCTACCTA-1","Tumor cells in muscularis propria"
"CCGCTCCGGTCAGAAC-1","Non-neoplastic colon"
"CCGCTCCGTAGTGCTT-1","Tumor cells in muscularis propria"
"CCGCTCCGTATCTGGA-1","Non-neoplastic colon"
"CCGCTCGCAGCTATAG-1","Non-neoplastic colon"
"CCGCTCGCTACCAGGT-1","Non-neoplastic colon"
"CCGCTCGGCCAATATT-1","Tumor cells in mucosa and submucosa"
"CCGCTCGGTCACAGTC-1","Non-neoplastic colon"
"CCGCTCGGTTGAGGTG-1","Non-neoplastic colon"
"CCGCTCTACAGACGAG-1","Non-neoplastic colon"
"CCGCTCTAGTATTAGC-1","Non-neoplastic colon"
"CCGCTGGTTAGATTGG-1","Non-neoplastic colon"
"CCGGACCTCCAACATC-1","Non-neoplastic colon"
"CCGGACGAAGTTAACT-1","Non-neoplastic colon"
"CCGGACTAACTTACTG-1","Tumor stroma in muscularis propria"
"CCGGACTACGTAGAAC-1","Non-neoplastic colon"
"CCGGACTAGGATGCAA-1","Tumor stroma in muscularis propria"
"CCGGAGACCGGATTCT-1","Non-neoplastic colon"
"CCGGAGACGTCCAGAA-1","Tumor stroma in muscularis propria"
"CCGGAGATTGCATTAA-1","Non-neoplastic colon"
"CCGGAGGTAATTCTTA-1","Tumor cells in mucosa and submucosa"
"CCGGAGGTTACGATGC-1","Non-neoplastic colon"
"CCGGAGTATGTTCCAG-1","Non-neoplastic colon"
"CCGGAGTCCACGCTTC-1","Non-neoplastic colon"
"CCGGAGTCCGTTACGC-1","Tumor cells in muscularis propria"
"CCGGAGTCTTCGTGGC-1","Non-neoplastic colon"
"CCGGAGTGGTACAGCG-1","Non-neoplastic colon"
"CCGGAGTTCATAGCGG-1","Non-neoplastic colon"
"CCGGATCACGGATAGG-1","Non-neoplastic colon"
"CCGGATCATATGTCAC-1","Tumor stroma in muscularis propria"
"CCGGATCGTGAGACCT-1","Non-neoplastic colon"
"CCGGATGGTATTAAGA-1","Non-neoplastic colon"
"CCGGATTGGTGCTTCT-1","Non-neoplastic colon"
"CCGGCAACGCTGGACG-1","Non-neoplastic colon"
"CCGGCAATAGCCTCGC-1","Non-neoplastic colon"
"CCGGCAATTGGAGGTG-1","Non-neoplastic colon"
"CCGGCACGAGTGTTCA-1","Tumor cells in muscularis propria"
"CCGGCACGTTGACATT-1","Tumor cells in mucosa and submucosa"
"CCGGCAGAGTACGTCT-1","Non-neoplastic colon"
"CCGGCAGCCGGTGAAG-1","Non-neoplastic colon"
"CCGGCAGCTCCAATCG-1","Non-neoplastic colon"
"CCGGCATAATACAAGG-1","Tumor cells in mucosa and submucosa"
"CCGGCATAGCAGGCTG-1","Tumor cells in muscularis propria"
"CCGGCATAGGAGAACC-1","Non-neoplastic colon"
"CCGGCATGGTCGCCAC-1","Non-neoplastic colon"
"CCGGCGAATACATGGT-1","Non-neoplastic colon"
"CCGGCGAATCTTAGGC-1","Tumor cells in mucosa and submucosa"
"CCGGCGAGCGTAGAAT-1","Tumor stroma in muscularis propria"
"CCGGCGAGGTCTGTCG-1","Non-neoplastic colon"
"CCGGCGAGTTATCATG-1","Non-neoplastic colon"
"CCGGCGCATCTTGATG-1","Non-neoplastic colon"
"CCGGCGCATTCGCTGC-1","Non-neoplastic colon"
"CCGGCGCTGTGCTTGC-1","Non-neoplastic colon"
"CCGGCGGTACATCCAG-1","Non-neoplastic colon"
"CCGGCGTCAAGGTCTG-1","Non-neoplastic colon"
"CCGGCGTCACATGATC-1","Non-neoplastic colon"
"CCGGCGTCCGATAGTG-1","Non-neoplastic colon"
"CCGGCGTCGGCCGTTA-1","Non-neoplastic colon"
"CCGGCGTTCTGTATCC-1","Non-neoplastic colon"
"CCGGTAACAAGAGGCG-1","Non-neoplastic colon"
"CCGGTAACTGAGTGGC-1","Tumor stroma in muscularis propria"
"CCGGTGCAGATATGGC-1","Non-neoplastic colon"
"CCGGTGTATTGAGGCA-1","Non-neoplastic colon"
"CCGGTTGGAATGTATT-1","Tumor stroma in mucosa and submucosa"
"CCGGTTGTCTAGCGGC-1","Non-neoplastic colon"
"CCGTAACAAGCCGTTA-1","Non-neoplastic colon"
"CCGTAACAATTATGCG-1","Tumor stroma in muscularis propria"
"CCGTAACATCGAATGC-1","Non-neoplastic colon"
"CCGTAACTTGAATGGT-1","Non-neoplastic colon"
"CCGTAAGATAGTCCAC-1","Non-neoplastic colon"
"CCGTAAGCACCGTTAA-1","Non-neoplastic colon"
"CCGTACGTTATCGGAT-1","Non-neoplastic colon"
"CCGTATCTCGTGTTCC-1","Non-neoplastic colon"
"CCGTATGTAATCTAGA-1","Non-neoplastic colon"
"CCGTATTCAATCCTGC-1","LVI"
"CCGTCCAGAACTCCAT-1","Non-neoplastic colon"
"CCGTCCGACGCACGCT-1","Tumor cells in mucosa and submucosa"
"CCGTCGACAATTCTGG-1","Non-neoplastic colon"
"CCGTCGGTAGGCCGTG-1","Non-neoplastic colon"
"CCGTGACACTAGTATC-1","Non-neoplastic colon"
"CCGTGACTCCGAGCCA-1","Non-neoplastic colon"
"CCGTGACTCGGATAAT-1","Non-neoplastic colon"
"CCGTGAGCCACTATAG-1","Non-neoplastic colon"
"CCGTGATGTAAGCAAC-1","Non-neoplastic colon"
"CCGTGATTATAGGCTA-1","Tumor stroma in mucosa and submucosa"
"CCGTGCTCGATATGAT-1","Non-neoplastic colon"
"CCGTGCTGAGCATGGC-1","Tumor cells in mucosa and submucosa"
"CCGTGCTGCACGGATT-1","Non-neoplastic colon"
"CCGTGGAAGGAATTAT-1","Non-neoplastic colon"
"CCGTTAAGTGATGCAG-1","Non-neoplastic colon"
"CCGTTCTATCTAGGAG-1","Non-neoplastic colon"
"CCGTTCTTCGATGCCA-1","Non-neoplastic colon"
"CCGTTGCGTTCTCCAT-1","Tumor cells in mucosa and submucosa"
"CCGTTGTAACGAAGTA-1","Non-neoplastic colon"
"CCTAACAGTGTACGCT-1","Tumor cells in mucosa and submucosa"
"CCTAACAGTTATAGGA-1","Non-neoplastic colon"
"CCTAACGCTTAATGAA-1","Tumor cells in subserosa"
"CCTAACTACCGGTACA-1","Non-neoplastic colon"
"CCTAACTACGCTCGGA-1","Tumor cells in mucosa and submucosa"
"CCTAACTCTATCACCA-1","Non-neoplastic colon"
"CCTAACTTGGACTCGT-1","Tumor stroma in mucosa and submucosa"
"CCTAAGCGTAGGTCGC-1","Non-neoplastic colon"
"CCTAATCCACTCTTGT-1","Tumor cells in mucosa and submucosa"
"CCTAATGACTAAGAGC-1","Non-neoplastic colon"
"CCTAATGCCACTTACA-1","Non-neoplastic colon"
"CCTAATTGCCATCAAC-1","Non-neoplastic colon"
"CCTAATTGCTTGACCT-1","Non-neoplastic colon"
"CCTACCAACTACCTCG-1","Non-neoplastic colon"
"CCTACCAAGATGAGGA-1","Tumor cells in mucosa and submucosa"
"CCTACCACAGGCGTGG-1","Tumor cells in muscularis propria"
"CCTACCACTTCAAGAC-1","Non-neoplastic colon"
"CCTACCATCAGGACAA-1","Non-neoplastic colon"
"CCTACCGCCTAAGTGA-1","Non-neoplastic colon"
"CCTACCGCGACCATTG-1","Tumor stroma in muscularis propria"
"CCTACGACGGAAGGTG-1","Non-neoplastic colon"
"CCTACGAGTAATACAT-1","Non-neoplastic colon"
"CCTACGCTATGGTCGA-1","Tumor cells in mucosa and submucosa"
"CCTACGCTGAAGTATC-1","Tumor cells in mucosa and submucosa"
"CCTACGCTGCTCAGAA-1","Non-neoplastic colon"
"CCTACGTAAGTGAACC-1","Tumor cells in mucosa and submucosa"
"CCTACGTAATACCGCA-1","Non-neoplastic colon"
"CCTACGTGCGAGTTAG-1","Non-neoplastic colon"
"CCTACGTGTCGGAAGG-1","Tumor cells in mucosa and submucosa"
"CCTAGACTCGAAGACC-1","Non-neoplastic colon"
"CCTAGAGCGTGGTCAA-1","Non-neoplastic colon"
"CCTAGAGTGCTCGACT-1","Non-neoplastic colon"
"CCTAGCTCTTGGCCGT-1","Non-neoplastic colon"
"CCTAGTATCGCATCAC-1","Non-neoplastic colon"
"CCTAGTCAACGCGACC-1","Tumor cells in mucosa and submucosa"
"CCTAGTTCGAGTACAT-1","Tumor cells in muscularis propria"
"CCTATCAACGCCTCAT-1","Non-neoplastic colon"
"CCTATCATGCAAGGTA-1","Tumor stroma in mucosa and submucosa"
"CCTATGATCCGCTTCT-1","Non-neoplastic colon"
"CCTATGATGGCGGACC-1","Non-neoplastic colon"
"CCTATGGCAGATGTGG-1","Non-neoplastic colon"
"CCTATGTCAATCCGCT-1","Non-neoplastic colon"
"CCTATGTTATCCTTCG-1","Tumor cells in mucosa and submucosa"
"CCTCACAAGTCTGTAG-1","Non-neoplastic colon"
"CCTCACATCAACTAAG-1","Non-neoplastic colon"
"CCTCACATGATCAGCG-1","Non-neoplastic colon"
"CCTCACCGAGGCACAG-1","Non-neoplastic colon"
"CCTCACCGCCACAACT-1","Non-neoplastic colon"
"CCTCACCGGCCGAGTG-1","Non-neoplastic colon"
"CCTCACCGTAGAGGCT-1","Tumor cells in muscularis propria"
"CCTCACCTAACGTTCA-1","Non-neoplastic colon"
"CCTCACCTAGACGTGC-1","Non-neoplastic colon"
"CCTCACGTACCGCTTC-1","Non-neoplastic colon"
"CCTCACGTCCGAGTGG-1","Tumor cells in mucosa and submucosa"
"CCTCACGTCTGTGCCA-1","Tumor stroma in muscularis propria"
"CCTCACTAGTTCTTAC-1","Non-neoplastic colon"
"CCTCACTATGCGGTGA-1","Tumor cells in mucosa and submucosa"
"CCTCACTCAGTCATCG-1","Non-neoplastic colon"
"CCTCACTCTGCACTTC-1","Tumor cells in mucosa and submucosa"
"CCTCAGATCTGCGTAA-1","Non-neoplastic colon"
"CCTCATTCGATGTTCG-1","Non-neoplastic colon"
"CCTCCAGAGGTCTTAA-1","Non-neoplastic colon"
"CCTCCATCAGTTACGC-1","Tumor stroma in muscularis propria"
"CCTCCATCGCAGTCGA-1","Non-neoplastic colon"
"CCTCCGCTTGCCTGGA-1","Non-neoplastic colon"
"CCTCGCAGTGCGAGTA-1","Tumor cells in mucosa and submucosa"
"CCTCGCAGTTAATCTG-1","Non-neoplastic colon"
"CCTCGCGACGATCCTG-1","Non-neoplastic colon"
"CCTCGCGACGCTTACT-1","Non-neoplastic colon"
"CCTCGCGACGTGCTAA-1","Non-neoplastic colon"
"CCTCGCGAGGTCGGTG-1","Necrosis"
"CCTCGCGAGTCGATGC-1","Non-neoplastic colon"
"CCTCGCGATTCCGCCT-1","Non-neoplastic colon"
"CCTCGCGGATCGTTAG-1","Non-neoplastic colon"
"CCTCGCTATCCGAGAC-1","Non-neoplastic colon"
"CCTCGCTGCGAGTTGA-1","Non-neoplastic colon"
"CCTCGCTTCAACCTTG-1","Tumor cells in muscularis propria"
"CCTCGGAACCTACTCA-1","Non-neoplastic colon"
"CCTCGGAACGGCGATT-1","Tumor cells in mucosa and submucosa"
"CCTCGGAATTCCTATG-1","Non-neoplastic colon"
"CCTCGGATAGATGCGT-1","Non-neoplastic colon"
"CCTCGGCAGATCATCC-1","Non-neoplastic colon"
"CCTCGGCAGCGTAGTG-1","Non-neoplastic colon"
"CCTCGGCGGTAATATC-1","Tumor cells in mucosa and submucosa"
"CCTCGGCGGTTCCAAG-1","Tumor stroma in mucosa and submucosa"
"CCTCGGTAGGATCGAG-1","Tumor stroma in muscularis propria"
"CCTCGGTAGTCACTTA-1","Non-neoplastic colon"
"CCTCGGTTATTCGCGG-1","Non-neoplastic colon"
"CCTCGGTTGTATTCTG-1","Non-neoplastic colon"
"CCTCTAAGTACATGTA-1","Non-neoplastic colon"
"CCTCTACCACCGAGTA-1","Tumor stroma in mucosa and submucosa"
"CCTCTACCTCAATATT-1","Non-neoplastic colon"
"CCTCTACTGACGCCTG-1","Non-neoplastic colon"
"CCTCTAGAACCTATAC-1","Non-neoplastic colon"
"CCTCTAGACGTAGGCC-1","Non-neoplastic colon"
"CCTCTAGCCAACCTAC-1","Tumor cells in mucosa and submucosa"
"CCTCTAGCCGGACAAT-1","Tumor cells in mucosa and submucosa"
"CCTCTAGGATAGATGG-1","Non-neoplastic colon"
"CCTCTATGGATTGGCC-1","Non-neoplastic colon"
"CCTCTATGTTAGACCA-1","Non-neoplastic colon"
"CCTCTATTAATACCGA-1","Non-neoplastic colon"
"CCTCTATTCGTGATCC-1","Tumor cells in muscularis propria"
"CCTCTATTGCCTGTTC-1","Non-neoplastic colon"
"CCTCTATTGGAGCGTC-1","Non-neoplastic colon"
"CCTCTGTAGTCCTAAT-1","Non-neoplastic colon"
"CCTCTTAACCGGACGG-1","Non-neoplastic colon"
"CCTCTTCGCTGTAGGT-1","Non-neoplastic colon"
"CCTGAACAGCGTCAGA-1","Non-neoplastic colon"
"CCTGAACCAGTCCGGC-1","Tumor cells in mucosa and submucosa"
"CCTGAACTACGGATCT-1","Tumor cells in mucosa and submucosa"
"CCTGAAGCGGCCATCT-1","Tumor stroma in muscularis propria"
"CCTGAAGGCATACTTG-1","Non-neoplastic colon"
"CCTGAAGGTATGCCAA-1","Non-neoplastic colon"
"CCTGAAGTGAACAAGA-1","Non-neoplastic colon"
"CCTGAAGTGCTCTGAA-1","Non-neoplastic colon"
"CCTGAAGTTGGCACTC-1","Tumor cells in mucosa and submucosa"
"CCTGAATAACAATATC-1","Non-neoplastic colon"
"CCTGAATACGTCTACA-1","Non-neoplastic colon"
"CCTGAATACTATTCGT-1","Non-neoplastic colon"
"CCTGAATAGGCCAGGA-1","Tumor cells in muscularis propria"
"CCTGAGCGGCACGCAA-1","Tumor cells in mucosa and submucosa"
"CCTGCGGAGGCTATGC-1","Non-neoplastic colon"
"CCTGCTACCTGAGTTG-1","Tumor cells in mucosa and submucosa"
"CCTGCTACGCAGAAGC-1","Non-neoplastic colon"
"CCTGCTATTGTCGCCT-1","Non-neoplastic colon"
"CCTGCTCCGCAACATT-1","Non-neoplastic colon"
"CCTGCTCGCTAACGTG-1","Non-neoplastic colon"
"CCTGCTCGGTTGTCCG-1","Non-neoplastic colon"
"CCTGCTGGCTTGAGCA-1","Tumor stroma in muscularis propria"
"CCTGCTTAGACTAGTT-1","Tumor stroma in mucosa and submucosa"
"CCTGCTTCTGGCCTCC-1","LVI"
"CCTGGAAGTATCATTA-1","Non-neoplastic colon"
"CCTGGACTCGTCCTTA-1","Non-neoplastic colon"
"CCTGGACTGTAGTGTT-1","Tumor cells in muscularis propria"
"CCTGGAGGTAACTGCG-1","Non-neoplastic colon"
"CCTGGATAACCTAGAA-1","Non-neoplastic colon"
"CCTGGATCGTCTGCGA-1","Non-neoplastic colon"
"CCTGGCACCATGAGCG-1","Tumor cells in mucosa and submucosa"
"CCTGGCACCTCACGCT-1","Tumor cells in mucosa and submucosa"
"CCTGGCATTAGACTTC-1","Tumor cells in muscularis propria"
"CCTGGCCAGGTTATTC-1","Tumor cells in muscularis propria"
"CCTGGCCATATGCGGA-1","Non-neoplastic colon"
"CCTGGCGAATCCTAGG-1","Tumor cells in muscularis propria"
"CCTGGCTTAATGTTCT-1","Tumor cells in mucosa and submucosa"
"CCTGGCTTCAGACAAT-1","Non-neoplastic colon"
"CCTGTCCACGTAGTGA-1","Necrosis"
"CCTGTCCTCAGAGTCC-1","Non-neoplastic colon"
"CCTGTCCTGCGACAAC-1","Tumor cells in muscularis propria"
"CCTGTCGAACAGATGC-1","Non-neoplastic colon"
"CCTGTCGATGGCTCTA-1","Non-neoplastic colon"
"CCTGTCTGTCTAACCG-1","Tumor cells in muscularis propria"
"CCTGTCTTGAATGAAG-1","Non-neoplastic colon"
"CCTGTTCCATGTGCAT-1","Non-neoplastic colon"
"CCTGTTGAATCTAAGA-1","Non-neoplastic colon"
"CCTTAATTACTGGAGC-1","Tumor stroma in muscularis propria"
"CCTTAGACAGTCGCCA-1","Non-neoplastic colon"
"CCTTAGATCGCCACCT-1","Tumor cells in muscularis propria"
"CCTTAGCCGGTATCAC-1","Non-neoplastic colon"
"CCTTAGCGCTTCACAA-1","Non-neoplastic colon"
"CCTTAGCGTCCAAGGT-1","Tumor cells in muscularis propria"
"CCTTAGCTGATTCCGG-1","Tumor cells in mucosa and submucosa"
"CCTTAGTAACAGTTGC-1","Tumor cells in muscularis propria"
"CCTTAGTACACTCCTT-1","Non-neoplastic colon"
"CCTTAGTACTAACGGT-1","Tumor cells in mucosa and submucosa"
"CCTTAGTATGTAGTCG-1","Non-neoplastic colon"
"CCTTAGTGAACAGCAT-1","Non-neoplastic colon"
"CCTTAGTGTCGTGATC-1","Non-neoplastic colon"
"CCTTAGTTGCCGTAGG-1","Non-neoplastic colon"
"CCTTATAGGAAGCATA-1","Tumor stroma in mucosa and submucosa"
"CCTTATGTTCATTGGC-1","Non-neoplastic colon"
"CCTTCAACAGATGTCT-1","Necrosis"
"CCTTCAACCTACGATA-1","Tumor stroma in mucosa and submucosa"
"CCTTCAACGGAATCTA-1","Non-neoplastic colon"
"CCTTCAACGGTCGGTT-1","Tumor cells in mucosa and submucosa"
"CCTTCAATAATTCACC-1","Non-neoplastic colon"
"CCTTCACTCAGTGCTT-1","Tumor cells in mucosa and submucosa"
"CCTTCAGCCTCACGGC-1","Non-neoplastic colon"
"CCTTCAGGCGGTACGG-1","Tumor stroma in muscularis propria"
"CCTTCAGGTTATCGCC-1","Tumor cells in mucosa and submucosa"
"CCTTCATAGCTACACG-1","Tumor cells in muscularis propria"
"CCTTCATGATGCCAAT-1","Non-neoplastic colon"
"CCTTCCAACGAATCGT-1","Tumor stroma in muscularis propria"
"CCTTCCACTCTTATCA-1","Non-neoplastic colon"
"CCTTCCGCATCCGTTC-1","Non-neoplastic colon"
"CCTTCCGTGCTGGTAG-1","Non-neoplastic colon"
"CCTTCGACTTATGTTC-1","Non-neoplastic colon"
"CCTTCGAGATTGGCGT-1","Non-neoplastic colon"
"CCTTCGAGTTACGAGG-1","Tumor cells in mucosa and submucosa"
"CCTTCGCACGCTGTAT-1","Tumor cells in mucosa and submucosa"
"CCTTCTATAGGCACAG-1","Non-neoplastic colon"
"CCTTCTCAATAGAAGT-1","Non-neoplastic colon"
"CCTTCTCACGGTCAGG-1","Tumor stroma in mucosa and submucosa"
"CCTTCTGGATCTACCA-1","Non-neoplastic colon"
"CCTTCTTAAGTTGGTA-1","Tumor cells in mucosa and submucosa"
"CCTTGTCCAACCTATC-1","Non-neoplastic colon"
"CCTTGTCGCATCTTAG-1","Non-neoplastic colon"
"CCTTGTTAAGCAGAAC-1","Non-neoplastic colon"
"CGAACCACTTAGGATC-1","Tumor cells in mucosa and submucosa"
"CGAACCGAACGGCGAG-1","Non-neoplastic colon"
"CGAACCGTAGGAACAA-1","Non-neoplastic colon"
"CGAACCGTTGGTTGAC-1","Non-neoplastic colon"
"CGAACGATGCAGACGC-1","Non-neoplastic colon"
"CGAACGCCGGTTAAGG-1","Tumor cells in muscularis propria"
"CGAACGCTCGCACTGA-1","Non-neoplastic colon"
"CGAACGTATTAGACAA-1","Non-neoplastic colon"
"CGAACTCAATTACAGT-1","Non-neoplastic colon"
"CGAAGACCGATTAATC-1","Tumor cells in muscularis propria"
"CGAAGACTCAATCAGT-1","Tumor cells in muscularis propria"
"CGAAGACTGTTAGAAG-1","Non-neoplastic colon"
"CGAAGACTGTTGACGC-1","Tumor stroma in muscularis propria"
"CGAAGATAGGTTGATA-1","Non-neoplastic colon"
"CGAAGCGAACCGGTAA-1","Non-neoplastic colon"
"CGAAGGAGGCCTGGAC-1","Tumor stroma in muscularis propria"
"CGAAGGTTCCAGCGCT-1","Non-neoplastic colon"
"CGAAGTAGGACGCATG-1","Tumor cells in mucosa and submucosa"
"CGAAGTAGTTACTCGA-1","Non-neoplastic colon"
"CGAAGTGACAACTCGG-1","Non-neoplastic colon"
"CGAAGTGAGCCTTGCG-1","Non-neoplastic colon"
"CGAAGTGCAATGAGGA-1","Non-neoplastic colon"
"CGAATACATATTCTGA-1","Tumor cells in mucosa and submucosa"
"CGAATATGCCGATTAC-1","Non-neoplastic colon"
"CGAATCAACTCATTGC-1","Tumor stroma in muscularis propria"
"CGAATCAGCGAGTGGC-1","Non-neoplastic colon"
"CGAATCAGCGTTCTTG-1","Tumor cells in muscularis propria"
"CGAATCCTGCGACATT-1","Non-neoplastic colon"
"CGAATGATCACCGCTC-1","Non-neoplastic colon"
"CGAATGCCGTACGACC-1","Tumor cells in mucosa and submucosa"
"CGAATGGAATCGTGAC-1","Tumor cells in muscularis propria"
"CGAATGGTAGTGCAGC-1","Non-neoplastic colon"
"CGAATGGTTCGCAAGG-1","Non-neoplastic colon"
"CGAATTACAAGTCTCC-1","Non-neoplastic colon"
"CGAATTACCTTGATGT-1","Tumor cells in mucosa and submucosa"
"CGAATTAGACTCGGTT-1","Non-neoplastic colon"
"CGACAATTATGGCGAT-1","Tumor cells in mucosa and submucosa"
"CGACATCTTGGTGATC-1","Non-neoplastic colon"
"CGACATGTCTTAGATG-1","Non-neoplastic colon"
"CGACCAACAGCGCATA-1","Tumor cells in muscularis propria"
"CGACCAACAGGAATGG-1","Non-neoplastic colon"
"CGACCAACGGAAGTCA-1","Non-neoplastic colon"
"CGACCACGCCAGGACT-1","Non-neoplastic colon"
"CGACCACGGTCTCCGG-1","Non-neoplastic colon"
"CGACCACTACCGTGCC-1","Non-neoplastic colon"
"CGACCACTACGACTGA-1","Tumor stroma in muscularis propria"
"CGACCACTGACAACGC-1","Non-neoplastic colon"
"CGACCAGCATCATAAG-1","Non-neoplastic colon"
"CGACCAGCATCTCGCC-1","Tumor cells in muscularis propria"
"CGACCAGCTGGCCAAC-1","Non-neoplastic colon"
"CGACCAGCTTGTATAG-1","Non-neoplastic colon"
"CGACCAGGCGGACAGA-1","Non-neoplastic colon"
"CGACCAGGTCTGCATA-1","Non-neoplastic colon"
"CGACCGAGTGAGGAGT-1","Non-neoplastic colon"
"CGACCGTGGACAATTG-1","Non-neoplastic colon"
"CGACCTAAGTATCCAT-1","Tumor stroma in mucosa and submucosa"
"CGACCTATACTAGTCC-1","Tumor cells in mucosa and submucosa"
"CGACCTATCTGTTATC-1","Non-neoplastic colon"
"CGACCTATTGATGTCG-1","Non-neoplastic colon"
"CGACCTCGTGTACTGA-1","Tumor cells in mucosa and submucosa"
"CGACCTGCTCTTAGAC-1","Tumor cells in mucosa and submucosa"
"CGACCTTGATGTGGAC-1","Non-neoplastic colon"
"CGACCTTGGATGCATT-1","Non-neoplastic colon"
"CGACCTTGGCCTATAC-1","Non-neoplastic colon"
"CGACGCAACCGACGAG-1","Non-neoplastic colon"
"CGACGCAGATACAACC-1","Non-neoplastic colon"
"CGACGCATGCTCGATT-1","Non-neoplastic colon"
"CGACGCCAACTGTCTA-1","Non-neoplastic colon"
"CGACGCCGTACGTTCT-1","Non-neoplastic colon"
"CGACGCGAGTCTCATC-1","Non-neoplastic colon"
"CGACGCGGAACGAGTG-1","Tumor cells in mucosa and submucosa"
"CGACGCGTACAGATGA-1","Non-neoplastic colon"
"CGACGCTACAATGTAT-1","Non-neoplastic colon"
"CGACGCTCACATAAGT-1","Non-neoplastic colon"
"CGACGCTCGCGAACGC-1","Non-neoplastic colon"
"CGACGGACGGCGTTGG-1","Tumor cells in mucosa and submucosa"
"CGACGGAGATCTCGTC-1","Tumor cells in mucosa and submucosa"
"CGACGGTATCACCGAA-1","Non-neoplastic colon"
"CGACTAAGATGCCTAA-1","Tumor stroma in muscularis propria"
"CGACTAAGGCAGCGAC-1","Non-neoplastic colon"
"CGACTAAGTGACCGTA-1","Non-neoplastic colon"
"CGACTAGAGGCGGTAT-1","Tumor cells in muscularis propria"
"CGACTAGAGGTATGGA-1","Tumor cells in mucosa and submucosa"
"CGACTAGATGCTATTG-1","Tumor stroma in muscularis propria"
"CGACTAGCGTTCCGTT-1","Non-neoplastic colon"
"CGACTAGCTGCCGACA-1","Non-neoplastic colon"
"CGACTAGGACGACATC-1","Non-neoplastic colon"
"CGACTATCGTCTGTGC-1","Non-neoplastic colon"
"CGACTGAACACTGGTT-1","Tumor cells in muscularis propria"
"CGACTGCCAGACGCAG-1","Non-neoplastic colon"
"CGACTGCGCAACTGTC-1","Non-neoplastic colon"
"CGACTGGTACATCACT-1","Non-neoplastic colon"
"CGACTTCTGGTAGATA-1","Non-neoplastic colon"
"CGACTTGGTCAATTGC-1","Tumor cells in muscularis propria"
"CGAGAACGGACATGAT-1","Tumor stroma in mucosa and submucosa"
"CGAGAACGTAGTCTAA-1","Non-neoplastic colon"
"CGAGAACGTGCCATCC-1","Tumor cells in mucosa and submucosa"
"CGAGACGACACGCTTG-1","Non-neoplastic colon"
"CGAGATCAGTCTAGCG-1","Non-neoplastic colon"
"CGAGATCATTACATTC-1","Non-neoplastic colon"
"CGAGATCTCAATCGTT-1","Non-neoplastic colon"
"CGAGCCGGCGCTATCG-1","Tumor cells in mucosa and submucosa"
"CGAGCGATCGACATGG-1","Tumor cells in muscularis propria"
"CGAGCGCAACCGTGTA-1","Tumor cells in mucosa and submucosa"
"CGAGCGCAGACAACCG-1","Non-neoplastic colon"
"CGAGCGGCACCTACAG-1","Non-neoplastic colon"
"CGAGCGGCATCCTCTT-1","Non-neoplastic colon"
"CGAGCGGCGAGTCTGA-1","Non-neoplastic colon"
"CGAGCGGTTGCAGCGA-1","Non-neoplastic colon"
"CGAGCGTAATCTGCGT-1","Tumor cells in mucosa and submucosa"
"CGAGCGTGTAACCGTC-1","Non-neoplastic colon"
"CGAGGAACGGAGCGGT-1","Non-neoplastic colon"
"CGAGGAAGGATAAGTC-1","Non-neoplastic colon"
"CGAGGAAGTTAACCAG-1","Non-neoplastic colon"
"CGAGGACGATCTCGCA-1","Non-neoplastic colon"
"CGAGGACGCCTCGAAC-1","Tumor cells in mucosa and submucosa"
"CGAGGACGGTGGCCAC-1","Tumor cells in mucosa and submucosa"
"CGAGGAGCGAGGTTGT-1","Non-neoplastic colon"
"CGAGGATACAGTCGAT-1","Non-neoplastic colon"
"CGAGGATACCAGTGTC-1","Non-neoplastic colon"
"CGAGGATACTGTACTC-1","Non-neoplastic colon"
"CGAGGATATTGAAGCG-1","Tumor cells in muscularis propria"
"CGAGGATTCTGTGAAG-1","Tumor stroma in mucosa and submucosa"
"CGAGGCACTCTATCAT-1","Non-neoplastic colon"
"CGAGGCATGTTCTTAT-1","Tumor stroma in mucosa and submucosa"
"CGAGGCATTACTAATA-1","Tumor cells in mucosa and submucosa"
"CGAGGTTCACTAAGCA-1","Non-neoplastic colon"
"CGAGTCACCAGTTATC-1","Non-neoplastic colon"
"CGAGTCATAAGTCCGT-1","Non-neoplastic colon"
"CGAGTCCACCTGGTCA-1","Non-neoplastic colon"
"CGAGTCCGCACTAACA-1","Non-neoplastic colon"
"CGAGTCGACCGAATAA-1","Non-neoplastic colon"
"CGAGTCGACGGAGCCG-1","Tumor cells in muscularis propria"
"CGAGTCGAGCAGCTAG-1","Non-neoplastic colon"
"CGAGTCGCACGCAGTA-1","Non-neoplastic colon"
"CGAGTCGCCAAGCGGA-1","Non-neoplastic colon"
"CGAGTCGGAAGTCTCA-1","Non-neoplastic colon"
"CGAGTCTTACGGAGGT-1","Non-neoplastic colon"
"CGAGTCTTACGTTCTA-1","Tumor cells in mucosa and submucosa"
"CGAGTCTTGTTAATGC-1","Non-neoplastic colon"
"CGAGTTACTTCATTCG-1","Non-neoplastic colon"
"CGATAACGGCGAATAA-1","Non-neoplastic colon"
"CGATAACTCCGAAGTT-1","Tumor cells in mucosa and submucosa"
"CGATAACTCGCCTCTA-1","Tumor cells in muscularis propria"
"CGATAAGACTCGGAGG-1","Tumor cells in mucosa and submucosa"
"CGATAAGATTCTAACT-1","Non-neoplastic colon"
"CGATAAGGAGCGAATA-1","Non-neoplastic colon"
"CGATAATGTTATACTT-1","Non-neoplastic colon"
"CGATAGACAACTCATT-1","Tumor stroma in muscularis propria"
"CGATGAAGACTCTACC-1","Non-neoplastic colon"
"CGATGAATACCTAGTC-1","Tumor cells in muscularis propria"
"CGATGAATCAGGTGGA-1","Tumor cells in mucosa and submucosa"
"CGATGAATTCGGCAGT-1","Tumor cells in mucosa and submucosa"
"CGATGAGGAAGTGCCG-1","Tumor stroma in mucosa and submucosa"
"CGATGAGGTTACTCTG-1","Non-neoplastic colon"
"CGATGAGTAAGGACTA-1","Non-neoplastic colon"
"CGATGAGTTCCGACAG-1","Tumor cells in mucosa and submucosa"
"CGATGATCCTCACTCG-1","Tumor stroma in muscularis propria"
"CGATGATCGTGGAAGG-1","Non-neoplastic colon"
"CGATGCTGCGTGCATT-1","Tumor cells in mucosa and submucosa"
"CGATGCTGTCATACAA-1","Non-neoplastic colon"
"CGATGGCACTCGTGAA-1","Non-neoplastic colon"
"CGATGGCAGCCGACCA-1","Non-neoplastic colon"
"CGATGGCCAGAATGTC-1","Non-neoplastic colon"
"CGATGTCAACTTGGCC-1","Tumor cells in mucosa and submucosa"
"CGATGTTCCAGTCTGG-1","Tumor stroma in mucosa and submucosa"
"CGATTGAAGACTGACA-1","Tumor cells in mucosa and submucosa"
"CGATTGTCAATATGCC-1","Tumor cells in muscularis propria"
"CGCAACCATACTTGTA-1","Tumor cells in mucosa and submucosa"
"CGCAACGTATACAGGT-1","Non-neoplastic colon"
"CGCAAGAATCAGCACT-1","Tumor cells in muscularis propria"
"CGCAAGGCGACGCAGC-1","Tumor cells in mucosa and submucosa"
"CGCAAGTCCTACCGTT-1","Non-neoplastic colon"
"CGCAAGTCTTCGCTCC-1","Non-neoplastic colon"
"CGCAAGTGAACTGTTC-1","Tumor cells in mucosa and submucosa"
"CGCAATACTTATCTTG-1","Tumor stroma in muscularis propria"
"CGCAATAGCGAGTATG-1","Tumor cells in mucosa and submucosa"
"CGCAATAGGTTCCACT-1","Non-neoplastic colon"
"CGCAATCGATGATCCA-1","Non-neoplastic colon"
"CGCAATCGGATCCTTG-1","Tumor cells in mucosa and submucosa"
"CGCAATCTGCGTGAAT-1","Non-neoplastic colon"
"CGCAATGAACTCTTAA-1","Non-neoplastic colon"
"CGCAATGCCTATACGC-1","Non-neoplastic colon"
"CGCAATGGAGCCGCCT-1","Non-neoplastic colon"
"CGCAATTATGTCAGAT-1","Tumor cells in muscularis propria"
"CGCACGCACGGAGCCT-1","Non-neoplastic colon"
"CGCACGCAGGCGCATG-1","Non-neoplastic colon"
"CGCACGCATTACTTCT-1","Tumor cells in muscularis propria"
"CGCACGCCAGGTAATT-1","Non-neoplastic colon"
"CGCACGCCATAGGTAG-1","Tumor cells in mucosa and submucosa"
"CGCACGGTAGGAAGTG-1","Tumor stroma in mucosa and submucosa"
"CGCACGTTCGTGGATT-1","Non-neoplastic colon"
"CGCACTAACAGATGCC-1","Non-neoplastic colon"
"CGCACTACTGGTTGCA-1","Non-neoplastic colon"
"CGCACTACTTGTACAG-1","Tumor cells in mucosa and submucosa"
"CGCACTAGCCGACAAC-1","Non-neoplastic colon"
"CGCACTCCGAAGATGG-1","Tumor cells in mucosa and submucosa"
"CGCACTGAACTACGTG-1","Non-neoplastic colon"
"CGCACTGGAACGAGAC-1","Non-neoplastic colon"
"CGCACTTCGTTACCGC-1","Non-neoplastic colon"
"CGCACTTCTAGCGGCT-1","Non-neoplastic colon"
"CGCAGACAGGATCCGT-1","Non-neoplastic colon"
"CGCAGACGGTGACAGC-1","Non-neoplastic colon"
"CGCAGATAACATACTA-1","Tumor stroma in muscularis propria"
"CGCAGATATCCACTCA-1","Non-neoplastic colon"
"CGCAGGACGATACTTG-1","Non-neoplastic colon"
"CGCAGTCGGACGCTGC-1","Non-neoplastic colon"
"CGCATACTCCGCTGTA-1","Non-neoplastic colon"
"CGCATATCTGGAAGGA-1","Non-neoplastic colon"
"CGCATCGCATCAGAGC-1","Tumor cells in mucosa and submucosa"
"CGCATCGCGTCATCTT-1","Non-neoplastic colon"
"CGCATCTGAGGCACAG-1","Tumor cells in mucosa and submucosa"
"CGCATCTGGAAGTGCG-1","Non-neoplastic colon"
"CGCATCTTACGCAACT-1","Tumor stroma in mucosa and submucosa"
"CGCATCTTGACAGTTA-1","Non-neoplastic colon"
"CGCATGACCTTCCAGG-1","Non-neoplastic colon"
"CGCATGAGTTATAGCG-1","Non-neoplastic colon"
"CGCATGCTGAACTTGT-1","Non-neoplastic colon"
"CGCATGGAGCCTCAAG-1","Non-neoplastic colon"
"CGCATGTAACCTTGGA-1","Non-neoplastic colon"
"CGCCAGACCTCAATTA-1","Tumor cells in muscularis propria"
"CGCCGGATACTTGGTT-1","Non-neoplastic colon"
"CGCCGGCCAATACACC-1","Non-neoplastic colon"
"CGCCGGCCGCAAGAAC-1","Non-neoplastic colon"
"CGCCGGCGATTCACAG-1","Non-neoplastic colon"
"CGCCGGTAAGTCATTA-1","Tumor cells in muscularis propria"
"CGCCGGTAGCTGCACC-1","Tumor cells in mucosa and submucosa"
"CGCCGGTATGGTGATT-1","Tumor cells in mucosa and submucosa"
"CGCCGGTCGAAGGCTT-1","Non-neoplastic colon"
"CGCCGTCGCTACAGCG-1","Non-neoplastic colon"
"CGCCGTCTCGTTGCTC-1","Non-neoplastic colon"
"CGCCGTGCGAATCCAT-1","Tumor cells in muscularis propria"
"CGCCTAGGCAACAGGA-1","Tumor cells in muscularis propria"
"CGCCTATTCAAGCCTG-1","Non-neoplastic colon"
"CGCCTATTCGCTTAAC-1","Tumor cells in subserosa"
"CGCCTATTCTTAACTC-1","Non-neoplastic colon"
"CGCCTCGAGCAGTAGA-1","Tumor stroma in mucosa and submucosa"
"CGCCTCGTGACCTTGG-1","Non-neoplastic colon"
"CGCCTCTACTGTCATA-1","Non-neoplastic colon"
"CGCCTCTGTAACGGTT-1","Tumor cells in mucosa and submucosa"
"CGCCTCTGTCCTGCCA-1","Tumor cells in mucosa and submucosa"
"CGCCTTACGCGGCACC-1","Non-neoplastic colon"
"CGCCTTACTGGACGAG-1","Tumor cells in mucosa and submucosa"
"CGCCTTATGTCCAGAA-1","Non-neoplastic colon"
"CGCCTTCATTCAAGAC-1","Non-neoplastic colon"
"CGCCTTGAATTACCAT-1","Non-neoplastic colon"
"CGCCTTGGTACGCCAT-1","Tumor stroma in muscularis propria"
"CGCCTTGGTCGCTTAG-1","Non-neoplastic colon"
"CGCCTTGGTCTAGATA-1","Non-neoplastic colon"
"CGCCTTGTCGACCGAG-1","Non-neoplastic colon"
"CGCCTTGTGATCCACT-1","Non-neoplastic colon"
"CGCTACATACGGAACC-1","Tumor cells in muscularis propria"
"CGCTAGAATCTTGTGA-1","Non-neoplastic colon"
"CGCTAGACCATGGTAG-1","Tumor cells in mucosa and submucosa"
"CGCTAGACGGTCACAA-1","Non-neoplastic colon"
"CGCTAGCAATCTCGTG-1","Non-neoplastic colon"
"CGCTAGCCGTTCATGG-1","Tumor cells in muscularis propria"
"CGCTAGCTCGGTTGCG-1","Non-neoplastic colon"
"CGCTAGGAGTTAATTA-1","Tumor stroma in muscularis propria"
"CGCTAGTAGAGCAGCG-1","Non-neoplastic colon"
"CGCTATCCGATAGACT-1","Non-neoplastic colon"
"CGCTATCTATAATCAC-1","Tumor cells in muscularis propria"
"CGCTATCTCAGTTAGA-1","Non-neoplastic colon"
"CGCTATGTCGTTGGTG-1","Tumor stroma in muscularis propria"
"CGCTATTAGCCTCGCT-1","Tumor cells in mucosa and submucosa"
"CGCTATTAGCGTTAAC-1","Non-neoplastic colon"
"CGCTATTGCAATGACG-1","Non-neoplastic colon"
"CGCTATTGGCGGACGT-1","Non-neoplastic colon"
"CGCTCACGTGGCATGT-1","Non-neoplastic colon"
"CGCTCATGGATACCGT-1","Tumor cells in muscularis propria"
"CGCTCCACCTACTTCG-1","Tumor cells in mucosa and submucosa"
"CGCTCGAATAACAATT-1","Tumor stroma in muscularis propria"
"CGCTCGAGATCAGAGG-1","Non-neoplastic colon"
"CGCTCGAGCGGCCATT-1","Non-neoplastic colon"
"CGCTCGAGGTGCTTGT-1","Non-neoplastic colon"
"CGCTCGAGTATCGCGT-1","Tumor cells in muscularis propria"
"CGCTCGCATAGATGCA-1","Tumor cells in mucosa and submucosa"
"CGCTCGGCGAATTAAT-1","Non-neoplastic colon"
"CGCTCGGCGTTGCAGG-1","Non-neoplastic colon"
"CGCTCGGCTGAGTGAG-1","Non-neoplastic colon"
"CGCTCGTTCATATTAC-1","Non-neoplastic colon"
"CGCTCGTTGTTAAGGA-1","Non-neoplastic colon"
"CGCTGAACAATAAGCG-1","Non-neoplastic colon"
"CGCTGACAAGAACAGG-1","Tumor cells in mucosa and submucosa"
"CGCTGACGCTCATCAA-1","Non-neoplastic colon"
"CGCTGAGTAAGCGGTT-1","Non-neoplastic colon"
"CGCTGCACCTATGACC-1","Non-neoplastic colon"
"CGCTGCACCTCGAGCG-1","Non-neoplastic colon"
"CGCTGCACTAATACAT-1","Non-neoplastic colon"
"CGCTGCCAGACCATGC-1","Non-neoplastic colon"
"CGCTGCGAAGATCCTA-1","Tumor cells in muscularis propria"
"CGCTGCGAGTCATAGA-1","Non-neoplastic colon"
"CGCTGCGGTCGCACGT-1","Non-neoplastic colon"
"CGCTGCTAAGCTATCC-1","Tumor cells in mucosa and submucosa"
"CGCTGCTTCAAGCGGT-1","Non-neoplastic colon"
"CGCTGCTTCCACAAGA-1","Non-neoplastic colon"
"CGCTGCTTCGAGACCG-1","Non-neoplastic colon"
"CGCTGCTTGCTTCAGT-1","Tumor stroma in muscularis propria"
"CGCTGTAGCCTAGCCG-1","Tumor stroma in muscularis propria"
"CGCTGTATCCGGTTCT-1","Non-neoplastic colon"
"CGCTGTATGGCTAGCG-1","Non-neoplastic colon"
"CGCTGTGACAGACTTC-1","Tumor stroma in muscularis propria"
"CGCTTAAGCTTGTCTA-1","Non-neoplastic colon"
"CGCTTAAGTAATTCGT-1","Non-neoplastic colon"
"CGCTTACACCTCGAGC-1","Non-neoplastic colon"
"CGCTTACACGGTTACC-1","Tumor stroma in mucosa and submucosa"
"CGCTTACAGACTGAAC-1","Tumor cells in mucosa and submucosa"
"CGCTTAGTAATCACGC-1","Non-neoplastic colon"
"CGCTTAGTGACTCGTT-1","Non-neoplastic colon"
"CGCTTAGTTAAGTCAG-1","Non-neoplastic colon"
"CGCTTATCTACGAACA-1","Non-neoplastic colon"
"CGCTTCAATAAGTGAT-1","Non-neoplastic colon"
"CGCTTCATTGTAGTCT-1","Non-neoplastic colon"
"CGCTTCCGAAGCGTAC-1","Tumor cells in mucosa and submucosa"
"CGCTTCCGCTAATTCA-1","Non-neoplastic colon"
"CGCTTCCTCATAATGC-1","Non-neoplastic colon"
"CGCTTCGGCATACGCC-1","Non-neoplastic colon"
"CGCTTCTAGCATCTGA-1","Non-neoplastic colon"
"CGCTTGAACCTTCACC-1","Tumor cells in mucosa and submucosa"
"CGCTTGATCTCGCAGC-1","Non-neoplastic colon"
"CGCTTGATGTACTTAC-1","Tumor cells in mucosa and submucosa"
"CGCTTGATTGCCTGCG-1","Non-neoplastic colon"
"CGCTTGCGCAATAACC-1","Non-neoplastic colon"
"CGCTTGCGTAGCATCG-1","Non-neoplastic colon"
"CGCTTGCTAGTCGCAA-1","Non-neoplastic colon"
"CGCTTGGACATGTCAC-1","Non-neoplastic colon"
"CGCTTGGAGGCCTACC-1","Tumor cells in muscularis propria"
"CGCTTGGATCGTGGTA-1","Non-neoplastic colon"
"CGGAACATTGTTGGAA-1","Tumor cells in mucosa and submucosa"
"CGGAACCAGCCGGCAC-1","Tumor stroma in muscularis propria"
"CGGAACTCCAGGACTT-1","Non-neoplastic colon"
"CGGAACTTCCTTATTG-1","Non-neoplastic colon"
"CGGAACTTGTCTAAGG-1","Tumor cells in mucosa and submucosa"
"CGGAAGATTCCGCCAA-1","Non-neoplastic colon"
"CGGAATCCAACTCAGG-1","Non-neoplastic colon"
"CGGACCACAAGACCAA-1","Non-neoplastic colon"
"CGGACCACAGACGTCT-1","Non-neoplastic colon"
"CGGACCAGGACAGACG-1","Non-neoplastic colon"
"CGGACGAGGACATTGT-1","Tumor cells in mucosa and submucosa"
"CGGACGCTGGCCGCTA-1","Non-neoplastic colon"
"CGGACTATTCGCATTG-1","Tumor cells in muscularis propria"
"CGGAGCACGATACCGC-1","Tumor cells in mucosa and submucosa"
"CGGAGCACTCGACATT-1","Non-neoplastic colon"
"CGGAGCAGTGTTATCG-1","Non-neoplastic colon"
"CGGAGCCAGTCTCGGC-1","Tumor cells in muscularis propria"
"CGGAGCGTGCACGCAG-1","Non-neoplastic colon"
"CGGAGCTATGTATCAG-1","Tumor cells in muscularis propria"
"CGGAGGAACTACGGTC-1","Non-neoplastic colon"
"CGGAGGCATACGCTGT-1","Non-neoplastic colon"
"CGGAGGTAATCGTGTA-1","Non-neoplastic colon"
"CGGAGGTATCTAATTC-1","Non-neoplastic colon"
"CGGAGGTCCAGACATC-1","Non-neoplastic colon"
"CGGAGGTCGCGTACTT-1","Tumor stroma in muscularis propria"
"CGGAGTATTAACGGTT-1","Non-neoplastic colon"
"CGGAGTCTGCTTAACA-1","Non-neoplastic colon"
"CGGAGTCTGTAGCAGT-1","Non-neoplastic colon"
"CGGAGTCTTATGGAGC-1","Non-neoplastic colon"
"CGGAGTGATTGTATTA-1","Tumor cells in mucosa and submucosa"
"CGGAGTGGATCAATCC-1","Tumor cells in muscularis propria"
"CGGAGTGGCGCTGTTA-1","Tumor stroma in muscularis propria"
"CGGAGTGGTCGCGACC-1","Non-neoplastic colon"
"CGGAGTTCACTACCGG-1","Non-neoplastic colon"
"CGGAGTTCGGCGCCGA-1","Non-neoplastic colon"
"CGGATAGCGTGAGTTA-1","Non-neoplastic colon"
"CGGATAGGACAAGCAA-1","Non-neoplastic colon"
"CGGATAGGTAACGCGG-1","Non-neoplastic colon"
"CGGATGTCTTCCGCTG-1","Non-neoplastic colon"
"CGGATGTTGATCGCGT-1","Non-neoplastic colon"
"CGGATTAATGAAGAGG-1","Non-neoplastic colon"
"CGGATTCGAATAACCT-1","Non-neoplastic colon"
"CGGATTCGGCAACACC-1","Tumor stroma in muscularis propria"
"CGGATTGAACCTGTTG-1","Tumor cells in mucosa and submucosa"
"CGGATTGCCGTCGATC-1","Non-neoplastic colon"
"CGGCAAGATGAAGACG-1","Non-neoplastic colon"
"CGGCAAGCGTCTCAGG-1","Tumor cells in mucosa and submucosa"
"CGGCAAGGTTCATATC-1","Non-neoplastic colon"
"CGGCAAGTGCATAAGC-1","Tumor cells in mucosa and submucosa"
"CGGCAATGTCGCTTCA-1","Non-neoplastic colon"
"CGGCACGTCTGAGGTC-1","Non-neoplastic colon"
"CGGCACTTATACCTGT-1","Non-neoplastic colon"
"CGGCATGGTGAGACTG-1","Tumor cells in mucosa and submucosa"
"CGGCATTACAACTGGT-1","Tumor cells in mucosa and submucosa"
"CGGCATTCTGTCGCCG-1","Tumor cells in mucosa and submucosa"
"CGGCCATTATAATGTT-1","Non-neoplastic colon"
"CGGCCGACGTCCAGTC-1","Non-neoplastic colon"
"CGGCCGTGACAGTTCT-1","Non-neoplastic colon"
"CGGCCGTGGTCCAAGG-1","Non-neoplastic colon"
"CGGCCTCCATAGGCTT-1","Non-neoplastic colon"
"CGGCCTCCTTATAGCG-1","Tumor cells in mucosa and submucosa"
"CGGCCTGCACCATCTT-1","Tumor stroma in mucosa and submucosa"
"CGGCCTGCCAATTGTT-1","Non-neoplastic colon"
"CGGCCTGCCTTAGTGG-1","Non-neoplastic colon"
"CGGCGACCTCAGCGAG-1","Non-neoplastic colon"
"CGGCGATACTCACCAA-1","Non-neoplastic colon"
"CGGCGTAACAATTAGA-1","Non-neoplastic colon"
"CGGCGTAAGCGACAGC-1","Tumor cells in mucosa and submucosa"
"CGGCGTACCGGTGAGC-1","Tumor cells in muscularis propria"
"CGGCGTAGCCTCCGCT-1","Tumor cells in mucosa and submucosa"
"CGGCGTATACCGGAGT-1","Non-neoplastic colon"
"CGGCGTATCATTGATT-1","Non-neoplastic colon"
"CGGCGTCACCTCAATA-1","Non-neoplastic colon"
"CGGCGTCATGATACAA-1","Non-neoplastic colon"
"CGGCGTCATGGCCTTC-1","Non-neoplastic colon"
"CGGCGTGCACGGTACC-1","Non-neoplastic colon"
"CGGCGTGCACTCAAGT-1","Tumor cells in muscularis propria"
"CGGCGTTGGAGTAGTC-1","Non-neoplastic colon"
"CGGCGTTGTCTTGTTA-1","Non-neoplastic colon"
"CGGCTCCTATCTTGGC-1","Non-neoplastic colon"
"CGGCTCGCGACATATG-1","Non-neoplastic colon"
"CGGCTGACATCTCCGC-1","Non-neoplastic colon"
"CGGCTTAGGTGCGTAT-1","Non-neoplastic colon"
"CGGCTTCCGGATTGTA-1","Tumor stroma in mucosa and submucosa"
"CGGCTTCCGTAGCGAC-1","Tumor stroma in muscularis propria"
"CGGTAACGCATTCTGA-1","Non-neoplastic colon"
"CGGTAGACCTGTGGTC-1","Non-neoplastic colon"
"CGGTAGATTCGCTCGG-1","Non-neoplastic colon"
"CGGTAGCAACAGTGGT-1","Non-neoplastic colon"
"CGGTAGCAGTCATACT-1","Non-neoplastic colon"
"CGGTAGCGCTTAACCT-1","Non-neoplastic colon"
"CGGTAGCGGTCTGTAC-1","Tumor cells in mucosa and submucosa"
"CGGTAGGTTGCGTAAG-1","Tumor cells in mucosa and submucosa"
"CGGTAGTGGTCGGACG-1","Non-neoplastic colon"
"CGGTAGTTCCTAGGCA-1","Non-neoplastic colon"
"CGGTATCTGTGCAACC-1","Non-neoplastic colon"
"CGGTATGCGGCTGGAA-1","Non-neoplastic colon"
"CGGTCACTTGCGTGCT-1","Non-neoplastic colon"
"CGGTCCAACCATTCCG-1","Non-neoplastic colon"
"CGGTCCAAGTAAGCTG-1","Non-neoplastic colon"
"CGGTCCATGCCTACCT-1","Non-neoplastic colon"
"CGGTCCGCCACTAGAT-1","Non-neoplastic colon"
"CGGTCCGCTGTACGTG-1","Non-neoplastic colon"
"CGGTCCGGCTCCTGTA-1","Non-neoplastic colon"
"CGGTCCTACTCGTCTG-1","Non-neoplastic colon"
"CGGTCCTCGGTGATCA-1","Non-neoplastic colon"
"CGGTCCTTCCGCTTGG-1","Non-neoplastic colon"
"CGGTCTCCAGGACCTG-1","LVI"
"CGGTCTCCGTTGGATC-1","Non-neoplastic colon"
"CGGTCTGCCGAGTTAA-1","Non-neoplastic colon"
"CGGTCTGCGGAAGACC-1","Non-neoplastic colon"
"CGGTCTGCGTTAAGAC-1","Non-neoplastic colon"
"CGGTCTTAAGGCCGCA-1","Tumor cells in mucosa and submucosa"
"CGGTCTTATCGGTGGA-1","Tumor stroma in muscularis propria"
"CGGTGAACTACGACTT-1","Tumor cells in mucosa and submucosa"
"CGGTGACTGACTTGGA-1","Non-neoplastic colon"
"CGGTGAGCGTTGAGCG-1","Non-neoplastic colon"
"CGGTGATTAGAACTTC-1","Non-neoplastic colon"
"CGGTGCACATAGTAAC-1","Non-neoplastic colon"
"CGGTGCGTTAACAAGT-1","Non-neoplastic colon"
"CGGTGCTGACTGAACA-1","Non-neoplastic colon"
"CGGTGGAGGCAATGTC-1","Non-neoplastic colon"
"CGGTGGAGGCACCTCA-1","Non-neoplastic colon"
"CGGTGGCATAGGTTCC-1","Non-neoplastic colon"
"CGGTGGCATCTTATGT-1","Tumor cells in muscularis propria"
"CGGTTAGACCACCTCC-1","Non-neoplastic colon"
"CGGTTAGAGTCTCGAC-1","Tumor cells in mucosa and submucosa"
"CGGTTAGGCGTACGAA-1","Non-neoplastic colon"
"CGGTTCCTTAAGGTAA-1","Non-neoplastic colon"
"CGGTTCTGGCACTCGG-1","Non-neoplastic colon"
"CGGTTCTGGCTAATCG-1","Non-neoplastic colon"
"CGGTTGATTGACAAGG-1","Non-neoplastic colon"
"CGGTTGCAGGAGTGAC-1","Tumor cells in mucosa and submucosa"
"CGGTTGCTGATACCTA-1","Non-neoplastic colon"
"CGGTTGCTTATGTCGT-1","Non-neoplastic colon"
"CGGTTGGCCATAGCCG-1","Non-neoplastic colon"
"CGGTTGGCGGTCCAAG-1","Non-neoplastic colon"
"CGGTTGGCGTAGATAC-1","Tumor stroma in mucosa and submucosa"
"CGGTTGGCTGCGTTCC-1","Tumor cells in muscularis propria"
"CGGTTGTCAGCTGACC-1","Non-neoplastic colon"
"CGTAACAGAATATCAC-1","Tumor cells in muscularis propria"
"CGTAACAGCAATTCTG-1","Non-neoplastic colon"
"CGTAACATGGAAGCTT-1","Non-neoplastic colon"
"CGTAACGCCAATCTGC-1","Non-neoplastic colon"
"CGTAACGGCTCCGTGA-1","Tumor cells in muscularis propria"
"CGTAACTAAGGCTAGC-1","Non-neoplastic colon"
"CGTAAGACTAATCCAA-1","Tumor cells in mucosa and submucosa"
"CGTAAGCCTATTGGCA-1","Tumor cells in mucosa and submucosa"
"CGTACAACGTGCTATG-1","Tumor cells in mucosa and submucosa"
"CGTACAACTTATGGTT-1","Non-neoplastic colon"
"CGTACAATGATCTGGT-1","Non-neoplastic colon"
"CGTACAATTGCGTGAA-1","Non-neoplastic colon"
"CGTACACGATCCATAG-1","Non-neoplastic colon"
"CGTACACGCCGGATGA-1","Tumor cells in muscularis propria"
"CGTACACTCATATCAA-1","Tumor cells in mucosa and submucosa"
"CGTACAGTCAACATCC-1","Tumor stroma in mucosa and submucosa"
"CGTACAGTTCACGAGG-1","Tumor cells in mucosa and submucosa"
"CGTACATTATCGCCAA-1","Tumor stroma in muscularis propria"
"CGTACATTGCTGGCAC-1","Non-neoplastic colon"
"CGTACTGCATCGGTAC-1","Non-neoplastic colon"
"CGTACTTACTGGCCAG-1","Tumor cells in mucosa and submucosa"
"CGTACTTAGGACTCAG-1","Non-neoplastic colon"
"CGTACTTCGCATCGGT-1","Non-neoplastic colon"
"CGTACTTCGCGATATC-1","Non-neoplastic colon"
"CGTACTTGTCTGAGAA-1","LVI"
"CGTAGAGCAAGAGGCT-1","Non-neoplastic colon"
"CGTAGTACCGTTAGTT-1","Non-neoplastic colon"
"CGTAGTATACGCTAGC-1","Non-neoplastic colon"
"CGTAGTATGTATTCAT-1","Non-neoplastic colon"
"CGTAGTCGCCAACCTA-1","Tumor cells in muscularis propria"
"CGTAGTCGCTGCCTAA-1","Tumor cells in mucosa and submucosa"
"CGTAGTCGTGAGGCAC-1","Non-neoplastic colon"
"CGTAGTTAGATCAAGC-1","Tumor cells in mucosa and submucosa"
"CGTAGTTCGGCCTGCC-1","Tumor cells in mucosa and submucosa"
"CGTAGTTGGACCTTGG-1","Tumor cells in mucosa and submucosa"
"CGTAGTTGGTGACCAC-1","Non-neoplastic colon"
"CGTATCAAGATGGTCC-1","Non-neoplastic colon"
"CGTATCACCGTTCGCC-1","Non-neoplastic colon"
"CGTATCGCGTTCCTCA-1","Non-neoplastic colon"
"CGTATGAACTGTGCAT-1","Non-neoplastic colon"
"CGTCACAACTCAGCAC-1","Tumor cells in muscularis propria"
"CGTCACGTCTACGTAG-1","Non-neoplastic colon"
"CGTCATCCTTCAGCCT-1","Tumor stroma in mucosa and submucosa"
"CGTCATTAACCGCTCG-1","Non-neoplastic colon"
"CGTCCAAGCGGTTAAC-1","Non-neoplastic colon"
"CGTCCAAGTTCCATGT-1","Non-neoplastic colon"
"CGTCCAAGTTCGGATA-1","Non-neoplastic colon"
"CGTCCAGACTGTCTAA-1","Non-neoplastic colon"
"CGTCCATACTCGAGGT-1","Non-neoplastic colon"
"CGTCCATACTTAGAAC-1","Non-neoplastic colon"
"CGTCCATGAATGACGA-1","Non-neoplastic colon"
"CGTCGAACATTACACG-1","Tumor cells in muscularis propria"
"CGTCGCTTGGATTAAT-1","Tumor stroma in muscularis propria"
"CGTCGGACAACTTAAG-1","Tumor cells in muscularis propria"
"CGTCGGACCGAGTCTT-1","Non-neoplastic colon"
"CGTCGGACTATCAGAA-1","Tumor cells in mucosa and submucosa"
"CGTCGGATCAGCCGGC-1","Non-neoplastic colon"
"CGTCGGATGGCCAACG-1","Non-neoplastic colon"
"CGTCGGATTACCGATT-1","Non-neoplastic colon"
"CGTCGGCATTACCTTG-1","Non-neoplastic colon"
"CGTCGGCCAACACCAT-1","Non-neoplastic colon"
"CGTCGGTTCGTTAACA-1","Tumor stroma in mucosa and submucosa"
"CGTCGGTTGAGCACTA-1","Tumor stroma in mucosa and submucosa"
"CGTCGGTTGTTCAAGT-1","Non-neoplastic colon"
"CGTCTAGCATCAGTCG-1","Non-neoplastic colon"
"CGTCTAGCTACTGTTA-1","Non-neoplastic colon"
"CGTCTGTAACTCACTG-1","Non-neoplastic colon"
"CGTGAACCAGGAGCCT-1","Non-neoplastic colon"
"CGTGAGCAGGCTACCA-1","Non-neoplastic colon"
"CGTGAGCGCCGAGTCA-1","Tumor cells in muscularis propria"
"CGTGAGCGTGGTGAGT-1","Tumor stroma in mucosa and submucosa"
"CGTGAGCTCAGACTAT-1","Non-neoplastic colon"
"CGTGAGCTTCCGGCGT-1","Non-neoplastic colon"
"CGTGAGGACAGTAACT-1","Tumor stroma in mucosa and submucosa"
"CGTGAGTCTAGCGACA-1","Non-neoplastic colon"
"CGTGAGTTACCAGAGG-1","Non-neoplastic colon"
"CGTGAGTTCATCGATG-1","Non-neoplastic colon"
"CGTGAGTTCCAGCGAA-1","Non-neoplastic colon"
"CGTGATCCTCCGTACT-1","Non-neoplastic colon"
"CGTGCACCGAGCTTCC-1","Tumor cells in mucosa and submucosa"
"CGTGCCGCGTGGCTAT-1","Non-neoplastic colon"
"CGTGCCTGTAATCTGG-1","Non-neoplastic colon"
"CGTGCGTGGTGCCTGG-1","Non-neoplastic colon"
"CGTGCTGAACAAGACG-1","Non-neoplastic colon"
"CGTGGCCGCAGTGGAT-1","Non-neoplastic colon"
"CGTGGCCTAGTCTTCG-1","Non-neoplastic colon"
"CGTGGCCTCATAAGCC-1","Tumor cells in mucosa and submucosa"
"CGTGGCGAGCGATAGC-1","Tumor cells in mucosa and submucosa"
"CGTGGCGATGGCTTAC-1","Non-neoplastic colon"
"CGTGGCGATTGCCACT-1","Non-neoplastic colon"
"CGTGGCTAAGTATTGC-1","Non-neoplastic colon"
"CGTGGCTCCATTAGGT-1","Non-neoplastic colon"
"CGTGGCTCTATCGCGG-1","Non-neoplastic colon"
"CGTGGCTGTTGACGTG-1","Tumor stroma in mucosa and submucosa"
"CGTGTACCATGTTCCG-1","Non-neoplastic colon"
"CGTGTACCGTAGCAGG-1","Non-neoplastic colon"
"CGTGTACGCAGAAGCG-1","Non-neoplastic colon"
"CGTGTACGCTGGCAAT-1","Non-neoplastic colon"
"CGTGTAGTCGCCAGGC-1","Non-neoplastic colon"
"CGTGTATGAAGTGATC-1","Non-neoplastic colon"
"CGTGTCTGCCGCAGCC-1","Non-neoplastic colon"
"CGTGTTCAATTCAACC-1","Tumor cells in muscularis propria"
"CGTGTTCACGTCAGTG-1","Tumor stroma in muscularis propria"
"CGTGTTGCAATCGATA-1","Tumor cells in mucosa and submucosa"
"CGTGTTGCATCCTCAC-1","Non-neoplastic colon"
"CGTTAACCTTGATGCA-1","Non-neoplastic colon"
"CGTTACAGCGGCATCG-1","Non-neoplastic colon"
"CGTTACCGTTCAGGTG-1","Non-neoplastic colon"
"CGTTACGACCACAGAC-1","Non-neoplastic colon"
"CGTTACGGTTCTCGGA-1","Non-neoplastic colon"
"CGTTACGTACGTCTCC-1","Non-neoplastic colon"
"CGTTACGTAGGCTGTT-1","Non-neoplastic colon"
"CGTTACTCTTATCTGT-1","Tumor stroma in mucosa and submucosa"
"CGTTCATGGTCGGCCA-1","Non-neoplastic colon"
"CGTTCCACTCAGGTAA-1","Tumor cells in mucosa and submucosa"
"CGTTCCGAATTATGTT-1","Non-neoplastic colon"
"CGTTCCTCGCTTCTCG-1","Tumor cells in mucosa and submucosa"
"CGTTCGTGCTATGCAC-1","Non-neoplastic colon"
"CGTTGACACCGCTAGA-1","Non-neoplastic colon"
"CGTTGGAACCGGAGTA-1","Tumor stroma in mucosa and submucosa"
"CGTTGGTAACCACGAC-1","Non-neoplastic colon"
"CGTTGGTACTGGTGCG-1","Non-neoplastic colon"
"CGTTGGTCGTAATATG-1","Non-neoplastic colon"
"CGTTGGTGCACGCCAC-1","Tumor cells in muscularis propria"
"CGTTGGTGGAATTCGA-1","Tumor cells in mucosa and submucosa"
"CGTTGTAATAACAGTA-1","Non-neoplastic colon"
"CGTTGTCAATTAGCCA-1","Tumor stroma in muscularis propria"
"CGTTGTCTAGGACCAC-1","Non-neoplastic colon"
"CTAACACGATTCCTCG-1","Tumor stroma in muscularis propria"
"CTAACACGCAGACCGA-1","Non-neoplastic colon"
"CTAACACGTACTATCT-1","Non-neoplastic colon"
"CTAACACGTGTTCGAT-1","Non-neoplastic colon"
"CTAACAGACGCATATC-1","Tumor cells in mucosa and submucosa"
"CTAACAGCTGAAGAGG-1","Tumor cells in muscularis propria"
"CTAACATTATTCGTTA-1","Tumor stroma in mucosa and submucosa"
"CTAACCACTGAGATGA-1","Tumor cells in mucosa and submucosa"
"CTAACCTATCGATTAT-1","Non-neoplastic colon"
"CTAACGGAGCTTCGCA-1","Non-neoplastic colon"
"CTAACGTCTGGATCCA-1","Non-neoplastic colon"
"CTAACGTGCTGAGTCT-1","Tumor cells in mucosa and submucosa"
"CTAACTAACGGCCAGC-1","Non-neoplastic colon"
"CTAACTGCATCTTACT-1","Tumor cells in mucosa and submucosa"
"CTAAGAACAATCATAA-1","Non-neoplastic colon"
"CTAAGAATCCGCCAAC-1","Non-neoplastic colon"
"CTAAGACTAACATTGT-1","Non-neoplastic colon"
"CTAAGACTTCCTAAGA-1","Non-neoplastic colon"
"CTAAGCGAATTGGACA-1","Non-neoplastic colon"
"CTAAGGTGCTGTTAAG-1","Non-neoplastic colon"
"CTAAGTCATCACAGAC-1","Non-neoplastic colon"
"CTAAGTTCACGTCTTC-1","Tumor cells in mucosa and submucosa"
"CTAAGTTCCATGTCGT-1","Non-neoplastic colon"
"CTAAGTTCGGACGGCT-1","Non-neoplastic colon"
"CTAATATCATGGTCTG-1","Non-neoplastic colon"
"CTAATCACGTCGGCAG-1","Tumor cells in mucosa and submucosa"
"CTAATCTGGCATCAAG-1","Non-neoplastic colon"
"CTAATGAGCGCACCAG-1","Non-neoplastic colon"
"CTAATGCTCAGAAGGC-1","Non-neoplastic colon"
"CTAATGCTTGATCTGT-1","Non-neoplastic colon"
"CTAATGGTGCAGTCGG-1","Non-neoplastic colon"
"CTAATGTACCTTGCAC-1","Non-neoplastic colon"
"CTAATTACCTATGCAC-1","Tumor stroma in mucosa and submucosa"
"CTAATTACTACGATCT-1","Non-neoplastic colon"
"CTAATTCAAGCAGAAC-1","Non-neoplastic colon"
"CTAATTCCATCAAGCG-1","Non-neoplastic colon"
"CTAATTCGTTATCTTG-1","Non-neoplastic colon"
"CTAATTGACCTTCGAG-1","Tumor stroma in mucosa and submucosa"
"CTAATTGGTATCCGAT-1","Non-neoplastic colon"
"CTAATTGTCGATAACA-1","Non-neoplastic colon"
"CTACAACTACGATCCG-1","Tumor stroma in mucosa and submucosa"
"CTACAATGGATCGCAG-1","Non-neoplastic colon"
"CTACAGATAACTCGGT-1","Non-neoplastic colon"
"CTACAGATCAACCTCA-1","Non-neoplastic colon"
"CTACAGCACGACTCAC-1","Non-neoplastic colon"
"CTACAGCCAATAACCG-1","Tumor stroma in muscularis propria"
"CTACAGCCTAACTGAT-1","Non-neoplastic colon"
"CTACAGCCTACTCAGG-1","Tumor cells in muscularis propria"
"CTACAGCCTGAAGTCT-1","Tumor cells in muscularis propria"
"CTACAGCGGTGATTCT-1","Tumor cells in mucosa and submucosa"
"CTACAGGTAATACTGA-1","Tumor stroma in muscularis propria"
"CTACAGGTCTATGTAC-1","Non-neoplastic colon"
"CTACAGGTGCTATGGC-1","Non-neoplastic colon"
"CTACAGGTTACCAGGA-1","Tumor cells in muscularis propria"
"CTACAGTAACGCCTCG-1","Non-neoplastic colon"
"CTACAGTAACTGCGTC-1","Tumor cells in muscularis propria"
"CTACAGTACAAGACCG-1","Necrosis"
"CTACAGTATCCTGGCA-1","Tumor stroma in muscularis propria"
"CTACATCTTAAGGAAC-1","Non-neoplastic colon"
"CTACATTGCTCGAATG-1","Non-neoplastic colon"
"CTACCAGACATTCCTA-1","Non-neoplastic colon"
"CTACCAGAGTAATCTT-1","Tumor cells in mucosa and submucosa"
"CTACCATCCAGCGAAT-1","Non-neoplastic colon"
"CTACCGTCCATTAACC-1","Tumor cells in mucosa and submucosa"
"CTACCTCAAGTTCCAC-1","Non-neoplastic colon"
"CTACCTCCACCTAGCC-1","Tumor cells in mucosa and submucosa"
"CTACCTCCGGTGTTGC-1","Non-neoplastic colon"
"CTACCTGAAGCCGTAT-1","Non-neoplastic colon"
"CTACCTGCATACGTCC-1","Non-neoplastic colon"
"CTACCTTAACAGCCAG-1","Non-neoplastic colon"
"CTACCTTAGATAACGG-1","Tumor stroma in muscularis propria"
"CTACGAATCTTGAATT-1","Non-neoplastic colon"
"CTACGAGCGGACCGAG-1","Non-neoplastic colon"
"CTACGAGTAACGAAGG-1","Non-neoplastic colon"
"CTACGAGTATCAGATA-1","Non-neoplastic colon"
"CTACGAGTCGCCTCGG-1","Non-neoplastic colon"
"CTACGAGTTGCGGTTG-1","Non-neoplastic colon"
"CTACGATACGACGTGG-1","Non-neoplastic colon"
"CTACGATCAATAACTC-1","Non-neoplastic colon"
"CTACGATGTACTTAGG-1","Non-neoplastic colon"
"CTACGCACAGGATACA-1","Non-neoplastic colon"
"CTACGCATGTAGTGGT-1","Non-neoplastic colon"
"CTACGCGGCTATTGAG-1","Non-neoplastic colon"
"CTACGCTCGAGTCCGA-1","Non-neoplastic colon"
"CTACTCCTGCTTAGTA-1","Non-neoplastic colon"
"CTACTCCTGGACGTAG-1","Non-neoplastic colon"
"CTACTCGGAATTGCTT-1","Non-neoplastic colon"
"CTACTCTAGGCGACAT-1","Tumor cells in mucosa and submucosa"
"CTACTCTGAAGAATGC-1","Non-neoplastic colon"
"CTACTCTGCTTCGGTA-1","Non-neoplastic colon"
"CTACTGAGACGAGCCA-1","Tumor stroma in muscularis propria"
"CTACTGAGCGTTCATT-1","Tumor cells in mucosa and submucosa"
"CTACTGCCGCGTTGTC-1","Tumor cells in mucosa and submucosa"
"CTACTGCTAGCCAGGT-1","Non-neoplastic colon"
"CTACTGGAATAACAGA-1","Non-neoplastic colon"
"CTACTGGACACTGACG-1","Non-neoplastic colon"
"CTACTGGCGGACGAGC-1","Non-neoplastic colon"
"CTACTTCATGTTATAA-1","Non-neoplastic colon"
"CTACTTCGGTCAGACT-1","Tumor cells in muscularis propria"
"CTAGAATTATCCACGC-1","Non-neoplastic colon"
"CTAGACCTCGTCGGCC-1","Non-neoplastic colon"
"CTAGATAGTGATCGTT-1","Tumor cells in mucosa and submucosa"
"CTAGATGATTCTGGAT-1","Non-neoplastic colon"
"CTAGCAACTGGACAGA-1","Non-neoplastic colon"
"CTAGCACTCAGACTAG-1","Non-neoplastic colon"
"CTAGCACTGGCCTCCA-1","Tumor cells in mucosa and submucosa"
"CTAGCACTGTCTTGAC-1","Tumor stroma in mucosa and submucosa"
"CTAGCACTTCGTCCTA-1","Non-neoplastic colon"
"CTAGCAGGCACCTCAC-1","Tumor cells in mucosa and submucosa"
"CTAGCAGGTGGAGCCA-1","Non-neoplastic colon"
"CTAGCATACAGGTCGA-1","Non-neoplastic colon"
"CTAGCATCCATATTGG-1","Non-neoplastic colon"
"CTAGCATTATCTTCTG-1","Tumor cells in muscularis propria"
"CTAGCGAGCTATAGTG-1","Tumor cells in muscularis propria"
"CTAGCGGAATCTAGTT-1","Non-neoplastic colon"
"CTAGCGGAGCGGTACC-1","Non-neoplastic colon"
"CTAGCGTCGCGACCAG-1","Non-neoplastic colon"
"CTAGCGTCGGTTATCT-1","Tumor stroma in muscularis propria"
"CTAGCGTTGTGCTGTA-1","Non-neoplastic colon"
"CTAGCTATACGACTTG-1","Tumor stroma in muscularis propria"
"CTAGCTCCGTACGACT-1","Non-neoplastic colon"
"CTAGGAACTCACTTAG-1","Non-neoplastic colon"
"CTAGGAAGTCTAATTG-1","Non-neoplastic colon"
"CTAGGACCGCTAGCAG-1","Tumor cells in muscularis propria"
"CTAGGACCGTTAATTC-1","Tumor cells in mucosa and submucosa"
"CTAGGATGGTGCTCTG-1","Non-neoplastic colon"
"CTAGGATTAGTGATGG-1","Non-neoplastic colon"
"CTAGGCGGAGTATTAC-1","Non-neoplastic colon"
"CTAGGTTCCAACATCG-1","Non-neoplastic colon"
"CTAGTGTTATAGATTG-1","Tumor stroma in mucosa and submucosa"
"CTAGTTAACAGATGTC-1","Tumor stroma in mucosa and submucosa"
"CTAGTTATAATCTGGT-1","Non-neoplastic colon"
"CTAGTTCCAATCTTAG-1","Tumor cells in mucosa and submucosa"
"CTAGTTCGCAGGTCGC-1","Non-neoplastic colon"
"CTAGTTCGGACGCACG-1","Non-neoplastic colon"
"CTAGTTCGTCCAGCGA-1","Non-neoplastic colon"
"CTAGTTCTCGTACACT-1","Tumor cells in muscularis propria"
"CTAGTTCTGGTGTAAC-1","Non-neoplastic colon"
"CTAGTTGAGTATAGCT-1","Non-neoplastic colon"
"CTAGTTGATCGCTGCC-1","Non-neoplastic colon"
"CTAGTTGTACGGAAGG-1","Non-neoplastic colon"
"CTAGTTGTTAAGATAC-1","Non-neoplastic colon"
"CTATAACCAGGTGGCG-1","Tumor cells in muscularis propria"
"CTATAACCTTAGTATG-1","Non-neoplastic colon"
"CTATAACGTGCACGTA-1","Tumor cells in mucosa and submucosa"
"CTATAACTAGAAGCGG-1","Non-neoplastic colon"
"CTATAACTGTCGCACT-1","Tumor cells in mucosa and submucosa"
"CTATAAGCTTGAGTCA-1","Non-neoplastic colon"
"CTATAATTCAACCTGT-1","Non-neoplastic colon"
"CTATAATTCAGAGTTG-1","Tumor cells in mucosa and submucosa"
"CTATACAACTTGTCTT-1","Non-neoplastic colon"
"CTATACGAGCTCACTA-1","Tumor cells in mucosa and submucosa"
"CTATAGCAGATGGCAT-1","Non-neoplastic colon"
"CTATAGTCTGTCTAGC-1","Non-neoplastic colon"
"CTATCAGAGCTAACCG-1","Non-neoplastic colon"
"CTATCCACGTATCTTC-1","Non-neoplastic colon"
"CTATCCAGATGTTCCT-1","Tumor cells in mucosa and submucosa"
"CTATCCAGGACTTGTA-1","Non-neoplastic colon"
"CTATCCATAACGGCAG-1","Non-neoplastic colon"
"CTATCCATCTTGGACG-1","Non-neoplastic colon"
"CTATCCATTGTAGTGC-1","Tumor cells in muscularis propria"
"CTATCCGCTCATGGTC-1","Non-neoplastic colon"
"CTATCCGGTGGCCTTA-1","Tumor cells in mucosa and submucosa"
"CTATCCGTGGATGCTG-1","Non-neoplastic colon"
"CTATCCGTGGCTTAGA-1","Non-neoplastic colon"
"CTATCCTGCTGTCGTT-1","Non-neoplastic colon"
"CTATCCTTAAGTACTT-1","Non-neoplastic colon"
"CTATCCTTGGAACCGA-1","Tumor cells in muscularis propria"
"CTATCGAAGGACGGAA-1","Tumor stroma in mucosa and submucosa"
"CTATCGAGTGGCGAGC-1","Tumor cells in muscularis propria"
"CTATCGCAGCGATCTG-1","Non-neoplastic colon"
"CTATCGGATGTACCTG-1","Non-neoplastic colon"
"CTATCGGCAACATTGG-1","Non-neoplastic colon"
"CTATCGGCAATCATTA-1","Tumor cells in subserosa"
"CTATCGGCACCTGACA-1","Tumor cells in muscularis propria"
"CTATCGGCCAGCCTGC-1","Non-neoplastic colon"
"CTATCGGTATGTGAGT-1","Non-neoplastic colon"
"CTATCGTAAGTGAGAT-1","Tumor cells in mucosa and submucosa"
"CTATCGTACGCCATGC-1","Non-neoplastic colon"
"CTATCGTAGGAATATC-1","Non-neoplastic colon"
"CTATCGTAGTGCATAA-1","Tumor stroma in muscularis propria"
"CTATCGTTCTAGACGC-1","LVI"
"CTATCGTTGGTGTCTT-1","Tumor stroma in mucosa and submucosa"
"CTATCTCACCGGTGTA-1","Non-neoplastic colon"
"CTATCTCCGGCGACCA-1","Non-neoplastic colon"
"CTATCTTGTTATCAAG-1","Non-neoplastic colon"
"CTATGCAACCAACCGC-1","Tumor cells in mucosa and submucosa"
"CTATGCAAGAACTCAT-1","Non-neoplastic colon"
"CTATGCAAGGTTGCAC-1","Tumor cells in muscularis propria"
"CTATGCACGCGACCTG-1","Tumor cells in muscularis propria"
"CTATGCACGCTTGATA-1","Non-neoplastic colon"
"CTATGCACTGCCGTTA-1","Tumor cells in mucosa and submucosa"
"CTATGCCAACTGAGGC-1","Non-neoplastic colon"
"CTATGCCAATGCGTCA-1","Tumor cells in muscularis propria"
"CTATGCCTAATTGACG-1","Non-neoplastic colon"
"CTATGCCTAGCCATAG-1","Non-neoplastic colon"
"CTATGCCTTGAATGAG-1","Non-neoplastic colon"
"CTATGCGTGCAATTGG-1","Non-neoplastic colon"
"CTATGCTGTCCTTCGC-1","Tumor cells in mucosa and submucosa"
"CTATGCTTCTACGGAT-1","Tumor stroma in muscularis propria"
"CTATGGTGAACGAAGC-1","Non-neoplastic colon"
"CTATGGTGGCTCCAGA-1","Tumor stroma in muscularis propria"
"CTATGTAGAACTATAA-1","Non-neoplastic colon"
"CTATGTCACGTAGTCA-1","Non-neoplastic colon"
"CTATGTCATCCGTTGA-1","Tumor cells in mucosa and submucosa"
"CTATGTCGGACCTGAT-1","Non-neoplastic colon"
"CTATGTGAACAGTTCG-1","Tumor cells in subserosa"
"CTATGTGCAGGTTGTC-1","Non-neoplastic colon"
"CTATGTGCCTTGCTAC-1","Non-neoplastic colon"
"CTATGTGCTAACCTGT-1","Non-neoplastic colon"
"CTATTAAGCGTGTATG-1","Tumor cells in mucosa and submucosa"
"CTATTAAGCTGTCGGC-1","Non-neoplastic colon"
"CTATTAAGGATACACC-1","Tumor stroma in muscularis propria"
"CTATTACAAGTGATAG-1","Non-neoplastic colon"
"CTATTACACTATAGGA-1","Non-neoplastic colon"
"CTATTACTCACGATCG-1","Tumor cells in mucosa and submucosa"
"CTATTAGACTACCGAC-1","Non-neoplastic colon"
"CTATTAGAGCAGATGT-1","Non-neoplastic colon"
"CTATTAGAGCGGTATG-1","Non-neoplastic colon"
"CTATTAGAGTGAACAT-1","Tumor stroma in mucosa and submucosa"
"CTATTAGCCAAGGCCA-1","Non-neoplastic colon"
"CTATTAGCTAGGCGTC-1","Tumor cells in mucosa and submucosa"
"CTATTAGTACCAATCA-1","Non-neoplastic colon"
"CTATTAGTCGGCCAAG-1","Tumor cells in mucosa and submucosa"
"CTATTAGTTCTTCGTT-1","Non-neoplastic colon"
"CTATTATGCCAGGCTG-1","Non-neoplastic colon"
"CTATTATGGACACGGT-1","Tumor stroma in mucosa and submucosa"
"CTATTATGGCTGACCA-1","Non-neoplastic colon"
"CTATTCACATGGTTGT-1","Tumor cells in mucosa and submucosa"
"CTATTCACCGCCGAGG-1","Non-neoplastic colon"
"CTATTCACTTGATCTA-1","Tumor cells in muscularis propria"
"CTATTCATAAGATCAC-1","Non-neoplastic colon"
"CTATTCATCCAGACCG-1","Non-neoplastic colon"
"CTATTCCGATCCGTGG-1","Non-neoplastic colon"
"CTATTCCGCCGTGAAT-1","Non-neoplastic colon"
"CTATTCCGGCTCAGGT-1","Non-neoplastic colon"
"CTATTCCGTCGATAGA-1","Non-neoplastic colon"
"CTATTCCTAATTAGAT-1","Non-neoplastic colon"
"CTATTCGGACCGCTGC-1","Non-neoplastic colon"
"CTATTCGGATTATCAT-1","Non-neoplastic colon"
"CTATTCGGCACTCATT-1","Necrosis"
"CTATTCGTTGGAAGTA-1","Non-neoplastic colon"
"CTATTCTGCACCAACG-1","Non-neoplastic colon"
"CTATTCTTGCGTCTTG-1","Tumor cells in muscularis propria"
"CTATTGTAGCAGTAGA-1","Tumor cells in mucosa and submucosa"
"CTCAAGATGGCCACCG-1","Non-neoplastic colon"
"CTCAAGCACCTACTAT-1","Non-neoplastic colon"
"CTCAAGCATAGGCGTA-1","Tumor cells in mucosa and submucosa"
"CTCAAGCGCTCGCAGT-1","Non-neoplastic colon"
"CTCAAGCTGGCAGATG-1","Non-neoplastic colon"
"CTCAAGGTTCTGACAA-1","Tumor cells in mucosa and submucosa"
"CTCAATACATAGCGGT-1","Non-neoplastic colon"
"CTCAATACCTAGACAA-1","Non-neoplastic colon"
"CTCAATACTCGACTGT-1","Non-neoplastic colon"
"CTCAATACTTCTGCTA-1","Non-neoplastic colon"
"CTCAATCAACCTGAGC-1","Non-neoplastic colon"
"CTCAATCTCACCATGC-1","Tumor cells in mucosa and submucosa"
"CTCAATCTCAGCGGAG-1","Non-neoplastic colon"
"CTCAATCTCCGGAGCC-1","Non-neoplastic colon"
"CTCAATCTTCGGCTTG-1","Non-neoplastic colon"
"CTCAATGGATGAGCTG-1","Non-neoplastic colon"
"CTCAATTGCCGTCCTG-1","Tumor cells in mucosa and submucosa"
"CTCACCAGCAACGCAA-1","Tumor cells in mucosa and submucosa"
"CTCACCAGCCTGAGAA-1","Tumor cells in mucosa and submucosa"
"CTCACCAGTGCGCAGT-1","Non-neoplastic colon"
"CTCACCGACCTCTTCC-1","Non-neoplastic colon"
"CTCACCGATTAAGAGC-1","Tumor cells in muscularis propria"
"CTCACCGCCTAATCAG-1","Non-neoplastic colon"
"CTCACCGCTGACGTCC-1","Non-neoplastic colon"
"CTCACCGTTGTACCTC-1","Non-neoplastic colon"
"CTCACCTGAGTCCGCT-1","Non-neoplastic colon"
"CTCACCTGCGTTATAG-1","Non-neoplastic colon"
"CTCACCTTGCAGCGAG-1","Non-neoplastic colon"
"CTCACGAAGTCATAGG-1","Tumor cells in mucosa and submucosa"
"CTCACGAGGTTAATTA-1","Tumor cells in mucosa and submucosa"
"CTCACGATCCGAGTCG-1","Non-neoplastic colon"
"CTCACGATCTTGAATC-1","Tumor stroma in muscularis propria"
"CTCACGCCTCGGTACA-1","Non-neoplastic colon"
"CTCACGCCTGAATCGG-1","Non-neoplastic colon"
"CTCACGCTCGTTGTTA-1","Tumor stroma in mucosa and submucosa"
"CTCACGCTTGGAACAA-1","Tumor cells in mucosa and submucosa"
"CTCACGGAAGCCTGTA-1","Tumor stroma in muscularis propria"
"CTCACGGACTAGCCAA-1","Non-neoplastic colon"
"CTCACGGTATGTACGG-1","Non-neoplastic colon"
"CTCACGTACCAATAAC-1","Tumor cells in mucosa and submucosa"
"CTCACGTAGAAGTCAG-1","Non-neoplastic colon"
"CTCACGTCAACAGGCC-1","Non-neoplastic colon"
"CTCAGAACCTGTGCCG-1","Non-neoplastic colon"
"CTCAGAGGTATGCGAG-1","Non-neoplastic colon"
"CTCAGAGTTGAAGCAT-1","Tumor cells in mucosa and submucosa"
"CTCAGGAATCGTCTTA-1","Non-neoplastic colon"
"CTCAGGCACGTGTATT-1","Non-neoplastic colon"
"CTCAGGCAGCGGAGAA-1","Tumor cells in mucosa and submucosa"
"CTCAGGCAGGAACGTG-1","Tumor cells in mucosa and submucosa"
"CTCAGGCGCATCCATC-1","Non-neoplastic colon"
"CTCAGGCTGTCACCGA-1","Tumor stroma in muscularis propria"
"CTCAGGTAACTCTACT-1","Non-neoplastic colon"
"CTCAGGTCCATTCCGA-1","Non-neoplastic colon"
"CTCAGGTCGCTATCCA-1","Non-neoplastic colon"
"CTCAGGTTAAGAGCTG-1","Non-neoplastic colon"
"CTCATAACGCACCTTA-1","Non-neoplastic colon"
"CTCATAATAGTCGTGC-1","Non-neoplastic colon"
"CTCATAATGAGGAAGG-1","Non-neoplastic colon"
"CTCATAATGGATGGCC-1","Non-neoplastic colon"
"CTCATACCAACGGTGA-1","Non-neoplastic colon"
"CTCATACCATTCCGGT-1","Non-neoplastic colon"
"CTCATACCGATCGAAT-1","Non-neoplastic colon"
"CTCATACTATAAGCGA-1","Tumor cells in mucosa and submucosa"
"CTCATACTTATGAGGT-1","Tumor cells in mucosa and submucosa"
"CTCATAGGTTAGGTTA-1","Non-neoplastic colon"
"CTCATATCAGCGAGTC-1","Non-neoplastic colon"
"CTCATATCCGGTCTAA-1","Non-neoplastic colon"
"CTCATATCCTGAATGG-1","Non-neoplastic colon"
"CTCATATCGCCTGAGG-1","Non-neoplastic colon"
"CTCATATGCACCGTCT-1","Tumor cells in mucosa and submucosa"
"CTCATCCACTTAAGCC-1","Tumor cells in muscularis propria"
"CTCATCCAGCTTAAGG-1","Non-neoplastic colon"
"CTCATCGAAGACCACT-1","Non-neoplastic colon"
"CTCATCGAGCGAGTTA-1","Non-neoplastic colon"
"CTCATCTACTATGAAG-1","Non-neoplastic colon"
"CTCATCTAGATGCCGA-1","Non-neoplastic colon"
"CTCATCTATGGACGGC-1","Non-neoplastic colon"
"CTCATGAAGTCGCACC-1","Tumor cells in muscularis propria"
"CTCATGAATCGGCGAC-1","Non-neoplastic colon"
"CTCCAACAATTATCCT-1","Tumor cells in mucosa and submucosa"
"CTCCAACAGAAGCGCC-1","Tumor stroma in mucosa and submucosa"
"CTCCAACATACATACC-1","Non-neoplastic colon"
"CTCCAACATTATGAAT-1","Non-neoplastic colon"
"CTCCAACCGGTCCAAC-1","Non-neoplastic colon"
"CTCCAACGGCTCGGTC-1","Tumor stroma in mucosa and submucosa"
"CTCCAACGTCGAATCA-1","Tumor stroma in mucosa and submucosa"
"CTCCAACTCACTTAAT-1","Tumor cells in mucosa and submucosa"
"CTCCAACTGCTACGGT-1","Tumor stroma in muscularis propria"
"CTCCAACTGTTCGCCA-1","Tumor stroma in muscularis propria"
"CTCCAAGCCGGATTCG-1","Non-neoplastic colon"
"CTCCAAGTTGCATGAT-1","Tumor cells in mucosa and submucosa"
"CTCCAATCTGAATGCA-1","Non-neoplastic colon"
"CTCCAATCTTGCCATG-1","Non-neoplastic colon"
"CTCCAATGACAGACTC-1","Tumor cells in mucosa and submucosa"
"CTCCAATGGACACTCC-1","Tumor stroma in muscularis propria"
"CTCCACAAGATAGACG-1","Non-neoplastic colon"
"CTCCACAATTGGCATA-1","Non-neoplastic colon"
"CTCCACATACCTCGCA-1","Non-neoplastic colon"
"CTCCACATGTATACTC-1","Tumor cells in muscularis propria"
"CTCCACTACATTGGCC-1","Tumor stroma in muscularis propria"
"CTCCACTACGATTATC-1","Tumor cells in mucosa and submucosa"
"CTCCACTCGTGGATAA-1","Tumor stroma in mucosa and submucosa"
"CTCCACTTCTTAGAGG-1","Non-neoplastic colon"
"CTCCAGAACGAATCTT-1","Non-neoplastic colon"
"CTCCAGGAGCCACGAT-1","Non-neoplastic colon"
"CTCCAGGATGCGTTCT-1","Non-neoplastic colon"
"CTCCAGTGAAGTCAGT-1","Tumor cells in mucosa and submucosa"
"CTCCAGTGTCTAAGTA-1","Non-neoplastic colon"
"CTCCAGTTACGAAGAC-1","Non-neoplastic colon"
"CTCCAGTTACTCGTCT-1","Non-neoplastic colon"
"CTCCAGTTGGAAGCGT-1","Non-neoplastic colon"
"CTCCATACAAGCATTC-1","Non-neoplastic colon"
"CTCCATCCTGTTAATT-1","Non-neoplastic colon"
"CTCCATGCTGGTCTTC-1","Tumor cells in mucosa and submucosa"
"CTCCATGGAAGATATT-1","Non-neoplastic colon"
"CTCCATTACTGGTACT-1","Non-neoplastic colon"
"CTCCATTCATTAACGA-1","Tumor stroma in muscularis propria"
"CTCCGCCTACCAATCA-1","Non-neoplastic colon"
"CTCCGCGTAGTTGCTA-1","Tumor cells in muscularis propria"
"CTCCGCGTCCTGCCGT-1","Tumor cells in mucosa and submucosa"
"CTCCGCTAGTGCTAAC-1","Non-neoplastic colon"
"CTCCGCTATTAGCGAC-1","Tumor stroma in mucosa and submucosa"
"CTCCGCTCCATAGTTA-1","Non-neoplastic colon"
"CTCCGCTGGCCAGCAC-1","Tumor cells in mucosa and submucosa"
"CTCCGCTTCTAGGATC-1","Non-neoplastic colon"
"CTCCGGAGTAAGTTCC-1","Non-neoplastic colon"
"CTCCGGCAGTTAACTT-1","Tumor cells in mucosa and submucosa"
"CTCCGGTACTTCCGCA-1","Non-neoplastic colon"
"CTCCGGTAGCGAGTAT-1","Non-neoplastic colon"
"CTCCGGTATGCTTCGG-1","Tumor stroma in mucosa and submucosa"
"CTCCGGTTGACGAATG-1","Non-neoplastic colon"
"CTCCGTCGATGCCATC-1","Non-neoplastic colon"
"CTCCGTCGGAGTTCAC-1","Non-neoplastic colon"
"CTCCGTGCACTCCGCC-1","Tumor cells in muscularis propria"
"CTCCGTGCGAGGCGGT-1","Non-neoplastic colon"
"CTCCGTGCGTATGCCA-1","Non-neoplastic colon"
"CTCCTAAGACTCTGTA-1","Non-neoplastic colon"
"CTCCTAAGATGTACTG-1","Tumor stroma in muscularis propria"
"CTCCTAAGCAACGATG-1","Tumor cells in mucosa and submucosa"
"CTCCTAAGTCGGTTGT-1","Non-neoplastic colon"
"CTCCTACATAAGTTGC-1","Non-neoplastic colon"
"CTCCTACCATCTCACC-1","Non-neoplastic colon"
"CTCCTACCTCACTTCT-1","Non-neoplastic colon"
"CTCCTACGAGGCCAGA-1","Non-neoplastic colon"
"CTCCTACTCGGCGTAC-1","Non-neoplastic colon"
"CTCCTACTGCCTTCTA-1","Non-neoplastic colon"
"CTCCTAGACAATCAGA-1","Non-neoplastic colon"
"CTCCTAGATTACGACC-1","Non-neoplastic colon"
"CTCCTTACCACGGCCA-1","Non-neoplastic colon"
"CTCCTTACGGTATGAA-1","Non-neoplastic colon"
"CTCCTTATAACACTCG-1","Non-neoplastic colon"
"CTCCTTATAAGGAGTT-1","Non-neoplastic colon"
"CTCCTTATACTCGTAG-1","Non-neoplastic colon"
"CTCCTTCGACTGGTTC-1","Non-neoplastic colon"
"CTCCTTCGATGGAACA-1","Non-neoplastic colon"
"CTCCTTCGATTCGGAA-1","Non-neoplastic colon"
"CTCCTTCGCAGACGCC-1","Tumor cells in mucosa and submucosa"
"CTCCTTCGTGCAAGGA-1","Non-neoplastic colon"
"CTCCTTGGAGGCCGAC-1","Non-neoplastic colon"
"CTCGAACCAGCGATCT-1","Non-neoplastic colon"
"CTCGAATAGTTCCTTG-1","Non-neoplastic colon"
"CTCGACAATTGTAGAC-1","Non-neoplastic colon"
"CTCGACAGCGGTTGAG-1","Non-neoplastic colon"
"CTCGACAGTATTAATA-1","Non-neoplastic colon"
"CTCGACATGTTGCCTT-1","Tumor stroma in mucosa and submucosa"
"CTCGACGTGCTACGAA-1","Non-neoplastic colon"
"CTCGACTGAGCTAAGA-1","Tumor cells in mucosa and submucosa"
"CTCGACTGTAATGCCT-1","Non-neoplastic colon"
"CTCGAGCTATGTTATG-1","Non-neoplastic colon"
"CTCGAGCTTATTGGTT-1","Tumor cells in mucosa and submucosa"
"CTCGAGGTCTTGTAGG-1","Non-neoplastic colon"
"CTCGAGTCGAGTGCAT-1","Tumor cells in muscularis propria"
"CTCGATAAGCTTCCAC-1","Tumor cells in mucosa and submucosa"
"CTCGATAGGCCTCAGG-1","Non-neoplastic colon"
"CTCGATCGAGTAACTT-1","Non-neoplastic colon"
"CTCGATCGGATGCTAT-1","Non-neoplastic colon"
"CTCGATGCTTCGATTC-1","Non-neoplastic colon"
"CTCGATTCAATCGGTA-1","Non-neoplastic colon"
"CTCGATTCTTCACGCC-1","Non-neoplastic colon"
"CTCGATTGCTTGAGGA-1","Tumor cells in mucosa and submucosa"
"CTCGCAACAGGTTCCG-1","Tumor cells in mucosa and submucosa"
"CTCGCACCAGTAGAAG-1","Non-neoplastic colon"
"CTCGCATATCAACACG-1","Non-neoplastic colon"
"CTCGCCAGCGAATATT-1","Tumor cells in mucosa and submucosa"
"CTCGCCGATATGGTTA-1","Non-neoplastic colon"
"CTCGCCGATTCTCATC-1","Non-neoplastic colon"
"CTCGCTTGCCATTGGC-1","Non-neoplastic colon"
"CTCGGAAGCGGACGTA-1","Non-neoplastic colon"
"CTCGGAATAACTATGT-1","Non-neoplastic colon"
"CTCGGACCAGATACGT-1","Tumor stroma in mucosa and submucosa"
"CTCGGACCGTGCCTTA-1","Non-neoplastic colon"
"CTCGGACTGTCAGTAG-1","Non-neoplastic colon"
"CTCGGAGGAAGAACAG-1","Non-neoplastic colon"
"CTCGGAGGAATGCCTA-1","Non-neoplastic colon"
"CTCGGAGTTAGTGCTT-1","Non-neoplastic colon"
"CTCGGATCGACAACGG-1","Other"
"CTCGGATTGACCTACA-1","Non-neoplastic colon"
"CTCGGCAGGACGCATT-1","Tumor stroma in muscularis propria"
"CTCGGTACATACTGTA-1","Non-neoplastic colon"
"CTCGGTGAATCATACA-1","Tumor stroma in mucosa and submucosa"
"CTCGGTTAATTGGTTC-1","Tumor cells in mucosa and submucosa"
"CTCGTGAGTGTCCAAC-1","Non-neoplastic colon"
"CTCGTGATTGATAGAC-1","Non-neoplastic colon"
"CTCGTGGATAACGGTT-1","Non-neoplastic colon"
"CTCGTGGCCTCGTGTT-1","Non-neoplastic colon"
"CTCGTTACATCGCCGA-1","Non-neoplastic colon"
"CTCGTTCACTCGGTGA-1","Tumor stroma in mucosa and submucosa"
"CTCGTTCTTACAGTAA-1","Non-neoplastic colon"
"CTCGTTGCGGTTCGGT-1","Non-neoplastic colon"
"CTGAACATGGTCGCCT-1","Tumor cells in mucosa and submucosa"
"CTGAACCAATGGTCTT-1","Non-neoplastic colon"
"CTGAACCACGGAAGTG-1","Tumor cells in mucosa and submucosa"
"CTGAAGACAGACGAAT-1","Non-neoplastic colon"
"CTGAAGACAGGCACTG-1","Non-neoplastic colon"
"CTGAAGACTGCTGTAA-1","Non-neoplastic colon"
"CTGAAGCTCCGGTTCA-1","Non-neoplastic colon"
"CTGAAGGAATTCTAGC-1","Tumor cells in mucosa and submucosa"
"CTGAAGGACTCGCCTG-1","Non-neoplastic colon"
"CTGAAGGCACTTAGAT-1","Non-neoplastic colon"
"CTGAAGGCCAACCTCG-1","Non-neoplastic colon"
"CTGAAGGCGTTCGGTA-1","Non-neoplastic colon"
"CTGAAGTAGGCACTGG-1","Non-neoplastic colon"
"CTGAAGTATCGCGAGC-1","Non-neoplastic colon"
"CTGAAGTATTAAGCCT-1","Non-neoplastic colon"
"CTGAAGTTGGACTTCT-1","Non-neoplastic colon"
"CTGAATGTCTGTCTAA-1","Tumor cells in mucosa and submucosa"
"CTGAATGTGATATCGG-1","Tumor stroma in mucosa and submucosa"
"CTGAATTCAGCCGGAG-1","Non-neoplastic colon"
"CTGAATTGAGCGTAGT-1","Non-neoplastic colon"
"CTGACCGCACGACTTC-1","Non-neoplastic colon"
"CTGACCGGTGCACCAA-1","Non-neoplastic colon"
"CTGACCGTTAACGACA-1","Non-neoplastic colon"
"CTGACGTAGTCGGAGT-1","Non-neoplastic colon"
"CTGACGTCCTGGTTGG-1","Non-neoplastic colon"
"CTGACTAACATCTAAT-1","Non-neoplastic colon"
"CTGACTAACTAGCTTA-1","Non-neoplastic colon"
"CTGACTAACTCGGCAT-1","Tumor stroma in muscularis propria"
"CTGACTAAGCAGCCGC-1","Non-neoplastic colon"
"CTGACTAAGGATTGAA-1","Non-neoplastic colon"
"CTGACTAATGTTCTTG-1","Non-neoplastic colon"
"CTGACTAGTCCGCTAT-1","Non-neoplastic colon"
"CTGACTATAACCTTGA-1","Non-neoplastic colon"
"CTGACTATACTGCACC-1","Non-neoplastic colon"
"CTGACTATCTCGAACA-1","Non-neoplastic colon"
"CTGACTATGAACGCTC-1","Tumor cells in mucosa and submucosa"
"CTGACTCCGCGGAATC-1","Tumor cells in mucosa and submucosa"
"CTGACTCGACGCCTCC-1","Non-neoplastic colon"
"CTGACTCGCTTCCGAC-1","Non-neoplastic colon"
"CTGACTGGAATTACGT-1","Non-neoplastic colon"
"CTGACTGTAATTGGCC-1","Tumor cells in mucosa and submucosa"
"CTGACTGTACGCACCT-1","Tumor cells in mucosa and submucosa"
"CTGACTGTCGTAAGAC-1","Non-neoplastic colon"
"CTGACTGTTGGACAAT-1","Tumor cells in muscularis propria"
"CTGACTTCAGTGGCTG-1","Non-neoplastic colon"
"CTGACTTCCGGCTTAT-1","Tumor cells in mucosa and submucosa"
"CTGACTTCCGTGCAGA-1","Non-neoplastic colon"
"CTGACTTCGAGTAGAC-1","Non-neoplastic colon"
"CTGAGCATAGCCGCTC-1","Non-neoplastic colon"
"CTGAGGACGACAACAG-1","Tumor cells in mucosa and submucosa"
"CTGAGGCCAGGCATGA-1","Non-neoplastic colon"
"CTGAGGCCGTGGCGTA-1","Non-neoplastic colon"
"CTGATCATAGCTTAGG-1","Non-neoplastic colon"
"CTGATCCGACTGTAAT-1","Non-neoplastic colon"
"CTGATGAAGCGAGCCT-1","Non-neoplastic colon"
"CTGATGGTTGCGAACT-1","Tumor cells in muscularis propria"
"CTGATTAAGCATAACA-1","Non-neoplastic colon"
"CTGATTAATACAGACA-1","Non-neoplastic colon"
"CTGATTACGCAGGCTG-1","Non-neoplastic colon"
"CTGATTACTCTTGTAG-1","Non-neoplastic colon"
"CTGATTATCCACTCGT-1","Non-neoplastic colon"
"CTGATTATCGTACATC-1","Non-neoplastic colon"
"CTGATTGCACCTCCTT-1","Non-neoplastic colon"
"CTGATTGCATGGCATC-1","Non-neoplastic colon"
"CTGATTGCCGAATAGC-1","Non-neoplastic colon"
"CTGATTGCGACTGTAC-1","Non-neoplastic colon"
"CTGATTGCTAGATTAT-1","Non-neoplastic colon"
"CTGATTGCTATCAAGT-1","Tumor cells in mucosa and submucosa"
"CTGCAACGCATCACAA-1","Tumor cells in muscularis propria"
"CTGCATACGGACAATT-1","Non-neoplastic colon"
"CTGCATGAGGTAGTAT-1","Non-neoplastic colon"
"CTGCATGATCATCTTG-1","Non-neoplastic colon"
"CTGCATGCTAACGTAA-1","Non-neoplastic colon"
"CTGCATGTATCGGTGC-1","Non-neoplastic colon"
"CTGCATTGCCAGGATC-1","Non-neoplastic colon"
"CTGCCATGCGCTTGTA-1","Non-neoplastic colon"
"CTGCCGAAGGCCTCGC-1","Non-neoplastic colon"
"CTGCCGAAGTAGCATC-1","Non-neoplastic colon"
"CTGCCGAGGAGTTAAT-1","Tumor stroma in muscularis propria"
"CTGCCGAGTAATAGCT-1","Tumor cells in mucosa and submucosa"
"CTGCCGATAATGGATT-1","Non-neoplastic colon"
"CTGCCGTAGGACGAAC-1","Non-neoplastic colon"
"CTGCCGTTGCTCCGCC-1","Non-neoplastic colon"
"CTGCCTAAGCCTGTGC-1","Non-neoplastic colon"
"CTGCCTAATACTTATG-1","Non-neoplastic colon"
"CTGCCTCAGCTTCAGG-1","Non-neoplastic colon"
"CTGCCTGTCTGCGGCC-1","Non-neoplastic colon"
"CTGCGAACGAGCTGAA-1","Non-neoplastic colon"
"CTGCGACAGAATCCAC-1","Non-neoplastic colon"
"CTGCGACAGATTGTCA-1","Non-neoplastic colon"
"CTGCGACATTATGGCC-1","Tumor stroma in mucosa and submucosa"
"CTGCGAGCGGTAACTT-1","Tumor stroma in mucosa and submucosa"
"CTGCGATTATAACCAT-1","Tumor cells in muscularis propria"
"CTGCGATTCTGACGTG-1","Non-neoplastic colon"
"CTGCGATTGCGGATTC-1","Non-neoplastic colon"
"CTGCGGAACCGCATGC-1","Non-neoplastic colon"
"CTGCGGACGGATTGCC-1","Non-neoplastic colon"
"CTGCGGTAGACCAAGT-1","Tumor cells in mucosa and submucosa"
"CTGCGGTCATCTCGAT-1","Tumor cells in mucosa and submucosa"
"CTGCGGTGATAAGAGC-1","Tumor cells in mucosa and submucosa"
"CTGCGGTGGCGTTGAA-1","Non-neoplastic colon"
"CTGCGTAGGCATCATT-1","Tumor cells in mucosa and submucosa"
"CTGCGTATAGGTTACG-1","Tumor stroma in muscularis propria"
"CTGCGTATGTAAGCGA-1","Non-neoplastic colon"
"CTGCGTATTAGACTAG-1","Tumor cells in muscularis propria"
"CTGCGTCGTACTTGTC-1","Non-neoplastic colon"
"CTGCGTCGTTATGAGT-1","Tumor cells in mucosa and submucosa"
"CTGCGTGAGGTTAACC-1","Non-neoplastic colon"
"CTGCGTGATACTGTAG-1","Non-neoplastic colon"
"CTGCTAACTCCTTAGC-1","Tumor cells in muscularis propria"
"CTGCTAAGCGTAAGTC-1","Non-neoplastic colon"
"CTGCTACCATTACAGG-1","Tumor cells in mucosa and submucosa"
"CTGCTACCGCTTCTGC-1","Non-neoplastic colon"
"CTGCTACGTAGCACCG-1","Non-neoplastic colon"
"CTGCTAGCATAGCTGT-1","Tumor cells in muscularis propria"
"CTGCTATCTGCTTCAT-1","Non-neoplastic colon"
"CTGCTATGAGCGGATG-1","Non-neoplastic colon"
"CTGCTCACGACAACTT-1","Tumor stroma in mucosa and submucosa"
"CTGGAACAATCCGCTC-1","Tumor stroma in muscularis propria"
"CTGGAACAATGTCGGA-1","Non-neoplastic colon"
"CTGGAACACTACAGCT-1","Non-neoplastic colon"
"CTGGAAGAGTTGGTAA-1","Non-neoplastic colon"
"CTGGAATATCATACGT-1","Non-neoplastic colon"
"CTGGACAACCTCTTGA-1","Tumor stroma in mucosa and submucosa"
"CTGGACAATACACCGG-1","Non-neoplastic colon"
"CTGGAGACCTGGCTTA-1","Non-neoplastic colon"
"CTGGATAGTGGATGGT-1","Non-neoplastic colon"
"CTGGCAATCATTCATA-1","Other"
"CTGGCAATTCCGTGCA-1","Non-neoplastic colon"
"CTGGCACCAACGTCTT-1","Non-neoplastic colon"
"CTGGCCAACCGACCAA-1","Non-neoplastic colon"
"CTGGCCAATAACAGCC-1","Non-neoplastic colon"
"CTGGCCAATCTAAGAT-1","Non-neoplastic colon"
"CTGGCCAATGCGGTAT-1","Tumor cells in mucosa and submucosa"
"CTGGCCACGACATATC-1","Non-neoplastic colon"
"CTGGCCACGACCGCAT-1","Tumor cells in muscularis propria"
"CTGGCCACTCCTATAA-1","Non-neoplastic colon"
"CTGGCCAGATTCGCTC-1","Necrosis"
"CTGGCCATCTAGCTCG-1","Non-neoplastic colon"
"CTGGCCATGGCCGATA-1","Non-neoplastic colon"
"CTGGCCGGTATGCATC-1","Non-neoplastic colon"
"CTGGCCTAAGCCATGT-1","Non-neoplastic colon"
"CTGGCCTCCGTACGCA-1","Non-neoplastic colon"
"CTGGCCTGACATCTAG-1","Non-neoplastic colon"
"CTGGCCTGTAGCGGCA-1","Non-neoplastic colon"
"CTGGCCTGTTCTGGTT-1","Non-neoplastic colon"
"CTGGCCTTACTCTGGA-1","Tumor cells in mucosa and submucosa"
"CTGGCCTTGACCAGAC-1","Non-neoplastic colon"
"CTGGCGAGTACCACTC-1","Non-neoplastic colon"
"CTGGCGCCGGTGTTAT-1","Non-neoplastic colon"
"CTGGCGGTGCCAAGGC-1","Tumor stroma in muscularis propria"
"CTGGCGTGATCATGAC-1","Non-neoplastic colon"
"CTGGCTACCAATGCAA-1","Non-neoplastic colon"
"CTGGCTAGCGTGAATT-1","Non-neoplastic colon"
"CTGGCTATGAGCACCA-1","Non-neoplastic colon"
"CTGGCTATGCAATAGC-1","Non-neoplastic colon"
"CTGGCTCAGACTAACG-1","Tumor stroma in mucosa and submucosa"
"CTGGCTCGCTCGGTCG-1","Non-neoplastic colon"
"CTGGCTCGCTGATTGT-1","Tumor cells in muscularis propria"
"CTGGCTCGGTTCTACC-1","Non-neoplastic colon"
"CTGGCTCGGTTGCCGT-1","Tumor stroma in mucosa and submucosa"
"CTGGCTCGTAGGCCTG-1","Non-neoplastic colon"
"CTGGCTGCAATCCAGA-1","Tumor cells in mucosa and submucosa"
"CTGGCTGCCGAGAACA-1","Non-neoplastic colon"
"CTGGCTGCGTACGGAC-1","Non-neoplastic colon"
"CTGGCTGTACTAGATG-1","Non-neoplastic colon"
"CTGGCTGTAGATGAAT-1","Non-neoplastic colon"
"CTGGCTGTTCTACTCC-1","Tumor cells in mucosa and submucosa"
"CTGGCTTCGCCTAATA-1","Non-neoplastic colon"
"CTGGTAAGCTTAACCG-1","Tumor cells in muscularis propria"
"CTGGTAATAGCAGGAA-1","Non-neoplastic colon"
"CTGGTAGACACTCACC-1","Non-neoplastic colon"
"CTGGTAGGCTAATACC-1","Tumor cells in muscularis propria"
"CTGGTGACAGCTCGAG-1","Non-neoplastic colon"
"CTGGTGATCACTCCGT-1","Non-neoplastic colon"
"CTGGTGATGTTGGTCA-1","Non-neoplastic colon"
"CTGGTGCAATTGCGAT-1","Non-neoplastic colon"
"CTGGTGCGATTCGAAG-1","Non-neoplastic colon"
"CTGGTGCGGAACCGGT-1","Non-neoplastic colon"
"CTGGTGCGGAGTCAAC-1","Non-neoplastic colon"
"CTGGTGCTCAGTGATA-1","Non-neoplastic colon"
"CTGGTGGCAGGCAGAT-1","Non-neoplastic colon"
"CTGGTGGCGATGTCAG-1","Tumor cells in mucosa and submucosa"
"CTGGTGGCTTATGTCA-1","Tumor cells in mucosa and submucosa"
"CTGGTGTAGAACGATA-1","Non-neoplastic colon"
"CTGGTGTATCCTCATT-1","Tumor cells in muscularis propria"
"CTGGTTAATCTAGTGC-1","Non-neoplastic colon"
"CTGGTTCTCAGCCGAA-1","Non-neoplastic colon"
"CTGTAATAGGATAAGA-1","Non-neoplastic colon"
"CTGTACCTCATACCGG-1","Non-neoplastic colon"
"CTGTACCTTCATGCAG-1","Non-neoplastic colon"
"CTGTACTCACCAACAG-1","Non-neoplastic colon"
"CTGTACTCTGAAGACA-1","Non-neoplastic colon"
"CTGTATGAGTTCATCT-1","Non-neoplastic colon"
"CTGTATGCGACAGCTG-1","Tumor stroma in muscularis propria"
"CTGTATGTACAGCATG-1","Non-neoplastic colon"
"CTGTCAAGCAAGGCAG-1","Non-neoplastic colon"
"CTGTCAAGGTGATGCC-1","Tumor cells in mucosa and submucosa"
"CTGTCAATAATCACTC-1","Non-neoplastic colon"
"CTGTCAATGGCTATTA-1","Non-neoplastic colon"
"CTGTCACTGACCAAGC-1","Non-neoplastic colon"
"CTGTCAGGCTTAAGCT-1","Non-neoplastic colon"
"CTGTCATCCATCGGCC-1","Tumor cells in muscularis propria"
"CTGTCATGGTACCGAC-1","Non-neoplastic colon"
"CTGTCCAAGGCACCAT-1","Non-neoplastic colon"
"CTGTCCAAGTAATTAA-1","Non-neoplastic colon"
"CTGTCCTAACTTATGA-1","Non-neoplastic colon"
"CTGTCCTACTAAGGCA-1","Tumor cells in mucosa and submucosa"
"CTGTCCTTATCGCCGG-1","Non-neoplastic colon"
"CTGTCGGAATACAAGA-1","Tumor cells in mucosa and submucosa"
"CTGTGAACCTGGCCAC-1","Non-neoplastic colon"
"CTGTGCAGTAGGTGTA-1","Non-neoplastic colon"
"CTGTGCAGTTACAGGA-1","Non-neoplastic colon"
"CTGTGCCGAGTCACCG-1","Tumor stroma in mucosa and submucosa"
"CTGTGCCGTGGTTCAG-1","Tumor stroma in muscularis propria"
"CTGTGCGACGAATCAC-1","Tumor stroma in muscularis propria"
"CTGTGCGATAACGAAG-1","Non-neoplastic colon"
"CTGTGCTCAGATCCGC-1","Tumor cells in mucosa and submucosa"
"CTGTGCTCGTCTAGTA-1","Tumor cells in mucosa and submucosa"
"CTGTGGACCGTGCGGT-1","Non-neoplastic colon"
"CTGTGGATACCAGTCC-1","Non-neoplastic colon"
"CTGTGGATACCTAGGA-1","Non-neoplastic colon"
"CTGTGGATCCTTCAAG-1","Non-neoplastic colon"
"CTGTGGTCAAGCAGCC-1","Non-neoplastic colon"
"CTGTTCAGACAATTCC-1","Non-neoplastic colon"
"CTGTTCAGTGATTCCT-1","Non-neoplastic colon"
"CTGTTCCAGACTAGAA-1","Non-neoplastic colon"
"CTGTTCGTGGTTGTAG-1","Tumor stroma in mucosa and submucosa"
"CTGTTCTGTAGTATAG-1","Non-neoplastic colon"
"CTGTTGAGACGACAGA-1","Non-neoplastic colon"
"CTGTTGGATCCATATG-1","Non-neoplastic colon"
"CTTAACCACGTCTAGT-1","Non-neoplastic colon"
"CTTACACGTGGACATC-1","Non-neoplastic colon"
"CTTACGAACCTGCGAG-1","Non-neoplastic colon"
"CTTACGAAGGTGAATT-1","Non-neoplastic colon"
"CTTACGACATTCGCGA-1","Non-neoplastic colon"
"CTTACGACCATACTTC-1","Tumor cells in muscularis propria"
"CTTACGATAGCTAGCG-1","Non-neoplastic colon"
"CTTACGATTCCACGTC-1","Non-neoplastic colon"
"CTTACGATTCTGGTTA-1","Non-neoplastic colon"
"CTTACGCAACATAGTA-1","Non-neoplastic colon"
"CTTACGCAATTGTCAC-1","Other"
"CTTACGGAACTGCATA-1","Non-neoplastic colon"
"CTTACGGAGGCCGCGG-1","Non-neoplastic colon"
"CTTACGGATAGCACTA-1","Non-neoplastic colon"
"CTTACGGTCCAGTTCT-1","Tumor cells in muscularis propria"
"CTTACGGTGCCTATAC-1","Non-neoplastic colon"
"CTTACGTCAATAGATA-1","Tumor cells in mucosa and submucosa"
"CTTACGTCATGGCACT-1","Tumor cells in mucosa and submucosa"
"CTTACGTCCGAACATT-1","Non-neoplastic colon"
"CTTACGTCGATCACAA-1","Non-neoplastic colon"
"CTTACGTCTAAGTCTA-1","Non-neoplastic colon"
"CTTAGACAAGTTCGGT-1","Tumor stroma in mucosa and submucosa"
"CTTAGACACGAAGTTA-1","Non-neoplastic colon"
"CTTAGAGCAGAAGGAG-1","Non-neoplastic colon"
"CTTAGAGCCAGTGATG-1","Tumor stroma in muscularis propria"
"CTTAGATAAGTACATA-1","Non-neoplastic colon"
"CTTAGCAACACCATAA-1","Tumor cells in subserosa"
"CTTAGCAACGGATTCA-1","Tumor cells in muscularis propria"
"CTTAGCAATTGCACCA-1","Tumor cells in mucosa and submucosa"
"CTTAGCACAATACTGG-1","Tumor cells in muscularis propria"
"CTTAGCACATTGCCTT-1","Non-neoplastic colon"
"CTTAGCACTCTTATGC-1","Tumor stroma in muscularis propria"
"CTTAGCAGGCTGGCAA-1","Tumor cells in muscularis propria"
"CTTAGCCTACTCCGCT-1","Non-neoplastic colon"
"CTTAGCCTCGTTGCGA-1","Non-neoplastic colon"
"CTTAGCCTGGTGAACG-1","Non-neoplastic colon"
"CTTAGCCTTAATTAAC-1","Tumor cells in mucosa and submucosa"
"CTTAGCGTACGGTCTA-1","Non-neoplastic colon"
"CTTAGCGTTACTAACA-1","Non-neoplastic colon"
"CTTAGCTAAGGCCTAC-1","Non-neoplastic colon"
"CTTAGCTAGGCCTACA-1","Non-neoplastic colon"
"CTTAGCTATTCATCTA-1","Tumor cells in mucosa and submucosa"
"CTTAGCTGAGAACCAG-1","Non-neoplastic colon"
"CTTAGCTGAGCGGCCT-1","Non-neoplastic colon"
"CTTAGCTTATGCTTCA-1","Tumor cells in mucosa and submucosa"
"CTTAGTAACTACCTAT-1","Non-neoplastic colon"
"CTTAGTAACTTGTCGA-1","Non-neoplastic colon"
"CTTAGTAATCCATGAT-1","Tumor cells in muscularis propria"
"CTTAGTCCTCGCGTCG-1","Non-neoplastic colon"
"CTTAGTCTATCATAGA-1","Non-neoplastic colon"
"CTTAGTGCCGTGTATG-1","Non-neoplastic colon"
"CTTAGTGGACAGGTAC-1","Non-neoplastic colon"
"CTTAGTGGTTGAATTG-1","Non-neoplastic colon"
"CTTAGTTCTGATCTGC-1","Non-neoplastic colon"
"CTTAGTTGCGACTAGC-1","Tumor cells in mucosa and submucosa"
"CTTATCACGCTATGCT-1","Non-neoplastic colon"
"CTTATCATAGGTTCCA-1","Tumor cells in muscularis propria"
"CTTATCCAGTCAGGAC-1","Tumor cells in mucosa and submucosa"
"CTTATCGAACTTACTC-1","Tumor stroma in mucosa and submucosa"
"CTTATCGGCTGTGCTA-1","Non-neoplastic colon"
"CTTATCTTAATCTGTA-1","Non-neoplastic colon"
"CTTATTGAATGCTTAT-1","Tumor cells in muscularis propria"
"CTTCAACACTCGCAAT-1","Necrosis"
"CTTCAACATAGCTCAC-1","Non-neoplastic colon"
"CTTCAACGAGCTTCAG-1","Non-neoplastic colon"
"CTTCAACGATAGTAGG-1","Tumor stroma in mucosa and submucosa"
"CTTCAACGGCCTATCT-1","Non-neoplastic colon"
"CTTCAAGAGCGTGGTT-1","Non-neoplastic colon"
"CTTCAAGAGCTTATAG-1","Non-neoplastic colon"
"CTTCAAGTCTACAGCG-1","Non-neoplastic colon"
"CTTCAAGTCTCCGCAC-1","Non-neoplastic colon"
"CTTCAATATGTTCGGA-1","Tumor cells in muscularis propria"
"CTTCAATCGTTGGTTC-1","Non-neoplastic colon"
"CTTCAATGACGTCATC-1","Non-neoplastic colon"
"CTTCAATGAGTGATTG-1","Non-neoplastic colon"
"CTTCACAGCACGATCA-1","Non-neoplastic colon"
"CTTCACGAAGCGATAA-1","Non-neoplastic colon"
"CTTCACGGATGCGAGT-1","Non-neoplastic colon"
"CTTCACTTATTGCTCC-1","Non-neoplastic colon"
"CTTCATCGTGTCACCT-1","Non-neoplastic colon"
"CTTCATCTACTTATGT-1","Non-neoplastic colon"
"CTTCATGCGATATGCC-1","Non-neoplastic colon"
"CTTCCACCGGTAGTAT-1","Non-neoplastic colon"
"CTTCCACGAGGCTAAT-1","Non-neoplastic colon"
"CTTCCACGGTCGAACG-1","Non-neoplastic colon"
"CTTCCACGTTGATCTG-1","Non-neoplastic colon"
"CTTCCGAATTGAGTGG-1","Non-neoplastic colon"
"CTTCCGACAAGTGCCG-1","Non-neoplastic colon"
"CTTCCGACATAAGCTT-1","Tumor cells in muscularis propria"
"CTTCCGAGGACAGAGC-1","Non-neoplastic colon"
"CTTCCGAGTACGGCCA-1","Tumor cells in mucosa and submucosa"
"CTTCCGCATAGAAGCT-1","Tumor cells in mucosa and submucosa"
"CTTCCGCTCCGCGTGG-1","Tumor cells in mucosa and submucosa"
"CTTCCGCTCCGGAGAT-1","Tumor cells in mucosa and submucosa"
"CTTCCGTGATCTATGG-1","Non-neoplastic colon"
"CTTCCGTGTAGGCGTC-1","Non-neoplastic colon"
"CTTCCTAATCCGCATA-1","Non-neoplastic colon"
"CTTCCTAGAACTTGGC-1","Non-neoplastic colon"
"CTTCCTGATGAATCAA-1","Tumor cells in muscularis propria"
"CTTCGAACGACACTGC-1","Tumor stroma in mucosa and submucosa"
"CTTCGAACGCTGTTCC-1","Non-neoplastic colon"
"CTTCGAACTTAGTCCG-1","Non-neoplastic colon"
"CTTCGAATGTTCCATA-1","Non-neoplastic colon"
"CTTCGACCAACATGCA-1","Tumor stroma in muscularis propria"
"CTTCGACCAGTGCAAT-1","Non-neoplastic colon"
"CTTCGACCGAACTTAT-1","Non-neoplastic colon"
"CTTCGACTTAGCTACT-1","Non-neoplastic colon"
"CTTCGAGCCTTCCGAT-1","Non-neoplastic colon"
"CTTCGAGCTGCGAATC-1","Non-neoplastic colon"
"CTTCGAGGACTGAATT-1","Non-neoplastic colon"
"CTTCGAGGCCTCGCAA-1","Tumor cells in mucosa and submucosa"
"CTTCGAGTGGCACGGA-1","Non-neoplastic colon"
"CTTCGATACAGCTCGG-1","Non-neoplastic colon"
"CTTCGATCGGTACAGG-1","Non-neoplastic colon"
"CTTCGATCTTGGATGG-1","Tumor stroma in mucosa and submucosa"
"CTTCGATGCCATGGAC-1","Non-neoplastic colon"
"CTTCGATGTTCAACGC-1","Non-neoplastic colon"
"CTTCGCCTATTGCATG-1","Tumor cells in mucosa and submucosa"
"CTTCGCTCTGGTGACA-1","Non-neoplastic colon"
"CTTCGCTGTCAGACGG-1","Tumor stroma in muscularis propria"
"CTTCGTAATGCTTGCC-1","Tumor cells in mucosa and submucosa"
"CTTCGTCATTGTGAAC-1","Tumor cells in muscularis propria"
"CTTCGTCCACAGACAT-1","Non-neoplastic colon"
"CTTCGTCCATAAGGCT-1","Tumor cells in mucosa and submucosa"
"CTTCGTTAACAACCGC-1","Non-neoplastic colon"
"CTTCTAACCGGCCAGC-1","Non-neoplastic colon"
"CTTCTAACGGTCTGTC-1","Non-neoplastic colon"
"CTTCTACATACACCGA-1","Non-neoplastic colon"
"CTTCTACTTATTAATG-1","Tumor stroma in muscularis propria"
"CTTCTGAGCTATTACG-1","Non-neoplastic colon"
"CTTGAACCACAATCTG-1","Non-neoplastic colon"
"CTTGAACCGATGGCCT-1","Non-neoplastic colon"
"CTTGAACTTCAAGAGC-1","Non-neoplastic colon"
"CTTGAAGAACGCTAGA-1","Non-neoplastic colon"
"CTTGAATCCGCCTCGA-1","Tumor stroma in mucosa and submucosa"
"CTTGAATCGCACGCTC-1","Non-neoplastic colon"
"CTTGAATCTGGTCGTG-1","Non-neoplastic colon"
"CTTGAGATCAATGGAG-1","Tumor cells in mucosa and submucosa"
"CTTGAGCTGAATAGTC-1","Non-neoplastic colon"
"CTTGAGGCTGCGCTTG-1","Tumor cells in muscularis propria"
"CTTGAGTACCAATGAG-1","Non-neoplastic colon"
"CTTGAGTTATAAGTGC-1","Tumor cells in muscularis propria"
"CTTGATCTGCAGCGGT-1","Non-neoplastic colon"
"CTTGATTCGCATCAAT-1","Non-neoplastic colon"
"CTTGCCGAGCCGAAGT-1","Tumor cells in muscularis propria"
"CTTGCGAGGTTCGGTT-1","Tumor cells in muscularis propria"
"CTTGCGCTATGGTGTC-1","Non-neoplastic colon"
"CTTGCGCTCGAACTTG-1","Non-neoplastic colon"
"CTTGCGTATGCCTATC-1","Tumor cells in muscularis propria"
"CTTGCGTGAAGGTACA-1","Tumor cells in muscularis propria"
"CTTGCGTGCAGCCTAA-1","Tumor cells in mucosa and submucosa"
"CTTGCGTGCTTGTCAG-1","Non-neoplastic colon"
"CTTGCTGGTTGCAGTT-1","Non-neoplastic colon"
"CTTGGACAGAGCATCA-1","Tumor cells in mucosa and submucosa"
"CTTGGACAGTCGAGTC-1","Tumor cells in mucosa and submucosa"
"CTTGGACTACGAGTTA-1","Non-neoplastic colon"
"CTTGGACTCATGTTCA-1","Tumor cells in mucosa and submucosa"
"CTTGGAGCAACGAGCC-1","Non-neoplastic colon"
"CTTGGAGGAACTGTTC-1","Non-neoplastic colon"
"CTTGGAGGCTTGACGG-1","Tumor cells in mucosa and submucosa"
"CTTGGAGTTGCGAGGT-1","Non-neoplastic colon"
"CTTGGATCGGTGGACA-1","Non-neoplastic colon"
"CTTGGATTCAGGAGAA-1","Non-neoplastic colon"
"CTTGGATTGTCGAAGG-1","Non-neoplastic colon"
"CTTGGTAGAAGTCGGT-1","Non-neoplastic colon"
"CTTGGTAGACCAGATC-1","Non-neoplastic colon"
"CTTGGTGACCGCGACG-1","Non-neoplastic colon"
"CTTGGTTATCTATTAA-1","Tumor stroma in mucosa and submucosa"
"CTTGTAACCGAGTAAG-1","Non-neoplastic colon"
"CTTGTAAGTGAAGAAC-1","Non-neoplastic colon"
"CTTGTATCCATCACGG-1","Non-neoplastic colon"
"CTTGTATCGCATACCG-1","Non-neoplastic colon"
"CTTGTATCGTTGCTAT-1","Non-neoplastic colon"
"CTTGTCAAGTCTAATC-1","Tumor cells in mucosa and submucosa"
"CTTGTCACGGCCTATG-1","Non-neoplastic colon"
"CTTGTCGCCGTGGACG-1","Non-neoplastic colon"
"CTTGTCGCTAGTGAGC-1","Non-neoplastic colon"
"CTTGTCGCTGAATACC-1","Non-neoplastic colon"
"CTTGTCTACTTAAGAT-1","Tumor cells in mucosa and submucosa"
"CTTGTCTATCACATCT-1","Non-neoplastic colon"
"CTTGTCTGATACTATT-1","Non-neoplastic colon"
"CTTGTCTGTACTTAAC-1","Non-neoplastic colon"
"CTTGTCTTCCTACTCA-1","Non-neoplastic colon"
"GAACAACCAGTAGAGT-1","Tumor stroma in mucosa and submucosa"
"GAACAAGCTCGCACGT-1","Non-neoplastic colon"
"GAACAAGGCTTCAGTA-1","Non-neoplastic colon"
"GAACAGCGAATGTCGC-1","Non-neoplastic colon"
"GAACAGCGTATCGCTA-1","Non-neoplastic colon"
"GAACAGGATCTAGACA-1","Non-neoplastic colon"
"GAACAGTCGGACATCA-1","Non-neoplastic colon"
"GAACAGTGCGCAATGT-1","Tumor stroma in muscularis propria"
"GAACATTCCGGCAGGT-1","Non-neoplastic colon"
"GAACATTCTGCCGATT-1","Non-neoplastic colon"
"GAACATTGTTATCTGC-1","Non-neoplastic colon"
"GAACCAACGCCGCACC-1","Non-neoplastic colon"
"GAACCAATGTTCTGCC-1","Non-neoplastic colon"
"GAACCATACATGAATC-1","Non-neoplastic colon"
"GAACCATCGTCAGCCG-1","Tumor cells in muscularis propria"
"GAACCGGAAGTCGTGG-1","Tumor cells in mucosa and submucosa"
"GAACCTAATGTCCAAC-1","Non-neoplastic colon"
"GAACCTCAGATAGGCG-1","Tumor cells in muscularis propria"
"GAACGAGGCAATCCGG-1","Non-neoplastic colon"
"GAACGCAGGCCTGTGC-1","Non-neoplastic colon"
"GAACGCCAACTACAGA-1","Non-neoplastic colon"
"GAACGCCAATCAATCA-1","Tumor cells in mucosa and submucosa"
"GAACGCTTAGCGTGAG-1","Non-neoplastic colon"
"GAACGCTTATACCTAG-1","Non-neoplastic colon"
"GAACGCTTGCGAGCCT-1","Non-neoplastic colon"
"GAACGGCCTTCGTTCC-1","Non-neoplastic colon"
"GAACTACAACGCGGCT-1","Non-neoplastic colon"
"GAACTACCGCCTGAGG-1","Non-neoplastic colon"
"GAACTAGGAGACGTCA-1","Non-neoplastic colon"
"GAACTAGGCTCGGCCT-1","Tumor cells in mucosa and submucosa"
"GAACTAGGTAGACGAT-1","Non-neoplastic colon"
"GAACTCAACCGGTTGA-1","Non-neoplastic colon"
"GAACTCCTTGCCTGAA-1","Tumor cells in muscularis propria"
"GAACTCGTATTCGGTC-1","Tumor stroma in mucosa and submucosa"
"GAACTCGTCACTTACC-1","Tumor cells in muscularis propria"
"GAACTCTACGCAGAAT-1","Tumor cells in mucosa and submucosa"
"GAACTCTAGGCGAGGA-1","Non-neoplastic colon"
"GAACTGCATCAAGCAC-1","Non-neoplastic colon"
"GAACTTATTCTGCACG-1","Non-neoplastic colon"
"GAACTTGAATACAGAA-1","Tumor cells in mucosa and submucosa"
"GAAGCCGTCCACATCG-1","Tumor cells in muscularis propria"
"GAAGCGAATGCATTGC-1","Non-neoplastic colon"
"GAAGCGAGACATTGAC-1","Tumor stroma in mucosa and submucosa"
"GAAGCGAGCCACGGCT-1","Non-neoplastic colon"
"GAAGCGATACTAGGAT-1","Tumor cells in muscularis propria"
"GAAGCGCCGTAAGGCG-1","Non-neoplastic colon"
"GAAGCGGAACTTGAGC-1","Tumor stroma in mucosa and submucosa"
"GAAGCGGAATTAATGT-1","Non-neoplastic colon"
"GAAGCGGCAACCATTC-1","Tumor cells in muscularis propria"
"GAAGCGGCAACGGACA-1","Non-neoplastic colon"
"GAAGCGGCTTGACCTC-1","Non-neoplastic colon"
"GAAGCGTAGGCCTATG-1","Tumor cells in muscularis propria"
"GAAGCGTCCGGTGGTA-1","Tumor cells in mucosa and submucosa"
"GAAGCTAATTATCTCC-1","Non-neoplastic colon"
"GAAGCTACTGTTATCT-1","Tumor cells in mucosa and submucosa"
"GAAGCTAGGATAGTCC-1","Non-neoplastic colon"
"GAAGCTCCGCCACTTG-1","Non-neoplastic colon"
"GAAGCTGCGTAACAAG-1","Non-neoplastic colon"
"GAAGCTGTTCCGTTGC-1","Non-neoplastic colon"
"GAAGCTTACCAAGGTG-1","Non-neoplastic colon"
"GAAGCTTAGAGCATCC-1","Non-neoplastic colon"
"GAAGCTTAGCATGCGT-1","Tumor stroma in muscularis propria"
"GAAGCTTCCGTAGCAA-1","Tumor cells in mucosa and submucosa"
"GAAGCTTCGTATTATC-1","Non-neoplastic colon"
"GAAGGCTGCAAGTCTT-1","Non-neoplastic colon"
"GAAGGTTCGGCCTCGA-1","Non-neoplastic colon"
"GAAGGTTCTTGCGTTC-1","Tumor cells in mucosa and submucosa"
"GAAGTAATGACTGGAC-1","Non-neoplastic colon"
"GAAGTAGCTGTAATCA-1","Non-neoplastic colon"
"GAAGTATTACATAGAT-1","Non-neoplastic colon"
"GAAGTATTACTCTTGT-1","Non-neoplastic colon"
"GAAGTATTGCTTCCTG-1","Non-neoplastic colon"
"GAAGTCGACATCAACT-1","Tumor cells in mucosa and submucosa"
"GAAGTCGCCTACTTAA-1","Tumor cells in mucosa and submucosa"
"GAAGTCGCGTCACCGC-1","Non-neoplastic colon"
"GAAGTCGTTATCAGTA-1","Non-neoplastic colon"
"GAAGTTCTCGTCATGA-1","Non-neoplastic colon"
"GAATACCTCCTGTCGC-1","Non-neoplastic colon"
"GAATACGTAACAGTCC-1","Non-neoplastic colon"
"GAATACGTCTAGCTAC-1","Non-neoplastic colon"
"GAATAGGACGAGTGTT-1","Tumor cells in muscularis propria"
"GAATAGTAAGGCTGGA-1","Non-neoplastic colon"
"GAATAGTGAGCGTACG-1","Tumor cells in muscularis propria"
"GAATCAATTAGGATGG-1","Non-neoplastic colon"
"GAATCACCTCCGGTCA-1","Non-neoplastic colon"
"GAATCACGCCGTACCT-1","Tumor cells in mucosa and submucosa"
"GAATCATATGAGTTCC-1","Tumor cells in muscularis propria"
"GAATCATATTAGCCGT-1","Tumor stroma in muscularis propria"
"GAATCATGATCATAAT-1","Non-neoplastic colon"
"GAATCATTGATCGTAG-1","Non-neoplastic colon"
"GAATCCATTGTATGAC-1","Non-neoplastic colon"
"GAATCCGAGCGATTAG-1","Non-neoplastic colon"
"GAATCCTCGCACGGCC-1","Non-neoplastic colon"
"GAATCGATAATTGTAC-1","Tumor cells in mucosa and submucosa"
"GAATCGGATCTTGGTG-1","Tumor cells in mucosa and submucosa"
"GAATCTTCGCTAGATG-1","Tumor cells in mucosa and submucosa"
"GAATGAACCTTATCCA-1","Non-neoplastic colon"
"GAATGACACGCTGTAG-1","Tumor cells in mucosa and submucosa"
"GAATGACAGGCCAACT-1","Non-neoplastic colon"
"GAATGACTACGCATGA-1","Non-neoplastic colon"
"GAATGAGCTAATCGGC-1","Non-neoplastic colon"
"GAATGAGTAGTGAGAT-1","Non-neoplastic colon"
"GAATGATATGTTGGTA-1","Non-neoplastic colon"
"GAATGCTTCTGAAGCC-1","Tumor cells in muscularis propria"
"GAATGGACGACTTGAA-1","Non-neoplastic colon"
"GAATGGACTACACCAG-1","Non-neoplastic colon"
"GAATGGAGATGTCGGT-1","Tumor cells in mucosa and submucosa"
"GAATGGAGGCAGTATC-1","Non-neoplastic colon"
"GAATGGAGTTCGCTGC-1","Non-neoplastic colon"
"GAATGGCACTTGTAGA-1","Tumor stroma in muscularis propria"
"GAATGGTCAATTACCA-1","Non-neoplastic colon"
"GAATGGTCACGATAGG-1","Tumor cells in subserosa"
"GAATGGTCCGATCGTC-1","Non-neoplastic colon"
"GAATGGTGTTAGATCG-1","Non-neoplastic colon"
"GAATGGTTAGCTAAGG-1","Tumor stroma in mucosa and submucosa"
"GAATGGTTGGCCTGCT-1","Non-neoplastic colon"
"GAATGTATGACCTTCC-1","Tumor cells in muscularis propria"
"GAATGTCGTTAGCGTC-1","Non-neoplastic colon"
"GAATGTGACCGGATGA-1","Non-neoplastic colon"
"GAATGTGATACTGTGA-1","Non-neoplastic colon"
"GAATTACGTGACGCGT-1","Non-neoplastic colon"
"GAATTAGAAGCATCGT-1","Non-neoplastic colon"
"GAATTAGATTGGTAAG-1","Non-neoplastic colon"
"GAATTCACCATAACAT-1","Non-neoplastic colon"
"GAATTCTGATAAGTAT-1","Non-neoplastic colon"
"GACAACCAACCGTATT-1","Tumor cells in muscularis propria"
"GACAACCGGCAGCTAT-1","Tumor cells in muscularis propria"
"GACAACCTCCTTCAAG-1","Tumor cells in mucosa and submucosa"
"GACAACGACCATACCT-1","Non-neoplastic colon"
"GACAACGGTAGAACCT-1","Tumor cells in mucosa and submucosa"
"GACAACGTTAGTCACG-1","Non-neoplastic colon"
"GACAACTATGGAATTC-1","Non-neoplastic colon"
"GACAACTTCAATTGCG-1","Tumor cells in mucosa and submucosa"
"GACAAGACCTACTCGA-1","Tumor cells in mucosa and submucosa"
"GACAAGACTCAAGTTC-1","Necrosis"
"GACAAGCACGGCCGAC-1","Non-neoplastic colon"
"GACAAGCGGCGATGGA-1","Non-neoplastic colon"
"GACAAGCTAATTGGAT-1","Non-neoplastic colon"
"GACAAGCTACGTATCA-1","Non-neoplastic colon"
"GACAAGCTCGCAATGG-1","Tumor cells in mucosa and submucosa"
"GACAAGTGCGTTGTGC-1","Non-neoplastic colon"
"GACAAGTGTAGGTTCA-1","Non-neoplastic colon"
"GACAATACAGCCACTC-1","Tumor cells in muscularis propria"
"GACAATTGTCTTGCTT-1","Tumor stroma in mucosa and submucosa"
"GACACGCACGTTAGGA-1","Non-neoplastic colon"
"GACACGGACACGTACG-1","Non-neoplastic colon"
"GACACTAGTTAACCAA-1","Tumor cells in mucosa and submucosa"
"GACACTCGTGTTCGCT-1","Tumor cells in mucosa and submucosa"
"GACACTGTGGCGACGG-1","Non-neoplastic colon"
"GACAGAACGTTGCTTC-1","Tumor cells in mucosa and submucosa"
"GACAGAACTAACCGAA-1","Non-neoplastic colon"
"GACAGAAGTCACAACC-1","Non-neoplastic colon"
"GACAGAATAGGTGCCT-1","Tumor cells in mucosa and submucosa"
"GACAGACGCTTGAGGA-1","Tumor cells in mucosa and submucosa"
"GACAGACGGACAGAAC-1","Tumor cells in muscularis propria"
"GACAGACGTATGCTGT-1","Non-neoplastic colon"
"GACAGAGGTAAGGTAA-1","Non-neoplastic colon"
"GACAGCAAGGAACTAC-1","Non-neoplastic colon"
"GACATACCAGGAATGC-1","Non-neoplastic colon"
"GACATCCTGTATGGAC-1","Non-neoplastic colon"
"GACATCCTTCGAACTG-1","Non-neoplastic colon"
"GACATCGCATCGGATG-1","Non-neoplastic colon"
"GACATCGCTCAAGAGC-1","Non-neoplastic colon"
"GACATGTAACTCTAAG-1","Non-neoplastic colon"
"GACATTAGAACAGAGC-1","Non-neoplastic colon"
"GACATTATCTCGGCTT-1","Non-neoplastic colon"
"GACCAACGAACTTCTA-1","Non-neoplastic colon"
"GACCAACGACAGCATG-1","Non-neoplastic colon"
"GACCAACGCTCATGAG-1","Tumor cells in mucosa and submucosa"
"GACCAAGTCAGACGCT-1","Non-neoplastic colon"
"GACCAAGTCCTAACTA-1","Tumor cells in mucosa and submucosa"
"GACCAATTGAACTACG-1","Non-neoplastic colon"
"GACCACATCTCACGGA-1","Non-neoplastic colon"
"GACCACCTCGATAGTG-1","Tumor cells in mucosa and submucosa"
"GACCACGATAGCGAAG-1","Tumor cells in muscularis propria"
"GACCACGGCGCATTAC-1","Tumor cells in muscularis propria"
"GACCACGGTTATTCCG-1","Tumor stroma in mucosa and submucosa"
"GACCACTCGCATTCAG-1","Non-neoplastic colon"
"GACCAGATAGCAGGCA-1","Non-neoplastic colon"
"GACCAGGAAGTTCCTG-1","Non-neoplastic colon"
"GACCATGTCCATCATG-1","Tumor cells in mucosa and submucosa"
"GACCGAATCGGAATCT-1","Non-neoplastic colon"
"GACCGAGGTGTCCAGC-1","Non-neoplastic colon"
"GACCGGCCAGGACTGT-1","Non-neoplastic colon"
"GACCGGTAAGCTCACG-1","Non-neoplastic colon"
"GACCGGTTCTGTCGCC-1","Tumor cells in mucosa and submucosa"
"GACCGTAGCGAGTCTT-1","Non-neoplastic colon"
"GACCGTATAACGGAAC-1","Tumor cells in mucosa and submucosa"
"GACCGTCATCGAACAT-1","Tumor cells in muscularis propria"
"GACCGTGATGCAGACA-1","Non-neoplastic colon"
"GACCTCTTGCGGAACC-1","Non-neoplastic colon"
"GACCTCTTGGAAGTGG-1","Non-neoplastic colon"
"GACCTGAATATCCTGG-1","Non-neoplastic colon"
"GACCTGACGTTCAATA-1","Non-neoplastic colon"
"GACCTGATGCCTCATG-1","Non-neoplastic colon"
"GACCTGATGGATGCCT-1","Tumor cells in mucosa and submucosa"
"GACCTGCACTGTTATT-1","Non-neoplastic colon"
"GACCTGCAGCTAACTG-1","Non-neoplastic colon"
"GACCTGCCGAGGCATA-1","Non-neoplastic colon"
"GACCTGCTCAGAACGC-1","Non-neoplastic colon"
"GACCTGCTCCAACTTA-1","Non-neoplastic colon"
"GACCTGCTGACAGACT-1","Tumor cells in muscularis propria"
"GACCTGGTTGGACGCA-1","Non-neoplastic colon"
"GACCTGTACGACATAA-1","Tumor cells in mucosa and submucosa"
"GACGAGATCTCAACAT-1","Tumor cells in mucosa and submucosa"
"GACGAGCACTCAAGCC-1","Non-neoplastic colon"
"GACGAGCTGGAAGAGG-1","Tumor cells in mucosa and submucosa"
"GACGAGGTGATCACTG-1","Tumor cells in muscularis propria"
"GACGATTACCACCGCA-1","Non-neoplastic colon"
"GACGCAACAGCGGCTA-1","Non-neoplastic colon"
"GACGCACGCAATTCTT-1","Tumor stroma in muscularis propria"
"GACGCACGCACGAACT-1","Tumor cells in mucosa and submucosa"
"GACGCATTGCAATCTG-1","Non-neoplastic colon"
"GACGCCAATCTGTTGC-1","Tumor stroma in muscularis propria"
"GACGCCAATGAGACGA-1","Non-neoplastic colon"
"GACGCCTCCAACTACA-1","Non-neoplastic colon"
"GACGCCTCGGCGCCAA-1","Non-neoplastic colon"
"GACGCTCGTAGGTGTA-1","Tumor cells in mucosa and submucosa"
"GACGCTGTAACTACAG-1","Tumor cells in mucosa and submucosa"
"GACGCTTCGCTGGTCT-1","Non-neoplastic colon"
"GACGGCGAATTACTTG-1","Non-neoplastic colon"
"GACGGTAAGAGGCTAC-1","Non-neoplastic colon"
"GACGGTCAATGTCGTG-1","Non-neoplastic colon"
"GACGGTCGCAAGTCGG-1","Tumor cells in mucosa and submucosa"
"GACGGTCTAGCGCCGG-1","Non-neoplastic colon"
"GACGGTCTATTCGCAT-1","Tumor cells in mucosa and submucosa"
"GACGGTCTGGCTAATC-1","Non-neoplastic colon"
"GACGGTGCCATGAATA-1","Tumor cells in muscularis propria"
"GACGGTGGCTCCACTA-1","Non-neoplastic colon"
"GACGGTGGCTGTCGCT-1","Non-neoplastic colon"
"GACGGTTGAATGATCC-1","Non-neoplastic colon"
"GACGGTTGACTCAGGA-1","Non-neoplastic colon"
"GACGTATTCAAGGAAT-1","Non-neoplastic colon"
"GACGTCTTACGCTGTC-1","Tumor cells in muscularis propria"
"GACGTGAGACCTCGTC-1","Non-neoplastic colon"
"GACGTTCAGACCTAGG-1","Tumor cells in muscularis propria"
"GACGTTCCGAATTCAA-1","Tumor cells in mucosa and submucosa"
"GACGTTCGCAGTGCCG-1","Non-neoplastic colon"
"GACGTTGTATGAAGCT-1","Tumor cells in muscularis propria"
"GACTACGATGAACGCC-1","Tumor cells in muscularis propria"
"GACTAGAATCCACCGG-1","Non-neoplastic colon"
"GACTAGATCGCCGTCT-1","Non-neoplastic colon"
"GACTAGATCGTTAACA-1","Non-neoplastic colon"
"GACTAGATGTGCTCGG-1","Tumor cells in muscularis propria"
"GACTAGCCATAACTCC-1","Non-neoplastic colon"
"GACTAGCCGCGACAGC-1","Non-neoplastic colon"
"GACTAGCTCCAATCAC-1","Non-neoplastic colon"
"GACTAGGCTGGAGTGA-1","Non-neoplastic colon"
"GACTATTCGGCCTACT-1","Tumor stroma in mucosa and submucosa"
"GACTCATACGCCGTTA-1","Non-neoplastic colon"
"GACTCGCAAGGTGACA-1","Non-neoplastic colon"
"GACTCGCCGATGTTAA-1","Tumor cells in mucosa and submucosa"
"GACTCGGCATCTGAAC-1","Tumor cells in mucosa and submucosa"
"GACTCGTGTCGGACCA-1","Non-neoplastic colon"
"GACTGACACCGCTCTG-1","Tumor cells in mucosa and submucosa"
"GACTGACTTCGTTATT-1","Non-neoplastic colon"
"GACTGAGCTCATGGAG-1","Tumor cells in mucosa and submucosa"
"GACTGAGTACAAGAGG-1","LVI"
"GACTGAGTATGCCGGC-1","Non-neoplastic colon"
"GACTGATATTGTGACG-1","Non-neoplastic colon"
"GACTGATTAACCACAA-1","Non-neoplastic colon"
"GACTGATTGAAGGACC-1","Non-neoplastic colon"
"GACTGATTGGCCATGT-1","Non-neoplastic colon"
"GACTGCAAGCTGGACA-1","Tumor cells in muscularis propria"
"GACTGCCTGCCGCATA-1","Non-neoplastic colon"
"GACTGCGTCTACTGTA-1","Tumor cells in muscularis propria"
"GACTGCGTGCCATTAC-1","Non-neoplastic colon"
"GACTGGAGATTCGGAC-1","Non-neoplastic colon"
"GACTGGCCGTGATCTA-1","Non-neoplastic colon"
"GACTGGCTTAAGTGTT-1","Non-neoplastic colon"
"GACTGGTGGCTTGGAG-1","Non-neoplastic colon"
"GACTGTACAAGTGCCG-1","Necrosis"
"GACTGTATTGCGAACC-1","Non-neoplastic colon"
"GACTTAAGCGTGAAGC-1","Non-neoplastic colon"
"GACTTAGGATCTCCAG-1","Non-neoplastic colon"
"GACTTGAACAGAGCTA-1","Non-neoplastic colon"
"GACTTGAATGACTGCC-1","Non-neoplastic colon"
"GACTTGACTTAGACGC-1","Non-neoplastic colon"
"GACTTGAGTGCAGCGT-1","Tumor cells in muscularis propria"
"GACTTGCATAGGTAAT-1","Non-neoplastic colon"
"GACTTGCGACGGTGGC-1","Non-neoplastic colon"
"GACTTGCGCTGGCGCT-1","Tumor cells in mucosa and submucosa"
"GACTTGCTGATTAGCT-1","Non-neoplastic colon"
"GACTTGTCCGAAGTTA-1","Non-neoplastic colon"
"GAGCACCAGACTTATT-1","Non-neoplastic colon"
"GAGCACTACACTACCA-1","Non-neoplastic colon"
"GAGCATCCAGGCTAGA-1","Tumor cells in mucosa and submucosa"
"GAGCATTGCAGGAGCC-1","Non-neoplastic colon"
"GAGCCAAGTATGACGG-1","Non-neoplastic colon"
"GAGCCAGCATGGACGG-1","Non-neoplastic colon"
"GAGCCATTGACCAGTT-1","Tumor cells in muscularis propria"
"GAGCCGACGTTGGACG-1","Non-neoplastic colon"
"GAGCCGAGACGAACAT-1","Necrosis"
"GAGCCTAAGTACCAGT-1","Non-neoplastic colon"
"GAGCCTGAGGCGCACG-1","Non-neoplastic colon"
"GAGCCTGTGCACTCAA-1","Tumor cells in mucosa and submucosa"
"GAGCGACAGGCCGGAT-1","Tumor stroma in muscularis propria"
"GAGCGACATCGCTCCT-1","Non-neoplastic colon"
"GAGCGACATCTGACGC-1","Non-neoplastic colon"
"GAGCGACGGCTAACCT-1","Tumor cells in mucosa and submucosa"
"GAGCGACGTCGATTGG-1","Non-neoplastic colon"
"GAGCGACGTTATACCA-1","Non-neoplastic colon"
"GAGCGATAGCGAGGTC-1","Non-neoplastic colon"
"GAGCGGAACTGATAAT-1","Tumor stroma in muscularis propria"
"GAGCGGAAGACCAGGA-1","Non-neoplastic colon"
"GAGCGGATGCGTGATA-1","Non-neoplastic colon"
"GAGCGGCACTTACGAG-1","Non-neoplastic colon"
"GAGCGGCTCCAAGAGT-1","Tumor cells in mucosa and submucosa"
"GAGCGGCTCCGCTACC-1","Tumor cells in mucosa and submucosa"
"GAGCGGCTGCGACTAG-1","Non-neoplastic colon"
"GAGCGGTGCTCCGCCA-1","Non-neoplastic colon"
"GAGCGTGGACAGACCG-1","Non-neoplastic colon"
"GAGCTAAGGTCCGGAC-1","Tumor stroma in muscularis propria"
"GAGCTAAGTGGCTGAA-1","Non-neoplastic colon"
"GAGCTATTACCGCCAG-1","Non-neoplastic colon"
"GAGCTCAGTTCCGCGT-1","Non-neoplastic colon"
"GAGCTCCTGACCGCAG-1","Tumor cells in mucosa and submucosa"
"GAGCTCCTGCAAGCGA-1","Non-neoplastic colon"
"GAGCTCGAGGAAGACT-1","Non-neoplastic colon"
"GAGCTCTATGGCGGAG-1","Non-neoplastic colon"
"GAGCTCTATGTAATGC-1","Non-neoplastic colon"
"GAGCTGGTGATCTGCA-1","Tumor stroma in muscularis propria"
"GAGCTTAAGGCTGCAG-1","Non-neoplastic colon"
"GAGCTTAGTCTTAGAA-1","Non-neoplastic colon"
"GAGCTTCTCACCAATA-1","Non-neoplastic colon"
"GAGCTTGAGTATCAAC-1","Non-neoplastic colon"
"GAGGAACTAATGTAGT-1","Non-neoplastic colon"
"GAGGAAGGTGAACATA-1","Tumor cells in mucosa and submucosa"
"GAGGAAGGTTATGACT-1","Non-neoplastic colon"
"GAGGAATACGAGGACA-1","Tumor cells in muscularis propria"
"GAGGAATACTCGACGG-1","Non-neoplastic colon"
"GAGGATCCTTCGAGCC-1","Non-neoplastic colon"
"GAGGATGCGATTAACT-1","Non-neoplastic colon"
"GAGGATGCTCACATCG-1","Tumor stroma in muscularis propria"
"GAGGATTGCCGAGCGT-1","Non-neoplastic colon"
"GAGGCCACAGTGGCAG-1","Non-neoplastic colon"
"GAGGCCACGGCCGAGT-1","Non-neoplastic colon"
"GAGGCCAGACAGATGA-1","Non-neoplastic colon"
"GAGGCCATCTCACGAG-1","Non-neoplastic colon"
"GAGGCCGAAGGATGTC-1","Tumor cells in muscularis propria"
"GAGGCCTAGGCAGATC-1","Non-neoplastic colon"
"GAGGCCTAGTGATGCT-1","Non-neoplastic colon"
"GAGGCCTATCAAGACG-1","Non-neoplastic colon"
"GAGGCGACAGAATACA-1","Non-neoplastic colon"
"GAGGCGACCATGTTAG-1","Non-neoplastic colon"
"GAGGCGCAGGACGTCC-1","Non-neoplastic colon"
"GAGGCGCTCGGAGCTT-1","Non-neoplastic colon"
"GAGGCGTCGCGGAATC-1","Tumor cells in muscularis propria"
"GAGGCGTTACTACGTG-1","Non-neoplastic colon"
"GAGGTAATAGGCCGAC-1","Non-neoplastic colon"
"GAGGTACCACAGTTAT-1","Non-neoplastic colon"
"GAGGTACTTAGTGGTC-1","Non-neoplastic colon"
"GAGGTAGAGTGACAGC-1","Tumor cells in mucosa and submucosa"
"GAGGTAGATCTTCGGT-1","Non-neoplastic colon"
"GAGGTAGATGAGCCAT-1","Non-neoplastic colon"
"GAGGTAGTCACGAGGA-1","Tumor cells in mucosa and submucosa"
"GAGGTAGTGGACTAAT-1","Non-neoplastic colon"
"GAGGTATGAGGTCCAG-1","Tumor cells in mucosa and submucosa"
"GAGGTATGCATCGTCC-1","Non-neoplastic colon"
"GAGGTATTAATGAGCT-1","Non-neoplastic colon"
"GAGGTCACTCGGACGG-1","Non-neoplastic colon"
"GAGGTCCAGACCATAA-1","Non-neoplastic colon"
"GAGGTGAGATTCGCGA-1","Non-neoplastic colon"
"GAGGTGCGCCTGCGAT-1","Tumor cells in muscularis propria"
"GAGGTGGCAGCGACAT-1","Tumor cells in mucosa and submucosa"
"GAGGTGGCGAGCCGAT-1","Non-neoplastic colon"
"GAGGTGTAATGAGCCG-1","Tumor cells in muscularis propria"
"GAGGTGTAGGACAATC-1","Tumor cells in mucosa and submucosa"
"GAGGTGTATGCCGCAC-1","Non-neoplastic colon"
"GAGGTGTATGCGAAGG-1","Non-neoplastic colon"
"GAGGTGTATGGTTCTG-1","Non-neoplastic colon"
"GAGTACGCTAACAGCA-1","Non-neoplastic colon"
"GAGTAGAACCTAAGAA-1","Non-neoplastic colon"
"GAGTAGACATAATGTC-1","Non-neoplastic colon"
"GAGTAGACGGTGTTCC-1","Non-neoplastic colon"
"GAGTAGACTATTAACC-1","Non-neoplastic colon"
"GAGTAGCACTATCCAT-1","Non-neoplastic colon"
"GAGTAGCATGCCGGCG-1","Non-neoplastic colon"
"GAGTAGCCGTCTGATA-1","Non-neoplastic colon"
"GAGTAGTCAGCCGCTA-1","Non-neoplastic colon"
"GAGTATAGAATCATCT-1","Non-neoplastic colon"
"GAGTATGCGTACCAGC-1","Non-neoplastic colon"
"GAGTCACGACAACCTT-1","Non-neoplastic colon"
"GAGTCACGCAGGAGCA-1","Non-neoplastic colon"
"GAGTCACGTTAAGTAT-1","Non-neoplastic colon"
"GAGTCCACGAACTAAC-1","Non-neoplastic colon"
"GAGTCCACGAGTAGCT-1","Non-neoplastic colon"
"GAGTCCGCTACTGCGA-1","Non-neoplastic colon"
"GAGTCCGTAGGACTTG-1","Non-neoplastic colon"
"GAGTCCGTGAAGATTG-1","Non-neoplastic colon"
"GAGTCCTATGGATCTT-1","Tumor cells in muscularis propria"
"GAGTCCTCCAGAATTC-1","Non-neoplastic colon"
"GAGTCGAGGATAGTAT-1","Tumor cells in mucosa and submucosa"
"GAGTCGTTACCTTAAT-1","Non-neoplastic colon"
"GAGTCTAATCACAGGC-1","Non-neoplastic colon"
"GAGTCTCCGGATTAGC-1","Tumor cells in muscularis propria"
"GAGTCTGGTGCGCTAA-1","Non-neoplastic colon"
"GAGTCTTGCGTTAATG-1","Non-neoplastic colon"
"GAGTGCCTAACGGCCA-1","Non-neoplastic colon"
"GAGTGCCTGTTCGGAG-1","Tumor cells in mucosa and submucosa"
"GAGTGCGATATTAAGA-1","Non-neoplastic colon"
"GAGTGCGGTCCAACGG-1","Non-neoplastic colon"
"GAGTGCTCGGTGCGTT-1","Non-neoplastic colon"
"GAGTGCTCTTGGTTGC-1","Non-neoplastic colon"
"GAGTGCTGAATCCGGA-1","Non-neoplastic colon"
"GAGTGCTGACAGCCAA-1","Non-neoplastic colon"
"GAGTGGAATGCCAGTT-1","Non-neoplastic colon"
"GAGTGGACAGTAGCTT-1","Non-neoplastic colon"
"GAGTTAATTAGCTCCA-1","Non-neoplastic colon"
"GAGTTACTGTATTATC-1","Tumor cells in muscularis propria"
"GAGTTAGCGAACGTTA-1","Non-neoplastic colon"
"GAGTTAGTTCGGAGGT-1","Tumor cells in mucosa and submucosa"
"GAGTTATCACGAACTC-1","Non-neoplastic colon"
"GAGTTCAGAACATACT-1","Non-neoplastic colon"
"GAGTTCAGCTGGTATG-1","Non-neoplastic colon"
"GAGTTCAGTCGGTCAT-1","Non-neoplastic colon"
"GAGTTCATTAAGCAGG-1","Tumor cells in muscularis propria"
"GAGTTCCAACCTCAGA-1","Tumor cells in mucosa and submucosa"
"GAGTTCCTGCTCCTTG-1","Non-neoplastic colon"
"GAGTTCGCCACGACGC-1","Non-neoplastic colon"
"GAGTTCGGACTCTTGC-1","Non-neoplastic colon"
"GAGTTCGGATAATCAG-1","Non-neoplastic colon"
"GAGTTGCTGGATAGTG-1","Non-neoplastic colon"
"GAGTTGTAGATAGGAA-1","Non-neoplastic colon"
"GATAAGAACGTTACTG-1","Non-neoplastic colon"
"GATAAGACCAGTCTAC-1","Non-neoplastic colon"
"GATAAGACCATCGTCA-1","Non-neoplastic colon"
"GATAAGACTGGTTCGA-1","Non-neoplastic colon"
"GATAAGACTTGACATC-1","Non-neoplastic colon"
"GATAAGGCTGGCTACT-1","Non-neoplastic colon"
"GATAAGTTACGTCTGG-1","Non-neoplastic colon"
"GATAAGTTAGCCTTCC-1","Non-neoplastic colon"
"GATAAGTTCATGGATA-1","Tumor cells in mucosa and submucosa"
"GATAATAGGTCACTTC-1","Tumor cells in mucosa and submucosa"
"GATACACCAGTGAGGT-1","Non-neoplastic colon"
"GATACACCATGACTGT-1","Non-neoplastic colon"
"GATACAGGTCCAAGTT-1","Non-neoplastic colon"
"GATACTTCGTACAGTT-1","Tumor stroma in muscularis propria"
"GATAGAGTCATCTTAC-1","Tumor cells in mucosa and submucosa"
"GATAGATCTTAGGTCG-1","Tumor cells in mucosa and submucosa"
"GATAGATTGAGCGTTC-1","Tumor cells in muscularis propria"
"GATAGGACCGTCTATT-1","Tumor stroma in mucosa and submucosa"
"GATAGGACGGATACCG-1","Tumor cells in mucosa and submucosa"
"GATAGGCTATGGTCTT-1","Tumor cells in muscularis propria"
"GATAGTCTCCGTCGAT-1","Tumor cells in mucosa and submucosa"
"GATAGTGAACCGGACT-1","Tumor stroma in mucosa and submucosa"
"GATAGTGCATAGCCAT-1","Non-neoplastic colon"
"GATATCACCGCTGTTG-1","Non-neoplastic colon"
"GATATCAGTGCACGGA-1","Non-neoplastic colon"
"GATATCGAAGCAACAG-1","Non-neoplastic colon"
"GATATCGATGGCGTGG-1","Tumor cells in muscularis propria"
"GATATCTTATTGGCTG-1","Non-neoplastic colon"
"GATATGATGCTTCCAC-1","Tumor cells in mucosa and submucosa"
"GATATGCTGTAACTGT-1","Non-neoplastic colon"
"GATATGGCGACCGTCT-1","Tumor cells in mucosa and submucosa"
"GATCACCAGTCCACTT-1","Tumor cells in mucosa and submucosa"
"GATCACCATATCATTG-1","Tumor cells in mucosa and submucosa"
"GATCACGAATACTAAC-1","Non-neoplastic colon"
"GATCACGGTACCTTCG-1","Non-neoplastic colon"
"GATCACTCAGCTGAAG-1","Non-neoplastic colon"
"GATCACTCGTAGCTAG-1","Non-neoplastic colon"
"GATCACTCGTTCTAAT-1","Non-neoplastic colon"
"GATCACTCTGCGCTCA-1","Non-neoplastic colon"
"GATCATTGCATAGCAG-1","Non-neoplastic colon"
"GATCCAAGAATATCTA-1","Tumor cells in mucosa and submucosa"
"GATCCAAGCCAGGCAA-1","Non-neoplastic colon"
"GATCCAATGACGTCAG-1","Non-neoplastic colon"
"GATCCAATGCTCGTGC-1","Non-neoplastic colon"
"GATCCACCGATTGGTG-1","Non-neoplastic colon"
"GATCCACGGTCAGCGA-1","Non-neoplastic colon"
"GATCCACGTAGCTGTC-1","Non-neoplastic colon"
"GATCCACGTCTATGGT-1","Tumor cells in muscularis propria"
"GATCCACGTGCTATCG-1","Non-neoplastic colon"
"GATCCACTACCTGCGG-1","Non-neoplastic colon"
"GATCCACTCCGGTAAT-1","Non-neoplastic colon"
"GATCCACTGTTGCTGT-1","Tumor cells in mucosa and submucosa"
"GATCCATAATCGCACG-1","Non-neoplastic colon"
"GATCCATACCACCTAG-1","Tumor cells in mucosa and submucosa"
"GATCCATCCGCTTCCA-1","Non-neoplastic colon"
"GATCCGGAACTCAGAT-1","Tumor cells in muscularis propria"
"GATCCGGACTATGCCA-1","Tumor cells in mucosa and submucosa"
"GATCCGGAGTCTGATC-1","Non-neoplastic colon"
"GATCCGGTAGGAGTGA-1","Non-neoplastic colon"
"GATCCGTTATACTTGT-1","Tumor stroma in mucosa and submucosa"
"GATCCTTCCTGCGAAG-1","Non-neoplastic colon"
"GATCGCACGCAATCTG-1","Non-neoplastic colon"
"GATCGCAGTTACATAC-1","Tumor stroma in mucosa and submucosa"
"GATCGCATAGCTGCAA-1","Non-neoplastic colon"
"GATCGCTGAATTCAGG-1","Non-neoplastic colon"
"GATCGTAACTCGGCCA-1","Tumor stroma in mucosa and submucosa"
"GATCGTAAGTGACCGT-1","Non-neoplastic colon"
"GATCGTCACTGAGGCT-1","Non-neoplastic colon"
"GATCGTCACTGCCAGG-1","Non-neoplastic colon"
"GATCGTCATGGATTGA-1","Non-neoplastic colon"
"GATCGTGCAGCTTAGT-1","Tumor cells in mucosa and submucosa"
"GATCGTGCATTATCGG-1","Non-neoplastic colon"
"GATCGTGCTATCGTGG-1","Non-neoplastic colon"
"GATCGTGGATCTACAG-1","Non-neoplastic colon"
"GATCGTGGATTCAAGA-1","Non-neoplastic colon"
"GATCGTGGCATGACTC-1","Non-neoplastic colon"
"GATCGTGGTCAGCGAG-1","Non-neoplastic colon"
"GATCGTTGCGAGAATG-1","LVI"
"GATCGTTGTACTTGAG-1","Non-neoplastic colon"
"GATCTTATCAGCTAAG-1","Non-neoplastic colon"
"GATCTTATCTCCATCA-1","Tumor stroma in muscularis propria"
"GATCTTCATTCGAACC-1","Tumor stroma in mucosa and submucosa"
"GATCTTCCTATGTATC-1","Tumor stroma in muscularis propria"
"GATCTTGCCTTGCCGC-1","Tumor cells in mucosa and submucosa"
"GATCTTGTAATGCAGG-1","Tumor cells in mucosa and submucosa"
"GATCTTGTCCGATTGG-1","Tumor cells in muscularis propria"
"GATCTTGTCCTTCGTT-1","Tumor stroma in mucosa and submucosa"
"GATGACATGTTCACCA-1","Non-neoplastic colon"
"GATGACATTCGAAGTG-1","Non-neoplastic colon"
"GATGACTTCTGGCGAG-1","Tumor cells in mucosa and submucosa"
"GATGAGCGTGAGTATG-1","Non-neoplastic colon"
"GATGAGGCCGGTAGCT-1","Tumor stroma in muscularis propria"
"GATGAGGTCGCCATCA-1","Tumor cells in muscularis propria"
"GATGAGGTTAGACAAT-1","Non-neoplastic colon"
"GATGAGTCCGCTGTCG-1","Tumor cells in mucosa and submucosa"
"GATGCCAAGTGAGTTA-1","Non-neoplastic colon"
"GATGCCAATTCTGCAA-1","Non-neoplastic colon"
"GATGCCAGCACGGATC-1","Non-neoplastic colon"
"GATGCCAGGCGTGGTC-1","Non-neoplastic colon"
"GATGCCTAACAGGCAG-1","Tumor cells in mucosa and submucosa"
"GATGCGGCATGGTTGT-1","Non-neoplastic colon"
"GATGGACAAGCGCTCG-1","Tumor stroma in mucosa and submucosa"
"GATGGACATGAAGTGG-1","Non-neoplastic colon"
"GATGGACCAACCTCCA-1","Non-neoplastic colon"
"GATGGACTAAGGCGAT-1","Tumor cells in mucosa and submucosa"
"GATGGACTAAGTGACA-1","Non-neoplastic colon"
"GATGGACTACAGGTAG-1","Tumor stroma in muscularis propria"
"GATGGAGTCCGCGATG-1","Tumor cells in mucosa and submucosa"
"GATGGAGTGGATCAGA-1","Non-neoplastic colon"
"GATGGATAAGCTCGAT-1","Non-neoplastic colon"
"GATGGATGCGTTACTC-1","Non-neoplastic colon"
"GATGGATGTTGCATCG-1","Non-neoplastic colon"
"GATGGTATTCTTGGTG-1","Non-neoplastic colon"
"GATGTAAGACTCGTTA-1","Tumor cells in mucosa and submucosa"
"GATGTACTCCTTGGTA-1","Tumor cells in muscularis propria"
"GATGTAGTATGCTCTA-1","Tumor cells in mucosa and submucosa"
"GATGTAGTTCCACCTA-1","Tumor stroma in mucosa and submucosa"
"GATGTAGTTGAAGACT-1","Tumor cells in mucosa and submucosa"
"GATGTAGTTGCTGGAG-1","Non-neoplastic colon"
"GATGTCCGATACGGTC-1","Non-neoplastic colon"
"GATGTTCTGTGCTAGT-1","Non-neoplastic colon"
"GATGTTCTTAGGACAG-1","Tumor cells in mucosa and submucosa"
"GATTAAGCCTACTGAG-1","Non-neoplastic colon"
"GATTAGTAACCGCTTG-1","Non-neoplastic colon"
"GATTAGTTAATCATTC-1","Non-neoplastic colon"
"GATTATTCCAACTACC-1","Tumor cells in muscularis propria"
"GATTCAGCTTAGGCTT-1","Non-neoplastic colon"
"GATTCAGTGAATCAAT-1","Non-neoplastic colon"
"GATTCATATTGCACGA-1","Non-neoplastic colon"
"GATTCCAATAGTGGCG-1","Non-neoplastic colon"
"GATTCCATGGAAGTTG-1","Non-neoplastic colon"
"GATTCCGATCGCGATA-1","Non-neoplastic colon"
"GATTCCGCAATGGCAA-1","Tumor cells in mucosa and submucosa"
"GATTCCGCTCAATAGT-1","Non-neoplastic colon"
"GATTCCGTATTCCGAC-1","Non-neoplastic colon"
"GATTCCGTGATTGACA-1","Tumor cells in mucosa and submucosa"
"GATTCCTACAGCCGGA-1","Tumor cells in mucosa and submucosa"
"GATTCCTACCGGCATT-1","Non-neoplastic colon"
"GATTCCTGACGCTGTT-1","Non-neoplastic colon"
"GATTCCTGCGTACATC-1","Non-neoplastic colon"
"GATTCCTGGATCATCC-1","Tumor cells in muscularis propria"
"GATTCCTGGCACGCGG-1","Non-neoplastic colon"
"GATTCCTGGCGACAAG-1","Non-neoplastic colon"
"GATTCCTTACGTTCAA-1","Non-neoplastic colon"
"GATTCCTTAGGAGTAT-1","Non-neoplastic colon"
"GATTCCTTGGCCTCAC-1","Non-neoplastic colon"
"GATTCGCCTTCCGGCA-1","Tumor cells in mucosa and submucosa"
"GATTGAAGACATTCGT-1","Non-neoplastic colon"
"GATTGAATGCTGCGGA-1","Tumor cells in subserosa"
"GATTGAATTCGTTGCG-1","Non-neoplastic colon"
"GATTGACGAATCGAAC-1","Tumor cells in mucosa and submucosa"
"GATTGATACAGAAGGC-1","Non-neoplastic colon"
"GCAACACCGTATGATC-1","Tumor cells in mucosa and submucosa"
"GCAACACGTCAGGTTA-1","Tumor cells in muscularis propria"
"GCAACAGCATCAGCTC-1","Non-neoplastic colon"
"GCAACAGCATTACAGG-1","Tumor cells in mucosa and submucosa"
"GCAACAGTCGGTTAGG-1","Non-neoplastic colon"
"GCAACATAATCACGGA-1","Non-neoplastic colon"
"GCAACATACAAGATAC-1","Non-neoplastic colon"
"GCAACATCCACGCTCA-1","Non-neoplastic colon"
"GCAACATCTACAGGTG-1","Non-neoplastic colon"
"GCAACATGAGGAGTGC-1","Tumor cells in mucosa and submucosa"
"GCAACATGGTTGCCGC-1","Non-neoplastic colon"
"GCAACATTAACTACAT-1","Non-neoplastic colon"
"GCAACATTGAGGTTGG-1","Tumor cells in mucosa and submucosa"
"GCAACCAAGGAGCAGT-1","Non-neoplastic colon"
"GCAAGAACGAAGGTTC-1","Tumor cells in mucosa and submucosa"
"GCAAGAATAGCGCTGC-1","Non-neoplastic colon"
"GCAAGAATCACCGATC-1","Non-neoplastic colon"
"GCAAGAATGTAGATCT-1","Non-neoplastic colon"
"GCAAGAATTCCGACCG-1","Non-neoplastic colon"
"GCAAGACATTCTACCT-1","Non-neoplastic colon"
"GCAAGACGCAGGTGTC-1","Non-neoplastic colon"
"GCAAGACGCTCAGACC-1","Tumor stroma in muscularis propria"
"GCAAGAGTGGTCTAGA-1","Tumor cells in mucosa and submucosa"
"GCAAGAGTTAGGCTTC-1","Non-neoplastic colon"
"GCAAGATACAGGCGGT-1","Tumor cells in mucosa and submucosa"
"GCAAGATATCCAAGTA-1","Non-neoplastic colon"
"GCAAGATGAAGCGAGG-1","Non-neoplastic colon"
"GCAAGCAGTGCTAGCC-1","Non-neoplastic colon"
"GCAAGCCAGAACTCGA-1","Non-neoplastic colon"
"GCAAGCTCATTCTTCG-1","Non-neoplastic colon"
"GCAAGCTGACGTTACT-1","Non-neoplastic colon"
"GCAAGTCACTAGCAGG-1","Non-neoplastic colon"
"GCAAGTCGAAGAGTCG-1","Non-neoplastic colon"
"GCAAGTTCGCAACACC-1","Non-neoplastic colon"
"GCAATCGTCAAGTCGT-1","Non-neoplastic colon"
"GCAATCTACCGGAGAA-1","Non-neoplastic colon"
"GCAATTAGCGAAGCAA-1","Non-neoplastic colon"
"GCAATTCCGCCTGAAT-1","Non-neoplastic colon"
"GCAATTGAGTCTGCGA-1","Tumor stroma in muscularis propria"
"GCACAGACAAGAACGC-1","Tumor cells in muscularis propria"
"GCACAGACTACACTAC-1","Tumor cells in muscularis propria"
"GCACAGGAATCTAGCT-1","Tumor cells in mucosa and submucosa"
"GCACAGGCAAGGTTCT-1","Non-neoplastic colon"
"GCACAGGCGTTATGCT-1","Tumor cells in muscularis propria"
"GCACAGGTATCGGTCG-1","Tumor cells in mucosa and submucosa"
"GCACAGGTCAACAGCT-1","Non-neoplastic colon"
"GCACAGGTTAGATGGT-1","Tumor cells in mucosa and submucosa"
"GCACAGTCACTCATCC-1","Non-neoplastic colon"
"GCACAGTGAGGCATAG-1","Non-neoplastic colon"
"GCACCACGACAGTGAG-1","Tumor cells in muscularis propria"
"GCACCAGCGGTAACAG-1","Non-neoplastic colon"
"GCACCAGTGCGACACG-1","Non-neoplastic colon"
"GCACCATATGCAGATC-1","Non-neoplastic colon"
"GCACCGGTGCAGACGT-1","Tumor stroma in mucosa and submucosa"
"GCACCGGTTGGAACGG-1","Tumor stroma in muscularis propria"
"GCACCGTGCTAACTGG-1","Tumor cells in muscularis propria"
"GCACCGTGGTCGCACG-1","Tumor cells in mucosa and submucosa"
"GCACCTAGCCACTCAA-1","Non-neoplastic colon"
"GCACCTATTACAGCCT-1","Tumor cells in mucosa and submucosa"
"GCACCTTCCAGACGAG-1","Non-neoplastic colon"
"GCACGAACAACTGGCC-1","Tumor cells in mucosa and submucosa"
"GCACGAACGGCATGTA-1","Non-neoplastic colon"
"GCACGAAGATGTCATT-1","Non-neoplastic colon"
"GCACGAAGCAAGGCCA-1","Tumor stroma in muscularis propria"
"GCACGAGGCGCCGAAT-1","Non-neoplastic colon"
"GCACGAGGTTGAGGCG-1","Non-neoplastic colon"
"GCACGCCTAGCACCTA-1","Non-neoplastic colon"
"GCACGCCTGTTCCTAT-1","Non-neoplastic colon"
"GCACGCTAGAATTAAG-1","Non-neoplastic colon"
"GCACGGCGATAGAACC-1","Non-neoplastic colon"
"GCACGGCGTTCGGCGT-1","Tumor cells in muscularis propria"
"GCACGGTCGTGGATGC-1","Tumor cells in mucosa and submucosa"
"GCACTACAGGCATTAA-1","Non-neoplastic colon"
"GCACTATCCTACGAAT-1","Non-neoplastic colon"
"GCACTCCAGAGTCTGA-1","Non-neoplastic colon"
"GCACTCCGGTTGGAAG-1","Tumor cells in mucosa and submucosa"
"GCACTCGGCAGCGGCA-1","Non-neoplastic colon"
"GCACTCTAACGGATGC-1","Non-neoplastic colon"
"GCACTCTATTCGGACC-1","Non-neoplastic colon"
"GCACTCTGAACGAGCT-1","Tumor stroma in mucosa and submucosa"
"GCACTGCGGCTCACAA-1","Non-neoplastic colon"
"GCACTGCGTAATGAAT-1","Non-neoplastic colon"
"GCACTGCTCATCCTGT-1","Tumor stroma in muscularis propria"
"GCACTGCTTAGGTCCT-1","Tumor stroma in mucosa and submucosa"
"GCACTGGACGTGTACG-1","Tumor stroma in muscularis propria"
"GCACTGGAGTCAGACG-1","Non-neoplastic colon"
"GCACTGTTAGTGGCAT-1","Tumor stroma in muscularis propria"
"GCACTGTTCTATACCG-1","Non-neoplastic colon"
"GCACTGTTGGATTGGT-1","Non-neoplastic colon"
"GCAGATACGAGTATAG-1","Tumor stroma in muscularis propria"
"GCAGATAGTGCCATGC-1","Tumor cells in mucosa and submucosa"
"GCAGATCCTCTACATA-1","Tumor cells in muscularis propria"
"GCAGATCGAACCACGT-1","Non-neoplastic colon"
"GCAGATCGTAGGTAGT-1","Non-neoplastic colon"
"GCAGATGTTACGGCTT-1","Tumor cells in mucosa and submucosa"
"GCAGATTCAATGTTGA-1","LVI"
"GCAGATTCACGCGGCT-1","Non-neoplastic colon"
"GCAGATTCGCCATATG-1","Non-neoplastic colon"
"GCAGCCTGGATATTGG-1","Non-neoplastic colon"
"GCAGCGACCTTGAAGA-1","Non-neoplastic colon"
"GCAGCGAGTAAGTAAT-1","Non-neoplastic colon"
"GCAGCGATTCCAAGTT-1","Tumor cells in mucosa and submucosa"
"GCAGCGCAAGTGGTGA-1","Non-neoplastic colon"
"GCAGGCATAATTAGCC-1","Non-neoplastic colon"
"GCAGGCCAATGTGCTG-1","Non-neoplastic colon"
"GCAGGCCAATTCCATC-1","Non-neoplastic colon"
"GCAGGCCACGGCGTTA-1","Non-neoplastic colon"
"GCAGGCCACTTAGACG-1","Tumor cells in mucosa and submucosa"
"GCAGGCCATGCTATAG-1","Non-neoplastic colon"
"GCAGGCTCAGATACAA-1","Tumor cells in muscularis propria"
"GCAGGCTCAGTGCAAT-1","Tumor cells in mucosa and submucosa"
"GCAGGCTCGGCAACGC-1","Tumor cells in mucosa and submucosa"
"GCAGGCTGGCCGTTAG-1","Non-neoplastic colon"
"GCAGGCTGTAATACGC-1","Non-neoplastic colon"
"GCAGGTACGTCACCAT-1","Non-neoplastic colon"
"GCAGGTCAATAGCGAC-1","Non-neoplastic colon"
"GCAGGTCACGTTCCTC-1","Non-neoplastic colon"
"GCAGGTGCTGAGCTCG-1","Non-neoplastic colon"
"GCAGGTGGACAATTCC-1","Non-neoplastic colon"
"GCAGTAAGCAGATTAA-1","Non-neoplastic colon"
"GCAGTAATCTGCACGG-1","Non-neoplastic colon"
"GCAGTGGTCGCCTGGT-1","Tumor stroma in mucosa and submucosa"
"GCAGTGTTGCTGGTGA-1","Tumor cells in muscularis propria"
"GCAGTTCAGATGAGCT-1","Non-neoplastic colon"
"GCAGTTCGATAGGTTG-1","Non-neoplastic colon"
"GCAGTTCGCTTCGCGA-1","Tumor cells in mucosa and submucosa"
"GCAGTTCTCGCATCTA-1","Tumor cells in mucosa and submucosa"
"GCAGTTCTTAGGCGAA-1","Non-neoplastic colon"
"GCAGTTGGAGTCAACC-1","Non-neoplastic colon"
"GCATAAGGACATGGTT-1","Tumor stroma in mucosa and submucosa"
"GCATAAGGCATGGCTT-1","Non-neoplastic colon"
"GCATAATGGATCTACC-1","Tumor cells in mucosa and submucosa"
"GCATAGTGCCAAGACT-1","Non-neoplastic colon"
"GCATCAACCTGGAACT-1","Tumor cells in mucosa and submucosa"
"GCATCAAGGTCAGGCA-1","Tumor stroma in mucosa and submucosa"
"GCATCATGCCTTCATG-1","Tumor stroma in mucosa and submucosa"
"GCATGAGTACCAACGA-1","Non-neoplastic colon"
"GCATGCAAGTTCGCGT-1","Tumor stroma in mucosa and submucosa"
"GCATGCCGGCATCACC-1","Non-neoplastic colon"
"GCATGCCTCGGCTGCC-1","Tumor stroma in muscularis propria"
"GCATGCGACGGCTCTG-1","Tumor stroma in mucosa and submucosa"
"GCATGCGTCATCGTCT-1","Tumor cells in mucosa and submucosa"
"GCATGTTAGCAATTGG-1","Non-neoplastic colon"
"GCATTACCGCTGAATT-1","Non-neoplastic colon"
"GCATTACCTTAATTGG-1","Non-neoplastic colon"
"GCATTGCGAGATGGTG-1","Non-neoplastic colon"
"GCATTGCGCATCGGCC-1","Tumor cells in mucosa and submucosa"
"GCATTGCGTGATCTAA-1","Tumor cells in mucosa and submucosa"
"GCATTGCTTCAGGTGG-1","Tumor cells in mucosa and submucosa"
"GCATTGGTGAATTAAG-1","Tumor cells in mucosa and submucosa"
"GCATTGGTGATCATAA-1","Non-neoplastic colon"
"GCATTGGTTAATGTCC-1","Tumor cells in mucosa and submucosa"
"GCATTGTCGAGTATGG-1","Tumor cells in mucosa and submucosa"
"GCATTGTCTGGTGACA-1","Non-neoplastic colon"
"GCATTGTCTTATGCTG-1","Non-neoplastic colon"
"GCATTGTTGATTCGGC-1","Non-neoplastic colon"
"GCCAACGGTGAAGCAA-1","Tumor cells in muscularis propria"
"GCCACCGACTGCTTAG-1","Non-neoplastic colon"
"GCCACGAATTAGTTGT-1","Non-neoplastic colon"
"GCCACGAGCAGAGCGG-1","Non-neoplastic colon"
"GCCACGAGCAGGAATC-1","Non-neoplastic colon"
"GCCACGGCAACGCCAC-1","Non-neoplastic colon"
"GCCACGTTGCCATGCT-1","Non-neoplastic colon"
"GCCACGTTGGCCAAGT-1","Non-neoplastic colon"
"GCCACTATGGTTGGCC-1","Non-neoplastic colon"
"GCCACTCCTGTAATCT-1","Tumor cells in muscularis propria"
"GCCACTGCAATGAGGC-1","Tumor cells in muscularis propria"
"GCCACTGCAGCCTTCC-1","Non-neoplastic colon"
"GCCACTGCGGCAGCGT-1","Tumor cells in mucosa and submucosa"
"GCCACTTGAGTAGAAC-1","Non-neoplastic colon"
"GCCACTTGCTCCTAAG-1","Non-neoplastic colon"
"GCCACTTGGCGATCCG-1","Non-neoplastic colon"
"GCCAGAAGATTGTAAG-1","Tumor stroma in muscularis propria"
"GCCAGAAGGTCATTAC-1","Tumor cells in mucosa and submucosa"
"GCCAGAATAATGATGG-1","Tumor cells in muscularis propria"
"GCCAGACCGGTGCCGT-1","Tumor cells in mucosa and submucosa"
"GCCAGACGATCTAAGC-1","Non-neoplastic colon"
"GCCAGAGGATGCGTAC-1","Non-neoplastic colon"
"GCCAGAGGTGACTCGC-1","Non-neoplastic colon"
"GCCAGATACCACTGAC-1","Non-neoplastic colon"
"GCCAGATGCCTGAACC-1","Non-neoplastic colon"
"GCCAGATGCGCTCGGT-1","Non-neoplastic colon"
"GCCAGATTACAGGAAG-1","Non-neoplastic colon"
"GCCAGATTAGTAGATA-1","Non-neoplastic colon"
"GCCAGGCTTGACGCTT-1","Tumor cells in mucosa and submucosa"
"GCCAGTACAACTCGCT-1","Non-neoplastic colon"
"GCCAGTACCGTGCATT-1","Non-neoplastic colon"
"GCCAGTAGATTCTGTA-1","Tumor cells in mucosa and submucosa"
"GCCAGTAGGACCAATA-1","Non-neoplastic colon"
"GCCAGTATCTAACAGA-1","Tumor stroma in muscularis propria"
"GCCATAAGTTAACACT-1","Non-neoplastic colon"
"GCCATAATAGCTAGAC-1","Tumor stroma in mucosa and submucosa"
"GCCATAATGTTAGTGC-1","Non-neoplastic colon"
"GCCATAGATCCTTCAA-1","Non-neoplastic colon"
"GCCATGAGGATGTTGG-1","Non-neoplastic colon"
"GCCATTAACGCCTGAA-1","Non-neoplastic colon"
"GCCATTAATTCGTTAG-1","Non-neoplastic colon"
"GCCATTCAATTGGCAT-1","Non-neoplastic colon"
"GCCATTCAGGTAAGCG-1","Non-neoplastic colon"
"GCCATTCTACTGGTCG-1","Tumor cells in mucosa and submucosa"
"GCCATTGAAGCATCCG-1","Non-neoplastic colon"
"GCCGAAGAGTGCGAGG-1","Necrosis"
"GCCGAATCCTACCGAT-1","Non-neoplastic colon"
"GCCGACCGACTGTTAG-1","Non-neoplastic colon"
"GCCGACCTCGCCTAAC-1","Non-neoplastic colon"
"GCCGACCTGTGATCGA-1","Tumor stroma in mucosa and submucosa"
"GCCGACGTCCGCAACT-1","Non-neoplastic colon"
"GCCGAGATGACGGCCA-1","Tumor cells in mucosa and submucosa"
"GCCGATGCACTAGTCA-1","Non-neoplastic colon"
"GCCGATGTCGCCACAT-1","Non-neoplastic colon"
"GCCGATGTTGTAGCCT-1","Non-neoplastic colon"
"GCCGATTGTCGAATTA-1","Tumor stroma in mucosa and submucosa"
"GCCGCTAGCATTATCC-1","Non-neoplastic colon"
"GCCGCTATGGATGAAT-1","Non-neoplastic colon"
"GCCGCTGACGTCCGGA-1","Non-neoplastic colon"
"GCCGCTGGCTGTCAAC-1","Non-neoplastic colon"
"GCCGCTGGCTTGACTT-1","Non-neoplastic colon"
"GCCGCTGTATAGCACG-1","Non-neoplastic colon"
"GCCGCTGTATGTGCTG-1","Non-neoplastic colon"
"GCCGGCAGCTAGATGT-1","Non-neoplastic colon"
"GCCGGCATCCGCCTCA-1","Non-neoplastic colon"
"GCCGGCATCTCGAATG-1","Tumor stroma in muscularis propria"
"GCCGGCCAACGTTATT-1","Non-neoplastic colon"
"GCCGGCCAGCCATACG-1","Tumor stroma in mucosa and submucosa"
"GCCGGCCGAGATCCTT-1","Non-neoplastic colon"
"GCCGGCGTCGGATTCT-1","Non-neoplastic colon"
"GCCGGCTACCAGTACA-1","Non-neoplastic colon"
"GCCGGCTACTGTCACG-1","Non-neoplastic colon"
"GCCGGCTCCGTGAGTT-1","Tumor cells in mucosa and submucosa"
"GCCGGCTCGCTATGTC-1","Tumor stroma in mucosa and submucosa"
"GCCGGCTGGAGGTAGT-1","Tumor cells in mucosa and submucosa"
"GCCGTAACCGTTCCTC-1","Tumor cells in mucosa and submucosa"
"GCCGTAAGCTTCGAAC-1","Non-neoplastic colon"
"GCCGTACAACTAGTGG-1","Tumor stroma in muscularis propria"
"GCCGTACAGGACTGAA-1","Non-neoplastic colon"
"GCCGTACAGTGGTAGA-1","Non-neoplastic colon"
"GCCGTACTAGCGACCT-1","Non-neoplastic colon"
"GCCGTATGACGACAGA-1","Non-neoplastic colon"
"GCCGTATGCAATCTGA-1","Tumor stroma in muscularis propria"
"GCCGTATGTTGCTCCG-1","Non-neoplastic colon"
"GCCGTATTACCTTGCC-1","Non-neoplastic colon"
"GCCGTGGTTCCGGATC-1","Tumor cells in muscularis propria"
"GCCTAACCGTCCGCAA-1","Non-neoplastic colon"
"GCCTAACGACGTTGAC-1","Non-neoplastic colon"
"GCCTAATCCTAGTCGT-1","Tumor cells in muscularis propria"
"GCCTATAGGATAGTAC-1","Tumor cells in mucosa and submucosa"
"GCCTATAGTGACTGCT-1","Tumor cells in mucosa and submucosa"
"GCCTATAGTTGGTATG-1","Non-neoplastic colon"
"GCCTATCTTCTACTAG-1","Non-neoplastic colon"
"GCCTATGACAGTACCT-1","Tumor cells in mucosa and submucosa"
"GCCTATGCCAAGAATT-1","Non-neoplastic colon"
"GCCTCAGTATACGGAC-1","Tumor cells in mucosa and submucosa"
"GCCTCCAATGACTTGG-1","Non-neoplastic colon"
"GCCTCCACTTAACGCC-1","Tumor cells in muscularis propria"
"GCCTCCATAGATGAGG-1","Tumor cells in subserosa"
"GCCTCCGTTATGAGTC-1","Non-neoplastic colon"
"GCCTCCTTCAGTCTCA-1","Non-neoplastic colon"
"GCCTCCTTGAAGGAGT-1","Non-neoplastic colon"
"GCCTGGAAGGATCACC-1","Tumor cells in mucosa and submucosa"
"GCCTGGATGCACCGGC-1","Non-neoplastic colon"
"GCCTGGCAGAAGGCGA-1","Non-neoplastic colon"
"GCCTGGCATATGACTG-1","Non-neoplastic colon"
"GCCTGGTATTAGATTC-1","Tumor stroma in muscularis propria"
"GCCTGGTCATCCATTA-1","Tumor cells in muscularis propria"
"GCCTGGTCCGTGACAG-1","Non-neoplastic colon"
"GCCTGGTGTACGGCAG-1","Tumor cells in subserosa"
"GCCTGTCGCCTTGGCG-1","Tumor cells in mucosa and submucosa"
"GCCTGTCTGGTGCCAC-1","Tumor cells in mucosa and submucosa"
"GCCTGTGACATGTAAG-1","Non-neoplastic colon"
"GCCTGTGAGTACTGGT-1","Non-neoplastic colon"
"GCCTTAACCATCAGAT-1","Non-neoplastic colon"
"GCCTTATCAAGATAGC-1","Non-neoplastic colon"
"GCCTTCACAATAGAGT-1","Tumor cells in muscularis propria"
"GCCTTCACTATTAATC-1","Tumor stroma in mucosa and submucosa"
"GCCTTCAGTGCGGTTA-1","Non-neoplastic colon"
"GCCTTCGAATCAGCAT-1","Tumor cells in muscularis propria"
"GCCTTCGAGCGGACCT-1","Non-neoplastic colon"
"GCCTTCGCTCAACCTG-1","Non-neoplastic colon"
"GCCTTCTGCCTGCAAC-1","Tumor stroma in mucosa and submucosa"
"GCCTTCTGGCGGAATG-1","Non-neoplastic colon"
"GCCTTGAGATCAACTA-1","Non-neoplastic colon"
"GCCTTGCGCTGTGAAG-1","Non-neoplastic colon"
"GCCTTGCTGGTCACGC-1","Non-neoplastic colon"
"GCGAACAACGGAATCG-1","Non-neoplastic colon"
"GCGAACAGTCTTCGAC-1","Non-neoplastic colon"
"GCGAAGACTACCTCTT-1","Tumor cells in mucosa and submucosa"
"GCGAAGATCAGAACGA-1","Tumor stroma in muscularis propria"
"GCGAAGATGCGTAAGG-1","Tumor stroma in mucosa and submucosa"
"GCGAAGCACCTTATAG-1","Tumor stroma in mucosa and submucosa"
"GCGAAGCGCACCTGTA-1","Non-neoplastic colon"
"GCGAAGCGTATGGCAA-1","Tumor cells in mucosa and submucosa"
"GCGAAGCGTCACCGCT-1","Tumor cells in muscularis propria"
"GCGAAGGCCTTAGACC-1","Tumor cells in muscularis propria"
"GCGAAGGCTTGCAGTA-1","Non-neoplastic colon"
"GCGAAGGTACCGGATT-1","Non-neoplastic colon"
"GCGAAGGTCCTATCGG-1","Non-neoplastic colon"
"GCGAATACATCGTCGC-1","Non-neoplastic colon"
"GCGAATACGGAACCGA-1","Non-neoplastic colon"
"GCGAATAGTGAAGTCC-1","Tumor cells in mucosa and submucosa"
"GCGAATCATGACCTCA-1","Non-neoplastic colon"
"GCGAATCATTGCTTAG-1","Non-neoplastic colon"
"GCGAATCTATCAGAGG-1","Non-neoplastic colon"
"GCGAATCTGACATGAC-1","Tumor cells in muscularis propria"
"GCGAATGCCGTCCACG-1","Tumor cells in mucosa and submucosa"
"GCGAATGCTCGGACTT-1","Tumor stroma in mucosa and submucosa"
"GCGAATGGCACCAAGT-1","Non-neoplastic colon"
"GCGAATGGCAGATACA-1","Tumor cells in muscularis propria"
"GCGAATGGCTAACTAT-1","Tumor stroma in mucosa and submucosa"
"GCGAATTGATGTCCGC-1","Non-neoplastic colon"
"GCGAATTGGACAACTC-1","Non-neoplastic colon"
"GCGAATTGTTCGATAC-1","Non-neoplastic colon"
"GCGACAATAATGCGCA-1","Non-neoplastic colon"
"GCGACACCTTCCAGGC-1","Non-neoplastic colon"
"GCGACACTATCCGTGA-1","Tumor cells in mucosa and submucosa"
"GCGACATAACGGTTCC-1","Non-neoplastic colon"
"GCGACATAAGACCAAC-1","Tumor cells in mucosa and submucosa"
"GCGACATTGCGTACTA-1","Non-neoplastic colon"
"GCGACCTCAACCATCT-1","Tumor cells in muscularis propria"
"GCGACGAGGTCTTGCT-1","Non-neoplastic colon"
"GCGACGTCTATGTAGG-1","Tumor cells in mucosa and submucosa"
"GCGACGTGCCTTAAGG-1","Tumor cells in mucosa and submucosa"
"GCGAGCACGGTTAGTG-1","Non-neoplastic colon"
"GCGAGCAGCTGCGTAA-1","Non-neoplastic colon"
"GCGAGCAGGACGTAGG-1","Non-neoplastic colon"
"GCGAGCAGGCTCAGGA-1","Non-neoplastic colon"
"GCGAGCGACATTCCGT-1","Non-neoplastic colon"
"GCGAGCGATGTTGACA-1","Non-neoplastic colon"
"GCGAGCGATTCCTCAA-1","Non-neoplastic colon"
"GCGAGCGGCTTGACAT-1","Non-neoplastic colon"
"GCGAGTAAGAGCCGGT-1","Non-neoplastic colon"
"GCGAGTTAAGTGGAGT-1","Tumor cells in mucosa and submucosa"
"GCGATACCTAGTTCCG-1","Non-neoplastic colon"
"GCGATATGACCGATGG-1","Non-neoplastic colon"
"GCGATATGTTGACAAG-1","Non-neoplastic colon"
"GCGATCAGCGGAGCTG-1","Tumor stroma in muscularis propria"
"GCGATCCAGTATGACT-1","Non-neoplastic colon"
"GCGATCCTGCCATCAA-1","Non-neoplastic colon"
"GCGATCCTGGATACTC-1","Tumor cells in mucosa and submucosa"
"GCGATCCTTCTGCTAG-1","Non-neoplastic colon"
"GCGATCGTGCACGTAA-1","Non-neoplastic colon"
"GCGATCTTCCATGTGG-1","Tumor cells in mucosa and submucosa"
"GCGATCTTGGTGCGAA-1","Non-neoplastic colon"
"GCGATGACGCTTCTTA-1","Non-neoplastic colon"
"GCGATGGATCGATGAG-1","Non-neoplastic colon"
"GCGATGTAGAATGTAT-1","LVI"
"GCGATGTATTCCTTAC-1","Non-neoplastic colon"
"GCGATGTATTGACTTA-1","Non-neoplastic colon"
"GCGATTACTCGTATCC-1","Tumor cells in muscularis propria"
"GCGATTACTCTACAAC-1","Tumor cells in mucosa and submucosa"
"GCGATTCTTGGCTTGT-1","Tumor cells in mucosa and submucosa"
"GCGATTGAAGTTCGGA-1","Non-neoplastic colon"
"GCGATTGATATGAATA-1","Tumor cells in mucosa and submucosa"
"GCGATTGATGAGACAG-1","Non-neoplastic colon"
"GCGGAAGAATGGATAC-1","Non-neoplastic colon"
"GCGGCAGTCCAACGCA-1","Non-neoplastic colon"
"GCGGCCACTTGCCTGC-1","Non-neoplastic colon"
"GCGGCTAATCATCGGA-1","Non-neoplastic colon"
"GCGGCTCGAACGGACC-1","Non-neoplastic colon"
"GCGGCTCGGCATGACT-1","Tumor cells in mucosa and submucosa"
"GCGGCTTAGAGCCGAC-1","Non-neoplastic colon"
"GCGGTATTGACAGAAT-1","Non-neoplastic colon"
"GCGGTCACCGATAGCG-1","Tumor stroma in mucosa and submucosa"
"GCGGTCATTAGTCCAA-1","Non-neoplastic colon"
"GCGGTGAAGAGGTCGG-1","Non-neoplastic colon"
"GCGGTGAAGGTCACTG-1","Tumor cells in muscularis propria"
"GCGGTGGCAGTATTGG-1","Non-neoplastic colon"
"GCGGTTATCAATGGTA-1","Non-neoplastic colon"
"GCGGTTATCCTGGAGC-1","Non-neoplastic colon"
"GCGGTTATCTTCTGCG-1","Non-neoplastic colon"
"GCGGTTATGTGATTCT-1","Non-neoplastic colon"
"GCGGTTCAGTAAGTTC-1","Non-neoplastic colon"
"GCGGTTCATAAGCTGG-1","Tumor cells in muscularis propria"
"GCGGTTGGACATTGAG-1","Non-neoplastic colon"
"GCGGTTGGTGCAAGCC-1","Non-neoplastic colon"
"GCGTAACATGTCGTAG-1","Non-neoplastic colon"
"GCGTAACGGACAGATT-1","Non-neoplastic colon"
"GCGTAAGCTGATCGTG-1","Non-neoplastic colon"
"GCGTAAGTCTCCGGTA-1","Non-neoplastic colon"
"GCGTAAGTCTGTCTCA-1","Non-neoplastic colon"
"GCGTAAGTGCAACTTA-1","Non-neoplastic colon"
"GCGTAATACCAATTCC-1","Non-neoplastic colon"
"GCGTAATACTCGAGAT-1","Non-neoplastic colon"
"GCGTAATGTCAACCTG-1","Non-neoplastic colon"
"GCGTACAATGATTGAA-1","Tumor stroma in mucosa and submucosa"
"GCGTACCGCAAGCGAA-1","Tumor stroma in mucosa and submucosa"
"GCGTACGAATGATCCG-1","Non-neoplastic colon"
"GCGTACGTCTAAGTAG-1","Tumor cells in mucosa and submucosa"
"GCGTACTGCTTCAGAA-1","Non-neoplastic colon"
"GCGTAGCAATCGGTCC-1","Non-neoplastic colon"
"GCGTAGGCTTCACGCA-1","Tumor cells in mucosa and submucosa"
"GCGTAGTGTTCTCAAG-1","Non-neoplastic colon"
"GCGTATCCACTCGGAA-1","Non-neoplastic colon"
"GCGTCAAGAATACGAT-1","Non-neoplastic colon"
"GCGTCAAGGCGTAGCG-1","Non-neoplastic colon"
"GCGTCATCCGCACGGT-1","Non-neoplastic colon"
"GCGTCCGATATTCGAA-1","Non-neoplastic colon"
"GCGTCCGGCACGAAGA-1","Non-neoplastic colon"
"GCGTCCGGCGTGTCCT-1","Non-neoplastic colon"
"GCGTCCTCGTCAAGTT-1","Tumor cells in mucosa and submucosa"
"GCGTCGCATGCTATGA-1","Non-neoplastic colon"
"GCGTCGCATGGACCAT-1","Non-neoplastic colon"
"GCGTCGCCGTCTGCAT-1","Tumor cells in mucosa and submucosa"
"GCGTCGCCGTTATGCC-1","Non-neoplastic colon"
"GCGTCGCCTCATGTCA-1","Non-neoplastic colon"
"GCGTCGGACGGAGGCA-1","Non-neoplastic colon"
"GCGTCGGAGTATGCTC-1","Non-neoplastic colon"
"GCGTCGGCCAGTAGAA-1","Non-neoplastic colon"
"GCGTCGGTATCGCAGA-1","Non-neoplastic colon"
"GCGTCGGTATTCGCCG-1","Non-neoplastic colon"
"GCGTCGGTTCCTACAT-1","Non-neoplastic colon"
"GCGTCGGTTGCACGGC-1","Tumor cells in mucosa and submucosa"
"GCGTCGTACACCAGAC-1","Non-neoplastic colon"
"GCGTCGTAGGTAGTGC-1","Non-neoplastic colon"
"GCGTCGTATCTTATCC-1","Non-neoplastic colon"
"GCGTCTACCGGACTTA-1","Tumor cells in mucosa and submucosa"
"GCGTCTCACGAGTGGT-1","Non-neoplastic colon"
"GCGTCTCACGTCTTAC-1","Non-neoplastic colon"
"GCGTCTCGACGTGAAC-1","Non-neoplastic colon"
"GCGTCTCGCCTCAATA-1","Non-neoplastic colon"
"GCGTCTGGATGGTTCG-1","Non-neoplastic colon"
"GCGTCTTCGGACCGGA-1","Tumor cells in mucosa and submucosa"
"GCGTCTTCGGCAGTAT-1","Non-neoplastic colon"
"GCGTGATAACAGGACA-1","Tumor cells in mucosa and submucosa"
"GCGTGCACTCTGAGGC-1","Non-neoplastic colon"
"GCGTGCAGTCACGCAT-1","Non-neoplastic colon"
"GCGTGCCTGGCAAGAA-1","Non-neoplastic colon"
"GCGTGCCTGGTGTCTA-1","Tumor stroma in mucosa and submucosa"
"GCGTGCGAGTTACTAA-1","Tumor cells in mucosa and submucosa"
"GCGTGCTACAGGAATC-1","Non-neoplastic colon"
"GCGTGGCTAAGAACCG-1","Tumor cells in mucosa and submucosa"
"GCGTTCACGTTCACCT-1","Non-neoplastic colon"
"GCGTTCCGACAGCAGG-1","Non-neoplastic colon"
"GCGTTCCGGCGTTCTT-1","Non-neoplastic colon"
"GCGTTCGAAGGCGTTC-1","Non-neoplastic colon"
"GCGTTCGACATAATAG-1","Tumor cells in mucosa and submucosa"
"GCGTTCGCGGCAAGCG-1","Tumor cells in muscularis propria"
"GCGTTCGCGTTAGGTC-1","Non-neoplastic colon"
"GCGTTCGTACCTCCGG-1","Non-neoplastic colon"
"GCGTTCGTTCAAGCCA-1","Tumor cells in mucosa and submucosa"
"GCGTTCTTATGCAATG-1","Non-neoplastic colon"
"GCTAACAGACCGTTGT-1","Non-neoplastic colon"
"GCTAACAGGCAATCAG-1","Non-neoplastic colon"
"GCTAACAGGTCAAGGT-1","Non-neoplastic colon"
"GCTAACCACGTTGGAG-1","Non-neoplastic colon"
"GCTAACCAGGCCAAGT-1","Non-neoplastic colon"
"GCTAACCGAGGAGCAT-1","Non-neoplastic colon"
"GCTAACCGCACGATCT-1","Non-neoplastic colon"
"GCTAACGGATTACACT-1","Tumor cells in mucosa and submucosa"
"GCTACAATGAATGCTA-1","Non-neoplastic colon"
"GCTACCGAACGGTCAT-1","Non-neoplastic colon"
"GCTACCGAGTTCCGTA-1","Tumor cells in muscularis propria"
"GCTACCTACAACCTAA-1","Non-neoplastic colon"
"GCTACCTTGCAACCTG-1","Non-neoplastic colon"
"GCTACGAGCGGCATAC-1","Non-neoplastic colon"
"GCTACTTCCGGAATGC-1","Tumor cells in mucosa and submucosa"
"GCTACTTCGCAGTTCG-1","Non-neoplastic colon"
"GCTAGCTGAGTCCTGT-1","Tumor cells in mucosa and submucosa"
"GCTAGGAACCGGTACT-1","Non-neoplastic colon"
"GCTAGGCGCTAAGAGG-1","Non-neoplastic colon"
"GCTAGTCCTCTGTTCA-1","Non-neoplastic colon"
"GCTATCATAGTATGAT-1","Non-neoplastic colon"
"GCTATCATTCACATTC-1","Non-neoplastic colon"
"GCTATCGCTAATTCAA-1","Tumor cells in mucosa and submucosa"
"GCTATCTAGGACCGCC-1","Non-neoplastic colon"
"GCTATGCGTCCGAAGT-1","Non-neoplastic colon"
"GCTATTAGGTCCGAGG-1","Necrosis"
"GCTCAACCAAGGAGCG-1","Other"
"GCTCAACCGCAATGAC-1","Tumor cells in mucosa and submucosa"
"GCTCAACCGTGGATAA-1","Tumor cells in muscularis propria"
"GCTCAACTAGCGGCTT-1","Non-neoplastic colon"
"GCTCAAGACCATTGGT-1","Tumor stroma in mucosa and submucosa"
"GCTCAAGGACAATAGG-1","Non-neoplastic colon"
"GCTCAAGTACTACCTT-1","Tumor cells in muscularis propria"
"GCTCAAGTGAGTGGAC-1","Tumor stroma in muscularis propria"
"GCTCAATCCGCCATAA-1","Tumor stroma in mucosa and submucosa"
"GCTCAATCGCAAGTGA-1","Non-neoplastic colon"
"GCTCAATCTTGATCCG-1","Non-neoplastic colon"
"GCTCACGCGTCTACAT-1","Non-neoplastic colon"
"GCTCAGAACTACGACT-1","Non-neoplastic colon"
"GCTCAGATCGGTTAGG-1","Tumor cells in mucosa and submucosa"
"GCTCAGATTCCGGACA-1","Tumor cells in mucosa and submucosa"
"GCTCAGCCGTAAGATA-1","Non-neoplastic colon"
"GCTCAGCTGCGTCAAG-1","Non-neoplastic colon"
"GCTCAGCTTGCCAGTT-1","Tumor cells in mucosa and submucosa"
"GCTCAGTATCAAGCAA-1","Non-neoplastic colon"
"GCTCATACGGCAAGTC-1","Tumor cells in mucosa and submucosa"
"GCTCATACTAGTTCCA-1","Non-neoplastic colon"
"GCTCATAGGTCTAGAA-1","Non-neoplastic colon"
"GCTCATGATACAGCTC-1","Non-neoplastic colon"
"GCTCATGTCGACCATT-1","Non-neoplastic colon"
"GCTCCGGCACCAACTC-1","Non-neoplastic colon"
"GCTCCGGCCAAGTCTA-1","Tumor cells in mucosa and submucosa"
"GCTCCTATCAGCGTCA-1","Non-neoplastic colon"
"GCTCCTCACCGGCTCG-1","Tumor stroma in mucosa and submucosa"
"GCTCCTCAGTCCTACA-1","Non-neoplastic colon"
"GCTCCTGTGCCAGCGA-1","Non-neoplastic colon"
"GCTCCTGTGCTCTGGT-1","Non-neoplastic colon"
"GCTCCTTCACAACTTA-1","Non-neoplastic colon"
"GCTCGAGTGCCGAGCG-1","Tumor cells in mucosa and submucosa"
"GCTCGCACCAGGTAAC-1","Non-neoplastic colon"
"GCTCGCACGCCTCCTA-1","Non-neoplastic colon"
"GCTCGCATCTCGGCGT-1","Non-neoplastic colon"
"GCTCGCCGCATGCCTA-1","Tumor cells in mucosa and submucosa"
"GCTCGCGGAAGGCACC-1","Tumor cells in mucosa and submucosa"
"GCTCGCGGTCACGTGG-1","Non-neoplastic colon"
"GCTCGCTAATCAAGTT-1","Non-neoplastic colon"
"GCTCGCTAGCGTGAAT-1","Non-neoplastic colon"
"GCTCGCTGCCGCGGAA-1","Tumor cells in mucosa and submucosa"
"GCTCGCTGGATAAGTG-1","Tumor stroma in mucosa and submucosa"
"GCTCGCTGTTCGTCTT-1","Tumor stroma in muscularis propria"
"GCTCGGAGCGATAGGT-1","Non-neoplastic colon"
"GCTCGTAATGCACCTG-1","Non-neoplastic colon"
"GCTCGTAGACATGAAG-1","Non-neoplastic colon"
"GCTCGTATAGCGAATC-1","Tumor cells in muscularis propria"
"GCTCGTCCTGAATACT-1","Non-neoplastic colon"
"GCTCGTCTCCAGTGGT-1","Tumor stroma in muscularis propria"
"GCTCGTCTGAAGTTAC-1","Non-neoplastic colon"
"GCTCGTGCTCCAAGCA-1","Non-neoplastic colon"
"GCTCTATTAACCGATG-1","Tumor cells in mucosa and submucosa"
"GCTCTGACATGGCGCC-1","Tumor cells in mucosa and submucosa"
"GCTCTGACGACAATAG-1","Non-neoplastic colon"
"GCTCTGATTAGCTGTT-1","Tumor stroma in mucosa and submucosa"
"GCTCTGCAGGTTCACG-1","Non-neoplastic colon"
"GCTCTGCATCGGTCAG-1","Non-neoplastic colon"
"GCTCTGGTTGAGAAGC-1","Non-neoplastic colon"
"GCTCTGTCGTACCTCC-1","Tumor stroma in mucosa and submucosa"
"GCTGAACAAGCTCGGA-1","Non-neoplastic colon"
"GCTGAAGCTTAATAGA-1","Non-neoplastic colon"
"GCTGAAGTTAACTCAG-1","Tumor cells in muscularis propria"
"GCTGACAATATTCCTC-1","Tumor cells in mucosa and submucosa"
"GCTGACAGTTAGTATC-1","Tumor cells in mucosa and submucosa"
"GCTGACCAGCATAGAC-1","Non-neoplastic colon"
"GCTGACCAGGTGACCG-1","Tumor cells in muscularis propria"
"GCTGACGCAGACGGAT-1","Non-neoplastic colon"
"GCTGACGCTATGTAGT-1","Non-neoplastic colon"
"GCTGACTCTGCGTTAC-1","Non-neoplastic colon"
"GCTGCGCACCGCAGTT-1","Non-neoplastic colon"
"GCTGCGCTTGAGGAAC-1","Tumor cells in muscularis propria"
"GCTGCGTCCGCATTAA-1","Non-neoplastic colon"
"GCTGCGTTCATGATCG-1","Non-neoplastic colon"
"GCTGGACATTGGACAT-1","Non-neoplastic colon"
"GCTGGAGGCTTAAGGT-1","Non-neoplastic colon"
"GCTGGAGTTAAGGTGG-1","Non-neoplastic colon"
"GCTGGTCGCCACTCTA-1","Non-neoplastic colon"
"GCTGGTGACAAGCACG-1","Non-neoplastic colon"
"GCTGTCCTGACTATTC-1","Non-neoplastic colon"
"GCTGTTATACTCAACA-1","Tumor stroma in mucosa and submucosa"
"GCTGTTATGACATAGT-1","Tumor cells in muscularis propria"
"GCTGTTATGCTGAGAT-1","Non-neoplastic colon"
"GCTGTTGCCAAGCTAA-1","Non-neoplastic colon"
"GCTGTTGCTGTATCAC-1","Non-neoplastic colon"
"GCTTACAGCCAACGGT-1","Non-neoplastic colon"
"GCTTACCTTCAGCTGC-1","Tumor stroma in muscularis propria"
"GCTTACCTTCCTTGGT-1","Tumor cells in mucosa and submucosa"
"GCTTACGCCAGGCGCT-1","Non-neoplastic colon"
"GCTTACTGACTGCTAA-1","Tumor cells in mucosa and submucosa"
"GCTTACTTGGCCAGCG-1","Tumor cells in muscularis propria"
"GCTTAGCCTGGTATCT-1","Tumor cells in mucosa and submucosa"
"GCTTAGCGCCGGTTAT-1","Non-neoplastic colon"
"GCTTAGCGTTAAGGCG-1","Non-neoplastic colon"
"GCTTATAATTAATGGT-1","Non-neoplastic colon"
"GCTTATACAGTAGGTG-1","Non-neoplastic colon"
"GCTTATCCTCGACGGC-1","Non-neoplastic colon"
"GCTTATCCTGTAACGG-1","Tumor cells in mucosa and submucosa"
"GCTTATGTCTTATGTA-1","Non-neoplastic colon"
"GCTTCCGGCTGCGATT-1","Non-neoplastic colon"
"GCTTCGATCTATCATG-1","Non-neoplastic colon"
"GCTTCGATCTGGATGT-1","Non-neoplastic colon"
"GCTTCGATTGATTACC-1","Non-neoplastic colon"
"GCTTCGCAATGCTCTA-1","Non-neoplastic colon"
"GCTTCGCTCAGGTCCA-1","Non-neoplastic colon"
"GCTTCGGCTGCGCAGG-1","Tumor cells in muscularis propria"
"GCTTCGTAACTATCGA-1","Tumor stroma in muscularis propria"
"GCTTCGTAGCGTGGTC-1","Non-neoplastic colon"
"GCTTCTAATTACCTAT-1","Non-neoplastic colon"
"GCTTCTAATTCAGCAC-1","Tumor cells in mucosa and submucosa"
"GCTTCTACAACCTTCT-1","Tumor cells in mucosa and submucosa"
"GCTTCTACCGGTTAAG-1","Non-neoplastic colon"
"GCTTCTACTGAAGTGG-1","Non-neoplastic colon"
"GCTTCTCATAAGGTGC-1","Tumor cells in mucosa and submucosa"
"GCTTCTCCGCTAGAAT-1","Tumor stroma in mucosa and submucosa"
"GCTTCTGAGCATCTCG-1","Tumor cells in mucosa and submucosa"
"GCTTCTGTTCATAGCT-1","Non-neoplastic colon"
"GCTTGAACCTGTCTTC-1","Tumor cells in mucosa and submucosa"
"GCTTGAAGTACTGCCT-1","Tumor cells in mucosa and submucosa"
"GCTTGAAGTCATAAGA-1","Non-neoplastic colon"
"GCTTGACATACGAGCA-1","Non-neoplastic colon"
"GCTTGACCGACGTCGC-1","LVI"
"GCTTGAGCATACAATG-1","Tumor stroma in mucosa and submucosa"
"GCTTGATCATCTGGTA-1","Non-neoplastic colon"
"GCTTGCAAGCAGCCTT-1","Non-neoplastic colon"
"GCTTGCATGTTCCAGA-1","Non-neoplastic colon"
"GCTTGCCAGAGCAGCG-1","Non-neoplastic colon"
"GCTTGCCGCAGTAAGT-1","Non-neoplastic colon"
"GCTTGCTCTGGACCTT-1","Non-neoplastic colon"
"GCTTGGATCAACTGCC-1","Non-neoplastic colon"
"GCTTGGATTAGGAGCG-1","Tumor cells in mucosa and submucosa"
"GCTTGGCACTGACGCA-1","Non-neoplastic colon"
"GCTTGGCAGCATGAAG-1","Non-neoplastic colon"
"GCTTGGCTAACCTAGT-1","Tumor stroma in mucosa and submucosa"
"GCTTGGCTTGCGACTC-1","Non-neoplastic colon"
"GCTTGGTCACGCCGGC-1","Non-neoplastic colon"
"GCTTGGTCCACGATCC-1","Non-neoplastic colon"
"GCTTGGTCGCGTGCGA-1","Tumor stroma in muscularis propria"
"GCTTGGTCGCTCATCG-1","Tumor cells in muscularis propria"
"GCTTGGTCTGAGGAAG-1","Non-neoplastic colon"
"GCTTGGTCTGCTTAGC-1","Tumor cells in mucosa and submucosa"
"GCTTGGTGAAGACTAT-1","Non-neoplastic colon"
"GCTTGGTGCCACGGTC-1","Non-neoplastic colon"
"GCTTGGTGCCGTTCAC-1","Non-neoplastic colon"
"GCTTGGTGGACCGCCA-1","Non-neoplastic colon"
"GCTTGGTGGAGCTGAG-1","Tumor cells in muscularis propria"
"GGAACAATTGTACAAC-1","Non-neoplastic colon"
"GGAACACCGTATACAG-1","Tumor cells in mucosa and submucosa"
"GGAACACCGTTGTAAT-1","Non-neoplastic colon"
"GGAACACGCCGGTGAT-1","Non-neoplastic colon"
"GGAACATGGCTAAGCA-1","Non-neoplastic colon"
"GGAACCACTCCATATG-1","Non-neoplastic colon"
"GGAACTACAGCTCGCA-1","Non-neoplastic colon"
"GGAACTCGACCAATAA-1","Non-neoplastic colon"
"GGAACTCGTGTTCATA-1","Non-neoplastic colon"
"GGAAGACAATCGCCAT-1","Non-neoplastic colon"
"GGAAGACACTGCCTCC-1","Tumor cells in muscularis propria"
"GGAAGCGAGTTACGAG-1","Tumor stroma in muscularis propria"
"GGAAGCGTCTCCGGAC-1","Non-neoplastic colon"
"GGAAGGCTGGCCGATC-1","LVI"
"GGAAGTCCTCTAGTAC-1","Non-neoplastic colon"
"GGAAGTCGCCACAATC-1","Tumor cells in mucosa and submucosa"
"GGAAGTCTCACTTGAC-1","Tumor cells in muscularis propria"
"GGAATCAGAAGTTCTT-1","Tumor cells in muscularis propria"
"GGAATCCTTGCACCAG-1","Non-neoplastic colon"
"GGAATCGAACATTCGT-1","Tumor stroma in mucosa and submucosa"
"GGAATGAACCAGACTT-1","Tumor cells in muscularis propria"
"GGAATGAAGGTGTATC-1","Tumor cells in mucosa and submucosa"
"GGAATGACCGATTCAT-1","Non-neoplastic colon"
"GGAATGAGCTGGCTAG-1","Tumor stroma in muscularis propria"
"GGAATGCGCCTGGCGA-1","Non-neoplastic colon"
"GGAATGGTAACGGCAA-1","Tumor cells in muscularis propria"
"GGAATGGTATCTCACC-1","Tumor stroma in mucosa and submucosa"
"GGAATGGTCCAATCGA-1","Non-neoplastic colon"
"GGAATGGTTGATGCAG-1","Tumor cells in mucosa and submucosa"
"GGAATGTCAGACAAGA-1","Tumor stroma in muscularis propria"
"GGAATGTCGCGTCTAT-1","Tumor stroma in mucosa and submucosa"
"GGAATGTTGAATGGTT-1","Tumor cells in mucosa and submucosa"
"GGAATGTTGCCTTGAG-1","Non-neoplastic colon"
"GGAATTATCTATCAGG-1","Non-neoplastic colon"
"GGAATTGATTACGTAT-1","Non-neoplastic colon"
"GGACAATGAGCGGTGA-1","Tumor cells in mucosa and submucosa"
"GGACAGACATGCTCCT-1","Non-neoplastic colon"
"GGACAGACCGGTACGA-1","Non-neoplastic colon"
"GGACAGACTCCTTGAT-1","Non-neoplastic colon"
"GGACAGCCTGAGATGA-1","Non-neoplastic colon"
"GGACAGCGGTCCTGCA-1","Non-neoplastic colon"
"GGACAGCTCAGCCTAG-1","Tumor stroma in muscularis propria"
"GGACAGGTAACCGACA-1","Non-neoplastic colon"
"GGACAGGTAGGACTTG-1","Non-neoplastic colon"
"GGACAGTAATGCCTAC-1","Tumor cells in mucosa and submucosa"
"GGACAGTACATCGCGT-1","Non-neoplastic colon"
"GGACAGTCACAATATT-1","Tumor cells in muscularis propria"
"GGACAGTCATGGTGAG-1","Non-neoplastic colon"
"GGACATGTATACTATT-1","Non-neoplastic colon"
"GGACCAGTTCAGACAA-1","Tumor cells in muscularis propria"
"GGACCGCTCGGCTGCA-1","Non-neoplastic colon"
"GGACCGGAGTCTATTG-1","Tumor cells in mucosa and submucosa"
"GGACCGGCTCCGAATT-1","Non-neoplastic colon"
"GGACGACCGGTGATGT-1","Non-neoplastic colon"
"GGACGCTAGCATCCAT-1","Non-neoplastic colon"
"GGACGGACAGCCTATT-1","Tumor stroma in muscularis propria"
"GGACGGCGCTCCTAAC-1","Tumor stroma in muscularis propria"
"GGACGGCGTACCTGGT-1","Non-neoplastic colon"
"GGACGGTGATGGCGCC-1","Non-neoplastic colon"
"GGACGTACAGCACCTC-1","Non-neoplastic colon"
"GGACGTACCAATTCTT-1","Non-neoplastic colon"
"GGACGTACGGACCGTT-1","Tumor cells in mucosa and submucosa"
"GGACGTACGTGCTACG-1","Non-neoplastic colon"
"GGACGTAGAATTCAAC-1","Tumor stroma in muscularis propria"
"GGACGTAGCGATGTTC-1","Tumor cells in muscularis propria"
"GGACGTAGCGTACGCA-1","Non-neoplastic colon"
"GGACGTCGCAGAGCGA-1","Non-neoplastic colon"
"GGACGTCGCTAGACGC-1","Non-neoplastic colon"
"GGACGTGGATAAGGAG-1","Tumor cells in mucosa and submucosa"
"GGACGTGGATCGCTAC-1","Non-neoplastic colon"
"GGACGTGGTAGGCATC-1","Tumor cells in mucosa and submucosa"
"GGACGTTAGAAGATTG-1","Non-neoplastic colon"
"GGACGTTCACGCGGAG-1","Non-neoplastic colon"
"GGACGTTCGCTCTGTA-1","Tumor stroma in muscularis propria"
"GGACGTTGAAGCGTTC-1","Tumor cells in mucosa and submucosa"
"GGACGTTGTATGCCGA-1","Non-neoplastic colon"
"GGACTCACGCGATGCT-1","Non-neoplastic colon"
"GGACTCGAACGGTTCT-1","Non-neoplastic colon"
"GGACTCGACCGCGTTG-1","Non-neoplastic colon"
"GGACTCGCTCGATAGC-1","Non-neoplastic colon"
"GGACTCGTTGCGGCAT-1","Tumor cells in muscularis propria"
"GGACTCGTTGGTCTAG-1","Non-neoplastic colon"
"GGACTTCTAAGATGTT-1","Non-neoplastic colon"
"GGACTTCTCGACTGGT-1","Tumor cells in muscularis propria"
"GGACTTCTCGGCATCG-1","Non-neoplastic colon"
"GGAGAATCTGACTATT-1","Non-neoplastic colon"
"GGAGACAAGTGAACAG-1","Non-neoplastic colon"
"GGAGACTAAGGAGCAC-1","Tumor cells in muscularis propria"
"GGAGATAGACCGATTG-1","Non-neoplastic colon"
"GGAGATCACTGTTCGC-1","Tumor cells in mucosa and submucosa"
"GGAGATCCGCGTGCGT-1","Non-neoplastic colon"
"GGAGATCTTCCTGAAT-1","Tumor cells in muscularis propria"
"GGAGATGATACGCTGC-1","Non-neoplastic colon"
"GGAGATGCTACGACAA-1","Non-neoplastic colon"
"GGAGATGGCAGAACTC-1","Non-neoplastic colon"
"GGAGATGTCTCATTGA-1","Non-neoplastic colon"
"GGAGATGTTGGCATCT-1","Non-neoplastic colon"
"GGAGATTAATAGTACG-1","Non-neoplastic colon"
"GGAGATTAGATAGAAT-1","Non-neoplastic colon"
"GGAGATTCCTTATGGC-1","Non-neoplastic colon"
"GGAGATTCGCTATTCT-1","Non-neoplastic colon"
"GGAGCAGTGCCTGCCA-1","Tumor cells in muscularis propria"
"GGAGCATCTGAGCTAG-1","Non-neoplastic colon"
"GGAGCGAACAGTCAGA-1","Tumor stroma in muscularis propria"
"GGAGCGAATTCTGTAG-1","Tumor cells in muscularis propria"
"GGAGCGACCGCCGTAA-1","Non-neoplastic colon"
"GGAGCGAGCTACTTAC-1","Non-neoplastic colon"
"GGAGCGAGTATTGAGT-1","Non-neoplastic colon"
"GGAGCGTAGCTATCTT-1","Non-neoplastic colon"
"GGAGCGTCAGGATATG-1","Tumor cells in mucosa and submucosa"
"GGAGCGTCTAGACACT-1","Tumor cells in mucosa and submucosa"
"GGAGCGTGGAATAAGG-1","Non-neoplastic colon"
"GGAGCGTTATTGGCGA-1","Tumor cells in muscularis propria"
"GGAGGCTACGTTCTAT-1","Tumor cells in mucosa and submucosa"
"GGAGGCTCATGTGAAC-1","LVI"
"GGAGGCTTGCGTCAGG-1","Non-neoplastic colon"
"GGAGGTAATATCATTC-1","Non-neoplastic colon"
"GGAGGTACTTGGTCCT-1","Tumor cells in mucosa and submucosa"
"GGAGGTATCGTCCAGT-1","Non-neoplastic colon"
"GGAGGTATTCCGAATC-1","Tumor cells in mucosa and submucosa"
"GGAGGTGACAAGGTGG-1","Tumor stroma in muscularis propria"
"GGAGGTGAGTTGGACC-1","Tumor cells in muscularis propria"
"GGAGGTGCCTATTCGG-1","Tumor cells in mucosa and submucosa"
"GGAGGTGGCGCCAACA-1","Non-neoplastic colon"
"GGAGGTGGTCAAGTTG-1","Non-neoplastic colon"
"GGAGTCAATCGTAGTG-1","Tumor cells in muscularis propria"
"GGAGTCTACTGGCTCA-1","Non-neoplastic colon"
"GGAGTCTGCGAACAAG-1","Tumor cells in mucosa and submucosa"
"GGAGTGAGCTGTCCGT-1","Tumor cells in mucosa and submucosa"
"GGAGTGCAAGTTGATT-1","Non-neoplastic colon"
"GGAGTGCCAGGCTCTT-1","Non-neoplastic colon"
"GGAGTGGAAGACGGAG-1","Non-neoplastic colon"
"GGAGTGTCACTTCATC-1","Non-neoplastic colon"
"GGATAACGCAGTGAAG-1","Non-neoplastic colon"
"GGATAAGTCATCGCGA-1","Tumor cells in mucosa and submucosa"
"GGATAAGTCCAGGATA-1","Non-neoplastic colon"
"GGATAAGTCGGACGAA-1","Other"
"GGATAAGTGGAGCTGG-1","Non-neoplastic colon"
"GGATAAGTTACACGTC-1","Non-neoplastic colon"
"GGATAAGTTCGTCATT-1","Tumor cells in mucosa and submucosa"
"GGATAATGCTAGTAAT-1","Non-neoplastic colon"
"GGATAATTGACTAGGC-1","Tumor cells in muscularis propria"
"GGATAGGACTCGTTAG-1","Tumor cells in mucosa and submucosa"
"GGATAGGCTCCTGCTA-1","Non-neoplastic colon"
"GGATCAGAGCACTAAT-1","Non-neoplastic colon"
"GGATCGAGCTGAACAA-1","Tumor cells in mucosa and submucosa"
"GGATCGCCTTGGCATT-1","Non-neoplastic colon"
"GGATCGCTGACGTCAG-1","Non-neoplastic colon"
"GGATCGGAATCGTAGT-1","Non-neoplastic colon"
"GGATCGGCTGCGAGGA-1","Tumor cells in muscularis propria"
"GGATCGTTGTCGCTAT-1","Non-neoplastic colon"
"GGATCTATTATCACAG-1","Non-neoplastic colon"
"GGATCTGGTCCAGAAT-1","Non-neoplastic colon"
"GGATCTTGCGGCATTA-1","Non-neoplastic colon"
"GGATGCATCGGACCAT-1","Non-neoplastic colon"
"GGATGGTCACTCAGTC-1","Non-neoplastic colon"
"GGATTAGAGTTGCAAT-1","Non-neoplastic colon"
"GGATTCAGCGGAATTG-1","Non-neoplastic colon"
"GGATTCCTGCGTTAAT-1","Tumor cells in mucosa and submucosa"
"GGATTCCTGGAAGAGC-1","Non-neoplastic colon"
"GGATTCGACATAGGTG-1","Non-neoplastic colon"
"GGATTCGGAACCACCT-1","Non-neoplastic colon"
"GGATTCGTCCGACGGC-1","Non-neoplastic colon"
"GGATTCTTGGAGCACT-1","Tumor cells in muscularis propria"
"GGCAACCATTCAGCCG-1","Non-neoplastic colon"
"GGCAAGATGATTCAAC-1","Tumor stroma in mucosa and submucosa"
"GGCAAGGAAGTTGTGA-1","Tumor cells in mucosa and submucosa"
"GGCAAGGCACAATCGC-1","Non-neoplastic colon"
"GGCAATACCTTCAGAA-1","Non-neoplastic colon"
"GGCAATCGATTGTTGA-1","Non-neoplastic colon"
"GGCAATCGTCACATGG-1","Non-neoplastic colon"
"GGCAATGGTCACTGTC-1","Non-neoplastic colon"
"GGCAATTAATCCTCAC-1","Tumor cells in mucosa and submucosa"
"GGCAATTAGGAAGCGT-1","Tumor cells in muscularis propria"
"GGCAATTATGCGGTTA-1","Tumor cells in muscularis propria"
"GGCACGCCGATTCGTG-1","Non-neoplastic colon"
"GGCACGCTTACTCCTA-1","Non-neoplastic colon"
"GGCACGGCAAGCTACC-1","Tumor cells in mucosa and submucosa"
"GGCACTCCTTCCTCGG-1","Tumor cells in mucosa and submucosa"
"GGCAGCCGACTGATTC-1","Non-neoplastic colon"
"GGCAGCCGCTCGTCAC-1","Non-neoplastic colon"
"GGCAGCGACCTACGTT-1","Non-neoplastic colon"
"GGCAGCGTGGCTTCCT-1","Necrosis"
"GGCAGCGTTCAGCCAA-1","Non-neoplastic colon"
"GGCAGCTGTTGCCTGA-1","Non-neoplastic colon"
"GGCATAAGGAAGATAA-1","Non-neoplastic colon"
"GGCATAAGGTGGCGAT-1","Non-neoplastic colon"
"GGCATACAGGCGTCCA-1","Non-neoplastic colon"
"GGCATACAGGTCGAGT-1","Non-neoplastic colon"
"GGCATACTAAGAACTA-1","Tumor cells in mucosa and submucosa"
"GGCATACTAGCCGGTT-1","Non-neoplastic colon"
"GGCATACTCAATGAGG-1","Non-neoplastic colon"
"GGCATACTTGGACGCT-1","Non-neoplastic colon"
"GGCATAGACGGAGTGG-1","Non-neoplastic colon"
"GGCATAGGAATGCGGT-1","Non-neoplastic colon"
"GGCATATGCTGTTAAG-1","Non-neoplastic colon"
"GGCATATGGCCAGAAG-1","Non-neoplastic colon"
"GGCATATTGTATCCTC-1","Tumor cells in mucosa and submucosa"
"GGCATCTATCCTGAAC-1","Tumor stroma in muscularis propria"
"GGCATTAAGACGAAGG-1","Non-neoplastic colon"
"GGCATTAGCCGCTACA-1","Tumor cells in mucosa and submucosa"
"GGCATTCATAGGCAGC-1","Tumor cells in mucosa and submucosa"
"GGCATTCGATACCGAG-1","Non-neoplastic colon"
"GGCCAACGTTCGCAAT-1","Non-neoplastic colon"
"GGCCAACTATTGACAG-1","Tumor cells in muscularis propria"
"GGCCACATGTTGCGTG-1","Tumor cells in mucosa and submucosa"
"GGCCACCGTCTTAGTA-1","Tumor cells in muscularis propria"
"GGCCACGGAGACCGAG-1","Non-neoplastic colon"
"GGCCACTAACTGGATA-1","Non-neoplastic colon"
"GGCCACTACGCATACC-1","Non-neoplastic colon"
"GGCCATAGTGGTTCAG-1","Non-neoplastic colon"
"GGCCATGGTCGACTAC-1","Non-neoplastic colon"
"GGCCATTGGTATCGCC-1","Non-neoplastic colon"
"GGCCGACTAATATGAG-1","Tumor stroma in mucosa and submucosa"
"GGCCGACTCGAGTCAC-1","Non-neoplastic colon"
"GGCCGATAACATCTTG-1","Non-neoplastic colon"
"GGCCGCCAGAAGTTCG-1","Non-neoplastic colon"
"GGCCGCCATCACTGAA-1","Non-neoplastic colon"
"GGCCGCCTTATGCAGC-1","Non-neoplastic colon"
"GGCCGCTATCCACGCC-1","Non-neoplastic colon"
"GGCCGGAGGCCAACAG-1","Non-neoplastic colon"
"GGCCGGCAGCCTGAGT-1","Non-neoplastic colon"
"GGCCGGCTCAGACACG-1","Non-neoplastic colon"
"GGCCTATCGTCCTCTG-1","Tumor cells in muscularis propria"
"GGCCTGATGTAGGCAC-1","Non-neoplastic colon"
"GGCCTTAACCGTAACT-1","Tumor cells in muscularis propria"
"GGCCTTACCGCTAGTT-1","Non-neoplastic colon"
"GGCCTTCGGACAACCT-1","Non-neoplastic colon"
"GGCCTTCGTTACTATC-1","Non-neoplastic colon"
"GGCGAACGGCGATTCC-1","Non-neoplastic colon"
"GGCGAAGTACCATTGC-1","Tumor stroma in muscularis propria"
"GGCGACAACTTGTCTA-1","Non-neoplastic colon"
"GGCGACATTCGGCCAT-1","Non-neoplastic colon"
"GGCGACCATCAGACTG-1","Non-neoplastic colon"
"GGCGACCTGACAGATC-1","Non-neoplastic colon"
"GGCGACGCGTGACGGT-1","Tumor stroma in muscularis propria"
"GGCGACGTCAACATAG-1","Non-neoplastic colon"
"GGCGACGTCATGGCTC-1","Non-neoplastic colon"
"GGCGACTCGAGCTAAC-1","Tumor cells in muscularis propria"
"GGCGACTTATCAATCC-1","Tumor cells in muscularis propria"
"GGCGCAAGTACTTCTG-1","Tumor stroma in muscularis propria"
"GGCGCAATTCATTCGC-1","Non-neoplastic colon"
"GGCGCAGAAGGTCCGA-1","Non-neoplastic colon"
"GGCGCAGAAGTTGGAC-1","Tumor cells in mucosa and submucosa"
"GGCGCAGAGCTCCTGC-1","Non-neoplastic colon"
"GGCGCAGGCATCAAGC-1","Non-neoplastic colon"
"GGCGCAGGTTCCTTAC-1","Non-neoplastic colon"
"GGCGCCACAGCAGTCT-1","Non-neoplastic colon"
"GGCGCCAGGATGTAAC-1","Non-neoplastic colon"
"GGCGCCGTTGCGCAAT-1","Non-neoplastic colon"
"GGCGCCTACGAATGAA-1","Non-neoplastic colon"
"GGCGCCTCTAAGACCG-1","Non-neoplastic colon"
"GGCGCTCAGAACTTCT-1","Non-neoplastic colon"
"GGCGCTCAGCCATAGT-1","Non-neoplastic colon"
"GGCGCTCATCAAGCAC-1","Non-neoplastic colon"
"GGCGCTTCTGGTTCCG-1","Non-neoplastic colon"
"GGCGGAACATGTACCA-1","Non-neoplastic colon"
"GGCGGAAGTCGGTCGG-1","Non-neoplastic colon"
"GGCGGACACGCTAACT-1","Non-neoplastic colon"
"GGCGGACGGTCTATGT-1","Non-neoplastic colon"
"GGCGGAGGACGTCTGT-1","Tumor stroma in muscularis propria"
"GGCGGAGTCTAATCAA-1","Non-neoplastic colon"
"GGCGGAGTTGTATGCG-1","Non-neoplastic colon"
"GGCGGATACACCTGGA-1","Non-neoplastic colon"
"GGCGGATACCGCTCCT-1","Non-neoplastic colon"
"GGCGGATATGCCGAAG-1","Non-neoplastic colon"
"GGCGGATTATGCTGCG-1","Non-neoplastic colon"
"GGCGGATTCCGATTAG-1","Non-neoplastic colon"
"GGCGGATTGCACGTAT-1","Non-neoplastic colon"
"GGCGGTCACTTCTACA-1","Non-neoplastic colon"
"GGCGTGAATCGGTTCG-1","Non-neoplastic colon"
"GGCGTGAGAAGTATCA-1","Tumor cells in muscularis propria"
"GGCGTGAGCTAGTGCG-1","Tumor cells in mucosa and submucosa"
"GGCGTGAGGAGCCGAA-1","Non-neoplastic colon"
"GGCGTGAGGTCTTAAG-1","Non-neoplastic colon"
"GGCGTGCGTCCGTGCA-1","Non-neoplastic colon"
"GGCGTGGCCAAGGTAT-1","Tumor cells in muscularis propria"
"GGCGTGTAAGCATGTC-1","Non-neoplastic colon"
"GGCGTGTTAATAGGAA-1","Non-neoplastic colon"
"GGCGTGTTCTGTCTGG-1","Non-neoplastic colon"
"GGCGTTCGGTTAGGCG-1","Non-neoplastic colon"
"GGCTACGATTACTAGA-1","Tumor cells in mucosa and submucosa"
"GGCTACGTCGTACGGT-1","Tumor stroma in muscularis propria"
"GGCTAGTGATCTCCTT-1","Tumor cells in muscularis propria"
"GGCTAGTTGTATGACT-1","Non-neoplastic colon"
"GGCTCAACGAGTCCTC-1","Tumor cells in mucosa and submucosa"
"GGCTCAATGACGTAAT-1","Non-neoplastic colon"
"GGCTCACTCATAACCA-1","Tumor cells in mucosa and submucosa"
"GGCTCAGCCGTGTTAT-1","Tumor cells in mucosa and submucosa"
"GGCTCAGGACCGAGGT-1","Tumor stroma in muscularis propria"
"GGCTCAGTATTATCTT-1","Non-neoplastic colon"
"GGCTCAGTGACCTGTC-1","Non-neoplastic colon"
"GGCTCATAGATAGGAG-1","Non-neoplastic colon"
"GGCTCATATCTGATAC-1","Tumor cells in mucosa and submucosa"
"GGCTCGCCTCGGTTAT-1","Tumor stroma in muscularis propria"
"GGCTCGCCTCTAAGGT-1","Non-neoplastic colon"
"GGCTCGTAGAACGCCT-1","Non-neoplastic colon"
"GGCTGACGGAACAACC-1","Non-neoplastic colon"
"GGCTGACGTGCCTCGA-1","Tumor cells in mucosa and submucosa"
"GGCTGAGCCTCAACGG-1","Non-neoplastic colon"
"GGCTGAGCTTGCGTGC-1","Non-neoplastic colon"
"GGCTGAGTATCCATGA-1","Non-neoplastic colon"
"GGCTGATGGTCCAGCA-1","Non-neoplastic colon"
"GGCTGCATAGATTCGT-1","Tumor cells in mucosa and submucosa"
"GGCTGCTCGAAGGTAT-1","Non-neoplastic colon"
"GGCTGCTCTATTGGCC-1","Non-neoplastic colon"
"GGCTGGACGCTCTAAT-1","Non-neoplastic colon"
"GGCTGGCTAGGCCAAT-1","Tumor stroma in mucosa and submucosa"
"GGCTGGTGAGACTTGC-1","Non-neoplastic colon"
"GGCTTCACCAACCATG-1","Non-neoplastic colon"
"GGCTTCATTCGCAAGA-1","Tumor cells in mucosa and submucosa"
"GGCTTGAACGGATGTT-1","Non-neoplastic colon"
"GGCTTGATTACTGGTG-1","Non-neoplastic colon"
"GGCTTGTTCAATGTAC-1","Non-neoplastic colon"
"GGTAACCTATCGCTAA-1","Tumor cells in mucosa and submucosa"
"GGTAACTCTATGACGG-1","Tumor cells in mucosa and submucosa"
"GGTAAGATGCCTTGCT-1","Tumor cells in mucosa and submucosa"
"GGTAAGCCGCTACAAC-1","Non-neoplastic colon"
"GGTAAGCCGCTTACGA-1","Non-neoplastic colon"
"GGTAAGCCTTCGGTCT-1","Tumor cells in mucosa and submucosa"
"GGTACCACTTGCTAAT-1","Non-neoplastic colon"
"GGTACCATAGTGCACG-1","Non-neoplastic colon"
"GGTACCATGAAGACAG-1","Non-neoplastic colon"
"GGTACCGCATCAATGG-1","Non-neoplastic colon"
"GGTACCGTTGCGTACA-1","Non-neoplastic colon"
"GGTACCTAACAGCCTA-1","Non-neoplastic colon"
"GGTACCTAACTCATTG-1","Tumor cells in mucosa and submucosa"
"GGTACCTCAAGGTTGT-1","Tumor cells in muscularis propria"
"GGTACCTTAGGCTCAG-1","Non-neoplastic colon"
"GGTACCTTCACGTCGA-1","Non-neoplastic colon"
"GGTACCTTGACTATTA-1","Non-neoplastic colon"
"GGTACGATCGCTCGGA-1","Non-neoplastic colon"
"GGTACGATGTTCTGTA-1","Tumor stroma in mucosa and submucosa"
"GGTACGGCTACTCGCT-1","Tumor cells in mucosa and submucosa"
"GGTACGGTATTACTCC-1","Tumor stroma in muscularis propria"
"GGTACGGTATTCAATT-1","Non-neoplastic colon"
"GGTACGTCCAATAGGC-1","Non-neoplastic colon"
"GGTACTAACGTGAACT-1","Non-neoplastic colon"
"GGTAGACCAGAACGCT-1","Non-neoplastic colon"
"GGTAGAGTTCCACGAA-1","Tumor stroma in muscularis propria"
"GGTAGATATGCGAGTG-1","Non-neoplastic colon"
"GGTAGCAAGGTGTCAC-1","Non-neoplastic colon"
"GGTAGCAATACCTCTA-1","Non-neoplastic colon"
"GGTAGCAATTGGTTCT-1","Non-neoplastic colon"
"GGTAGCATCTGTATGT-1","Non-neoplastic colon"
"GGTAGCATGCGGCAGA-1","Non-neoplastic colon"
"GGTAGCCACGAACTCA-1","Non-neoplastic colon"
"GGTAGCGGAGCAATCT-1","Non-neoplastic colon"
"GGTAGCGGCACGCCTT-1","Tumor cells in mucosa and submucosa"
"GGTAGCGTACGCCACC-1","Tumor cells in mucosa and submucosa"
"GGTAGCGTTACGGTCT-1","Tumor stroma in mucosa and submucosa"
"GGTAGCTAATTGAATT-1","Non-neoplastic colon"
"GGTAGCTGGATGTTAT-1","Non-neoplastic colon"
"GGTAGGAAGATATTAA-1","Non-neoplastic colon"
"GGTAGGCGTACGAATA-1","Tumor cells in mucosa and submucosa"
"GGTAGGTAGCCAGTAT-1","Tumor cells in mucosa and submucosa"
"GGTAGGTCAGTCCACT-1","Tumor cells in mucosa and submucosa"
"GGTAGTACTATCCTAC-1","Tumor stroma in muscularis propria"
"GGTAGTCCTGGTCTAA-1","Non-neoplastic colon"
"GGTAGTGAAGTCTATG-1","Non-neoplastic colon"
"GGTAGTGATGTAGTGA-1","Non-neoplastic colon"
"GGTAGTGCTTCGCAGA-1","Non-neoplastic colon"
"GGTAGTTGCAGATTGT-1","Non-neoplastic colon"
"GGTAGTTGCCTGCAGT-1","Non-neoplastic colon"
"GGTATGAGTGGTCGTG-1","Non-neoplastic colon"
"GGTATGATAACCGAAG-1","Non-neoplastic colon"
"GGTATGCACGGAATCG-1","Non-neoplastic colon"
"GGTATGCCAATTAATC-1","Non-neoplastic colon"
"GGTATGGACGTGAGGT-1","Non-neoplastic colon"
"GGTATGGACTATGGTG-1","Non-neoplastic colon"
"GGTATGGAGTCTGCAC-1","Tumor cells in mucosa and submucosa"
"GGTATTCGAATCCAAC-1","Non-neoplastic colon"
"GGTCAATATGTAAGTT-1","Non-neoplastic colon"
"GGTCAATGGAAGATGA-1","Non-neoplastic colon"
"GGTCACGGCTGAATTG-1","Tumor stroma in muscularis propria"
"GGTCAGCCTTGTAGAC-1","Non-neoplastic colon"
"GGTCCGTATCTGACGT-1","Non-neoplastic colon"
"GGTCCTAGAACATCGT-1","Non-neoplastic colon"
"GGTCCTCACGTCTTGA-1","Non-neoplastic colon"
"GGTCCTCAGTCAGAAC-1","Non-neoplastic colon"
"GGTCCTCGATGCTCAA-1","Non-neoplastic colon"
"GGTCCTGAATCTTACT-1","Tumor cells in mucosa and submucosa"
"GGTCCTGCTATTGTAA-1","Non-neoplastic colon"
"GGTCCTTGCGGACATA-1","Non-neoplastic colon"
"GGTCCTTGTTCTTAAC-1","Non-neoplastic colon"
"GGTCGCTCAGCGCCAG-1","Tumor cells in mucosa and submucosa"
"GGTCGCTCCGACCTGT-1","Non-neoplastic colon"
"GGTCGCTCCTCAGGAC-1","Tumor stroma in muscularis propria"
"GGTCGCTGACCGTTCA-1","Tumor cells in mucosa and submucosa"
"GGTCTAACGCTTGTAT-1","Tumor cells in mucosa and submucosa"
"GGTCTAAGCCGATGGT-1","Tumor cells in mucosa and submucosa"
"GGTCTAGTTATGAATC-1","Non-neoplastic colon"
"GGTCTATCAAGGTGAT-1","Tumor cells in mucosa and submucosa"
"GGTCTATCGCACCTTA-1","Tumor cells in muscularis propria"
"GGTCTATTCCTCCGCC-1","Tumor cells in muscularis propria"
"GGTCTGCAATTCAGCG-1","Non-neoplastic colon"
"GGTCTGCAGTACGCGT-1","Non-neoplastic colon"
"GGTCTGCATTATCACT-1","Non-neoplastic colon"
"GGTCTGCGTCCGCACC-1","Non-neoplastic colon"
"GGTCTGTACTAATTCT-1","Tumor cells in mucosa and submucosa"
"GGTCTGTTCATGGTCA-1","Non-neoplastic colon"
"GGTCTGTTGGTGAGGA-1","Non-neoplastic colon"
"GGTCTTAGACATGTGC-1","Non-neoplastic colon"
"GGTCTTAGGAGCCAGA-1","Non-neoplastic colon"
"GGTCTTAGGATTAGTA-1","Tumor cells in muscularis propria"
"GGTCTTCCAGTTACTT-1","Non-neoplastic colon"
"GGTCTTCCGCTGGTGA-1","Tumor cells in muscularis propria"
"GGTCTTCCTACGTCCA-1","Non-neoplastic colon"
"GGTCTTGCACTGATAC-1","Non-neoplastic colon"
"GGTGAATACCTGCGGT-1","Non-neoplastic colon"
"GGTGAGACTTAGTTCA-1","Tumor cells in mucosa and submucosa"
"GGTGAGCCACATAACC-1","Tumor stroma in mucosa and submucosa"
"GGTGAGTCAGTACGAA-1","Non-neoplastic colon"
"GGTGATACAGCATGAT-1","Non-neoplastic colon"
"GGTGATACTCAACCGC-1","Non-neoplastic colon"
"GGTGATCGACGCTTGT-1","Non-neoplastic colon"
"GGTGATGGCTAGTTGT-1","Non-neoplastic colon"
"GGTGATGGCTGCGATC-1","Tumor cells in muscularis propria"
"GGTGATTCTGTCTTAG-1","Non-neoplastic colon"
"GGTGCAACGGTCGCCA-1","Non-neoplastic colon"
"GGTGCAACTGGCAACG-1","Tumor cells in muscularis propria"
"GGTGCACGAATTCAGC-1","Non-neoplastic colon"
"GGTGCAGGCAAGATCT-1","Tumor cells in mucosa and submucosa"
"GGTGCATGAACATATT-1","Non-neoplastic colon"
"GGTGCATGCGTCCAAT-1","Non-neoplastic colon"
"GGTGCGAGATGCTGGC-1","Non-neoplastic colon"
"GGTGCGAGTGAAGTTG-1","Tumor cells in mucosa and submucosa"
"GGTGCGCATAGACATC-1","Tumor stroma in mucosa and submucosa"
"GGTGCGTAATGACCAC-1","Non-neoplastic colon"
"GGTGCGTAGGTCAGAC-1","Tumor cells in muscularis propria"
"GGTGGACGGACACCAG-1","Non-neoplastic colon"
"GGTGTATGTAAGTTAC-1","Non-neoplastic colon"
"GGTGTCAGACGGTTGA-1","Non-neoplastic colon"
"GGTGTCCGAGCTCCAA-1","Tumor cells in mucosa and submucosa"
"GGTGTCCGGATGAGCC-1","Non-neoplastic colon"
"GGTGTCGCACAATGAA-1","Tumor cells in muscularis propria"
"GGTGTCGCACGCATGC-1","Non-neoplastic colon"
"GGTGTCGCCGTTATCA-1","Non-neoplastic colon"
"GGTGTCGGCGGTAGTC-1","Non-neoplastic colon"
"GGTGTCGTAGCACCGT-1","Non-neoplastic colon"
"GGTGTTCTGACAGTAC-1","Tumor cells in mucosa and submucosa"
"GGTTAACGCCTGGTGC-1","Non-neoplastic colon"
"GGTTAATCGTAGACCA-1","Non-neoplastic colon"
"GGTTACAACTGTACTG-1","Non-neoplastic colon"
"GGTTACGCGTCCACTG-1","Non-neoplastic colon"
"GGTTACGTCAAGCAGG-1","Tumor cells in mucosa and submucosa"
"GGTTACGTCCACGGCA-1","Tumor cells in mucosa and submucosa"
"GGTTACTAACTACGTC-1","Tumor cells in muscularis propria"
"GGTTACTACGGCTCGG-1","Tumor cells in mucosa and submucosa"
"GGTTAGACCTTGAGCG-1","Tumor cells in mucosa and submucosa"
"GGTTAGACGTCTATGG-1","Non-neoplastic colon"
"GGTTAGACTACAATCC-1","Tumor cells in mucosa and submucosa"
"GGTTAGATACTTCCTT-1","Non-neoplastic colon"
"GGTTAGGAGTCACTGA-1","Non-neoplastic colon"
"GGTTAGGTACAGCGGC-1","Tumor cells in mucosa and submucosa"
"GGTTAGGTTCGCCGCT-1","Non-neoplastic colon"
"GGTTATAATCACGCTC-1","Tumor stroma in mucosa and submucosa"
"GGTTCACGATGTACGG-1","Non-neoplastic colon"
"GGTTCAGACCGTAGTC-1","Non-neoplastic colon"
"GGTTCATTGTTCCTGC-1","Non-neoplastic colon"
"GGTTCCAGCTACCACT-1","Non-neoplastic colon"
"GGTTCCGTCACTGTTG-1","Non-neoplastic colon"
"GGTTCCTCCGTGTCGT-1","Tumor cells in mucosa and submucosa"
"GGTTCCTGTCGTTCGC-1","Tumor cells in muscularis propria"
"GGTTCTAGGTCTCGGT-1","Non-neoplastic colon"
"GGTTCTATAGTTCGCC-1","Non-neoplastic colon"
"GGTTCTATGACGGAGC-1","Non-neoplastic colon"
"GGTTCTATGCAAGTAC-1","Tumor cells in muscularis propria"
"GGTTCTATTAAGCGCT-1","Non-neoplastic colon"
"GGTTCTATTCGCTGAA-1","Non-neoplastic colon"
"GGTTCTCGAACGTTGC-1","Non-neoplastic colon"
"GGTTCTCGGCATCTAT-1","Non-neoplastic colon"
"GGTTCTCGTTCCGTCG-1","Non-neoplastic colon"
"GGTTCTGCACATCGAA-1","Non-neoplastic colon"
"GGTTCTGCCAGGCCTA-1","Tumor cells in muscularis propria"
"GGTTCTGGTACATGCG-1","Tumor stroma in muscularis propria"
"GGTTCTGTCCAGATGC-1","Non-neoplastic colon"
"GGTTCTTAGCGAGCCT-1","Non-neoplastic colon"
"GGTTCTTAGTGCGGTA-1","Non-neoplastic colon"
"GGTTGACATACACTGC-1","Non-neoplastic colon"
"GGTTGACGAACGGTCG-1","Non-neoplastic colon"
"GGTTGATAGACAGACG-1","Non-neoplastic colon"
"GGTTGCACGGCCATCA-1","Non-neoplastic colon"
"GGTTGCCTTGCCGTTC-1","Non-neoplastic colon"
"GGTTGCGAGTGACATT-1","Non-neoplastic colon"
"GGTTGCGTGGCACGTG-1","Non-neoplastic colon"
"GGTTGCTGCCAGCTGA-1","Non-neoplastic colon"
"GGTTGCTGTTCAGCCG-1","Tumor stroma in mucosa and submucosa"
"GGTTGTCAGCTTCACT-1","Non-neoplastic colon"
"GGTTGTCTATGCACAG-1","Tumor cells in subserosa"
"GGTTGTCTGTCCGACC-1","Non-neoplastic colon"
"GGTTGTTCCGCCTTAC-1","Non-neoplastic colon"
"GGTTGTTCCGGCAAGG-1","Non-neoplastic colon"
"GTAACACCATACGCGA-1","Non-neoplastic colon"
"GTAACACTACAAGAGT-1","Non-neoplastic colon"
"GTAACACTATTAGTAC-1","Tumor cells in mucosa and submucosa"
"GTAACACTCCATCCAT-1","Non-neoplastic colon"
"GTAACACTGACTTAAT-1","Tumor cells in mucosa and submucosa"
"GTAACACTTATGTCGT-1","Non-neoplastic colon"
"GTAACAGGAAGCACGC-1","Non-neoplastic colon"
"GTAACAGGCATAGTAT-1","Non-neoplastic colon"
"GTAACAGGCCTCAAGT-1","Non-neoplastic colon"
"GTAACAGTAGACTTCC-1","Non-neoplastic colon"
"GTAACAGTAGCTGCTT-1","Tumor stroma in muscularis propria"
"GTAACAGTATTGAGTC-1","Tumor stroma in muscularis propria"
"GTAACAGTTAGTCTGT-1","Non-neoplastic colon"
"GTAACATAATCTCAAT-1","Non-neoplastic colon"
"GTAACATAGGACTTAG-1","Non-neoplastic colon"
"GTAACATCAGCTATTC-1","Non-neoplastic colon"
"GTAACATGACGAGCAA-1","Non-neoplastic colon"
"GTAACATGGTATTGTT-1","Non-neoplastic colon"
"GTAACATGGTCCATTG-1","Non-neoplastic colon"
"GTAACCACAGCACGAC-1","Non-neoplastic colon"
"GTAACCACGGAACTTA-1","Tumor cells in muscularis propria"
"GTAACCAGTACTTCCT-1","Non-neoplastic colon"
"GTAACCATAACTAGGA-1","Non-neoplastic colon"
"GTAACCATCTAATTAA-1","Non-neoplastic colon"
"GTAACCGCTCGGTGAC-1","Tumor stroma in mucosa and submucosa"
"GTAACCGGTGATTATG-1","Tumor stroma in mucosa and submucosa"
"GTAACCTAGTTCCATT-1","Tumor cells in muscularis propria"
"GTAACCTGCCGCATTC-1","Other"
"GTAACCTGTTAGCTGA-1","Tumor cells in mucosa and submucosa"
"GTAACGGACACGCTAT-1","Non-neoplastic colon"
"GTAACGTACCGATTCC-1","Tumor cells in mucosa and submucosa"
"GTAACGTGGCGGAGGC-1","Non-neoplastic colon"
"GTAACGTTACAGACGG-1","Tumor cells in muscularis propria"
"GTAAGTAAGACAGGTT-1","Tumor stroma in muscularis propria"
"GTAAGTAGGCGACACT-1","Non-neoplastic colon"
"GTAAGTAGGTAAGTTA-1","Non-neoplastic colon"
"GTAAGTATAGCGAGAA-1","Non-neoplastic colon"
"GTAAGTATCATAGGCG-1","Tumor cells in mucosa and submucosa"
"GTAAGTATGTCGTTAC-1","Non-neoplastic colon"
"GTAAGTCAAGGACAGA-1","Tumor stroma in muscularis propria"
"GTAAGTCTACTTCCTG-1","Non-neoplastic colon"
"GTAAGTCTAGCCTTGA-1","Non-neoplastic colon"
"GTAAGTGATGAGTCTG-1","Tumor cells in mucosa and submucosa"
"GTAAGTGATTGGTAAC-1","Non-neoplastic colon"
"GTAAGTGCCGAGAAGT-1","Tumor cells in muscularis propria"
"GTAATAAGCACCAATG-1","Tumor cells in mucosa and submucosa"
"GTAATAAGTCATGAAT-1","Non-neoplastic colon"
"GTAATAGTGCCGATCG-1","Tumor cells in mucosa and submucosa"
"GTAATGAGATGTTAGT-1","Tumor cells in mucosa and submucosa"
"GTAATGAGTATGCCTA-1","Non-neoplastic colon"
"GTAATGCCACTGTATT-1","Non-neoplastic colon"
"GTAATGCGAAGCCTTA-1","Tumor cells in mucosa and submucosa"
"GTAATGGACCGCGACC-1","Non-neoplastic colon"
"GTAATGTTCCATTAAT-1","Non-neoplastic colon"
"GTACAACCGAGTCGCT-1","Non-neoplastic colon"
"GTACAAGATACTAGAT-1","Tumor cells in mucosa and submucosa"
"GTACAAGCGTAACCTA-1","Tumor stroma in mucosa and submucosa"
"GTACAGAACATTAGGA-1","Non-neoplastic colon"
"GTACAGACCGTGCTAC-1","Non-neoplastic colon"
"GTACAGACTTAGTAGC-1","Tumor cells in muscularis propria"
"GTACAGATGGAGACTT-1","Non-neoplastic colon"
"GTACAGCCTATCGACT-1","Non-neoplastic colon"
"GTACAGCCTGAATGTC-1","Non-neoplastic colon"
"GTACAGCGATCACGAT-1","Non-neoplastic colon"
"GTACAGCGCATTGTAA-1","Non-neoplastic colon"
"GTACAGCTCCATAGTT-1","Non-neoplastic colon"
"GTACAGGACACCGATT-1","Non-neoplastic colon"
"GTACAGGACGTTACCT-1","Non-neoplastic colon"
"GTACAGGAGTCGATCC-1","Non-neoplastic colon"
"GTACAGGTGCACTCAC-1","Non-neoplastic colon"
"GTACAGGTTCGTAGGC-1","Non-neoplastic colon"
"GTACAGTAACAGGCGA-1","Tumor stroma in mucosa and submucosa"
"GTACAGTAATCTTAGG-1","Non-neoplastic colon"
"GTACAGTCATCGGTGC-1","Tumor cells in mucosa and submucosa"
"GTACAGTCCGGCTAGG-1","Non-neoplastic colon"
"GTACATACAGTGTCCG-1","Non-neoplastic colon"
"GTACATGAATGTCTCC-1","Tumor cells in mucosa and submucosa"
"GTACATTGACAGCGAA-1","Non-neoplastic colon"
"GTACCGAATGTAACGC-1","Non-neoplastic colon"
"GTACCTACAGCGATGT-1","Non-neoplastic colon"
"GTACCTACTCACAGGT-1","Non-neoplastic colon"
"GTACCTACTGCCGGAC-1","Tumor stroma in muscularis propria"
"GTACCTACTTAGTCCA-1","Tumor cells in muscularis propria"
"GTACCTCACCTTATTG-1","Non-neoplastic colon"
"GTACCTCCGCAGCTCA-1","Tumor cells in mucosa and submucosa"
"GTACCTCCTACGAACA-1","Tumor cells in mucosa and submucosa"
"GTACCTGTTAATTAGT-1","Non-neoplastic colon"
"GTACCTGTTCGCCTTA-1","Non-neoplastic colon"
"GTACCTTCACTGGTTA-1","Non-neoplastic colon"
"GTACCTTCCTGCATCA-1","Tumor cells in mucosa and submucosa"
"GTACCTTCTAATGTAC-1","Non-neoplastic colon"
"GTACCTTCTATCTGCC-1","Non-neoplastic colon"
"GTACGAACGCCGAATG-1","Non-neoplastic colon"
"GTACGAACGTAATATT-1","Non-neoplastic colon"
"GTACGACAAGACAGCA-1","Non-neoplastic colon"
"GTACGACAAGCACTAT-1","Non-neoplastic colon"
"GTACGACATTATGCGT-1","Non-neoplastic colon"
"GTACGACCGACTGCGA-1","Non-neoplastic colon"
"GTACGAGGTGCTCCGA-1","Non-neoplastic colon"
"GTACGAGTCCGGAATC-1","Tumor cells in mucosa and submucosa"
"GTACGATACTTACGGT-1","Non-neoplastic colon"
"GTACGATTACCTATCA-1","LVI"
"GTACGATTGCACGCAA-1","Other"
"GTACGCAATCCACCGT-1","Non-neoplastic colon"
"GTACGCAATCGGTGCC-1","Non-neoplastic colon"
"GTACGCAATGTTGCCT-1","Non-neoplastic colon"
"GTACGCACTGGCCTAT-1","Non-neoplastic colon"
"GTACGCAGCGGTTCTG-1","Tumor stroma in muscularis propria"
"GTACGCGAGGTCAACG-1","Tumor cells in mucosa and submucosa"
"GTACGCGATATGGTAG-1","Non-neoplastic colon"
"GTACGCGTTGACTGCG-1","Non-neoplastic colon"
"GTACGCTCGGAGCGTG-1","Non-neoplastic colon"
"GTACGCTCTTGGCACG-1","Tumor cells in muscularis propria"
"GTACTAGACAATGTAC-1","Tumor cells in mucosa and submucosa"
"GTACTCTAGACGTAGT-1","Tumor stroma in mucosa and submucosa"
"GTACTGTCCAGCCTTG-1","Tumor cells in muscularis propria"
"GTACTTAACCTGTCCA-1","Tumor stroma in muscularis propria"
"GTACTTACGGTTCTTA-1","Non-neoplastic colon"
"GTACTTAGAACATCCA-1","Non-neoplastic colon"
"GTACTTAGCCACGCTT-1","Non-neoplastic colon"
"GTACTTAGTTCGGCCG-1","Non-neoplastic colon"
"GTACTTCCAGCGTAGA-1","Non-neoplastic colon"
"GTACTTCCATAAGTAC-1","Non-neoplastic colon"
"GTACTTCGAGACCGTG-1","Non-neoplastic colon"
"GTACTTCGCCATCTAT-1","Non-neoplastic colon"
"GTACTTCGCCTCTATG-1","Tumor cells in muscularis propria"
"GTACTTCGTTACTTGA-1","Non-neoplastic colon"
"GTACTTCTTGGTTAAC-1","Tumor cells in muscularis propria"
"GTACTTGTCTGTTGGC-1","Tumor stroma in muscularis propria"
"GTACTTGTGCGTGCAT-1","Non-neoplastic colon"
"GTACTTGTGGCGTACG-1","Non-neoplastic colon"
"GTAGAACAAGCGCACT-1","Tumor stroma in mucosa and submucosa"
"GTAGAAGTGACAGGTG-1","Non-neoplastic colon"
"GTAGAAGTTGGTTCCT-1","Non-neoplastic colon"
"GTAGAATTACTTCAGC-1","Tumor cells in muscularis propria"
"GTAGACAAGCTCACGC-1","Tumor cells in mucosa and submucosa"
"GTAGACAAGTGCCTGT-1","Non-neoplastic colon"
"GTAGACCAATGACATA-1","Non-neoplastic colon"
"GTAGACGGCAAGTACA-1","Tumor stroma in mucosa and submucosa"
"GTAGACGGCGTGAGCT-1","Tumor stroma in muscularis propria"
"GTAGACGTGCCACCAT-1","Non-neoplastic colon"
"GTAGACTCCGATCTAC-1","Tumor cells in muscularis propria"
"GTAGACTCCTGAATTC-1","Tumor cells in mucosa and submucosa"
"GTAGACTCGCAGTACC-1","Tumor cells in mucosa and submucosa"
"GTAGCAACCGGTTATT-1","Non-neoplastic colon"
"GTAGCAACTGTTGACG-1","Non-neoplastic colon"
"GTAGCACCTCGATCAC-1","Tumor stroma in muscularis propria"
"GTAGCACGACTCACTG-1","Non-neoplastic colon"
"GTAGCAGAGTTATGTA-1","Non-neoplastic colon"
"GTAGCAGATGGTTGTC-1","Non-neoplastic colon"
"GTAGCATACCGTCTTA-1","Tumor cells in mucosa and submucosa"
"GTAGCATACCTAGCGA-1","Non-neoplastic colon"
"GTAGCATCTATCCTCG-1","Non-neoplastic colon"
"GTAGCCACAAGCTTAG-1","Non-neoplastic colon"
"GTAGCCGCATTAGAAG-1","Non-neoplastic colon"
"GTAGCCTCGTGCAGAT-1","Tumor stroma in muscularis propria"
"GTAGCGACCATCGCCA-1","Non-neoplastic colon"
"GTAGCGACTAACTATG-1","Non-neoplastic colon"
"GTAGCGATGGAATAGA-1","Non-neoplastic colon"
"GTAGCGCTGACATTAA-1","Non-neoplastic colon"
"GTAGCGGTATCGTGCG-1","Non-neoplastic colon"
"GTAGCGGTTGGTACAA-1","Non-neoplastic colon"
"GTAGCGTAGGATAGTG-1","Non-neoplastic colon"
"GTAGCGTGCTACAGAA-1","Non-neoplastic colon"
"GTAGCTAGGCCGGATA-1","Tumor cells in mucosa and submucosa"
"GTAGGACTAATCCACG-1","Non-neoplastic colon"
"GTAGGACTTGATAATT-1","Tumor cells in mucosa and submucosa"
"GTAGGAGCTTGTAGCG-1","Non-neoplastic colon"
"GTAGGATTCCTTCGAG-1","Non-neoplastic colon"
"GTAGGCTGACAAGCTA-1","Non-neoplastic colon"
"GTAGGTCCACTCAAGC-1","Non-neoplastic colon"
"GTAGGTGACCTCCACC-1","Tumor stroma in mucosa and submucosa"
"GTAGGTGACGGCCTGT-1","Non-neoplastic colon"
"GTAGGTGATCGACGCA-1","Non-neoplastic colon"
"GTAGTCCGCTACCACG-1","Non-neoplastic colon"
"GTAGTCTACATTAGCA-1","Non-neoplastic colon"
"GTAGTGAACTAATAGG-1","Non-neoplastic colon"
"GTAGTTAGTATCTGTC-1","Non-neoplastic colon"
"GTAGTTGTCGCTATTA-1","Tumor stroma in muscularis propria"
"GTATAACTACGCACTC-1","Non-neoplastic colon"
"GTATAACTGCGTTACA-1","Tumor cells in mucosa and submucosa"
"GTATAACTTGAATTGC-1","Non-neoplastic colon"
"GTATAAGGAACGACCG-1","Non-neoplastic colon"
"GTATAAGGATACTCGA-1","Non-neoplastic colon"
"GTATAATCGAGGCTTG-1","Non-neoplastic colon"
"GTATAATCGGCACCTT-1","Tumor cells in mucosa and submucosa"
"GTATACAGCCGTCATG-1","Non-neoplastic colon"
"GTATACAGTCCTGGTT-1","Non-neoplastic colon"
"GTATACCGATGTATTG-1","Non-neoplastic colon"
"GTATACCGCTCACTGC-1","Non-neoplastic colon"
"GTATACGAAGGCTACA-1","Non-neoplastic colon"
"GTATACGACCGAAGTA-1","Non-neoplastic colon"
"GTATACGACTTAGTCA-1","Non-neoplastic colon"
"GTATACGATATTCAAT-1","Non-neoplastic colon"
"GTATACGATCTGCCTC-1","Non-neoplastic colon"
"GTATACGCACCATGCT-1","Non-neoplastic colon"
"GTATACGCCAGCTGGC-1","Non-neoplastic colon"
"GTATACGGAAGGAGGT-1","Tumor cells in muscularis propria"
"GTATACTCTGGTAGGT-1","Tumor stroma in muscularis propria"
"GTATACTGCCAACTCA-1","Non-neoplastic colon"
"GTATAGACCAATGCCG-1","Tumor cells in muscularis propria"
"GTATAGCACCAGGTCT-1","Tumor cells in mucosa and submucosa"
"GTATAGGATAGCGAAC-1","Non-neoplastic colon"
"GTATAGTATCAACCTA-1","Tumor stroma in mucosa and submucosa"
"GTATCGGTCCGTTAAC-1","Tumor cells in mucosa and submucosa"
"GTATCTAATATGAGGC-1","Tumor cells in mucosa and submucosa"
"GTATCTATTCGTCTAT-1","Tumor cells in muscularis propria"
"GTATCTCAGGTGCAAT-1","Non-neoplastic colon"
"GTATCTGCTATTAACG-1","Non-neoplastic colon"
"GTATCTGGTGTCCTAT-1","Non-neoplastic colon"
"GTATCTGTATAAGTGG-1","Non-neoplastic colon"
"GTATCTGTTGGTGCGG-1","Non-neoplastic colon"
"GTATGACCTCACAGGC-1","Non-neoplastic colon"
"GTATGACGGCTAAGAA-1","Non-neoplastic colon"
"GTATGATATGGCAAGC-1","Tumor stroma in mucosa and submucosa"
"GTATGCACCTAACGGT-1","Tumor cells in mucosa and submucosa"
"GTATGCACTGTTACAA-1","Non-neoplastic colon"
"GTATGCCAACATTCTT-1","Non-neoplastic colon"
"GTATGCCACTATCCAA-1","Tumor cells in mucosa and submucosa"
"GTATGCCGACGGTTCC-1","Non-neoplastic colon"
"GTATGCGACGGTCATA-1","Tumor cells in muscularis propria"
"GTATGCGACTGGTCGA-1","Non-neoplastic colon"
"GTATGCGAGCAACGTT-1","Non-neoplastic colon"
"GTATGCGGTAACTCAG-1","Non-neoplastic colon"
"GTATGGAGCCTGAGGT-1","Tumor cells in mucosa and submucosa"
"GTATGGATGCAATTCC-1","Tumor cells in mucosa and submucosa"
"GTATGGCTCATTCTTG-1","Non-neoplastic colon"
"GTATGGTCATCTAACT-1","Tumor cells in mucosa and submucosa"
"GTATGGTGTCCTATAA-1","Tumor cells in mucosa and submucosa"
"GTATGGTTCAGAGCAT-1","Non-neoplastic colon"
"GTATGTAGACAGATTA-1","Non-neoplastic colon"
"GTATGTCCGTCCATTC-1","Non-neoplastic colon"
"GTATGTCCTACCTCGA-1","Non-neoplastic colon"
"GTATGTCCTGCGGCCT-1","Non-neoplastic colon"
"GTATGTCCTGTCTGTT-1","Non-neoplastic colon"
"GTATGTCGCAGATAGG-1","Tumor stroma in mucosa and submucosa"
"GTATGTCGCTTGTTAT-1","Non-neoplastic colon"
"GTATGTCTACGCTAGT-1","Non-neoplastic colon"
"GTATGTCTCGGACCTG-1","Non-neoplastic colon"
"GTATGTCTTCAATGCT-1","Tumor cells in mucosa and submucosa"
"GTATGTCTTCGCGTCA-1","Non-neoplastic colon"
"GTATGTTCAGGCTATG-1","Non-neoplastic colon"
"GTATGTTCGGATTCAA-1","Non-neoplastic colon"
"GTATGTTCTGCCATCA-1","Non-neoplastic colon"
"GTATGTTGATGTATGA-1","Non-neoplastic colon"
"GTATGTTGTAGTAACC-1","Non-neoplastic colon"
"GTATGTTGTCTGATGC-1","Non-neoplastic colon"
"GTATTAATCCTATCAT-1","Non-neoplastic colon"
"GTATTACGCAGTAGAT-1","Tumor cells in muscularis propria"
"GTATTACGTCTGATTG-1","Non-neoplastic colon"
"GTATTACGTGCAACCT-1","Non-neoplastic colon"
"GTATTAGAGGACTCGC-1","Non-neoplastic colon"
"GTATTAGATGCCAATA-1","Tumor stroma in mucosa and submucosa"
"GTATTAGGATTCTAAG-1","Non-neoplastic colon"
"GTATTATGACATTACC-1","Non-neoplastic colon"
"GTATTATGATGCATAC-1","Tumor cells in mucosa and submucosa"
"GTATTATGCTGACACT-1","Non-neoplastic colon"
"GTATTATGTCCTGATG-1","Tumor stroma in muscularis propria"
"GTATTATGTTCCTGCG-1","Tumor stroma in mucosa and submucosa"
"GTATTCAGGACTCCGT-1","Tumor stroma in mucosa and submucosa"
"GTATTCCACCAACAAT-1","Non-neoplastic colon"
"GTATTCTACAGTCTAC-1","Non-neoplastic colon"
"GTATTCTGATCTCATC-1","Non-neoplastic colon"
"GTATTGGCTCTTAGAT-1","Non-neoplastic colon"
"GTCAACAGACTGAGTG-1","Non-neoplastic colon"
"GTCAACATGTATAACA-1","Non-neoplastic colon"
"GTCAACATTGAACAGG-1","Non-neoplastic colon"
"GTCAACCGGAATAGTG-1","Tumor cells in muscularis propria"
"GTCAACCTAAGCAATG-1","Tumor cells in mucosa and submucosa"
"GTCAACCTAGATTGAG-1","Non-neoplastic colon"
"GTCAACCTGGCTGCTC-1","Non-neoplastic colon"
"GTCAACGCCAGTGGAG-1","Tumor cells in mucosa and submucosa"
"GTCAACGCGAACTACG-1","Non-neoplastic colon"
"GTCAACGCTAGACCTA-1","Non-neoplastic colon"
"GTCAACGCTTGCAACA-1","Tumor cells in mucosa and submucosa"
"GTCAACTCGCAGCGTT-1","Non-neoplastic colon"
"GTCACCAAGCTGTCTA-1","Non-neoplastic colon"
"GTCACCGGCATGCACG-1","Tumor stroma in muscularis propria"
"GTCACTAACCGGCCAG-1","Tumor stroma in mucosa and submucosa"
"GTCACTACAGTAGATA-1","Tumor cells in mucosa and submucosa"
"GTCACTCGAAGGTCTT-1","Non-neoplastic colon"
"GTCACTCGGCCGATTG-1","Tumor cells in muscularis propria"
"GTCACTGACAGATTCT-1","Non-neoplastic colon"
"GTCACTGGCCAGTTAA-1","Tumor cells in muscularis propria"
"GTCACTGGCTTAGCGG-1","Tumor cells in mucosa and submucosa"
"GTCACTGGTGTTACCG-1","Non-neoplastic colon"
"GTCACTGTAACCGACA-1","Non-neoplastic colon"
"GTCACTGTCCTTGGCG-1","Tumor cells in muscularis propria"
"GTCACTGTTGAGCGAC-1","Non-neoplastic colon"
"GTCACTGTTGGATAGA-1","Non-neoplastic colon"
"GTCACTTAATTCGGCA-1","Non-neoplastic colon"
"GTCACTTACCATAATC-1","Tumor cells in mucosa and submucosa"
"GTCACTTAGATTACAG-1","Non-neoplastic colon"
"GTCACTTATCGGCGTA-1","Non-neoplastic colon"
"GTCACTTATGTAACTA-1","Non-neoplastic colon"
"GTCACTTATTGGATCT-1","Tumor stroma in muscularis propria"
"GTCACTTCGTGCAGGC-1","Tumor cells in mucosa and submucosa"
"GTCAGAATCTGCCTTG-1","Non-neoplastic colon"
"GTCAGATCATAGATGT-1","Non-neoplastic colon"
"GTCAGATTATGGTATC-1","Non-neoplastic colon"
"GTCAGCCACCTCACGA-1","Tumor cells in mucosa and submucosa"
"GTCAGCCGCTGTTGAG-1","Non-neoplastic colon"
"GTCAGCCGGCTAGAAG-1","Tumor cells in mucosa and submucosa"
"GTCAGCCGTCACAGGT-1","Non-neoplastic colon"
"GTCAGCCGTGACCTCA-1","Non-neoplastic colon"
"GTCAGCCTGCAGTACA-1","Tumor stroma in muscularis propria"
"GTCAGCCTTGGTCAAG-1","Tumor stroma in muscularis propria"
"GTCAGCGAGCACAAGG-1","Non-neoplastic colon"
"GTCAGCGAGCCGGTCA-1","Tumor cells in mucosa and submucosa"
"GTCAGCGGTGTTCATT-1","Tumor cells in mucosa and submucosa"
"GTCAGCTCGCACGGAC-1","Tumor cells in muscularis propria"
"GTCAGCTCGTCCTACC-1","Tumor stroma in muscularis propria"
"GTCAGCTGACTCCAAT-1","Non-neoplastic colon"
"GTCAGCTGCGGCTCGG-1","Non-neoplastic colon"
"GTCAGCTTCAGCCAGT-1","Non-neoplastic colon"
"GTCAGCTTCCTTCGCA-1","Tumor cells in mucosa and submucosa"
"GTCAGCTTGCTCGTTG-1","Non-neoplastic colon"
"GTCAGGACATCTCCGT-1","Tumor cells in muscularis propria"
"GTCAGGACTCAATGAT-1","Non-neoplastic colon"
"GTCAGGAGTGCATTAG-1","Non-neoplastic colon"
"GTCAGGAGTGTCTATC-1","Non-neoplastic colon"
"GTCAGGATGCACAATT-1","Non-neoplastic colon"
"GTCAGGATGCTGTTGA-1","Tumor stroma in muscularis propria"
"GTCAGGTAACTCCGGA-1","Non-neoplastic colon"
"GTCAGTAGATTAGCCA-1","Non-neoplastic colon"
"GTCAGTAGGTTGGAGT-1","Non-neoplastic colon"
"GTCAGTATCGATGAGT-1","Non-neoplastic colon"
"GTCAGTATTGGACTAT-1","Non-neoplastic colon"
"GTCAGTCCAGATTGCC-1","Tumor cells in muscularis propria"
"GTCAGTGAATGTACTC-1","Non-neoplastic colon"
"GTCAGTGACCGAAGCG-1","Non-neoplastic colon"
"GTCAGTGGAATGCTGA-1","Tumor stroma in muscularis propria"
"GTCAGTTATGCCGCTG-1","Tumor cells in mucosa and submucosa"
"GTCAGTTCAATGGATC-1","Non-neoplastic colon"
"GTCAGTTCTGCACTTC-1","Tumor stroma in mucosa and submucosa"
"GTCAGTTGACATCGCT-1","Non-neoplastic colon"
"GTCATAACCACGCACC-1","Non-neoplastic colon"
"GTCATAAGCCGTGGCG-1","Non-neoplastic colon"
"GTCATATCGTTGACAA-1","Non-neoplastic colon"
"GTCATCAACGAAGCCG-1","Tumor cells in muscularis propria"
"GTCATCAATCCGGAGT-1","Tumor cells in muscularis propria"
"GTCATCAATTATGCTA-1","Tumor cells in mucosa and submucosa"
"GTCATCACTGACCGCC-1","Non-neoplastic colon"
"GTCATCCACGCCGTGA-1","Non-neoplastic colon"
"GTCATCCAGCGGCTAA-1","Non-neoplastic colon"
"GTCATCCGAGTACTCC-1","Tumor cells in muscularis propria"
"GTCATCCGGATTCCGG-1","Non-neoplastic colon"
"GTCATCGCCGCTACAG-1","Non-neoplastic colon"
"GTCATCGTGATGCGAG-1","Tumor stroma in muscularis propria"
"GTCATGCGAGCGACAT-1","Non-neoplastic colon"
"GTCCACGGCATCGGTA-1","Non-neoplastic colon"
"GTCCACTATGAGATGG-1","Non-neoplastic colon"
"GTCCAGAAGTCTACGC-1","Non-neoplastic colon"
"GTCCAGATCGAACGGC-1","Non-neoplastic colon"
"GTCCAGATTCCACTAG-1","Tumor cells in mucosa and submucosa"
"GTCCAGCGATGTCCGA-1","Tumor stroma in mucosa and submucosa"
"GTCCAGTCGTTCCGAG-1","Non-neoplastic colon"
"GTCCAGTTCGCAATAA-1","Non-neoplastic colon"
"GTCCAGTTGCACAGCT-1","Tumor cells in muscularis propria"
"GTCCAGTTGCCTTCGT-1","Tumor cells in mucosa and submucosa"
"GTCCATCACTCAATTG-1","Non-neoplastic colon"
"GTCCATCGTATGGTTG-1","Tumor stroma in muscularis propria"
"GTCCATGATCCGAAGG-1","Tumor cells in mucosa and submucosa"
"GTCCGACATGGTAACC-1","Non-neoplastic colon"
"GTCCGATCCTCGACTG-1","Non-neoplastic colon"
"GTCCGCTTGGCTATAC-1","Non-neoplastic colon"
"GTCCGTACAGGTTGAT-1","Non-neoplastic colon"
"GTCCGTACCGAAGGAA-1","Tumor cells in muscularis propria"
"GTCCGTACCGGTCTGA-1","Non-neoplastic colon"
"GTCCGTACTCACTGCA-1","Tumor cells in mucosa and submucosa"
"GTCCGTCAACTTCTAT-1","Non-neoplastic colon"
"GTCCGTCACGCTGGTA-1","Non-neoplastic colon"
"GTCCTAAGATGGAGCT-1","Non-neoplastic colon"
"GTCCTAATAGCGTGGT-1","Non-neoplastic colon"
"GTCCTAATCTGGCAAT-1","Non-neoplastic colon"
"GTCCTACAAGGTTGTA-1","Other"
"GTCCTCACTCGCTAAG-1","Tumor cells in mucosa and submucosa"
"GTCCTCCATACACGGC-1","Non-neoplastic colon"
"GTCCTGAGATCGATAC-1","Non-neoplastic colon"
"GTCCTTACGCTCACGA-1","Non-neoplastic colon"
"GTCCTTATGAACTCGG-1","Non-neoplastic colon"
"GTCCTTATGACGTATT-1","Non-neoplastic colon"
"GTCCTTATGCGATTGT-1","Tumor cells in mucosa and submucosa"
"GTCCTTCACGGACCTC-1","Non-neoplastic colon"
"GTCCTTCAGCAATGTA-1","Tumor cells in muscularis propria"
"GTCCTTCCGTTCCGTC-1","Non-neoplastic colon"
"GTCGAAGGATCTAGCA-1","Non-neoplastic colon"
"GTCGAATAGAATGGAC-1","Non-neoplastic colon"
"GTCGAATAGGTTAAGG-1","Non-neoplastic colon"
"GTCGAGATAGGCCTCC-1","LVI"
"GTCGAGCGAGCTTAAT-1","Non-neoplastic colon"
"GTCGAGGACCGGTAAG-1","Tumor cells in muscularis propria"
"GTCGAGGACTGCACTC-1","Non-neoplastic colon"
"GTCGAGGTCGCAGACA-1","Non-neoplastic colon"
"GTCGAGTAAGGATGCA-1","Non-neoplastic colon"
"GTCGAGTAGAAGTTCT-1","Non-neoplastic colon"
"GTCGAGTATCGCGATA-1","Tumor cells in mucosa and submucosa"
"GTCGAGTGAATCAGAA-1","Non-neoplastic colon"
"GTCGAGTGCGATGAAG-1","Tumor stroma in muscularis propria"
"GTCGAGTGGCGTTAGC-1","Tumor cells in mucosa and submucosa"
"GTCGATCCATTAAGTG-1","Non-neoplastic colon"
"GTCGCAACCTCAGCCA-1","Non-neoplastic colon"
"GTCGCAACGTAACACG-1","Non-neoplastic colon"
"GTCGCAACTATGATGG-1","Non-neoplastic colon"
"GTCGCAAGTTCGCAAC-1","Tumor cells in mucosa and submucosa"
"GTCGCAATAGTAACCG-1","Non-neoplastic colon"
"GTCGCAATGAGCGACA-1","Tumor cells in muscularis propria"
"GTCGCACCATCCGATC-1","Non-neoplastic colon"
"GTCGCACCGGTGCGTT-1","Non-neoplastic colon"
"GTCGCACGAGTTGCGA-1","Non-neoplastic colon"
"GTCGCACGCAGAAGTG-1","Non-neoplastic colon"
"GTCGCACGCCTCTATT-1","Non-neoplastic colon"
"GTCGCACTCAGTGATT-1","Tumor cells in muscularis propria"
"GTCGCACTGTATCCAC-1","Tumor cells in muscularis propria"
"GTCGCAGACAGTATAG-1","Non-neoplastic colon"
"GTCGCAGATATTCGCT-1","Tumor cells in mucosa and submucosa"
"GTCGCAGTGCGAACGA-1","Tumor cells in mucosa and submucosa"
"GTCGCAGTTACTCCGA-1","Non-neoplastic colon"
"GTCGCAGTTAGCATTC-1","Non-neoplastic colon"
"GTCGCATAAGGAAGGC-1","Non-neoplastic colon"
"GTCGCATAGCAGGTTA-1","Tumor cells in mucosa and submucosa"
"GTCGCATCACAAGCAG-1","Non-neoplastic colon"
"GTCGCATGCGACTCAA-1","Tumor cells in muscularis propria"
"GTCGCATGGTCGTGTC-1","Non-neoplastic colon"
"GTCGCATGGTGAATTA-1","Non-neoplastic colon"
"GTCGCATTGCTAATAG-1","Non-neoplastic colon"
"GTCGCCTGCACGAGCC-1","Non-neoplastic colon"
"GTCGCTCCATAACATT-1","Non-neoplastic colon"
"GTCGGAATCTTCTAGA-1","Non-neoplastic colon"
"GTCGGCACGCGACGCT-1","Tumor cells in mucosa and submucosa"
"GTCGGCACTTGAAGGC-1","Tumor stroma in muscularis propria"
"GTCGGCCTGATGCTTA-1","Tumor cells in muscularis propria"
"GTCGGTAATCAGCAAT-1","Non-neoplastic colon"
"GTCGGTCAGGAATCGA-1","Tumor cells in mucosa and submucosa"
"GTCGTAATGGTAAGAA-1","Non-neoplastic colon"
"GTCGTAATTCCTGTCC-1","Non-neoplastic colon"
"GTCGTAGATCACCAGG-1","Tumor cells in mucosa and submucosa"
"GTCGTAGTTATCGATA-1","Non-neoplastic colon"
"GTCGTGACGACTCAAT-1","Non-neoplastic colon"
"GTCGTGACTTCGGTTG-1","Non-neoplastic colon"
"GTCGTGCGTCTAGACG-1","Non-neoplastic colon"
"GTCGTGCTACGCGTGC-1","Non-neoplastic colon"
"GTCGTGCTCGTTGCTC-1","Non-neoplastic colon"
"GTCGTGCTGTATCTCA-1","Tumor cells in mucosa and submucosa"
"GTCGTGTCCTGATTGC-1","Tumor cells in muscularis propria"
"GTCGTGTCGGAGATTA-1","Non-neoplastic colon"
"GTCGTTCAACCATCCA-1","Non-neoplastic colon"
"GTCTAAGACTAGGCTC-1","Tumor cells in mucosa and submucosa"
"GTCTAAGCCTGATGGA-1","Non-neoplastic colon"
"GTCTAATGCCAGATTG-1","Tumor cells in mucosa and submucosa"
"GTCTACGTCATCGAAG-1","Non-neoplastic colon"
"GTCTAGAACGCAAGTC-1","Non-neoplastic colon"
"GTCTAGAACTCGTCCG-1","Non-neoplastic colon"
"GTCTAGAAGCCTCGCA-1","Tumor cells in muscularis propria"
"GTCTAGCGCTAATAGG-1","Non-neoplastic colon"
"GTCTAGGAACTTATTG-1","Non-neoplastic colon"
"GTCTAGGAGCGTTATT-1","Non-neoplastic colon"
"GTCTAGGTATTAGCAG-1","Tumor stroma in muscularis propria"
"GTCTAGTCACGCAGAT-1","Non-neoplastic colon"
"GTCTAGTCAGTAACTG-1","Other"
"GTCTAGTTAGATGTAT-1","Non-neoplastic colon"
"GTCTAGTTAGCCATCG-1","Non-neoplastic colon"
"GTCTAGTTGAGGCAGA-1","Non-neoplastic colon"
"GTCTAGTTGGCACGGT-1","Non-neoplastic colon"
"GTCTATAACCGTATAG-1","Tumor cells in mucosa and submucosa"
"GTCTATAACTGATTGT-1","Non-neoplastic colon"
"GTCTATACAGGCATGG-1","Non-neoplastic colon"
"GTCTATCACGACCAGG-1","Non-neoplastic colon"
"GTCTATCCATTCACAA-1","Tumor cells in mucosa and submucosa"
"GTCTATCGCTTGCCGG-1","Non-neoplastic colon"
"GTCTATCGGCCACTCC-1","Non-neoplastic colon"
"GTCTATGGATAGCTCG-1","Non-neoplastic colon"
"GTCTATTAACTCTATG-1","Tumor cells in mucosa and submucosa"
"GTCTATTCGTTACAAT-1","Non-neoplastic colon"
"GTCTCACGCTCCACTG-1","Tumor cells in mucosa and submucosa"
"GTCTCACGTCACTTCG-1","Non-neoplastic colon"
"GTCTCATATGTATTAG-1","Tumor stroma in muscularis propria"
"GTCTCATATTAGATGA-1","Non-neoplastic colon"
"GTCTCATGCTTGCTGT-1","Non-neoplastic colon"
"GTCTCCATTAGATGAA-1","Non-neoplastic colon"
"GTCTCCGGAGAATCGC-1","Non-neoplastic colon"
"GTCTCCTAAGTAGACA-1","Tumor cells in mucosa and submucosa"
"GTCTCCTACTTCGCAA-1","Non-neoplastic colon"
"GTCTCGCAAGCTATCT-1","Non-neoplastic colon"
"GTCTCGCATGTATGCC-1","Non-neoplastic colon"
"GTCTCGGAAGCGCCGT-1","Non-neoplastic colon"
"GTCTGAACTATTGGAT-1","Non-neoplastic colon"
"GTCTGACGAGCGAACA-1","Non-neoplastic colon"
"GTCTGACGCCACTCAC-1","Tumor stroma in mucosa and submucosa"
"GTCTGACGGACTGGTA-1","Tumor cells in mucosa and submucosa"
"GTCTGACTATTGAAGC-1","Tumor stroma in muscularis propria"
"GTCTGAGGCATGTCGG-1","Non-neoplastic colon"
"GTCTGATACACTGAAT-1","Non-neoplastic colon"
"GTCTGATATCATGCCT-1","Tumor cells in mucosa and submucosa"
"GTCTGATTCGATTGCC-1","Non-neoplastic colon"
"GTCTGATTCGTGAGAA-1","Non-neoplastic colon"
"GTCTGCAACTCAGCTG-1","Non-neoplastic colon"
"GTCTGCGAGCAAGTAG-1","Non-neoplastic colon"
"GTCTGTAAGCCGTGAA-1","Tumor cells in mucosa and submucosa"
"GTCTGTAAGGCCTAGG-1","Tumor cells in mucosa and submucosa"
"GTCTGTAATAGGTATC-1","Non-neoplastic colon"
"GTCTGTCCGATTGTAC-1","Tumor stroma in muscularis propria"
"GTCTGTGATCGTCCTG-1","Non-neoplastic colon"
"GTCTGTGGAGATTCCT-1","Non-neoplastic colon"
"GTCTGTTGCATAATCA-1","Non-neoplastic colon"
"GTCTGTTGCTGGAGCT-1","Tumor cells in muscularis propria"
"GTCTTAACTCGTCATT-1","LVI"
"GTCTTACACCAATCGT-1","Non-neoplastic colon"
"GTCTTCAGGCCAGGTC-1","Non-neoplastic colon"
"GTCTTCCTAGGCTGGA-1","Tumor stroma in mucosa and submucosa"
"GTCTTCGACGTCAAGA-1","Non-neoplastic colon"
"GTCTTGACGTCCGTGA-1","Non-neoplastic colon"
"GTCTTGACTCACGGCG-1","Non-neoplastic colon"
"GTCTTGCGTGCTATAG-1","Other"
"GTCTTGCGTTAGTTCC-1","Tumor stroma in mucosa and submucosa"
"GTCTTGTAAGTTCTAG-1","Tumor cells in mucosa and submucosa"
"GTCTTGTAGCCTATGG-1","Non-neoplastic colon"
"GTCTTGTAGTTATGTT-1","Tumor cells in mucosa and submucosa"
"GTCTTGTCACGAGTAC-1","Non-neoplastic colon"
"GTCTTGTCCACTGTTG-1","Non-neoplastic colon"
"GTGAACATACAGTGCG-1","Tumor stroma in muscularis propria"
"GTGAACCTAACAGTCG-1","Non-neoplastic colon"
"GTGAACCTACGTATAG-1","Tumor cells in mucosa and submucosa"
"GTGAACCTGTCTGGAA-1","Non-neoplastic colon"
"GTGAACGATTGTCGAA-1","Non-neoplastic colon"
"GTGAACTCCAAGGTCT-1","Non-neoplastic colon"
"GTGAACTCTGTCTTAA-1","Non-neoplastic colon"
"GTGAAGTCCGTGACGT-1","Non-neoplastic colon"
"GTGAATACTGTAAGCC-1","Tumor cells in mucosa and submucosa"
"GTGAATCCTACACGTA-1","Non-neoplastic colon"
"GTGAATTAGATTGTAA-1","Non-neoplastic colon"
"GTGACAACGACAACCA-1","Tumor stroma in muscularis propria"
"GTGACAAGCACTGTGA-1","Non-neoplastic colon"
"GTGACAATCCGGCAGA-1","Non-neoplastic colon"
"GTGACACCGGTCTGAT-1","Non-neoplastic colon"
"GTGACAGCGTTAGAAT-1","Non-neoplastic colon"
"GTGACAGGACAATACG-1","Tumor cells in mucosa and submucosa"
"GTGACAGGCCTTATTG-1","Tumor cells in mucosa and submucosa"
"GTGACAGGCGGTGATA-1","Non-neoplastic colon"
"GTGACAGGTACAGCTG-1","Tumor cells in mucosa and submucosa"
"GTGACATGATCTTACC-1","Non-neoplastic colon"
"GTGACATGGCCGTGCG-1","Non-neoplastic colon"
"GTGACCAATGGACATA-1","Tumor cells in mucosa and submucosa"
"GTGACCAGCGCTTATT-1","Non-neoplastic colon"
"GTGACCTAACGAAGCA-1","Non-neoplastic colon"
"GTGACCTAAGATGTAC-1","Non-neoplastic colon"
"GTGACCTAATAGACGT-1","Non-neoplastic colon"
"GTGACCTACGCCAATG-1","LVI"
"GTGACCTTAGCTCCAA-1","Non-neoplastic colon"
"GTGACGGTGAGCCTCA-1","Non-neoplastic colon"
"GTGACGGTTACCACAA-1","Tumor cells in mucosa and submucosa"
"GTGACTACAAGCACGG-1","Non-neoplastic colon"
"GTGACTAGTTCCTCGA-1","Tumor cells in mucosa and submucosa"
"GTGACTATCAAGGATA-1","Non-neoplastic colon"
"GTGACTCAAGTGAGTT-1","Non-neoplastic colon"
"GTGACTCAGATCGGCC-1","Tumor stroma in muscularis propria"
"GTGACTCAGGATCCAC-1","Tumor cells in mucosa and submucosa"
"GTGACTCATACAGCGA-1","Non-neoplastic colon"
"GTGACTCATTACAGAA-1","Non-neoplastic colon"
"GTGACTGCAGCGATAG-1","Non-neoplastic colon"
"GTGACTGCGGTTCTCC-1","Non-neoplastic colon"
"GTGACTGCTCAGACGG-1","Non-neoplastic colon"
"GTGACTGCTCCTCGAG-1","Non-neoplastic colon"
"GTGAGGCAATGGAGCG-1","Non-neoplastic colon"
"GTGAGGCAGGCCGAAG-1","Non-neoplastic colon"
"GTGAGGTCACTTCATA-1","Non-neoplastic colon"
"GTGAGGTTCTACATAA-1","Non-neoplastic colon"
"GTGAGGTTCTCGTAGG-1","Tumor cells in mucosa and submucosa"
"GTGATAATGTCCAGTG-1","Tumor cells in mucosa and submucosa"
"GTGATACAATCTCGTC-1","Tumor cells in subserosa"
"GTGATACGTACTTGTT-1","Tumor cells in muscularis propria"
"GTGATACGTGAACTAG-1","Tumor cells in mucosa and submucosa"
"GTGATATCATAAGTTG-1","Tumor cells in mucosa and submucosa"
"GTGATCCTAGCGCATT-1","Tumor stroma in mucosa and submucosa"
"GTGATGCACTTGTTGA-1","Tumor stroma in muscularis propria"
"GTGATGGACGCTATCG-1","Tumor cells in muscularis propria"
"GTGATGGCCTTAGTAA-1","Tumor cells in muscularis propria"
"GTGATTCATCGATAAC-1","Non-neoplastic colon"
"GTGATTCGGTATCTAA-1","Tumor cells in muscularis propria"
"GTGCAACCATCTCCAC-1","Non-neoplastic colon"
"GTGCAACTCCGATGAC-1","Non-neoplastic colon"
"GTGCAACTTAGGCTTC-1","Tumor cells in mucosa and submucosa"
"GTGCAAGATCGAGTCA-1","Tumor cells in muscularis propria"
"GTGCAAGCGTGAAGCA-1","Non-neoplastic colon"
"GTGCAATTACGCATTG-1","Tumor stroma in mucosa and submucosa"
"GTGCAATTCGAGCGTT-1","Non-neoplastic colon"
"GTGCACCACGTGTCAC-1","Tumor cells in muscularis propria"
"GTGCACCATTAAGTCT-1","Non-neoplastic colon"
"GTGCACCGCACCATCG-1","Tumor stroma in mucosa and submucosa"
"GTGCACCGTTGCGGCC-1","Non-neoplastic colon"
"GTGCACGCCGACAACG-1","Tumor cells in mucosa and submucosa"
"GTGCACGGTAACAGAT-1","Tumor cells in mucosa and submucosa"
"GTGCACGTACAGGAAG-1","Non-neoplastic colon"
"GTGCACGTGAATCGAG-1","Non-neoplastic colon"
"GTGCACTGAGCCGGAA-1","Tumor cells in mucosa and submucosa"
"GTGCACTTCTTAGGTT-1","Non-neoplastic colon"
"GTGCAGAACAAGTCAA-1","Tumor cells in mucosa and submucosa"
"GTGCAGCCAGCTTCTG-1","Non-neoplastic colon"
"GTGCAGCGCACGCAAG-1","Non-neoplastic colon"
"GTGCAGCGGAACGTGG-1","Non-neoplastic colon"
"GTGCAGCTAATCGCGA-1","Non-neoplastic colon"
"GTGCAGCTGGAATGGT-1","Tumor cells in muscularis propria"
"GTGCAGGAATTAGCGT-1","Tumor cells in mucosa and submucosa"
"GTGCAGGATACTGCTA-1","Non-neoplastic colon"
"GTGCAGGCTGCCTCAA-1","Non-neoplastic colon"
"GTGCAGGTCAATTGTC-1","Non-neoplastic colon"
"GTGCAGGTGGCCGCCT-1","Non-neoplastic colon"
"GTGCAGTGAACCTCTT-1","Non-neoplastic colon"
"GTGCAGTGCGAACTAT-1","Non-neoplastic colon"
"GTGCAGTGTCGTGGCT-1","Non-neoplastic colon"
"GTGCAGTTAATACGAA-1","Non-neoplastic colon"
"GTGCAGTTCACTGCAT-1","Non-neoplastic colon"
"GTGCATAACCATACCT-1","Non-neoplastic colon"
"GTGCATAGCGGCGATA-1","Tumor cells in muscularis propria"
"GTGCATTCACATGCCG-1","Tumor cells in mucosa and submucosa"
"GTGCATTCCACTAGCG-1","Tumor cells in mucosa and submucosa"
"GTGCATTGAATTAGGA-1","Non-neoplastic colon"
"GTGCCAACAGCCGCCT-1","Non-neoplastic colon"
"GTGCCACCATAATGTA-1","Tumor cells in muscularis propria"
"GTGCCATACATTGATG-1","Non-neoplastic colon"
"GTGCCATACCACCGGC-1","Non-neoplastic colon"
"GTGCCGACTGCGGCAG-1","Non-neoplastic colon"
"GTGCCGCTCCGGCACT-1","Non-neoplastic colon"
"GTGCCGTAGTACCTGA-1","Non-neoplastic colon"
"GTGCCTAATCATGTAG-1","Tumor cells in mucosa and submucosa"
"GTGCCTCCACTGAGCA-1","Non-neoplastic colon"
"GTGCCTGCAGTCACGC-1","Non-neoplastic colon"
"GTGCCTGCCGTCCGTA-1","Tumor cells in subserosa"
"GTGCCTGCGACAGCAC-1","Non-neoplastic colon"
"GTGCCTGGCAGCACTG-1","Non-neoplastic colon"
"GTGCCTTCTGGTTGAC-1","Tumor cells in mucosa and submucosa"
"GTGCGAACGATGAGTT-1","Non-neoplastic colon"
"GTGCGAATCCGATTCG-1","Non-neoplastic colon"
"GTGCGAGGTGTTACTG-1","Non-neoplastic colon"
"GTGCGAGGTTAACAGG-1","Tumor cells in mucosa and submucosa"
"GTGCGGATTGCTTGCG-1","Non-neoplastic colon"
"GTGCGTATCGTTCGTG-1","Non-neoplastic colon"
"GTGCGTCAAGCGGCAA-1","Non-neoplastic colon"
"GTGCGTTCTACTTGGT-1","Tumor cells in mucosa and submucosa"
"GTGCTAAGGCATGACC-1","Non-neoplastic colon"
"GTGCTATCCTCGAGCT-1","Non-neoplastic colon"
"GTGCTCAGAACACGCC-1","Non-neoplastic colon"
"GTGCTCCGGTGAGTTG-1","Non-neoplastic colon"
"GTGCTCCTAAGGTTCT-1","Non-neoplastic colon"
"GTGCTCGATCCTCGCT-1","Non-neoplastic colon"
"GTGCTCTAATTGGTCT-1","Tumor cells in mucosa and submucosa"
"GTGCTCTACCTGACAA-1","Tumor cells in mucosa and submucosa"
"GTGCTCTGACGCGTGG-1","Tumor stroma in muscularis propria"
"GTGCTCTGCAGTAACA-1","Non-neoplastic colon"
"GTGCTCTGCCTCTTAC-1","Non-neoplastic colon"
"GTGGAACACTGCTTAT-1","Tumor cells in mucosa and submucosa"
"GTGGAAGCCGTAGGCC-1","Non-neoplastic colon"
"GTGGACAATTCCGACT-1","Tumor cells in mucosa and submucosa"
"GTGGACGACCGCAAGC-1","Non-neoplastic colon"
"GTGGACTGCCAGTGTC-1","Tumor cells in muscularis propria"
"GTGGACTGTATTACTC-1","Tumor stroma in muscularis propria"
"GTGGAGACAACCAGGA-1","Non-neoplastic colon"
"GTGGAGACGAAGGTAT-1","Non-neoplastic colon"
"GTGGAGCTAAGGAGAT-1","Tumor cells in subserosa"
"GTGGAGCTCGGAGTGC-1","Non-neoplastic colon"
"GTGGAGCTTGCCAACG-1","Non-neoplastic colon"
"GTGGAGGCGACCACAT-1","Tumor cells in mucosa and submucosa"
"GTGGAGTACATACCTC-1","Non-neoplastic colon"
"GTGGAGTGGATGGACC-1","Non-neoplastic colon"
"GTGGAGTGTTATGTCC-1","Tumor stroma in muscularis propria"
"GTGGATAAGAACATCT-1","Non-neoplastic colon"
"GTGGATCTGCTCTGCG-1","Non-neoplastic colon"
"GTGGATGTAAGTGAAC-1","Tumor cells in mucosa and submucosa"
"GTGGATTAGATTCGCC-1","Tumor cells in mucosa and submucosa"
"GTGGATTGAGGACTAG-1","Non-neoplastic colon"
"GTGGCCGACAACTTGC-1","Non-neoplastic colon"
"GTGGCGAACTTACACC-1","Tumor cells in mucosa and submucosa"
"GTGGCGACAGTACTTG-1","Non-neoplastic colon"
"GTGGCGATACGGTGCT-1","Tumor stroma in muscularis propria"
"GTGGCGCCAACGTAGG-1","Non-neoplastic colon"
"GTGGCGCCATGAATAA-1","Non-neoplastic colon"
"GTGGCGCCTATGAGAC-1","Non-neoplastic colon"
"GTGGCGGACACTGGAA-1","Non-neoplastic colon"
"GTGGCGGATTCCACGC-1","Non-neoplastic colon"
"GTGGCGGTCGCAATAC-1","Non-neoplastic colon"
"GTGGCGTTCAACGAAG-1","Non-neoplastic colon"
"GTGGCGTTCACGTGTA-1","Tumor cells in subserosa"
"GTGGCGTTGAACCGCT-1","Non-neoplastic colon"
"GTGGCGTTGATTCCTG-1","Tumor stroma in muscularis propria"
"GTGGTAAGCCAAGATT-1","Tumor cells in mucosa and submucosa"
"GTGGTAGTGAATGGCA-1","Non-neoplastic colon"
"GTGGTATTACCTAATG-1","Non-neoplastic colon"
"GTGGTCCGGAGCGGTC-1","Non-neoplastic colon"
"GTGGTTAACCGTTGGC-1","Tumor stroma in muscularis propria"
"GTGGTTAAGTTATGTC-1","Tumor cells in mucosa and submucosa"
"GTGGTTAATGCTACGC-1","Non-neoplastic colon"
"GTGGTTACAGAATTGA-1","Non-neoplastic colon"
"GTGGTTAGCCGCTCTA-1","Non-neoplastic colon"
"GTGGTTAGCGAGGAAG-1","Tumor cells in mucosa and submucosa"
"GTGGTTAGCGGTGGCA-1","Non-neoplastic colon"
"GTGGTTCGTAGATTGC-1","Non-neoplastic colon"
"GTGGTTGAAGTCCACT-1","Non-neoplastic colon"
"GTGGTTGACTGGATAA-1","Non-neoplastic colon"
"GTGGTTGAGGAACGGA-1","Non-neoplastic colon"
"GTGGTTGCCTTCTACC-1","Non-neoplastic colon"
"GTGGTTGCTTATCACG-1","Non-neoplastic colon"
"GTGGTTGGCGAACTCC-1","Tumor stroma in muscularis propria"
"GTGGTTGGTCACAAGA-1","Non-neoplastic colon"
"GTGGTTGTGGACTTCA-1","Non-neoplastic colon"
"GTGGTTGTTAATTCTA-1","Non-neoplastic colon"
"GTTAACAACGATGCGA-1","Non-neoplastic colon"
"GTTAACGTCGAACCAA-1","Non-neoplastic colon"
"GTTAAGCTATTCAGAT-1","Tumor cells in mucosa and submucosa"
"GTTAAGTCTTATTGGT-1","Tumor stroma in muscularis propria"
"GTTAATACGAAGACCT-1","Non-neoplastic colon"
"GTTAATACGCAGGATA-1","Non-neoplastic colon"
"GTTAATACTCATCGGA-1","Tumor stroma in mucosa and submucosa"
"GTTAATCCAAGCGATA-1","Non-neoplastic colon"
"GTTAATCGGACAGTAA-1","Non-neoplastic colon"
"GTTAATCTCCTTGCAA-1","Non-neoplastic colon"
"GTTAATCTGGACTATT-1","Tumor cells in muscularis propria"
"GTTAATGCACTGCCTT-1","Non-neoplastic colon"
"GTTAATGCCGTCGATT-1","Tumor cells in mucosa and submucosa"
"GTTAATGCTAGTCGAT-1","Necrosis"
"GTTAATGGCCTCTAAG-1","Non-neoplastic colon"
"GTTAATGGCGAGGTAT-1","Tumor cells in mucosa and submucosa"
"GTTAATGGTCTGAGCC-1","Non-neoplastic colon"
"GTTACACGACTACACC-1","Non-neoplastic colon"
"GTTACATCCGTTACAT-1","Tumor cells in mucosa and submucosa"
"GTTACATCGCCGACCT-1","Tumor cells in muscularis propria"
"GTTACATTCGCCACGG-1","Non-neoplastic colon"
"GTTACGCACCTGAAGA-1","Tumor cells in mucosa and submucosa"
"GTTACGCATTGCGGCC-1","Non-neoplastic colon"
"GTTACGTTAGGAGTTG-1","Non-neoplastic colon"
"GTTACTAGTTGCGTCT-1","Non-neoplastic colon"
"GTTACTATAAGAGCAT-1","Tumor stroma in muscularis propria"
"GTTACTATCCATGGAT-1","Tumor stroma in muscularis propria"
"GTTAGACCACGCACGT-1","Non-neoplastic colon"
"GTTAGCAGTATTGTCA-1","Non-neoplastic colon"
"GTTAGCTCACTTACAA-1","Non-neoplastic colon"
"GTTAGGAAGGCGTTCC-1","Non-neoplastic colon"
"GTTAGGAATTCCGAAC-1","Non-neoplastic colon"
"GTTAGGACTTCGTTGA-1","Non-neoplastic colon"
"GTTAGGCTGGAGTGTA-1","Non-neoplastic colon"
"GTTAGGCTTAGACCTT-1","Non-neoplastic colon"
"GTTAGGTAGACTAACA-1","Non-neoplastic colon"
"GTTAGTGAGCTATGCT-1","Tumor cells in muscularis propria"
"GTTAGTTATTGGACAA-1","Non-neoplastic colon"
"GTTAGTTCCACCTCGG-1","Non-neoplastic colon"
"GTTATCACGCTTGCTC-1","Non-neoplastic colon"
"GTTATCATCGTTATCT-1","Tumor stroma in mucosa and submucosa"
"GTTATCCTTCGCTAGA-1","Non-neoplastic colon"
"GTTATCGCACCTGACA-1","Tumor cells in mucosa and submucosa"
"GTTATCTGTCCATAAT-1","Non-neoplastic colon"
"GTTATCTTAACCACAA-1","Non-neoplastic colon"
"GTTATGAGAAGTCGAT-1","Non-neoplastic colon"
"GTTATGAGTTACTATT-1","Non-neoplastic colon"
"GTTATGATTCGGAAGG-1","Non-neoplastic colon"
"GTTATGCAAGTATTGC-1","Non-neoplastic colon"
"GTTATGCAGTGACGGC-1","Non-neoplastic colon"
"GTTATGTACCACTCCG-1","Non-neoplastic colon"
"GTTATGTCGCCACTCC-1","Non-neoplastic colon"
"GTTATGTCGGCGTGCG-1","Tumor cells in mucosa and submucosa"
"GTTATGTTCTAGTGTT-1","Tumor cells in mucosa and submucosa"
"GTTATTACCTGAACCG-1","Tumor cells in muscularis propria"
"GTTATTACCTTCAGGT-1","Tumor cells in muscularis propria"
"GTTATTACGGCCTCTT-1","Non-neoplastic colon"
"GTTATTCCACAATCTT-1","Non-neoplastic colon"
"GTTATTCTCGCTAAGA-1","Non-neoplastic colon"
"GTTATTCTGAGCTTGC-1","Non-neoplastic colon"
"GTTATTCTGCCTTAAC-1","Tumor cells in mucosa and submucosa"
"GTTATTCTTACATATG-1","Non-neoplastic colon"
"GTTATTGAAGATACAA-1","Tumor cells in mucosa and submucosa"
"GTTATTGACTAAGGCA-1","Tumor cells in subserosa"
"GTTATTGGACCTGGTC-1","Tumor cells in mucosa and submucosa"
"GTTATTGGCCGACTAA-1","Non-neoplastic colon"
"GTTATTGGCTTCCTCG-1","Tumor cells in mucosa and submucosa"
"GTTATTGGTCGAAGGT-1","Non-neoplastic colon"
"GTTCAAGTGCAAGACG-1","Tumor cells in muscularis propria"
"GTTCATACATCGACTC-1","Non-neoplastic colon"
"GTTCATCTTCCGTCGA-1","Non-neoplastic colon"
"GTTCATGACATTCACG-1","Non-neoplastic colon"
"GTTCATGAGGCACCGG-1","Tumor cells in muscularis propria"
"GTTCATGGTGCTTGAA-1","Tumor cells in mucosa and submucosa"
"GTTCATGGTGTACATC-1","Tumor stroma in muscularis propria"
"GTTCATTAAGTAACCG-1","Non-neoplastic colon"
"GTTCATTGCTGGCTGG-1","Tumor cells in mucosa and submucosa"
"GTTCCAATGTGCTAAC-1","Non-neoplastic colon"
"GTTCCAGTCAACTAGG-1","Non-neoplastic colon"
"GTTCCATGCGATAGTC-1","Non-neoplastic colon"
"GTTCCGAGCTCGACAG-1","Tumor cells in muscularis propria"
"GTTCCGATCAATTGCG-1","Tumor cells in mucosa and submucosa"
"GTTCCGGCACTGGATG-1","Tumor stroma in muscularis propria"
"GTTCCGGCGTAATCAC-1","Non-neoplastic colon"
"GTTCCGTCCTTACCAT-1","Non-neoplastic colon"
"GTTCCGTGATGCGTAG-1","Non-neoplastic colon"
"GTTCCGTGCATCGTTC-1","Tumor cells in mucosa and submucosa"
"GTTCCTCGGCTAATGT-1","Non-neoplastic colon"
"GTTCCTGGCCAAGAAC-1","Tumor stroma in muscularis propria"
"GTTCCTTAGAGTTAAT-1","Non-neoplastic colon"
"GTTCCTTGCCTCACAG-1","Tumor stroma in muscularis propria"
"GTTCGACATCACATGG-1","Non-neoplastic colon"
"GTTCGACGATGAGCAC-1","Non-neoplastic colon"
"GTTCGACGTAGGTAGG-1","Non-neoplastic colon"
"GTTCGAGCGTTGCTTA-1","Tumor stroma in muscularis propria"
"GTTCGAGTGGCCAACA-1","Non-neoplastic colon"
"GTTCGCCATTACCAGT-1","Non-neoplastic colon"
"GTTCGCCGATCGTACC-1","Non-neoplastic colon"
"GTTCGCGGTTCATCAG-1","Non-neoplastic colon"
"GTTCGCTGAGCTCGGT-1","Tumor cells in mucosa and submucosa"
"GTTCGGACAGATGTCG-1","Non-neoplastic colon"
"GTTCTAACATCAACCA-1","Non-neoplastic colon"
"GTTCTAACCATTACGA-1","Tumor cells in mucosa and submucosa"
"GTTCTAACGGAACGGT-1","Non-neoplastic colon"
"GTTCTACCGTGACTCC-1","Non-neoplastic colon"
"GTTCTGCTATCTCGAC-1","Tumor cells in mucosa and submucosa"
"GTTCTGTAACCATCCT-1","Tumor cells in mucosa and submucosa"
"GTTCTTCGCTGACAGA-1","Non-neoplastic colon"
"GTTCTTCGTCGCCAAC-1","Non-neoplastic colon"
"GTTCTTGAACATCTGG-1","Non-neoplastic colon"
"GTTGAACCGAAGCGAT-1","Non-neoplastic colon"
"GTTGAAGGACCAAGTC-1","Tumor cells in mucosa and submucosa"
"GTTGAATACGCTTCAC-1","Non-neoplastic colon"
"GTTGAATCCAACGATT-1","Non-neoplastic colon"
"GTTGAATGCCAGTCGA-1","Tumor cells in muscularis propria"
"GTTGACAGATTCATTA-1","Non-neoplastic colon"
"GTTGACAGTATTCGGT-1","Tumor cells in mucosa and submucosa"
"GTTGACATGGCCACAT-1","Non-neoplastic colon"
"GTTGACCGCACTAGCA-1","Tumor stroma in mucosa and submucosa"
"GTTGACCGCAGCCTTG-1","Non-neoplastic colon"
"GTTGACCGTACAGACT-1","Tumor cells in mucosa and submucosa"
"GTTGACCGTGGCCAAT-1","Non-neoplastic colon"
"GTTGACGGCGAAGACC-1","Non-neoplastic colon"
"GTTGACGTATTCCATT-1","Non-neoplastic colon"
"GTTGACGTCATCACGC-1","Tumor stroma in mucosa and submucosa"
"GTTGACTAAGGAGTGA-1","Non-neoplastic colon"
"GTTGACTACATGGCAT-1","Non-neoplastic colon"
"GTTGACTACGTTAACC-1","Tumor cells in mucosa and submucosa"
"GTTGACTTAGGTACCT-1","Non-neoplastic colon"
"GTTGACTTCCAAGGAA-1","Tumor stroma in muscularis propria"
"GTTGAGAACAGACATG-1","Non-neoplastic colon"
"GTTGAGCGGTGGACGA-1","Non-neoplastic colon"
"GTTGAGCTAATACTCA-1","Non-neoplastic colon"
"GTTGAGTACTAAGACG-1","Non-neoplastic colon"
"GTTGAGTCATGACTTG-1","Non-neoplastic colon"
"GTTGATTCGAGTGCTG-1","Non-neoplastic colon"
"GTTGATTCGATCAGGA-1","Non-neoplastic colon"
"GTTGCCAACCATCCGG-1","Non-neoplastic colon"
"GTTGCCACAATCCGGC-1","Non-neoplastic colon"
"GTTGCCACTAGAGTCA-1","Non-neoplastic colon"
"GTTGCCATGCATAGGA-1","Non-neoplastic colon"
"GTTGCCATTGTATGCG-1","Non-neoplastic colon"
"GTTGCCGCGGTAGACA-1","Non-neoplastic colon"
"GTTGCCGCTCGGCTTG-1","Non-neoplastic colon"
"GTTGCCGCTTCTGATA-1","Non-neoplastic colon"
"GTTGCCGGATACGATG-1","Non-neoplastic colon"
"GTTGCCGTCCGCTCTG-1","Non-neoplastic colon"
"GTTGCCTAAGCACCAG-1","Tumor cells in mucosa and submucosa"
"GTTGCGGCGACACTTG-1","Non-neoplastic colon"
"GTTGCTAGCCAACTCG-1","Non-neoplastic colon"
"GTTGCTCATGAGTCCG-1","Non-neoplastic colon"
"GTTGCTCCACGGCTCC-1","Tumor cells in mucosa and submucosa"
"GTTGCTCCAGATGAGT-1","Non-neoplastic colon"
"GTTGCTCCGTATCGAG-1","Non-neoplastic colon"
"GTTGCTCCTACCACTA-1","Non-neoplastic colon"
"GTTGCTCGGAGTTCGA-1","Non-neoplastic colon"
"GTTGCTCGTGCCATCT-1","Non-neoplastic colon"
"GTTGCTGAGCGATCCA-1","Non-neoplastic colon"
"GTTGCTGTCTGTAACT-1","Non-neoplastic colon"
"GTTGCTGTTGCCTCAA-1","Tumor cells in mucosa and submucosa"
"GTTGCTTAATCAGCCT-1","Tumor cells in mucosa and submucosa"
"GTTGCTTACAAGTAGG-1","Tumor cells in mucosa and submucosa"
"GTTGCTTGTACCTCGT-1","Tumor stroma in muscularis propria"
"GTTGGACATATGCCGT-1","Tumor cells in mucosa and submucosa"
"GTTGGCTGCATGTCGC-1","Non-neoplastic colon"
"GTTGGTATCCTCGCCG-1","Non-neoplastic colon"
"GTTGGTGAATTATCAT-1","Non-neoplastic colon"
"GTTGGTGAGCGTCTCC-1","Tumor cells in muscularis propria"
"GTTGGTTATGAGCTGT-1","Tumor cells in mucosa and submucosa"
"GTTGTACCGCGACGAA-1","Non-neoplastic colon"
"GTTGTAGCTCATGGAC-1","Non-neoplastic colon"
"GTTGTCAACGGTGAGC-1","Tumor cells in mucosa and submucosa"
"GTTGTCAAGGACTGTA-1","Non-neoplastic colon"
"GTTGTCCAGAGTCGAT-1","Tumor cells in mucosa and submucosa"
"GTTGTCCAGTCCTTCT-1","Non-neoplastic colon"
"GTTGTCCTGGCGATGA-1","Non-neoplastic colon"
"GTTGTCCTTGCTTAGC-1","Non-neoplastic colon"
"GTTGTCTGAGAATTCT-1","Non-neoplastic colon"
"GTTGTCTGGCTCGCCT-1","Tumor cells in mucosa and submucosa"
"GTTGTCTTCCTGCGTT-1","Non-neoplastic colon"
"TAACAAGGATACAACG-1","Non-neoplastic colon"
"TAACAATTAGACGCCG-1","Non-neoplastic colon"
"TAACAATTCATCCACT-1","Non-neoplastic colon"
"TAACAGACGTGAAGGC-1","Tumor cells in mucosa and submucosa"
"TAACAGCAGGCTGCCT-1","Non-neoplastic colon"
"TAACAGCAGGTACGTG-1","Tumor stroma in mucosa and submucosa"
"TAACAGCAGTGCGTGG-1","Non-neoplastic colon"
"TAACAGCATCACGATA-1","Non-neoplastic colon"
"TAACAGCCTCACTGCC-1","Non-neoplastic colon"
"TAACAGGACGCTATCC-1","Non-neoplastic colon"
"TAACAGGACTGGAGAC-1","Necrosis"
"TAACAGGCATGAGTTC-1","Non-neoplastic colon"
"TAACAGGTCAGTATTG-1","Non-neoplastic colon"
"TAACAGGTTCAGCCAC-1","Non-neoplastic colon"
"TAACAGTCAATGCACC-1","Non-neoplastic colon"
"TAACAGTCCAATTGTC-1","Tumor cells in mucosa and submucosa"
"TAACAGTTACTCGGAC-1","Non-neoplastic colon"
"TAACAGTTCGTAGATT-1","Non-neoplastic colon"
"TAACAGTTCTACAGGT-1","Non-neoplastic colon"
"TAACAGTTGAGCCATC-1","Non-neoplastic colon"
"TAACATAGACCGAATT-1","Tumor stroma in muscularis propria"
"TAACATAGGAGCACCT-1","Non-neoplastic colon"
"TAACATCAATCCGCAC-1","Non-neoplastic colon"
"TAACATTAAGCTCACC-1","Non-neoplastic colon"
"TAACCAACGAAGCGAT-1","Non-neoplastic colon"
"TAACCAGAAGGCCGAA-1","Non-neoplastic colon"
"TAACCGAACTGTTGCG-1","Non-neoplastic colon"
"TAACCGGATCTTACCT-1","Tumor cells in mucosa and submucosa"
"TAACCGGCGACTCATA-1","Non-neoplastic colon"
"TAACCGGCTACACGGT-1","Necrosis"
"TAACCTATACATTCAG-1","Non-neoplastic colon"
"TAACCTATCTTAATCA-1","Non-neoplastic colon"
"TAACCTGAATGTGACA-1","Non-neoplastic colon"
"TAACCTGGAATATCCA-1","Non-neoplastic colon"
"TAACCTTATCAATACC-1","Tumor stroma in muscularis propria"
"TAACCTTGAGCACGGC-1","Non-neoplastic colon"
"TAACGAAGCACGAATG-1","Non-neoplastic colon"
"TAACGAAGTGAAGCCA-1","Non-neoplastic colon"
"TAACGAATTACGCCTA-1","Non-neoplastic colon"
"TAACGACAACTTCGTT-1","Non-neoplastic colon"
"TAACGACACCAAGAGC-1","Tumor cells in mucosa and submucosa"
"TAACGACATCACATCC-1","Tumor cells in muscularis propria"
"TAACGACATGTACTGG-1","Tumor cells in mucosa and submucosa"
"TAACGACTTAGACCGT-1","Tumor cells in mucosa and submucosa"
"TAACGACTTGGCACAG-1","Non-neoplastic colon"
"TAACGAGCACCGCCAG-1","Non-neoplastic colon"
"TAACGAGCCTTCGCCT-1","Tumor cells in mucosa and submucosa"
"TAACGAGCGAGGTGTT-1","Tumor cells in muscularis propria"
"TAACGAGCTAGAATCT-1","Non-neoplastic colon"
"TAACGAGTAAGACGCA-1","Non-neoplastic colon"
"TAACGAGTAGGTCATG-1","Non-neoplastic colon"
"TAACGAGTATGATCAG-1","Non-neoplastic colon"
"TAACGAGTTCACTTAA-1","Non-neoplastic colon"
"TAACGATGACGTCAGA-1","Tumor stroma in muscularis propria"
"TAACGATGCAGACACC-1","Tumor stroma in mucosa and submucosa"
"TAACGATGTCCACCGC-1","Non-neoplastic colon"
"TAACGCATCACCTATT-1","Non-neoplastic colon"
"TAACGCATTGACGATG-1","Non-neoplastic colon"
"TAACGCATTGCACTGC-1","Non-neoplastic colon"
"TAACGCCGAGCCTGTA-1","Non-neoplastic colon"
"TAACGCCGCAATGCTA-1","Non-neoplastic colon"
"TAACGCGGCTGAGGAC-1","Non-neoplastic colon"
"TAACGCTCATTGAAGG-1","Non-neoplastic colon"
"TAACGCTCGCAGCCGG-1","Non-neoplastic colon"
"TAACGCTCGGAGTGAT-1","Non-neoplastic colon"
"TAACGCTTCCAACTGT-1","Non-neoplastic colon"
"TAACGCTTGACCTCCG-1","Non-neoplastic colon"
"TAACGGTTGCGTATCC-1","Non-neoplastic colon"
"TAACGTAACTCGCTGA-1","Non-neoplastic colon"
"TAACGTAAGGCGTGAA-1","Tumor cells in mucosa and submucosa"
"TAACGTAATACGACGC-1","Non-neoplastic colon"
"TAACTCATGGAACGCA-1","Non-neoplastic colon"
"TAACTCGCGGATAATC-1","Non-neoplastic colon"
"TAACTCGCGGCCGTTG-1","Non-neoplastic colon"
"TAACTGAGAATTAGAA-1","Non-neoplastic colon"
"TAACTGAGATGTCACT-1","Tumor cells in mucosa and submucosa"
"TAACTGTACTGAGGAT-1","Non-neoplastic colon"
"TAACTTCCATCCTACC-1","Tumor cells in mucosa and submucosa"
"TAAGAACATGAACTTC-1","Non-neoplastic colon"
"TAAGAACGACTAACGT-1","Tumor stroma in muscularis propria"
"TAAGAACGCACGTCTT-1","Tumor cells in muscularis propria"
"TAAGAACGCTTCAACT-1","Tumor stroma in muscularis propria"
"TAAGAACGTGAGTGCT-1","Non-neoplastic colon"
"TAAGAAGTAGGAGCGG-1","Non-neoplastic colon"
"TAAGAAGTCGACATAA-1","Non-neoplastic colon"
"TAAGAAGTTATGCGTG-1","Non-neoplastic colon"
"TAAGAATAACTCCTCG-1","Non-neoplastic colon"
"TAAGAATAGCATGATT-1","Non-neoplastic colon"
"TAAGAATAGCCGGCAC-1","Tumor cells in muscularis propria"
"TAAGAATAGGCTAGGC-1","Non-neoplastic colon"
"TAAGAATATCGGCGCC-1","Tumor cells in mucosa and submucosa"
"TAAGAATATGTCGCAA-1","Non-neoplastic colon"
"TAAGAATGAGCTCGTT-1","Tumor stroma in muscularis propria"
"TAAGAATGAGTGCCAC-1","Tumor cells in mucosa and submucosa"
"TAAGAATGGAACCTGG-1","Non-neoplastic colon"
"TAAGACAAGAGCGATA-1","Non-neoplastic colon"
"TAAGACAATAAGCCGC-1","Non-neoplastic colon"
"TAAGACGCACTGCTTC-1","Non-neoplastic colon"
"TAAGACGCAGATGGAA-1","Non-neoplastic colon"
"TAAGACGCCGACTCCG-1","Non-neoplastic colon"
"TAAGACGCTGATCCTC-1","Tumor stroma in mucosa and submucosa"
"TAAGACGTGCGTGGCA-1","Non-neoplastic colon"
"TAAGACTACCTGTCGG-1","Tumor cells in mucosa and submucosa"
"TAAGATACTAGAGCCT-1","Non-neoplastic colon"
"TAAGATACTGTTCGAT-1","Non-neoplastic colon"
"TAAGATAGTTCCGATT-1","Non-neoplastic colon"
"TAAGATCTAGGACCTT-1","Non-neoplastic colon"
"TAAGATCTGTACTACG-1","Non-neoplastic colon"
"TAAGATGGCGGTGCTT-1","Non-neoplastic colon"
"TAAGATTGCGCTTCGC-1","Non-neoplastic colon"
"TAAGATTGGTTAACAG-1","Non-neoplastic colon"
"TAAGCAAGATGAGCGA-1","Non-neoplastic colon"
"TAAGCAAGGCAGGCTT-1","Non-neoplastic colon"
"TAAGCAAGGTCCGGTG-1","Tumor stroma in mucosa and submucosa"
"TAAGCACTATCAGTAT-1","Non-neoplastic colon"
"TAAGCACTATGTTCAA-1","Tumor stroma in mucosa and submucosa"
"TAAGCACTGCGGCATT-1","Tumor cells in mucosa and submucosa"
"TAAGCAGGTGCGTGTA-1","Tumor cells in mucosa and submucosa"
"TAAGCAGTACAGGCAG-1","Non-neoplastic colon"
"TAAGCAGTTCTGGTCT-1","Tumor cells in mucosa and submucosa"
"TAAGCATCACTCTACA-1","Non-neoplastic colon"
"TAAGCATCGCTCATAG-1","Non-neoplastic colon"
"TAAGCATCTGTACAGT-1","Non-neoplastic colon"
"TAAGCATCTTGTCGGC-1","Non-neoplastic colon"
"TAAGCATTGGAGTGGC-1","Tumor stroma in mucosa and submucosa"
"TAAGCCACATGGTAAT-1","Non-neoplastic colon"
"TAAGCCACCGAGTTCC-1","Non-neoplastic colon"
"TAAGCCACGGTTCGTC-1","Tumor cells in mucosa and submucosa"
"TAAGCCTGAACTGTGA-1","Tumor cells in mucosa and submucosa"
"TAAGCCTGCGCATGGT-1","Non-neoplastic colon"
"TAAGCGCAACGCTGCC-1","Non-neoplastic colon"
"TAAGCGCACCTCGCAC-1","Non-neoplastic colon"
"TAAGGACCTCGGTTCT-1","Non-neoplastic colon"
"TAAGGAGTACTCCACC-1","Tumor cells in mucosa and submucosa"
"TAAGGCGAGTCAGACA-1","Tumor cells in muscularis propria"
"TAAGGTATAATCTTGG-1","Tumor cells in muscularis propria"
"TAAGGTATACGAACGG-1","Non-neoplastic colon"
"TAAGGTATCCACCGCT-1","Non-neoplastic colon"
"TAAGGTATCTTGGTCT-1","Non-neoplastic colon"
"TAAGGTATGGCGTCGG-1","Non-neoplastic colon"
"TAAGGTCCGGTTATAC-1","Tumor cells in mucosa and submucosa"
"TAAGGTGACCTTCCAG-1","Tumor cells in mucosa and submucosa"
"TAAGGTGACTGTTACT-1","Tumor cells in mucosa and submucosa"
"TAAGGTGGCCGCTCCG-1","Non-neoplastic colon"
"TAAGGTGGCTTGCGCC-1","Non-neoplastic colon"
"TAAGGTTGTACATGCG-1","Non-neoplastic colon"
"TAAGTCGATAGACCGA-1","Non-neoplastic colon"
"TAAGTGAAGTCCTAGA-1","Tumor cells in mucosa and submucosa"
"TAAGTGAAGTCTGGAT-1","Tumor cells in mucosa and submucosa"
"TAAGTGACTCCTTGCG-1","Non-neoplastic colon"
"TAAGTGACTTCCATGT-1","Non-neoplastic colon"
"TAAGTGCCGATATTGT-1","Non-neoplastic colon"
"TAAGTGCTTCCTAATC-1","Non-neoplastic colon"
"TAAGTGGAGCCGGTGA-1","Non-neoplastic colon"
"TAAGTGGCTACCTCAC-1","Non-neoplastic colon"
"TAAGTTGTGCTATGGA-1","Non-neoplastic colon"
"TAATACAAGTACCTTC-1","Tumor stroma in mucosa and submucosa"
"TAATACAGCAGGCTTG-1","Non-neoplastic colon"
"TAATAGCCACGAACTA-1","Non-neoplastic colon"
"TAATAGCGAATGATGG-1","Non-neoplastic colon"
"TAATAGCGACATCATT-1","Non-neoplastic colon"
"TAATAGTGACTTAGTC-1","Tumor cells in mucosa and submucosa"
"TAATCCTTGAGCCTCG-1","Non-neoplastic colon"
"TAATCGACATGTGCAC-1","Non-neoplastic colon"
"TAATCTACATACTGTT-1","Non-neoplastic colon"
"TAATCTCCGCGAGTTC-1","Necrosis"
"TAATGTCAAGCGGACG-1","Tumor cells in mucosa and submucosa"
"TAATGTCACTTCCTAA-1","Non-neoplastic colon"
"TAATGTCGACTTGTGG-1","Necrosis"
"TAATGTTATGCGGCAA-1","Non-neoplastic colon"
"TAATGTTCGATCGCAG-1","Non-neoplastic colon"
"TAATTAACTCACTCTA-1","Non-neoplastic colon"
"TAATTAACTCCAGGAT-1","Non-neoplastic colon"
"TAATTAAGAAGGCTAT-1","Non-neoplastic colon"
"TAATTAAGTGACGTCC-1","Tumor cells in mucosa and submucosa"
"TAATTACCTCTAGACC-1","Non-neoplastic colon"
"TAATTACTATCACGTG-1","Tumor cells in mucosa and submucosa"
"TAATTACTCCTGAATA-1","Tumor stroma in mucosa and submucosa"
"TAATTAGCGGACTTGG-1","Tumor cells in mucosa and submucosa"
"TAATTAGGAGCACGCA-1","Non-neoplastic colon"
"TAATTAGGTGCAGAGC-1","Non-neoplastic colon"
"TAATTAGTGAGTTGAA-1","Tumor cells in muscularis propria"
"TAATTATCAAGAGCAT-1","Non-neoplastic colon"
"TAATTATCCAAGGATT-1","Non-neoplastic colon"
"TAATTATCGCGGTAAT-1","Non-neoplastic colon"
"TAATTATCGCTACTTC-1","Non-neoplastic colon"
"TAATTATCTTATCTCC-1","Tumor cells in muscularis propria"
"TAATTCCTACTCGCTT-1","Non-neoplastic colon"
"TAATTGAAGAACCATA-1","Tumor cells in mucosa and submucosa"
"TAATTGAAGATAGGTC-1","Non-neoplastic colon"
"TAATTGATAGGCCTTG-1","Non-neoplastic colon"
"TAATTGATGCGAGTCC-1","Tumor cells in muscularis propria"
"TAATTGCGCCGTGCAA-1","Non-neoplastic colon"
"TAATTGTCACGGCCTC-1","Tumor stroma in muscularis propria"
"TAATTGTCTACTGTTA-1","Tumor cells in mucosa and submucosa"
"TACAACAGATTGGATG-1","Tumor stroma in mucosa and submucosa"
"TACAACCTTCTAGATG-1","Tumor stroma in mucosa and submucosa"
"TACAACGAGCTCGGCA-1","Non-neoplastic colon"
"TACAACGCGAGTTGCG-1","Non-neoplastic colon"
"TACAAGACGCTGATTC-1","Tumor cells in mucosa and submucosa"
"TACAAGATTAGTGCAT-1","Non-neoplastic colon"
"TACAAGCAGTGAGCGA-1","Non-neoplastic colon"
"TACAAGCGGATCAGAC-1","Tumor stroma in muscularis propria"
"TACAAGCGGTATGTTC-1","Tumor stroma in muscularis propria"
"TACAAGCGTGTCGTAT-1","Tumor cells in mucosa and submucosa"
"TACAAGTCCAGAGCTG-1","Non-neoplastic colon"
"TACAAGTCCGCTAACG-1","Non-neoplastic colon"
"TACAAGTCTGAGATTA-1","Non-neoplastic colon"
"TACAAGTGGACTAGTT-1","Non-neoplastic colon"
"TACAAGTGGAGCTCGT-1","Non-neoplastic colon"
"TACAAGTGTCACTATT-1","Non-neoplastic colon"
"TACAAGTTAGTTCTAT-1","Non-neoplastic colon"
"TACAAGTTGCACGTCT-1","Non-neoplastic colon"
"TACAAGTTGTGAACAG-1","Tumor stroma in muscularis propria"
"TACAATCAGACGAAGC-1","Non-neoplastic colon"
"TACACCATGAGGCCAA-1","Non-neoplastic colon"
"TACACGCCGAACAGCG-1","Tumor stroma in mucosa and submucosa"
"TACACGCCGTATTCTG-1","Non-neoplastic colon"
"TACACTACATCTAGGA-1","Tumor cells in muscularis propria"
"TACACTACGAAGGATT-1","Non-neoplastic colon"
"TACACTAGAACAATTC-1","Tumor cells in mucosa and submucosa"
"TACACTAGCTGAACTG-1","Non-neoplastic colon"
"TACACTAGTGCGAGTT-1","Non-neoplastic colon"
"TACACTCAATCCACTT-1","Non-neoplastic colon"
"TACACTCACCTACTTC-1","Non-neoplastic colon"
"TACACTCACTGAAGAC-1","Non-neoplastic colon"
"TACACTCATGTTAGTC-1","Non-neoplastic colon"
"TACACTGACTTAGCTT-1","Tumor cells in mucosa and submucosa"
"TACACTGATTCTATAG-1","Tumor cells in mucosa and submucosa"
"TACACTGTAGCGTTGC-1","Tumor cells in mucosa and submucosa"
"TACACTGTGGCTGAAT-1","Tumor cells in muscularis propria"
"TACACTGTTCCGGTTG-1","Non-neoplastic colon"
"TACACTTAAGGTGGAT-1","Non-neoplastic colon"
"TACACTTACGTGATAC-1","Non-neoplastic colon"
"TACACTTCATTAACTC-1","Non-neoplastic colon"
"TACAGACCATAGCATT-1","Non-neoplastic colon"
"TACAGACCTTGACGGT-1","Non-neoplastic colon"
"TACAGATATCGTATGG-1","Non-neoplastic colon"
"TACAGATCAGTTGTAC-1","Non-neoplastic colon"
"TACAGCATGTAACGAT-1","Non-neoplastic colon"
"TACAGCCTCATTGGTG-1","Non-neoplastic colon"
"TACAGCCTCGATTGCA-1","Non-neoplastic colon"
"TACAGGTGGCTCATTG-1","Tumor cells in muscularis propria"
"TACATAATTCTTGCCT-1","Non-neoplastic colon"
"TACATACCAGTCTGTC-1","Non-neoplastic colon"
"TACATACGGCAACGAG-1","Non-neoplastic colon"
"TACATATGAGAATAAC-1","Non-neoplastic colon"
"TACATCACAGGAGCAC-1","Non-neoplastic colon"
"TACATCCAGACCTTGT-1","Non-neoplastic colon"
"TACATCGGAGAATGTA-1","Tumor stroma in mucosa and submucosa"
"TACATTAGACAAGCTT-1","Non-neoplastic colon"
"TACATTCGGTACATAC-1","Non-neoplastic colon"
"TACCAACACGAAGATG-1","Tumor cells in mucosa and submucosa"
"TACCAAGGAACAGAGG-1","Non-neoplastic colon"
"TACCACGATGACTGAC-1","Tumor cells in muscularis propria"
"TACCATCCTATTCGTA-1","Non-neoplastic colon"
"TACCATCGCCAAGTCG-1","Non-neoplastic colon"
"TACCATCGGTTGCTCG-1","Non-neoplastic colon"
"TACCATCGTCCTCAGC-1","Non-neoplastic colon"
"TACCATCTAATCGGCA-1","Non-neoplastic colon"
"TACCATGCACTACAGC-1","Non-neoplastic colon"
"TACCATGCCGGTATAA-1","Non-neoplastic colon"
"TACCATGGAATCTTCC-1","Non-neoplastic colon"
"TACCATGGACGGTTGG-1","Tumor cells in mucosa and submucosa"
"TACCATTACACGCAGA-1","Non-neoplastic colon"
"TACCATTATCAACTTC-1","Tumor cells in mucosa and submucosa"
"TACCATTATGACCAAT-1","Tumor stroma in muscularis propria"
"TACCATTGGCTAATCT-1","Non-neoplastic colon"
"TACCATTGTAACCGTG-1","Non-neoplastic colon"
"TACCGATATCTACACC-1","Tumor cells in mucosa and submucosa"
"TACCGCAGAATAAGTG-1","Non-neoplastic colon"
"TACCGCATACATCTGG-1","Tumor cells in mucosa and submucosa"
"TACCGCGAGTTGTAGA-1","Tumor cells in mucosa and submucosa"
"TACCGCGTCGGTTCTG-1","Non-neoplastic colon"
"TACCGCTTACCAGTCT-1","Non-neoplastic colon"
"TACCGGACAGCATAAT-1","Non-neoplastic colon"
"TACCGGACCATAGTAC-1","Non-neoplastic colon"
"TACCGGAGATTAATCC-1","Non-neoplastic colon"
"TACCGGATGGCCGCGT-1","Tumor cells in mucosa and submucosa"
"TACCGGCCGTAGATTC-1","Tumor cells in muscularis propria"
"TACCGGTTCAATGTGC-1","Tumor cells in muscularis propria"
"TACCGTAAGCCTTCAG-1","Non-neoplastic colon"
"TACCGTAATATGCATC-1","Non-neoplastic colon"
"TACCGTATCCAGCCTG-1","Tumor stroma in mucosa and submucosa"
"TACCGTCCTATGAAGT-1","Non-neoplastic colon"
"TACCGTCGTTGCAGTC-1","Non-neoplastic colon"
"TACCGTGAACCTAATC-1","Non-neoplastic colon"
"TACCGTGCAACTGTCA-1","Non-neoplastic colon"
"TACCGTGGCATGTATT-1","Tumor cells in mucosa and submucosa"
"TACCTACCGGCTCAAT-1","Non-neoplastic colon"
"TACCTATTGGCCGAGC-1","Non-neoplastic colon"
"TACCTCAAGAATTAGG-1","Non-neoplastic colon"
"TACCTCACAATTATCC-1","Non-neoplastic colon"
"TACCTCATCGCTGCTC-1","Tumor cells in mucosa and submucosa"
"TACCTCATGTCCAGTG-1","Non-neoplastic colon"
"TACCTCGATGAACTGC-1","Non-neoplastic colon"
"TACCTCGTAGGAACTT-1","Non-neoplastic colon"
"TACCTGAGTGAGTGCG-1","Non-neoplastic colon"
"TACCTGGCACGTAGAC-1","Non-neoplastic colon"
"TACCTGTAACGGCGCT-1","Tumor cells in mucosa and submucosa"
"TACCTGTAATCTAGGT-1","Tumor stroma in mucosa and submucosa"
"TACCTGTAGGAACACG-1","Non-neoplastic colon"
"TACGACCGGCCATCCT-1","Non-neoplastic colon"
"TACGACGCACGATGTT-1","Non-neoplastic colon"
"TACGACGCGAGGATCT-1","Non-neoplastic colon"
"TACGACGTGCTGGTAT-1","Non-neoplastic colon"
"TACGACGTTAGGTGGA-1","Non-neoplastic colon"
"TACGACGTTCCAAGGT-1","Non-neoplastic colon"
"TACGACTAACTGCTGA-1","Non-neoplastic colon"
"TACGACTAATGTAAGT-1","Tumor cells in mucosa and submucosa"
"TACGACTATGCGCATA-1","Tumor cells in mucosa and submucosa"
"TACGACTCTAGAGCAC-1","Non-neoplastic colon"
"TACGACTGGAGTTAGG-1","Tumor cells in mucosa and submucosa"
"TACGACTTAACGTCTA-1","Non-neoplastic colon"
"TACGACTTGAACGGAG-1","Tumor stroma in muscularis propria"
"TACGCAAGACAGCGCT-1","Tumor cells in mucosa and submucosa"
"TACGCAATAGGAGTTG-1","Non-neoplastic colon"
"TACGCAGAAGCCTGCA-1","Tumor stroma in muscularis propria"
"TACGCAGAGTTACGCC-1","Tumor cells in mucosa and submucosa"
"TACGCCGGCAGATTAA-1","Tumor cells in mucosa and submucosa"
"TACGCCTACCGTGGAA-1","Non-neoplastic colon"
"TACGCCTCGAGGCATC-1","Tumor cells in muscularis propria"
"TACGCTAATACCGTAT-1","Tumor cells in mucosa and submucosa"
"TACGCTCATGAAGAAT-1","Non-neoplastic colon"
"TACGCTCATTCGCTGA-1","Tumor stroma in muscularis propria"
"TACGCTGCGTGCTGTT-1","Non-neoplastic colon"
"TACGCTTACGTCCGAT-1","Non-neoplastic colon"
"TACGGAACCTGGTGTC-1","Non-neoplastic colon"
"TACGGAACGCGGAACC-1","Tumor cells in mucosa and submucosa"
"TACGGAATGTCCTGTT-1","Non-neoplastic colon"
"TACGGACACGCCACTC-1","Tumor cells in muscularis propria"
"TACGGACAGAACGCTA-1","Non-neoplastic colon"
"TACGGACCGTTATTCT-1","Tumor cells in muscularis propria"
"TACGGACCTAATTACG-1","Tumor cells in mucosa and submucosa"
"TACGGACCTGAGCGTG-1","Non-neoplastic colon"
"TACGGAGGCCATCTGA-1","Non-neoplastic colon"
"TACGGAGGTGCCGGAG-1","Tumor cells in muscularis propria"
"TACGGAGGTTGAGCGG-1","Non-neoplastic colon"
"TACGGAGTCTCGGTAC-1","Non-neoplastic colon"
"TACGGAGTCTGCTTCT-1","Non-neoplastic colon"
"TACGGAGTGCGGATAG-1","Tumor cells in mucosa and submucosa"
"TACGGATCACCACGGC-1","Tumor cells in muscularis propria"
"TACGGATCAGGCTGGT-1","Non-neoplastic colon"
"TACGGATTCACTAATG-1","Non-neoplastic colon"
"TACGGCGAACAGGTCG-1","Tumor cells in muscularis propria"
"TACGGTAGACATTCTA-1","Non-neoplastic colon"
"TACGGTAGGAACTGCT-1","Tumor cells in muscularis propria"
"TACGGTCAGTTCTTGA-1","Non-neoplastic colon"
"TACGGTGCTGAGTTCC-1","Non-neoplastic colon"
"TACGTAAGTAGATAAC-1","Non-neoplastic colon"
"TACGTAATCCGCTGGA-1","Tumor cells in mucosa and submucosa"
"TACGTAATTAGTGAGT-1","Tumor cells in mucosa and submucosa"
"TACGTACACCGTTCCT-1","Tumor cells in mucosa and submucosa"
"TACGTACAGCGACATC-1","Non-neoplastic colon"
"TACGTACAGTCCACCT-1","Tumor cells in muscularis propria"
"TACGTACATGACCAAC-1","Non-neoplastic colon"
"TACGTACATGCGTTGT-1","Non-neoplastic colon"
"TACGTACGATACAGGT-1","LVI"
"TACGTACGCCACATTG-1","Tumor cells in mucosa and submucosa"
"TACGTACTAATACTGG-1","Tumor cells in mucosa and submucosa"
"TACGTAGCCAGAATGG-1","Tumor cells in mucosa and submucosa"
"TACGTAGCGGTGGCGA-1","Tumor cells in mucosa and submucosa"
"TACGTAGCTCCGAGAT-1","Tumor cells in muscularis propria"
"TACGTAGCTTCTCGCC-1","Non-neoplastic colon"
"TACGTAGGTCAAGGAC-1","Non-neoplastic colon"
"TACGTATCCGTGAGCG-1","Tumor stroma in muscularis propria"
"TACGTATCGCGATCAG-1","Non-neoplastic colon"
"TACGTATCGGAACTCC-1","Tumor cells in mucosa and submucosa"
"TACGTATGCCACGACT-1","Tumor cells in mucosa and submucosa"
"TACGTGAGATAATGAC-1","Non-neoplastic colon"
"TACGTGAGGTTGGACA-1","Non-neoplastic colon"
"TACGTGCCGGCCGTCT-1","Tumor cells in mucosa and submucosa"
"TACGTGCGAACCTCTA-1","Tumor cells in muscularis propria"
"TACGTGCGAGTACACC-1","Non-neoplastic colon"
"TACGTGCGCATTAACG-1","Tumor cells in mucosa and submucosa"
"TACGTGGACCGTATTC-1","Non-neoplastic colon"
"TACGTTACAACCAAGT-1","Non-neoplastic colon"
"TACGTTATACTTAGCT-1","Non-neoplastic colon"
"TACGTTCCGACAGTGA-1","Tumor cells in mucosa and submucosa"
"TACGTTCCTTAACTTG-1","Tumor cells in mucosa and submucosa"
"TACGTTCGTCGAACTC-1","Tumor cells in mucosa and submucosa"
"TACGTTCTAAGGTGCG-1","Non-neoplastic colon"
"TACGTTCTGACAAGCT-1","Non-neoplastic colon"
"TACGTTGCTACACCGC-1","Tumor cells in mucosa and submucosa"
"TACTAAGGACAACGTC-1","Non-neoplastic colon"
"TACTAAGGTACGTACC-1","Non-neoplastic colon"
"TACTAGACAGTAATGC-1","Non-neoplastic colon"
"TACTAGACCGAGGCGA-1","Non-neoplastic colon"
"TACTAGACGATGTAAC-1","Non-neoplastic colon"
"TACTAGCTCGGAATCT-1","Non-neoplastic colon"
"TACTAGGATCTTGCCA-1","Tumor cells in mucosa and submucosa"
"TACTAGGCCGGTAAGC-1","Tumor cells in mucosa and submucosa"
"TACTAGGTAGATGCGT-1","Tumor cells in mucosa and submucosa"
"TACTAGGTCCGCGGCT-1","Tumor cells in mucosa and submucosa"
"TACTAGGTCTTGATCA-1","Tumor stroma in mucosa and submucosa"
"TACTAGGTGATAGACA-1","Non-neoplastic colon"
"TACTAGTAGGAAGTTG-1","Tumor cells in muscularis propria"
"TACTAGTAGGATCGGC-1","Non-neoplastic colon"
"TACTAGTCCTACGGTC-1","Non-neoplastic colon"
"TACTAGTGGAGTGGCG-1","Tumor cells in mucosa and submucosa"
"TACTCAACTATGCACC-1","Non-neoplastic colon"
"TACTCATATGTTACTG-1","Tumor cells in muscularis propria"
"TACTCCACCGCCGTGG-1","Non-neoplastic colon"
"TACTCCAGACTCATTG-1","Non-neoplastic colon"
"TACTCCGATCACGCAC-1","Tumor cells in mucosa and submucosa"
"TACTCCGCCACTCAGG-1","Non-neoplastic colon"
"TACTCCGCCAGCGAAT-1","Non-neoplastic colon"
"TACTCCGTGACAGTAG-1","Non-neoplastic colon"
"TACTCCGTTGCAGCCT-1","Non-neoplastic colon"
"TACTCCTGAGCCGCAC-1","Non-neoplastic colon"
"TACTCCTTGGAGGTCC-1","Non-neoplastic colon"
"TACTCCTTGTCCGACA-1","Non-neoplastic colon"
"TACTCGATCTTCCTTC-1","Non-neoplastic colon"
"TACTCGTGCTGTGCCT-1","Non-neoplastic colon"
"TACTCGTGTTCGTCTA-1","Non-neoplastic colon"
"TACTGGCAAGCGTATC-1","Non-neoplastic colon"
"TACTGGCATATTACCT-1","Non-neoplastic colon"
"TACTGTAACCGCCTAC-1","Non-neoplastic colon"
"TACTGTACCTTACTCG-1","Non-neoplastic colon"
"TACTGTCCTTATCGGC-1","Non-neoplastic colon"
"TACTGTTGCCTATCAT-1","Non-neoplastic colon"
"TACTTAACTTGCCTTC-1","Non-neoplastic colon"
"TACTTACACGCAGCTT-1","Non-neoplastic colon"
"TACTTAGACAACTCGC-1","Tumor cells in muscularis propria"
"TACTTAGATCATTACT-1","Non-neoplastic colon"
"TACTTCACTCCTTAGG-1","Non-neoplastic colon"
"TACTTCGCCGTGCGGA-1","Non-neoplastic colon"
"TAGAACCTATCTATTC-1","Tumor stroma in muscularis propria"
"TAGAACCTGTGCGGTG-1","Non-neoplastic colon"
"TAGAACCTGTTCACAT-1","Non-neoplastic colon"
"TAGAACTCTGAGTTGT-1","Tumor stroma in muscularis propria"
"TAGAAGGAGCTGGATG-1","Non-neoplastic colon"
"TAGAAGGTGGTCTGTA-1","Non-neoplastic colon"
"TAGAATCGGCTTGGCC-1","Tumor cells in muscularis propria"
"TAGAATTCCTGCAAGA-1","Non-neoplastic colon"
"TAGACAACTCATGCAG-1","Tumor cells in muscularis propria"
"TAGACAAGCGACCTGG-1","LVI"
"TAGACAATCACCTTAC-1","Non-neoplastic colon"
"TAGACAATCACTCCTT-1","Non-neoplastic colon"
"TAGACAATGGAACAAG-1","Tumor cells in muscularis propria"
"TAGACAGCCAGTTACG-1","Other"
"TAGACAGCGTGAGTGC-1","Tumor cells in muscularis propria"
"TAGACAGGAATGAGGA-1","Non-neoplastic colon"
"TAGACAGGCCTATCCT-1","Non-neoplastic colon"
"TAGACATAATCGGTGG-1","Non-neoplastic colon"
"TAGACATACCAAGTAA-1","Non-neoplastic colon"
"TAGACATATGTACCTT-1","Non-neoplastic colon"
"TAGACATGCCGAAGGC-1","Non-neoplastic colon"
"TAGACATGCTAGTGAA-1","Non-neoplastic colon"
"TAGACATTCCATACAT-1","Non-neoplastic colon"
"TAGACCGACTTATGCG-1","Non-neoplastic colon"
"TAGACCGCTCGCTATG-1","Non-neoplastic colon"
"TAGACCGTTCATCTAT-1","Tumor cells in mucosa and submucosa"
"TAGACCTAGCCACTTA-1","Non-neoplastic colon"
"TAGACGGAAGCGAATA-1","Non-neoplastic colon"
"TAGACGGACTCAATGG-1","Non-neoplastic colon"
"TAGACGTACGACATGT-1","Tumor cells in muscularis propria"
"TAGAGCGATGGCGGTG-1","Non-neoplastic colon"
"TAGAGGCCGGCTAGTG-1","Tumor cells in muscularis propria"
"TAGAGTACGCCAATCC-1","Tumor cells in mucosa and submucosa"
"TAGAGTACGTGCCGAG-1","Tumor stroma in mucosa and submucosa"
"TAGAGTGGCGCTATAG-1","Non-neoplastic colon"
"TAGAGTTAATGACAAT-1","Non-neoplastic colon"
"TAGAGTTGATGGTGCG-1","Tumor cells in mucosa and submucosa"
"TAGAGTTGGTCTAATT-1","Non-neoplastic colon"
"TAGATGAGGTGATAGA-1","Non-neoplastic colon"
"TAGATGCGTCAGCACT-1","Tumor stroma in muscularis propria"
"TAGATGCTCAGACTTA-1","Non-neoplastic colon"
"TAGATGCTCCGCGACA-1","Non-neoplastic colon"
"TAGATGCTGATGGAGC-1","Non-neoplastic colon"
"TAGATGGCAGTTGATC-1","Non-neoplastic colon"
"TAGATGGCTAGACTGC-1","Tumor cells in mucosa and submucosa"
"TAGATGGTCGGAGGCG-1","Non-neoplastic colon"
"TAGATGTCACAATGAG-1","Non-neoplastic colon"
"TAGATGTCCTACGCCG-1","Non-neoplastic colon"
"TAGATGTTCTACTTAT-1","Non-neoplastic colon"
"TAGATGTTCTATCAGG-1","Non-neoplastic colon"
"TAGATGTTGAGCGTGG-1","Non-neoplastic colon"
"TAGCAAGATTACAGGA-1","Tumor stroma in muscularis propria"
"TAGCACCGGAGCTTGT-1","Non-neoplastic colon"
"TAGCACGGCTAGCTCG-1","Non-neoplastic colon"
"TAGCAGCGACTAGATC-1","Non-neoplastic colon"
"TAGCAGCGAGTGTAGG-1","Tumor cells in muscularis propria"
"TAGCAGGCATAATTGA-1","Tumor cells in muscularis propria"
"TAGCAGGTGGAGCATC-1","Tumor cells in mucosa and submucosa"
"TAGCAGTATTAATTCT-1","Non-neoplastic colon"
"TAGCAGTGCCGACCAT-1","Non-neoplastic colon"
"TAGCATGTCATTAATT-1","Non-neoplastic colon"
"TAGCATGTCTGTTCAG-1","Non-neoplastic colon"
"TAGCATGTGATACGTA-1","Non-neoplastic colon"
"TAGCCAGTATTGCTTC-1","Tumor cells in muscularis propria"
"TAGCCGAAGCTCGTCA-1","Tumor cells in mucosa and submucosa"
"TAGCCGACCAGCCGAG-1","Non-neoplastic colon"
"TAGCCGCATCACAGTT-1","Non-neoplastic colon"
"TAGCCGCATTCTACTG-1","Tumor cells in mucosa and submucosa"
"TAGCCGTCGCCACTGT-1","Non-neoplastic colon"
"TAGCGTAACTATACGG-1","Tumor cells in mucosa and submucosa"
"TAGCGTAAGCGTCCTA-1","Tumor cells in mucosa and submucosa"
"TAGCGTAGACGGATCA-1","Tumor cells in mucosa and submucosa"
"TAGCGTAGCTGACTCC-1","Non-neoplastic colon"
"TAGCGTAGGCCGGCAC-1","Non-neoplastic colon"
"TAGCGTATCGGATCCA-1","Tumor cells in muscularis propria"
"TAGCGTATCTACGGTA-1","Tumor stroma in muscularis propria"
"TAGCGTATGGTTGGCT-1","Tumor cells in mucosa and submucosa"
"TAGCGTATTACTTCAC-1","Non-neoplastic colon"
"TAGCGTCTACGCCATG-1","Non-neoplastic colon"
"TAGCGTCTGACCATAC-1","Tumor cells in muscularis propria"
"TAGCGTCTGCAGACGC-1","Non-neoplastic colon"
"TAGCGTCTGTGATGTC-1","Tumor cells in mucosa and submucosa"
"TAGCGTGCTTACCGGT-1","Non-neoplastic colon"
"TAGCGTGCTTCGATCA-1","Non-neoplastic colon"
"TAGCGTGGAACGAAGC-1","Tumor cells in mucosa and submucosa"
"TAGCGTGGCGGATAGG-1","Non-neoplastic colon"
"TAGCGTTAATGAGGCC-1","Tumor cells in muscularis propria"
"TAGCGTTATCATCCGT-1","Non-neoplastic colon"
"TAGCTAAGTCCTGCTT-1","Non-neoplastic colon"
"TAGCTAAGTCTGCAAC-1","Tumor cells in mucosa and submucosa"
"TAGCTAATCCGGCAGT-1","Non-neoplastic colon"
"TAGCTACCAGGCGATT-1","Non-neoplastic colon"
"TAGCTACGACCGACCT-1","Non-neoplastic colon"
"TAGCTACGCTGACAAT-1","Non-neoplastic colon"
"TAGCTACGGCTGGATT-1","Tumor cells in mucosa and submucosa"
"TAGCTACTCACGGTAT-1","Non-neoplastic colon"
"TAGCTAGTCCTTCATG-1","Non-neoplastic colon"
"TAGCTATGCTTATCGT-1","Non-neoplastic colon"
"TAGCTATGGTCATAAG-1","Non-neoplastic colon"
"TAGCTCGCTCGATCCA-1","Tumor cells in muscularis propria"
"TAGCTCGCTTACATGG-1","Non-neoplastic colon"
"TAGCTTACAGCGCAGC-1","Tumor stroma in muscularis propria"
"TAGCTTCATTCGGCAA-1","Tumor cells in mucosa and submucosa"
"TAGCTTCTATGTAATT-1","Tumor cells in mucosa and submucosa"
"TAGGAACCAAGAGCAA-1","Non-neoplastic colon"
"TAGGAACCGCCTGTAT-1","Tumor stroma in muscularis propria"
"TAGGAAGAATTGGAAG-1","Tumor cells in mucosa and submucosa"
"TAGGAAGACAGTTATT-1","Tumor stroma in mucosa and submucosa"
"TAGGAAGACGGCGAGC-1","Tumor cells in mucosa and submucosa"
"TAGGAAGAGCCATACG-1","Non-neoplastic colon"
"TAGGAATTAAGTTCGG-1","Tumor cells in mucosa and submucosa"
"TAGGACAGCATATGGA-1","Non-neoplastic colon"
"TAGGACAGGTACGCAA-1","Non-neoplastic colon"
"TAGGACCATCCGTTGC-1","Non-neoplastic colon"
"TAGGACCGAGTAAGAT-1","Non-neoplastic colon"
"TAGGACCGCTGATCGT-1","Tumor stroma in muscularis propria"
"TAGGACCGCTTCTGCC-1","Non-neoplastic colon"
"TAGGACCTAGTCACTC-1","Non-neoplastic colon"
"TAGGACCTATCATGGC-1","Non-neoplastic colon"
"TAGGACGGAGACCTGT-1","Non-neoplastic colon"
"TAGGACGGTGCGCAGG-1","Non-neoplastic colon"
"TAGGACTAGCGACCGG-1","Non-neoplastic colon"
"TAGGAGCAAGTCTTCA-1","Non-neoplastic colon"
"TAGGAGCCGCACATCC-1","Tumor stroma in muscularis propria"
"TAGGAGTTCGACTCGC-1","Non-neoplastic colon"
"TAGGATGCCTTCTAAG-1","Non-neoplastic colon"
"TAGGATGCTGAGGCAT-1","Tumor stroma in mucosa and submucosa"
"TAGGATGGAATGTCGC-1","Non-neoplastic colon"
"TAGGATGTCGATAGGC-1","Non-neoplastic colon"
"TAGGATTATCGGTCAC-1","Tumor cells in muscularis propria"
"TAGGATTCTAGTGGTT-1","Tumor cells in mucosa and submucosa"
"TAGGATTCTGCTATCC-1","Tumor cells in mucosa and submucosa"
"TAGGCACCAAGCTTGT-1","Tumor stroma in mucosa and submucosa"
"TAGGCACCAGTGTCCG-1","Non-neoplastic colon"
"TAGGCACGAGGTGCCA-1","Tumor cells in muscularis propria"
"TAGGCACGTAAGGACA-1","Non-neoplastic colon"
"TAGGCACTCGCCGGCA-1","Non-neoplastic colon"
"TAGGCAGAGTTCAGAT-1","Tumor cells in mucosa and submucosa"
"TAGGCAGATTCATCAA-1","Non-neoplastic colon"
"TAGGCAGATTCCAAGG-1","Non-neoplastic colon"
"TAGGCAGCACCGCAGC-1","Tumor cells in muscularis propria"
"TAGGCAGGCGTCTGAG-1","Non-neoplastic colon"
"TAGGCATCACTTCCTG-1","Tumor cells in mucosa and submucosa"
"TAGGCGATGCACCAGC-1","Non-neoplastic colon"
"TAGGCGCATTCCGTCA-1","Non-neoplastic colon"
"TAGGCTAGACATTACG-1","Non-neoplastic colon"
"TAGGCTCGTCTACACG-1","Tumor cells in muscularis propria"
"TAGGCTGACGCCTTAA-1","Non-neoplastic colon"
"TAGGCTGTCTTAAGAA-1","Tumor stroma in muscularis propria"
"TAGGCTGTGGCTTCAC-1","Non-neoplastic colon"
"TAGGCTTCACCGATGT-1","Non-neoplastic colon"
"TAGGTACATGGATATG-1","Non-neoplastic colon"
"TAGGTCACTTAGTAGC-1","Tumor cells in mucosa and submucosa"
"TAGGTCATCCTTCGCA-1","Non-neoplastic colon"
"TAGGTCCGAACGGCGA-1","Tumor stroma in mucosa and submucosa"
"TAGGTCCGAGGACCAC-1","Non-neoplastic colon"
"TAGGTCCGGTATCAAT-1","Non-neoplastic colon"
"TAGGTCCTACATGACA-1","Non-neoplastic colon"
"TAGGTCGACAATGAAT-1","Non-neoplastic colon"
"TAGGTCTGAACGTTCC-1","Tumor cells in mucosa and submucosa"
"TAGGTCTTATCGCCAC-1","Non-neoplastic colon"
"TAGGTGAACTATCGTC-1","Non-neoplastic colon"
"TAGGTTGCGGATACTA-1","Tumor cells in mucosa and submucosa"
"TAGTATAACTCAACGT-1","Tumor cells in muscularis propria"
"TAGTATAGCTGCTTCA-1","Non-neoplastic colon"
"TAGTATCACCTCACAT-1","Non-neoplastic colon"
"TAGTATCATTAAGGTG-1","Non-neoplastic colon"
"TAGTATCCATTATGCC-1","Non-neoplastic colon"
"TAGTATCCGTGCACCA-1","Non-neoplastic colon"
"TAGTATCGAGCCGATG-1","Non-neoplastic colon"
"TAGTATCGCATGAGGA-1","Non-neoplastic colon"
"TAGTATCTGGTAACTT-1","Non-neoplastic colon"
"TAGTATGATTAGACTC-1","Non-neoplastic colon"
"TAGTATTAGTCCTATT-1","Tumor cells in mucosa and submucosa"
"TAGTATTGGACCAACA-1","Non-neoplastic colon"
"TAGTCGCTCCATTGTC-1","LVI"
"TAGTCTGAGCTCGGAC-1","Tumor stroma in muscularis propria"
"TAGTGAACTCAGGTCT-1","Non-neoplastic colon"
"TAGTGAATAGGACAGA-1","Non-neoplastic colon"
"TAGTGAATCTCATCAA-1","Tumor cells in mucosa and submucosa"
"TAGTGAATCTCCATCT-1","Tumor cells in mucosa and submucosa"
"TAGTGAATGCTATTGG-1","Non-neoplastic colon"
"TAGTGAATGGAGTCGC-1","Non-neoplastic colon"
"TAGTGAATTCGCCGAG-1","Non-neoplastic colon"
"TAGTGACCAATCCGGT-1","Non-neoplastic colon"
"TAGTGACCATGATCCA-1","Non-neoplastic colon"
"TAGTGACCTGCAGACA-1","Non-neoplastic colon"
"TAGTGACTATCGTCGG-1","Non-neoplastic colon"
"TAGTGACTCCGAAGGA-1","Necrosis"
"TAGTGACTGAAGCGAG-1","Tumor stroma in muscularis propria"
"TAGTGAGGAATACTTA-1","Non-neoplastic colon"
"TAGTGAGGTATGTTGG-1","Tumor cells in mucosa and submucosa"
"TAGTGATAGTCTACTC-1","Non-neoplastic colon"
"TAGTGATAGTTCCTCA-1","Non-neoplastic colon"
"TAGTGATCACATTAAG-1","Non-neoplastic colon"
"TAGTGATCCGACGTAC-1","Non-neoplastic colon"
"TAGTGATCGAGTCGAC-1","Tumor cells in mucosa and submucosa"
"TAGTGATCGGAATCAA-1","Non-neoplastic colon"
"TAGTGATGCACTTGTC-1","Non-neoplastic colon"
"TAGTGATGTCAGAAGG-1","Non-neoplastic colon"
"TAGTGATTACCTCGCT-1","Tumor cells in mucosa and submucosa"
"TAGTGCAGATCACCGT-1","Non-neoplastic colon"
"TAGTGCCAATGTGGAT-1","Non-neoplastic colon"
"TAGTGCCACGGCGACC-1","Non-neoplastic colon"
"TAGTGCCATTCCGCTC-1","Tumor cells in muscularis propria"
"TAGTGCCTTGGTTATC-1","Non-neoplastic colon"
"TAGTGCGGTCAGACAT-1","Non-neoplastic colon"
"TAGTGCTCGACCAGGC-1","Non-neoplastic colon"
"TAGTGCTCGCTCCGAG-1","Non-neoplastic colon"
"TAGTGCTCTTCAGTGA-1","Non-neoplastic colon"
"TAGTGCTTCATTCTAC-1","Non-neoplastic colon"
"TAGTTCAAGCCTCGTA-1","Non-neoplastic colon"
"TAGTTCACAGTATGAC-1","Non-neoplastic colon"
"TAGTTCACATGTCGCT-1","Non-neoplastic colon"
"TAGTTCACCTAGCTCA-1","Non-neoplastic colon"
"TAGTTCACGCCAACTG-1","Non-neoplastic colon"
"TAGTTCACTTGCTCTT-1","Non-neoplastic colon"
"TAGTTCCAATCTCCAG-1","Non-neoplastic colon"
"TAGTTCCACGCAAGTA-1","Non-neoplastic colon"
"TAGTTCCACGTGTTCC-1","Non-neoplastic colon"
"TAGTTCCAGAATCGCT-1","Non-neoplastic colon"
"TAGTTCCATACTGTCC-1","Non-neoplastic colon"
"TAGTTCCGACCATTGG-1","Non-neoplastic colon"
"TAGTTCGACGCATACT-1","Non-neoplastic colon"
"TAGTTCGATATGTCGC-1","Non-neoplastic colon"
"TAGTTCGATGAGACCG-1","Non-neoplastic colon"
"TAGTTCGTACAAGCTC-1","Tumor stroma in muscularis propria"
"TAGTTCGTGACAATGC-1","Non-neoplastic colon"
"TAGTTCTGATGTAGGC-1","Tumor cells in mucosa and submucosa"
"TAGTTCTGCAGCGGCT-1","Non-neoplastic colon"
"TAGTTCTGTAGAACAA-1","Tumor cells in mucosa and submucosa"
"TAGTTCTTCCGGCCAA-1","Non-neoplastic colon"
"TAGTTCTTGTATTCTG-1","Non-neoplastic colon"
"TAGTTGAGAATTCCGG-1","Non-neoplastic colon"
"TAGTTGAGCGTACAGT-1","Non-neoplastic colon"
"TAGTTGCAAGACTAGA-1","Non-neoplastic colon"
"TAGTTGCCTAGTTCTG-1","Non-neoplastic colon"
"TAGTTGTCGATACCGA-1","Non-neoplastic colon"
"TATCAAGCGGTAGGCG-1","Non-neoplastic colon"
"TATCAAGCTCACATAC-1","Non-neoplastic colon"
"TATCAAGGTAAGTTGA-1","Tumor stroma in mucosa and submucosa"
"TATCAAGGTTGCCAAT-1","Non-neoplastic colon"
"TATCAATAGAACGCTT-1","Tumor cells in muscularis propria"
"TATCAATCTGTTAAGG-1","Non-neoplastic colon"
"TATCAATGTAGACAGA-1","Non-neoplastic colon"
"TATCACAATTATCCAA-1","Tumor stroma in mucosa and submucosa"
"TATCACATACAACGTA-1","Tumor cells in mucosa and submucosa"
"TATCACATTACAAGAA-1","Non-neoplastic colon"
"TATCACCATAGATAAC-1","Tumor stroma in mucosa and submucosa"
"TATCACCGACCGGTCT-1","Non-neoplastic colon"
"TATCACCGAGGCTTAA-1","Tumor stroma in muscularis propria"
"TATCACCGGTCTCCGC-1","Non-neoplastic colon"
"TATCACGAAGCAGTCG-1","Non-neoplastic colon"
"TATCACGAATAATCCA-1","Non-neoplastic colon"
"TATCACGTAATGCTTG-1","Non-neoplastic colon"
"TATCACTTCGTCCTCG-1","Non-neoplastic colon"
"TATCAGAATTAAGTGA-1","Tumor cells in muscularis propria"
"TATCAGCTTACTAATG-1","Tumor cells in mucosa and submucosa"
"TATCAGGAACGGTGTC-1","Non-neoplastic colon"
"TATCAGGAGCACTCAT-1","Non-neoplastic colon"
"TATCAGGTATTAGAAG-1","Tumor cells in muscularis propria"
"TATCAGTCTAGGTGCG-1","Non-neoplastic colon"
"TATCATACATGTGATT-1","Tumor stroma in mucosa and submucosa"
"TATCATACGTAGAATC-1","Non-neoplastic colon"
"TATCATACTGTACGTG-1","Tumor stroma in muscularis propria"
"TATCATAGCCAGCGGT-1","Tumor cells in mucosa and submucosa"
"TATCATCTAGCGGTTC-1","Non-neoplastic colon"
"TATCATCTTGGAACCA-1","Non-neoplastic colon"
"TATCATGACAGTGGCA-1","Non-neoplastic colon"
"TATCCATCTATCACTT-1","Non-neoplastic colon"
"TATCCGCTCATTAGTC-1","Non-neoplastic colon"
"TATCCGGCCTTATTGT-1","Tumor cells in muscularis propria"
"TATCCGGTGGTAAGTG-1","Tumor cells in mucosa and submucosa"
"TATCCGGTTAGGCGGA-1","Non-neoplastic colon"
"TATCCGTGTCAATCCT-1","Non-neoplastic colon"
"TATCCTAAGCATGGTA-1","Tumor stroma in mucosa and submucosa"
"TATCCTACCGCTGTGA-1","Non-neoplastic colon"
"TATCCTATAGCCAAGC-1","Non-neoplastic colon"
"TATCCTATTACTATCA-1","Non-neoplastic colon"
"TATCCTCGAGATTCTT-1","Non-neoplastic colon"
"TATCCTGCCACGGATG-1","Tumor cells in mucosa and submucosa"
"TATCCTGCCGTCTGCA-1","Tumor cells in mucosa and submucosa"
"TATCCTGGTGTTAACT-1","Tumor cells in muscularis propria"
"TATCCTTAAGCGTTGT-1","Non-neoplastic colon"
"TATCCTTATTACCGTT-1","Non-neoplastic colon"
"TATCGCACGGATGATA-1","Tumor cells in mucosa and submucosa"
"TATCGTTCACTAATTA-1","Non-neoplastic colon"
"TATCTAACAAGTTCTG-1","Tumor cells in mucosa and submucosa"
"TATCTAACGCGTATAC-1","Tumor cells in mucosa and submucosa"
"TATCTAACTGCATTAT-1","Tumor cells in mucosa and submucosa"
"TATCTAATCATTCCAA-1","Non-neoplastic colon"
"TATCTAATCTCGAGAC-1","Non-neoplastic colon"
"TATCTACAACCTCAGT-1","Tumor cells in mucosa and submucosa"
"TATCTACAAGAATACT-1","Non-neoplastic colon"
"TATCTACAGGAGCCAA-1","Other"
"TATCTACATTCAGATT-1","Non-neoplastic colon"
"TATCTACCACTAAGCT-1","Non-neoplastic colon"
"TATCTACCAGTTACAA-1","Non-neoplastic colon"
"TATCTACCGAGCAAGA-1","Non-neoplastic colon"
"TATCTACCGTAAGCAC-1","Non-neoplastic colon"
"TATCTAGGAACCGTTC-1","Non-neoplastic colon"
"TATCTAGGCATACTCA-1","Tumor cells in muscularis propria"
"TATCTAGTATACGCGG-1","Non-neoplastic colon"
"TATCTAGTCTGTCCTT-1","Tumor cells in mucosa and submucosa"
"TATCTAGTGGCGCAAC-1","Non-neoplastic colon"
"TATCTGAGTAGATAGG-1","Non-neoplastic colon"
"TATCTGCTACTCTACT-1","Non-neoplastic colon"
"TATCTTATAGTAGAGT-1","Tumor cells in muscularis propria"
"TATGAAGTTGAGCGAA-1","Non-neoplastic colon"
"TATGACAACCGATTAA-1","Tumor cells in mucosa and submucosa"
"TATGACAATAGCCTAC-1","Non-neoplastic colon"
"TATGACAATATGCGCA-1","Tumor stroma in muscularis propria"
"TATGACAGCGACTCTA-1","Non-neoplastic colon"
"TATGACCTACGCTCGC-1","Non-neoplastic colon"
"TATGACGAGTTCATTC-1","Tumor stroma in muscularis propria"
"TATGACGCTCAGACCG-1","Non-neoplastic colon"
"TATGACGGAACATATC-1","Non-neoplastic colon"
"TATGACGGAGGCACGA-1","Tumor cells in muscularis propria"
"TATGACTCTTATGGAC-1","Non-neoplastic colon"
"TATGACTTCATCAATC-1","Non-neoplastic colon"
"TATGACTTGCTGTCAA-1","Non-neoplastic colon"
"TATGAGACAGCTGGAT-1","Non-neoplastic colon"
"TATGAGACGCCGATAG-1","Non-neoplastic colon"
"TATGCAATTCCATCAC-1","Non-neoplastic colon"
"TATGCAGACTACCACT-1","Tumor stroma in mucosa and submucosa"
"TATGCATTATAAGAGG-1","Non-neoplastic colon"
"TATGCCACAGGAGTGA-1","Non-neoplastic colon"
"TATGCCTGATGCAAGC-1","Non-neoplastic colon"
"TATGCGAGTATCCTTC-1","Non-neoplastic colon"
"TATGCGCCTTGATGTT-1","Non-neoplastic colon"
"TATGCGTACATCTTGT-1","Tumor cells in subserosa"
"TATGCGTGTCTTAGCG-1","Tumor cells in muscularis propria"
"TATGCTAAGCTCGGCG-1","Non-neoplastic colon"
"TATGCTAATGCTAGCC-1","Tumor cells in mucosa and submucosa"
"TATGCTAGAACACCGC-1","Non-neoplastic colon"
"TATGCTGTCCGCTAGG-1","Tumor cells in muscularis propria"
"TATGCTGTCGGTGATA-1","Tumor cells in mucosa and submucosa"
"TATGGAAGATGCATGT-1","Non-neoplastic colon"
"TATGGAATCGCATTAG-1","Tumor cells in mucosa and submucosa"
"TATGGATATTAGTGCG-1","Non-neoplastic colon"
"TATGGCCAATTAGAAT-1","Non-neoplastic colon"
"TATGGCCTAGCGGCTA-1","Non-neoplastic colon"
"TATGGCGTCCTCAGAT-1","Non-neoplastic colon"
"TATGGCGTTCGTCCTC-1","Tumor cells in mucosa and submucosa"
"TATGGCGTTGTAACCT-1","Non-neoplastic colon"
"TATGGTGCATACTTGC-1","Non-neoplastic colon"
"TATGTACAATCAACGG-1","Non-neoplastic colon"
"TATGTACTATGCGTGA-1","Non-neoplastic colon"
"TATGTCCAACCGTCCT-1","Non-neoplastic colon"
"TATGTCCACGCTATAG-1","Tumor cells in mucosa and submucosa"
"TATGTCCAGGAACGGC-1","Non-neoplastic colon"
"TATGTCCATACACTAA-1","Non-neoplastic colon"
"TATGTCGCGTCTAGGC-1","Non-neoplastic colon"
"TATGTCGGAATATGCG-1","Non-neoplastic colon"
"TATGTCGGCGGATGGA-1","Non-neoplastic colon"
"TATGTCGGCGTCATCT-1","Non-neoplastic colon"
"TATGTCGTAAGGAGCT-1","Non-neoplastic colon"
"TATGTCGTCATTAACA-1","Tumor cells in mucosa and submucosa"
"TATGTCTATTCTTGTC-1","Non-neoplastic colon"
"TATGTTAAGGCTGTTG-1","Non-neoplastic colon"
"TATGTTAGTAAGGCTG-1","Tumor cells in muscularis propria"
"TATGTTAGTGGAACGG-1","Non-neoplastic colon"
"TATGTTATGTACATGA-1","Tumor stroma in mucosa and submucosa"
"TATGTTATGTCTAGTT-1","Non-neoplastic colon"
"TATGTTCCTTACAGTT-1","Tumor cells in mucosa and submucosa"
"TATGTTGATATTAGGA-1","Tumor cells in mucosa and submucosa"
"TATGTTGCAGGTCCAC-1","Non-neoplastic colon"
"TATGTTGCCTCCAATC-1","Tumor stroma in mucosa and submucosa"
"TATGTTGGACTCAGCA-1","Non-neoplastic colon"
"TATGTTGGCACGTGTA-1","Non-neoplastic colon"
"TATGTTGGCTGGCTGA-1","Non-neoplastic colon"
"TATGTTGGTTCCTCTG-1","Non-neoplastic colon"
"TATTAACAGCCGGCGT-1","Non-neoplastic colon"
"TATTAACGCTGTTCAT-1","Non-neoplastic colon"
"TATTAACTCCATAGTA-1","Tumor stroma in muscularis propria"
"TATTAATACCGACTGT-1","Tumor cells in mucosa and submucosa"
"TATTAATATCCGCATC-1","Tumor cells in mucosa and submucosa"
"TATTAATCCGCAATCT-1","Non-neoplastic colon"
"TATTAATTCTGCACTT-1","Tumor cells in muscularis propria"
"TATTACCTATGGAATT-1","Non-neoplastic colon"
"TATTACGACCGATAGC-1","Non-neoplastic colon"
"TATTACTGGAGTAGTC-1","Non-neoplastic colon"
"TATTAGCGCATAGACC-1","Tumor stroma in muscularis propria"
"TATTAGGTACGGCGAT-1","Non-neoplastic colon"
"TATTCAAGGTAGAATA-1","Non-neoplastic colon"
"TATTCAGAGCCAGGTT-1","Non-neoplastic colon"
"TATTCAGTCTTGTCAG-1","Non-neoplastic colon"
"TATTCATAAGGACGCA-1","Tumor cells in muscularis propria"
"TATTCCACCGCAGCAC-1","Non-neoplastic colon"
"TATTCCATACGCAAGT-1","Tumor stroma in muscularis propria"
"TATTCCATAGCTGTTA-1","Non-neoplastic colon"
"TATTCCATCCTGGCTA-1","Tumor cells in mucosa and submucosa"
"TATTCCGACTTCATGT-1","Non-neoplastic colon"
"TATTCCGGACTTACAG-1","Tumor cells in muscularis propria"
"TATTCCGGTATTCGGT-1","Non-neoplastic colon"
"TATTCCGTTCGATACG-1","Non-neoplastic colon"
"TATTCCTAGGTCCGAC-1","Non-neoplastic colon"
"TATTCCTTCGGCTGAG-1","Non-neoplastic colon"
"TATTCGAAGCACGAGG-1","Non-neoplastic colon"
"TATTCGACCTAGACAT-1","Tumor stroma in muscularis propria"
"TATTCGAGCTTATTCA-1","Non-neoplastic colon"
"TATTCGAGCTTCGAAG-1","Non-neoplastic colon"
"TATTCGATAGAACTGC-1","Non-neoplastic colon"
"TATTCGATTCGTCACC-1","Non-neoplastic colon"
"TATTCGCAAGACAGAA-1","Non-neoplastic colon"
"TATTCGGAACAATTCA-1","Non-neoplastic colon"
"TATTCGGTAGGCATCG-1","Non-neoplastic colon"
"TATTCGTCCTTAAGTA-1","Non-neoplastic colon"
"TATTCGTGAGTGCGTT-1","Non-neoplastic colon"
"TATTCTAAGGAAGCTT-1","Non-neoplastic colon"
"TATTCTAGATCGTGGT-1","Non-neoplastic colon"
"TATTCTATCTATGTTG-1","Tumor stroma in muscularis propria"
"TATTCTCAATCCGGAT-1","Non-neoplastic colon"
"TATTCTCGTGAGCAAT-1","Non-neoplastic colon"
"TATTCTCGTGGCCTTC-1","Non-neoplastic colon"
"TATTCTTGCACGTTCC-1","Non-neoplastic colon"
"TATTCTTGCTTCCGGC-1","Tumor cells in mucosa and submucosa"
"TATTCTTGCTTGATAG-1","Non-neoplastic colon"
"TATTGAAGATGTAGTG-1","Non-neoplastic colon"
"TATTGAATCTCACGCC-1","Non-neoplastic colon"
"TATTGACGAGGATTGT-1","Tumor cells in muscularis propria"
"TATTGACTACAAGAAC-1","Tumor cells in muscularis propria"
"TATTGACTATAACCTA-1","Tumor cells in mucosa and submucosa"
"TATTGAGCACAGTGGT-1","Non-neoplastic colon"
"TATTGAGCCAATGGAC-1","Non-neoplastic colon"
"TATTGAGCCATTAATT-1","Tumor cells in mucosa and submucosa"
"TATTGAGCGATCAGCA-1","Non-neoplastic colon"
"TATTGAGCTACCTAAC-1","Non-neoplastic colon"
"TATTGATTCGGTGAAC-1","Non-neoplastic colon"
"TATTGATTGATGGCGA-1","Non-neoplastic colon"
"TATTGGTATCGCCTGC-1","Tumor cells in mucosa and submucosa"
"TATTGTAACGCCATGT-1","Non-neoplastic colon"
"TATTGTATGTGAACAA-1","Non-neoplastic colon"
"TATTGTCAGGTAGTAA-1","Non-neoplastic colon"
"TATTGTCTATAGTATC-1","Non-neoplastic colon"
"TATTGTCTGCCACGTA-1","Non-neoplastic colon"
"TATTGTGGCAAGTGCG-1","Non-neoplastic colon"
"TATTGTTAACGATAAG-1","Non-neoplastic colon"
"TCAACATCCAAGTCTT-1","Non-neoplastic colon"
"TCAACATCGATTAACA-1","Non-neoplastic colon"
"TCAACCAGAATCCTGA-1","Tumor cells in mucosa and submucosa"
"TCAACCAGTGAGGACG-1","Non-neoplastic colon"
"TCAACCATAGCAGACA-1","Non-neoplastic colon"
"TCAACCGGCTTCTAGG-1","Non-neoplastic colon"
"TCAACCTGTTGGAGCC-1","Tumor stroma in muscularis propria"
"TCAACGAGCACCAACA-1","Non-neoplastic colon"
"TCAACGGTCTATGATT-1","Non-neoplastic colon"
"TCAAGATCCGTGGTAG-1","Non-neoplastic colon"
"TCAAGCATGTCATCCT-1","Non-neoplastic colon"
"TCAAGCATTCGATACC-1","Non-neoplastic colon"
"TCAAGCGTCCGGCATA-1","Tumor stroma in muscularis propria"
"TCAAGGACCATCGCTC-1","Tumor cells in muscularis propria"
"TCAAGGACGCTCCACT-1","Tumor cells in mucosa and submucosa"
"TCAAGGACGGTAATCA-1","Non-neoplastic colon"
"TCAAGGACGTATCTCC-1","Non-neoplastic colon"
"TCAAGGACTCACGGTT-1","Non-neoplastic colon"
"TCAAGGACTCAGTTCA-1","Tumor cells in muscularis propria"
"TCAAGGAGATACTCAA-1","Non-neoplastic colon"
"TCAAGGAGGCGTTACG-1","Non-neoplastic colon"
"TCAAGGAGTATCTAAG-1","Tumor cells in muscularis propria"
"TCAAGGAGTGTAGATC-1","Non-neoplastic colon"
"TCAAGGCACTGTAGGT-1","Non-neoplastic colon"
"TCAAGGCATAATGCTC-1","Tumor cells in mucosa and submucosa"
"TCAAGGCCATAATGCA-1","Non-neoplastic colon"
"TCAAGGCCGCAATCAC-1","Non-neoplastic colon"
"TCAAGGCCTAACCGGA-1","Non-neoplastic colon"
"TCAAGGCCTACTCCAG-1","Non-neoplastic colon"
"TCAAGGCGGAGGCAGC-1","Tumor stroma in muscularis propria"
"TCAAGGCGGATTACCG-1","Tumor cells in muscularis propria"
"TCAAGGTAATCAACCG-1","Tumor cells in mucosa and submucosa"
"TCAATACCACGCATCC-1","Tumor stroma in muscularis propria"
"TCAATAGATAACAACT-1","Non-neoplastic colon"
"TCAATATTGAGGAATG-1","Non-neoplastic colon"
"TCAATCAGTGTCAAGC-1","Non-neoplastic colon"
"TCAATCCGGCTGTATG-1","Non-neoplastic colon"
"TCAATCTAACAGTCGG-1","Non-neoplastic colon"
"TCAATCTGCTGTATAA-1","Non-neoplastic colon"
"TCAATTATGGCCTATG-1","Non-neoplastic colon"
"TCAATTCCGCACGGCG-1","Non-neoplastic colon"
"TCAATTCGTGCAAGTA-1","Non-neoplastic colon"
"TCAATTCTCAATTACG-1","Tumor cells in muscularis propria"
"TCAATTCTGGCGAAGA-1","Tumor stroma in mucosa and submucosa"
"TCAATTGCAAGACCAA-1","Non-neoplastic colon"
"TCAATTGCCGTACATC-1","Tumor cells in muscularis propria"
"TCAATTGGCCGGATGT-1","Non-neoplastic colon"
"TCAATTGTCTGTATCG-1","Tumor cells in muscularis propria"
"TCACAAGGACTGACTT-1","Tumor cells in mucosa and submucosa"
"TCACAGGAGTCGGCCA-1","Tumor cells in mucosa and submucosa"
"TCACAGTGCCAGTCAT-1","Non-neoplastic colon"
"TCACAGTTGAGGTAAG-1","Non-neoplastic colon"
"TCACAGTTGGAGCGAT-1","Tumor cells in mucosa and submucosa"
"TCACATAACAGTCCAA-1","Non-neoplastic colon"
"TCACATAAGGCGGAAC-1","Non-neoplastic colon"
"TCACATACCGACTGTC-1","Tumor cells in mucosa and submucosa"
"TCACATAGCACCGTAC-1","Non-neoplastic colon"
"TCACATAGCGAGCTTA-1","Non-neoplastic colon"
"TCACATAGGAAGTCAA-1","Non-neoplastic colon"
"TCACATCGTGGATCTT-1","Non-neoplastic colon"
"TCACATCTAACGTGTT-1","Non-neoplastic colon"
"TCACATCTCCGCACAT-1","Non-neoplastic colon"
"TCACATGGTGTCGGAT-1","Non-neoplastic colon"
"TCACATTCCGTAATTC-1","Non-neoplastic colon"
"TCACATTCCTGTCATA-1","Non-neoplastic colon"
"TCACCACGGTTAGCAG-1","Non-neoplastic colon"
"TCACCACTCACGCTTG-1","Tumor cells in mucosa and submucosa"
"TCACCATTATAGTCCG-1","Non-neoplastic colon"
"TCACCGATTAGACGGC-1","Non-neoplastic colon"
"TCACCGATTCTACAAT-1","Tumor stroma in muscularis propria"
"TCACCGCACTAGGTTG-1","Other"
"TCACCGCTATTAACGT-1","Non-neoplastic colon"
"TCACCGCTCAGCCGCT-1","Non-neoplastic colon"
"TCACCGCTGTATTGTC-1","Non-neoplastic colon"
"TCACCGGAATAGCGCT-1","Non-neoplastic colon"
"TCACCGGAATGCACAG-1","Tumor cells in mucosa and submucosa"
"TCACCGGTCCGGAGAA-1","Tumor cells in mucosa and submucosa"
"TCACCGGTGGAAGGCG-1","Tumor cells in muscularis propria"
"TCACCGTCGGAGTAAC-1","Non-neoplastic colon"
"TCACCGTCTTGTGCAT-1","Non-neoplastic colon"
"TCACCGTTAATCGACA-1","Non-neoplastic colon"
"TCACCTAAGAGTATCT-1","Non-neoplastic colon"
"TCACCTGGTGCCTGGA-1","Non-neoplastic colon"
"TCACCTTACATTATGC-1","Non-neoplastic colon"
"TCACGAACCTTAATGC-1","Non-neoplastic colon"
"TCACGAACTGGACATA-1","Non-neoplastic colon"
"TCACGACACGTACGAA-1","Tumor cells in mucosa and submucosa"
"TCACGAGCCTGAGTAG-1","Non-neoplastic colon"
"TCACGAGCTGGTTGTC-1","Non-neoplastic colon"
"TCACGATAAGGACACG-1","Non-neoplastic colon"
"TCACGATGTTCCATAC-1","Tumor cells in mucosa and submucosa"
"TCACGCAGGATCGGTA-1","Non-neoplastic colon"
"TCACGCGAGTAGACGT-1","Non-neoplastic colon"
"TCACGCGTATTCACGC-1","Other"
"TCACGCTGGCACATCC-1","Non-neoplastic colon"
"TCACTAACCGATTAAC-1","Tumor cells in mucosa and submucosa"
"TCACTAACGCCAATCG-1","Tumor cells in muscularis propria"
"TCACTAAGACAATGTA-1","Non-neoplastic colon"
"TCACTAAGACGTATGT-1","Non-neoplastic colon"
"TCACTAAGTGTAGGTT-1","Tumor cells in muscularis propria"
"TCACTAAGTTCCGTCT-1","Tumor cells in mucosa and submucosa"
"TCACTAATGATAGGAA-1","Non-neoplastic colon"
"TCACTAATTGACAGGC-1","Non-neoplastic colon"
"TCACTAATTGCGGAGT-1","Non-neoplastic colon"
"TCACTACAAGGCATAA-1","Non-neoplastic colon"
"TCACTACGATACTATT-1","Non-neoplastic colon"
"TCACTACGCTTAGATA-1","Non-neoplastic colon"
"TCACTACGGTCGGTTG-1","Non-neoplastic colon"
"TCACTACGTAGGAACC-1","Tumor cells in muscularis propria"
"TCACTACGTCTTCCGT-1","Non-neoplastic colon"
"TCACTATGACGAACTG-1","Non-neoplastic colon"
"TCACTATGCAAGGTCT-1","Non-neoplastic colon"
"TCACTATGTCAACAGA-1","LVI"
"TCACTCGAACCTTGCG-1","Non-neoplastic colon"
"TCACTCGCTCATTGTT-1","Tumor cells in mucosa and submucosa"
"TCACTGAGCAGAAGGA-1","Non-neoplastic colon"
"TCACTGTAGCGGTTGT-1","Tumor cells in mucosa and submucosa"
"TCACTGTATCCAGTCG-1","Non-neoplastic colon"
"TCACTGTCCAATAGAT-1","Non-neoplastic colon"
"TCACTGTCTTGATTCT-1","Tumor cells in mucosa and submucosa"
"TCACTGTTACGACTGA-1","Non-neoplastic colon"
"TCACTTGTTAGGCCAG-1","Non-neoplastic colon"
"TCAGAACACCATAATC-1","Non-neoplastic colon"
"TCAGAACATTGTCCTG-1","Non-neoplastic colon"
"TCAGAACCGCTCTACC-1","Non-neoplastic colon"
"TCAGAACTATACCGAC-1","Non-neoplastic colon"
"TCAGAACTATCCATGA-1","Non-neoplastic colon"
"TCAGAACTCAGCGTCC-1","Non-neoplastic colon"
"TCAGAACTCGTTCGTG-1","Non-neoplastic colon"
"TCAGAACTGTAACATA-1","Non-neoplastic colon"
"TCAGAACTTCGGAGTG-1","Non-neoplastic colon"
"TCAGAATCGGTGTTCG-1","Non-neoplastic colon"
"TCAGAATCTGGTTCAA-1","Tumor cells in muscularis propria"
"TCAGACATAAGGTGTA-1","Non-neoplastic colon"
"TCAGACATACGCGAGG-1","Non-neoplastic colon"
"TCAGACATTCACTCAA-1","Non-neoplastic colon"
"TCAGACCTCAAGCATG-1","Non-neoplastic colon"
"TCAGACGTCGCCGGCG-1","Non-neoplastic colon"
"TCAGACTCTAGGCTGT-1","Tumor stroma in muscularis propria"
"TCAGACTGCTCGGATA-1","Non-neoplastic colon"
"TCAGATACTATTAAGT-1","Non-neoplastic colon"
"TCAGATCTCGGCCATC-1","Non-neoplastic colon"
"TCAGATCTGCCAGGTG-1","Non-neoplastic colon"
"TCAGATGAAGGCAACG-1","Tumor cells in mucosa and submucosa"
"TCAGATGCTGTTAGTG-1","Tumor cells in muscularis propria"
"TCAGATGGTGTAACAA-1","Non-neoplastic colon"
"TCAGATTACATGACGA-1","Non-neoplastic colon"
"TCAGATTAGTCGGAGG-1","Non-neoplastic colon"
"TCAGCAGACTGTGAGC-1","Non-neoplastic colon"
"TCAGCAGGCGCAACTC-1","Tumor cells in mucosa and submucosa"
"TCAGCCATGAAGACGT-1","Non-neoplastic colon"
"TCAGCCGCCTGTATCT-1","Non-neoplastic colon"
"TCAGCCGCGTTGACTC-1","Tumor cells in mucosa and submucosa"
"TCAGCCGTTGACAGAA-1","Non-neoplastic colon"
"TCAGCGCCGTAGCGCC-1","Tumor stroma in muscularis propria"
"TCAGCGCCTAAGGACT-1","Non-neoplastic colon"
"TCAGCGCTTGCGAACG-1","Non-neoplastic colon"
"TCAGCGTGCCAACGCT-1","Non-neoplastic colon"
"TCAGCGTGCGTTAGCA-1","Non-neoplastic colon"
"TCAGCTACAAGACATA-1","Non-neoplastic colon"
"TCAGCTATGGCGAGTA-1","Non-neoplastic colon"
"TCAGCTCACCAGTGCC-1","Tumor cells in mucosa and submucosa"
"TCAGCTCATATGTCTA-1","Non-neoplastic colon"
"TCAGCTGTCCATCTGC-1","Tumor cells in muscularis propria"
"TCAGCTTCCACCTTGC-1","Tumor stroma in muscularis propria"
"TCAGCTTCCTTAATGG-1","Non-neoplastic colon"
"TCAGCTTCTGCACCTA-1","Tumor cells in mucosa and submucosa"
"TCAGGAAGCTCAACGG-1","Non-neoplastic colon"
"TCAGGAAGTAATGGCA-1","Tumor cells in mucosa and submucosa"
"TCAGGAATCACGGCGA-1","Non-neoplastic colon"
"TCAGGAATGCCAGTCT-1","Tumor stroma in mucosa and submucosa"
"TCAGGAGCCGTCCATA-1","Non-neoplastic colon"
"TCAGGAGCTAATCAGG-1","Non-neoplastic colon"
"TCAGGAGCTAGAACGC-1","Non-neoplastic colon"
"TCAGGAGTCGGTATAG-1","Non-neoplastic colon"
"TCAGGAGTTACCGATG-1","Non-neoplastic colon"
"TCAGGATATTCCTCAG-1","Non-neoplastic colon"
"TCAGGATATTCGATGA-1","Non-neoplastic colon"
"TCAGGATGAGTGTATT-1","Non-neoplastic colon"
"TCAGGATGCATTCAAG-1","Tumor cells in mucosa and submucosa"
"TCAGGATGCGGTGACA-1","Non-neoplastic colon"
"TCAGGATTGCACCGGA-1","Non-neoplastic colon"
"TCAGGTCTAAGGCCGA-1","Non-neoplastic colon"
"TCAGTATCAGTCTGTA-1","Non-neoplastic colon"
"TCAGTCAGATCTTGCA-1","Tumor stroma in muscularis propria"
"TCAGTCATAGATCCAC-1","Non-neoplastic colon"
"TCAGTCATAGTAATCT-1","Non-neoplastic colon"
"TCAGTCCACGGTCTAA-1","Tumor cells in muscularis propria"
"TCAGTCCACGTGGCAT-1","Non-neoplastic colon"
"TCAGTCCGCCACTCTT-1","Non-neoplastic colon"
"TCAGTCCGTTGCGGCT-1","Non-neoplastic colon"
"TCAGTCGATCTTACAT-1","Non-neoplastic colon"
"TCAGTCGCAAGTGGTC-1","Tumor stroma in mucosa and submucosa"
"TCAGTCGCACAAGGCA-1","Non-neoplastic colon"
"TCAGTCGCAGTGAAGA-1","Non-neoplastic colon"
"TCAGTCGCGACCTGAG-1","Non-neoplastic colon"
"TCAGTCGCGAGTTCCT-1","Tumor stroma in muscularis propria"
"TCAGTCGCTACACTAT-1","Non-neoplastic colon"
"TCAGTCGCTGTAGCAG-1","Tumor cells in muscularis propria"
"TCAGTCGTCAGAACGG-1","Non-neoplastic colon"
"TCAGTCGTGGATGGTG-1","Tumor stroma in mucosa and submucosa"
"TCAGTCTAGAGTAACC-1","Non-neoplastic colon"
"TCAGTCTGACTATTCC-1","Tumor cells in mucosa and submucosa"
"TCAGTCTGGCCGCTGT-1","Tumor stroma in muscularis propria"
"TCAGTCTGTTATCTCG-1","Non-neoplastic colon"
"TCAGTGAAGATTAGGC-1","Non-neoplastic colon"
"TCAGTGACATAGGAGC-1","Non-neoplastic colon"
"TCAGTGACGGCGAGCG-1","Non-neoplastic colon"
"TCAGTGATCCTAGCAC-1","Non-neoplastic colon"
"TCAGTGATTCACCGAT-1","Tumor cells in muscularis propria"
"TCAGTGCTTAAGCTTC-1","Tumor stroma in muscularis propria"
"TCAGTGTTCCACAGCA-1","Non-neoplastic colon"
"TCAGTGTTGACAGCTC-1","Non-neoplastic colon"
"TCAGTTACAATAAGTT-1","Non-neoplastic colon"
"TCAGTTACCTTGCCAA-1","Non-neoplastic colon"
"TCAGTTACGGTGCATG-1","Non-neoplastic colon"
"TCAGTTAGCCAAGGTT-1","Tumor stroma in muscularis propria"
"TCAGTTAGGCCGTCCG-1","Tumor cells in muscularis propria"
"TCAGTTAGGTACGTTA-1","Non-neoplastic colon"
"TCAGTTAGTTAACCGC-1","Non-neoplastic colon"
"TCAGTTCAAGGTTGAT-1","Non-neoplastic colon"
"TCAGTTCAGTTCCGTG-1","LVI"
"TCAGTTCTACTCACGC-1","Non-neoplastic colon"
"TCAGTTCTCCTGCAAC-1","Tumor cells in muscularis propria"
"TCAGTTGCAAGCTTAT-1","Non-neoplastic colon"
"TCAGTTGCTAGGTGCG-1","Non-neoplastic colon"
"TCAGTTGGCTCGGAAG-1","Necrosis"
"TCATAATCCATTGAAT-1","Non-neoplastic colon"
"TCATAATCTTAGGACC-1","Non-neoplastic colon"
"TCATACTCCAGTTCTT-1","Tumor stroma in muscularis propria"
"TCATAGATAGCAATTG-1","Tumor cells in mucosa and submucosa"
"TCATAGATGATCTGCC-1","Tumor cells in mucosa and submucosa"
"TCATAGCGACTTCCGA-1","Tumor cells in mucosa and submucosa"
"TCATAGCTCGCAGACG-1","Tumor cells in muscularis propria"
"TCATAGGTTACTCAGG-1","Non-neoplastic colon"
"TCATCCACAAGCGTCT-1","Non-neoplastic colon"
"TCATCCACTCTTGCTG-1","Non-neoplastic colon"
"TCATCCGGTTCTGAGG-1","Non-neoplastic colon"
"TCATCCGTACATACGG-1","Non-neoplastic colon"
"TCATCCTTGGTAACAT-1","Non-neoplastic colon"
"TCATCGAACGTGTAGG-1","Tumor cells in mucosa and submucosa"
"TCATCGCTTGTAAGTA-1","Non-neoplastic colon"
"TCATCGGTGACGTAGA-1","Tumor cells in mucosa and submucosa"
"TCATCGGTTCTGTTCC-1","Tumor cells in mucosa and submucosa"
"TCATCTACAGCCTTGA-1","Non-neoplastic colon"
"TCATCTACCAGGAGGC-1","Non-neoplastic colon"
"TCATCTACGGCAGAAG-1","Non-neoplastic colon"
"TCATCTATAAGCCAGT-1","Non-neoplastic colon"
"TCATCTATCCAGTTAC-1","Non-neoplastic colon"
"TCATCTATCCTGCGGT-1","Tumor stroma in mucosa and submucosa"
"TCATCTCACCGACTCA-1","Tumor stroma in muscularis propria"
"TCATCTCACCTGCCAG-1","Tumor cells in mucosa and submucosa"
"TCATCTCCGCTCAGAC-1","Non-neoplastic colon"
"TCATCTCGTTGGCGAG-1","Non-neoplastic colon"
"TCATCTGATCCTGGCG-1","Non-neoplastic colon"
"TCATCTGCAAGTCTGA-1","Non-neoplastic colon"
"TCATCTTGGTCCAACC-1","Non-neoplastic colon"
"TCATGACACCGCACTC-1","Non-neoplastic colon"
"TCATGACACTGTTCAG-1","Non-neoplastic colon"
"TCATGACTATGCAGAA-1","Tumor cells in muscularis propria"
"TCATGACTATTGACCG-1","Non-neoplastic colon"
"TCATGAGGCACCATCT-1","Tumor stroma in mucosa and submucosa"
"TCATGAGGTGCGGTCC-1","Non-neoplastic colon"
"TCATGATTAATAAGGA-1","Non-neoplastic colon"
"TCATGCGTTGAGCGAC-1","Tumor cells in mucosa and submucosa"
"TCATGGAACAGCTGAT-1","Tumor cells in mucosa and submucosa"
"TCATGGAAGTGAGCCG-1","Non-neoplastic colon"
"TCATGGCAGGAGATTC-1","Non-neoplastic colon"
"TCATGGTTCGGTTAGG-1","Non-neoplastic colon"
"TCATGGTTGGATCGCC-1","Non-neoplastic colon"
"TCATGTATTCTTCATA-1","Non-neoplastic colon"
"TCATGTCGGCGATCCG-1","Non-neoplastic colon"
"TCATTCAAGGAGCCTG-1","Non-neoplastic colon"
"TCATTCACGGCTGCCT-1","Tumor cells in muscularis propria"
"TCATTCACTACGCCGT-1","Non-neoplastic colon"
"TCATTCAGACTCCTAT-1","Tumor cells in mucosa and submucosa"
"TCATTCAGTCAATACT-1","Tumor cells in mucosa and submucosa"
"TCATTCATTGGTCATG-1","Non-neoplastic colon"
"TCATTCGGCACGGACA-1","Non-neoplastic colon"
"TCATTCGGTCATGTAT-1","Tumor cells in muscularis propria"
"TCATTCGGTGAACCTC-1","Non-neoplastic colon"
"TCATTCTTAAGTTGGC-1","Non-neoplastic colon"
"TCATTCTTGGTTATCC-1","Non-neoplastic colon"
"TCATTGAGATAGACGT-1","Non-neoplastic colon"
"TCATTGATAGTTAAGG-1","Non-neoplastic colon"
"TCATTGCCTCGAGGTA-1","Non-neoplastic colon"
"TCATTGCGCTCATCAA-1","Non-neoplastic colon"
"TCATTGGCGATGTCAC-1","Non-neoplastic colon"
"TCATTGTTAGCCGTCT-1","Non-neoplastic colon"
"TCCAACAGACGTGAGC-1","Tumor cells in mucosa and submucosa"
"TCCAACAGCGTTGCGA-1","Non-neoplastic colon"
"TCCAACAGTTACATAA-1","Non-neoplastic colon"
"TCCAACATGAAGTGAT-1","Tumor stroma in mucosa and submucosa"
"TCCAACATGCAACGCC-1","Tumor cells in mucosa and submucosa"
"TCCAACGCAGACCATA-1","Non-neoplastic colon"
"TCCAACGGTACGATAC-1","Tumor cells in mucosa and submucosa"
"TCCAACGTACCTAAGG-1","Non-neoplastic colon"
"TCCAACGTGACATCTA-1","Non-neoplastic colon"
"TCCAACTAAGTTCAGA-1","Tumor cells in mucosa and submucosa"
"TCCAACTATCGCATCG-1","Non-neoplastic colon"
"TCCAACTTATAACTGT-1","Non-neoplastic colon"
"TCCAACTTCTGAAGGC-1","Non-neoplastic colon"
"TCCAACTTGTATTCAC-1","Tumor cells in mucosa and submucosa"
"TCCAAGAAGGTACAAT-1","Tumor stroma in muscularis propria"
"TCCAAGACAGCGCCTT-1","Non-neoplastic colon"
"TCCAAGACCGGTACGG-1","Tumor cells in muscularis propria"
"TCCAAGACGCGTCGGT-1","Non-neoplastic colon"
"TCCAAGGTTCATCCTT-1","Non-neoplastic colon"
"TCCAATACGCGGCTCC-1","Non-neoplastic colon"
"TCCAATACTAAGGTCA-1","Non-neoplastic colon"
"TCCAATCCTCATGGTG-1","Tumor stroma in muscularis propria"
"TCCAATCCTCTGACAA-1","Tumor stroma in muscularis propria"
"TCCAATCTCCGTGCAG-1","Non-neoplastic colon"
"TCCAATCTTACTAAGA-1","Non-neoplastic colon"
"TCCAATGAACTCACGC-1","Non-neoplastic colon"
"TCCAATTAATCAGGAG-1","Non-neoplastic colon"
"TCCAATTACCGTATTC-1","Non-neoplastic colon"
"TCCAATTCTTAGACGC-1","Non-neoplastic colon"
"TCCACGACCTGTAGCC-1","Tumor cells in mucosa and submucosa"
"TCCACGATTCCTACAA-1","Non-neoplastic colon"
"TCCACGGCTTCGAGTC-1","Tumor cells in mucosa and submucosa"
"TCCACGGTCTGTCCTC-1","Non-neoplastic colon"
"TCCAGACCAATGTACT-1","Non-neoplastic colon"
"TCCAGACTTCGCACCA-1","Non-neoplastic colon"
"TCCAGGTTCGGCGAAT-1","Tumor cells in muscularis propria"
"TCCAGTAACACGCATA-1","Non-neoplastic colon"
"TCCAGTACGACATTAT-1","Non-neoplastic colon"
"TCCAGTACGCGAGCTA-1","Non-neoplastic colon"
"TCCAGTACTAGACCAG-1","Non-neoplastic colon"
"TCCAGTCACTGTATAG-1","Non-neoplastic colon"
"TCCAGTCAGTTACCAT-1","Non-neoplastic colon"
"TCCAGTCATAGGCGTG-1","Non-neoplastic colon"
"TCCAGTGCAACGCACC-1","Non-neoplastic colon"
"TCCAGTGCACGCCGGC-1","Non-neoplastic colon"
"TCCAGTGCCGCTATGT-1","Non-neoplastic colon"
"TCCAGTGCTAGATAGA-1","Non-neoplastic colon"
"TCCAGTTAAGACCGTT-1","Tumor cells in mucosa and submucosa"
"TCCAGTTACAGAACAT-1","Non-neoplastic colon"
"TCCAGTTCGTCAACCA-1","Tumor cells in muscularis propria"
"TCCAGTTGTCCAGAAT-1","Non-neoplastic colon"
"TCCATAAGCCAATGGC-1","Non-neoplastic colon"
"TCCATAGTGAGTATCC-1","Non-neoplastic colon"
"TCCATCAGTTCACTAT-1","Tumor cells in muscularis propria"
"TCCATCCGAGACAAGG-1","Non-neoplastic colon"
"TCCATGGAACCGAGTT-1","Non-neoplastic colon"
"TCCATGGAATTCTTGG-1","Non-neoplastic colon"
"TCCATTAGGTACGGAG-1","Tumor cells in muscularis propria"
"TCCGAACAATCGTTCA-1","Non-neoplastic colon"
"TCCGAACAGATTGATC-1","Tumor cells in mucosa and submucosa"
"TCCGAACGTTGCGGAG-1","Non-neoplastic colon"
"TCCGAATATGGAGTCT-1","Tumor cells in mucosa and submucosa"
"TCCGAATATTCATCGT-1","Non-neoplastic colon"
"TCCGAATCCAGGCCAT-1","Non-neoplastic colon"
"TCCGACGCCTGTCTGC-1","Tumor cells in mucosa and submucosa"
"TCCGAGACAGACTGCT-1","Tumor cells in muscularis propria"
"TCCGAGACGTAACACC-1","Non-neoplastic colon"
"TCCGAGACGTGCGTGG-1","Non-neoplastic colon"
"TCCGATTCATGGCGCT-1","Non-neoplastic colon"
"TCCGCATTGCCAGCGA-1","Non-neoplastic colon"
"TCCGCCAACACGAGAC-1","Non-neoplastic colon"
"TCCGCCAAGCCACCGG-1","Tumor cells in mucosa and submucosa"
"TCCGCCAGGCAGTCAA-1","Tumor cells in mucosa and submucosa"
"TCCGCCGACTTCAGCA-1","Non-neoplastic colon"
"TCCGCCGAGCCTAATT-1","Non-neoplastic colon"
"TCCGCCGGCCATAGAC-1","Tumor cells in muscularis propria"
"TCCGCCGGCGATCTTG-1","Non-neoplastic colon"
"TCCGCCGGCTTCGTAG-1","Non-neoplastic colon"
"TCCGCCTCCACCTCTG-1","Non-neoplastic colon"
"TCCGCCTCGAACCAGT-1","Non-neoplastic colon"
"TCCGCCTCGGCGGTCT-1","Non-neoplastic colon"
"TCCGCCTCTTCAACTC-1","Tumor cells in mucosa and submucosa"
"TCCGCCTCTTGCCGAC-1","Tumor cells in mucosa and submucosa"
"TCCGCCTCTTGGAAGG-1","Non-neoplastic colon"
"TCCGCCTGAAGTGCTG-1","Tumor cells in mucosa and submucosa"
"TCCGCCTTCGTTCGAA-1","Non-neoplastic colon"
"TCCGCTTGAGTCAGCT-1","Tumor cells in mucosa and submucosa"
"TCCGGAGCTGAAGGAT-1","Tumor cells in mucosa and submucosa"
"TCCGGAGGATGTCCTA-1","Non-neoplastic colon"
"TCCGGCCAAGTAACTC-1","Non-neoplastic colon"
"TCCGGCCGAAGATTAT-1","Non-neoplastic colon"
"TCCGGCCTCGATCTAT-1","Non-neoplastic colon"
"TCCGGTGAGCTAATAG-1","Non-neoplastic colon"
"TCCGGTTGGCTACGCA-1","Non-neoplastic colon"
"TCCGTAAGATAGGCTG-1","Non-neoplastic colon"
"TCCGTACCACTCTTAT-1","Non-neoplastic colon"
"TCCGTACTAGCCGCAC-1","Tumor cells in mucosa and submucosa"
"TCCGTAGATTCCGGAA-1","Non-neoplastic colon"
"TCCGTAGCTCCATGGC-1","Non-neoplastic colon"
"TCCGTAGGAGTATGCT-1","Non-neoplastic colon"
"TCCGTAGTAAGGTCCT-1","Non-neoplastic colon"
"TCCGTAGTTGGTCGAA-1","Non-neoplastic colon"
"TCCGTATGCAGCCTCG-1","Non-neoplastic colon"
"TCCGTCAACATCGACA-1","Tumor cells in mucosa and submucosa"
"TCCGTCAAGTACAAGA-1","Non-neoplastic colon"
"TCCGTCACAGTGAGTG-1","Tumor stroma in muscularis propria"
"TCCGTCATACGGAGCA-1","Non-neoplastic colon"
"TCCGTCATAGCCTCCG-1","Tumor cells in mucosa and submucosa"
"TCCGTCCTCACGTCGG-1","Non-neoplastic colon"
"TCCGTGATCTCGATGC-1","Tumor cells in mucosa and submucosa"
"TCCGTGATTAGACAAT-1","Tumor stroma in muscularis propria"
"TCCGTGATTGCATCTA-1","Non-neoplastic colon"
"TCCGTGCCAACTCGAG-1","Non-neoplastic colon"
"TCCGTGCCGTATACCA-1","Non-neoplastic colon"
"TCCGTGCGAGATACTG-1","Non-neoplastic colon"
"TCCGTGCTAAGGCGTA-1","Tumor cells in mucosa and submucosa"
"TCCGTGGCCTCAGGAG-1","Non-neoplastic colon"
"TCCGTGGCGGTTAGCC-1","Non-neoplastic colon"
"TCCGTGGTAATAAGCG-1","Non-neoplastic colon"
"TCCGTGTACACCGAAT-1","Tumor cells in mucosa and submucosa"
"TCCGTGTACTTCATCG-1","Non-neoplastic colon"
"TCCGTGTCAATCGGTC-1","Non-neoplastic colon"
"TCCGTGTCGATAGCAA-1","Non-neoplastic colon"
"TCCGTGTCTTCGTAGA-1","Tumor cells in muscularis propria"
"TCCGTGTTAGAAGCGT-1","Non-neoplastic colon"
"TCCGTGTTCTAATGAT-1","Non-neoplastic colon"
"TCCGTTAACGGCCTGT-1","Tumor cells in mucosa and submucosa"
"TCCGTTCGCATCTACT-1","Non-neoplastic colon"
"TCCGTTGGTCTGACCA-1","Tumor cells in mucosa and submucosa"
"TCCTAAGCTCCTATTG-1","Non-neoplastic colon"
"TCCTACAAGCATACGA-1","Non-neoplastic colon"
"TCCTACAGCCTTGTAT-1","Non-neoplastic colon"
"TCCTACCGCAGTCGCA-1","Non-neoplastic colon"
"TCCTACCGGATACATC-1","Tumor cells in mucosa and submucosa"
"TCCTACTTGGATCAGG-1","Non-neoplastic colon"
"TCCTAGGTTGGCTCAT-1","Non-neoplastic colon"
"TCCTATCGGACAAGGC-1","Non-neoplastic colon"
"TCCTATGACATAGGAT-1","Non-neoplastic colon"
"TCCTATGACCGATCTT-1","Tumor stroma in mucosa and submucosa"
"TCCTATGGCCAGCATA-1","Non-neoplastic colon"
"TCCTATTGTCCGGTTC-1","Tumor stroma in muscularis propria"
"TCCTCAAGTTCTCCAT-1","Non-neoplastic colon"
"TCCTCAATCTCGTGAA-1","Non-neoplastic colon"
"TCCTCAATCTGCTATT-1","Non-neoplastic colon"
"TCCTCAATGTTGCTAT-1","Non-neoplastic colon"
"TCCTCACGACATCCTG-1","Tumor cells in mucosa and submucosa"
"TCCTCACGACCGTCCT-1","Non-neoplastic colon"
"TCCTCAGTCCAGATTG-1","Non-neoplastic colon"
"TCCTCAGTCTGTCAGA-1","Tumor cells in mucosa and submucosa"
"TCCTCATCACATCACT-1","Tumor stroma in muscularis propria"
"TCCTGAACATTGTTAC-1","Non-neoplastic colon"
"TCCTGAACTCTTAGAA-1","Tumor cells in mucosa and submucosa"
"TCCTGAAGCGCACCGA-1","Non-neoplastic colon"
"TCCTGAAGCGGTTGCC-1","Non-neoplastic colon"
"TCCTGACACTCGGCCT-1","Non-neoplastic colon"
"TCCTGACAGGCTATGT-1","Non-neoplastic colon"
"TCCTGAGTACTCGAGT-1","Non-neoplastic colon"
"TCCTGAGTCGACATCA-1","Non-neoplastic colon"
"TCCTGAGTGAACAGAT-1","Non-neoplastic colon"
"TCCTGAGTGCCATACT-1","Non-neoplastic colon"
"TCCTGAGTTCGGTATC-1","Tumor cells in muscularis propria"
"TCCTGATAACGGTGCA-1","Tumor stroma in muscularis propria"
"TCCTGATCGCGACCAA-1","Tumor stroma in mucosa and submucosa"
"TCCTGATGTCACATTA-1","Non-neoplastic colon"
"TCCTGATTCTACGTAG-1","Necrosis"
"TCCTGCCGTCACTTCT-1","Tumor cells in mucosa and submucosa"
"TCCTGGAGGTAGATAA-1","Non-neoplastic colon"
"TCCTGGATCTGTAAGT-1","Tumor cells in muscularis propria"
"TCCTGGATGCTCACAA-1","Non-neoplastic colon"
"TCCTGGTAATTCGTCA-1","Non-neoplastic colon"
"TCCTGGTTATGTGCAT-1","Tumor stroma in muscularis propria"
"TCCTGGTTCAAGTGAA-1","Non-neoplastic colon"
"TCCTGTATAGGCATTG-1","Tumor cells in mucosa and submucosa"
"TCCTTACGCTGGATTA-1","Non-neoplastic colon"
"TCCTTAGACAGGTACG-1","Non-neoplastic colon"
"TCCTTCACATACGCGT-1","Tumor cells in mucosa and submucosa"
"TCCTTCACGACCACTA-1","Non-neoplastic colon"
"TCCTTCATTGATGTGA-1","Tumor cells in mucosa and submucosa"
"TCCTTCGGCGTAAGCG-1","Tumor cells in mucosa and submucosa"
"TCCTTCGGTACGCATC-1","Non-neoplastic colon"
"TCCTTGAGACTGTCTT-1","Non-neoplastic colon"
"TCCTTGGCAGTATCCG-1","Tumor cells in muscularis propria"
"TCGAACGTAACGCCGG-1","Non-neoplastic colon"
"TCGAATAATGTTGGAC-1","Non-neoplastic colon"
"TCGAATAGATCTTCCT-1","Non-neoplastic colon"
"TCGAATCGCTGGCACT-1","Non-neoplastic colon"
"TCGAATCGGACTATGG-1","Non-neoplastic colon"
"TCGAATGCGTGCCTCA-1","Non-neoplastic colon"
"TCGAATGCTTGTAACC-1","Non-neoplastic colon"
"TCGACCAAGACTGGTT-1","Non-neoplastic colon"
"TCGACGAGTACGATAA-1","Non-neoplastic colon"
"TCGACGGCACAGCCTT-1","Tumor stroma in muscularis propria"
"TCGACTATCTTGCCTG-1","Tumor cells in mucosa and submucosa"
"TCGACTATGGCTACGC-1","Tumor cells in muscularis propria"
"TCGACTCACTTCGTGA-1","Non-neoplastic colon"
"TCGACTGCTAATCCGA-1","Non-neoplastic colon"
"TCGACTTAGTTGGCCA-1","Tumor cells in mucosa and submucosa"
"TCGAGCCTAGTTCATC-1","Non-neoplastic colon"
"TCGAGTACATTGCACT-1","Non-neoplastic colon"
"TCGAGTATACGTCTTG-1","Non-neoplastic colon"
"TCGAGTATAGACAGCA-1","Non-neoplastic colon"
"TCGAGTATGTAGATAG-1","Non-neoplastic colon"
"TCGAGTCCAGTCGAAC-1","Tumor stroma in mucosa and submucosa"
"TCGATACAAGATTGCT-1","Non-neoplastic colon"
"TCGATAGGCGTGTACG-1","Non-neoplastic colon"
"TCGATAGGTAACTAAC-1","Non-neoplastic colon"
"TCGATAGTACCTATCT-1","Tumor cells in muscularis propria"
"TCGATCAAGGTTGTCT-1","Non-neoplastic colon"
"TCGATCATCTTCGGAT-1","Non-neoplastic colon"
"TCGATCCGGCAAGAGG-1","Tumor cells in mucosa and submucosa"
"TCGATCGCCGTCGAGG-1","Non-neoplastic colon"
"TCGATCGTATCGGATA-1","Non-neoplastic colon"
"TCGATCTACAACGTCC-1","Non-neoplastic colon"
"TCGATCTAGGCCGCTG-1","Non-neoplastic colon"
"TCGATCTAGGTGTCGC-1","Non-neoplastic colon"
"TCGATCTGCCGCGAGC-1","Non-neoplastic colon"
"TCGATCTGCTATTGGA-1","Tumor cells in subserosa"
"TCGATCTGGTTCAGGT-1","Non-neoplastic colon"
"TCGATGTACCGGTAGG-1","Non-neoplastic colon"
"TCGATTAGCAGAACAG-1","Tumor cells in mucosa and submucosa"
"TCGCAACACCATCGTA-1","Tumor cells in mucosa and submucosa"
"TCGCAACAGGCCACTG-1","Tumor stroma in muscularis propria"
"TCGCAACGGCCACCGT-1","Non-neoplastic colon"
"TCGCACAATATGTAGA-1","Non-neoplastic colon"
"TCGCACAGCAGACGTC-1","Tumor cells in mucosa and submucosa"
"TCGCACATGTCCTGGT-1","Tumor cells in mucosa and submucosa"
"TCGCACCTCCTGCGGA-1","Non-neoplastic colon"
"TCGCACGAGGTTACTA-1","Non-neoplastic colon"
"TCGCACGATGAACGTT-1","Tumor stroma in muscularis propria"
"TCGCACTCCATTCCGG-1","Tumor stroma in muscularis propria"
"TCGCACTGCATTATCT-1","Tumor stroma in mucosa and submucosa"
"TCGCACTTAACAGGTA-1","Tumor stroma in mucosa and submucosa"
"TCGCACTTGGAGTACC-1","Tumor cells in muscularis propria"
"TCGCAGTATTGTTCCG-1","Non-neoplastic colon"
"TCGCATACTGTTCTGA-1","Non-neoplastic colon"
"TCGCCAACTGGAATCC-1","Non-neoplastic colon"
"TCGCCACCTCGAAGTG-1","Tumor cells in mucosa and submucosa"
"TCGCCACTGTCCATAG-1","Non-neoplastic colon"
"TCGCCAGGTCACCTCG-1","Tumor stroma in mucosa and submucosa"
"TCGCCAGGTTCATCTT-1","Non-neoplastic colon"
"TCGCCGACATTAGTTG-1","Tumor stroma in muscularis propria"
"TCGCCGACTCCAGCGG-1","Tumor cells in mucosa and submucosa"
"TCGCCGCTAATCCAAT-1","Non-neoplastic colon"
"TCGCCGCTAGAATAGA-1","Tumor stroma in muscularis propria"
"TCGCCGCTCCAGAAGT-1","Non-neoplastic colon"
"TCGCCGCTGATAAGGC-1","Tumor stroma in mucosa and submucosa"
"TCGCCGCTTAGTATCT-1","Non-neoplastic colon"
"TCGCCGGAGTTCCTAC-1","Non-neoplastic colon"
"TCGCCGGATTGACCTC-1","Tumor cells in muscularis propria"
"TCGCCGTAGTCCAGGC-1","Tumor cells in mucosa and submucosa"
"TCGCCGTGGCCTTGCA-1","Non-neoplastic colon"
"TCGCCGTTCGAGTGCA-1","Tumor stroma in mucosa and submucosa"
"TCGCCGTTCTCGGTAT-1","Non-neoplastic colon"
"TCGCCTAAGGAACCAC-1","Tumor cells in mucosa and submucosa"
"TCGCCTAGCGCTGCAA-1","Tumor cells in mucosa and submucosa"
"TCGCCTCCAGGCTTAA-1","Non-neoplastic colon"
"TCGCCTCGTAACTTAC-1","Non-neoplastic colon"
"TCGCCTCGTCTAATCC-1","Tumor cells in mucosa and submucosa"
"TCGCCTCGTGTATCGA-1","Non-neoplastic colon"
"TCGCCTGACATGAGGT-1","Non-neoplastic colon"
"TCGCCTGATCAGTATG-1","Non-neoplastic colon"
"TCGCCTGCACAATGCC-1","LVI"
"TCGCCTGCCTAGCTCC-1","Tumor cells in mucosa and submucosa"
"TCGCCTGGATAGGCGG-1","Tumor cells in mucosa and submucosa"
"TCGCCTTAATCACCTA-1","Non-neoplastic colon"
"TCGCCTTACGGTTGAA-1","Non-neoplastic colon"
"TCGCCTTATCACAAGC-1","Non-neoplastic colon"
"TCGCGAACGGTCCTTG-1","Non-neoplastic colon"
"TCGCGACGGTATACTG-1","Tumor cells in mucosa and submucosa"
"TCGCGACGTGTCGCAC-1","Non-neoplastic colon"
"TCGCGAGTGAAGGTCC-1","Non-neoplastic colon"
"TCGCGGAATATTGTCG-1","Non-neoplastic colon"
"TCGCGGAGTAAGTGAG-1","Tumor stroma in muscularis propria"
"TCGCGGAGTCCGCACT-1","Non-neoplastic colon"
"TCGCGGAGTTGCTTGC-1","Tumor cells in mucosa and submucosa"
"TCGCGGATGGCGAACA-1","Non-neoplastic colon"
"TCGCGGATTCGCGGCT-1","Non-neoplastic colon"
"TCGCGGCCGCAGTTCT-1","Tumor cells in muscularis propria"
"TCGCGGCTAACTGTTG-1","Non-neoplastic colon"
"TCGCGGCTATGAGTGC-1","Tumor cells in muscularis propria"
"TCGCGGTAACTCGTTG-1","Non-neoplastic colon"
"TCGCGGTAGATGGAAG-1","Non-neoplastic colon"
"TCGCGGTATGGTACTA-1","Non-neoplastic colon"
"TCGCGGTATTAGATCG-1","Tumor cells in subserosa"
"TCGCGGTCTAGCAGTT-1","Non-neoplastic colon"
"TCGCGGTCTGACCTGT-1","Tumor cells in mucosa and submucosa"
"TCGCTAACTCTACCGA-1","Non-neoplastic colon"
"TCGCTAGATGTACAGT-1","Tumor cells in mucosa and submucosa"
"TCGCTATGACGACACT-1","Non-neoplastic colon"
"TCGCTATGTCGTGCGG-1","Tumor cells in mucosa and submucosa"
"TCGCTCACGCAGACTT-1","Tumor cells in muscularis propria"
"TCGCTTACGAATCCTA-1","Non-neoplastic colon"
"TCGCTTACTAAGTACA-1","Non-neoplastic colon"
"TCGCTTCGAGTTGATG-1","Non-neoplastic colon"
"TCGCTTGTACCGCTCC-1","Non-neoplastic colon"
"TCGCTTGTCGGCTGCA-1","Non-neoplastic colon"
"TCGGAACGACGGAATT-1","Non-neoplastic colon"
"TCGGAACGAGATGACT-1","Tumor cells in muscularis propria"
"TCGGAACGCATGGCTG-1","Non-neoplastic colon"
"TCGGACAACCGACACG-1","Non-neoplastic colon"
"TCGGACAAGACGGACG-1","Tumor stroma in muscularis propria"
"TCGGACATCAGTCTTA-1","Non-neoplastic colon"
"TCGGACCAAGGCCAAG-1","Non-neoplastic colon"
"TCGGACCACGCAGGTG-1","Non-neoplastic colon"
"TCGGACCTCGGTAACC-1","Tumor cells in mucosa and submucosa"
"TCGGACGATCATAAGT-1","Non-neoplastic colon"
"TCGGACGCATAGTGCG-1","Non-neoplastic colon"
"TCGGACGCGAATCTGT-1","Tumor cells in mucosa and submucosa"
"TCGGACGCTGCATGGT-1","Non-neoplastic colon"
"TCGGACGGCAGTCCAG-1","Non-neoplastic colon"
"TCGGACGTCATCTACA-1","Non-neoplastic colon"
"TCGGACTCGAAGTCGA-1","Non-neoplastic colon"
"TCGGACTCGAGCCATA-1","Non-neoplastic colon"
"TCGGACTCTGCGTACA-1","Non-neoplastic colon"
"TCGGAGAACAAGTGCT-1","Non-neoplastic colon"
"TCGGAGAACAGACTAC-1","Tumor cells in mucosa and submucosa"
"TCGGAGATTCCGTCCG-1","Tumor cells in mucosa and submucosa"
"TCGGAGCGCAATGCGT-1","Non-neoplastic colon"
"TCGGAGGCTGATTATC-1","Non-neoplastic colon"
"TCGGAGTATCTTCATC-1","Non-neoplastic colon"
"TCGGAGTATGATTGGT-1","Tumor cells in muscularis propria"
"TCGGAGTGCTCCGGAT-1","Non-neoplastic colon"
"TCGGAGTGGTCAATTA-1","Non-neoplastic colon"
"TCGGCGAATATTCGTT-1","Non-neoplastic colon"
"TCGGCGAATTGCACTA-1","Non-neoplastic colon"
"TCGGCGACGGCCATGG-1","Tumor stroma in muscularis propria"
"TCGGCGATGTTACCGT-1","Non-neoplastic colon"
"TCGGCGCATGTTCTCA-1","Tumor cells in mucosa and submucosa"
"TCGGCGGACTGAAGCT-1","Tumor cells in mucosa and submucosa"
"TCGGCGGTGGCGGTAC-1","Tumor cells in mucosa and submucosa"
"TCGGCGGTTAAGGTCG-1","Non-neoplastic colon"
"TCGGCGTATTACGTTC-1","Non-neoplastic colon"
"TCGGTAAGCCAGCAGG-1","Tumor cells in muscularis propria"
"TCGGTAAGCGATGGAA-1","Non-neoplastic colon"
"TCGGTAATTCAAGAGC-1","Tumor cells in mucosa and submucosa"
"TCGGTACCACTACCTT-1","Non-neoplastic colon"
"TCGGTACCGGCTGGCT-1","Non-neoplastic colon"
"TCGGTGCGTCTATGCC-1","Non-neoplastic colon"
"TCGGTGGAACTTATCG-1","Non-neoplastic colon"
"TCGGTGTCAATACAGC-1","Tumor cells in mucosa and submucosa"
"TCGGTGTCCTGGTCCT-1","Tumor cells in muscularis propria"
"TCGGTTAAGCACTTGT-1","Non-neoplastic colon"
"TCGGTTGAGCAACAGC-1","Non-neoplastic colon"
"TCGTAACCTACCACAA-1","Non-neoplastic colon"
"TCGTAACCTTCAAGCT-1","Non-neoplastic colon"
"TCGTAACCTTGAGCGA-1","Non-neoplastic colon"
"TCGTAAGGATGGCAAT-1","Tumor stroma in mucosa and submucosa"
"TCGTAGACATGGTTGA-1","Non-neoplastic colon"
"TCGTATACGGAGACTC-1","Non-neoplastic colon"
"TCGTATACTCTTAGCG-1","Non-neoplastic colon"
"TCGTATAGAATCTGCG-1","Non-neoplastic colon"
"TCGTATAGGAAGTGGT-1","Non-neoplastic colon"
"TCGTATAGGTTAGCAT-1","Tumor stroma in muscularis propria"
"TCGTATCAGACGGCGA-1","Non-neoplastic colon"
"TCGTATCCAATGCTAA-1","Non-neoplastic colon"
"TCGTATCGACTATGGT-1","Tumor cells in mucosa and submucosa"
"TCGTATCGGCGAGGAC-1","Non-neoplastic colon"
"TCGTATCGGTTAATTC-1","Non-neoplastic colon"
"TCGTATGCACTCGACG-1","Non-neoplastic colon"
"TCGTATGGTTCAGTCC-1","Tumor cells in mucosa and submucosa"
"TCGTATGTATAATTCA-1","Tumor cells in muscularis propria"
"TCGTATGTGCACTGGA-1","Tumor stroma in muscularis propria"
"TCGTATGTTCTTGTGA-1","Tumor cells in mucosa and submucosa"
"TCGTATTCGAGGTAAC-1","Non-neoplastic colon"
"TCGTCAAGTTACGGAC-1","Non-neoplastic colon"
"TCGTCACGATCGAGTT-1","Non-neoplastic colon"
"TCGTCACGGCTATGAA-1","Non-neoplastic colon"
"TCGTCAGAACCTGTAA-1","Tumor cells in muscularis propria"
"TCGTCAGAACGCCGCT-1","Non-neoplastic colon"
"TCGTCAGACCAAGAGG-1","Tumor cells in mucosa and submucosa"
"TCGTCAGGCAGATTAG-1","Non-neoplastic colon"
"TCGTCAGTCGACGGAT-1","Non-neoplastic colon"
"TCGTCAGTCGTATCTT-1","Non-neoplastic colon"
"TCGTCAGTGGCTTATG-1","Non-neoplastic colon"
"TCGTCATCACCATCTT-1","Non-neoplastic colon"
"TCGTCATCAGAAGCCA-1","Non-neoplastic colon"
"TCGTCATCCGAGTTAT-1","Non-neoplastic colon"
"TCGTCATCCTTATGAG-1","Non-neoplastic colon"
"TCGTCATCTGCTCACG-1","Tumor cells in mucosa and submucosa"
"TCGTCATCTGTAGAGC-1","Non-neoplastic colon"
"TCGTCATGCGACAACG-1","Tumor cells in subserosa"
"TCGTCCATGGTTAGGA-1","Tumor cells in mucosa and submucosa"
"TCGTCTGACCGTATCG-1","Non-neoplastic colon"
"TCGTCTGTCTTACGGC-1","Non-neoplastic colon"
"TCGTGACAGAGGTGTA-1","Non-neoplastic colon"
"TCGTGACATTAACTCC-1","Non-neoplastic colon"
"TCGTGATCCAAGCGTC-1","Non-neoplastic colon"
"TCGTGCCTTCGTCAGA-1","Non-neoplastic colon"
"TCGTGCGTCCGTTGCC-1","Non-neoplastic colon"
"TCGTGGCGCAATGTAG-1","Tumor cells in mucosa and submucosa"
"TCGTTGAGATGCGACC-1","Non-neoplastic colon"
"TCGTTGGTCGGTCTGG-1","Non-neoplastic colon"
"TCGTTGGTGCGAACCG-1","Non-neoplastic colon"
"TCTAACAAGCACCATC-1","Tumor stroma in mucosa and submucosa"
"TCTAACAAGGTAGATA-1","Non-neoplastic colon"
"TCTAACAGGTACGACT-1","Non-neoplastic colon"
"TCTAACCAAGCGATAC-1","Non-neoplastic colon"
"TCTAACCGACTAGACA-1","Non-neoplastic colon"
"TCTAACTCCTGGAATT-1","Tumor cells in mucosa and submucosa"
"TCTAACTTCGACATGC-1","Non-neoplastic colon"
"TCTAACTTGTCCAGAT-1","Non-neoplastic colon"
"TCTAAGGTGCACGGCG-1","Non-neoplastic colon"
"TCTACAACCTTAGTCG-1","Tumor cells in mucosa and submucosa"
"TCTACAACGCCGTCTA-1","Tumor cells in mucosa and submucosa"
"TCTACACTACAGTTAG-1","Non-neoplastic colon"
"TCTACACTAGCCTGCA-1","Non-neoplastic colon"
"TCTACACTCGGCAGTT-1","Non-neoplastic colon"
"TCTACACTGACTGACC-1","Non-neoplastic colon"
"TCTACACTTAATTGAA-1","Tumor cells in mucosa and submucosa"
"TCTACAGAGTCACTCA-1","Non-neoplastic colon"
"TCTACAGATTGATGAG-1","Tumor cells in mucosa and submucosa"
"TCTACAGCAATATCGT-1","Non-neoplastic colon"
"TCTACAGGTATCACTA-1","Non-neoplastic colon"
"TCTACATACTTACAAT-1","Tumor cells in mucosa and submucosa"
"TCTACATAGGCCTTGA-1","Tumor cells in mucosa and submucosa"
"TCTACATATGAAGAGT-1","Tumor stroma in muscularis propria"
"TCTACATGAATTCATA-1","Non-neoplastic colon"
"TCTACATGCGCTGAGC-1","Non-neoplastic colon"
"TCTACATGGTCGAGGA-1","Non-neoplastic colon"
"TCTACATTCTTGCCGA-1","Non-neoplastic colon"
"TCTACATTGCAAGTCG-1","Non-neoplastic colon"
"TCTACCGATGCGACGC-1","Non-neoplastic colon"
"TCTACGACATGTATGT-1","Tumor cells in mucosa and submucosa"
"TCTACGCAGACCGGCA-1","Non-neoplastic colon"
"TCTACGCAGATACTTC-1","Non-neoplastic colon"
"TCTACGCATCAGTCCG-1","Tumor cells in muscularis propria"
"TCTACGGCACCTGTCG-1","Tumor cells in mucosa and submucosa"
"TCTACGGTCAGTTATG-1","Tumor cells in mucosa and submucosa"
"TCTACGTTGTGCTCTA-1","Non-neoplastic colon"
"TCTACTAGCGGTCACG-1","Non-neoplastic colon"
"TCTACTAGGTCGGCGT-1","Non-neoplastic colon"
"TCTACTAGTGCGCTGG-1","Non-neoplastic colon"
"TCTACTATCACTTAGC-1","Tumor cells in mucosa and submucosa"
"TCTACTCCAAGGCAGA-1","Non-neoplastic colon"
"TCTACTCCAGGCAACC-1","Non-neoplastic colon"
"TCTACTGCGTTACTGG-1","Non-neoplastic colon"
"TCTACTGCTTGGCGGT-1","Non-neoplastic colon"
"TCTACTGGCGCTGCCT-1","Non-neoplastic colon"
"TCTACTGTATGACCTG-1","Non-neoplastic colon"
"TCTACTGTATGGTACA-1","Tumor cells in mucosa and submucosa"
"TCTACTGTGGCCGTCA-1","Tumor cells in mucosa and submucosa"
"TCTACTTACGGCTCGG-1","Non-neoplastic colon"
"TCTACTTATCAGTGTT-1","Tumor cells in muscularis propria"
"TCTACTTCACGAGTGG-1","Non-neoplastic colon"
"TCTACTTCACGCAGTT-1","Tumor cells in mucosa and submucosa"
"TCTAGAATCTTATGGC-1","Tumor cells in muscularis propria"
"TCTAGAATGATCCTTC-1","Tumor cells in muscularis propria"
"TCTAGACGTAGAGCAA-1","Non-neoplastic colon"
"TCTAGAGCTACTAGTG-1","Non-neoplastic colon"
"TCTAGAGCTCACGCTC-1","Tumor cells in mucosa and submucosa"
"TCTAGAGCTCGCCTGT-1","Non-neoplastic colon"
"TCTAGAGGATCCGTCA-1","Non-neoplastic colon"
"TCTAGAGGCAGCGGTG-1","Non-neoplastic colon"
"TCTAGAGTACAGACAT-1","Tumor cells in muscularis propria"
"TCTAGATAGTTGGCAT-1","Non-neoplastic colon"
"TCTAGCAATGCGATCA-1","Non-neoplastic colon"
"TCTAGCAGCCATTCGC-1","Non-neoplastic colon"
"TCTAGCAGGAACTCCA-1","Tumor cells in muscularis propria"
"TCTAGCATGGAGTATC-1","Non-neoplastic colon"
"TCTAGCGACGTAGCGT-1","Non-neoplastic colon"
"TCTAGCGAGCTGATGT-1","Non-neoplastic colon"
"TCTAGCGAGTGCTACT-1","Tumor stroma in mucosa and submucosa"
"TCTAGCGATCCTAAGA-1","Non-neoplastic colon"
"TCTAGCTACACGGTAG-1","Non-neoplastic colon"
"TCTAGCTCCGCTGCTA-1","Tumor stroma in mucosa and submucosa"
"TCTAGCTCTTGGTTAA-1","Non-neoplastic colon"
"TCTAGGACCGAACTGA-1","Non-neoplastic colon"
"TCTAGGACCTACGGCA-1","Tumor cells in mucosa and submucosa"
"TCTAGGACTATGGCGA-1","Non-neoplastic colon"
"TCTAGGTTAGGCTATG-1","Non-neoplastic colon"
"TCTAGGTTGTTACATT-1","Non-neoplastic colon"
"TCTAGTAAGGCATAGC-1","Tumor cells in muscularis propria"
"TCTAGTCTTCGTCACT-1","Tumor cells in muscularis propria"
"TCTATCCAATACAGCG-1","Non-neoplastic colon"
"TCTATCCAGATCTGGC-1","Tumor cells in mucosa and submucosa"
"TCTATCCTCGACGTTA-1","Non-neoplastic colon"
"TCTATCGGCCGTGCGG-1","Tumor cells in mucosa and submucosa"
"TCTATCTTAGTAGATG-1","Tumor stroma in muscularis propria"
"TCTATGACTGACGCAA-1","Tumor cells in muscularis propria"
"TCTATGCCATAGACCT-1","Non-neoplastic colon"
"TCTATGGAATCGCACT-1","Non-neoplastic colon"
"TCTATTACCTAGGACG-1","Non-neoplastic colon"
"TCTATTCACGAAGTGC-1","Tumor cells in mucosa and submucosa"
"TCTATTCATTGGATTA-1","Non-neoplastic colon"
"TCTATTCCACATAACA-1","Non-neoplastic colon"
"TCTATTCGGCTCTAAT-1","Tumor cells in mucosa and submucosa"
"TCTATTGGATAGAAGT-1","Non-neoplastic colon"
"TCTATTGTCATAGGAG-1","Non-neoplastic colon"
"TCTGATAACGGACCTC-1","Non-neoplastic colon"
"TCTGATCCTAATAGAA-1","Tumor stroma in mucosa and submucosa"
"TCTGATTCAAGACAAT-1","Non-neoplastic colon"
"TCTGCAAGCTCGGTGC-1","Non-neoplastic colon"
"TCTGCAAGGTTATCGC-1","Tumor cells in mucosa and submucosa"
"TCTGCAATTCGCCGCT-1","Tumor cells in mucosa and submucosa"
"TCTGCACGCAACGCAG-1","Non-neoplastic colon"
"TCTGCACGCCATTGGC-1","Non-neoplastic colon"
"TCTGCACTTAGTGCCA-1","Tumor stroma in mucosa and submucosa"
"TCTGCAGGAGATTCAC-1","Non-neoplastic colon"
"TCTGCATGAAGGAAGA-1","Non-neoplastic colon"
"TCTGCCAAGGAACGCA-1","Non-neoplastic colon"
"TCTGCCATTGTTCTCG-1","Non-neoplastic colon"
"TCTGCCGAATCTAGCC-1","Tumor cells in muscularis propria"
"TCTGCCGGAACCGGAC-1","Non-neoplastic colon"
"TCTGCGAGTTGGTTAA-1","Tumor cells in mucosa and submucosa"
"TCTGCGCTACAGACTA-1","Non-neoplastic colon"
"TCTGCGGCGTGGTATT-1","Non-neoplastic colon"
"TCTGCGTCAGTTGGAG-1","Non-neoplastic colon"
"TCTGCGTGTCAGACGC-1","Non-neoplastic colon"
"TCTGCTTCCACGGCAC-1","Tumor cells in mucosa and submucosa"
"TCTGGATACGTCGGAT-1","Tumor stroma in muscularis propria"
"TCTGGTAGGAACCAAG-1","Non-neoplastic colon"
"TCTGGTAGTGATAGGA-1","Tumor cells in mucosa and submucosa"
"TCTGGTCAACTAGATC-1","Non-neoplastic colon"
"TCTGGTCATATCAGAT-1","Tumor cells in mucosa and submucosa"
"TCTGGTCCTTATCATG-1","Non-neoplastic colon"
"TCTGGTCGCCTGGTGC-1","Tumor cells in muscularis propria"
"TCTGGTCGTTAGGCGA-1","Non-neoplastic colon"
"TCTGGTCTCAATTGAT-1","Tumor cells in mucosa and submucosa"
"TCTGTACCGATACTCG-1","Non-neoplastic colon"
"TCTGTACGTGCACTCC-1","Non-neoplastic colon"
"TCTGTACTGCATTCTG-1","Non-neoplastic colon"
"TCTGTATTAGGAACTC-1","Non-neoplastic colon"
"TCTGTTAATTCTCCTT-1","Non-neoplastic colon"
"TCTGTTCTATAAGAAT-1","Non-neoplastic colon"
"TCTTAACTCGTCGGCT-1","Non-neoplastic colon"
"TCTTACATACAATTAG-1","Non-neoplastic colon"
"TCTTACATAGCGGAGC-1","Non-neoplastic colon"
"TCTTACATAGGTCTTC-1","Non-neoplastic colon"
"TCTTACATCCTCGTTG-1","Non-neoplastic colon"
"TCTTACATCGATACTG-1","Non-neoplastic colon"
"TCTTACATGAATAACC-1","Tumor stroma in muscularis propria"
"TCTTACATGTTAACAG-1","Non-neoplastic colon"
"TCTTACCAGGTCTGTA-1","Non-neoplastic colon"
"TCTTACGAACTAAGAA-1","Non-neoplastic colon"
"TCTTACGACAGCGGAG-1","Tumor cells in muscularis propria"
"TCTTACGAGCGATTCA-1","Non-neoplastic colon"
"TCTTACGAGGTTCTAA-1","Tumor cells in mucosa and submucosa"
"TCTTACGGCATATCGC-1","Non-neoplastic colon"
"TCTTACGGTTGTGCTT-1","Non-neoplastic colon"
"TCTTACTCCAATCGCC-1","Non-neoplastic colon"
"TCTTACTCCATAACCT-1","Non-neoplastic colon"
"TCTTACTCGCAACTGC-1","Non-neoplastic colon"
"TCTTACTGCCTGCGTC-1","Tumor cells in mucosa and submucosa"
"TCTTACTTACCTCCTG-1","Non-neoplastic colon"
"TCTTAGAATACTGCCA-1","Tumor cells in mucosa and submucosa"
"TCTTAGACAGTTCGAA-1","Tumor stroma in muscularis propria"
"TCTTAGACGAACGGAA-1","Tumor cells in mucosa and submucosa"
"TCTTAGATGATATTGA-1","Tumor stroma in mucosa and submucosa"
"TCTTAGCCACGACACT-1","Non-neoplastic colon"
"TCTTAGCCAGAATGAT-1","Non-neoplastic colon"
"TCTTAGGCTACCTCTA-1","Non-neoplastic colon"
"TCTTAGGCTAGTACGT-1","Tumor cells in mucosa and submucosa"
"TCTTAGGCTCTACATC-1","Tumor cells in muscularis propria"
"TCTTAGTAACTCGCTC-1","Non-neoplastic colon"
"TCTTCGGTCGCTGCGA-1","Non-neoplastic colon"
"TCTTCGGTTGACTTAA-1","Tumor cells in mucosa and submucosa"
"TCTTGAGGACCATCTA-1","Tumor cells in mucosa and submucosa"
"TCTTGAGTTCAGGTCA-1","Non-neoplastic colon"
"TCTTGCACAGCAGGAA-1","Non-neoplastic colon"
"TCTTGCAGATCTTCAA-1","Tumor cells in mucosa and submucosa"
"TCTTGCATACTAACTC-1","Non-neoplastic colon"
"TCTTGCATCCAACGAC-1","Non-neoplastic colon"
"TCTTGCATCCGCTCTA-1","Tumor cells in muscularis propria"
"TCTTGCATGCTTGCCG-1","Tumor cells in mucosa and submucosa"
"TCTTGCCAACTCAACA-1","Tumor cells in mucosa and submucosa"
"TCTTGCCAGCACGCAT-1","Non-neoplastic colon"
"TCTTGCCGGCGTCTTG-1","Non-neoplastic colon"
"TCTTGCCGTATCGCTG-1","Tumor cells in mucosa and submucosa"
"TCTTGCGGAGTTGTTA-1","Non-neoplastic colon"
"TCTTGCGGCCGGTAAG-1","Non-neoplastic colon"
"TCTTGCGGTATTACCA-1","Non-neoplastic colon"
"TCTTGCTAACGCCTTA-1","Non-neoplastic colon"
"TCTTGCTAGGTTCCTG-1","Tumor cells in mucosa and submucosa"
"TCTTGCTGAAGCTCCG-1","Tumor cells in mucosa and submucosa"
"TCTTGTCGCCTCCATT-1","Tumor stroma in mucosa and submucosa"
"TGAACAAGCGGCCGGT-1","Non-neoplastic colon"
"TGAACGAACCTGAGCC-1","Non-neoplastic colon"
"TGAACGAAGATGCCGG-1","Tumor stroma in mucosa and submucosa"
"TGAACGATGTTGAGGA-1","Non-neoplastic colon"
"TGAACGCCTTACTCAA-1","Non-neoplastic colon"
"TGAACGGAACCATTAG-1","Tumor cells in muscularis propria"
"TGAACGGAGCGAACCA-1","Non-neoplastic colon"
"TGAACGTGCGAAGTGA-1","Tumor cells in mucosa and submucosa"
"TGAACGTGCGCAACTT-1","Tumor cells in mucosa and submucosa"
"TGAACGTGTTCTTAGT-1","Non-neoplastic colon"
"TGAACGTTAACTGATT-1","Non-neoplastic colon"
"TGAACTCCTATCGGTG-1","Non-neoplastic colon"
"TGAACTGCACGCGTAA-1","Tumor cells in muscularis propria"
"TGAACTGGATACGCCG-1","Non-neoplastic colon"
"TGAACTTGAGGCCAAT-1","Tumor cells in muscularis propria"
"TGAAGAACAGGTATCA-1","Non-neoplastic colon"
"TGAAGAACGAACAGCA-1","Non-neoplastic colon"
"TGAAGAACGCTCCTGG-1","Tumor stroma in muscularis propria"
"TGAAGAATGTAAGGCC-1","Non-neoplastic colon"
"TGAAGACAAGCCTCGG-1","Non-neoplastic colon"
"TGAAGACAATGACTGG-1","Non-neoplastic colon"
"TGAAGATAGAGCTCCA-1","Non-neoplastic colon"
"TGAAGATTGACAGGAA-1","Tumor cells in muscularis propria"
"TGAAGCAGAAGGAGCA-1","Non-neoplastic colon"
"TGAAGTCTTGACAGCG-1","Tumor cells in mucosa and submucosa"
"TGAATACATTGGCCGA-1","Non-neoplastic colon"
"TGAATACCTAGTAAGT-1","Tumor stroma in muscularis propria"
"TGAATACTAACGTTGA-1","Non-neoplastic colon"
"TGAATACTTAATTCCA-1","Non-neoplastic colon"
"TGAATACTTGTTATCT-1","Non-neoplastic colon"
"TGAATGACCTTAACCG-1","Tumor cells in mucosa and submucosa"
"TGAATGACGCTTGATC-1","Tumor cells in mucosa and submucosa"
"TGAATGCCAAGTATTG-1","Tumor stroma in mucosa and submucosa"
"TGAATGCCTGAGTTGG-1","Non-neoplastic colon"
"TGAATGCGCACGATCG-1","Non-neoplastic colon"
"TGAATGGCAGCTGTCA-1","Non-neoplastic colon"
"TGAATGGCGTGCCGCA-1","Non-neoplastic colon"
"TGAATGTACAGGTCAC-1","Tumor cells in muscularis propria"
"TGAATGTTAATCTGCG-1","Tumor stroma in mucosa and submucosa"
"TGAATGTTAGCACGTA-1","Tumor cells in muscularis propria"
"TGAATGTTATGTCGAC-1","Tumor cells in mucosa and submucosa"
"TGAATGTTCCGATATT-1","Non-neoplastic colon"
"TGAATTAACCGTTGCG-1","Non-neoplastic colon"
"TGAATTATGAGTCGCA-1","Non-neoplastic colon"
"TGAATTCAGGAAGTAG-1","Non-neoplastic colon"
"TGAATTCAGGTTCGAA-1","Non-neoplastic colon"
"TGACAGAACGATTGGC-1","Non-neoplastic colon"
"TGACAGACTGAGTTAC-1","Non-neoplastic colon"
"TGACAGACTGCGCACG-1","Non-neoplastic colon"
"TGACAGCTTCGATGTA-1","Non-neoplastic colon"
"TGACAGCTTGTCGACA-1","Tumor cells in muscularis propria"
"TGACATCAGAAGCTCA-1","Tumor cells in mucosa and submucosa"
"TGACATCATACCTGCC-1","Non-neoplastic colon"
"TGACATCTCCATCCTA-1","Tumor cells in mucosa and submucosa"
"TGACCAAGAAGTGGCT-1","Non-neoplastic colon"
"TGACCAATACTGCGAG-1","Tumor cells in muscularis propria"
"TGACCAATAGAACAGC-1","Non-neoplastic colon"
"TGACCAATCGGTATCT-1","Tumor cells in muscularis propria"
"TGACCAATGGATCCTT-1","Tumor cells in muscularis propria"
"TGACCAATTCCTCAGT-1","Non-neoplastic colon"
"TGACCAATTGTAGACG-1","Non-neoplastic colon"
"TGACCAGCAACGTGTC-1","Non-neoplastic colon"
"TGACCAGCCGTGTCTT-1","Non-neoplastic colon"
"TGACCAGGTCTATTAG-1","Non-neoplastic colon"
"TGACCAGTCACTAGGT-1","Non-neoplastic colon"
"TGACCAGTTGGTGCCA-1","Non-neoplastic colon"
"TGACCATCCGGCGTCC-1","Tumor cells in mucosa and submucosa"
"TGACCATGGAATCCAG-1","Tumor cells in mucosa and submucosa"
"TGACCATTACATAACT-1","Non-neoplastic colon"
"TGACCATTCACCATAC-1","Non-neoplastic colon"
"TGACCATTCAGGCGAA-1","Tumor cells in muscularis propria"
"TGACCATTGCTCGATA-1","Tumor cells in mucosa and submucosa"
"TGACCTCCGGATAACC-1","Non-neoplastic colon"
"TGACCTTAGACCGCAT-1","Non-neoplastic colon"
"TGACGCCTATTGTCGG-1","Non-neoplastic colon"
"TGACGCCTCATCCGCC-1","Non-neoplastic colon"
"TGACGCCTTAGTTACG-1","Non-neoplastic colon"
"TGACGCTTCCGTGCTA-1","Non-neoplastic colon"
"TGACGGCAATTCCGTC-1","Non-neoplastic colon"
"TGACGGCACCTAAGGC-1","Non-neoplastic colon"
"TGACGGCGACGCCACT-1","Tumor cells in mucosa and submucosa"
"TGACTCAACAAGTCGC-1","Non-neoplastic colon"
"TGACTCGGACGGTAAC-1","Non-neoplastic colon"
"TGACTTAACACCAAGC-1","Non-neoplastic colon"
"TGACTTCCTGCGTACT-1","Non-neoplastic colon"
"TGACTTGAGCTACAAC-1","Tumor cells in mucosa and submucosa"
"TGACTTGAGTCTTGTT-1","Tumor cells in muscularis propria"
"TGACTTGCTAACGAAT-1","Tumor cells in mucosa and submucosa"
"TGAGAACATTCTCAGC-1","Non-neoplastic colon"
"TGAGAAGGAGCTTCCT-1","Non-neoplastic colon"
"TGAGAATAGGCATAGG-1","Non-neoplastic colon"
"TGAGAATATCCTTCAT-1","Non-neoplastic colon"
"TGAGAATTACGTGCCG-1","Tumor cells in mucosa and submucosa"
"TGAGACCGCTATCATA-1","Non-neoplastic colon"
"TGAGACGTCCGATCAC-1","Tumor cells in muscularis propria"
"TGAGACGTTACGCCGA-1","Tumor stroma in muscularis propria"
"TGAGACGTTATTGACA-1","Tumor cells in mucosa and submucosa"
"TGAGACTAGTCTGTCG-1","Tumor cells in muscularis propria"
"TGAGATCATATTAATC-1","Tumor cells in mucosa and submucosa"
"TGAGCAATGTGCGTGG-1","Tumor cells in mucosa and submucosa"
"TGAGCACGACCGGTCT-1","Non-neoplastic colon"
"TGAGCACGTACCGCTA-1","Non-neoplastic colon"
"TGAGCAGACCTCGTCA-1","Tumor cells in mucosa and submucosa"
"TGAGCAGACGCCACAA-1","Non-neoplastic colon"
"TGAGCAGACTAGCAAG-1","Non-neoplastic colon"
"TGAGCAGATGGCTATG-1","Non-neoplastic colon"
"TGAGCCAGTTCCTTCA-1","Non-neoplastic colon"
"TGAGCCATCGGAGCCT-1","Non-neoplastic colon"
"TGAGCCTACGCCGAAT-1","Non-neoplastic colon"
"TGAGCCTAGCTTACAA-1","Non-neoplastic colon"
"TGAGCCTATTCTCCAC-1","Non-neoplastic colon"
"TGAGCCTCCGTACATA-1","Non-neoplastic colon"
"TGAGCGCCTGCTATAC-1","Tumor stroma in muscularis propria"
"TGAGCTCCAGGCCTGC-1","Non-neoplastic colon"
"TGAGCTCCGTTGCTTC-1","Non-neoplastic colon"
"TGAGCTTGAGATTCGT-1","Non-neoplastic colon"
"TGAGCTTGGACTATCA-1","Non-neoplastic colon"
"TGAGGAACGTAGGATT-1","Non-neoplastic colon"
"TGAGGAATCCGGTTAT-1","Tumor cells in mucosa and submucosa"
"TGAGGAATTATCCTTA-1","Tumor cells in mucosa and submucosa"
"TGAGGCAGAACCGTCG-1","Tumor cells in mucosa and submucosa"
"TGAGGCATTATCTACC-1","Non-neoplastic colon"
"TGAGGCCACTGCCATG-1","Non-neoplastic colon"
"TGAGGCGTCGTTCCTA-1","Non-neoplastic colon"
"TGAGGTAACCAGCGTG-1","Tumor cells in subserosa"
"TGAGGTAAGAATTGCG-1","Non-neoplastic colon"
"TGAGGTAAGTTCTGGC-1","Tumor cells in mucosa and submucosa"
"TGAGGTAATGAATCAT-1","Tumor cells in mucosa and submucosa"
"TGAGGTACAGTCAGTC-1","Tumor cells in mucosa and submucosa"
"TGAGGTACATAATTGG-1","Non-neoplastic colon"
"TGAGGTACGCTCGAAG-1","Non-neoplastic colon"
"TGAGGTAGCACGTGGT-1","Non-neoplastic colon"
"TGAGGTAGGCGGTTCC-1","Tumor cells in mucosa and submucosa"
"TGAGGTAGTCGTATGG-1","Non-neoplastic colon"
"TGAGGTCGGAGTTAGG-1","Non-neoplastic colon"
"TGAGGTCGTTGGAATC-1","Non-neoplastic colon"
"TGAGGTGAGTCGCTTA-1","Non-neoplastic colon"
"TGAGGTGCCATACTGG-1","Non-neoplastic colon"
"TGAGGTGCTTCCGGTT-1","Non-neoplastic colon"
"TGAGGTTAGTATTCAC-1","Tumor cells in mucosa and submucosa"
"TGAGTACGAAGAGTTG-1","Non-neoplastic colon"
"TGAGTATGTACCGAAT-1","Non-neoplastic colon"
"TGAGTATTGCGGAAGA-1","Tumor cells in muscularis propria"
"TGAGTCCATAGGCATA-1","Non-neoplastic colon"
"TGAGTCGCGATATTAC-1","Non-neoplastic colon"
"TGAGTGACATGACCGA-1","Non-neoplastic colon"
"TGAGTGAGCCGCATTA-1","Non-neoplastic colon"
"TGAGTGCAACAGGACG-1","Non-neoplastic colon"
"TGAGTGGCCTGGAGGT-1","Tumor cells in mucosa and submucosa"
"TGAGTGTCGGTCGTGC-1","Tumor cells in muscularis propria"
"TGAGTTAAGATCACGA-1","Tumor cells in mucosa and submucosa"
"TGAGTTCCATTGAGTA-1","Non-neoplastic colon"
"TGAGTTCCGGATCCTT-1","Non-neoplastic colon"
"TGAGTTCCGTCATAGG-1","Non-neoplastic colon"
"TGAGTTCTAACTACTT-1","Non-neoplastic colon"
"TGAGTTCTTACCTGAA-1","Non-neoplastic colon"
"TGAGTTGACACTTAAC-1","Tumor cells in muscularis propria"
"TGAGTTGGCTTACAGC-1","Non-neoplastic colon"
"TGAGTTGTTCTTAGTA-1","Tumor cells in mucosa and submucosa"
"TGATACGTCGAATGTT-1","Tumor cells in mucosa and submucosa"
"TGATAGCCGGAAGCAG-1","Non-neoplastic colon"
"TGATAGCCTCCGTCAA-1","Non-neoplastic colon"
"TGATAGCGAAGCATAA-1","Non-neoplastic colon"
"TGATAGGAGTTGCCAG-1","Non-neoplastic colon"
"TGATAGTCTAAGTTCG-1","Non-neoplastic colon"
"TGATCATGGTTAGATT-1","Tumor cells in mucosa and submucosa"
"TGATCGCATAGGATTC-1","LVI"
"TGATCTGTCGGATAGA-1","Non-neoplastic colon"
"TGATGCTGGTCGCAGA-1","Non-neoplastic colon"
"TGATGGAAGGCTCGTT-1","Non-neoplastic colon"
"TGATGGAAGTGACTGC-1","Non-neoplastic colon"
"TGATGGAGCCAGTCTA-1","Non-neoplastic colon"
"TGATGGAGTCCGATCC-1","Non-neoplastic colon"
"TGATGGAGTCTTGGTT-1","Non-neoplastic colon"
"TGATGGCCGTAGGTAA-1","Tumor cells in muscularis propria"
"TGATGGCGAAGATTCC-1","Non-neoplastic colon"
"TGATGGTGAGTGGCTC-1","Tumor cells in muscularis propria"
"TGATGGTGGAGTAATA-1","Tumor stroma in muscularis propria"
"TGATGGTTAGTGATCA-1","Non-neoplastic colon"
"TGATGGTTGGTGCGGT-1","Non-neoplastic colon"
"TGATGGTTGTTCCACC-1","Non-neoplastic colon"
"TGATGTACTATGTTCT-1","Non-neoplastic colon"
"TGATGTACTCAATCGC-1","Necrosis"
"TGATGTCTGGAGTCTG-1","Non-neoplastic colon"
"TGATTCACCGGTCAGC-1","Tumor stroma in muscularis propria"
"TGATTCACGCTTACAT-1","Non-neoplastic colon"
"TGATTCACGTCGGAGT-1","Non-neoplastic colon"
"TGATTCACTACCGATG-1","Tumor cells in muscularis propria"
"TGATTCACTATGACTA-1","Tumor stroma in mucosa and submucosa"
"TGATTCATACGGAATA-1","Non-neoplastic colon"
"TGATTCATAGTATCTT-1","Tumor cells in mucosa and submucosa"
"TGATTCATTGGTATAC-1","Non-neoplastic colon"
"TGATTCCAATTCAATA-1","Non-neoplastic colon"
"TGATTCCGCCAAGGCG-1","Non-neoplastic colon"
"TGATTCCGTACAAGAC-1","Non-neoplastic colon"
"TGATTCCGTTCGCTGC-1","Tumor cells in mucosa and submucosa"
"TGATTCGTAGCCGAGC-1","Non-neoplastic colon"
"TGATTCGTCTCGTATG-1","Non-neoplastic colon"
"TGATTCGTTCACGTTA-1","Non-neoplastic colon"
"TGATTCGTTGGAGTGG-1","Tumor stroma in mucosa and submucosa"
"TGATTCGTTGTCGCCT-1","Non-neoplastic colon"
"TGATTCTAACCGTGAG-1","Non-neoplastic colon"
"TGATTCTAACTGGATC-1","Non-neoplastic colon"
"TGATTCTGGAATTCAT-1","Non-neoplastic colon"
"TGCAACGTCGCCGACC-1","Tumor cells in mucosa and submucosa"
"TGCAACTAATCTAGTG-1","Non-neoplastic colon"
"TGCAACTCTTGCATAC-1","Non-neoplastic colon"
"TGCAAGCATCTTATTG-1","Tumor stroma in muscularis propria"
"TGCAATAGTGCGATAG-1","Non-neoplastic colon"
"TGCACCATGAATAGGA-1","Tumor stroma in mucosa and submucosa"
"TGCACCGACAGAGCAG-1","Non-neoplastic colon"
"TGCACCGATATCCTTG-1","Tumor stroma in mucosa and submucosa"
"TGCACCGGTTGCTTGG-1","Non-neoplastic colon"
"TGCACCTCGGCTTCGG-1","Non-neoplastic colon"
"TGCACGAACCTGCAGA-1","Non-neoplastic colon"
"TGCACGACATTGAAGC-1","Tumor cells in muscularis propria"
"TGCACGACCGATTCTA-1","Non-neoplastic colon"
"TGCACGAGAAGGCCGA-1","Tumor stroma in mucosa and submucosa"
"TGCACGAGAATGGTCC-1","Non-neoplastic colon"
"TGCACGAGGCGACACT-1","Non-neoplastic colon"
"TGCACGCTACGCAATC-1","Non-neoplastic colon"
"TGCACGCTATTGGCCT-1","Tumor cells in muscularis propria"
"TGCACGGCAGTCTTAC-1","Non-neoplastic colon"
"TGCACGGCCACCGGAG-1","Non-neoplastic colon"
"TGCACGGCGAGGATAC-1","Non-neoplastic colon"
"TGCACGGTATCGTCGA-1","Tumor cells in mucosa and submucosa"
"TGCACGGTCGACTACG-1","Tumor cells in mucosa and submucosa"
"TGCACGGTTAATGACC-1","Non-neoplastic colon"
"TGCACGGTTGGACTCC-1","Non-neoplastic colon"
"TGCACGTAATCATTCT-1","Tumor cells in mucosa and submucosa"
"TGCACGTACTATCAAT-1","Non-neoplastic colon"
"TGCACGTATTGGTACG-1","Non-neoplastic colon"
"TGCACGTGCCACGCCT-1","Tumor cells in mucosa and submucosa"
"TGCACGTGTCCACGAT-1","Non-neoplastic colon"
"TGCACTGGCACTAGGA-1","Non-neoplastic colon"
"TGCACTTGATTCTAGG-1","Non-neoplastic colon"
"TGCAGAACAACTCAAG-1","Non-neoplastic colon"
"TGCAGAACAATAACGC-1","Non-neoplastic colon"
"TGCAGAACATACGTCG-1","Non-neoplastic colon"
"TGCAGAAGCCTCTTGA-1","Tumor stroma in mucosa and submucosa"
"TGCAGAAGGCGTTCAG-1","Non-neoplastic colon"
"TGCAGAAGTGTTGATG-1","Tumor cells in mucosa and submucosa"
"TGCAGAATACTGCAGG-1","Tumor stroma in mucosa and submucosa"
"TGCAGAATTAACTAAG-1","Non-neoplastic colon"
"TGCAGACAATCTGTCT-1","Tumor cells in muscularis propria"
"TGCAGACAGGAAGTGC-1","Non-neoplastic colon"
"TGCAGACGAGGCCTGT-1","Non-neoplastic colon"
"TGCAGACGGTTAAGGT-1","Tumor stroma in mucosa and submucosa"
"TGCAGAGCCAGCGTCT-1","Non-neoplastic colon"
"TGCAGAGCTTCCTTAG-1","Non-neoplastic colon"
"TGCAGAGCTTCTGCTA-1","Tumor cells in mucosa and submucosa"
"TGCAGAGGTTCGAGTG-1","Non-neoplastic colon"
"TGCAGATGTTAACTGC-1","Non-neoplastic colon"
"TGCAGATGTTGGTGAT-1","Non-neoplastic colon"
"TGCAGATTATAAGAAT-1","Non-neoplastic colon"
"TGCAGATTCCGAACGT-1","Non-neoplastic colon"
"TGCAGATTGCTGCCTA-1","Tumor cells in mucosa and submucosa"
"TGCAGATTGTTCGTAC-1","Tumor cells in muscularis propria"
"TGCAGCTATGCGTGCA-1","Tumor cells in mucosa and submucosa"
"TGCAGTCGTGTTGCCT-1","Tumor stroma in muscularis propria"
"TGCAGTCTACAGTTAT-1","Non-neoplastic colon"
"TGCAGTCTATTCGTGA-1","Non-neoplastic colon"
"TGCAGTTCCGACCTGC-1","Non-neoplastic colon"
"TGCAGTTCTTCACTAT-1","Tumor cells in muscularis propria"
"TGCATAATTCCGTCCG-1","Tumor cells in muscularis propria"
"TGCATCTGGTTAGAGG-1","Tumor stroma in mucosa and submucosa"
"TGCATTACCACTAACA-1","Non-neoplastic colon"
"TGCATTACCAGAATGT-1","Non-neoplastic colon"
"TGCATTACTTACAAGT-1","Non-neoplastic colon"
"TGCATTCAGCGGTTCG-1","Non-neoplastic colon"
"TGCATTCCACAATGAC-1","Non-neoplastic colon"
"TGCATTCTGCCAGCAA-1","Non-neoplastic colon"
"TGCATTCTTGGTCGTA-1","Tumor stroma in muscularis propria"
"TGCATTGCAGGATACT-1","Non-neoplastic colon"
"TGCCAACCACTGCGTA-1","Non-neoplastic colon"
"TGCCAACGACTCATTG-1","Tumor cells in mucosa and submucosa"
"TGCCAACGCTCACGGC-1","Non-neoplastic colon"
"TGCCAACGTAACCACT-1","Non-neoplastic colon"
"TGCCAACTACCGGCAC-1","Non-neoplastic colon"
"TGCCAATAAGTTGTTC-1","Non-neoplastic colon"
"TGCCACAAGTTCACTT-1","Non-neoplastic colon"
"TGCCACAGATGAGGTT-1","Non-neoplastic colon"
"TGCCACAGTATCCTGC-1","Tumor stroma in mucosa and submucosa"
"TGCCACATTCACAGTC-1","Tumor cells in muscularis propria"
"TGCCACCGAGGTGCTA-1","Non-neoplastic colon"
"TGCCACCTATGCACGA-1","Tumor cells in mucosa and submucosa"
"TGCCACCTTATTGGAA-1","Non-neoplastic colon"
"TGCCACGGAGTAAGCC-1","Non-neoplastic colon"
"TGCCACGGATACTTAT-1","Non-neoplastic colon"
"TGCCACTAATGTGCAC-1","Non-neoplastic colon"
"TGCCACTACAGATATT-1","Non-neoplastic colon"
"TGCCACTTGGATCCAT-1","Non-neoplastic colon"
"TGCCAGATTCCTCGAC-1","Tumor cells in muscularis propria"
"TGCCAGCTGAATCGTT-1","Tumor cells in muscularis propria"
"TGCCAGCTGACGGCCG-1","Tumor cells in mucosa and submucosa"
"TGCCAGGAAGGTCTTA-1","Non-neoplastic colon"
"TGCCAGTAGCCACTTA-1","Tumor cells in mucosa and submucosa"
"TGCCAGTGCGGTTAAG-1","Tumor cells in mucosa and submucosa"
"TGCCAGTTCTTGGATG-1","Tumor stroma in mucosa and submucosa"
"TGCCAGTTGTGGTCGT-1","Non-neoplastic colon"
"TGCCGCATAATGTCAC-1","Non-neoplastic colon"
"TGCCGCTAATCCTGGC-1","Non-neoplastic colon"
"TGCCGCTACACGTTAC-1","Tumor cells in mucosa and submucosa"
"TGCCGCTTGTAAGTCC-1","Non-neoplastic colon"
"TGCCGCTTGTCTCGGT-1","Non-neoplastic colon"
"TGCCGGAATTCACTTG-1","Tumor stroma in muscularis propria"
"TGCCGTTGAATAGTAC-1","Tumor cells in muscularis propria"
"TGCCTAAGCTAAGACA-1","Tumor cells in muscularis propria"
"TGCCTACATAGATTCC-1","Non-neoplastic colon"
"TGCCTACATGAACGAA-1","Tumor stroma in muscularis propria"
"TGCCTACATTCCATTC-1","Non-neoplastic colon"
"TGCCTACGAGTCAGAA-1","Non-neoplastic colon"
"TGCCTACGGATCGATA-1","Non-neoplastic colon"
"TGCCTACGGCCTATAA-1","Non-neoplastic colon"
"TGCCTACTCAGCGACT-1","Non-neoplastic colon"
"TGCCTACTGACTGCGT-1","Non-neoplastic colon"
"TGCCTACTGTAATGTA-1","Non-neoplastic colon"
"TGCCTAGCTTCCTCGT-1","Tumor stroma in muscularis propria"
"TGCCTAGGCGTTCGTA-1","Non-neoplastic colon"
"TGCCTAGGCTGATCGG-1","Non-neoplastic colon"
"TGCCTATCCTAAGCAT-1","Non-neoplastic colon"
"TGCCTATCGTGGAGGC-1","Tumor cells in mucosa and submucosa"
"TGCCTATGAAGAATAG-1","Tumor cells in mucosa and submucosa"
"TGCCTCACGCGTAGAA-1","Non-neoplastic colon"
"TGCGAACAGGAGTGGT-1","Non-neoplastic colon"
"TGCGAACATATGCTTC-1","Tumor cells in mucosa and submucosa"
"TGCGAAGAACTGTAAC-1","Tumor cells in muscularis propria"
"TGCGAAGTAGGTATAC-1","Non-neoplastic colon"
"TGCGAATTGCTTATGT-1","Non-neoplastic colon"
"TGCGAGCTTGCGTGTA-1","Non-neoplastic colon"
"TGCGATAATGGTATTG-1","Non-neoplastic colon"
"TGCGATCTAGACCTGA-1","Non-neoplastic colon"
"TGCGATGTACTTCAGT-1","Tumor stroma in mucosa and submucosa"
"TGCGATTAACGTGAGG-1","Tumor cells in mucosa and submucosa"
"TGCGATTACTATGGAG-1","Non-neoplastic colon"
"TGCGATTAGTGCTCTG-1","Non-neoplastic colon"
"TGCGATTCATGCAACG-1","Tumor stroma in mucosa and submucosa"
"TGCGCAACATAGACTC-1","Tumor cells in mucosa and submucosa"
"TGCGCAAGAATTACAT-1","Tumor cells in mucosa and submucosa"
"TGCGCCATAAGCGGCT-1","Tumor cells in mucosa and submucosa"
"TGCGCCATTAAGTCTA-1","Tumor cells in mucosa and submucosa"
"TGCGCCTGAGGACAAG-1","Tumor stroma in mucosa and submucosa"
"TGCGCCTGGACCTTCT-1","Non-neoplastic colon"
"TGCGCCTTATGTGAGC-1","Non-neoplastic colon"
"TGCGCCTTGTGAGTAT-1","Tumor cells in muscularis propria"
"TGCGCTACTCCACTGA-1","Non-neoplastic colon"
"TGCGCTCAACGCCGTC-1","Non-neoplastic colon"
"TGCGCTCACGGACCAT-1","Non-neoplastic colon"
"TGCGCTCGTTAGCAGG-1","Non-neoplastic colon"
"TGCGCTGACGCATACA-1","Tumor cells in mucosa and submucosa"
"TGCGCTGGAGACCACG-1","Non-neoplastic colon"
"TGCGCTGTCAGCACTT-1","Non-neoplastic colon"
"TGCGGACAGGCCTGCC-1","Non-neoplastic colon"
"TGCGGACCGACGAGGC-1","Non-neoplastic colon"
"TGCGGACCGGTCGCAC-1","Non-neoplastic colon"
"TGCGGACCTCACCATT-1","Non-neoplastic colon"
"TGCGGACCTCGTTGAG-1","Non-neoplastic colon"
"TGCGGACGTTAAGCTA-1","Tumor cells in mucosa and submucosa"
"TGCGGACGTTGCAGCT-1","Tumor cells in mucosa and submucosa"
"TGCGGACTCGGATGGA-1","Non-neoplastic colon"
"TGCGGAGCCTCCAGAC-1","Tumor cells in muscularis propria"
"TGCGGAGCTATTGAAT-1","Non-neoplastic colon"
"TGCGGAGGACTCAACG-1","Tumor cells in mucosa and submucosa"
"TGCGGAGGCAATAGAT-1","Tumor cells in muscularis propria"
"TGCGGAGGCACTTCGC-1","Non-neoplastic colon"
"TGCGGATCGACATTCG-1","Tumor cells in mucosa and submucosa"
"TGCGGATCGGAGACCT-1","Non-neoplastic colon"
"TGCGGATCTAGGAGAA-1","Tumor cells in mucosa and submucosa"
"TGCGGATCTGACTGCG-1","Non-neoplastic colon"
"TGCGGATTCAGTGGTC-1","Non-neoplastic colon"
"TGCGGATTCTCGTATC-1","Non-neoplastic colon"
"TGCGGATTGGAACGGT-1","Tumor cells in muscularis propria"
"TGCGGCAAGGACGCGA-1","Tumor cells in mucosa and submucosa"
"TGCGGCCAGGAGTAAC-1","Non-neoplastic colon"
"TGCGGCCTCCGCACTC-1","Non-neoplastic colon"
"TGCGGCTACTGGATAG-1","Non-neoplastic colon"
"TGCGTAGTCCACCTTA-1","LVI"
"TGCGTCAACTAAGCAG-1","Non-neoplastic colon"
"TGCGTCAATCTACTAT-1","Non-neoplastic colon"
"TGCGTCCTTGGTAGCT-1","Non-neoplastic colon"
"TGCGTCTGGAGCCAGA-1","Non-neoplastic colon"
"TGCGTCTGTTAGACGC-1","Tumor cells in muscularis propria"
"TGCGTGAGGCTTCGGT-1","Non-neoplastic colon"
"TGCGTTAGTACACGAC-1","Tumor cells in mucosa and submucosa"
"TGCGTTATGGAGTCCA-1","Tumor cells in mucosa and submucosa"
"TGCGTTCGCACGGCTT-1","Tumor cells in muscularis propria"
"TGCGTTGCGTAATCGC-1","Non-neoplastic colon"
"TGCGTTGCGTGGCTGT-1","Non-neoplastic colon"
"TGCTAATAACTTAGAA-1","Non-neoplastic colon"
"TGCTACATAAGACGAA-1","Non-neoplastic colon"
"TGCTACATGCACATGT-1","Non-neoplastic colon"
"TGCTACATTATCATAA-1","Non-neoplastic colon"
"TGCTACCGCCATGACA-1","Non-neoplastic colon"
"TGCTACGATGGACACG-1","Tumor cells in mucosa and submucosa"
"TGCTACTCGAACCTAC-1","Non-neoplastic colon"
"TGCTACTTACAGCGGA-1","Non-neoplastic colon"
"TGCTAGATAGGTAGCA-1","Non-neoplastic colon"
"TGCTAGGTTACTTCAC-1","Non-neoplastic colon"
"TGCTAGTGGTTAACCA-1","Non-neoplastic colon"
"TGCTATAATCACCGCT-1","Tumor cells in mucosa and submucosa"
"TGCTATACGACCATCC-1","Non-neoplastic colon"
"TGCTATACTCATTAGT-1","Non-neoplastic colon"
"TGCTATACTCCGAGTT-1","Non-neoplastic colon"
"TGCTATCGAATCCGGA-1","Non-neoplastic colon"
"TGCTATGCGATATGTC-1","Non-neoplastic colon"
"TGCTATGTAAGATATG-1","Non-neoplastic colon"
"TGCTATTAATAGGACC-1","Tumor cells in mucosa and submucosa"
"TGCTATTACACTAAGC-1","Non-neoplastic colon"
"TGCTCCGAGTTCCTGA-1","Non-neoplastic colon"
"TGCTCCGGCCGCACAA-1","Non-neoplastic colon"
"TGCTCCTACCACTGTC-1","Non-neoplastic colon"
"TGCTGTAACGCTTCTA-1","Non-neoplastic colon"
"TGCTGTATCAATGGCG-1","Tumor cells in mucosa and submucosa"
"TGCTGTATCATATTAA-1","Non-neoplastic colon"
"TGCTGTCAGGTCCTGT-1","Tumor cells in mucosa and submucosa"
"TGCTGTCATAGTAACC-1","Non-neoplastic colon"
"TGCTGTCGAACAGAAT-1","Non-neoplastic colon"
"TGCTGTCTAAGAACAA-1","Non-neoplastic colon"
"TGCTGTCTAGTATCGG-1","Non-neoplastic colon"
"TGCTGTCTCGCTTAAC-1","Non-neoplastic colon"
"TGCTGTCTCGTCACCA-1","Non-neoplastic colon"
"TGCTGTGAAGGTGAAG-1","Non-neoplastic colon"
"TGCTGTGATTGTCAGT-1","Non-neoplastic colon"
"TGCTGTGCGGAGGCGG-1","Non-neoplastic colon"
"TGCTGTGCTAACTGCT-1","Non-neoplastic colon"
"TGCTGTTAGAGGCCAC-1","Tumor stroma in muscularis propria"
"TGCTGTTCCTTAGGAT-1","Non-neoplastic colon"
"TGCTGTTCGCGATTCT-1","Non-neoplastic colon"
"TGCTTACCAGCGAAGG-1","Non-neoplastic colon"
"TGCTTACCATACTCAA-1","Tumor cells in mucosa and submucosa"
"TGCTTACTTATCTGCG-1","Non-neoplastic colon"
"TGCTTAGAACCTCGTG-1","Tumor cells in muscularis propria"
"TGCTTAGATATGACGG-1","Tumor stroma in muscularis propria"
"TGCTTAGATCACAGTA-1","Non-neoplastic colon"
"TGCTTAGCGAAGTCGA-1","Necrosis"
"TGCTTAGTCCTCTGAA-1","Non-neoplastic colon"
"TGCTTAGTCTTAAGCT-1","Non-neoplastic colon"
"TGCTTCATTCAGACAA-1","Non-neoplastic colon"
"TGCTTCCAGGAGGCAA-1","Tumor cells in mucosa and submucosa"
"TGCTTCTACGAATAAG-1","Tumor cells in mucosa and submucosa"
"TGCTTCTACGGTCTTC-1","Non-neoplastic colon"
"TGCTTCTGAACGAGAT-1","Non-neoplastic colon"
"TGGAAGACATAGATAC-1","Non-neoplastic colon"
"TGGAAGACGGCTATGT-1","Tumor cells in mucosa and submucosa"
"TGGAAGCAAGCGCAAG-1","Non-neoplastic colon"
"TGGAAGCAGTTGGTAC-1","Non-neoplastic colon"
"TGGAAGCTCGAATATT-1","Non-neoplastic colon"
"TGGAAGCTGCTCGCTT-1","Tumor cells in mucosa and submucosa"
"TGGAAGGATAACTTAG-1","Non-neoplastic colon"
"TGGAAGGATTATGTGA-1","Non-neoplastic colon"
"TGGAAGGATTGATCGT-1","Non-neoplastic colon"
"TGGAAGGTAGTTGGCT-1","Non-neoplastic colon"
"TGGAAGGTCACCGCGG-1","Non-neoplastic colon"
"TGGAAGGTGGAGGTGC-1","Non-neoplastic colon"
"TGGAAGTCCGCCAGTA-1","Non-neoplastic colon"
"TGGAAGTGATAGGTTA-1","Non-neoplastic colon"
"TGGAAGTGGCCAACAT-1","Non-neoplastic colon"
"TGGAAGTGGCGGTGCT-1","Non-neoplastic colon"
"TGGAAGTGTAATAGAA-1","Tumor cells in mucosa and submucosa"
"TGGAAGTGTTCAATGC-1","Tumor cells in mucosa and submucosa"
"TGGAAGTTGTATAATT-1","Non-neoplastic colon"
"TGGAAGTTGTCTGTAA-1","Non-neoplastic colon"
"TGGAATTAGCCGTGTC-1","Tumor cells in mucosa and submucosa"
"TGGACAATCGCCACCG-1","Tumor cells in muscularis propria"
"TGGACACGAAGAATCC-1","Non-neoplastic colon"
"TGGACACGCAACCGTT-1","Non-neoplastic colon"
"TGGACACGCTGTCATG-1","Non-neoplastic colon"
"TGGACAGCACAATGGT-1","Non-neoplastic colon"
"TGGACAGCTCGGCCGT-1","Non-neoplastic colon"
"TGGACCTATGATTAAC-1","Non-neoplastic colon"
"TGGACGCATAAGCGCT-1","Non-neoplastic colon"
"TGGACGCATCTAGGTT-1","Tumor cells in muscularis propria"
"TGGACGTGCGATTCGG-1","Non-neoplastic colon"
"TGGACGTGGATGTCAT-1","Non-neoplastic colon"
"TGGACTACTGTAACCT-1","Non-neoplastic colon"
"TGGACTAGCACTTCTG-1","Non-neoplastic colon"
"TGGACTAGGCCTAGTT-1","Non-neoplastic colon"
"TGGACTCCTGACAGTA-1","Non-neoplastic colon"
"TGGACTGAATACAGCA-1","Non-neoplastic colon"
"TGGACTGGTGGCGATA-1","Non-neoplastic colon"
"TGGACTTAGTCAAGAT-1","Non-neoplastic colon"
"TGGACTTCACTGGAGC-1","Tumor cells in muscularis propria"
"TGGACTTCATGATTAT-1","Tumor cells in muscularis propria"
"TGGACTTCTAGAGCTT-1","Tumor cells in mucosa and submucosa"
"TGGACTTGACGTGACG-1","Non-neoplastic colon"
"TGGACTTGCCGCGTTC-1","Non-neoplastic colon"
"TGGAGGAACGTGCGTA-1","Non-neoplastic colon"
"TGGAGTAATCGCAACT-1","Non-neoplastic colon"
"TGGAGTAATTAGTTAA-1","Tumor cells in muscularis propria"
"TGGAGTCCAGCAATAG-1","Non-neoplastic colon"
"TGGAGTCCGAACGTGG-1","Tumor cells in mucosa and submucosa"
"TGGAGTCCGAAGCACC-1","Non-neoplastic colon"
"TGGAGTCCTCAAGACT-1","Tumor cells in muscularis propria"
"TGGAGTCCTGTTATGA-1","Non-neoplastic colon"
"TGGAGTCGAGATCAAC-1","Non-neoplastic colon"
"TGGAGTCGGCTGTACT-1","Non-neoplastic colon"
"TGGAGTCTAGCGGTGC-1","Tumor cells in muscularis propria"
"TGGAGTCTCCACGGCA-1","Tumor cells in muscularis propria"
"TGGAGTCTCGGCTTGA-1","Tumor cells in muscularis propria"
"TGGAGTGCCGAGTCAT-1","Tumor cells in mucosa and submucosa"
"TGGAGTGCCTAAGGTT-1","Non-neoplastic colon"
"TGGAGTGCGTTACATA-1","Non-neoplastic colon"
"TGGAGTGCTCACAAGG-1","Non-neoplastic colon"
"TGGAGTTGCGACAGTG-1","Non-neoplastic colon"
"TGGATACCACTCCGAA-1","Non-neoplastic colon"
"TGGATCACGCAGGTAT-1","Tumor cells in mucosa and submucosa"
"TGGATCGAGCATTAGC-1","Non-neoplastic colon"
"TGGATCTAACGAAGTT-1","Non-neoplastic colon"
"TGGATCTACAACCAGG-1","Non-neoplastic colon"
"TGGATCTAGTTGTATG-1","Non-neoplastic colon"
"TGGATGCGAGGCGAAC-1","Non-neoplastic colon"
"TGGATTATCATGAGCA-1","Non-neoplastic colon"
"TGGATTCACCTGGATC-1","Non-neoplastic colon"
"TGGATTGTACGCAACC-1","Tumor cells in muscularis propria"
"TGGCAACCTATCGTCC-1","Non-neoplastic colon"
"TGGCAAGCACCATAGC-1","Non-neoplastic colon"
"TGGCAAGCTGTTCATA-1","Non-neoplastic colon"
"TGGCAATACATCACCT-1","Non-neoplastic colon"
"TGGCAATATGGCGAAC-1","Non-neoplastic colon"
"TGGCAGATGGCACCGC-1","Non-neoplastic colon"
"TGGCAGCGCCTGGTTA-1","Tumor cells in muscularis propria"
"TGGCATAATTGTAGCG-1","Tumor stroma in muscularis propria"
"TGGCATAGATACATCA-1","Tumor cells in mucosa and submucosa"
"TGGCATCTGTAGTCAC-1","Non-neoplastic colon"
"TGGCATGCCTCACTAG-1","Non-neoplastic colon"
"TGGCATGCGTATGTAT-1","Tumor cells in mucosa and submucosa"
"TGGCATGTAGTGCACT-1","Non-neoplastic colon"
"TGGCATGTATTCTTAC-1","Non-neoplastic colon"
"TGGCATGTGGACTGAG-1","Tumor stroma in mucosa and submucosa"
"TGGCCAACGCACTCTG-1","Tumor cells in mucosa and submucosa"
"TGGCCAAGGTATTCAC-1","Non-neoplastic colon"
"TGGCCACTATCGTTGT-1","Non-neoplastic colon"
"TGGCCACTTGAGGTAA-1","Non-neoplastic colon"
"TGGCCATATCAACGTC-1","Tumor cells in mucosa and submucosa"
"TGGCCATTAATACACG-1","Non-neoplastic colon"
"TGGCCATTACATCTAC-1","Non-neoplastic colon"
"TGGCCATTCTATCGTA-1","Non-neoplastic colon"
"TGGCCATTGTCCGGCT-1","Tumor cells in muscularis propria"
"TGGCCTGTTCTGATCA-1","Tumor cells in mucosa and submucosa"
"TGGCCTTCTGGCCTCG-1","Non-neoplastic colon"
"TGGCGAATCTACTCTT-1","Tumor cells in mucosa and submucosa"
"TGGCGAATGTCTTCGA-1","Non-neoplastic colon"
"TGGCGACACGGAGCAC-1","Non-neoplastic colon"
"TGGCGACAGGCGAGAA-1","Non-neoplastic colon"
"TGGCGAGGAAGTTCGT-1","Non-neoplastic colon"
"TGGCGATACAATGAGT-1","Non-neoplastic colon"
"TGGCGATAGTACCGTG-1","Non-neoplastic colon"
"TGGCGGCCGCAACGTC-1","Non-neoplastic colon"
"TGGCTCATCGTCTTGG-1","Non-neoplastic colon"
"TGGCTCCAGTCCAGAC-1","Non-neoplastic colon"
"TGGCTCCGCACTTCGG-1","Non-neoplastic colon"
"TGGCTCTAAGCGACGG-1","Non-neoplastic colon"
"TGGCTCTTGATAACTC-1","Tumor cells in mucosa and submucosa"
"TGGCTGAAGCTGCATC-1","Non-neoplastic colon"
"TGGCTGAATCGACAGA-1","Tumor cells in mucosa and submucosa"
"TGGCTGAATGCCAGGT-1","Non-neoplastic colon"
"TGGCTGCAACCATACT-1","Non-neoplastic colon"
"TGGCTGCAGCGGAGTA-1","Non-neoplastic colon"
"TGGCTGCATTCCGAAT-1","Non-neoplastic colon"
"TGGCTGGCAATACGAT-1","Tumor stroma in muscularis propria"
"TGGCTGGCCTTAGGCC-1","Non-neoplastic colon"
"TGGCTGGCGGACCAGA-1","Non-neoplastic colon"
"TGGCTGGTATAACTCC-1","Tumor cells in mucosa and submucosa"
"TGGCTGGTGCGACGCT-1","Tumor stroma in muscularis propria"
"TGGCTGTTACGCCAAT-1","Non-neoplastic colon"
"TGGCTGTTATCAGGAA-1","Non-neoplastic colon"
"TGGCTGTTGGACTCGG-1","Tumor cells in mucosa and submucosa"
"TGGTAAGCTTAGATGC-1","Non-neoplastic colon"
"TGGTACATTGAGACGC-1","Non-neoplastic colon"
"TGGTACCGTATGACAA-1","Non-neoplastic colon"
"TGGTACCGTTGACAAC-1","Non-neoplastic colon"
"TGGTACGGCGAGATTA-1","Tumor cells in muscularis propria"
"TGGTACGGCGGTCCGA-1","Non-neoplastic colon"
"TGGTACGGTGCCACAT-1","Tumor cells in mucosa and submucosa"
"TGGTACGTCATGTCCT-1","Non-neoplastic colon"
"TGGTACGTCTTCGCTA-1","Non-neoplastic colon"
"TGGTACGTTCAGCATT-1","Non-neoplastic colon"
"TGGTACTCCTCATGTT-1","Non-neoplastic colon"
"TGGTACTCGCCTTGCC-1","Non-neoplastic colon"
"TGGTACTCTTCGCTCG-1","Tumor cells in mucosa and submucosa"
"TGGTACTGCACTGTCG-1","Non-neoplastic colon"
"TGGTACTTGTACGTGA-1","Tumor cells in muscularis propria"
"TGGTAGTTATAGTGTT-1","Non-neoplastic colon"
"TGGTATACTCCAGAGC-1","Tumor cells in muscularis propria"
"TGGTATAGATCTAGCC-1","Tumor cells in mucosa and submucosa"
"TGGTATCTTAATTACC-1","Non-neoplastic colon"
"TGGTATCTTCCTACAA-1","Non-neoplastic colon"
"TGGTATGTATGGAGTC-1","Non-neoplastic colon"
"TGGTATTACAACCGTG-1","Non-neoplastic colon"
"TGGTCATGCTTCGCCA-1","Tumor cells in mucosa and submucosa"
"TGGTCGAGGATCCTCG-1","Non-neoplastic colon"
"TGGTCGAGGCCTGAGT-1","Tumor stroma in muscularis propria"
"TGGTCGCCAAGTTAGG-1","Non-neoplastic colon"
"TGGTCGCTGCCTAGAT-1","Non-neoplastic colon"
"TGGTCTCATTCGGAGG-1","Non-neoplastic colon"
"TGGTCTGATAGAGTAT-1","Tumor cells in muscularis propria"
"TGGTCTGCAGCCAATT-1","Tumor cells in mucosa and submucosa"
"TGGTCTGGATACGTTA-1","Tumor cells in mucosa and submucosa"
"TGGTCTTCTGATTAGA-1","Non-neoplastic colon"
"TGGTGATGTCGCCTTC-1","Non-neoplastic colon"
"TGGTGCAGGCAGGTGA-1","Non-neoplastic colon"
"TGGTGCAGGTCAAGAC-1","Non-neoplastic colon"
"TGGTGCAGTTCTGAAT-1","Non-neoplastic colon"
"TGGTGCATTGAGCTTG-1","Non-neoplastic colon"
"TGGTGCCGAACAGTCA-1","Non-neoplastic colon"
"TGGTGCCGTAACTCGG-1","Non-neoplastic colon"
"TGGTGCGAGCAAGCAC-1","Non-neoplastic colon"
"TGGTGCGAGGCGTAGC-1","Non-neoplastic colon"
"TGGTGCGATAAGTTGT-1","Tumor cells in mucosa and submucosa"
"TGGTGCGGTTGTCTCA-1","Non-neoplastic colon"
"TGGTGCTCGTGCGTTC-1","Non-neoplastic colon"
"TGGTGCTCTACTTGAA-1","Non-neoplastic colon"
"TGGTGCTTGCGTATCT-1","Non-neoplastic colon"
"TGGTTAACTGCCATGG-1","Non-neoplastic colon"
"TGGTTACGAGATGCAA-1","Non-neoplastic colon"
"TGGTTACGCCTTGGTC-1","Non-neoplastic colon"
"TGGTTATTCAGATAGT-1","Non-neoplastic colon"
"TGGTTATTCCAATGCA-1","Non-neoplastic colon"
"TGGTTGAAGTTACGTG-1","Non-neoplastic colon"
"TGGTTGAATGGATAAG-1","Non-neoplastic colon"
"TGGTTGATCAATTAAG-1","Non-neoplastic colon"
"TGGTTGATCAGGCACT-1","Non-neoplastic colon"
"TGGTTGGAACAGCTTA-1","Tumor cells in mucosa and submucosa"
"TGGTTGGAGCCGCAAT-1","Tumor cells in muscularis propria"
"TGGTTGGATTAATGAT-1","Tumor cells in mucosa and submucosa"
"TGGTTGGATTCCTTCG-1","Non-neoplastic colon"
"TGGTTGGCACGGTATT-1","Non-neoplastic colon"
"TGGTTGGCCTAGTGGA-1","Non-neoplastic colon"
"TGGTTGGCTTGGTCAC-1","Tumor stroma in mucosa and submucosa"
"TGGTTGGTAATAGCGA-1","Non-neoplastic colon"
"TGGTTGGTTCGCGGCC-1","Tumor cells in muscularis propria"
"TGGTTGGTTCGTTAGG-1","Non-neoplastic colon"
"TGGTTGTAACATTGGC-1","Non-neoplastic colon"
"TGGTTGTATGCAACGA-1","Non-neoplastic colon"
"TGTAACATCAACTTGT-1","Non-neoplastic colon"
"TGTAACGTATTGAGGC-1","Non-neoplastic colon"
"TGTAAGCGCTCACTCA-1","Tumor cells in muscularis propria"
"TGTAAGCTGTACCAGA-1","Tumor cells in mucosa and submucosa"
"TGTAAGGAATGTCAGT-1","Tumor stroma in mucosa and submucosa"
"TGTAAGTGCTTGAGTT-1","Non-neoplastic colon"
"TGTAATACTGCGTGCC-1","Non-neoplastic colon"
"TGTAATCGCATAGGAT-1","Tumor cells in muscularis propria"
"TGTAATCGTCCTATTA-1","Non-neoplastic colon"
"TGTAATCTAACATTCG-1","Tumor cells in mucosa and submucosa"
"TGTAATGATACACTAC-1","Non-neoplastic colon"
"TGTAATGTATTCGAAT-1","Non-neoplastic colon"
"TGTAATGTCATTCCGA-1","Tumor cells in muscularis propria"
"TGTAATTAACGTCAAC-1","Non-neoplastic colon"
"TGTAATTGAAGCGTGA-1","Non-neoplastic colon"
"TGTAATTGTTCCAGCT-1","Non-neoplastic colon"
"TGTACCAACGTGCGAT-1","Tumor cells in mucosa and submucosa"
"TGTACCAAGTTGGTAA-1","Non-neoplastic colon"
"TGTACCACATGGCGTG-1","Non-neoplastic colon"
"TGTACCGCATCCGGCG-1","Non-neoplastic colon"
"TGTACCGTCGGCCACT-1","Non-neoplastic colon"
"TGTACCGTGAATTGCG-1","Non-neoplastic colon"
"TGTACCTACGGCGTTA-1","Tumor cells in mucosa and submucosa"
"TGTACCTTCAAGCTGG-1","Tumor cells in mucosa and submucosa"
"TGTAGACCGCACGTAA-1","Tumor cells in mucosa and submucosa"
"TGTAGCTCGGTACAGA-1","Non-neoplastic colon"
"TGTAGGACGACTTCGC-1","Non-neoplastic colon"
"TGTAGGACGGATCCAT-1","Non-neoplastic colon"
"TGTAGGAGCGGCACGC-1","Non-neoplastic colon"
"TGTAGGAGGCATACTA-1","Tumor cells in mucosa and submucosa"
"TGTAGGAGGCTAGCAG-1","Non-neoplastic colon"
"TGTAGGAGGCTCTGCC-1","Tumor cells in mucosa and submucosa"
"TGTAGGAGGTGCCTTC-1","Tumor cells in mucosa and submucosa"
"TGTAGGATAATCGCTG-1","Non-neoplastic colon"
"TGTAGGCAAGTTAGAT-1","Tumor cells in mucosa and submucosa"
"TGTAGGCACTGACAAT-1","Tumor cells in mucosa and submucosa"
"TGTAGGCAGCAACAGG-1","Non-neoplastic colon"
"TGTAGGTCGGCATACG-1","Non-neoplastic colon"
"TGTAGGTGATTGTTAG-1","Tumor cells in mucosa and submucosa"
"TGTAGGTGTCATGTTC-1","Non-neoplastic colon"
"TGTAGGTTATACGGCG-1","Tumor cells in muscularis propria"
"TGTAGGTTCTTGAACG-1","Tumor cells in mucosa and submucosa"
"TGTAGTCCAATAGATT-1","Non-neoplastic colon"
"TGTAGTCTATCACCGC-1","Non-neoplastic colon"
"TGTAGTGCAGCGCATG-1","Non-neoplastic colon"
"TGTAGTGGCTCCTAAT-1","Non-neoplastic colon"
"TGTAGTGGTTGTTCTG-1","Non-neoplastic colon"
"TGTAGTTCGCCAGGTT-1","Non-neoplastic colon"
"TGTATCACCATCGACT-1","Non-neoplastic colon"
"TGTATCCGATAATTAC-1","Tumor cells in mucosa and submucosa"
"TGTATCCGGATAACTG-1","Non-neoplastic colon"
"TGTATCCGTCCGTTCG-1","Non-neoplastic colon"
"TGTATCGTACTCGGTG-1","Non-neoplastic colon"
"TGTATCGTTCACCACG-1","Tumor cells in mucosa and submucosa"
"TGTATCTGCGCTCAAG-1","Tumor cells in mucosa and submucosa"
"TGTATGAAGCCGTGTT-1","Tumor cells in muscularis propria"
"TGTATGAAGCGTATTC-1","Tumor cells in mucosa and submucosa"
"TGTATGAATACATACG-1","Non-neoplastic colon"
"TGTATGACAACCTATC-1","Non-neoplastic colon"
"TGTATGACCTTACGTA-1","Tumor stroma in muscularis propria"
"TGTATGACTCTGCGCC-1","Non-neoplastic colon"
"TGTATGATCGTTAACC-1","Non-neoplastic colon"
"TGTATGCCTCCAATAA-1","Tumor stroma in muscularis propria"
"TGTATGCTATGGTGAA-1","Tumor stroma in mucosa and submucosa"
"TGTATGCTTCACGATA-1","Non-neoplastic colon"
"TGTATGGATAGGCTCG-1","Non-neoplastic colon"
"TGTATGGATGGTAACT-1","Tumor cells in mucosa and submucosa"
"TGTATGGTAGGCGTGC-1","Non-neoplastic colon"
"TGTATGGTCCGTTGTA-1","Tumor stroma in mucosa and submucosa"
"TGTATGTCCGGCTCTG-1","Tumor cells in muscularis propria"
"TGTATTGTATACCGGC-1","Tumor cells in mucosa and submucosa"
"TGTCAACACTCAGCGG-1","Tumor cells in mucosa and submucosa"
"TGTCAACACTTCAGTT-1","Non-neoplastic colon"
"TGTCAACCAATACCTC-1","Non-neoplastic colon"
"TGTCAACCTACGCATA-1","Non-neoplastic colon"
"TGTCAACCTGCTAACT-1","Tumor cells in mucosa and submucosa"
"TGTCAAGAACTGATTC-1","Non-neoplastic colon"
"TGTCAAGACGAACTCC-1","Non-neoplastic colon"
"TGTCAAGAGCAGGACC-1","Tumor cells in mucosa and submucosa"
"TGTCAAGTAACCTGAG-1","Non-neoplastic colon"
"TGTCAAGTAGTTCTCA-1","Tumor cells in mucosa and submucosa"
"TGTCAAGTCTATTAAG-1","Tumor cells in mucosa and submucosa"
"TGTCAAGTTGAGATTG-1","Non-neoplastic colon"
"TGTCAAGTTGCGTAGA-1","Non-neoplastic colon"
"TGTCAATACATACTGG-1","Non-neoplastic colon"
"TGTCAATATGTAGCCG-1","Non-neoplastic colon"
"TGTCAATCGCATGGCG-1","Non-neoplastic colon"
"TGTCAATGCGAAGGAG-1","Non-neoplastic colon"
"TGTCAATGCTGAGTGA-1","Non-neoplastic colon"
"TGTCACAATGCACGTA-1","Non-neoplastic colon"
"TGTCACAGCCACGATC-1","Tumor stroma in mucosa and submucosa"
"TGTCACAGTAGCGACG-1","Tumor cells in mucosa and submucosa"
"TGTCACCAAGTGCATC-1","Non-neoplastic colon"
"TGTCACCACGGCGATG-1","Tumor stroma in muscularis propria"
"TGTCACCATAACAGTA-1","Tumor cells in muscularis propria"
"TGTCACGTGAAGGTCT-1","Tumor cells in mucosa and submucosa"
"TGTCACGTGCAGCCAA-1","Tumor cells in mucosa and submucosa"
"TGTCACTAGCAGTTGA-1","Tumor cells in mucosa and submucosa"
"TGTCACTCATAAGGAA-1","Tumor cells in mucosa and submucosa"
"TGTCAGAATCCTTGCG-1","Tumor stroma in mucosa and submucosa"
"TGTCAGACATGCGAAG-1","Non-neoplastic colon"
"TGTCAGACGTGCTGCC-1","Non-neoplastic colon"
"TGTCAGATGAGTGGCG-1","Non-neoplastic colon"
"TGTCAGATTACGCAGT-1","Tumor cells in mucosa and submucosa"
"TGTCAGCAACTCTGGC-1","Non-neoplastic colon"
"TGTCAGCGCTCGACAT-1","Tumor cells in muscularis propria"
"TGTCAGCGGCAACTCC-1","Non-neoplastic colon"
"TGTCAGGTCGGCCAGC-1","Non-neoplastic colon"
"TGTCAGGTTAATGCAA-1","Non-neoplastic colon"
"TGTCAGTCACAATCGG-1","Non-neoplastic colon"
"TGTCAGTGACTGCAGA-1","Non-neoplastic colon"
"TGTCAGTGGAGCCGTA-1","Non-neoplastic colon"
"TGTCAGTGTACCTTAG-1","Non-neoplastic colon"
"TGTCATAGCACTATGT-1","Tumor stroma in muscularis propria"
"TGTCATCCACAGCAGT-1","Tumor stroma in muscularis propria"
"TGTCCATGTATTCGCC-1","Non-neoplastic colon"
"TGTCCGCCGATCTGTA-1","Non-neoplastic colon"
"TGTCCTAATAACGGAA-1","Tumor cells in mucosa and submucosa"
"TGTCCTAGACATCATT-1","Non-neoplastic colon"
"TGTCCTAGCAATTGTA-1","Non-neoplastic colon"
"TGTCCTAGGCACTCGC-1","Non-neoplastic colon"
"TGTCCTAGTGGCGTCC-1","Non-neoplastic colon"
"TGTCCTCATACCGACT-1","Non-neoplastic colon"
"TGTCCTCATGATTACA-1","Non-neoplastic colon"
"TGTCCTGGCTCGCTTC-1","Tumor cells in mucosa and submucosa"
"TGTCCTTAAGCGAGAA-1","Non-neoplastic colon"
"TGTCCTTCCTCGTACA-1","Non-neoplastic colon"
"TGTCCTTGACTAAGGC-1","Tumor cells in mucosa and submucosa"
"TGTCCTTGGTACCATC-1","Non-neoplastic colon"
"TGTCCTTGTTGGTATT-1","Tumor cells in muscularis propria"
"TGTCGAAGGTCGGCTT-1","Tumor cells in muscularis propria"
"TGTCGACGCACCGTGG-1","Non-neoplastic colon"
"TGTCGAGGTCACAGGC-1","Non-neoplastic colon"
"TGTCGAGGTGCGCACC-1","Tumor cells in muscularis propria"
"TGTCGAGTTAGCTTAT-1","Tumor cells in muscularis propria"
"TGTCGATCAGGTTACT-1","Tumor cells in muscularis propria"
"TGTCGATCGAACTCAC-1","Tumor stroma in mucosa and submucosa"
"TGTCGATCGATCGATT-1","Non-neoplastic colon"
"TGTCGATCGCTACGCT-1","Non-neoplastic colon"
"TGTCGATCTGATGTTG-1","Non-neoplastic colon"
"TGTCGCAACCAGACAA-1","Non-neoplastic colon"
"TGTCGCAAGACTGTTG-1","Tumor cells in mucosa and submucosa"
"TGTCGCGGCTACGCAC-1","Non-neoplastic colon"
"TGTCGCGTCTGATAGA-1","Non-neoplastic colon"
"TGTCGCTATCTGGCGA-1","Non-neoplastic colon"
"TGTCGCTCGGCCAGTA-1","Tumor cells in mucosa and submucosa"
"TGTCGTGCTACAACGT-1","Tumor stroma in mucosa and submucosa"
"TGTCGTTAGCTGTATC-1","Tumor cells in mucosa and submucosa"
"TGTCTAAGGTATCATG-1","Non-neoplastic colon"
"TGTCTAATCTGTAGCA-1","Non-neoplastic colon"
"TGTCTAATGCTTCGGA-1","Tumor cells in mucosa and submucosa"
"TGTCTAATTAGGTCTA-1","Tumor cells in muscularis propria"
"TGTCTGCCATACCGCC-1","Non-neoplastic colon"
"TGTCTGCGACCTATTC-1","Tumor cells in mucosa and submucosa"
"TGTCTGCGAGTTCATT-1","Non-neoplastic colon"
"TGTCTGCGTGCCTGGC-1","Tumor stroma in mucosa and submucosa"
"TGTCTGGAATCATAGG-1","Non-neoplastic colon"
"TGTCTGGATTACTATT-1","Non-neoplastic colon"
"TGTCTTACAAGCCTTC-1","Tumor cells in mucosa and submucosa"
"TGTCTTCAGAAGTGCC-1","Non-neoplastic colon"
"TGTCTTCCATGTCTAA-1","Non-neoplastic colon"
"TGTCTTCCGGTGCTCC-1","Tumor cells in muscularis propria"
"TGTCTTCCTGACCGAG-1","Non-neoplastic colon"
"TGTCTTGCATAGTAAC-1","Tumor cells in mucosa and submucosa"
"TGTCTTGGATCGGACT-1","Non-neoplastic colon"
"TGTCTTGGCAGTTAGA-1","Tumor cells in mucosa and submucosa"
"TGTCTTGGCTACCTGG-1","Non-neoplastic colon"
"TGTTAACGAGACATCG-1","Tumor stroma in muscularis propria"
"TGTTAACGAGCGTCCA-1","Non-neoplastic colon"
"TGTTAACGCATGGATA-1","Non-neoplastic colon"
"TGTTAATGATTCACTA-1","Tumor cells in muscularis propria"
"TGTTACAACGCTAATT-1","Non-neoplastic colon"
"TGTTACAACGGTGCCA-1","Non-neoplastic colon"
"TGTTACAATCAATCTA-1","Non-neoplastic colon"
"TGTTACCGAGCAATGA-1","Non-neoplastic colon"
"TGTTAGGATTGTCTTG-1","Non-neoplastic colon"
"TGTTATCCAGTACCGA-1","Non-neoplastic colon"
"TGTTATGTACGCATAC-1","Tumor cells in mucosa and submucosa"
"TGTTCAACGACTGCAT-1","Non-neoplastic colon"
"TGTTCACCAAGAACGA-1","Non-neoplastic colon"
"TGTTCACCTATGAGAA-1","Non-neoplastic colon"
"TGTTCACTCAGTTCGC-1","Tumor cells in muscularis propria"
"TGTTCACTCCTTGACT-1","Non-neoplastic colon"
"TGTTCACTTCACATAA-1","Non-neoplastic colon"
"TGTTCAGAATCCTAAT-1","Non-neoplastic colon"
"TGTTCATAGCAATAGA-1","Non-neoplastic colon"
"TGTTCATATCTATGAC-1","Tumor stroma in mucosa and submucosa"
"TGTTCATATGACGCAA-1","Non-neoplastic colon"
"TGTTCCAATACTCAGT-1","Non-neoplastic colon"
"TGTTCCAATCTAATTG-1","Non-neoplastic colon"
"TGTTCCGAGTGCCGAT-1","Non-neoplastic colon"
"TGTTCGAGGCCAAGGA-1","Non-neoplastic colon"
"TGTTCGATCTAAGGCG-1","Tumor cells in mucosa and submucosa"
"TGTTCGATGGATACGT-1","Tumor cells in mucosa and submucosa"
"TGTTCGCACGGCCGGC-1","Non-neoplastic colon"
"TGTTCGCATGTTAGCG-1","Non-neoplastic colon"
"TGTTCGCTTCTAATCC-1","Tumor stroma in mucosa and submucosa"
"TGTTCGTACACGGCCA-1","Tumor stroma in mucosa and submucosa"
"TGTTCGTGGCGTCGTG-1","Non-neoplastic colon"
"TGTTGCCAGTCGCCTG-1","Tumor cells in muscularis propria"
"TGTTGCCGGAATGATC-1","Non-neoplastic colon"
"TGTTGCCGTTCGACCA-1","Tumor stroma in mucosa and submucosa"
"TGTTGCTCGATGTCTG-1","Non-neoplastic colon"
"TGTTGGAAGCTACAAT-1","Tumor cells in mucosa and submucosa"
"TGTTGGAGCCGCGACG-1","Non-neoplastic colon"
"TGTTGGATAGATCAGA-1","Non-neoplastic colon"
"TGTTGGCCTGTAGCGG-1","Non-neoplastic colon"
"TGTTGGTGAGCGGACG-1","Non-neoplastic colon"
"TGTTGGTGATTAGGTA-1","Non-neoplastic colon"
"TGTTGGTGCGCACGAG-1","Non-neoplastic colon"
"TGTTGGTGCGCTTCGC-1","Tumor cells in mucosa and submucosa"
"TGTTGGTGCGGAATCA-1","Tumor cells in muscularis propria"
"TGTTGGTGGACTCAGG-1","Tumor cells in muscularis propria"
