sample_id	barcode	matrix_present	position_present	annotation_present	raw_label	coarse_category	in_tissue	array_row	array_col	x_fullres	y_fullres	x_display	y_display	image_in_bounds
SN124_A938797_Rep2	AAACAACGAATAGTTC-1	no	yes	no		unresolved	no	0.0	16.0	400.0	158.0	117.5894	46.4478	yes
SN124_A938797_Rep2	AAACAAGTATCTCCCA-1	no	yes	no		unresolved	no	50.0	102.0	1503.0	1276.0	441.8422	375.1102	yes
SN124_A938797_Rep2	AAACAATCTACTAGCA-1	yes	yes	yes	stroma_fibroblastic_IC high	stroma	yes	3.0	43.0	746.0	225.0	219.3043	66.144	yes
SN124_A938797_Rep2	AAACACCAATAACTGC-1	no	yes	no		unresolved	no	59.0	19.0	436.0	1476.0	128.1725	433.9049	yes
SN124_A938797_Rep2	AAACAGAGCGACTCCT-1	yes	yes	yes	tumor&stroma_IC med to high	mixed	yes	14.0	94.0	1401.0	472.0	411.8569	138.7555	yes
SN124_A938797_Rep2	AAACAGCTTTCAGAAG-1	no	yes	no		unresolved	no	43.0	9.0	309.0	1119.0	90.8378	328.9564	yes
SN124_A938797_Rep2	AAACAGGGTCTATATT-1	no	yes	no		unresolved	no	47.0	13.0	360.0	1208.0	105.8305	355.12	yes
SN124_A938797_Rep2	AAACAGTGTTCCTGGG-1	no	yes	no		unresolved	no	73.0	43.0	744.0	1789.0	218.7163	525.9187	yes
SN124_A938797_Rep2	AAACATGGTGAGAGGA-1	no	yes	no		unresolved	no	62.0	0.0	192.0	1543.0	56.4429	453.6012	yes
SN124_A938797_Rep2	AAACATTTCCCGGATT-1	no	yes	no		unresolved	no	61.0	97.0	1438.0	1522.0	422.734	447.4277	yes
SN124_A938797_Rep2	AAACCACTACACAGAT-1	no	yes	no		unresolved	no	3.0	117.0	1697.0	227.0	498.8731	66.732	yes
SN124_A938797_Rep2	AAACCCGAACGAAATC-1	no	yes	no		unresolved	no	45.0	115.0	1670.0	1165.0	490.9358	342.4792	yes
SN124_A938797_Rep2	AAACCGGAAATGTTAA-1	no	yes	no		unresolved	no	54.0	124.0	1785.0	1366.0	524.7428	401.5679	yes
SN124_A938797_Rep2	AAACCGGGTAGGTACC-1	no	yes	no		unresolved	no	42.0	28.0	553.0	1096.0	162.5674	322.195	yes
SN124_A938797_Rep2	AAACCGTTCGTCCAGG-1	no	yes	no		unresolved	no	52.0	42.0	732.0	1320.0	215.1886	388.0451	yes
SN124_A938797_Rep2	AAACCTAAGCAGCCGG-1	no	yes	no		unresolved	no	65.0	83.0	1258.0	1611.0	369.8187	473.5914	yes
SN124_A938797_Rep2	AAACCTCATGAAGTTG-1	no	yes	no		unresolved	no	37.0	19.0	437.0	985.0	128.4664	289.5639	yes
SN124_A938797_Rep2	AAACGAAGAACATACC-1	yes	yes	yes	tumor	tumor	yes	6.0	64.0	1016.0	293.0	298.6771	86.1342	yes
SN124_A938797_Rep2	AAACGAAGATGGAGTA-1	no	yes	no		unresolved	no	58.0	4.0	244.0	1454.0	71.7295	427.4375	yes
SN124_A938797_Rep2	AAACGACAGTCTTGCC-1	no	yes	no		unresolved	no	2.0	118.0	1709.0	204.0	502.4008	59.9706	yes
SN124_A938797_Rep2	AAACGAGACGGTTGAT-1	yes	yes	yes	tumor	tumor	yes	35.0	79.0	1208.0	941.0	355.12	276.6291	yes
SN124_A938797_Rep2	AAACGCCCGAGATCGG-1	no	yes	no		unresolved	no	4.0	108.0	1581.0	249.0	464.7722	73.1994	yes
SN124_A938797_Rep2	AAACGCTGGGCACGAC-1	no	yes	no		unresolved	no	70.0	126.0	1810.0	1724.0	532.0921	506.8104	yes
SN124_A938797_Rep2	AAACGGGCGTACGGGT-1	no	yes	no		unresolved	no	65.0	91.0	1361.0	1611.0	400.098	473.5914	yes
SN124_A938797_Rep2	AAACGGGTTGGTATCC-1	no	yes	no		unresolved	no	1.0	23.0	490.0	180.0	144.047	52.9152	yes
SN124_A938797_Rep2	AAACGGTTGCGAACTG-1	no	yes	no		unresolved	no	67.0	59.0	950.0	1656.0	279.2749	486.8202	yes
SN124_A938797_Rep2	AAACGTGTTCGCCCTA-1	no	yes	no		unresolved	no	14.0	118.0	1709.0	472.0	502.4008	138.7555	yes
SN124_A938797_Rep2	AAACTAACGTGGCGAC-1	no	yes	no		unresolved	no	8.0	110.0	1606.0	338.0	472.1215	99.3631	yes
SN124_A938797_Rep2	AAACTCGGTTCGCAAT-1	no	yes	no		unresolved	no	66.0	70.0	1091.0	1633.0	320.7251	480.0588	yes
SN124_A938797_Rep2	AAACTCGTGATATAAG-1	no	yes	no		unresolved	no	23.0	113.0	1645.0	673.0	483.5865	197.8442	yes
SN124_A938797_Rep2	AAACTGCTGGCTCCAA-1	yes	yes	yes	stroma_fibroblastic_IC high	stroma	yes	45.0	67.0	1053.0	1164.0	309.5541	342.1852	yes
SN124_A938797_Rep2	AAACTTAATTGCACGC-1	no	yes	no		unresolved	no	64.0	12.0	346.0	1588.0	101.7148	466.83	yes
SN124_A938797_Rep2	AAACTTGCAAACGTAT-1	no	yes	no		unresolved	no	45.0	19.0	437.0	1163.0	128.4664	341.8912	yes
SN124_A938797_Rep2	AAAGAATGACCTTAGA-1	no	yes	no		unresolved	no	64.0	2.0	218.0	1588.0	64.0862	466.83	yes
SN124_A938797_Rep2	AAAGAATGTGGACTAA-1	no	yes	no		unresolved	no	71.0	105.0	1540.0	1746.0	452.7193	513.2778	yes
SN124_A938797_Rep2	AAAGACATGAAGTTTA-1	no	yes	no		unresolved	no	0.0	92.0	1376.0	159.0	404.5076	46.7418	yes
SN124_A938797_Rep2	AAAGACCCAAGTCGCG-1	yes	yes	yes	stroma_fibroblastic_IC high	stroma	yes	10.0	48.0	810.0	382.0	238.1186	112.2979	yes
SN124_A938797_Rep2	AAAGACTGGGCGCTTT-1	no	yes	no		unresolved	no	29.0	15.0	386.0	806.0	113.4738	236.9427	yes
SN124_A938797_Rep2	AAAGCTTGCCTACATA-1	no	yes	no		unresolved	no	26.0	122.0	1760.0	741.0	517.3934	217.8344	yes
SN124_A938797_Rep2	AAAGGCCCTATAATAC-1	no	yes	no		unresolved	no	66.0	22.0	475.0	1633.0	139.6374	480.0588	yes
SN124_A938797_Rep2	AAAGGCTACGGACCAT-1	no	yes	no		unresolved	no	62.0	54.0	886.0	1544.0	260.4606	453.8951	yes
SN124_A938797_Rep2	AAAGGCTCTCGCGCCG-1	no	yes	no		unresolved	no	55.0	55.0	899.0	1387.0	264.2822	407.7413	yes
SN124_A938797_Rep2	AAAGGGATGTAGCAAG-1	yes	yes	yes	stroma_fibroblastic_IC high	stroma	yes	24.0	62.0	990.0	695.0	291.0338	204.3116	yes
SN124_A938797_Rep2	AAAGGGCAGCTTGAAT-1	yes	yes	yes	stroma desmoplastic_IC low	stroma	yes	24.0	26.0	527.0	694.0	154.9241	204.0176	yes
SN124_A938797_Rep2	AAAGGTAAGCTGTACC-1	no	yes	no		unresolved	no	10.0	106.0	1555.0	383.0	457.1289	112.5919	yes
SN124_A938797_Rep2	AAAGGTCAACGACATG-1	no	yes	no		unresolved	no	0.0	112.0	1632.0	159.0	479.7648	46.7418	yes
SN124_A938797_Rep2	AAAGTAGCATTGCTCA-1	no	yes	no		unresolved	no	51.0	27.0	539.0	1298.0	158.4517	381.5777	yes
SN124_A938797_Rep2	AAAGTCACTGATGTAA-1	yes	yes	yes	tumor&stroma_IC med to high	mixed	yes	10.0	52.0	862.0	382.0	253.4052	112.2979	yes
SN124_A938797_Rep2	AAAGTCGACCCTCAGT-1	no	yes	no		unresolved	no	37.0	15.0	386.0	985.0	113.4738	289.5639	yes
SN124_A938797_Rep2	AAAGTGCCATCAATTA-1	no	yes	no		unresolved	no	63.0	125.0	1798.0	1567.0	528.5644	460.6565	yes
SN124_A938797_Rep2	AAAGTGTGATTTATCT-1	yes	yes	yes	submucosa	other	yes	44.0	94.0	1400.0	1142.0	411.563	335.7178	yes
SN124_A938797_Rep2	AAAGTTGACTCCCGTA-1	yes	yes	yes	non neo epithelium	normal epithelium	yes	42.0	96.0	1426.0	1098.0	419.2063	322.7829	yes
SN124_A938797_Rep2	AAATAACCATACGGGA-1	yes	yes	yes	stroma_fibroblastic_IC high	stroma	yes	14.0	88.0	1324.0	472.0	389.221	138.7555	yes
SN124_A938797_Rep2	AAATAAGGTAGTGCCC-1	no	yes	no		unresolved	no	31.0	115.0	1670.0	852.0	490.9358	250.4655	yes
SN124_A938797_Rep2	AAATACCTATAAGCAT-1	yes	yes	yes	muscularis_IC med to high	other	yes	47.0	69.0	1079.0	1209.0	317.1974	355.414	yes
SN124_A938797_Rep2	AAATAGCTTAGACTTT-1	no	yes	no		unresolved	no	36.0	106.0	1554.0	964.0	456.8349	283.3905	yes
SN124_A938797_Rep2	AAATAGGGTGCTATTG-1	no	yes	no		unresolved	no	53.0	79.0	1207.0	1343.0	354.8261	394.8065	yes
SN124_A938797_Rep2	AAATCACTCCTAAACG-1	no	yes	no		unresolved	no	0.0	122.0	1761.0	160.0	517.6874	47.0358	yes
SN124_A938797_Rep2	AAATCCGATACACGCC-1	no	yes	no		unresolved	no	65.0	87.0	1310.0	1611.0	385.1053	473.5914	yes
SN124_A938797_Rep2	AAATCGCGGAAGGAGT-1	no	yes	no		unresolved	no	57.0	5.0	257.0	1431.0	75.5512	420.6761	yes
SN124_A938797_Rep2	AAATCGTGTACCACAA-1	yes	yes	yes	stroma_fibroblastic_IC high	stroma	yes	44.0	56.0	912.0	1142.0	268.1039	335.7178	yes
SN124_A938797_Rep2	AAATCTAGCCCTGCTA-1	no	yes	no		unresolved	no	53.0	101.0	1490.0	1343.0	438.0206	394.8065	yes
SN124_A938797_Rep2	AAATCTGCCCGCGTCC-1	no	yes	no		unresolved	no	71.0	3.0	231.0	1744.0	67.9079	512.6899	yes
SN124_A938797_Rep2	AAATGACTGATCAAAC-1	no	yes	no		unresolved	no	76.0	60.0	962.0	1857.0	282.8025	545.9089	yes
SN124_A938797_Rep2	AAATGATTCGATCAGC-1	yes	yes	yes	tumor&stroma_IC med to high	mixed	yes	21.0	111.0	1619.0	629.0	475.9432	184.9094	yes
SN124_A938797_Rep2	AAATGCTCGTTACGTT-1	yes	yes	yes	stroma desmoplastic_IC low	stroma	yes	16.0	24.0	502.0	515.0	147.5747	151.3964	yes
SN124_A938797_Rep2	AAATGGCATGTCTTGT-1	yes	yes	yes	tumor&stroma_IC med to high	mixed	yes	13.0	69.0	1080.0	449.0	317.4914	131.9941	yes
SN124_A938797_Rep2	AAATGGCCCGTGCCCT-1	no	yes	no		unresolved	no	49.0	17.0	411.0	1253.0	120.8231	368.3488	yes
SN124_A938797_Rep2	AAATGGTCAATGTGCC-1	yes	yes	yes	stroma_fibroblastic_IC high	stroma	yes	33.0	51.0	848.0	896.0	249.2896	263.4003	yes
SN124_A938797_Rep2	AAATGTATCTTATCCC-1	no	yes	no		unresolved	no	26.0	0.0	193.0	739.0	56.7369	217.2464	yes
SN124_A938797_Rep2	AAATGTGGGTGCTCCT-1	yes	yes	yes	stroma_fibroblastic_IC med	stroma	yes	2.0	54.0	888.0	203.0	261.0485	59.6766	yes
SN124_A938797_Rep2	AAATTAACGGGTAGCT-1	yes	yes	yes	stroma_fibroblastic_IC high	stroma	yes	34.0	58.0	938.0	918.0	275.7472	269.8677	yes
SN124_A938797_Rep2	AAATTAATAAGCGCGA-1	no	yes	no		unresolved	no	32.0	4.0	245.0	873.0	72.0235	256.6389	yes
SN124_A938797_Rep2	AAATTACACGACTCTG-1	yes	yes	yes	stroma_fibroblastic_IC high	stroma	yes	14.0	86.0	1298.0	472.0	381.5777	138.7555	yes
SN124_A938797_Rep2	AAATTACCTATCGATG-1	yes	yes	yes	stroma_fibroblastic_IC high	stroma	yes	26.0	94.0	1401.0	740.0	411.8569	217.5404	yes
SN124_A938797_Rep2	AAATTCCAGGTCCAAA-1	no	yes	no		unresolved	no	35.0	115.0	1670.0	942.0	490.9358	276.9231	yes
SN124_A938797_Rep2	AAATTGATAGTCCTTT-1	no	yes	no		unresolved	no	55.0	31.0	591.0	1387.0	173.7384	407.7413	yes
SN124_A938797_Rep2	AAATTGCGGCGGTTCT-1	no	yes	no		unresolved	no	5.0	19.0	438.0	270.0	128.7604	79.3729	yes
SN124_A938797_Rep2	AAATTGGTGAGAAGCA-1	no	yes	no		unresolved	no	15.0	119.0	1722.0	495.0	506.2224	145.5169	yes
SN124_A938797_Rep2	AAATTTACCGAAATCC-1	no	yes	no		unresolved	no	6.0	90.0	1350.0	293.0	396.8643	86.1342	yes
SN124_A938797_Rep2	AAATTTGCGGGTGTGG-1	no	yes	no		unresolved	no	47.0	33.0	617.0	1208.0	181.3817	355.12	yes
SN124_A938797_Rep2	AACAACTGGTAGTTGC-1	yes	yes	yes	stroma_fibroblastic_IC high	stroma	yes	28.0	42.0	733.0	784.0	215.4826	230.4753	yes
SN124_A938797_Rep2	AACAATACATTGTCGA-1	no	yes	no		unresolved	no	61.0	37.0	668.0	1521.0	196.3743	447.1338	yes
SN124_A938797_Rep2	AACAATTACTCTACGC-1	yes	yes	yes	exclude	exclude	yes	29.0	25.0	514.0	806.0	151.1024	236.9427	yes
SN124_A938797_Rep2	AACACACGCTCGCCGC-1	no	yes	no		unresolved	no	51.0	93.0	1387.0	1299.0	407.7413	381.8716	yes
SN124_A938797_Rep2	AACACGACTGTACTGA-1	yes	yes	yes	tumor&stroma_IC med to high	mixed	yes	9.0	65.0	1029.0	360.0	302.4988	105.8305	yes
SN124_A938797_Rep2	AACACGAGACGCGGCC-1	no	yes	no		unresolved	no	45.0	21.0	463.0	1163.0	136.1097	341.8912	yes
SN124_A938797_Rep2	AACACGCGGCCGCGAA-1	yes	yes	yes	stroma_fibroblastic_IC high	stroma	yes	6.0	34.0	631.0	292.0	185.4973	85.8403	yes
SN124_A938797_Rep2	AACAGCTGTGTGGCAA-1	no	yes	no		unresolved	no	59.0	31.0	591.0	1476.0	173.7384	433.9049	yes
SN124_A938797_Rep2	AACAGGAAATCGAATA-1	yes	yes	yes	tumor	tumor	yes	15.0	67.0	1054.0	494.0	309.8481	145.2229	yes
SN124_A938797_Rep2	AACAGGATGGGCCGCG-1	yes	yes	yes	stroma_fibroblastic_IC high	stroma	yes	29.0	31.0	591.0	806.0	173.7384	236.9427	yes
SN124_A938797_Rep2	AACAGGTAGTATGGAT-1	no	yes	no		unresolved	no	49.0	113.0	1644.0	1254.0	483.2925	368.6428	yes
SN124_A938797_Rep2	AACATAGCGTGTATCG-1	no	yes	no		unresolved	no	75.0	83.0	1258.0	1835.0	369.8187	539.4414	yes
SN124_A938797_Rep2	AACATATCAACTGGTG-1	yes	yes	yes	stroma_fibroblastic_IC high	stroma	yes	27.0	99.0	1465.0	763.0	430.6712	224.3018	yes
SN124_A938797_Rep2	AACATCGATACGTCTA-1	no	yes	no		unresolved	no	17.0	113.0	1645.0	539.0	483.5865	158.4517	yes
SN124_A938797_Rep2	AACATTGAAGTTGATC-1	no	yes	no		unresolved	no	67.0	23.0	488.0	1655.0	143.4591	486.5262	yes
SN124_A938797_Rep2	AACATTGGTCAGCCGT-1	no	yes	no		unresolved	no	3.0	17.0	412.0	225.0	121.1171	66.144	yes
SN124_A938797_Rep2	AACATTGTGACTCGAG-1	no	yes	no		unresolved	no	64.0	52.0	860.0	1588.0	252.8172	466.83	yes
SN124_A938797_Rep2	AACCAAGACTTCTCTG-1	no	yes	no		unresolved	no	36.0	24.0	501.0	962.0	147.2807	282.8025	yes
SN124_A938797_Rep2	AACCAGTATCACTCTT-1	no	yes	no		unresolved	no	6.0	92.0	1375.0	293.0	404.2136	86.1342	yes
SN124_A938797_Rep2	AACCATAGGGTTGAAC-1	no	yes	no		unresolved	no	65.0	11.0	334.0	1610.0	98.1872	473.2974	yes
SN124_A938797_Rep2	AACCATGGGATCGCTA-1	yes	yes	yes	stroma desmoplastic_IC low	stroma	yes	14.0	30.0	579.0	471.0	170.2107	138.4615	yes
SN124_A938797_Rep2	AACCCAGAGACGGAGA-1	yes	yes	yes	stroma_fibroblastic_IC high	stroma	yes	15.0	39.0	695.0	493.0	204.3116	144.929	yes
SN124_A938797_Rep2	AACCCATCCCATGATC-1	no	yes	no		unresolved	no	56.0	14.0	372.0	1409.0	109.3582	414.2087	yes
SN124_A938797_Rep2	AACCCGACAACCCGTG-1	no	yes	no		unresolved	no	67.0	43.0	744.0	1655.0	218.7163	486.5262	yes
SN124_A938797_Rep2	AACCCGAGCAGAATCG-1	no	yes	no		unresolved	no	57.0	113.0	1644.0	1433.0	483.2925	421.2641	yes
SN124_A938797_Rep2	AACCCGATAGGGCTTC-1	no	yes	no		unresolved	no	5.0	125.0	1799.0	271.0	528.8584	79.6668	yes
SN124_A938797_Rep2	AACCCGCTGTATTCCA-1	no	yes	no		unresolved	no	75.0	59.0	950.0	1834.0	279.2749	539.1475	yes
SN124_A938797_Rep2	AACCCTACTGTCAATA-1	yes	yes	yes	non neo epithelium	normal epithelium	yes	40.0	96.0	1426.0	1053.0	419.2063	309.5541	yes
SN124_A938797_Rep2	AACCCTGGTGGAACCA-1	yes	yes	yes	tumor	tumor	yes	8.0	70.0	1093.0	338.0	321.3131	99.3631	yes
SN124_A938797_Rep2	AACCGAGCTTGGTCAT-1	yes	yes	yes	tumor	tumor	yes	24.0	70.0	1092.0	695.0	321.0191	204.3116	yes
SN124_A938797_Rep2	AACCGCTAAGGGATGC-1	no	yes	no		unresolved	no	46.0	92.0	1374.0	1187.0	403.9196	348.9466	yes
SN124_A938797_Rep2	AACCGTTGTGTTTGCT-1	yes	yes	yes	stroma_fibroblastic_IC high	stroma	yes	12.0	64.0	1016.0	427.0	298.6771	125.5267	yes
SN124_A938797_Rep2	AACCTAAAGCCGTCCG-1	no	yes	no		unresolved	no	0.0	80.0	1221.0	159.0	358.9417	46.7418	yes
SN124_A938797_Rep2	AACCTCGCTTTAGCCC-1	no	yes	no		unresolved	no	62.0	82.0	1245.0	1544.0	365.9971	453.8951	yes
SN124_A938797_Rep2	AACCTGTCACGGAATT-1	no	yes	no		unresolved	no	36.0	118.0	1708.0	964.0	502.1068	283.3905	yes
SN124_A938797_Rep2	AACCTTTAAATACGGT-1	no	yes	no		unresolved	no	54.0	68.0	1066.0	1365.0	313.3758	401.2739	yes
SN124_A938797_Rep2	AACCTTTACGACGTCT-1	yes	yes	yes	stroma_fibroblastic_IC high	stroma	yes	16.0	92.0	1375.0	517.0	404.2136	151.9843	yes
SN124_A938797_Rep2	AACGAAAGTCGTCCCA-1	no	yes	no		unresolved	no	58.0	8.0	295.0	1454.0	86.7222	427.4375	yes
SN124_A938797_Rep2	AACGACCTCCTAGCCG-1	no	yes	no		unresolved	no	71.0	119.0	1720.0	1746.0	505.6345	513.2778	yes
SN124_A938797_Rep2	AACGATAATGCCGTAG-1	no	yes	no		unresolved	no	53.0	73.0	1130.0	1343.0	332.1901	394.8065	yes
SN124_A938797_Rep2	AACGATAGAAGGGCCG-1	yes	yes	yes	tumor&stroma_IC med to high	mixed	yes	15.0	53.0	874.0	494.0	256.9329	145.2229	yes
SN124_A938797_Rep2	AACGATATGTCAACTG-1	yes	yes	yes	tumor&stroma_IC med to high	mixed	yes	24.0	76.0	1169.0	695.0	343.6551	204.3116	yes
SN124_A938797_Rep2	AACGCATGATCTGGGT-1	yes	yes	yes	stroma_fibroblastic_IC high	stroma	yes	20.0	104.0	1529.0	606.0	449.4855	178.148	yes
SN124_A938797_Rep2	AACGCGAACGGCAACA-1	no	yes	no		unresolved	no	8.0	22.0	476.0	337.0	139.9314	99.0691	yes
SN124_A938797_Rep2	AACGCGACCTTGGGCG-1	no	yes	no		unresolved	no	67.0	53.0	873.0	1655.0	256.6389	486.5262	yes
SN124_A938797_Rep2	AACGCGGTCTCCAGCC-1	yes	yes	yes	stroma_fibroblastic_IC high	stroma	yes	23.0	65.0	1028.0	673.0	302.2048	197.8442	yes
SN124_A938797_Rep2	AACGCTGTTGCTGAAA-1	no	yes	no		unresolved	no	54.0	94.0	1400.0	1366.0	411.563	401.5679	yes
SN124_A938797_Rep2	AACGGACGTACGTATA-1	no	yes	no		unresolved	no	50.0	92.0	1374.0	1276.0	403.9196	375.1102	yes
SN124_A938797_Rep2	AACGGCCATCTCCGGT-1	no	yes	no		unresolved	no	47.0	39.0	694.0	1208.0	204.0176	355.12	yes
SN124_A938797_Rep2	AACGTACTGTGGGTAC-1	no	yes	no		unresolved	no	48.0	42.0	732.0	1231.0	215.1886	361.8814	yes
SN124_A938797_Rep2	AACGTAGTCTACCCAT-1	no	yes	no		unresolved	no	1.0	41.0	721.0	181.0	211.9549	53.2092	yes
SN124_A938797_Rep2	AACGTCAGACTAGTGG-1	yes	yes	yes	tumor&stroma_IC med to high	mixed	yes	24.0	40.0	707.0	694.0	207.8393	204.0176	yes
SN124_A938797_Rep2	AACGTCATCCGGCTTG-1	no	yes	no		unresolved	no	77.0	57.0	924.0	1879.0	271.6316	552.3763	yes
SN124_A938797_Rep2	AACGTCGCTGCACTTC-1	no	yes	no		unresolved	no	73.0	109.0	1592.0	1790.0	468.0059	526.2126	yes
SN124_A938797_Rep2	AACGTGATGAAGGACA-1	yes	yes	yes	exclude	exclude	yes	9.0	83.0	1260.0	360.0	370.4067	105.8305	yes
SN124_A938797_Rep2	AACGTGCGAAAGTCTC-1	yes	yes	yes	stroma_fibroblastic_IC high	stroma	yes	36.0	74.0	1143.0	963.0	336.0118	283.0965	yes
SN124_A938797_Rep2	AACGTTATCAGCACCT-1	no	yes	no		unresolved	no	22.0	10.0	322.0	649.0	94.6595	190.7888	yes
SN124_A938797_Rep2	AACGTTCTACCATTGT-1	no	yes	no		unresolved	no	75.0	127.0	1823.0	1835.0	535.9138	539.4414	yes
SN124_A938797_Rep2	AACTACCCGTTTGTCA-1	no	yes	no		unresolved	no	47.0	113.0	1644.0	1210.0	483.2925	355.708	yes
SN124_A938797_Rep2	AACTAGCGTATCGCAC-1	yes	yes	yes	stroma_fibroblastic_IC high	stroma	yes	4.0	48.0	810.0	248.0	238.1186	72.9054	yes
SN124_A938797_Rep2	AACTAGGCTTGGGTGT-1	no	yes	no		unresolved	no	55.0	61.0	976.0	1387.0	286.9182	407.7413	yes
SN124_A938797_Rep2	AACTCAAGTTAATTGC-1	yes	yes	yes	exclude	exclude	yes	38.0	44.0	758.0	1007.0	222.8319	296.0314	yes
SN124_A938797_Rep2	AACTCCAGAGCGTGTT-1	no	yes	no		unresolved	no	60.0	92.0	1374.0	1500.0	403.9196	440.9603	yes
SN124_A938797_Rep2	AACTCCTAATCCCATG-1	yes	yes	yes	exclude	exclude	yes	12.0	92.0	1375.0	427.0	404.2136	125.5267	yes
SN124_A938797_Rep2	AACTCGATAAACACGT-1	no	yes	no		unresolved	no	4.0	12.0	348.0	247.0	102.3028	72.6115	yes
SN124_A938797_Rep2	AACTCGATGGCGCAGT-1	yes	yes	yes	stroma desmoplastic_IC low	stroma	yes	11.0	27.0	541.0	404.0	159.0397	118.7653	yes
SN124_A938797_Rep2	AACTCTCAATAGAGCG-1	yes	yes	yes	epitehlium&submucosa	other	yes	35.0	93.0	1387.0	941.0	407.7413	276.6291	yes
SN124_A938797_Rep2	AACTCTCAGTGTGCTC-1	no	yes	no		unresolved	no	53.0	41.0	719.0	1342.0	211.367	394.5125	yes
SN124_A938797_Rep2	AACTGAGGTCAGCGTC-1	no	yes	no		unresolved	no	9.0	111.0	1619.0	361.0	475.9432	106.1244	yes
SN124_A938797_Rep2	AACTGAGTTATACTGA-1	no	yes	no		unresolved	no	51.0	127.0	1824.0	1299.0	536.2077	381.8716	yes
SN124_A938797_Rep2	AACTGATATTAGGCCT-1	yes	yes	yes	tumor&stroma_IC med to high	mixed	yes	16.0	66.0	1041.0	516.0	306.0265	151.6903	yes
SN124_A938797_Rep2	AACTGGGTCCCGACGT-1	yes	yes	yes	tumor	tumor	yes	20.0	66.0	1041.0	606.0	306.0265	178.148	yes
SN124_A938797_Rep2	AACTGGGTTCGAGCCG-1	no	yes	no		unresolved	no	3.0	89.0	1337.0	226.0	393.0426	66.438	yes
SN124_A938797_Rep2	AACTGGTGTGGGCCTT-1	yes	yes	yes	stroma_fibroblastic_IC high	stroma	yes	7.0	49.0	823.0	315.0	241.9402	92.6017	yes
SN124_A938797_Rep2	AACTTCTGCGTCTATC-1	no	yes	no		unresolved	no	18.0	18.0	425.0	560.0	124.9388	164.6252	yes
SN124_A938797_Rep2	AACTTGCCCGTATGCA-1	no	yes	no		unresolved	no	29.0	27.0	540.0	806.0	158.7457	236.9427	yes
SN124_A938797_Rep2	AACTTGCGTTCTCGCG-1	no	yes	no		unresolved	no	14.0	20.0	451.0	471.0	132.5821	138.4615	yes
SN124_A938797_Rep2	AACTTTACGGGAGCTT-1	no	yes	no		unresolved	no	31.0	7.0	283.0	850.0	83.1945	249.8775	yes
SN124_A938797_Rep2	AACTTTAGCTGCTGAG-1	yes	yes	yes	tumor	tumor	yes	5.0	49.0	823.0	270.0	241.9402	79.3729	yes
SN124_A938797_Rep2	AACTTTCTCGATCATG-1	no	yes	no		unresolved	no	22.0	124.0	1786.0	651.0	525.0367	191.3768	yes
SN124_A938797_Rep2	AAGAAAGTTTGATGGG-1	no	yes	no		unresolved	no	75.0	7.0	282.0	1833.0	82.9005	538.8535	yes
SN124_A938797_Rep2	AAGAAATCACCAGATT-1	no	yes	no		unresolved	no	20.0	126.0	1812.0	607.0	532.6801	178.4419	yes
SN124_A938797_Rep2	AAGAAGGATCAGTTAG-1	yes	yes	yes	stroma desmoplastic_IC low	stroma	yes	13.0	25.0	515.0	448.0	151.3964	131.7001	yes
SN124_A938797_Rep2	AAGACATACGTGGTTT-1	no	yes	no		unresolved	no	68.0	114.0	1656.0	1679.0	486.8202	493.5816	yes
SN124_A938797_Rep2	AAGACCAAATAACTCA-1	no	yes	no		unresolved	no	62.0	6.0	269.0	1543.0	79.0789	453.6012	yes
SN124_A938797_Rep2	AAGACCCAACTGAACA-1	no	yes	no		unresolved	no	60.0	54.0	886.0	1499.0	260.4606	440.6663	yes
SN124_A938797_Rep2	AAGACTAACCCGTTGT-1	yes	yes	yes	stroma desmoplastic_IC med to high	stroma	yes	5.0	27.0	541.0	270.0	159.0397	79.3729	yes
SN124_A938797_Rep2	AAGACTCACGCCCACT-1	no	yes	no		unresolved	no	1.0	95.0	1414.0	182.0	415.6786	53.5032	yes
SN124_A938797_Rep2	AAGACTGCAAGCTACT-1	yes	yes	yes	stroma_fibroblastic_IC med	stroma	yes	36.0	68.0	1066.0	963.0	313.3758	283.0965	yes
SN124_A938797_Rep2	AAGAGATGAATCGGTA-1	yes	yes	yes	stroma desmoplastic_IC med to high	stroma	yes	27.0	27.0	540.0	761.0	158.7457	223.7139	yes
SN124_A938797_Rep2	AAGAGCTCTTTATCGG-1	yes	yes	yes	stroma_fibroblastic_IC med	stroma	yes	35.0	77.0	1182.0	941.0	347.4767	276.6291	yes
SN124_A938797_Rep2	AAGAGGATGTACGCGA-1	no	yes	no		unresolved	no	39.0	29.0	565.0	1029.0	166.0951	302.4988	yes
SN124_A938797_Rep2	AAGAGGCATGGATCGC-1	yes	yes	yes	tumor&stroma_IC med to high	mixed	yes	36.0	80.0	1220.0	963.0	358.6477	283.0965	yes
SN124_A938797_Rep2	AAGAGGCCCTTTGGAA-1	no	yes	no		unresolved	no	59.0	109.0	1592.0	1478.0	468.0059	434.4929	yes
SN124_A938797_Rep2	AAGATGGCACCGGACC-1	no	yes	no		unresolved	no	59.0	39.0	693.0	1476.0	203.7237	433.9049	yes
SN124_A938797_Rep2	AAGATTGGCGGAACGT-1	yes	yes	yes	stroma_fibroblastic_IC high	stroma	yes	26.0	90.0	1349.0	740.0	396.5703	217.5404	yes
SN124_A938797_Rep2	AAGCACCCTGCGTATC-1	no	yes	no		unresolved	no	59.0	73.0	1130.0	1477.0	332.1901	434.1989	yes
SN124_A938797_Rep2	AAGCATACTCTCCTGA-1	no	yes	no		unresolved	no	53.0	69.0	1079.0	1343.0	317.1974	394.8065	yes
SN124_A938797_Rep2	AAGCCACTTGCAGGTA-1	no	yes	no		unresolved	no	74.0	30.0	577.0	1811.0	169.6227	532.3861	yes
SN124_A938797_Rep2	AAGCCGAAGCGGTTTA-1	no	yes	no		unresolved	no	49.0	107.0	1567.0	1254.0	460.6565	368.6428	yes
SN124_A938797_Rep2	AAGCCGCCGTGAAATC-1	no	yes	no		unresolved	no	65.0	23.0	488.0	1610.0	143.4591	473.2974	yes
SN124_A938797_Rep2	AAGCCGCTTTACCTTG-1	no	yes	no		unresolved	no	19.0	125.0	1799.0	584.0	528.8584	171.6805	yes
SN124_A938797_Rep2	AAGCCGGAGAGCAGGA-1	no	yes	no		unresolved	no	61.0	125.0	1798.0	1523.0	528.5644	447.7217	yes
SN124_A938797_Rep2	AAGCGCAGGGCTTTGA-1	no	yes	no		unresolved	no	67.0	73.0	1130.0	1656.0	332.1901	486.8202	yes
SN124_A938797_Rep2	AAGCGGAGTGCGCGCA-1	no	yes	no		unresolved	no	12.0	126.0	1812.0	428.0	532.6801	125.8207	yes
SN124_A938797_Rep2	AAGCGGCGTCATGGGT-1	no	yes	no		unresolved	no	9.0	97.0	1440.0	360.0	423.3219	105.8305	yes
SN124_A938797_Rep2	AAGCGTCCCTCATCGA-1	no	yes	no		unresolved	no	57.0	35.0	642.0	1432.0	188.731	420.9701	yes
SN124_A938797_Rep2	AAGCTAGATCGAGTAA-1	yes	yes	yes	IC aggregate_submucosa	other	yes	50.0	68.0	1066.0	1276.0	313.3758	375.1102	yes
SN124_A938797_Rep2	AAGCTATGGATTGACC-1	no	yes	no		unresolved	no	77.0	3.0	231.0	1878.0	67.9079	552.0823	yes
SN124_A938797_Rep2	AAGCTCGTGCCAAGTC-1	yes	yes	yes	stroma_fibroblastic_IC high	stroma	yes	35.0	73.0	1131.0	941.0	332.4841	276.6291	yes
SN124_A938797_Rep2	AAGCTCTTTCATGGTG-1	no	yes	no		unresolved	no	57.0	81.0	1233.0	1433.0	362.4694	421.2641	yes
SN124_A938797_Rep2	AAGGAGAACTTATAAG-1	yes	yes	yes	stroma_fibroblastic_IC med	stroma	yes	3.0	57.0	926.0	226.0	272.2195	66.438	yes
SN124_A938797_Rep2	AAGGAGCGGTTGGTGC-1	yes	yes	yes	stroma_fibroblastic_IC high	stroma	yes	28.0	48.0	810.0	784.0	238.1186	230.4753	yes
SN124_A938797_Rep2	AAGGATCGATCGCTTG-1	no	yes	no		unresolved	no	39.0	109.0	1593.0	1031.0	468.2998	303.0867	yes
SN124_A938797_Rep2	AAGGATGAGGGACCTC-1	yes	yes	yes	stroma_fibroblastic_IC high	stroma	yes	27.0	87.0	1311.0	762.0	385.3993	224.0078	yes
SN124_A938797_Rep2	AAGGCAGGCTGTCTCC-1	no	yes	no		unresolved	no	42.0	118.0	1708.0	1098.0	502.1068	322.7829	yes
SN124_A938797_Rep2	AAGGCGCGTAAAGCTT-1	yes	yes	yes	stroma_fibroblastic_IC high	stroma	yes	24.0	38.0	681.0	694.0	200.196	204.0176	yes
SN124_A938797_Rep2	AAGGCTGTGCTCATCG-1	yes	yes	yes	stroma_fibroblastic_IC high	stroma	yes	30.0	46.0	784.0	829.0	230.4753	243.7041	yes
SN124_A938797_Rep2	AAGGGAACGACTGGCT-1	no	yes	no		unresolved	no	63.0	21.0	462.0	1566.0	135.8158	460.3626	yes
SN124_A938797_Rep2	AAGGGACAGATTCTGT-1	yes	yes	yes	stroma_fibroblastic_IC high	stroma	yes	26.0	92.0	1375.0	740.0	404.2136	217.5404	yes
SN124_A938797_Rep2	AAGGGACTATGCATTC-1	no	yes	no		unresolved	no	60.0	26.0	526.0	1499.0	154.6301	440.6663	yes
SN124_A938797_Rep2	AAGGGTTAGCCATGCG-1	no	yes	no		unresolved	no	75.0	121.0	1746.0	1835.0	513.2778	539.4414	yes
SN124_A938797_Rep2	AAGGGTTTGATTTCAG-1	no	yes	no		unresolved	no	59.0	1.0	205.0	1476.0	60.2646	433.9049	yes
SN124_A938797_Rep2	AAGGTATCCTAATATA-1	yes	yes	yes	stroma_fibroblastic_IC high	stroma	yes	25.0	81.0	1234.0	718.0	362.7633	211.073	yes
SN124_A938797_Rep2	AAGGTGATAAACCAGC-1	yes	yes	yes	non neo epithelium	normal epithelium	yes	44.0	92.0	1374.0	1142.0	403.9196	335.7178	yes
SN124_A938797_Rep2	AAGTAAGCTTCCAAAC-1	no	yes	no		unresolved	no	0.0	40.0	708.0	158.0	208.1333	46.4478	yes
SN124_A938797_Rep2	AAGTAGAAGACCGGGT-1	yes	yes	yes	stroma_fibroblastic_IC high	stroma	yes	19.0	47.0	797.0	583.0	234.2969	171.3866	yes
SN124_A938797_Rep2	AAGTAGTGACGCGAGG-1	no	yes	no		unresolved	no	33.0	31.0	591.0	895.0	173.7384	263.1063	yes
SN124_A938797_Rep2	AAGTCAATTGTCGTCA-1	no	yes	no		unresolved	no	45.0	101.0	1490.0	1165.0	438.0206	342.4792	yes
SN124_A938797_Rep2	AAGTCTAGTAGCTGCC-1	no	yes	no		unresolved	no	21.0	125.0	1799.0	629.0	528.8584	184.9094	yes
SN124_A938797_Rep2	AAGTCTTCTGTGGCCT-1	no	yes	no		unresolved	no	39.0	3.0	232.0	1029.0	68.2019	302.4988	yes
SN124_A938797_Rep2	AAGTGACGACCGAATT-1	no	yes	no		unresolved	no	41.0	25.0	514.0	1074.0	151.1024	315.7276	yes
SN124_A938797_Rep2	AAGTGAGTCGGGTTTA-1	no	yes	no		unresolved	no	62.0	48.0	809.0	1544.0	237.8246	453.8951	yes
SN124_A938797_Rep2	AAGTGCAAAGGTAGAC-1	no	yes	no		unresolved	no	28.0	10.0	322.0	783.0	94.6595	230.1813	yes
SN124_A938797_Rep2	AAGTGCCTTGACTGTA-1	no	yes	no		unresolved	no	44.0	104.0	1528.0	1142.0	449.1916	335.7178	yes
SN124_A938797_Rep2	AAGTGCGTTAGAATCT-1	no	yes	no		unresolved	no	49.0	27.0	540.0	1253.0	158.7457	368.3488	yes
SN124_A938797_Rep2	AAGTGCTTCTCTATTG-1	no	yes	no		unresolved	no	69.0	37.0	667.0	1700.0	196.0804	499.755	yes
SN124_A938797_Rep2	AAGTGTTTGGAGACGG-1	no	yes	no		unresolved	no	52.0	80.0	1220.0	1321.0	358.6477	388.339	yes
SN124_A938797_Rep2	AAGTTCACTCCAAGCT-1	no	yes	no		unresolved	no	57.0	85.0	1284.0	1433.0	377.462	421.2641	yes
SN124_A938797_Rep2	AAGTTCAGTCTGCGTA-1	yes	yes	yes	tumor&stroma_IC med to high	mixed	yes	18.0	104.0	1529.0	561.0	449.4855	164.9192	yes
SN124_A938797_Rep2	AAGTTCGGCCAACAGG-1	no	yes	no		unresolved	no	46.0	34.0	629.0	1186.0	184.9094	348.6526	yes
SN124_A938797_Rep2	AAGTTGTGATGTTATA-1	no	yes	no		unresolved	no	66.0	106.0	1553.0	1634.0	456.5409	480.3528	yes
SN124_A938797_Rep2	AAGTTTACTAATGGCA-1	yes	yes	yes	stroma_fibroblastic_IC high	stroma	yes	5.0	61.0	977.0	270.0	287.2121	79.3729	yes
SN124_A938797_Rep2	AAGTTTATGGGCCCAA-1	no	yes	no		unresolved	no	68.0	70.0	1091.0	1678.0	320.7251	493.2876	yes
SN124_A938797_Rep2	AATAACAACGCTCGGC-1	no	yes	no		unresolved	no	36.0	30.0	578.0	962.0	169.9167	282.8025	yes
SN124_A938797_Rep2	AATAACACTAGAACAA-1	no	yes	no		unresolved	no	52.0	38.0	681.0	1320.0	200.196	388.0451	yes
SN124_A938797_Rep2	AATAACGTCGCGCCCA-1	no	yes	no		unresolved	no	75.0	115.0	1669.0	1835.0	490.6418	539.4414	yes
SN124_A938797_Rep2	AATAAGTCCTCGAGAC-1	yes	yes	yes	tumor&stroma_IC med to high	mixed	yes	5.0	71.0	1106.0	270.0	325.1347	79.3729	yes
SN124_A938797_Rep2	AATAATCTTCGTATCG-1	no	yes	no		unresolved	no	52.0	122.0	1759.0	1321.0	517.0995	388.339	yes
SN124_A938797_Rep2	AATACAATGTTTCAGG-1	no	yes	no		unresolved	no	23.0	19.0	438.0	672.0	128.7604	197.5502	yes
SN124_A938797_Rep2	AATACCGGAGGGCTGT-1	no	yes	no		unresolved	no	67.0	37.0	667.0	1655.0	196.0804	486.5262	yes
SN124_A938797_Rep2	AATACCTGATGTGAAC-1	no	yes	no		unresolved	no	74.0	100.0	1476.0	1813.0	433.9049	532.974	yes
SN124_A938797_Rep2	AATAGAACAGAGTGGC-1	no	yes	no		unresolved	no	52.0	46.0	783.0	1320.0	230.1813	388.0451	yes
SN124_A938797_Rep2	AATAGAATCTGTTTCA-1	no	yes	no		unresolved	no	48.0	86.0	1297.0	1231.0	381.2837	361.8814	yes
SN124_A938797_Rep2	AATAGCAAGCCTCCTG-1	no	yes	no		unresolved	no	7.0	111.0	1619.0	316.0	475.9432	92.8956	yes
SN124_A938797_Rep2	AATAGCTACCGCGTGC-1	yes	yes	yes	exclude	exclude	yes	19.0	111.0	1619.0	584.0	475.9432	171.6805	yes
SN124_A938797_Rep2	AATAGGCACGACCCTT-1	no	yes	no		unresolved	no	77.0	33.0	616.0	1879.0	181.0877	552.3763	yes
SN124_A938797_Rep2	AATAGTCCGTCCCGAC-1	no	yes	no		unresolved	no	57.0	57.0	925.0	1432.0	271.9255	420.9701	yes
SN124_A938797_Rep2	AATAGTCGCGAGTCGG-1	no	yes	no		unresolved	no	25.0	7.0	283.0	716.0	83.1945	210.4851	yes
SN124_A938797_Rep2	AATATCAAGGTCGGAT-1	yes	yes	yes	stroma_fibroblastic_IC high	stroma	yes	8.0	42.0	733.0	337.0	215.4826	99.0691	yes
SN124_A938797_Rep2	AATATCCTAGCAAACT-1	no	yes	no		unresolved	no	46.0	2.0	219.0	1185.0	64.3802	348.3586	yes
SN124_A938797_Rep2	AATATCGAATCAATGC-1	no	yes	no		unresolved	no	49.0	109.0	1592.0	1254.0	468.0059	368.6428	yes
SN124_A938797_Rep2	AATATCGAGGGTTCTC-1	yes	yes	yes	stroma_fibroblastic_IC high	stroma	yes	27.0	101.0	1490.0	763.0	438.0206	224.3018	yes
SN124_A938797_Rep2	AATATTGGAGTATTGA-1	no	yes	no		unresolved	no	36.0	22.0	476.0	962.0	139.9314	282.8025	yes
SN124_A938797_Rep2	AATCAGACTGCAGGAC-1	no	yes	no		unresolved	no	5.0	23.0	489.0	270.0	143.7531	79.3729	yes
SN124_A938797_Rep2	AATCAGGTTTCATTTA-1	no	yes	no		unresolved	no	69.0	33.0	616.0	1700.0	181.0877	499.755	yes
SN124_A938797_Rep2	AATCATGTAAAGACTC-1	no	yes	no		unresolved	no	54.0	98.0	1451.0	1366.0	426.5556	401.5679	yes
SN124_A938797_Rep2	AATCCAAGGGCCTGAG-1	yes	yes	yes	stroma_fibroblastic_IC high	stroma	yes	13.0	47.0	797.0	449.0	234.2969	131.9941	yes
SN124_A938797_Rep2	AATCCATGCAAGGGTG-1	yes	yes	yes	stroma desmoplastic_IC low	stroma	yes	8.0	26.0	528.0	337.0	155.218	99.0691	yes
SN124_A938797_Rep2	AATCCCGCTCAGAGCC-1	no	yes	no		unresolved	no	76.0	56.0	911.0	1857.0	267.8099	545.9089	yes
SN124_A938797_Rep2	AATCGAGGTCTCAAGG-1	no	yes	no		unresolved	no	76.0	80.0	1219.0	1857.0	358.3537	545.9089	yes
SN124_A938797_Rep2	AATCGCCTCAGCGCCA-1	yes	yes	yes	exclude	exclude	yes	39.0	79.0	1208.0	1030.0	355.12	302.7927	yes
SN124_A938797_Rep2	AATCGCGCAGAGGACT-1	no	yes	no		unresolved	no	42.0	114.0	1657.0	1098.0	487.1142	322.7829	yes
SN124_A938797_Rep2	AATCGGGACACTACGA-1	yes	yes	yes	tumor	tumor	yes	8.0	60.0	964.0	337.0	283.3905	99.0691	yes
SN124_A938797_Rep2	AATCGGTATAGCCCTC-1	no	yes	no		unresolved	no	71.0	109.0	1592.0	1746.0	468.0059	513.2778	yes
SN124_A938797_Rep2	AATCGTGAGCCGAGCA-1	no	yes	no		unresolved	no	67.0	83.0	1258.0	1656.0	369.8187	486.8202	yes
SN124_A938797_Rep2	AATCTAGGTTTACTTG-1	no	yes	no		unresolved	no	52.0	16.0	398.0	1320.0	117.0015	388.0451	yes
SN124_A938797_Rep2	AATCTATGCCGGAGCC-1	yes	yes	yes	exclude	exclude	yes	26.0	110.0	1606.0	740.0	472.1215	217.5404	yes
SN124_A938797_Rep2	AATCTCTACTGTGGTT-1	no	yes	no		unresolved	no	38.0	10.0	322.0	1007.0	94.6595	296.0314	yes
SN124_A938797_Rep2	AATCTGCGTTGGGACG-1	yes	yes	yes	tumor&stroma_IC med to high	mixed	yes	32.0	92.0	1375.0	874.0	404.2136	256.9329	yes
SN124_A938797_Rep2	AATCTGGCTTTCTAGT-1	no	yes	no		unresolved	no	51.0	15.0	385.0	1297.0	113.1798	381.2837	yes
SN124_A938797_Rep2	AATCTGGGTAGACCCT-1	no	yes	no		unresolved	no	4.0	94.0	1401.0	249.0	411.8569	73.1994	yes
SN124_A938797_Rep2	AATGACAGCAATGTCT-1	no	yes	no		unresolved	no	48.0	30.0	578.0	1231.0	169.9167	361.8814	yes
SN124_A938797_Rep2	AATGACGTAGGATGTC-1	yes	yes	yes	non neo epithelium	normal epithelium	yes	44.0	78.0	1195.0	1142.0	351.2984	335.7178	yes
SN124_A938797_Rep2	AATGACTGTCAGCCGG-1	yes	yes	yes	tumor&stroma_IC med to high	mixed	yes	23.0	47.0	797.0	672.0	234.2969	197.5502	yes
SN124_A938797_Rep2	AATGAGTTCGCATATG-1	no	yes	no		unresolved	no	15.0	21.0	463.0	493.0	136.1097	144.929	yes
SN124_A938797_Rep2	AATGATGATACGCTAT-1	yes	yes	yes	stroma_fibroblastic_IC high	stroma	yes	23.0	93.0	1388.0	673.0	408.0353	197.8442	yes
SN124_A938797_Rep2	AATGATGCGACTCCTG-1	yes	yes	yes	stroma_fibroblastic_IC high	stroma	yes	25.0	101.0	1490.0	718.0	438.0206	211.073	yes
SN124_A938797_Rep2	AATGCAACCGGGTACC-1	yes	yes	yes	stroma_fibroblastic_IC med	stroma	yes	25.0	59.0	951.0	717.0	279.5688	210.779	yes
SN124_A938797_Rep2	AATGCACCAAGCAATG-1	yes	yes	yes	stroma_fibroblastic_IC high	stroma	yes	19.0	97.0	1439.0	584.0	423.0279	171.6805	yes
SN124_A938797_Rep2	AATGGCCGCCAATGCG-1	no	yes	no		unresolved	no	3.0	123.0	1774.0	227.0	521.5091	66.732	yes
SN124_A938797_Rep2	AATGGTCCACCGTTCA-1	no	yes	no		unresolved	no	30.0	16.0	399.0	828.0	117.2954	243.4101	yes
SN124_A938797_Rep2	AATGGTTCTCACAAGC-1	yes	yes	yes	stroma_fibroblastic_IC high	stroma	yes	19.0	35.0	643.0	583.0	189.025	171.3866	yes
SN124_A938797_Rep2	AATGTATGGCACTGTA-1	no	yes	no		unresolved	no	65.0	9.0	308.0	1610.0	90.5439	473.2974	yes
SN124_A938797_Rep2	AATGTGCCCGAGGTGT-1	no	yes	no		unresolved	no	55.0	27.0	539.0	1387.0	158.4517	407.7413	yes
SN124_A938797_Rep2	AATGTGCTAATCTGAG-1	no	yes	no		unresolved	no	66.0	32.0	603.0	1633.0	177.266	480.0588	yes
SN124_A938797_Rep2	AATGTTAAGACCCTGA-1	no	yes	no		unresolved	no	75.0	81.0	1232.0	1835.0	362.1754	539.4414	yes
SN124_A938797_Rep2	AATGTTGTCGTGAGAC-1	no	yes	no		unresolved	no	68.0	108.0	1579.0	1679.0	464.1842	493.5816	yes
SN124_A938797_Rep2	AATTAAAGGTCGGCGT-1	yes	yes	yes	tumor&stroma_IC med to high	mixed	yes	40.0	50.0	835.0	1052.0	245.4679	309.2602	yes
SN124_A938797_Rep2	AATTAACGGATTTCCA-1	no	yes	no		unresolved	no	58.0	66.0	1040.0	1455.0	305.7325	427.7315	yes
SN124_A938797_Rep2	AATTACGAGACCCATC-1	no	yes	no		unresolved	no	59.0	5.0	257.0	1476.0	75.5512	433.9049	yes
SN124_A938797_Rep2	AATTACTCGTACGCTC-1	no	yes	no		unresolved	no	10.0	8.0	297.0	381.0	87.3101	112.0039	yes
SN124_A938797_Rep2	AATTAGCGCTGCAGCG-1	yes	yes	yes	muscularis_IC med to high	other	yes	51.0	63.0	1002.0	1298.0	294.5615	381.5777	yes
SN124_A938797_Rep2	AATTATACCCAGCAAG-1	no	yes	no		unresolved	no	75.0	89.0	1335.0	1835.0	392.4547	539.4414	yes
SN124_A938797_Rep2	AATTCATAAGGGATCT-1	yes	yes	yes	stroma_fibroblastic_IC high	stroma	yes	23.0	91.0	1362.0	673.0	400.392	197.8442	yes
SN124_A938797_Rep2	AATTCATTGTCATGCA-1	no	yes	no		unresolved	no	63.0	9.0	308.0	1565.0	90.5439	460.0686	yes
SN124_A938797_Rep2	AATTCCAACTTGGTGA-1	no	yes	no		unresolved	no	3.0	13.0	361.0	225.0	106.1244	66.144	yes
SN124_A938797_Rep2	AATTCCAAGCATGTAC-1	no	yes	no		unresolved	no	66.0	58.0	937.0	1633.0	275.4532	480.0588	yes
SN124_A938797_Rep2	AATTCGATTCGAGGAT-1	no	yes	no		unresolved	no	66.0	76.0	1168.0	1634.0	343.3611	480.3528	yes
SN124_A938797_Rep2	AATTCTAGAGTTAGGC-1	no	yes	no		unresolved	no	49.0	63.0	1002.0	1253.0	294.5615	368.3488	yes
SN124_A938797_Rep2	AATTGAACGCTCTGGT-1	yes	yes	yes	non neo epithelium	normal epithelium	yes	45.0	83.0	1259.0	1164.0	370.1127	342.1852	yes
SN124_A938797_Rep2	AATTGCAGCAATCGAC-1	no	yes	no		unresolved	no	64.0	102.0	1502.0	1589.0	441.5483	467.124	yes
SN124_A938797_Rep2	AATTGCGTGGATTACA-1	no	yes	no		unresolved	no	67.0	9.0	308.0	1655.0	90.5439	486.5262	yes
SN124_A938797_Rep2	AATTGTGGTTGCCAAA-1	no	yes	no		unresolved	no	65.0	119.0	1720.0	1612.0	505.6345	473.8853	yes
SN124_A938797_Rep2	AATTTGGGACATAGTA-1	yes	yes	yes	exclude	exclude	yes	13.0	91.0	1362.0	450.0	400.392	132.2881	yes
SN124_A938797_Rep2	AATTTGGTTCCAAAGA-1	yes	yes	yes	stroma_fibroblastic_IC high	stroma	yes	11.0	67.0	1054.0	404.0	309.8481	118.7653	yes
SN124_A938797_Rep2	ACAAACCATGCGTCCT-1	no	yes	no		unresolved	no	64.0	16.0	398.0	1588.0	117.0015	466.83	yes
SN124_A938797_Rep2	ACAAACCGACAAGGCG-1	no	yes	no		unresolved	no	0.0	78.0	1196.0	159.0	351.5924	46.7418	yes
SN124_A938797_Rep2	ACAAACTCCATCAGAG-1	no	yes	no		unresolved	no	76.0	40.0	706.0	1856.0	207.5453	545.6149	yes
SN124_A938797_Rep2	ACAAAGAAGGTAGGCC-1	no	yes	no		unresolved	no	46.0	4.0	244.0	1185.0	71.7295	348.3586	yes
SN124_A938797_Rep2	ACAAAGCATGACCTAG-1	no	yes	no		unresolved	no	63.0	97.0	1438.0	1567.0	422.734	460.6565	yes
SN124_A938797_Rep2	ACAAATCGCACCGAAT-1	no	yes	no		unresolved	no	50.0	82.0	1246.0	1276.0	366.291	375.1102	yes
SN124_A938797_Rep2	ACAAATGGTAGTGTTT-1	yes	yes	yes	submucosa	other	yes	44.0	84.0	1272.0	1142.0	373.9343	335.7178	yes
SN124_A938797_Rep2	ACAAATTCAGATCTGA-1	no	yes	no		unresolved	no	7.0	103.0	1517.0	316.0	445.9579	92.8956	yes
SN124_A938797_Rep2	ACAACAGCATGAGCTA-1	yes	yes	yes	tumor&stroma_IC med to high	mixed	yes	32.0	72.0	1118.0	874.0	328.6624	256.9329	yes
SN124_A938797_Rep2	ACAACGGTCCCTGCGA-1	yes	yes	yes	stroma desmoplastic_IC low	stroma	yes	22.0	30.0	579.0	650.0	170.2107	191.0828	yes
SN124_A938797_Rep2	ACAAGCAGTGCCTAGC-1	yes	yes	yes	exclude	exclude	yes	30.0	26.0	527.0	828.0	154.9241	243.4101	yes
SN124_A938797_Rep2	ACAAGCTATATGGAAG-1	no	yes	no		unresolved	no	37.0	1.0	206.0	984.0	60.5585	289.27	yes
SN124_A938797_Rep2	ACAAGGAAATCCGCCC-1	yes	yes	yes	epitehlium&submucosa	other	yes	49.0	75.0	1156.0	1254.0	339.8334	368.6428	yes
SN124_A938797_Rep2	ACAAGGACAAGAGGTT-1	yes	yes	yes	stroma_fibroblastic_IC high	stroma	yes	29.0	37.0	668.0	806.0	196.3743	236.9427	yes
SN124_A938797_Rep2	ACAAGGATGCTTTAGG-1	no	yes	no		unresolved	no	61.0	87.0	1310.0	1522.0	385.1053	447.4277	yes
SN124_A938797_Rep2	ACAAGGCCTACCAGCC-1	no	yes	no		unresolved	no	4.0	106.0	1555.0	249.0	457.1289	73.1994	yes
SN124_A938797_Rep2	ACAAGGGCAGGCTCTG-1	yes	yes	yes	epitehlium&submucosa	other	yes	44.0	76.0	1169.0	1142.0	343.6551	335.7178	yes
SN124_A938797_Rep2	ACAAGTAATTGTAAGG-1	no	yes	no		unresolved	no	77.0	21.0	462.0	1878.0	135.8158	552.0823	yes
SN124_A938797_Rep2	ACAATAGTCGTACGTT-1	no	yes	no		unresolved	no	42.0	20.0	450.0	1096.0	132.2881	322.195	yes
SN124_A938797_Rep2	ACAATCCATTTAAACC-1	no	yes	no		unresolved	no	36.0	32.0	604.0	962.0	177.56	282.8025	yes
SN124_A938797_Rep2	ACAATCGATCTTTATA-1	yes	yes	yes	stroma_fibroblastic_IC high	stroma	yes	2.0	62.0	990.0	203.0	291.0338	59.6766	yes
SN124_A938797_Rep2	ACAATGAATACGGAGA-1	no	yes	no		unresolved	no	57.0	31.0	591.0	1432.0	173.7384	420.9701	yes
SN124_A938797_Rep2	ACAATGATTCTTCTAC-1	no	yes	no		unresolved	no	8.0	112.0	1632.0	338.0	479.7648	99.3631	yes
SN124_A938797_Rep2	ACAATTGTGTCTCTTT-1	no	yes	no		unresolved	no	51.0	97.0	1438.0	1299.0	422.734	381.8716	yes
SN124_A938797_Rep2	ACAATTTAGGAGGCTC-1	no	yes	no		unresolved	no	31.0	9.0	309.0	850.0	90.8378	249.8775	yes
SN124_A938797_Rep2	ACAATTTGAGCAGTGG-1	yes	yes	yes	tumor&stroma_IC med to high	mixed	yes	28.0	82.0	1246.0	785.0	366.291	230.7692	yes
SN124_A938797_Rep2	ACAATTTGGCCATATT-1	no	yes	no		unresolved	no	43.0	123.0	1772.0	1120.0	520.9211	329.2504	yes
SN124_A938797_Rep2	ACACAAAGACGGGTGG-1	yes	yes	yes	tumor&stroma_IC med to high	mixed	yes	24.0	56.0	913.0	695.0	268.3978	204.3116	yes
SN124_A938797_Rep2	ACACAAATATTCCTAG-1	no	yes	no		unresolved	no	14.0	124.0	1786.0	472.0	525.0367	138.7555	yes
SN124_A938797_Rep2	ACACACCAGGACCAGT-1	yes	yes	yes	submucosa	other	yes	44.0	90.0	1349.0	1142.0	396.5703	335.7178	yes
SN124_A938797_Rep2	ACACACTTTCTACACG-1	yes	yes	yes	stroma_fibroblastic_IC high	stroma	yes	14.0	64.0	1016.0	471.0	298.6771	138.4615	yes
SN124_A938797_Rep2	ACACATGATCAAATCT-1	no	yes	no		unresolved	no	60.0	16.0	398.0	1498.0	117.0015	440.3724	yes
SN124_A938797_Rep2	ACACATTGACGCAACA-1	no	yes	no		unresolved	no	8.0	8.0	297.0	336.0	87.3101	98.7751	yes
SN124_A938797_Rep2	ACACATTTCCGTAGAC-1	no	yes	no		unresolved	no	73.0	67.0	1052.0	1790.0	309.2602	526.2126	yes
SN124_A938797_Rep2	ACACCACATAATTAGC-1	no	yes	no		unresolved	no	31.0	117.0	1696.0	852.0	498.5791	250.4655	yes
SN124_A938797_Rep2	ACACCCAGCATGCAGC-1	yes	yes	yes	stroma_fibroblastic_IC high	stroma	yes	24.0	50.0	836.0	695.0	245.7619	204.3116	yes
SN124_A938797_Rep2	ACACCCGAGAAATCCG-1	yes	yes	yes	tumor&stroma_IC med to high	mixed	yes	19.0	39.0	694.0	583.0	204.0176	171.3866	yes
SN124_A938797_Rep2	ACACCCGTAAATCTGT-1	no	yes	no		unresolved	no	0.0	126.0	1812.0	160.0	532.6801	47.0358	yes
SN124_A938797_Rep2	ACACCGAGCGCTCTTT-1	no	yes	no		unresolved	no	15.0	5.0	258.0	493.0	75.8452	144.929	yes
SN124_A938797_Rep2	ACACCGGTCTGACCGC-1	no	yes	no		unresolved	no	65.0	17.0	411.0	1610.0	120.8231	473.2974	yes
SN124_A938797_Rep2	ACACCTTAAGTAGGGC-1	yes	yes	yes	stroma_fibroblastic_IC high	stroma	yes	25.0	43.0	746.0	717.0	219.3043	210.779	yes
SN124_A938797_Rep2	ACACCTTACTACTTGC-1	no	yes	no		unresolved	no	41.0	111.0	1618.0	1076.0	475.6492	316.3155	yes
SN124_A938797_Rep2	ACACGAGACTCCTTCT-1	yes	yes	yes	tumor&stroma_IC med to high	mixed	yes	31.0	71.0	1105.0	851.0	324.8408	250.1715	yes
SN124_A938797_Rep2	ACACGGCACTATGCAT-1	yes	yes	yes	stroma_fibroblastic_IC high	stroma	yes	7.0	71.0	1106.0	315.0	325.1347	92.6017	yes
SN124_A938797_Rep2	ACACGGGAACTTAGGG-1	yes	yes	yes	stroma_fibroblastic_IC med	stroma	yes	27.0	71.0	1105.0	762.0	324.8408	224.0078	yes
SN124_A938797_Rep2	ACACGTAGGCCACAAG-1	no	yes	no		unresolved	no	58.0	110.0	1605.0	1455.0	471.8275	427.7315	yes
SN124_A938797_Rep2	ACACTCCAATGTCACT-1	no	yes	no		unresolved	no	17.0	17.0	412.0	538.0	121.1171	158.1578	yes
SN124_A938797_Rep2	ACACTGATCAAGGTGT-1	no	yes	no		unresolved	no	52.0	48.0	809.0	1320.0	237.8246	388.0451	yes
SN124_A938797_Rep2	ACACTGGGACAGTCGT-1	no	yes	no		unresolved	no	59.0	115.0	1669.0	1478.0	490.6418	434.4929	yes
SN124_A938797_Rep2	ACAGAACTGAGAACAA-1	no	yes	no		unresolved	no	52.0	24.0	501.0	1320.0	147.2807	388.0451	yes
SN124_A938797_Rep2	ACAGATTAGGTTAGTG-1	yes	yes	yes	stroma_fibroblastic_IC high	stroma	yes	7.0	57.0	926.0	315.0	272.2195	92.6017	yes
SN124_A938797_Rep2	ACAGCATAGAGCCAGT-1	yes	yes	yes	tumor	tumor	yes	10.0	58.0	939.0	382.0	276.0412	112.2979	yes
SN124_A938797_Rep2	ACAGCGACATTCTCAT-1	no	yes	no		unresolved	no	59.0	99.0	1464.0	1477.0	430.3773	434.1989	yes
SN124_A938797_Rep2	ACAGCGCACCCGCAGC-1	yes	yes	yes	exclude	exclude	yes	10.0	80.0	1221.0	382.0	358.9417	112.2979	yes
SN124_A938797_Rep2	ACAGGAGGCGCAGCCG-1	no	yes	no		unresolved	no	2.0	0.0	194.0	202.0	57.0309	59.3827	yes
SN124_A938797_Rep2	ACAGGCACGGATCCTT-1	no	yes	no		unresolved	no	69.0	95.0	1412.0	1701.0	415.0906	500.049	yes
SN124_A938797_Rep2	ACAGGCTTGCCCGACT-1	no	yes	no		unresolved	no	53.0	87.0	1310.0	1343.0	385.1053	394.8065	yes
SN124_A938797_Rep2	ACAGGTGGAGGTGAGG-1	no	yes	no		unresolved	no	51.0	39.0	694.0	1298.0	204.0176	381.5777	yes
SN124_A938797_Rep2	ACAGGTGTGTTGTTGC-1	no	yes	no		unresolved	no	38.0	0.0	193.0	1007.0	56.7369	296.0314	yes
SN124_A938797_Rep2	ACAGTAATACAACTTG-1	no	yes	no		unresolved	no	46.0	14.0	373.0	1186.0	109.6521	348.6526	yes
SN124_A938797_Rep2	ACAGTATACCGTGGGA-1	no	yes	no		unresolved	no	19.0	119.0	1722.0	584.0	506.2224	171.6805	yes
SN124_A938797_Rep2	ACAGTGCAGCGCATTT-1	no	yes	no		unresolved	no	0.0	116.0	1684.0	160.0	495.0514	47.0358	yes
SN124_A938797_Rep2	ACATAAGTCGTGGTGA-1	no	yes	no		unresolved	no	59.0	9.0	308.0	1476.0	90.5439	433.9049	yes
SN124_A938797_Rep2	ACATAATAAGGCGGTG-1	yes	yes	yes	stroma_fibroblastic_IC high	stroma	yes	21.0	63.0	1003.0	628.0	294.8555	184.6154	yes
SN124_A938797_Rep2	ACATACAATCAAGCGG-1	no	yes	no		unresolved	no	76.0	96.0	1425.0	1857.0	418.9123	545.9089	yes
SN124_A938797_Rep2	ACATCAGCTGGGACGC-1	no	yes	no		unresolved	no	32.0	12.0	347.0	873.0	102.0088	256.6389	yes
SN124_A938797_Rep2	ACATCCCGGCCATACG-1	no	yes	no		unresolved	no	55.0	57.0	925.0	1387.0	271.9255	407.7413	yes
SN124_A938797_Rep2	ACATCCTGGTAACTGT-1	no	yes	no		unresolved	no	42.0	102.0	1503.0	1098.0	441.8422	322.7829	yes
SN124_A938797_Rep2	ACATCGATCGTTTACC-1	yes	yes	yes	tumor&stroma_IC med to high	mixed	yes	42.0	62.0	989.0	1097.0	290.7398	322.489	yes
SN124_A938797_Rep2	ACATCGCAATATTCGG-1	no	yes	no		unresolved	no	77.0	27.0	539.0	1878.0	158.4517	552.0823	yes
SN124_A938797_Rep2	ACATCGGTCAGCCGCG-1	no	yes	no		unresolved	no	41.0	37.0	668.0	1074.0	196.3743	315.7276	yes
SN124_A938797_Rep2	ACATCGTATGCAATGG-1	yes	yes	yes	non neo epithelium	normal epithelium	yes	45.0	81.0	1233.0	1164.0	362.4694	342.1852	yes
SN124_A938797_Rep2	ACATCGTTAACCTAGT-1	yes	yes	yes	exclude	exclude	yes	9.0	75.0	1157.0	360.0	340.1274	105.8305	yes
SN124_A938797_Rep2	ACATCTCAACGCGTAA-1	yes	yes	yes	exclude	exclude	yes	4.0	74.0	1144.0	248.0	336.3057	72.9054	yes
SN124_A938797_Rep2	ACATGCTTACGGCAGC-1	no	yes	no		unresolved	no	75.0	17.0	410.0	1834.0	120.5292	539.1475	yes
SN124_A938797_Rep2	ACATGGCGCCAAAGTA-1	no	yes	no		unresolved	no	40.0	104.0	1529.0	1053.0	449.4855	309.5541	yes
SN124_A938797_Rep2	ACATGGCTCAATTTAG-1	no	yes	no		unresolved	no	8.0	14.0	374.0	337.0	109.9461	99.0691	yes
SN124_A938797_Rep2	ACATTAGTTTATATCC-1	no	yes	no		unresolved	no	51.0	61.0	976.0	1298.0	286.9182	381.5777	yes
SN124_A938797_Rep2	ACATTCGCGCGGAATA-1	no	yes	no		unresolved	no	73.0	27.0	539.0	1789.0	158.4517	525.9187	yes
SN124_A938797_Rep2	ACATTTGAAACCTAAC-1	no	yes	no		unresolved	no	73.0	99.0	1463.0	1790.0	430.0833	526.2126	yes
SN124_A938797_Rep2	ACCAAACACCCAGCGA-1	no	yes	no		unresolved	no	17.0	115.0	1670.0	539.0	490.9358	158.4517	yes
SN124_A938797_Rep2	ACCAAACTAGAAATCC-1	yes	yes	yes	stroma_fibroblastic_IC high	stroma	yes	3.0	67.0	1054.0	226.0	309.8481	66.438	yes
SN124_A938797_Rep2	ACCAACACCACACACT-1	yes	yes	yes	tumor	tumor	yes	20.0	110.0	1606.0	606.0	472.1215	178.148	yes
SN124_A938797_Rep2	ACCAACCGCACTCCAC-1	no	yes	no		unresolved	no	65.0	97.0	1438.0	1612.0	422.734	473.8853	yes
SN124_A938797_Rep2	ACCAACGCTTATTTAT-1	no	yes	no		unresolved	no	53.0	49.0	822.0	1343.0	241.6462	394.8065	yes
SN124_A938797_Rep2	ACCAAGAACGCGTGTC-1	yes	yes	yes	tumor&stroma_IC med to high	mixed	yes	17.0	49.0	823.0	538.0	241.9402	158.1578	yes
SN124_A938797_Rep2	ACCAAGTCATCGGCAG-1	no	yes	no		unresolved	no	70.0	106.0	1553.0	1723.0	456.5409	506.5164	yes
SN124_A938797_Rep2	ACCAATATGCAAGTTA-1	no	yes	no		unresolved	no	56.0	78.0	1194.0	1410.0	351.0044	414.5027	yes
SN124_A938797_Rep2	ACCACAACTCAGAACA-1	no	yes	no		unresolved	no	7.0	81.0	1234.0	315.0	362.7633	92.6017	yes
SN124_A938797_Rep2	ACCACAAGTTTCTATC-1	yes	yes	yes	stroma_fibroblastic_IC high	stroma	yes	30.0	54.0	887.0	829.0	260.7545	243.7041	yes
SN124_A938797_Rep2	ACCACACGGTTGATGG-1	no	yes	no		unresolved	no	75.0	79.0	1206.0	1835.0	354.5321	539.4414	yes
SN124_A938797_Rep2	ACCACCAATGTAACAA-1	no	yes	no		unresolved	no	41.0	107.0	1567.0	1075.0	460.6565	316.0216	yes
SN124_A938797_Rep2	ACCACCCTCTCTTCTA-1	no	yes	no		unresolved	no	23.0	121.0	1747.0	673.0	513.5718	197.8442	yes
SN124_A938797_Rep2	ACCACGTGCAGCTATA-1	yes	yes	yes	epitehlium&submucosa	other	yes	48.0	76.0	1169.0	1231.0	343.6551	361.8814	yes
SN124_A938797_Rep2	ACCACTGTTCAAGAAG-1	no	yes	no		unresolved	no	10.0	6.0	271.0	381.0	79.6668	112.0039	yes
SN124_A938797_Rep2	ACCAGACCATAACAAC-1	no	yes	no		unresolved	no	38.0	4.0	244.0	1007.0	71.7295	296.0314	yes
SN124_A938797_Rep2	ACCAGCCCGGTCTTTG-1	yes	yes	yes	exclude	exclude	yes	4.0	72.0	1119.0	248.0	328.9564	72.9054	yes
SN124_A938797_Rep2	ACCAGGAGTGTGATCT-1	yes	yes	yes	tumor&stroma_IC med to high	mixed	yes	3.0	55.0	900.0	226.0	264.5762	66.438	yes
SN124_A938797_Rep2	ACCAGTGCCCGGTCAA-1	no	yes	no		unresolved	no	9.0	103.0	1517.0	360.0	445.9579	105.8305	yes
SN124_A938797_Rep2	ACCAGTGCGGGAGACG-1	no	yes	no		unresolved	no	48.0	94.0	1400.0	1232.0	411.563	362.1754	yes
SN124_A938797_Rep2	ACCATATCCGCAATAA-1	yes	yes	yes	stroma_fibroblastic_IC high	stroma	yes	38.0	56.0	912.0	1008.0	268.1039	296.3253	yes
SN124_A938797_Rep2	ACCATCCGCCAACTAG-1	no	yes	no		unresolved	no	44.0	12.0	347.0	1141.0	102.0088	335.4238	yes
SN124_A938797_Rep2	ACCATCGTATATGGTA-1	yes	yes	yes	stroma_fibroblastic_IC high	stroma	yes	42.0	42.0	732.0	1097.0	215.1886	322.489	yes
SN124_A938797_Rep2	ACCATTAAGGGTGTCA-1	no	yes	no		unresolved	no	13.0	5.0	258.0	448.0	75.8452	131.7001	yes
SN124_A938797_Rep2	ACCCAACGCCCGTGGC-1	yes	yes	yes	stroma_fibroblastic_IC high	stroma	yes	30.0	86.0	1298.0	829.0	381.5777	243.7041	yes
SN124_A938797_Rep2	ACCCACCTACATGCTC-1	no	yes	no		unresolved	no	25.0	25.0	515.0	717.0	151.3964	210.779	yes
SN124_A938797_Rep2	ACCCATCTTGAGGGTA-1	yes	yes	yes	stroma_fibroblastic_IC high	stroma	yes	37.0	37.0	668.0	985.0	196.3743	289.5639	yes
SN124_A938797_Rep2	ACCCATTTGTCCCTCT-1	no	yes	no		unresolved	no	60.0	100.0	1477.0	1500.0	434.1989	440.9603	yes
SN124_A938797_Rep2	ACCCGAGCGAAATTAC-1	no	yes	no		unresolved	no	61.0	29.0	565.0	1521.0	166.0951	447.1338	yes
SN124_A938797_Rep2	ACCCGATTGGTTCCGA-1	no	yes	no		unresolved	no	69.0	35.0	642.0	1700.0	188.731	499.755	yes
SN124_A938797_Rep2	ACCCGGAAACTCCCAG-1	no	yes	no		unresolved	no	57.0	65.0	1027.0	1432.0	301.9108	420.9701	yes
SN124_A938797_Rep2	ACCCGGAGCACCACAA-1	no	yes	no		unresolved	no	59.0	123.0	1772.0	1478.0	520.9211	434.4929	yes
SN124_A938797_Rep2	ACCCGGATGACGCATC-1	yes	yes	yes	non neo epithelium	normal epithelium	yes	38.0	100.0	1477.0	1008.0	434.1989	296.3253	yes
SN124_A938797_Rep2	ACCCGGTTACACTTCC-1	yes	yes	yes	stroma_fibroblastic_IC high	stroma	yes	42.0	48.0	809.0	1097.0	237.8246	322.489	yes
SN124_A938797_Rep2	ACCCGTAGCAGAGAAT-1	no	yes	no		unresolved	no	73.0	9.0	308.0	1789.0	90.5439	525.9187	yes
SN124_A938797_Rep2	ACCCGTAGTCTAGTTG-1	no	yes	no		unresolved	no	68.0	118.0	1707.0	1679.0	501.8128	493.5816	yes
SN124_A938797_Rep2	ACCCGTGTCATCAGTA-1	no	yes	no		unresolved	no	58.0	54.0	886.0	1454.0	260.4606	427.4375	yes
SN124_A938797_Rep2	ACCCTATAGGACTGAG-1	no	yes	no		unresolved	no	12.0	20.0	451.0	426.0	132.5821	125.2327	yes
SN124_A938797_Rep2	ACCCTATGCCATATCG-1	no	yes	no		unresolved	no	56.0	40.0	706.0	1409.0	207.5453	414.2087	yes
SN124_A938797_Rep2	ACCCTCCCGTCAGGGC-1	no	yes	no		unresolved	no	69.0	99.0	1463.0	1701.0	430.0833	500.049	yes
SN124_A938797_Rep2	ACCCTCCCTTGCTATT-1	yes	yes	yes	non neo epithelium	normal epithelium	yes	48.0	84.0	1271.0	1231.0	373.6404	361.8814	yes
SN124_A938797_Rep2	ACCCTGGTAACGCCCT-1	no	yes	no		unresolved	no	21.0	115.0	1670.0	629.0	490.9358	184.9094	yes
SN124_A938797_Rep2	ACCCTTCATCTGCGAA-1	yes	yes	yes	tumor	tumor	yes	13.0	65.0	1029.0	449.0	302.4988	131.9941	yes
SN124_A938797_Rep2	ACCCTTGCCTGGGTCG-1	no	yes	no		unresolved	no	16.0	126.0	1812.0	517.0	532.6801	151.9843	yes
SN124_A938797_Rep2	ACCCTTTAGTTCTCCA-1	no	yes	no		unresolved	no	6.0	80.0	1221.0	293.0	358.9417	86.1342	yes
SN124_A938797_Rep2	ACCGAAAGGGCCCTGC-1	yes	yes	yes	stroma_fibroblastic_IC med	stroma	yes	9.0	53.0	875.0	360.0	257.2268	105.8305	yes
SN124_A938797_Rep2	ACCGAAGAGTCTGGTT-1	no	yes	no		unresolved	no	57.0	11.0	334.0	1431.0	98.1872	420.6761	yes
SN124_A938797_Rep2	ACCGACACATCTCCCA-1	no	yes	no		unresolved	no	61.0	67.0	1053.0	1522.0	309.5541	447.4277	yes
SN124_A938797_Rep2	ACCGACTGAGTCCCAC-1	yes	yes	yes	stroma_fibroblastic_IC high	stroma	yes	28.0	66.0	1041.0	784.0	306.0265	230.4753	yes
SN124_A938797_Rep2	ACCGAGTCTCCTTATT-1	no	yes	no		unresolved	no	71.0	79.0	1207.0	1745.0	354.8261	512.9838	yes
SN124_A938797_Rep2	ACCGATAGGCATAACC-1	no	yes	no		unresolved	no	60.0	118.0	1708.0	1500.0	502.1068	440.9603	yes
SN124_A938797_Rep2	ACCGATATTTAATCAT-1	no	yes	no		unresolved	no	54.0	120.0	1734.0	1366.0	509.7501	401.5679	yes
SN124_A938797_Rep2	ACCGATGGTAGCATCG-1	yes	yes	yes	IC aggregate_stroma or muscularis	unresolved	yes	36.0	92.0	1375.0	963.0	404.2136	283.0965	yes
SN124_A938797_Rep2	ACCGCAATAACTGCCT-1	no	yes	no		unresolved	no	51.0	79.0	1207.0	1298.0	354.8261	381.5777	yes
SN124_A938797_Rep2	ACCGCGGTGGAAGTCG-1	no	yes	no		unresolved	no	44.0	106.0	1554.0	1142.0	456.8349	335.7178	yes
SN124_A938797_Rep2	ACCGCTAGTCATTGGT-1	no	yes	no		unresolved	no	74.0	32.0	603.0	1812.0	177.266	532.6801	yes
SN124_A938797_Rep2	ACCGGGCCTTTGTTGA-1	no	yes	no		unresolved	no	46.0	98.0	1451.0	1187.0	426.5556	348.9466	yes
SN124_A938797_Rep2	ACCGGTCAGGTACACC-1	no	yes	no		unresolved	no	59.0	15.0	385.0	1476.0	113.1798	433.9049	yes
SN124_A938797_Rep2	ACCGGTCTGAGTACGG-1	no	yes	no		unresolved	no	4.0	100.0	1478.0	249.0	434.4929	73.1994	yes
SN124_A938797_Rep2	ACCGTCCACTGGGCCC-1	no	yes	no		unresolved	no	63.0	5.0	257.0	1565.0	75.5512	460.0686	yes
SN124_A938797_Rep2	ACCGTGACCACGTGGG-1	no	yes	no		unresolved	no	61.0	39.0	693.0	1521.0	203.7237	447.1338	yes
SN124_A938797_Rep2	ACCGTTCCCGCTCTGA-1	yes	yes	yes	stroma_fibroblastic_IC high	stroma	yes	5.0	65.0	1029.0	270.0	302.4988	79.3729	yes
SN124_A938797_Rep2	ACCTAAGTACCTTTCA-1	no	yes	no		unresolved	no	50.0	30.0	578.0	1275.0	169.9167	374.8163	yes
SN124_A938797_Rep2	ACCTAATCGACTTCCT-1	no	yes	no		unresolved	no	32.0	30.0	579.0	873.0	170.2107	256.6389	yes
SN124_A938797_Rep2	ACCTACAGTATGTGGT-1	no	yes	no		unresolved	no	41.0	113.0	1644.0	1076.0	483.2925	316.3155	yes
SN124_A938797_Rep2	ACCTACTATAAATCTA-1	no	yes	no		unresolved	no	68.0	58.0	937.0	1678.0	275.4532	493.2876	yes
SN124_A938797_Rep2	ACCTCAGCGAGGCGCA-1	no	yes	no		unresolved	no	77.0	99.0	1463.0	1880.0	430.0833	552.6703	yes
SN124_A938797_Rep2	ACCTCCGCCCTCGCTG-1	no	yes	no		unresolved	no	55.0	107.0	1567.0	1388.0	460.6565	408.0353	yes
SN124_A938797_Rep2	ACCTCCGTTATTCACC-1	no	yes	no		unresolved	no	34.0	112.0	1631.0	919.0	479.4708	270.1617	yes
SN124_A938797_Rep2	ACCTCGAACTTATGCT-1	no	yes	no		unresolved	no	65.0	15.0	385.0	1610.0	113.1798	473.2974	yes
SN124_A938797_Rep2	ACCTGCGTGTCATGTT-1	no	yes	no		unresolved	no	46.0	18.0	424.0	1186.0	124.6448	348.6526	yes
SN124_A938797_Rep2	ACCTTTCCTTTAGAAG-1	no	yes	no		unresolved	no	0.0	66.0	1042.0	159.0	306.3204	46.7418	yes
SN124_A938797_Rep2	ACGAAATGGGCGGCAC-1	yes	yes	yes	exclude	exclude	yes	32.0	24.0	501.0	873.0	147.2807	256.6389	yes
SN124_A938797_Rep2	ACGACCCATGAGTTGC-1	no	yes	no		unresolved	no	59.0	125.0	1798.0	1478.0	528.5644	434.4929	yes
SN124_A938797_Rep2	ACGACTCTAGGGCCGA-1	no	yes	no		unresolved	no	71.0	93.0	1386.0	1746.0	407.4473	513.2778	yes
SN124_A938797_Rep2	ACGACTGGTCATACTC-1	no	yes	no		unresolved	no	64.0	34.0	629.0	1588.0	184.9094	466.83	yes
SN124_A938797_Rep2	ACGAGAACCCATCACG-1	yes	yes	yes	stroma_fibroblastic_IC high	stroma	yes	8.0	34.0	631.0	337.0	185.4973	99.0691	yes
SN124_A938797_Rep2	ACGAGATATTTGCTTA-1	yes	yes	yes	exclude	exclude	yes	9.0	81.0	1234.0	360.0	362.7633	105.8305	yes
SN124_A938797_Rep2	ACGAGGATACCACTCT-1	no	yes	no		unresolved	no	50.0	18.0	424.0	1275.0	124.6448	374.8163	yes
SN124_A938797_Rep2	ACGAGGTTTACAACGT-1	no	yes	no		unresolved	no	57.0	13.0	360.0	1431.0	105.8305	420.6761	yes
SN124_A938797_Rep2	ACGAGTACGGATGCCC-1	yes	yes	yes	IC aggregate_stroma or muscularis	unresolved	yes	28.0	104.0	1529.0	785.0	449.4855	230.7692	yes
SN124_A938797_Rep2	ACGAGTCGCCGGCGTT-1	no	yes	no		unresolved	no	4.0	8.0	297.0	247.0	87.3101	72.6115	yes
SN124_A938797_Rep2	ACGATACATAGAACTA-1	yes	yes	yes	tumor&stroma_IC med to high	mixed	yes	22.0	80.0	1221.0	650.0	358.9417	191.0828	yes
SN124_A938797_Rep2	ACGATACCTATCCTGA-1	no	yes	no		unresolved	no	33.0	1.0	206.0	895.0	60.5585	263.1063	yes
SN124_A938797_Rep2	ACGATCATACATAGAG-1	yes	yes	yes	stroma_fibroblastic_IC med	stroma	yes	25.0	63.0	1002.0	717.0	294.5615	210.779	yes
SN124_A938797_Rep2	ACGATCATCTTGTAAA-1	yes	yes	yes	submucosa	other	yes	36.0	102.0	1503.0	964.0	441.8422	283.3905	yes
SN124_A938797_Rep2	ACGATGCATATGTTAT-1	yes	yes	yes	exclude	exclude	yes	37.0	43.0	745.0	985.0	219.0103	289.5639	yes
SN124_A938797_Rep2	ACGATGGATCCGATGC-1	yes	yes	yes	tumor&stroma_IC med to high	mixed	yes	10.0	70.0	1093.0	382.0	321.3131	112.2979	yes
SN124_A938797_Rep2	ACGCAAACTAATAGAT-1	no	yes	no		unresolved	no	63.0	47.0	796.0	1566.0	234.0029	460.3626	yes
SN124_A938797_Rep2	ACGCAATCACTACAGC-1	yes	yes	yes	stroma_fibroblastic_IC high	stroma	yes	25.0	109.0	1593.0	718.0	468.2998	211.073	yes
SN124_A938797_Rep2	ACGCATAAATGACATG-1	no	yes	no		unresolved	no	5.0	111.0	1619.0	271.0	475.9432	79.6668	yes
SN124_A938797_Rep2	ACGCATACGTTTACTA-1	no	yes	no		unresolved	no	56.0	102.0	1502.0	1411.0	441.5483	414.7967	yes
SN124_A938797_Rep2	ACGCATTCGTGAGTAC-1	yes	yes	yes	stroma_fibroblastic_IC high	stroma	yes	33.0	61.0	977.0	896.0	287.2121	263.4003	yes
SN124_A938797_Rep2	ACGCCACTCGAAACAG-1	no	yes	no		unresolved	no	75.0	71.0	1104.0	1835.0	324.5468	539.4414	yes
SN124_A938797_Rep2	ACGCCAGATGATTTCT-1	yes	yes	yes	stroma_fibroblastic_IC high	stroma	yes	17.0	73.0	1131.0	539.0	332.4841	158.4517	yes
SN124_A938797_Rep2	ACGCCAGTGCGTTTGC-1	no	yes	no		unresolved	no	72.0	102.0	1502.0	1768.0	441.5483	519.7452	yes
SN124_A938797_Rep2	ACGCCCAGCTGTCGAT-1	yes	yes	yes	exclude	exclude	yes	3.0	71.0	1106.0	226.0	325.1347	66.438	yes
SN124_A938797_Rep2	ACGCCGCTAGACGACC-1	yes	yes	yes	tumor	tumor	yes	43.0	71.0	1105.0	1120.0	324.8408	329.2504	yes
SN124_A938797_Rep2	ACGCCTGACACGCGCT-1	no	yes	no		unresolved	no	0.0	0.0	194.0	158.0	57.0309	46.4478	yes
SN124_A938797_Rep2	ACGCGAAGTCAGACGA-1	no	yes	no		unresolved	no	49.0	59.0	950.0	1253.0	279.2749	368.3488	yes
SN124_A938797_Rep2	ACGCGCTACACAGGGT-1	no	yes	no		unresolved	no	41.0	31.0	591.0	1074.0	173.7384	315.7276	yes
SN124_A938797_Rep2	ACGCGGGCCAAGGACA-1	yes	yes	yes	stroma_fibroblastic_IC high	stroma	yes	34.0	62.0	989.0	918.0	290.7398	269.8677	yes
SN124_A938797_Rep2	ACGCGTTTCTTAAGAG-1	no	yes	no		unresolved	no	29.0	5.0	258.0	806.0	75.8452	236.9427	yes
SN124_A938797_Rep2	ACGCTACTGAATGGGC-1	no	yes	no		unresolved	no	74.0	120.0	1733.0	1813.0	509.4561	532.974	yes
SN124_A938797_Rep2	ACGCTAGTATCAGTGC-1	no	yes	no		unresolved	no	0.0	124.0	1786.0	160.0	525.0367	47.0358	yes
SN124_A938797_Rep2	ACGCTAGTGATACACT-1	yes	yes	yes	stroma_fibroblastic_IC high	stroma	yes	28.0	100.0	1478.0	785.0	434.4929	230.7692	yes
SN124_A938797_Rep2	ACGCTGTGAGGCGTAG-1	no	yes	no		unresolved	no	39.0	13.0	360.0	1029.0	105.8305	302.4988	yes
SN124_A938797_Rep2	ACGCTTAGTGTCTCTC-1	no	yes	no		unresolved	no	3.0	81.0	1234.0	226.0	362.7633	66.438	yes
SN124_A938797_Rep2	ACGGAACACGAGTGCC-1	no	yes	no		unresolved	no	73.0	101.0	1489.0	1790.0	437.7266	526.2126	yes
SN124_A938797_Rep2	ACGGAATTTAGCAAAT-1	yes	yes	yes	stroma desmoplastic_IC low	stroma	yes	15.0	27.0	540.0	493.0	158.7457	144.929	yes
SN124_A938797_Rep2	ACGGACGCAGCGACAA-1	no	yes	no		unresolved	no	74.0	16.0	398.0	1811.0	117.0015	532.3861	yes
SN124_A938797_Rep2	ACGGACTCTCAAAGCG-1	no	yes	no		unresolved	no	61.0	75.0	1156.0	1522.0	339.8334	447.4277	yes
SN124_A938797_Rep2	ACGGAGCGCAAATTAC-1	yes	yes	yes	stroma_fibroblastic_IC high	stroma	yes	18.0	108.0	1581.0	562.0	464.7722	165.2131	yes
SN124_A938797_Rep2	ACGGATGGTGCGGATA-1	no	yes	no		unresolved	no	57.0	79.0	1207.0	1432.0	354.8261	420.9701	yes
SN124_A938797_Rep2	ACGGCACTTGCTTGGG-1	no	yes	no		unresolved	no	52.0	60.0	963.0	1320.0	283.0965	388.0451	yes
SN124_A938797_Rep2	ACGGCCAACATGGACT-1	no	yes	no		unresolved	no	53.0	55.0	899.0	1343.0	264.2822	394.8065	yes
SN124_A938797_Rep2	ACGGCGACGATGGGAA-1	yes	yes	yes	epitehlium&submucosa	other	yes	49.0	77.0	1182.0	1254.0	347.4767	368.6428	yes
SN124_A938797_Rep2	ACGGCGGGTTGCCCTG-1	yes	yes	yes	stroma_fibroblastic_IC high	stroma	yes	5.0	31.0	592.0	270.0	174.0323	79.3729	yes
SN124_A938797_Rep2	ACGGCTGGATGTAGAA-1	no	yes	no		unresolved	no	61.0	11.0	334.0	1521.0	98.1872	447.1338	yes
SN124_A938797_Rep2	ACGGGAGTGTCGGCCC-1	no	yes	no		unresolved	no	47.0	25.0	514.0	1208.0	151.1024	355.12	yes
SN124_A938797_Rep2	ACGGGCGTATGCGACA-1	no	yes	no		unresolved	no	24.0	118.0	1709.0	696.0	502.4008	204.6056	yes
SN124_A938797_Rep2	ACGGGTCATGTGACTT-1	no	yes	no		unresolved	no	15.0	9.0	309.0	493.0	90.8378	144.929	yes
SN124_A938797_Rep2	ACGGGTTGTGACCTGT-1	no	yes	no		unresolved	no	73.0	5.0	256.0	1789.0	75.2572	525.9187	yes
SN124_A938797_Rep2	ACGGTACAGTTCAATG-1	no	yes	no		unresolved	no	71.0	97.0	1438.0	1746.0	422.734	513.2778	yes
SN124_A938797_Rep2	ACGGTCACCGAGAACA-1	no	yes	no		unresolved	no	71.0	13.0	359.0	1744.0	105.5365	512.6899	yes
SN124_A938797_Rep2	ACGTACAGATTTCTCT-1	yes	yes	yes	tumor	tumor	yes	10.0	66.0	1041.0	382.0	306.0265	112.2979	yes
SN124_A938797_Rep2	ACGTACTTTGGCACGG-1	no	yes	no		unresolved	no	70.0	32.0	603.0	1722.0	177.266	506.2224	yes
SN124_A938797_Rep2	ACGTAGATTGCTGATG-1	yes	yes	yes	stroma_fibroblastic_IC high	stroma	yes	33.0	67.0	1054.0	896.0	309.8481	263.4003	yes
SN124_A938797_Rep2	ACGTAGGAGAGTCGCT-1	no	yes	no		unresolved	no	70.0	72.0	1117.0	1723.0	328.3684	506.5164	yes
SN124_A938797_Rep2	ACGTATTACTCCGATC-1	yes	yes	yes	epitehlium&submucosa	other	yes	41.0	97.0	1439.0	1075.0	423.0279	316.0216	yes
SN124_A938797_Rep2	ACGTCCTAAACGAGAT-1	no	yes	no		unresolved	no	0.0	62.0	990.0	159.0	291.0338	46.7418	yes
SN124_A938797_Rep2	ACGTCGGGCAACTCGG-1	no	yes	no		unresolved	no	68.0	2.0	218.0	1677.0	64.0862	492.9936	yes
SN124_A938797_Rep2	ACGTCTCGTTCCGGGA-1	no	yes	no		unresolved	no	44.0	6.0	270.0	1141.0	79.3729	335.4238	yes
SN124_A938797_Rep2	ACGTGACAAAGTAAGT-1	no	yes	no		unresolved	no	52.0	4.0	244.0	1320.0	71.7295	388.0451	yes
SN124_A938797_Rep2	ACGTGCGCCTCGTGCA-1	yes	yes	yes	stroma_fibroblastic_IC med	stroma	yes	17.0	63.0	1003.0	538.0	294.8555	158.1578	yes
SN124_A938797_Rep2	ACGTGGTCGAATGTGC-1	no	yes	no		unresolved	no	2.0	78.0	1196.0	204.0	351.5924	59.9706	yes
SN124_A938797_Rep2	ACGTTAATGTCGAAGA-1	yes	yes	yes	stroma_fibroblastic_IC high	stroma	yes	41.0	69.0	1079.0	1075.0	317.1974	316.0216	yes
SN124_A938797_Rep2	ACGTTAGATTTGCCCG-1	yes	yes	yes	stroma_fibroblastic_IC high	stroma	yes	39.0	39.0	694.0	1030.0	204.0176	302.7927	yes
SN124_A938797_Rep2	ACGTTATTGGTCACTC-1	no	yes	no		unresolved	no	19.0	13.0	361.0	582.0	106.1244	171.0926	yes
SN124_A938797_Rep2	ACGTTCACTATGCCGC-1	no	yes	no		unresolved	no	74.0	38.0	680.0	1812.0	199.902	532.6801	yes
SN124_A938797_Rep2	ACGTTCCGCGCTCCGT-1	yes	yes	yes	stroma_fibroblastic_IC med	stroma	yes	8.0	54.0	887.0	337.0	260.7545	99.0691	yes
SN124_A938797_Rep2	ACGTTCGCAATCAATT-1	no	yes	no		unresolved	no	33.0	113.0	1644.0	897.0	483.2925	263.6943	yes
SN124_A938797_Rep2	ACGTTCGTTCAGGAAA-1	no	yes	no		unresolved	no	60.0	44.0	757.0	1499.0	222.538	440.6663	yes
SN124_A938797_Rep2	ACGTTCTGTACAAGTC-1	no	yes	no		unresolved	no	65.0	95.0	1412.0	1611.0	415.0906	473.5914	yes
SN124_A938797_Rep2	ACGTTGTCGTTGAAAG-1	no	yes	no		unresolved	no	75.0	31.0	590.0	1834.0	173.4444	539.1475	yes
SN124_A938797_Rep2	ACGTTTAGTTGTGATC-1	yes	yes	yes	tumor	tumor	yes	14.0	68.0	1067.0	472.0	313.6698	138.7555	yes
SN124_A938797_Rep2	ACGTTTCGGTGCACTT-1	no	yes	no		unresolved	no	74.0	122.0	1759.0	1813.0	517.0995	532.974	yes
SN124_A938797_Rep2	ACTAAGGACGCACACC-1	no	yes	no		unresolved	no	11.0	127.0	1825.0	405.0	536.5017	119.0593	yes
SN124_A938797_Rep2	ACTAATACGTCAGGCG-1	no	yes	no		unresolved	no	8.0	98.0	1452.0	338.0	426.8496	99.3631	yes
SN124_A938797_Rep2	ACTACAAAGAGAGGTG-1	no	yes	no		unresolved	no	71.0	49.0	821.0	1745.0	241.3523	512.9838	yes
SN124_A938797_Rep2	ACTACATCCCGACAAG-1	no	yes	no		unresolved	no	63.0	17.0	411.0	1565.0	120.8231	460.0686	yes
SN124_A938797_Rep2	ACTACCAGCTCTCTGG-1	yes	yes	yes	tumor&stroma_IC med to high	mixed	yes	25.0	41.0	720.0	717.0	211.6609	210.779	yes
SN124_A938797_Rep2	ACTACCATCCGAGGGC-1	no	yes	no		unresolved	no	74.0	28.0	552.0	1811.0	162.2734	532.3861	yes
SN124_A938797_Rep2	ACTACGCGTTAGAATT-1	no	yes	no		unresolved	no	60.0	56.0	912.0	1499.0	268.1039	440.6663	yes
SN124_A938797_Rep2	ACTAGTTGCGATCGTC-1	no	yes	no		unresolved	no	50.0	104.0	1528.0	1276.0	449.1916	375.1102	yes
SN124_A938797_Rep2	ACTATATGCTGTGTTC-1	no	yes	no		unresolved	no	13.0	105.0	1542.0	450.0	453.3072	132.2881	yes
SN124_A938797_Rep2	ACTATCCAGGGCATGG-1	no	yes	no		unresolved	no	38.0	108.0	1580.0	1008.0	464.4782	296.3253	yes
SN124_A938797_Rep2	ACTATCGCCGGCTAAA-1	no	yes	no		unresolved	no	13.0	1.0	207.0	448.0	60.8525	131.7001	yes
SN124_A938797_Rep2	ACTATCTGCCCGCGTA-1	no	yes	no		unresolved	no	53.0	113.0	1644.0	1344.0	483.2925	395.1004	yes
SN124_A938797_Rep2	ACTATGTCCAGCTGCC-1	no	yes	no		unresolved	no	64.0	22.0	475.0	1588.0	139.6374	466.83	yes
SN124_A938797_Rep2	ACTATTCGTCCGTGGT-1	yes	yes	yes	tumor	tumor	yes	14.0	74.0	1144.0	472.0	336.3057	138.7555	yes
SN124_A938797_Rep2	ACTATTTCCGGGCCCA-1	no	yes	no		unresolved	no	59.0	41.0	719.0	1477.0	211.367	434.1989	yes
SN124_A938797_Rep2	ACTCAACGAATGTATT-1	yes	yes	yes	stroma_fibroblastic_IC high	stroma	yes	7.0	33.0	618.0	315.0	181.6756	92.6017	yes
SN124_A938797_Rep2	ACTCAAGTGCAAGGCT-1	no	yes	no		unresolved	no	60.0	86.0	1297.0	1500.0	381.2837	440.9603	yes
SN124_A938797_Rep2	ACTCAATAAAGGCACG-1	yes	yes	yes	stroma_fibroblastic_IC med	stroma	yes	25.0	69.0	1080.0	717.0	317.4914	210.779	yes
SN124_A938797_Rep2	ACTCAGACCTGCTTCT-1	yes	yes	yes	stroma_fibroblastic_IC high	stroma	yes	9.0	43.0	746.0	359.0	219.3043	105.5365	yes
SN124_A938797_Rep2	ACTCATGGCAGCCTTC-1	no	yes	no		unresolved	no	67.0	17.0	411.0	1655.0	120.8231	486.5262	yes
SN124_A938797_Rep2	ACTCCAATATCATCAT-1	no	yes	no		unresolved	no	63.0	29.0	565.0	1566.0	166.0951	460.3626	yes
SN124_A938797_Rep2	ACTCCCATTCCTAAAG-1	no	yes	no		unresolved	no	47.0	17.0	411.0	1208.0	120.8231	355.12	yes
SN124_A938797_Rep2	ACTCCCGAATTCGTTT-1	yes	yes	yes	exclude	exclude	yes	32.0	104.0	1529.0	874.0	449.4855	256.9329	yes
SN124_A938797_Rep2	ACTCCCGTAGACTAGG-1	no	yes	no		unresolved	no	21.0	123.0	1773.0	629.0	521.2151	184.9094	yes
SN124_A938797_Rep2	ACTCCCTAATGCTAAA-1	no	yes	no		unresolved	no	57.0	69.0	1079.0	1432.0	317.1974	420.9701	yes
SN124_A938797_Rep2	ACTCCCTAGAATAGTA-1	yes	yes	yes	epitehlium&submucosa	other	yes	48.0	70.0	1092.0	1231.0	321.0191	361.8814	yes
SN124_A938797_Rep2	ACTCCGGCCGACCACT-1	no	yes	no		unresolved	no	70.0	90.0	1348.0	1723.0	396.2763	506.5164	yes
SN124_A938797_Rep2	ACTCGATGTATTTCAT-1	no	yes	no		unresolved	no	18.0	10.0	322.0	560.0	94.6595	164.6252	yes
SN124_A938797_Rep2	ACTCGCCGTTCGATAA-1	no	yes	no		unresolved	no	67.0	111.0	1618.0	1656.0	475.6492	486.8202	yes
SN124_A938797_Rep2	ACTCGCGATCTGACGC-1	no	yes	no		unresolved	no	42.0	126.0	1811.0	1098.0	532.3861	322.7829	yes
SN124_A938797_Rep2	ACTCGTAACCCGTCCT-1	no	yes	no		unresolved	no	49.0	23.0	488.0	1253.0	143.4591	368.3488	yes
SN124_A938797_Rep2	ACTCGTCAGTAATCCC-1	yes	yes	yes	stroma_fibroblastic_IC med	stroma	yes	36.0	78.0	1195.0	963.0	351.2984	283.0965	yes
SN124_A938797_Rep2	ACTCTAAACCTGGGAT-1	no	yes	no		unresolved	no	27.0	1.0	206.0	761.0	60.5585	223.7139	yes
SN124_A938797_Rep2	ACTCTCTGACTTAGGT-1	yes	yes	yes	non neo epithelium	normal epithelium	yes	42.0	78.0	1195.0	1097.0	351.2984	322.489	yes
SN124_A938797_Rep2	ACTCTCTTATACACGA-1	no	yes	no		unresolved	no	8.0	84.0	1273.0	338.0	374.2283	99.3631	yes
SN124_A938797_Rep2	ACTCTGACCTAATAGA-1	no	yes	no		unresolved	no	69.0	97.0	1438.0	1701.0	422.734	500.049	yes
SN124_A938797_Rep2	ACTCTTCAGCTCCCGC-1	no	yes	no		unresolved	no	36.0	126.0	1811.0	964.0	532.3861	283.3905	yes
SN124_A938797_Rep2	ACTCTTGTATAGTAAC-1	yes	yes	yes	stroma_fibroblastic_IC med	stroma	yes	36.0	70.0	1092.0	963.0	321.0191	283.0965	yes
SN124_A938797_Rep2	ACTGAAACGCCGTTAG-1	no	yes	no		unresolved	no	57.0	93.0	1387.0	1433.0	407.7413	421.2641	yes
SN124_A938797_Rep2	ACTGAATGGCGAAAGT-1	yes	yes	yes	non neo epithelium	normal epithelium	yes	47.0	83.0	1259.0	1209.0	370.1127	355.414	yes
SN124_A938797_Rep2	ACTGATTTAGTGATTC-1	no	yes	no		unresolved	no	4.0	80.0	1221.0	248.0	358.9417	72.9054	yes
SN124_A938797_Rep2	ACTGCCCGCCATTCTC-1	no	yes	no		unresolved	no	68.0	30.0	577.0	1677.0	169.6227	492.9936	yes
SN124_A938797_Rep2	ACTGCCGTCGTAACTC-1	yes	yes	yes	stroma_fibroblastic_IC high	stroma	yes	16.0	70.0	1093.0	516.0	321.3131	151.6903	yes
SN124_A938797_Rep2	ACTGCGGACACACCGT-1	no	yes	no		unresolved	no	37.0	119.0	1721.0	986.0	505.9285	289.8579	yes
SN124_A938797_Rep2	ACTGCTCGGAAGGATG-1	no	yes	no		unresolved	no	53.0	9.0	308.0	1342.0	90.5439	394.5125	yes
SN124_A938797_Rep2	ACTGGCGAACCTGCGT-1	no	yes	no		unresolved	no	10.0	126.0	1812.0	383.0	532.6801	112.5919	yes
SN124_A938797_Rep2	ACTGGGATGCCAGTGC-1	no	yes	no		unresolved	no	73.0	53.0	873.0	1790.0	256.6389	526.2126	yes
SN124_A938797_Rep2	ACTGTACGATACACAT-1	yes	yes	yes	stroma_fibroblastic_IC high	stroma	yes	30.0	78.0	1195.0	829.0	351.2984	243.7041	yes
SN124_A938797_Rep2	ACTGTAGCACTTTGGA-1	yes	yes	yes	stroma_fibroblastic_IC high	stroma	yes	27.0	39.0	694.0	762.0	204.0176	224.0078	yes
SN124_A938797_Rep2	ACTGTATACGCGAGCA-1	yes	yes	yes	stroma_fibroblastic_IC high	stroma	yes	10.0	36.0	656.0	382.0	192.8466	112.2979	yes
SN124_A938797_Rep2	ACTGTCCAGGATTATA-1	yes	yes	yes	stroma_fibroblastic_IC high	stroma	yes	33.0	55.0	900.0	896.0	264.5762	263.4003	yes
SN124_A938797_Rep2	ACTGTCTTCTTTAGAA-1	yes	yes	yes	stroma_fibroblastic_IC high	stroma	yes	30.0	64.0	1015.0	829.0	298.3831	243.7041	yes
SN124_A938797_Rep2	ACTGTGCTAGTAGATC-1	yes	yes	yes	stroma desmoplastic_IC low	stroma	yes	13.0	31.0	592.0	449.0	174.0323	131.9941	yes
SN124_A938797_Rep2	ACTGTTTAGTGTAGGC-1	yes	yes	yes	tumor&stroma_IC med to high	mixed	yes	3.0	59.0	952.0	226.0	279.8628	66.438	yes
SN124_A938797_Rep2	ACTTACCGGGCGCGCA-1	no	yes	no		unresolved	no	11.0	95.0	1414.0	405.0	415.6786	119.0593	yes
SN124_A938797_Rep2	ACTTACGCATCCACGC-1	no	yes	no		unresolved	no	58.0	78.0	1194.0	1455.0	351.0044	427.7315	yes
SN124_A938797_Rep2	ACTTAGTACGACAAGA-1	yes	yes	yes	stroma desmoplastic_IC low	stroma	yes	14.0	32.0	605.0	471.0	177.854	138.4615	yes
SN124_A938797_Rep2	ACTTATACTTACCCGG-1	yes	yes	yes	epitehlium&submucosa	other	yes	36.0	90.0	1349.0	963.0	396.5703	283.0965	yes
SN124_A938797_Rep2	ACTTATCTGATCTATA-1	no	yes	no		unresolved	no	0.0	32.0	605.0	158.0	177.854	46.4478	yes
SN124_A938797_Rep2	ACTTATTAGGATCGGT-1	yes	yes	yes	tumor	tumor	yes	38.0	52.0	861.0	1007.0	253.1112	296.0314	yes
SN124_A938797_Rep2	ACTTATTTATGTGCCA-1	yes	yes	yes	non neo epithelium	normal epithelium	yes	46.0	90.0	1349.0	1187.0	396.5703	348.9466	yes
SN124_A938797_Rep2	ACTTCAGGCTGATCCC-1	no	yes	no		unresolved	no	51.0	81.0	1233.0	1298.0	362.4694	381.5777	yes
SN124_A938797_Rep2	ACTTCCAGTGGAAGCT-1	no	yes	no		unresolved	no	57.0	3.0	231.0	1431.0	67.9079	420.6761	yes
SN124_A938797_Rep2	ACTTCCATGCGGGACA-1	no	yes	no		unresolved	no	61.0	85.0	1284.0	1522.0	377.462	447.4277	yes
SN124_A938797_Rep2	ACTTCCTGTCGTGCGA-1	no	yes	no		unresolved	no	0.0	120.0	1735.0	160.0	510.0441	47.0358	yes
SN124_A938797_Rep2	ACTTCGCCATACGCAC-1	yes	yes	yes	tumor&stroma_IC med to high	mixed	yes	27.0	75.0	1157.0	762.0	340.1274	224.0078	yes
SN124_A938797_Rep2	ACTTCGCTAGCGAGTG-1	no	yes	no		unresolved	no	31.0	127.0	1824.0	852.0	536.2077	250.4655	yes
SN124_A938797_Rep2	ACTTGACTCCCTCTTT-1	yes	yes	yes	tumor&stroma_IC med to high	mixed	yes	42.0	72.0	1118.0	1097.0	328.6624	322.489	yes
SN124_A938797_Rep2	ACTTGCCATATTGTAC-1	yes	yes	yes	tumor	tumor	yes	4.0	56.0	913.0	248.0	268.3978	72.9054	yes
SN124_A938797_Rep2	ACTTGCTCTATCTACC-1	no	yes	no		unresolved	no	69.0	3.0	231.0	1699.0	67.9079	499.461	yes
SN124_A938797_Rep2	ACTTGGGACCCGGTGG-1	yes	yes	yes	stroma_fibroblastic_IC high	stroma	yes	29.0	49.0	823.0	806.0	241.9402	236.9427	yes
SN124_A938797_Rep2	ACTTGGGCTTTCGCCA-1	no	yes	no		unresolved	no	77.0	75.0	1155.0	1879.0	339.5394	552.3763	yes
SN124_A938797_Rep2	ACTTGTAGTCCCTTCA-1	no	yes	no		unresolved	no	44.0	10.0	321.0	1141.0	94.3655	335.4238	yes
SN124_A938797_Rep2	ACTTGTGGATGGAACG-1	no	yes	no		unresolved	no	52.0	108.0	1580.0	1321.0	464.4782	388.339	yes
SN124_A938797_Rep2	ACTTGTTACCGGATCA-1	no	yes	no		unresolved	no	75.0	57.0	924.0	1834.0	271.6316	539.1475	yes
SN124_A938797_Rep2	ACTTTACCCTCATGAA-1	no	yes	no		unresolved	no	32.0	106.0	1554.0	874.0	456.8349	256.9329	yes
SN124_A938797_Rep2	ACTTTATACACCACTT-1	no	yes	no		unresolved	no	74.0	10.0	320.0	1811.0	94.0715	532.3861	yes
SN124_A938797_Rep2	ACTTTCCTATAGCTTC-1	yes	yes	yes	stroma_fibroblastic_IC high	stroma	yes	28.0	62.0	990.0	784.0	291.0338	230.4753	yes
SN124_A938797_Rep2	ACTTTGACTGCATCCT-1	no	yes	no		unresolved	no	39.0	11.0	334.0	1029.0	98.1872	302.4988	yes
SN124_A938797_Rep2	ACTTTGGTCGTGCTCC-1	no	yes	no		unresolved	no	61.0	13.0	359.0	1521.0	105.5365	447.1338	yes
SN124_A938797_Rep2	ACTTTGTCGACGCACT-1	no	yes	no		unresolved	no	56.0	120.0	1734.0	1411.0	509.7501	414.7967	yes
SN124_A938797_Rep2	AGAAATTATGACTCGC-1	no	yes	no		unresolved	no	53.0	115.0	1669.0	1344.0	490.6418	395.1004	yes
SN124_A938797_Rep2	AGAACACGGCGATGGT-1	no	yes	no		unresolved	no	75.0	13.0	359.0	1834.0	105.5365	539.1475	yes
SN124_A938797_Rep2	AGAACCCAGCGTGACA-1	no	yes	no		unresolved	no	44.0	124.0	1785.0	1143.0	524.7428	336.0118	yes
SN124_A938797_Rep2	AGAACCCTCAATTGGG-1	no	yes	no		unresolved	no	61.0	9.0	308.0	1521.0	90.5439	447.1338	yes
SN124_A938797_Rep2	AGAACGTGGTACATTC-1	yes	yes	yes	stroma_fibroblastic_IC med	stroma	yes	27.0	73.0	1131.0	762.0	332.4841	224.0078	yes
SN124_A938797_Rep2	AGAACTGTACTTTGTA-1	no	yes	no		unresolved	no	74.0	96.0	1425.0	1813.0	418.9123	532.974	yes
SN124_A938797_Rep2	AGAAGAGCGCCGTTCC-1	yes	yes	yes	exclude	exclude	yes	38.0	88.0	1323.0	1008.0	388.927	296.3253	yes
SN124_A938797_Rep2	AGAAGGTACACTTCAC-1	no	yes	no		unresolved	no	52.0	14.0	372.0	1320.0	109.3582	388.0451	yes
SN124_A938797_Rep2	AGAAGGTTGCCGAATT-1	yes	yes	yes	stroma_fibroblastic_IC high	stroma	yes	42.0	44.0	758.0	1097.0	222.8319	322.489	yes
SN124_A938797_Rep2	AGAAGGTTGTAGGTCG-1	no	yes	no		unresolved	no	64.0	78.0	1194.0	1589.0	351.0044	467.124	yes
SN124_A938797_Rep2	AGAAGTGATTCGTGAT-1	no	yes	no		unresolved	no	48.0	28.0	552.0	1231.0	162.2734	361.8814	yes
SN124_A938797_Rep2	AGAATAAATCTTCAGG-1	no	yes	no		unresolved	no	37.0	11.0	334.0	984.0	98.1872	289.27	yes
SN124_A938797_Rep2	AGAATACAGGCTATCC-1	no	yes	no		unresolved	no	75.0	99.0	1463.0	1835.0	430.0833	539.4414	yes
SN124_A938797_Rep2	AGAATGCGGGTTCGGA-1	no	yes	no		unresolved	no	12.0	108.0	1581.0	428.0	464.7722	125.8207	yes
SN124_A938797_Rep2	AGAATTATGGATTCGA-1	yes	yes	yes	exclude	exclude	yes	32.0	98.0	1452.0	874.0	426.8496	256.9329	yes
SN124_A938797_Rep2	AGAATTGTTTGACATA-1	yes	yes	yes	stroma desmoplastic_IC low	stroma	yes	17.0	23.0	489.0	538.0	143.7531	158.1578	yes
SN124_A938797_Rep2	AGACAGCTCAGAATCC-1	no	yes	no		unresolved	no	22.0	12.0	348.0	649.0	102.3028	190.7888	yes
SN124_A938797_Rep2	AGACAGGCATCTCAGC-1	no	yes	no		unresolved	no	55.0	125.0	1798.0	1389.0	528.5644	408.3292	yes
SN124_A938797_Rep2	AGACATAGATCCTTCC-1	yes	yes	yes	stroma_fibroblastic_IC high	stroma	yes	7.0	47.0	798.0	315.0	234.5909	92.6017	yes
SN124_A938797_Rep2	AGACCAAACCACACCT-1	no	yes	no		unresolved	no	51.0	9.0	308.0	1297.0	90.5439	381.2837	yes
SN124_A938797_Rep2	AGACCATGGGATACAA-1	yes	yes	yes	stroma desmoplastic_IC low	stroma	yes	22.0	28.0	553.0	650.0	162.5674	191.0828	yes
SN124_A938797_Rep2	AGACCCACCGCTGATC-1	yes	yes	yes	muscularis_IC med to high	other	yes	49.0	65.0	1027.0	1253.0	301.9108	368.3488	yes
SN124_A938797_Rep2	AGACCCGCCCTCCTCG-1	yes	yes	yes	stroma_fibroblastic_IC high	stroma	yes	26.0	56.0	913.0	739.0	268.3978	217.2464	yes
SN124_A938797_Rep2	AGACCGCTCCGCGGTT-1	no	yes	no		unresolved	no	51.0	111.0	1618.0	1299.0	475.6492	381.8716	yes
SN124_A938797_Rep2	AGACCGGGAAACCCTG-1	no	yes	no		unresolved	no	41.0	17.0	411.0	1074.0	120.8231	315.7276	yes
SN124_A938797_Rep2	AGACGAAGTGCCGGTC-1	no	yes	no		unresolved	no	49.0	97.0	1438.0	1254.0	422.734	368.6428	yes
SN124_A938797_Rep2	AGACGACGATGCCGCT-1	no	yes	no		unresolved	no	53.0	33.0	616.0	1342.0	181.0877	394.5125	yes
SN124_A938797_Rep2	AGACGCCCACTTCGCC-1	no	yes	no		unresolved	no	60.0	120.0	1733.0	1500.0	509.4561	440.9603	yes
SN124_A938797_Rep2	AGACGGGATTGGTATA-1	no	yes	no		unresolved	no	1.0	79.0	1209.0	181.0	355.414	53.2092	yes
SN124_A938797_Rep2	AGACGGGCCGATTTAA-1	no	yes	no		unresolved	no	8.0	102.0	1504.0	338.0	442.1362	99.3631	yes
SN124_A938797_Rep2	AGACTAGCCTTCCAGA-1	yes	yes	yes	stroma_fibroblastic_IC med	stroma	yes	28.0	46.0	784.0	784.0	230.4753	230.4753	yes
SN124_A938797_Rep2	AGACTGTTACCGGGTC-1	no	yes	no		unresolved	no	63.0	45.0	770.0	1566.0	226.3596	460.3626	yes
SN124_A938797_Rep2	AGAGAAACACCAGAAA-1	no	yes	no		unresolved	no	68.0	34.0	629.0	1677.0	184.9094	492.9936	yes
SN124_A938797_Rep2	AGAGAACCGTCTAGGA-1	yes	yes	yes	stroma_fibroblastic_IC high	stroma	yes	26.0	88.0	1323.0	740.0	388.927	217.5404	yes
SN124_A938797_Rep2	AGAGAAGGAGTACAAT-1	no	yes	no		unresolved	no	58.0	34.0	629.0	1454.0	184.9094	427.4375	yes
SN124_A938797_Rep2	AGAGATCTCTAAAGCG-1	no	yes	no		unresolved	no	40.0	18.0	424.0	1052.0	124.6448	309.2602	yes
SN124_A938797_Rep2	AGAGCAGTTATGAGAC-1	no	yes	no		unresolved	no	29.0	19.0	437.0	806.0	128.4664	236.9427	yes
SN124_A938797_Rep2	AGAGCCGCCGAGATTT-1	no	yes	no		unresolved	no	58.0	112.0	1631.0	1455.0	479.4708	427.7315	yes
SN124_A938797_Rep2	AGAGCGCTTGTAACGG-1	no	yes	no		unresolved	no	19.0	127.0	1824.0	584.0	536.2077	171.6805	yes
SN124_A938797_Rep2	AGAGCGGGCTAATCAT-1	yes	yes	yes	stroma_fibroblastic_IC high	stroma	yes	16.0	64.0	1016.0	516.0	298.6771	151.6903	yes
SN124_A938797_Rep2	AGAGCGTACAAGCTCG-1	yes	yes	yes	stroma desmoplastic_IC low	stroma	yes	24.0	28.0	553.0	694.0	162.5674	204.0176	yes
SN124_A938797_Rep2	AGAGCTACGAAAGCAT-1	no	yes	no		unresolved	no	10.0	16.0	399.0	381.0	117.2954	112.0039	yes
SN124_A938797_Rep2	AGAGGCTTCGGAAACC-1	no	yes	no		unresolved	no	51.0	101.0	1490.0	1299.0	438.0206	381.8716	yes
SN124_A938797_Rep2	AGAGGGACAATTGTCC-1	no	yes	no		unresolved	no	7.0	119.0	1722.0	316.0	506.2224	92.8956	yes
SN124_A938797_Rep2	AGAGGTATCTCGGTCC-1	yes	yes	yes	stroma_fibroblastic_IC high	stroma	yes	3.0	51.0	849.0	225.0	249.5835	66.144	yes
SN124_A938797_Rep2	AGAGTAAACTTCACTA-1	no	yes	no		unresolved	no	48.0	106.0	1554.0	1232.0	456.8349	362.1754	yes
SN124_A938797_Rep2	AGAGTATAGTGTTACG-1	no	yes	no		unresolved	no	28.0	122.0	1760.0	785.0	517.3934	230.7692	yes
SN124_A938797_Rep2	AGAGTCTTAATGAAAG-1	no	yes	no		unresolved	no	76.0	122.0	1759.0	1858.0	517.0995	546.2028	yes
SN124_A938797_Rep2	AGAGTGAACAGACACC-1	no	yes	no		unresolved	no	1.0	125.0	1799.0	182.0	528.8584	53.5032	yes
SN124_A938797_Rep2	AGAGTTAGAGACCGAT-1	no	yes	no		unresolved	no	6.0	98.0	1452.0	293.0	426.8496	86.1342	yes
SN124_A938797_Rep2	AGAGTTGCAGGCCTCC-1	no	yes	no		unresolved	no	11.0	125.0	1799.0	405.0	528.8584	119.0593	yes
SN124_A938797_Rep2	AGATAACTTCAGGGCC-1	yes	yes	yes	stroma_fibroblastic_IC med	stroma	yes	32.0	44.0	758.0	873.0	222.8319	256.6389	yes
SN124_A938797_Rep2	AGATAATCACACCTAT-1	no	yes	no		unresolved	no	77.0	13.0	359.0	1878.0	105.5365	552.0823	yes
SN124_A938797_Rep2	AGATACCAATAGAACC-1	no	yes	no		unresolved	no	64.0	110.0	1605.0	1589.0	471.8275	467.124	yes
SN124_A938797_Rep2	AGATACCAGCACTTCA-1	no	yes	no		unresolved	no	16.0	118.0	1709.0	517.0	502.4008	151.9843	yes
SN124_A938797_Rep2	AGATACCGGTGTTCAC-1	no	yes	no		unresolved	no	40.0	38.0	681.0	1052.0	200.196	309.2602	yes
SN124_A938797_Rep2	AGATACGACTTCATAT-1	yes	yes	yes	stroma desmoplastic_IC med to high	stroma	yes	15.0	35.0	643.0	493.0	189.025	144.929	yes
SN124_A938797_Rep2	AGATACTCAAGATCGA-1	yes	yes	yes	non neo epithelium	normal epithelium	yes	46.0	82.0	1246.0	1187.0	366.291	348.9466	yes
SN124_A938797_Rep2	AGATATAATACGACTA-1	no	yes	no		unresolved	no	64.0	72.0	1117.0	1589.0	328.3684	467.124	yes
SN124_A938797_Rep2	AGATCGTGCATAAGAT-1	yes	yes	yes	stroma_fibroblastic_IC high	stroma	yes	21.0	97.0	1439.0	628.0	423.0279	184.6154	yes
SN124_A938797_Rep2	AGATCTCAGGTGTGAT-1	yes	yes	yes	stroma_fibroblastic_IC high	stroma	yes	29.0	75.0	1156.0	807.0	339.8334	237.2366	yes
SN124_A938797_Rep2	AGATCTGGAGAGGATA-1	no	yes	no		unresolved	no	75.0	11.0	333.0	1834.0	97.8932	539.1475	yes
SN124_A938797_Rep2	AGATGACTCGCCCACG-1	yes	yes	yes	stroma_fibroblastic_IC med	stroma	yes	21.0	55.0	900.0	628.0	264.5762	184.6154	yes
SN124_A938797_Rep2	AGATGAGGGTTGCGAT-1	yes	yes	yes	exclude	exclude	yes	14.0	98.0	1452.0	472.0	426.8496	138.7555	yes
SN124_A938797_Rep2	AGATGATGGAGTCTGG-1	no	yes	no		unresolved	no	34.0	106.0	1554.0	919.0	456.8349	270.1617	yes
SN124_A938797_Rep2	AGATGCAAGACGTGCA-1	no	yes	no		unresolved	no	58.0	24.0	501.0	1454.0	147.2807	427.4375	yes
SN124_A938797_Rep2	AGATGCATCCTGTGTC-1	no	yes	no		unresolved	no	48.0	6.0	270.0	1230.0	79.3729	361.5875	yes
SN124_A938797_Rep2	AGATGCTATAACGAGC-1	no	yes	no		unresolved	no	11.0	7.0	284.0	403.0	83.4885	118.4713	yes
SN124_A938797_Rep2	AGATTATAGGACGTTT-1	yes	yes	yes	stroma_fibroblastic_IC high	stroma	yes	36.0	54.0	887.0	963.0	260.7545	283.0965	yes
SN124_A938797_Rep2	AGATTCAAGCGGGTCG-1	no	yes	no		unresolved	no	3.0	111.0	1619.0	226.0	475.9432	66.438	yes
SN124_A938797_Rep2	AGATTCACAACCGATA-1	no	yes	no		unresolved	no	53.0	13.0	360.0	1342.0	105.8305	394.5125	yes
SN124_A938797_Rep2	AGCAAAGGCCGCTAGT-1	no	yes	no		unresolved	no	60.0	72.0	1117.0	1499.0	328.3684	440.6663	yes
SN124_A938797_Rep2	AGCAACATATCTTATT-1	yes	yes	yes	epitehlium&submucosa	other	yes	41.0	93.0	1387.0	1075.0	407.7413	316.0216	yes
SN124_A938797_Rep2	AGCAACCGAAAGTAAT-1	no	yes	no		unresolved	no	56.0	20.0	449.0	1409.0	131.9941	414.2087	yes
SN124_A938797_Rep2	AGCACACGTTTAGACT-1	no	yes	no		unresolved	no	68.0	26.0	526.0	1677.0	154.6301	492.9936	yes
SN124_A938797_Rep2	AGCACCAGTACTCACG-1	yes	yes	yes	stroma_fibroblastic_IC high	stroma	yes	27.0	65.0	1028.0	762.0	302.2048	224.0078	yes
SN124_A938797_Rep2	AGCACTACCGGCCTGT-1	no	yes	no		unresolved	no	34.0	20.0	450.0	918.0	132.2881	269.8677	yes
SN124_A938797_Rep2	AGCACTACCTCACCAG-1	no	yes	no		unresolved	no	53.0	81.0	1233.0	1343.0	362.4694	394.8065	yes
SN124_A938797_Rep2	AGCACTTAAGGACGCC-1	yes	yes	yes	stroma_fibroblastic_IC med	stroma	yes	31.0	35.0	643.0	851.0	189.025	250.1715	yes
SN124_A938797_Rep2	AGCAGAAGGAGAAAGA-1	no	yes	no		unresolved	no	64.0	68.0	1066.0	1589.0	313.3758	467.124	yes
SN124_A938797_Rep2	AGCAGCCAGATGAATA-1	no	yes	no		unresolved	no	56.0	58.0	937.0	1410.0	275.4532	414.5027	yes
SN124_A938797_Rep2	AGCAGTCGAAGCATGC-1	no	yes	no		unresolved	no	74.0	84.0	1271.0	1812.0	373.6404	532.6801	yes
SN124_A938797_Rep2	AGCATATCAATATGCT-1	no	yes	no		unresolved	no	51.0	95.0	1413.0	1299.0	415.3846	381.8716	yes
SN124_A938797_Rep2	AGCATCATTTCGAAAG-1	no	yes	no		unresolved	no	53.0	19.0	437.0	1342.0	128.4664	394.5125	yes
SN124_A938797_Rep2	AGCATCGTCGATAATT-1	yes	yes	yes	stroma_fibroblastic_IC high	stroma	yes	22.0	52.0	861.0	650.0	253.1112	191.0828	yes
SN124_A938797_Rep2	AGCATTACGAGGCAAG-1	no	yes	no		unresolved	no	67.0	105.0	1541.0	1656.0	453.0132	486.8202	yes
SN124_A938797_Rep2	AGCCAAGCTTTGTGTC-1	no	yes	no		unresolved	no	64.0	58.0	937.0	1589.0	275.4532	467.124	yes
SN124_A938797_Rep2	AGCCACAGGTTACCCG-1	no	yes	no		unresolved	no	63.0	89.0	1335.0	1567.0	392.4547	460.6565	yes
SN124_A938797_Rep2	AGCCACTCCCGTGCTT-1	yes	yes	yes	stroma_fibroblastic_IC high	stroma	yes	23.0	81.0	1234.0	673.0	362.7633	197.8442	yes
SN124_A938797_Rep2	AGCCATATAGTATGTG-1	no	yes	no		unresolved	no	71.0	65.0	1027.0	1745.0	301.9108	512.9838	yes
SN124_A938797_Rep2	AGCCCATACATGTAAG-1	no	yes	no		unresolved	no	42.0	26.0	527.0	1096.0	154.9241	322.195	yes
SN124_A938797_Rep2	AGCCCGCAACAAGCAG-1	no	yes	no		unresolved	no	68.0	54.0	886.0	1678.0	260.4606	493.2876	yes
SN124_A938797_Rep2	AGCCCGCACTACAATG-1	no	yes	no		unresolved	no	73.0	111.0	1617.0	1790.0	475.3552	526.2126	yes
SN124_A938797_Rep2	AGCCCGGCATTAGAGG-1	no	yes	no		unresolved	no	64.0	26.0	526.0	1588.0	154.6301	466.83	yes
SN124_A938797_Rep2	AGCCCGGTAGCCTGTA-1	no	yes	no		unresolved	no	61.0	49.0	822.0	1521.0	241.6462	447.1338	yes
SN124_A938797_Rep2	AGCCCTAAGCGAAGTT-1	yes	yes	yes	tumor	tumor	yes	15.0	65.0	1028.0	494.0	302.2048	145.2229	yes
SN124_A938797_Rep2	AGCCCTCCCTGGTGGC-1	no	yes	no		unresolved	no	67.0	29.0	565.0	1655.0	166.0951	486.5262	yes
SN124_A938797_Rep2	AGCCCTGTCGCACCGT-1	no	yes	no		unresolved	no	41.0	121.0	1747.0	1076.0	513.5718	316.3155	yes
SN124_A938797_Rep2	AGCCCTTCTAATCCGA-1	yes	yes	yes	exclude	exclude	yes	17.0	103.0	1516.0	539.0	445.6639	158.4517	yes
SN124_A938797_Rep2	AGCCCTTGGACATCCC-1	no	yes	no		unresolved	no	57.0	117.0	1695.0	1433.0	498.2852	421.2641	yes
SN124_A938797_Rep2	AGCCGCAAATTCAAAT-1	no	yes	no		unresolved	no	37.0	3.0	232.0	984.0	68.2019	289.27	yes
SN124_A938797_Rep2	AGCCGCTTGATTAGCG-1	no	yes	no		unresolved	no	11.0	1.0	207.0	403.0	60.8525	118.4713	yes
SN124_A938797_Rep2	AGCCGTGGCTAAATGT-1	no	yes	no		unresolved	no	50.0	22.0	475.0	1275.0	139.6374	374.8163	yes
SN124_A938797_Rep2	AGCCTAATACCCACGT-1	no	yes	no		unresolved	no	50.0	14.0	373.0	1275.0	109.6521	374.8163	yes
SN124_A938797_Rep2	AGCCTTAAAGCGGAAG-1	no	yes	no		unresolved	no	21.0	15.0	386.0	627.0	113.4738	184.3214	yes
SN124_A938797_Rep2	AGCCTTGTCACTGATA-1	no	yes	no		unresolved	no	72.0	2.0	218.0	1766.0	64.0862	519.1573	yes
SN124_A938797_Rep2	AGCGACAGGAACGGTC-1	no	yes	no		unresolved	no	51.0	37.0	668.0	1298.0	196.3743	381.5777	yes
SN124_A938797_Rep2	AGCGACATCCCATTCA-1	yes	yes	yes	stroma_fibroblastic_IC high	stroma	yes	17.0	59.0	951.0	538.0	279.5688	158.1578	yes
SN124_A938797_Rep2	AGCGACCAACGATATT-1	yes	yes	yes	tumor&stroma_IC med to high	mixed	yes	25.0	55.0	900.0	717.0	264.5762	210.779	yes
SN124_A938797_Rep2	AGCGACTTTGAAGACA-1	no	yes	no		unresolved	no	77.0	45.0	770.0	1879.0	226.3596	552.3763	yes
SN124_A938797_Rep2	AGCGAGACGTGAAGGC-1	no	yes	no		unresolved	no	68.0	22.0	475.0	1677.0	139.6374	492.9936	yes
SN124_A938797_Rep2	AGCGATGCGCCTAATA-1	no	yes	no		unresolved	no	64.0	108.0	1579.0	1589.0	464.1842	467.124	yes
SN124_A938797_Rep2	AGCGCATAATGAATCG-1	no	yes	no		unresolved	no	57.0	55.0	899.0	1432.0	264.2822	420.9701	yes
SN124_A938797_Rep2	AGCGCGGGTGCCAATG-1	yes	yes	yes	stroma_fibroblastic_IC high	stroma	yes	24.0	92.0	1375.0	695.0	404.2136	204.3116	yes
SN124_A938797_Rep2	AGCGCTAGAGCGATGT-1	no	yes	no		unresolved	no	40.0	122.0	1760.0	1053.0	517.3934	309.5541	yes
SN124_A938797_Rep2	AGCGCTTATGGGCAAG-1	no	yes	no		unresolved	no	8.0	96.0	1427.0	338.0	419.5002	99.3631	yes
SN124_A938797_Rep2	AGCGGACACTTCGTAG-1	no	yes	no		unresolved	no	62.0	62.0	989.0	1544.0	290.7398	453.8951	yes
SN124_A938797_Rep2	AGCGGCGGTTAGCGGT-1	no	yes	no		unresolved	no	50.0	12.0	347.0	1275.0	102.0088	374.8163	yes
SN124_A938797_Rep2	AGCGGGAAGGGTCCAT-1	yes	yes	yes	IC aggregate_stroma or muscularis	unresolved	yes	13.0	37.0	669.0	449.0	196.6683	131.9941	yes
SN124_A938797_Rep2	AGCGGGTCTGACACTC-1	no	yes	no		unresolved	no	66.0	66.0	1040.0	1633.0	305.7325	480.0588	yes
SN124_A938797_Rep2	AGCGGTTGAGATGTAC-1	no	yes	no		unresolved	no	0.0	90.0	1350.0	159.0	396.8643	46.7418	yes
SN124_A938797_Rep2	AGCGGTTGCCGCTCTG-1	no	yes	no		unresolved	no	18.0	116.0	1683.0	562.0	494.7575	165.2131	yes
SN124_A938797_Rep2	AGCGTACGAGAGCTAG-1	no	yes	no		unresolved	no	8.0	24.0	502.0	337.0	147.5747	99.0691	yes
SN124_A938797_Rep2	AGCGTAGCGCTAGACC-1	no	yes	no		unresolved	no	3.0	25.0	515.0	225.0	151.3964	66.144	yes
SN124_A938797_Rep2	AGCGTCTGAACCCGCA-1	yes	yes	yes	IC aggregate_stroma or muscularis	unresolved	yes	6.0	36.0	656.0	292.0	192.8466	85.8403	yes
SN124_A938797_Rep2	AGCGTGGTATTCTACT-1	yes	yes	yes	stroma_fibroblastic_IC high	stroma	yes	45.0	71.0	1105.0	1164.0	324.8408	342.1852	yes
SN124_A938797_Rep2	AGCGTTCCGATTTAAA-1	no	yes	no		unresolved	no	2.0	92.0	1376.0	204.0	404.5076	59.9706	yes
SN124_A938797_Rep2	AGCTAACAAGCAATGT-1	no	yes	no		unresolved	no	61.0	33.0	616.0	1521.0	181.0877	447.1338	yes
SN124_A938797_Rep2	AGCTAAGCTCCGTCCG-1	no	yes	no		unresolved	no	76.0	36.0	654.0	1856.0	192.2587	545.6149	yes
SN124_A938797_Rep2	AGCTAAGTACGCAGGC-1	no	yes	no		unresolved	no	64.0	86.0	1297.0	1589.0	381.2837	467.124	yes
SN124_A938797_Rep2	AGCTACGAATGGTGGT-1	no	yes	no		unresolved	no	77.0	109.0	1592.0	1880.0	468.0059	552.6703	yes
SN124_A938797_Rep2	AGCTAGAAGCAGAAGT-1	yes	yes	yes	stroma_fibroblastic_IC high	stroma	yes	21.0	99.0	1465.0	628.0	430.6712	184.6154	yes
SN124_A938797_Rep2	AGCTATTTAATCCAAC-1	yes	yes	yes	stroma_fibroblastic_IC high	stroma	yes	16.0	74.0	1144.0	516.0	336.3057	151.6903	yes
SN124_A938797_Rep2	AGCTCCATATATGTTC-1	no	yes	no		unresolved	no	57.0	109.0	1592.0	1433.0	468.0059	421.2641	yes
SN124_A938797_Rep2	AGCTCCTTCGCACATC-1	no	yes	no		unresolved	no	52.0	86.0	1297.0	1321.0	381.2837	388.339	yes
SN124_A938797_Rep2	AGCTCGTTGATGGAAA-1	no	yes	no		unresolved	no	16.0	124.0	1786.0	517.0	525.0367	151.9843	yes
SN124_A938797_Rep2	AGCTCTAGACGTTCCA-1	yes	yes	yes	stroma_fibroblastic_IC high	stroma	yes	38.0	76.0	1169.0	1008.0	343.6551	296.3253	yes
SN124_A938797_Rep2	AGCTCTTCCCAGTGCA-1	yes	yes	yes	stroma_fibroblastic_IC high	stroma	yes	18.0	88.0	1324.0	561.0	389.221	164.9192	yes
SN124_A938797_Rep2	AGCTCTTCGTAACCTT-1	no	yes	no		unresolved	no	39.0	107.0	1567.0	1031.0	460.6565	303.0867	yes
SN124_A938797_Rep2	AGCTCTTTACTCAGTT-1	yes	yes	yes	tumor	tumor	yes	41.0	45.0	771.0	1074.0	226.6536	315.7276	yes
SN124_A938797_Rep2	AGCTGAAGTAAACCAA-1	yes	yes	yes	tumor&stroma_IC med to high	mixed	yes	20.0	84.0	1272.0	606.0	373.9343	178.148	yes
SN124_A938797_Rep2	AGCTGCATTTGAGGTG-1	no	yes	no		unresolved	no	1.0	107.0	1568.0	182.0	460.9505	53.5032	yes
SN124_A938797_Rep2	AGCTGCTGTGCCGAAT-1	no	yes	no		unresolved	no	1.0	113.0	1645.0	182.0	483.5865	53.5032	yes
SN124_A938797_Rep2	AGCTGTAACCTCAATC-1	no	yes	no		unresolved	no	54.0	28.0	552.0	1365.0	162.2734	401.2739	yes
SN124_A938797_Rep2	AGCTTATAGAGACCTG-1	yes	yes	yes	stroma_fibroblastic_IC high	stroma	yes	5.0	47.0	798.0	270.0	234.5909	79.3729	yes
SN124_A938797_Rep2	AGCTTCAATACTTTGA-1	no	yes	no		unresolved	no	0.0	76.0	1170.0	159.0	343.949	46.7418	yes
SN124_A938797_Rep2	AGCTTCTTCTCGAGCA-1	no	yes	no		unresolved	no	68.0	100.0	1476.0	1679.0	433.9049	493.5816	yes
SN124_A938797_Rep2	AGCTTGATCAGGGTAG-1	no	yes	no		unresolved	no	72.0	10.0	321.0	1766.0	94.3655	519.1573	yes
SN124_A938797_Rep2	AGCTTGATCTTAACTT-1	no	yes	no		unresolved	no	41.0	23.0	488.0	1074.0	143.4591	315.7276	yes
SN124_A938797_Rep2	AGGAAAGCCTCTGATG-1	no	yes	no		unresolved	no	5.0	13.0	361.0	270.0	106.1244	79.3729	yes
SN124_A938797_Rep2	AGGAACGAACGACTTC-1	no	yes	no		unresolved	no	64.0	120.0	1733.0	1590.0	509.4561	467.4179	yes
SN124_A938797_Rep2	AGGAAGCTGTCCGCCG-1	no	yes	no		unresolved	no	61.0	65.0	1027.0	1522.0	301.9108	447.4277	yes
SN124_A938797_Rep2	AGGACAGTCGAATCCC-1	yes	yes	yes	non neo epithelium	normal epithelium	yes	43.0	85.0	1284.0	1120.0	377.462	329.2504	yes
SN124_A938797_Rep2	AGGACATCGCACGTCG-1	yes	yes	yes	stroma_fibroblastic_IC high	stroma	yes	16.0	38.0	682.0	516.0	200.49	151.6903	yes
SN124_A938797_Rep2	AGGACATCGGCACACT-1	no	yes	no		unresolved	no	68.0	122.0	1759.0	1679.0	517.0995	493.5816	yes
SN124_A938797_Rep2	AGGACGACCCATTAGA-1	yes	yes	yes	stroma_fibroblastic_IC med	stroma	yes	43.0	45.0	771.0	1119.0	226.6536	328.9564	yes
SN124_A938797_Rep2	AGGACGCTCGATGTTG-1	yes	yes	yes	stroma_fibroblastic_IC high	stroma	yes	18.0	98.0	1452.0	561.0	426.8496	164.9192	yes
SN124_A938797_Rep2	AGGACTTATAGGAGAA-1	no	yes	no		unresolved	no	13.0	3.0	232.0	448.0	68.2019	131.7001	yes
SN124_A938797_Rep2	AGGAGACATCCACAGT-1	no	yes	no		unresolved	no	24.0	122.0	1760.0	696.0	517.3934	204.6056	yes
SN124_A938797_Rep2	AGGAGAGTCTGGCTAC-1	no	yes	no		unresolved	no	26.0	126.0	1811.0	741.0	532.3861	217.8344	yes
SN124_A938797_Rep2	AGGAGCGTTTATTATC-1	no	yes	no		unresolved	no	77.0	115.0	1669.0	1880.0	490.6418	552.6703	yes
SN124_A938797_Rep2	AGGAGGCCTTCGCGCG-1	no	yes	no		unresolved	no	52.0	98.0	1451.0	1321.0	426.5556	388.339	yes
SN124_A938797_Rep2	AGGATAAAGTCGGGAT-1	no	yes	no		unresolved	no	53.0	65.0	1027.0	1343.0	301.9108	394.8065	yes
SN124_A938797_Rep2	AGGATATAGGGATTTA-1	no	yes	no		unresolved	no	46.0	96.0	1426.0	1187.0	419.2063	348.9466	yes
SN124_A938797_Rep2	AGGATATCCGACTGCA-1	no	yes	no		unresolved	no	71.0	95.0	1412.0	1746.0	415.0906	513.2778	yes
SN124_A938797_Rep2	AGGATCACGCGATCTG-1	no	yes	no		unresolved	no	48.0	16.0	398.0	1230.0	117.0015	361.5875	yes
SN124_A938797_Rep2	AGGATTGCTTACGACA-1	no	yes	no		unresolved	no	30.0	120.0	1734.0	830.0	509.7501	243.998	yes
SN124_A938797_Rep2	AGGCAAAGAGGAATCA-1	no	yes	no		unresolved	no	1.0	39.0	695.0	181.0	204.3116	53.2092	yes
SN124_A938797_Rep2	AGGCAATACGGAGGAC-1	no	yes	no		unresolved	no	3.0	1.0	207.0	225.0	60.8525	66.144	yes
SN124_A938797_Rep2	AGGCACGTGACTGTCC-1	no	yes	no		unresolved	no	57.0	115.0	1669.0	1433.0	490.6418	421.2641	yes
SN124_A938797_Rep2	AGGCAGATGCGTAAAC-1	yes	yes	yes	stroma_fibroblastic_IC high	stroma	yes	26.0	86.0	1298.0	740.0	381.5777	217.5404	yes
SN124_A938797_Rep2	AGGCAGGGAGCGTACT-1	no	yes	no		unresolved	no	59.0	49.0	822.0	1477.0	241.6462	434.1989	yes
SN124_A938797_Rep2	AGGCATTGTCGTAGGG-1	no	yes	no		unresolved	no	49.0	99.0	1464.0	1254.0	430.3773	368.6428	yes
SN124_A938797_Rep2	AGGCCACATTGGTTAC-1	no	yes	no		unresolved	no	46.0	126.0	1811.0	1187.0	532.3861	348.9466	yes
SN124_A938797_Rep2	AGGCCACCCGTTATGA-1	yes	yes	yes	stroma_fibroblastic_IC high	stroma	yes	28.0	38.0	681.0	784.0	200.196	230.4753	yes
SN124_A938797_Rep2	AGGCCCAGTGACTGGT-1	no	yes	no		unresolved	no	9.0	15.0	387.0	359.0	113.7678	105.5365	yes
SN124_A938797_Rep2	AGGCCCATTGTACAGG-1	yes	yes	yes	stroma_fibroblastic_IC high	stroma	yes	15.0	55.0	900.0	494.0	264.5762	145.2229	yes
SN124_A938797_Rep2	AGGCCCTAGAACGCCA-1	no	yes	no		unresolved	no	45.0	25.0	514.0	1163.0	151.1024	341.8912	yes
SN124_A938797_Rep2	AGGCCTATCATACCAA-1	no	yes	no		unresolved	no	72.0	52.0	860.0	1767.0	252.8172	519.4512	yes
SN124_A938797_Rep2	AGGCCTGAGAATCTCG-1	no	yes	no		unresolved	no	62.0	88.0	1322.0	1544.0	388.633	453.8951	yes
SN124_A938797_Rep2	AGGCGATAACTGGCGT-1	no	yes	no		unresolved	no	58.0	122.0	1759.0	1456.0	517.0995	428.0255	yes
SN124_A938797_Rep2	AGGCGGTTTGTCCCGC-1	no	yes	no		unresolved	no	59.0	17.0	411.0	1476.0	120.8231	433.9049	yes
SN124_A938797_Rep2	AGGCGTCTATGGACGG-1	no	yes	no		unresolved	no	16.0	112.0	1632.0	517.0	479.7648	151.9843	yes
SN124_A938797_Rep2	AGGCTATGGTTAGCTT-1	yes	yes	yes	stroma_fibroblastic_IC high	stroma	yes	26.0	30.0	579.0	739.0	170.2107	217.2464	yes
SN124_A938797_Rep2	AGGCTTAAGTTGCACA-1	no	yes	no		unresolved	no	77.0	69.0	1078.0	1879.0	316.9035	552.3763	yes
SN124_A938797_Rep2	AGGCTTCCCGAAGAAG-1	no	yes	no		unresolved	no	50.0	42.0	732.0	1275.0	215.1886	374.8163	yes
SN124_A938797_Rep2	AGGCTTGCTAGACACC-1	no	yes	no		unresolved	no	24.0	18.0	425.0	694.0	124.9388	204.0176	yes
SN124_A938797_Rep2	AGGGAAACGAGGTACT-1	yes	yes	yes	exclude	exclude	yes	13.0	89.0	1337.0	450.0	393.0426	132.2881	yes
SN124_A938797_Rep2	AGGGACAGCACGGCGG-1	yes	yes	yes	stroma_fibroblastic_IC med	stroma	yes	4.0	46.0	785.0	248.0	230.7692	72.9054	yes
SN124_A938797_Rep2	AGGGACCGGCTGCGTT-1	no	yes	no		unresolved	no	36.0	110.0	1606.0	964.0	472.1215	283.3905	yes
SN124_A938797_Rep2	AGGGACTCTACGCGAC-1	no	yes	no		unresolved	no	55.0	53.0	873.0	1387.0	256.6389	407.7413	yes
SN124_A938797_Rep2	AGGGAGACATACTTCG-1	no	yes	no		unresolved	no	29.0	113.0	1644.0	807.0	483.2925	237.2366	yes
SN124_A938797_Rep2	AGGGCAGCGGCGTGGT-1	yes	yes	yes	exclude	exclude	yes	8.0	74.0	1144.0	338.0	336.3057	99.3631	yes
SN124_A938797_Rep2	AGGGCCCTAATGTTCT-1	no	yes	no		unresolved	no	64.0	122.0	1759.0	1590.0	517.0995	467.4179	yes
SN124_A938797_Rep2	AGGGCGAGCAGCTGAT-1	no	yes	no		unresolved	no	44.0	20.0	450.0	1141.0	132.2881	335.4238	yes
SN124_A938797_Rep2	AGGGCGTGATCGGCTA-1	yes	yes	yes	tumor	tumor	yes	17.0	45.0	772.0	538.0	226.9476	158.1578	yes
SN124_A938797_Rep2	AGGGCTGCAGTTACAG-1	yes	yes	yes	IC aggregate_stroma or muscularis	unresolved	yes	35.0	65.0	1028.0	941.0	302.2048	276.6291	yes
SN124_A938797_Rep2	AGGGTCAGAGCACTCG-1	no	yes	no		unresolved	no	68.0	40.0	706.0	1678.0	207.5453	493.2876	yes
SN124_A938797_Rep2	AGGGTCAGTAACCCTA-1	no	yes	no		unresolved	no	15.0	113.0	1645.0	495.0	483.5865	145.5169	yes
SN124_A938797_Rep2	AGGGTCGATGCGAACT-1	yes	yes	yes	non neo epithelium	normal epithelium	yes	37.0	97.0	1439.0	986.0	423.0279	289.8579	yes
SN124_A938797_Rep2	AGGGTCTGGACGCAGT-1	no	yes	no		unresolved	no	69.0	119.0	1720.0	1701.0	505.6345	500.049	yes
SN124_A938797_Rep2	AGGGTGCCGTTCTTTA-1	no	yes	no		unresolved	no	65.0	33.0	616.0	1610.0	181.0877	473.2974	yes
SN124_A938797_Rep2	AGGGTGCTCTCGAGGG-1	yes	yes	yes	exclude	exclude	yes	34.0	92.0	1375.0	919.0	404.2136	270.1617	yes
SN124_A938797_Rep2	AGGGTGGATAGTGCAT-1	no	yes	no		unresolved	no	29.0	11.0	335.0	806.0	98.4811	236.9427	yes
SN124_A938797_Rep2	AGGGTGTGCTACACGC-1	no	yes	no		unresolved	no	3.0	121.0	1748.0	227.0	513.8657	66.732	yes
SN124_A938797_Rep2	AGGGTTCAGACGGTCC-1	no	yes	no		unresolved	no	69.0	45.0	770.0	1700.0	226.3596	499.755	yes
SN124_A938797_Rep2	AGGGTTCCCTTTGGTT-1	yes	yes	yes	tumor	tumor	yes	30.0	88.0	1323.0	829.0	388.927	243.7041	yes
SN124_A938797_Rep2	AGGGTTTAGTTCGGGA-1	yes	yes	yes	stroma_fibroblastic_IC high	stroma	yes	33.0	63.0	1002.0	896.0	294.5615	263.4003	yes
SN124_A938797_Rep2	AGGTAACCTCCTATTC-1	yes	yes	yes	stroma_fibroblastic_IC high	stroma	yes	13.0	41.0	720.0	449.0	211.6609	131.9941	yes
SN124_A938797_Rep2	AGGTACGATATTGCCA-1	yes	yes	yes	stroma_fibroblastic_IC high	stroma	yes	12.0	76.0	1170.0	427.0	343.949	125.5267	yes
SN124_A938797_Rep2	AGGTAGATCGAGATAT-1	no	yes	no		unresolved	no	63.0	35.0	642.0	1566.0	188.731	460.3626	yes
SN124_A938797_Rep2	AGGTAGGTACAAAGCT-1	no	yes	no		unresolved	no	35.0	31.0	591.0	940.0	173.7384	276.3351	yes
SN124_A938797_Rep2	AGGTATAATTGATAGT-1	no	yes	no		unresolved	no	35.0	109.0	1593.0	941.0	468.2998	276.6291	yes
SN124_A938797_Rep2	AGGTATGCGGACATTA-1	no	yes	no		unresolved	no	38.0	124.0	1785.0	1009.0	524.7428	296.6193	yes
SN124_A938797_Rep2	AGGTCAGGTGAGAGTG-1	no	yes	no		unresolved	no	46.0	20.0	450.0	1186.0	132.2881	348.6526	yes
SN124_A938797_Rep2	AGGTCGCCACTTCGGT-1	no	yes	no		unresolved	no	3.0	27.0	541.0	225.0	159.0397	66.144	yes
SN124_A938797_Rep2	AGGTCGCCTCCCAACA-1	no	yes	no		unresolved	no	61.0	121.0	1746.0	1523.0	513.2778	447.7217	yes
SN124_A938797_Rep2	AGGTCGCGGAGTTACT-1	yes	yes	yes	stroma_fibroblastic_IC high	stroma	yes	26.0	104.0	1529.0	740.0	449.4855	217.5404	yes
SN124_A938797_Rep2	AGGTGCACGTCCACAT-1	no	yes	no		unresolved	no	70.0	104.0	1528.0	1723.0	449.1916	506.5164	yes
SN124_A938797_Rep2	AGGTGGTGACCTTCGC-1	no	yes	no		unresolved	no	64.0	56.0	911.0	1588.0	267.8099	466.83	yes
SN124_A938797_Rep2	AGGTGTATCGCCATGA-1	no	yes	no		unresolved	no	37.0	17.0	411.0	985.0	120.8231	289.5639	yes
SN124_A938797_Rep2	AGGTGTTGCCGACCAC-1	no	yes	no		unresolved	no	65.0	123.0	1772.0	1612.0	520.9211	473.8853	yes
SN124_A938797_Rep2	AGGTTACACCATGCCG-1	no	yes	no		unresolved	no	43.0	115.0	1670.0	1120.0	490.9358	329.2504	yes
SN124_A938797_Rep2	AGGTTCTCCTTTCCGG-1	no	yes	no		unresolved	no	66.0	8.0	295.0	1632.0	86.7222	479.7648	yes
SN124_A938797_Rep2	AGGTTGAGGCACGCTT-1	yes	yes	yes	stroma_fibroblastic_IC high	stroma	yes	22.0	74.0	1144.0	650.0	336.3057	191.0828	yes
SN124_A938797_Rep2	AGGTTTCACACACCTT-1	yes	yes	yes	stroma_fibroblastic_IC high	stroma	yes	41.0	67.0	1053.0	1075.0	309.5541	316.0216	yes
SN124_A938797_Rep2	AGTAACGTTCATCCTG-1	no	yes	no		unresolved	no	5.0	91.0	1363.0	271.0	400.6859	79.6668	yes
SN124_A938797_Rep2	AGTAACTATAGCAGCC-1	no	yes	no		unresolved	no	71.0	107.0	1566.0	1746.0	460.3626	513.2778	yes
SN124_A938797_Rep2	AGTAAGGGACAGAATC-1	no	yes	no		unresolved	no	77.0	105.0	1540.0	1880.0	452.7193	552.6703	yes
SN124_A938797_Rep2	AGTAATCTAAGGGTGG-1	no	yes	no		unresolved	no	74.0	88.0	1322.0	1812.0	388.633	532.6801	yes
SN124_A938797_Rep2	AGTAATGTCTTGCCGC-1	yes	yes	yes	tumor&stroma_IC med to high	mixed	yes	16.0	60.0	964.0	516.0	283.3905	151.6903	yes
SN124_A938797_Rep2	AGTAATTTGCAAGCGT-1	no	yes	no		unresolved	no	69.0	9.0	308.0	1699.0	90.5439	499.461	yes
SN124_A938797_Rep2	AGTACAGAAGCTTATA-1	no	yes	no		unresolved	no	71.0	77.0	1181.0	1745.0	347.1828	512.9838	yes
SN124_A938797_Rep2	AGTACATCATTTATCA-1	no	yes	no		unresolved	no	29.0	109.0	1593.0	807.0	468.2998	237.2366	yes
SN124_A938797_Rep2	AGTACCTTCGAGTGCT-1	no	yes	no		unresolved	no	10.0	108.0	1581.0	383.0	464.7722	112.5919	yes
SN124_A938797_Rep2	AGTACGGCCCGTATCG-1	no	yes	no		unresolved	no	35.0	11.0	334.0	940.0	98.1872	276.3351	yes
SN124_A938797_Rep2	AGTACGGGCACCTGGC-1	yes	yes	yes	tumor&stroma_IC med to high	mixed	yes	25.0	79.0	1208.0	717.0	355.12	210.779	yes
SN124_A938797_Rep2	AGTACGTGGCCTGTCT-1	no	yes	no		unresolved	no	6.0	88.0	1324.0	293.0	389.221	86.1342	yes
SN124_A938797_Rep2	AGTACTCTTATGCCCA-1	no	yes	no		unresolved	no	56.0	88.0	1323.0	1410.0	388.927	414.5027	yes
SN124_A938797_Rep2	AGTAGAAGGCGCCTCA-1	no	yes	no		unresolved	no	70.0	62.0	988.0	1723.0	290.4459	506.5164	yes
SN124_A938797_Rep2	AGTAGCGTGAACGAAC-1	no	yes	no		unresolved	no	2.0	72.0	1119.0	203.0	328.9564	59.6766	yes
SN124_A938797_Rep2	AGTAGCTAGACGCCGA-1	no	yes	no		unresolved	no	4.0	102.0	1504.0	249.0	442.1362	73.1994	yes
SN124_A938797_Rep2	AGTAGGAAGGAAGTTG-1	yes	yes	yes	exclude	exclude	yes	16.0	98.0	1452.0	517.0	426.8496	151.9843	yes
SN124_A938797_Rep2	AGTAGGTAACATACAT-1	yes	yes	yes	stroma_fibroblastic_IC high	stroma	yes	13.0	51.0	849.0	449.0	249.5835	131.9941	yes
SN124_A938797_Rep2	AGTATAATACTAGGCA-1	yes	yes	yes	stroma_fibroblastic_IC high	stroma	yes	25.0	33.0	617.0	717.0	181.3817	210.779	yes
SN124_A938797_Rep2	AGTATACACAGCGACA-1	no	yes	no		unresolved	no	64.0	48.0	809.0	1588.0	237.8246	466.83	yes
SN124_A938797_Rep2	AGTATCCATAATAACG-1	no	yes	no		unresolved	no	4.0	24.0	502.0	247.0	147.5747	72.6115	yes
SN124_A938797_Rep2	AGTATGCTGGAGACCA-1	no	yes	no		unresolved	no	58.0	26.0	526.0	1454.0	154.6301	427.4375	yes
SN124_A938797_Rep2	AGTATTTGGCACGACC-1	no	yes	no		unresolved	no	58.0	52.0	860.0	1454.0	252.8172	427.4375	yes
SN124_A938797_Rep2	AGTCAAATGATGTGAT-1	no	yes	no		unresolved	no	67.0	35.0	642.0	1655.0	188.731	486.5262	yes
SN124_A938797_Rep2	AGTCAACACCACCATC-1	yes	yes	yes	exclude	exclude	yes	41.0	47.0	797.0	1074.0	234.2969	315.7276	yes
SN124_A938797_Rep2	AGTCAAGATGACACTT-1	no	yes	no		unresolved	no	48.0	90.0	1349.0	1232.0	396.5703	362.1754	yes
SN124_A938797_Rep2	AGTCACTAGCTCTCGA-1	no	yes	no		unresolved	no	55.0	99.0	1464.0	1388.0	430.3773	408.0353	yes
SN124_A938797_Rep2	AGTCACTCCGCCTCAT-1	yes	yes	yes	stroma_fibroblastic_IC high	stroma	yes	6.0	30.0	579.0	292.0	170.2107	85.8403	yes
SN124_A938797_Rep2	AGTCAGCCACCGCCTG-1	yes	yes	yes	stroma desmoplastic_IC low	stroma	yes	16.0	28.0	553.0	516.0	162.5674	151.6903	yes
SN124_A938797_Rep2	AGTCCAGCGGGTACGT-1	no	yes	no		unresolved	no	4.0	20.0	451.0	247.0	132.5821	72.6115	yes
SN124_A938797_Rep2	AGTCCATTGGCTGATG-1	no	yes	no		unresolved	no	42.0	100.0	1477.0	1098.0	434.1989	322.7829	yes
SN124_A938797_Rep2	AGTCCCGCCTTTAATT-1	yes	yes	yes	stroma_fibroblastic_IC high	stroma	yes	17.0	93.0	1388.0	539.0	408.0353	158.4517	yes
SN124_A938797_Rep2	AGTCCCTCGCAGAAAG-1	no	yes	no		unresolved	no	24.0	124.0	1786.0	696.0	525.0367	204.6056	yes
SN124_A938797_Rep2	AGTCGAAACGATTCAG-1	no	yes	no		unresolved	no	69.0	1.0	205.0	1699.0	60.2646	499.461	yes
SN124_A938797_Rep2	AGTCGAATTAGCGTAA-1	no	yes	no		unresolved	no	76.0	126.0	1810.0	1858.0	532.0921	546.2028	yes
SN124_A938797_Rep2	AGTCGACGGTCTCAAG-1	yes	yes	yes	exclude	exclude	yes	38.0	90.0	1349.0	1008.0	396.5703	296.3253	yes
SN124_A938797_Rep2	AGTCGGCCCAAACGAC-1	yes	yes	yes	stroma_fibroblastic_IC high	stroma	yes	25.0	39.0	694.0	717.0	204.0176	210.779	yes
SN124_A938797_Rep2	AGTCGGCTCAACTTTA-1	no	yes	no		unresolved	no	47.0	23.0	488.0	1208.0	143.4591	355.12	yes
SN124_A938797_Rep2	AGTCGGTTGCGTGAGA-1	no	yes	no		unresolved	no	40.0	112.0	1631.0	1053.0	479.4708	309.5541	yes
SN124_A938797_Rep2	AGTCGTATAAAGCAGA-1	no	yes	no		unresolved	no	65.0	81.0	1232.0	1611.0	362.1754	473.5914	yes
SN124_A938797_Rep2	AGTCGTCGACCACCAA-1	no	yes	no		unresolved	no	57.0	91.0	1361.0	1433.0	400.098	421.2641	yes
SN124_A938797_Rep2	AGTCGTGGGCATTACG-1	no	yes	no		unresolved	no	51.0	29.0	565.0	1298.0	166.0951	381.5777	yes
SN124_A938797_Rep2	AGTCTAAAGTATACTC-1	no	yes	no		unresolved	no	29.0	111.0	1619.0	807.0	475.9432	237.2366	yes
SN124_A938797_Rep2	AGTCTCACAAGACTAC-1	no	yes	no		unresolved	no	54.0	30.0	578.0	1365.0	169.9167	401.2739	yes
SN124_A938797_Rep2	AGTCTGGACATCCTTG-1	yes	yes	yes	exclude	exclude	yes	18.0	20.0	451.0	560.0	132.5821	164.6252	yes
SN124_A938797_Rep2	AGTCTTCTCCTCAAAT-1	yes	yes	yes	tumor	tumor	yes	24.0	66.0	1041.0	695.0	306.0265	204.3116	yes
SN124_A938797_Rep2	AGTCTTTAAAGTGTCC-1	no	yes	no		unresolved	no	67.0	77.0	1181.0	1656.0	347.1828	486.8202	yes
SN124_A938797_Rep2	AGTGAACAAACTTCTC-1	no	yes	no		unresolved	no	44.0	102.0	1503.0	1142.0	441.8422	335.7178	yes
SN124_A938797_Rep2	AGTGAAGATGGTGTCC-1	no	yes	no		unresolved	no	21.0	121.0	1747.0	629.0	513.5718	184.9094	yes
SN124_A938797_Rep2	AGTGACCTACTTTACG-1	yes	yes	yes	exclude	exclude	yes	44.0	52.0	861.0	1142.0	253.1112	335.7178	yes
SN124_A938797_Rep2	AGTGACTGTGACACAA-1	no	yes	no		unresolved	no	66.0	28.0	552.0	1633.0	162.2734	480.0588	yes
SN124_A938797_Rep2	AGTGAGACTTCCAGTA-1	yes	yes	yes	tumor&stroma_IC med to high	mixed	yes	35.0	87.0	1310.0	941.0	385.1053	276.6291	yes
SN124_A938797_Rep2	AGTGAGCCTCGCCGCC-1	yes	yes	yes	tumor&stroma_IC med to high	mixed	yes	29.0	103.0	1516.0	807.0	445.6639	237.2366	yes
SN124_A938797_Rep2	AGTGAGGGTTTCTGAC-1	no	yes	no		unresolved	no	8.0	88.0	1324.0	338.0	389.221	99.3631	yes
SN124_A938797_Rep2	AGTGAGTCGAATTAAC-1	no	yes	no		unresolved	no	67.0	109.0	1592.0	1656.0	468.0059	486.8202	yes
SN124_A938797_Rep2	AGTGATAACCTGCGCG-1	no	yes	no		unresolved	no	59.0	89.0	1335.0	1477.0	392.4547	434.1989	yes
SN124_A938797_Rep2	AGTGATATGAGTAGTT-1	yes	yes	yes	stroma_fibroblastic_IC high	stroma	yes	45.0	49.0	822.0	1164.0	241.6462	342.1852	yes
SN124_A938797_Rep2	AGTGATTCAAGCAGGA-1	yes	yes	yes	tumor	tumor	yes	33.0	87.0	1310.0	896.0	385.1053	263.4003	yes
SN124_A938797_Rep2	AGTGCACGCTTAAGAA-1	no	yes	no		unresolved	no	52.0	96.0	1425.0	1321.0	418.9123	388.339	yes
SN124_A938797_Rep2	AGTGCGTAGCTCGTAA-1	no	yes	no		unresolved	no	46.0	42.0	732.0	1186.0	215.1886	348.6526	yes
SN124_A938797_Rep2	AGTGCTAAACACAGCA-1	no	yes	no		unresolved	no	61.0	91.0	1361.0	1522.0	400.098	447.4277	yes
SN124_A938797_Rep2	AGTGCTTGCACGAATA-1	yes	yes	yes	non neo epithelium	normal epithelium	yes	41.0	89.0	1336.0	1075.0	392.7486	316.0216	yes
SN124_A938797_Rep2	AGTGGCCCGCAAATGG-1	no	yes	no		unresolved	no	73.0	95.0	1412.0	1790.0	415.0906	526.2126	yes
SN124_A938797_Rep2	AGTGGCGGCAATTTGA-1	yes	yes	yes	stroma_fibroblastic_IC high	stroma	yes	24.0	94.0	1401.0	695.0	411.8569	204.3116	yes
SN124_A938797_Rep2	AGTGGCGTCTGAAGGT-1	no	yes	no		unresolved	no	62.0	86.0	1297.0	1544.0	381.2837	453.8951	yes
SN124_A938797_Rep2	AGTGGCTCCGTCGGCC-1	no	yes	no		unresolved	no	40.0	12.0	347.0	1052.0	102.0088	309.2602	yes
SN124_A938797_Rep2	AGTGGGAGTATACACG-1	no	yes	no		unresolved	no	6.0	0.0	194.0	292.0	57.0309	85.8403	yes
SN124_A938797_Rep2	AGTGGTGTTACCCGTG-1	no	yes	no		unresolved	no	47.0	9.0	308.0	1208.0	90.5439	355.12	yes
SN124_A938797_Rep2	AGTGGTTGCGTATAGG-1	no	yes	no		unresolved	no	35.0	7.0	283.0	940.0	83.1945	276.3351	yes
SN124_A938797_Rep2	AGTGTATTGCGCATTG-1	yes	yes	yes	stroma_fibroblastic_IC high	stroma	yes	17.0	95.0	1414.0	539.0	415.6786	158.4517	yes
SN124_A938797_Rep2	AGTGTGCTAAGATCGC-1	no	yes	no		unresolved	no	14.0	10.0	322.0	471.0	94.6595	138.4615	yes
SN124_A938797_Rep2	AGTGTGGTCTATTGTG-1	yes	yes	yes	stroma desmoplastic_IC low	stroma	yes	21.0	23.0	489.0	627.0	143.7531	184.3214	yes
SN124_A938797_Rep2	AGTTAAACACTTGCGA-1	yes	yes	yes	tumor	tumor	yes	40.0	44.0	758.0	1052.0	222.8319	309.2602	yes
SN124_A938797_Rep2	AGTTAAGCGGTCCCGG-1	yes	yes	yes	stroma_fibroblastic_IC high	stroma	yes	16.0	80.0	1221.0	516.0	358.9417	151.6903	yes
SN124_A938797_Rep2	AGTTAAGTCAACCGCT-1	no	yes	no		unresolved	no	51.0	25.0	514.0	1298.0	151.1024	381.5777	yes
SN124_A938797_Rep2	AGTTACCCTTAAGACT-1	no	yes	no		unresolved	no	24.0	8.0	296.0	694.0	87.0162	204.0176	yes
SN124_A938797_Rep2	AGTTACCGCACATGGT-1	no	yes	no		unresolved	no	26.0	14.0	373.0	739.0	109.6521	217.2464	yes
SN124_A938797_Rep2	AGTTACTCTATCGTGG-1	yes	yes	yes	stroma_fibroblastic_IC high	stroma	yes	15.0	89.0	1337.0	494.0	393.0426	145.2229	yes
SN124_A938797_Rep2	AGTTATTCAGACTGTG-1	no	yes	no		unresolved	no	76.0	112.0	1630.0	1858.0	479.1769	546.2028	yes
SN124_A938797_Rep2	AGTTATTGAAAGGTAA-1	no	yes	no		unresolved	no	2.0	74.0	1144.0	204.0	336.3057	59.9706	yes
SN124_A938797_Rep2	AGTTCACCGGTTGGAC-1	no	yes	no		unresolved	no	20.0	8.0	296.0	605.0	87.0162	177.854	yes
SN124_A938797_Rep2	AGTTCCTACAGAATTA-1	yes	yes	yes	stroma_fibroblastic_IC med	stroma	yes	30.0	50.0	835.0	829.0	245.4679	243.7041	yes
SN124_A938797_Rep2	AGTTCCTATTTATGTT-1	yes	yes	yes	stroma_fibroblastic_IC high	stroma	yes	43.0	65.0	1028.0	1119.0	302.2048	328.9564	yes
SN124_A938797_Rep2	AGTTCTGCGTTGTATC-1	no	yes	no		unresolved	no	13.0	19.0	438.0	448.0	128.7604	131.7001	yes
SN124_A938797_Rep2	AGTTGACATCGGCTGG-1	yes	yes	yes	exclude	exclude	yes	10.0	26.0	528.0	381.0	155.218	112.0039	yes
SN124_A938797_Rep2	AGTTGACGGTCCTTGC-1	no	yes	no		unresolved	no	65.0	63.0	1001.0	1611.0	294.2675	473.5914	yes
SN124_A938797_Rep2	AGTTGCGGTCCTCAAC-1	no	yes	no		unresolved	no	70.0	10.0	321.0	1722.0	94.3655	506.2224	yes
SN124_A938797_Rep2	AGTTGCTGACTGATAT-1	no	yes	no		unresolved	no	16.0	18.0	425.0	515.0	124.9388	151.3964	yes
SN124_A938797_Rep2	AGTTGGCAAGGCTAGA-1	no	yes	no		unresolved	no	68.0	106.0	1553.0	1679.0	456.5409	493.5816	yes
SN124_A938797_Rep2	AGTTTATGTAAAGACA-1	no	yes	no		unresolved	no	25.0	121.0	1747.0	718.0	513.5718	211.073	yes
SN124_A938797_Rep2	AGTTTCGCAGGTCGGA-1	yes	yes	yes	stroma_fibroblastic_IC high	stroma	yes	12.0	62.0	990.0	427.0	291.0338	125.5267	yes
SN124_A938797_Rep2	AGTTTGCACCTGCCTC-1	no	yes	no		unresolved	no	58.0	74.0	1143.0	1455.0	336.0118	427.7315	yes
SN124_A938797_Rep2	AGTTTGGCACGGGTTG-1	no	yes	no		unresolved	no	48.0	102.0	1503.0	1232.0	441.8422	362.1754	yes
SN124_A938797_Rep2	AGTTTGGCCAGACCTA-1	no	yes	no		unresolved	no	47.0	31.0	591.0	1208.0	173.7384	355.12	yes
SN124_A938797_Rep2	ATAAACCATTGGACGG-1	yes	yes	yes	stroma_fibroblastic_IC high	stroma	yes	3.0	45.0	772.0	225.0	226.9476	66.144	yes
SN124_A938797_Rep2	ATAAACGGACCCGTAA-1	yes	yes	yes	exclude	exclude	yes	47.0	61.0	976.0	1209.0	286.9182	355.414	yes
SN124_A938797_Rep2	ATAAACGTTGCACCAC-1	no	yes	no		unresolved	no	57.0	107.0	1567.0	1433.0	460.6565	421.2641	yes
SN124_A938797_Rep2	ATAAAGGCTCGGTCGT-1	yes	yes	yes	stroma_fibroblastic_IC high	stroma	yes	34.0	50.0	835.0	918.0	245.4679	269.8677	yes
SN124_A938797_Rep2	ATAAAGGTCAAGTACG-1	no	yes	no		unresolved	no	5.0	85.0	1286.0	271.0	378.05	79.6668	yes
SN124_A938797_Rep2	ATAAATATTAGCAGCT-1	no	yes	no		unresolved	no	38.0	28.0	553.0	1007.0	162.5674	296.0314	yes
SN124_A938797_Rep2	ATAACGCCGGAGGGTC-1	yes	yes	yes	tumor	tumor	yes	35.0	81.0	1233.0	941.0	362.4694	276.6291	yes
SN124_A938797_Rep2	ATAACGGAGTCCAACG-1	yes	yes	yes	tumor&stroma_IC med to high	mixed	yes	25.0	75.0	1157.0	717.0	340.1274	210.779	yes
SN124_A938797_Rep2	ATAACGTTACCTCCAC-1	no	yes	no		unresolved	no	10.0	114.0	1658.0	383.0	487.4081	112.5919	yes
SN124_A938797_Rep2	ATAAGCAAACACCGAG-1	no	yes	no		unresolved	no	9.0	125.0	1799.0	361.0	528.8584	106.1244	yes
SN124_A938797_Rep2	ATAAGGTGGAGAACAT-1	yes	yes	yes	epitehlium&submucosa	other	yes	50.0	72.0	1117.0	1276.0	328.3684	375.1102	yes
SN124_A938797_Rep2	ATAAGTACCCGATTGT-1	no	yes	no		unresolved	no	9.0	113.0	1645.0	361.0	483.5865	106.1244	yes
SN124_A938797_Rep2	ATAAGTAGGATTCAGA-1	yes	yes	yes	tumor&stroma_IC med to high	mixed	yes	27.0	103.0	1516.0	763.0	445.6639	224.3018	yes
SN124_A938797_Rep2	ATAAGTAGGGCGACTC-1	no	yes	no		unresolved	no	36.0	108.0	1580.0	964.0	464.4782	283.3905	yes
SN124_A938797_Rep2	ATAAGTTACCGCGACG-1	yes	yes	yes	exclude	exclude	yes	46.0	52.0	861.0	1186.0	253.1112	348.6526	yes
SN124_A938797_Rep2	ATAATACCGTTAGCCG-1	no	yes	no		unresolved	no	16.0	16.0	399.0	515.0	117.2954	151.3964	yes
SN124_A938797_Rep2	ATAATAGCTGTTGAAT-1	yes	yes	yes	stroma_fibroblastic_IC med	stroma	yes	47.0	63.0	1002.0	1209.0	294.5615	355.414	yes
SN124_A938797_Rep2	ATAATAGTGTAGGGAC-1	yes	yes	yes	stroma desmoplastic_IC med to high	stroma	yes	18.0	30.0	579.0	560.0	170.2107	164.6252	yes
SN124_A938797_Rep2	ATAATCTTGGAGAACC-1	no	yes	no		unresolved	no	61.0	77.0	1181.0	1522.0	347.1828	447.4277	yes
SN124_A938797_Rep2	ATAATTAGCTAAGTAG-1	no	yes	no		unresolved	no	64.0	64.0	1014.0	1589.0	298.0892	467.124	yes
SN124_A938797_Rep2	ATACAGCGTCCACTGA-1	no	yes	no		unresolved	no	74.0	0.0	192.0	1811.0	56.4429	532.3861	yes
SN124_A938797_Rep2	ATACAGGCCCTCCAAT-1	no	yes	no		unresolved	no	56.0	72.0	1117.0	1410.0	328.3684	414.5027	yes
SN124_A938797_Rep2	ATACCACGGGCAACTT-1	no	yes	no		unresolved	no	35.0	29.0	566.0	940.0	166.389	276.3351	yes
SN124_A938797_Rep2	ATACCAGCAAATTGCT-1	yes	yes	yes	tumor	tumor	yes	4.0	60.0	965.0	248.0	283.6845	72.9054	yes
SN124_A938797_Rep2	ATACCAGGCTAATAGA-1	yes	yes	yes	stroma_fibroblastic_IC high	stroma	yes	9.0	55.0	900.0	360.0	264.5762	105.8305	yes
SN124_A938797_Rep2	ATACCAGGTGAGCGAT-1	yes	yes	yes	stroma_fibroblastic_IC high	stroma	yes	1.0	55.0	900.0	181.0	264.5762	53.2092	yes
SN124_A938797_Rep2	ATACCCTCCCGGCCAA-1	no	yes	no		unresolved	no	76.0	8.0	295.0	1856.0	86.7222	545.6149	yes
SN124_A938797_Rep2	ATACCCTGGCTCAAAT-1	no	yes	no		unresolved	no	1.0	13.0	361.0	180.0	106.1244	52.9152	yes
SN124_A938797_Rep2	ATACCGTCATCCATAA-1	no	yes	no		unresolved	no	15.0	115.0	1670.0	495.0	490.9358	145.5169	yes
SN124_A938797_Rep2	ATACCTAACCAAGAAA-1	no	yes	no		unresolved	no	58.0	64.0	1014.0	1455.0	298.0892	427.7315	yes
SN124_A938797_Rep2	ATACGAAGGCTTTCCA-1	no	yes	no		unresolved	no	37.0	123.0	1773.0	986.0	521.2151	289.8579	yes
SN124_A938797_Rep2	ATACGACAGATGGGTA-1	no	yes	no		unresolved	no	1.0	119.0	1722.0	182.0	506.2224	53.5032	yes
SN124_A938797_Rep2	ATACGAGGTTTGTAAG-1	no	yes	no		unresolved	no	75.0	49.0	821.0	1834.0	241.3523	539.1475	yes
SN124_A938797_Rep2	ATACGCCGATCTACCG-1	no	yes	no		unresolved	no	1.0	31.0	592.0	180.0	174.0323	52.9152	yes
SN124_A938797_Rep2	ATACGCCGGCGAAACC-1	yes	yes	yes	submucosa	other	yes	40.0	78.0	1195.0	1053.0	351.2984	309.5541	yes
SN124_A938797_Rep2	ATACGGAACGTCGTTT-1	no	yes	no		unresolved	no	56.0	22.0	475.0	1409.0	139.6374	414.2087	yes
SN124_A938797_Rep2	ATACGGGTTTCGATTG-1	yes	yes	yes	stroma_fibroblastic_IC high	stroma	yes	22.0	82.0	1247.0	651.0	366.585	191.3768	yes
SN124_A938797_Rep2	ATACGGTGAAGATGCA-1	no	yes	no		unresolved	no	33.0	11.0	335.0	895.0	98.4811	263.1063	yes
SN124_A938797_Rep2	ATACGTACTTAGCCAC-1	no	yes	no		unresolved	no	55.0	77.0	1181.0	1388.0	347.1828	408.0353	yes
SN124_A938797_Rep2	ATACGTCCACTCCTGT-1	no	yes	no		unresolved	no	47.0	93.0	1387.0	1209.0	407.7413	355.414	yes
SN124_A938797_Rep2	ATACGTTATGCACGGA-1	no	yes	no		unresolved	no	63.0	63.0	1001.0	1566.0	294.2675	460.3626	yes
SN124_A938797_Rep2	ATACTACCCGTACCAC-1	no	yes	no		unresolved	no	59.0	105.0	1541.0	1478.0	453.0132	434.4929	yes
SN124_A938797_Rep2	ATACTAGCATGACCCT-1	yes	yes	yes	tumor	tumor	yes	21.0	61.0	977.0	628.0	287.2121	184.6154	yes
SN124_A938797_Rep2	ATACTCTCGCCACTCT-1	no	yes	no		unresolved	no	9.0	25.0	515.0	359.0	151.3964	105.5365	yes
SN124_A938797_Rep2	ATACTGCCTTACACCG-1	no	yes	no		unresolved	no	58.0	84.0	1271.0	1455.0	373.6404	427.7315	yes
SN124_A938797_Rep2	ATACTTGTTCTCGAGC-1	no	yes	no		unresolved	no	30.0	10.0	322.0	828.0	94.6595	243.4101	yes
SN124_A938797_Rep2	ATAGACAACGGGACCT-1	yes	yes	yes	stroma_fibroblastic_IC high	stroma	yes	28.0	92.0	1375.0	785.0	404.2136	230.7692	yes
SN124_A938797_Rep2	ATAGACGAAGAGAAAG-1	yes	yes	yes	tumor	tumor	yes	33.0	45.0	771.0	896.0	226.6536	263.4003	yes
SN124_A938797_Rep2	ATAGAGTACTGGGACA-1	yes	yes	yes	stroma_fibroblastic_IC high	stroma	yes	26.0	48.0	810.0	739.0	238.1186	217.2464	yes
SN124_A938797_Rep2	ATAGAGTTATCAACTT-1	yes	yes	yes	stroma_fibroblastic_IC high	stroma	yes	27.0	93.0	1388.0	762.0	408.0353	224.0078	yes
SN124_A938797_Rep2	ATAGATTTGCAGTCGG-1	no	yes	no		unresolved	no	1.0	67.0	1055.0	181.0	310.1421	53.2092	yes
SN124_A938797_Rep2	ATAGCAACTAGGGAAG-1	no	yes	no		unresolved	no	62.0	98.0	1451.0	1544.0	426.5556	453.8951	yes
SN124_A938797_Rep2	ATAGCCATAACAGTCA-1	no	yes	no		unresolved	no	72.0	114.0	1656.0	1768.0	486.8202	519.7452	yes
SN124_A938797_Rep2	ATAGCCTCAGTACCCA-1	no	yes	no		unresolved	no	18.0	14.0	373.0	560.0	109.6521	164.6252	yes
SN124_A938797_Rep2	ATAGCTGCTCTTGTTA-1	no	yes	no		unresolved	no	16.0	10.0	322.0	515.0	94.6595	151.3964	yes
SN124_A938797_Rep2	ATAGGAATCTAAGCTT-1	no	yes	no		unresolved	no	5.0	103.0	1517.0	271.0	445.9579	79.6668	yes
SN124_A938797_Rep2	ATAGGCGGCTATAGAA-1	no	yes	no		unresolved	no	43.0	33.0	617.0	1119.0	181.3817	328.9564	yes
SN124_A938797_Rep2	ATAGGCTAGCTTCGCA-1	yes	yes	yes	tumor&stroma_IC med to high	mixed	yes	25.0	97.0	1439.0	718.0	423.0279	211.073	yes
SN124_A938797_Rep2	ATAGGGATATCCTTGA-1	yes	yes	yes	tumor&stroma_IC med to high	mixed	yes	21.0	71.0	1105.0	628.0	324.8408	184.6154	yes
SN124_A938797_Rep2	ATAGGTTGGGCAGATG-1	yes	yes	yes	stroma_fibroblastic_IC high	stroma	yes	28.0	64.0	1015.0	784.0	298.3831	230.4753	yes
SN124_A938797_Rep2	ATAGTCTTTGACGTGC-1	yes	yes	yes	tumor	tumor	yes	7.0	67.0	1054.0	315.0	309.8481	92.6017	yes
SN124_A938797_Rep2	ATAGTGAAGCGTTCTC-1	yes	yes	yes	stroma_fibroblastic_IC high	stroma	yes	41.0	57.0	925.0	1075.0	271.9255	316.0216	yes
SN124_A938797_Rep2	ATAGTTCCACCCACTC-1	no	yes	no		unresolved	no	38.0	102.0	1503.0	1008.0	441.8422	296.3253	yes
SN124_A938797_Rep2	ATATAAAGCGCTCGTG-1	no	yes	no		unresolved	no	58.0	68.0	1066.0	1455.0	313.3758	427.7315	yes
SN124_A938797_Rep2	ATATAAATGTAGCTGC-1	no	yes	no		unresolved	no	54.0	74.0	1143.0	1365.0	336.0118	401.2739	yes
SN124_A938797_Rep2	ATATAACACGGGCGCA-1	no	yes	no		unresolved	no	66.0	94.0	1399.0	1634.0	411.269	480.3528	yes
SN124_A938797_Rep2	ATATACATGTATGGTA-1	no	yes	no		unresolved	no	49.0	1.0	206.0	1252.0	60.5585	368.0549	yes
SN124_A938797_Rep2	ATATACGCTCGTGACG-1	no	yes	no		unresolved	no	62.0	108.0	1579.0	1545.0	464.1842	454.1891	yes
SN124_A938797_Rep2	ATATAGAGTATTGGTC-1	no	yes	no		unresolved	no	63.0	11.0	334.0	1565.0	98.1872	460.0686	yes
SN124_A938797_Rep2	ATATCAACCTACAGAG-1	no	yes	no		unresolved	no	37.0	105.0	1541.0	986.0	453.0132	289.8579	yes
SN124_A938797_Rep2	ATATCAATTCCAGCCT-1	no	yes	no		unresolved	no	56.0	6.0	270.0	1409.0	79.3729	414.2087	yes
SN124_A938797_Rep2	ATATCGGTAGGGAGAT-1	no	yes	no		unresolved	no	38.0	110.0	1606.0	1008.0	472.1215	296.3253	yes
SN124_A938797_Rep2	ATATCGTGCCAGACCC-1	no	yes	no		unresolved	no	3.0	79.0	1209.0	226.0	355.414	66.438	yes
SN124_A938797_Rep2	ATATCGTTCCTCGAAC-1	no	yes	no		unresolved	no	58.0	92.0	1374.0	1455.0	403.9196	427.7315	yes
SN124_A938797_Rep2	ATATCTCCCTCGTTAA-1	yes	yes	yes	stroma_fibroblastic_IC high	stroma	yes	19.0	87.0	1311.0	584.0	385.3993	171.6805	yes
SN124_A938797_Rep2	ATATCTTAGGGCCTTC-1	yes	yes	yes	stroma_fibroblastic_IC high	stroma	yes	35.0	61.0	977.0	941.0	287.2121	276.6291	yes
SN124_A938797_Rep2	ATATGGGATAGCAACT-1	no	yes	no		unresolved	no	71.0	55.0	898.0	1745.0	263.9882	512.9838	yes
SN124_A938797_Rep2	ATATGTCTAGAGCGTG-1	no	yes	no		unresolved	no	74.0	68.0	1065.0	1812.0	313.0818	532.6801	yes
SN124_A938797_Rep2	ATATGTCTCCCTAGCC-1	yes	yes	yes	submucosa	other	yes	35.0	97.0	1439.0	941.0	423.0279	276.6291	yes
SN124_A938797_Rep2	ATATGTGCACAAACCA-1	no	yes	no		unresolved	no	9.0	119.0	1722.0	361.0	506.2224	106.1244	yes
SN124_A938797_Rep2	ATATTATCCCGTATTT-1	no	yes	no		unresolved	no	9.0	1.0	207.0	359.0	60.8525	105.5365	yes
SN124_A938797_Rep2	ATATTCAGTTAAACCT-1	no	yes	no		unresolved	no	44.0	40.0	707.0	1141.0	207.8393	335.4238	yes
SN124_A938797_Rep2	ATATTCCACATAGTGA-1	no	yes	no		unresolved	no	51.0	77.0	1181.0	1298.0	347.1828	381.5777	yes
SN124_A938797_Rep2	ATATTCCCACAGGTCA-1	yes	yes	yes	stroma_fibroblastic_IC high	stroma	yes	11.0	59.0	952.0	404.0	279.8628	118.7653	yes
SN124_A938797_Rep2	ATATTGCTGTCAAAGT-1	yes	yes	yes	stroma desmoplastic_IC med to high	stroma	yes	18.0	32.0	605.0	560.0	177.854	164.6252	yes
SN124_A938797_Rep2	ATATTGGAGAGGCCTT-1	no	yes	no		unresolved	no	59.0	121.0	1746.0	1478.0	513.2778	434.4929	yes
SN124_A938797_Rep2	ATATTTAACCCTCAAG-1	yes	yes	yes	stroma_fibroblastic_IC high	stroma	yes	31.0	55.0	900.0	851.0	264.5762	250.1715	yes
SN124_A938797_Rep2	ATCAAACACTGTTCCA-1	no	yes	no		unresolved	no	47.0	107.0	1567.0	1209.0	460.6565	355.414	yes
SN124_A938797_Rep2	ATCAAACGAAGGTTTG-1	no	yes	no		unresolved	no	49.0	33.0	617.0	1253.0	181.3817	368.3488	yes
SN124_A938797_Rep2	ATCAAAGAGCCGTGGT-1	no	yes	no		unresolved	no	76.0	62.0	988.0	1857.0	290.4459	545.9089	yes
SN124_A938797_Rep2	ATCAAGATCCCAGGAC-1	no	yes	no		unresolved	no	72.0	58.0	937.0	1767.0	275.4532	519.4512	yes
SN124_A938797_Rep2	ATCAATCTGGGCTGCA-1	yes	yes	yes	stroma_fibroblastic_IC high	stroma	yes	33.0	65.0	1028.0	896.0	302.2048	263.4003	yes
SN124_A938797_Rep2	ATCAATGCCGTGGCTG-1	no	yes	no		unresolved	no	61.0	19.0	436.0	1521.0	128.1725	447.1338	yes
SN124_A938797_Rep2	ATCACATTAGAATATC-1	yes	yes	yes	stroma_fibroblastic_IC med	stroma	yes	20.0	82.0	1247.0	606.0	366.585	178.148	yes
SN124_A938797_Rep2	ATCACGTGCTAATTAA-1	no	yes	no		unresolved	no	46.0	36.0	655.0	1186.0	192.5527	348.6526	yes
SN124_A938797_Rep2	ATCACTTCATCCTCGC-1	yes	yes	yes	tumor&stroma_IC med to high	mixed	yes	21.0	67.0	1054.0	628.0	309.8481	184.6154	yes
SN124_A938797_Rep2	ATCAGAAGCTGGTTGC-1	no	yes	no		unresolved	no	77.0	5.0	256.0	1878.0	75.2572	552.0823	yes
SN124_A938797_Rep2	ATCAGACGGCACGCCG-1	yes	yes	yes	exclude	exclude	yes	44.0	42.0	732.0	1141.0	215.1886	335.4238	yes
SN124_A938797_Rep2	ATCAGCCTCATGCTGC-1	no	yes	no		unresolved	no	57.0	87.0	1310.0	1433.0	385.1053	421.2641	yes
SN124_A938797_Rep2	ATCAGCTCGTCCACTA-1	no	yes	no		unresolved	no	49.0	15.0	385.0	1253.0	113.1798	368.3488	yes
SN124_A938797_Rep2	ATCAGGTAGCTGACAG-1	no	yes	no		unresolved	no	33.0	127.0	1824.0	897.0	536.2077	263.6943	yes
SN124_A938797_Rep2	ATCAGGTCGCCATTGC-1	no	yes	no		unresolved	no	8.0	94.0	1401.0	338.0	411.8569	99.3631	yes
SN124_A938797_Rep2	ATCAGTAGGCAGGGAT-1	yes	yes	yes	stroma_fibroblastic_IC high	stroma	yes	23.0	87.0	1311.0	673.0	385.3993	197.8442	yes
SN124_A938797_Rep2	ATCATAGATCGACGAG-1	no	yes	no		unresolved	no	74.0	44.0	757.0	1812.0	222.538	532.6801	yes
SN124_A938797_Rep2	ATCATAGCCCTATGTA-1	no	yes	no		unresolved	no	62.0	106.0	1554.0	1545.0	456.8349	454.1891	yes
SN124_A938797_Rep2	ATCATCCAATATTTGT-1	yes	yes	yes	stroma_fibroblastic_IC high	stroma	yes	39.0	59.0	951.0	1030.0	279.5688	302.7927	yes
SN124_A938797_Rep2	ATCATCTGCCCAGTGT-1	no	yes	no		unresolved	no	2.0	84.0	1273.0	204.0	374.2283	59.9706	yes
SN124_A938797_Rep2	ATCATGGACTACCGAC-1	no	yes	no		unresolved	no	44.0	126.0	1811.0	1143.0	532.3861	336.0118	yes
SN124_A938797_Rep2	ATCATTGTACCGCATT-1	no	yes	no		unresolved	no	63.0	1.0	205.0	1565.0	60.2646	460.0686	yes
SN124_A938797_Rep2	ATCCAACGCAGTCATA-1	yes	yes	yes	stroma_fibroblastic_IC high	stroma	yes	25.0	37.0	669.0	717.0	196.6683	210.779	yes
SN124_A938797_Rep2	ATCCAATGGAGGGTCC-1	no	yes	no		unresolved	no	43.0	27.0	540.0	1119.0	158.7457	328.9564	yes
SN124_A938797_Rep2	ATCCAATGGTACCGAA-1	no	yes	no		unresolved	no	36.0	6.0	270.0	962.0	79.3729	282.8025	yes
SN124_A938797_Rep2	ATCCACATCGACAGAA-1	no	yes	no		unresolved	no	62.0	72.0	1117.0	1544.0	328.3684	453.8951	yes
SN124_A938797_Rep2	ATCCACGCTAAATGTT-1	no	yes	no		unresolved	no	5.0	83.0	1260.0	271.0	370.4067	79.6668	yes
SN124_A938797_Rep2	ATCCACTTTCAGACTA-1	no	yes	no		unresolved	no	7.0	115.0	1671.0	316.0	491.2298	92.8956	yes
SN124_A938797_Rep2	ATCCAGAGCAACAACC-1	no	yes	no		unresolved	no	50.0	52.0	861.0	1276.0	253.1112	375.1102	yes
SN124_A938797_Rep2	ATCCAGGATTCGTGAA-1	yes	yes	yes	exclude	exclude	yes	40.0	46.0	784.0	1052.0	230.4753	309.2602	yes
SN124_A938797_Rep2	ATCCCATCCACAGCGC-1	no	yes	no		unresolved	no	62.0	14.0	372.0	1543.0	109.3582	453.6012	yes
SN124_A938797_Rep2	ATCCCATTTCCGTGGG-1	no	yes	no		unresolved	no	71.0	57.0	924.0	1745.0	271.6316	512.9838	yes
SN124_A938797_Rep2	ATCCGGACCAGCCTGA-1	no	yes	no		unresolved	no	67.0	125.0	1797.0	1657.0	528.2705	487.1142	yes
SN124_A938797_Rep2	ATCCTACCTAAGCTCT-1	yes	yes	yes	stroma_fibroblastic_IC high	stroma	yes	44.0	48.0	809.0	1141.0	237.8246	335.4238	yes
SN124_A938797_Rep2	ATCCTGAATCGCTGCG-1	no	yes	no		unresolved	no	38.0	26.0	527.0	1007.0	154.9241	296.0314	yes
SN124_A938797_Rep2	ATCCTGCGTGGAATGG-1	yes	yes	yes	stroma_fibroblastic_IC high	stroma	yes	45.0	47.0	796.0	1164.0	234.0029	342.1852	yes
SN124_A938797_Rep2	ATCCTGCTGCAGATAG-1	yes	yes	yes	stroma_fibroblastic_IC high	stroma	yes	6.0	44.0	759.0	292.0	223.1259	85.8403	yes
SN124_A938797_Rep2	ATCCTTCTGAAAGAAC-1	no	yes	no		unresolved	no	48.0	126.0	1811.0	1232.0	532.3861	362.1754	yes
SN124_A938797_Rep2	ATCGACCCAATACAGA-1	yes	yes	yes	tumor	tumor	yes	43.0	63.0	1002.0	1119.0	294.5615	328.9564	yes
SN124_A938797_Rep2	ATCGACTCTTTCCGTT-1	yes	yes	yes	stroma_fibroblastic_IC med	stroma	yes	23.0	61.0	977.0	673.0	287.2121	197.8442	yes
SN124_A938797_Rep2	ATCGCACGATTGTTCA-1	no	yes	no		unresolved	no	7.0	17.0	412.0	314.0	121.1171	92.3077	yes
SN124_A938797_Rep2	ATCGCACGCCGGGAGA-1	yes	yes	yes	stroma_fibroblastic_IC med	stroma	yes	25.0	57.0	925.0	717.0	271.9255	210.779	yes
SN124_A938797_Rep2	ATCGCCAGTCAACATT-1	no	yes	no		unresolved	no	45.0	105.0	1541.0	1165.0	453.0132	342.4792	yes
SN124_A938797_Rep2	ATCGCCGTGGTTCATG-1	no	yes	no		unresolved	no	72.0	124.0	1784.0	1768.0	524.4488	519.7452	yes
SN124_A938797_Rep2	ATCGCTGCGTGCAGCA-1	yes	yes	yes	non neo epithelium	normal epithelium	yes	23.0	111.0	1619.0	673.0	475.9432	197.8442	yes
SN124_A938797_Rep2	ATCGCTTTACGTCTCA-1	no	yes	no		unresolved	no	35.0	125.0	1798.0	942.0	528.5644	276.9231	yes
SN124_A938797_Rep2	ATCGGAGACAGACGGC-1	no	yes	no		unresolved	no	52.0	76.0	1169.0	1321.0	343.6551	388.339	yes
SN124_A938797_Rep2	ATCGGCAAGCAGTCCA-1	yes	yes	yes	stroma_fibroblastic_IC high	stroma	yes	20.0	96.0	1426.0	606.0	419.2063	178.148	yes
SN124_A938797_Rep2	ATCGGTTACCTAGTAA-1	no	yes	no		unresolved	no	34.0	8.0	296.0	917.0	87.0162	269.5737	yes
SN124_A938797_Rep2	ATCGTATTCCGAGAAC-1	no	yes	no		unresolved	no	29.0	3.0	232.0	806.0	68.2019	236.9427	yes
SN124_A938797_Rep2	ATCGTCCAATCGAGTC-1	no	yes	no		unresolved	no	9.0	13.0	361.0	359.0	106.1244	105.5365	yes
SN124_A938797_Rep2	ATCGTGGAAAGTCTGG-1	no	yes	no		unresolved	no	63.0	23.0	488.0	1566.0	143.4591	460.3626	yes
SN124_A938797_Rep2	ATCGTTAGCTAGCGGA-1	no	yes	no		unresolved	no	58.0	98.0	1451.0	1455.0	426.5556	427.7315	yes
SN124_A938797_Rep2	ATCGTTCACTTTCGCC-1	no	yes	no		unresolved	no	10.0	94.0	1401.0	383.0	411.8569	112.5919	yes
SN124_A938797_Rep2	ATCTAACGTCCCTATG-1	no	yes	no		unresolved	no	9.0	3.0	232.0	359.0	68.2019	105.5365	yes
SN124_A938797_Rep2	ATCTAATATCCTACGG-1	no	yes	no		unresolved	no	55.0	67.0	1053.0	1388.0	309.5541	408.0353	yes
SN124_A938797_Rep2	ATCTACCATCTGCTCC-1	no	yes	no		unresolved	no	70.0	88.0	1322.0	1723.0	388.633	506.5164	yes
SN124_A938797_Rep2	ATCTAGCTTGTGAGGG-1	no	yes	no		unresolved	no	67.0	65.0	1027.0	1656.0	301.9108	486.8202	yes
SN124_A938797_Rep2	ATCTATCGATGATCAA-1	no	yes	no		unresolved	no	3.0	3.0	233.0	225.0	68.4958	66.144	yes
SN124_A938797_Rep2	ATCTCATAAACCTACC-1	no	yes	no		unresolved	no	0.0	104.0	1530.0	159.0	449.7795	46.7418	yes
SN124_A938797_Rep2	ATCTCCCACGGAATAT-1	no	yes	no		unresolved	no	60.0	108.0	1579.0	1500.0	464.1842	440.9603	yes
SN124_A938797_Rep2	ATCTCCCTGCAATCTA-1	yes	yes	yes	tumor	tumor	yes	16.0	72.0	1118.0	516.0	328.6624	151.6903	yes
SN124_A938797_Rep2	ATCTCGTGAGCGAAAC-1	no	yes	no		unresolved	no	48.0	116.0	1682.0	1232.0	494.4635	362.1754	yes
SN124_A938797_Rep2	ATCTGACATGGAAGGA-1	no	yes	no		unresolved	no	63.0	41.0	719.0	1566.0	211.367	460.3626	yes
SN124_A938797_Rep2	ATCTGATAGTGTCTTA-1	no	yes	no		unresolved	no	16.0	12.0	348.0	515.0	102.3028	151.3964	yes
SN124_A938797_Rep2	ATCTGCACCTCTGCGA-1	yes	yes	yes	tumor&stroma_IC med to high	mixed	yes	29.0	101.0	1490.0	807.0	438.0206	237.2366	yes
SN124_A938797_Rep2	ATCTGCTGTTATCGCC-1	no	yes	no		unresolved	no	67.0	57.0	924.0	1656.0	271.6316	486.8202	yes
SN124_A938797_Rep2	ATCTGGGCTGTTCTTG-1	no	yes	no		unresolved	no	61.0	69.0	1078.0	1522.0	316.9035	447.4277	yes
SN124_A938797_Rep2	ATCTGGTTAAGACTGT-1	yes	yes	yes	tumor	tumor	yes	26.0	76.0	1169.0	740.0	343.6551	217.5404	yes
SN124_A938797_Rep2	ATCTGTAATTGTACCC-1	yes	yes	yes	stroma_fibroblastic_IC high	stroma	yes	15.0	57.0	926.0	494.0	272.2195	145.2229	yes
SN124_A938797_Rep2	ATCTTAGGGCATTAAT-1	no	yes	no		unresolved	no	69.0	11.0	333.0	1699.0	97.8932	499.461	yes
SN124_A938797_Rep2	ATCTTATCGCACACCC-1	no	yes	no		unresolved	no	64.0	104.0	1528.0	1589.0	449.1916	467.124	yes
SN124_A938797_Rep2	ATCTTGACCTGCAACG-1	yes	yes	yes	stroma_fibroblastic_IC high	stroma	yes	26.0	44.0	758.0	739.0	222.8319	217.2464	yes
SN124_A938797_Rep2	ATCTTGACTTGTCCAA-1	no	yes	no		unresolved	no	30.0	108.0	1580.0	830.0	464.4782	243.998	yes
SN124_A938797_Rep2	ATCTTTCGTATAACCA-1	no	yes	no		unresolved	no	26.0	120.0	1734.0	741.0	509.7501	217.8344	yes
SN124_A938797_Rep2	ATGAAGCCAAGGAGCC-1	yes	yes	yes	tumor&stroma_IC med to high	mixed	yes	22.0	46.0	784.0	650.0	230.4753	191.0828	yes
SN124_A938797_Rep2	ATGAAGTGGACCCAGC-1	no	yes	no		unresolved	no	30.0	4.0	245.0	828.0	72.0235	243.4101	yes
SN124_A938797_Rep2	ATGACGCCGGCTCTAA-1	yes	yes	yes	tumor	tumor	yes	16.0	58.0	939.0	516.0	276.0412	151.6903	yes
SN124_A938797_Rep2	ATGACGCGTTCTATCC-1	no	yes	no		unresolved	no	52.0	30.0	578.0	1320.0	169.9167	388.0451	yes
SN124_A938797_Rep2	ATGACTATCAGCTGTG-1	no	yes	no		unresolved	no	63.0	43.0	745.0	1566.0	219.0103	460.3626	yes
SN124_A938797_Rep2	ATGACTATGCGACATT-1	no	yes	no		unresolved	no	48.0	88.0	1323.0	1232.0	388.927	362.1754	yes
SN124_A938797_Rep2	ATGAGGAGTGTTAATC-1	yes	yes	yes	stroma_fibroblastic_IC high	stroma	yes	25.0	35.0	643.0	717.0	189.025	210.779	yes
SN124_A938797_Rep2	ATGAGGGCAGCGGCTA-1	no	yes	no		unresolved	no	42.0	120.0	1734.0	1098.0	509.7501	322.7829	yes
SN124_A938797_Rep2	ATGATCGGGAATAGAC-1	yes	yes	yes	stroma_fibroblastic_IC high	stroma	yes	16.0	54.0	887.0	516.0	260.7545	151.6903	yes
SN124_A938797_Rep2	ATGATGCAATGGTACA-1	yes	yes	yes	stroma_fibroblastic_IC high	stroma	yes	44.0	50.0	835.0	1142.0	245.4679	335.7178	yes
SN124_A938797_Rep2	ATGCACCTTCCTTAAT-1	no	yes	no		unresolved	no	20.0	6.0	271.0	605.0	79.6668	177.854	yes
SN124_A938797_Rep2	ATGCACGCGCTGTTCA-1	no	yes	no		unresolved	no	59.0	11.0	334.0	1476.0	98.1872	433.9049	yes
SN124_A938797_Rep2	ATGCACTACCGCATTG-1	yes	yes	yes	stroma_fibroblastic_IC med	stroma	yes	27.0	45.0	771.0	762.0	226.6536	224.0078	yes
SN124_A938797_Rep2	ATGCATGATCCAGGAT-1	yes	yes	yes	stroma_fibroblastic_IC high	stroma	yes	25.0	65.0	1028.0	717.0	302.2048	210.779	yes
SN124_A938797_Rep2	ATGCATTCCGTGATGG-1	yes	yes	yes	tumor&stroma_IC med to high	mixed	yes	4.0	52.0	862.0	248.0	253.4052	72.9054	yes
SN124_A938797_Rep2	ATGCCAATCGCTCTGC-1	yes	yes	yes	exclude	exclude	yes	15.0	105.0	1542.0	494.0	453.3072	145.2229	yes
SN124_A938797_Rep2	ATGCCATTTGCGACCA-1	yes	yes	yes	non neo epithelium	normal epithelium	yes	43.0	91.0	1361.0	1120.0	400.098	329.2504	yes
SN124_A938797_Rep2	ATGCCGGTCTTGCATA-1	yes	yes	yes	stroma_fibroblastic_IC high	stroma	yes	31.0	75.0	1156.0	851.0	339.8334	250.1715	yes
SN124_A938797_Rep2	ATGCCGGTTGATGGGA-1	yes	yes	yes	stroma_fibroblastic_IC high	stroma	yes	19.0	83.0	1259.0	583.0	370.1127	171.3866	yes
SN124_A938797_Rep2	ATGCGACAATTGGTCC-1	no	yes	no		unresolved	no	13.0	109.0	1594.0	450.0	468.5938	132.2881	yes
SN124_A938797_Rep2	ATGCGACAGTCCCATT-1	yes	yes	yes	stroma_fibroblastic_IC med	stroma	yes	35.0	71.0	1105.0	941.0	324.8408	276.6291	yes
SN124_A938797_Rep2	ATGCGAGTCCCACCAC-1	no	yes	no		unresolved	no	48.0	104.0	1528.0	1232.0	449.1916	362.1754	yes
SN124_A938797_Rep2	ATGCTCAGTGTTGCAT-1	yes	yes	yes	stroma desmoplastic_IC low	stroma	yes	21.0	29.0	566.0	627.0	166.389	184.3214	yes
SN124_A938797_Rep2	ATGCTCTGGCGCGGTA-1	no	yes	no		unresolved	no	60.0	76.0	1168.0	1499.0	343.3611	440.6663	yes
SN124_A938797_Rep2	ATGCTTAGGAGTTGAT-1	no	yes	no		unresolved	no	56.0	112.0	1631.0	1411.0	479.4708	414.7967	yes
SN124_A938797_Rep2	ATGGAAATTTAAGGAG-1	no	yes	no		unresolved	no	53.0	7.0	283.0	1342.0	83.1945	394.5125	yes
SN124_A938797_Rep2	ATGGAACAGAATAAAC-1	no	yes	no		unresolved	no	2.0	114.0	1658.0	204.0	487.4081	59.9706	yes
SN124_A938797_Rep2	ATGGAACCTTTGCACA-1	no	yes	no		unresolved	no	38.0	120.0	1734.0	1009.0	509.7501	296.6193	yes
SN124_A938797_Rep2	ATGGACTGCTTAGTTG-1	no	yes	no		unresolved	no	75.0	39.0	693.0	1834.0	203.7237	539.1475	yes
SN124_A938797_Rep2	ATGGAGCAGGCCGTGA-1	yes	yes	yes	stroma_fibroblastic_IC high	stroma	yes	36.0	66.0	1041.0	963.0	306.0265	283.0965	yes
SN124_A938797_Rep2	ATGGATCCGGCGTCCG-1	yes	yes	yes	stroma_fibroblastic_IC high	stroma	yes	19.0	79.0	1208.0	583.0	355.12	171.3866	yes
SN124_A938797_Rep2	ATGGATTGACCAAACG-1	yes	yes	yes	stroma_fibroblastic_IC med	stroma	yes	27.0	61.0	977.0	762.0	287.2121	224.0078	yes
SN124_A938797_Rep2	ATGGCAGCATTACGAT-1	no	yes	no		unresolved	no	64.0	18.0	424.0	1588.0	124.6448	466.83	yes
SN124_A938797_Rep2	ATGGCAGCCGAGAAAC-1	no	yes	no		unresolved	no	33.0	9.0	309.0	895.0	90.8378	263.1063	yes
SN124_A938797_Rep2	ATGGCCCGAAAGGTTA-1	no	yes	no		unresolved	no	76.0	120.0	1733.0	1858.0	509.4561	546.2028	yes
SN124_A938797_Rep2	ATGGCGGAATAGTCGC-1	no	yes	no		unresolved	no	34.0	124.0	1786.0	919.0	525.0367	270.1617	yes
SN124_A938797_Rep2	ATGGCTGGAAATGGCC-1	no	yes	no		unresolved	no	9.0	93.0	1388.0	360.0	408.0353	105.8305	yes
SN124_A938797_Rep2	ATGGGAACGGAAGCGG-1	no	yes	no		unresolved	no	4.0	88.0	1324.0	248.0	389.221	72.9054	yes
SN124_A938797_Rep2	ATGGGACCTGCTGAAC-1	no	yes	no		unresolved	no	61.0	31.0	591.0	1521.0	173.7384	447.1338	yes
SN124_A938797_Rep2	ATGGGCCTCGGCCTCT-1	yes	yes	yes	epitehlium&submucosa	other	yes	45.0	91.0	1361.0	1165.0	400.098	342.4792	yes
SN124_A938797_Rep2	ATGGGTGTATACCTCC-1	no	yes	no		unresolved	no	64.0	24.0	501.0	1588.0	147.2807	466.83	yes
SN124_A938797_Rep2	ATGGTATTGGGAACCG-1	no	yes	no		unresolved	no	73.0	61.0	975.0	1790.0	286.6242	526.2126	yes
SN124_A938797_Rep2	ATGGTATTTACTGATT-1	no	yes	no		unresolved	no	69.0	13.0	359.0	1699.0	105.5365	499.461	yes
SN124_A938797_Rep2	ATGGTCGCGTGGTTTC-1	yes	yes	yes	epitehlium&submucosa	other	yes	45.0	85.0	1284.0	1164.0	377.462	342.1852	yes
SN124_A938797_Rep2	ATGGTGCTCAAAGCCA-1	yes	yes	yes	stroma_fibroblastic_IC high	stroma	yes	1.0	57.0	926.0	181.0	272.2195	53.2092	yes
SN124_A938797_Rep2	ATGGTTACGAAACATG-1	no	yes	no		unresolved	no	6.0	116.0	1684.0	294.0	495.0514	86.4282	yes
SN124_A938797_Rep2	ATGTAAGGCTGCTCTT-1	no	yes	no		unresolved	no	32.0	112.0	1631.0	874.0	479.4708	256.9329	yes
SN124_A938797_Rep2	ATGTACATGCGGTGAG-1	no	yes	no		unresolved	no	64.0	112.0	1631.0	1589.0	479.4708	467.124	yes
SN124_A938797_Rep2	ATGTACGATGACGTCG-1	no	yes	no		unresolved	no	66.0	64.0	1014.0	1633.0	298.0892	480.0588	yes
SN124_A938797_Rep2	ATGTAGCGCGCGTAGG-1	no	yes	no		unresolved	no	68.0	72.0	1117.0	1678.0	328.3684	493.2876	yes
SN124_A938797_Rep2	ATGTCATAATAAACGA-1	no	yes	no		unresolved	no	77.0	63.0	1001.0	1879.0	294.2675	552.3763	yes
SN124_A938797_Rep2	ATGTCATTTCCCATTG-1	no	yes	no		unresolved	no	18.0	4.0	245.0	560.0	72.0235	164.6252	yes
SN124_A938797_Rep2	ATGTCTTGTTTGACTC-1	no	yes	no		unresolved	no	74.0	34.0	629.0	1812.0	184.9094	532.6801	yes
SN124_A938797_Rep2	ATGTGAAAGCCTAATG-1	no	yes	no		unresolved	no	46.0	22.0	475.0	1186.0	139.6374	348.6526	yes
SN124_A938797_Rep2	ATGTGCATCCGACGCA-1	yes	yes	yes	stroma_fibroblastic_IC med	stroma	yes	23.0	57.0	925.0	672.0	271.9255	197.5502	yes
SN124_A938797_Rep2	ATGTGGACATCTTGAT-1	yes	yes	yes	IC aggregate_submucosa	other	yes	47.0	71.0	1105.0	1209.0	324.8408	355.414	yes
SN124_A938797_Rep2	ATGTGTAGTTTAGTCA-1	yes	yes	yes	stroma_fibroblastic_IC high	stroma	yes	5.0	59.0	952.0	270.0	279.8628	79.3729	yes
SN124_A938797_Rep2	ATGTTACGAGCAATAC-1	yes	yes	yes	stroma desmoplastic_IC low	stroma	yes	15.0	29.0	566.0	493.0	166.389	144.929	yes
SN124_A938797_Rep2	ATGTTCCTGCCCACCT-1	no	yes	no		unresolved	no	16.0	8.0	296.0	515.0	87.0162	151.3964	yes
SN124_A938797_Rep2	ATGTTCGTCGACCCAC-1	no	yes	no		unresolved	no	34.0	14.0	373.0	917.0	109.6521	269.5737	yes
SN124_A938797_Rep2	ATGTTGATTAGAGACT-1	no	yes	no		unresolved	no	68.0	92.0	1374.0	1678.0	403.9196	493.2876	yes
SN124_A938797_Rep2	ATGTTGTAGTCTGTTT-1	no	yes	no		unresolved	no	65.0	47.0	796.0	1611.0	234.0029	473.5914	yes
SN124_A938797_Rep2	ATGTTTCGGCCCGGAG-1	no	yes	no		unresolved	no	33.0	125.0	1798.0	897.0	528.5644	263.6943	yes
SN124_A938797_Rep2	ATGTTTGTAAGATCAT-1	no	yes	no		unresolved	no	2.0	104.0	1530.0	204.0	449.7795	59.9706	yes
SN124_A938797_Rep2	ATTAAACATGCGGACC-1	yes	yes	yes	stroma_fibroblastic_IC high	stroma	yes	43.0	59.0	951.0	1119.0	279.5688	328.9564	yes
SN124_A938797_Rep2	ATTAAAGCGGACGAGC-1	no	yes	no		unresolved	no	0.0	2.0	220.0	158.0	64.6742	46.4478	yes
SN124_A938797_Rep2	ATTAACACCTGAGATA-1	no	yes	no		unresolved	no	19.0	1.0	207.0	582.0	60.8525	171.0926	yes
SN124_A938797_Rep2	ATTAATACTACGCGGG-1	yes	yes	yes	tumor	tumor	yes	22.0	66.0	1041.0	650.0	306.0265	191.0828	yes
SN124_A938797_Rep2	ATTAATGAACCAGTCG-1	yes	yes	yes	stroma_fibroblastic_IC med	stroma	yes	23.0	79.0	1208.0	673.0	355.12	197.8442	yes
SN124_A938797_Rep2	ATTAATTCGGTCACTC-1	yes	yes	yes	tumor	tumor	yes	14.0	66.0	1041.0	471.0	306.0265	138.4615	yes
SN124_A938797_Rep2	ATTACAACTACCGGCC-1	yes	yes	yes	exclude	exclude	yes	11.0	87.0	1311.0	405.0	385.3993	119.0593	yes
SN124_A938797_Rep2	ATTACATGTCAGTCTT-1	no	yes	no		unresolved	no	50.0	108.0	1580.0	1277.0	464.4782	375.4042	yes
SN124_A938797_Rep2	ATTACCACACTGCCTG-1	no	yes	no		unresolved	no	48.0	118.0	1708.0	1232.0	502.1068	362.1754	yes
SN124_A938797_Rep2	ATTACGACTCCACAGT-1	no	yes	no		unresolved	no	19.0	121.0	1747.0	584.0	513.5718	171.6805	yes
SN124_A938797_Rep2	ATTACGCGCTGGCAGG-1	no	yes	no		unresolved	no	40.0	30.0	578.0	1052.0	169.9167	309.2602	yes
SN124_A938797_Rep2	ATTACGGGCTACGGTT-1	no	yes	no		unresolved	no	68.0	4.0	244.0	1677.0	71.7295	492.9936	yes
SN124_A938797_Rep2	ATTACTAGCCTCTTGC-1	yes	yes	yes	stroma_fibroblastic_IC high	stroma	yes	18.0	44.0	759.0	561.0	223.1259	164.9192	yes
SN124_A938797_Rep2	ATTACTTACTGGGCAT-1	yes	yes	yes	IC aggregate_stroma or muscularis	unresolved	yes	22.0	100.0	1478.0	651.0	434.4929	191.3768	yes
SN124_A938797_Rep2	ATTAGATTCCTCAGCA-1	yes	yes	yes	stroma_fibroblastic_IC high	stroma	yes	25.0	105.0	1542.0	718.0	453.3072	211.073	yes
SN124_A938797_Rep2	ATTAGATTGATAGCGG-1	yes	yes	yes	stroma_fibroblastic_IC high	stroma	yes	19.0	49.0	823.0	583.0	241.9402	171.3866	yes
SN124_A938797_Rep2	ATTAGGCGATGCTTTC-1	yes	yes	yes	stroma_fibroblastic_IC med	stroma	yes	37.0	71.0	1105.0	985.0	324.8408	289.5639	yes
SN124_A938797_Rep2	ATTATACTTTGCTCGT-1	yes	yes	yes	exclude	exclude	yes	18.0	78.0	1195.0	561.0	351.2984	164.9192	yes
SN124_A938797_Rep2	ATTATAGCTACTTTAC-1	no	yes	no		unresolved	no	33.0	115.0	1670.0	897.0	490.9358	263.6943	yes
SN124_A938797_Rep2	ATTATCGGAATGTACG-1	no	yes	no		unresolved	no	69.0	57.0	924.0	1700.0	271.6316	499.755	yes
SN124_A938797_Rep2	ATTATCTCGACAGATC-1	yes	yes	yes	tumor	tumor	yes	7.0	61.0	977.0	315.0	287.2121	92.6017	yes
SN124_A938797_Rep2	ATTATGAGACCCAATT-1	no	yes	no		unresolved	no	66.0	12.0	346.0	1632.0	101.7148	479.7648	yes
SN124_A938797_Rep2	ATTATGCCATAGGGAG-1	yes	yes	yes	stroma_fibroblastic_IC med	stroma	yes	21.0	53.0	874.0	628.0	256.9329	184.6154	yes
SN124_A938797_Rep2	ATTATGCTCAGTATTG-1	no	yes	no		unresolved	no	4.0	122.0	1761.0	249.0	517.6874	73.1994	yes
SN124_A938797_Rep2	ATTATTATGTCCGTCA-1	no	yes	no		unresolved	no	59.0	37.0	668.0	1476.0	196.3743	433.9049	yes
SN124_A938797_Rep2	ATTATTCAGAGTCACT-1	no	yes	no		unresolved	no	67.0	97.0	1438.0	1656.0	422.734	486.8202	yes
SN124_A938797_Rep2	ATTCAAAGTACCTGTT-1	no	yes	no		unresolved	no	8.0	6.0	271.0	336.0	79.6668	98.7751	yes
SN124_A938797_Rep2	ATTCAACCATTTAAGG-1	no	yes	no		unresolved	no	58.0	100.0	1477.0	1455.0	434.1989	427.7315	yes
SN124_A938797_Rep2	ATTCACTGATGTTGGA-1	no	yes	no		unresolved	no	56.0	68.0	1066.0	1410.0	313.3758	414.5027	yes
SN124_A938797_Rep2	ATTCAGATGAATCCCT-1	no	yes	no		unresolved	no	1.0	111.0	1620.0	182.0	476.2371	53.5032	yes
SN124_A938797_Rep2	ATTCAGGACCTATTTC-1	yes	yes	yes	stroma_fibroblastic_IC high	stroma	yes	20.0	98.0	1452.0	606.0	426.8496	178.148	yes
SN124_A938797_Rep2	ATTCAGGATCGCCTCT-1	no	yes	no		unresolved	no	1.0	87.0	1311.0	181.0	385.3993	53.2092	yes
SN124_A938797_Rep2	ATTCAGTAGCAGGGTC-1	no	yes	no		unresolved	no	27.0	25.0	514.0	761.0	151.1024	223.7139	yes
SN124_A938797_Rep2	ATTCATATACTGTCCA-1	yes	yes	yes	stroma_fibroblastic_IC med	stroma	yes	46.0	60.0	963.0	1186.0	283.0965	348.6526	yes
SN124_A938797_Rep2	ATTCATCGTTGAGGCA-1	no	yes	no		unresolved	no	61.0	89.0	1335.0	1522.0	392.4547	447.4277	yes
SN124_A938797_Rep2	ATTCCCACATAAACAA-1	no	yes	no		unresolved	no	26.0	24.0	502.0	739.0	147.5747	217.2464	yes
SN124_A938797_Rep2	ATTCCCGAAGGTACAG-1	no	yes	no		unresolved	no	60.0	0.0	192.0	1498.0	56.4429	440.3724	yes
SN124_A938797_Rep2	ATTCCTAAGACGTGGA-1	yes	yes	yes	exclude	exclude	yes	15.0	107.0	1568.0	495.0	460.9505	145.5169	yes
SN124_A938797_Rep2	ATTCCTCCGCCAGTGC-1	yes	yes	yes	tumor&stroma_IC med to high	mixed	yes	23.0	39.0	694.0	672.0	204.0176	197.5502	yes
SN124_A938797_Rep2	ATTCCTTCCAGGCGGT-1	yes	yes	yes	exclude	exclude	yes	10.0	24.0	502.0	381.0	147.5747	112.0039	yes
SN124_A938797_Rep2	ATTCGACGCCGGGCCT-1	no	yes	no		unresolved	no	36.0	26.0	527.0	962.0	154.9241	282.8025	yes
SN124_A938797_Rep2	ATTCGCAGAGGACACT-1	no	yes	no		unresolved	no	14.0	126.0	1812.0	472.0	532.6801	138.7555	yes
SN124_A938797_Rep2	ATTCGCGCCTTGAGAG-1	no	yes	no		unresolved	no	65.0	107.0	1566.0	1612.0	460.3626	473.8853	yes
SN124_A938797_Rep2	ATTCGTCCCGAGGTTA-1	no	yes	no		unresolved	no	75.0	125.0	1797.0	1835.0	528.2705	539.4414	yes
SN124_A938797_Rep2	ATTCGTGCTATCTCTT-1	no	yes	no		unresolved	no	42.0	110.0	1606.0	1098.0	472.1215	322.7829	yes
SN124_A938797_Rep2	ATTCGTGTACCCATTC-1	no	yes	no		unresolved	no	77.0	97.0	1438.0	1880.0	422.734	552.6703	yes
SN124_A938797_Rep2	ATTCGTTTATCGTATT-1	no	yes	no		unresolved	no	76.0	110.0	1605.0	1858.0	471.8275	546.2028	yes
SN124_A938797_Rep2	ATTCTCGTCTCTTTAG-1	yes	yes	yes	tumor	tumor	yes	11.0	51.0	849.0	404.0	249.5835	118.7653	yes
SN124_A938797_Rep2	ATTCTGAGTATGAACT-1	no	yes	no		unresolved	no	6.0	86.0	1298.0	293.0	381.5777	86.1342	yes
SN124_A938797_Rep2	ATTCTTCGTACTTATG-1	no	yes	no		unresolved	no	9.0	87.0	1311.0	360.0	385.3993	105.8305	yes
SN124_A938797_Rep2	ATTGAAGATCTTAGTG-1	yes	yes	yes	stroma_fibroblastic_IC high	stroma	yes	31.0	49.0	823.0	851.0	241.9402	250.1715	yes
SN124_A938797_Rep2	ATTGAATTCCCTGTAG-1	no	yes	no		unresolved	no	76.0	124.0	1784.0	1858.0	524.4488	546.2028	yes
SN124_A938797_Rep2	ATTGACCGGCGATGAC-1	no	yes	no		unresolved	no	20.0	114.0	1658.0	606.0	487.4081	178.148	yes
SN124_A938797_Rep2	ATTGACGTAACTCGGT-1	yes	yes	yes	exclude	exclude	yes	8.0	72.0	1119.0	338.0	328.9564	99.3631	yes
SN124_A938797_Rep2	ATTGATAGCAACGAGA-1	no	yes	no		unresolved	no	12.0	22.0	476.0	426.0	139.9314	125.2327	yes
SN124_A938797_Rep2	ATTGATCACCACATTT-1	no	yes	no		unresolved	no	52.0	8.0	295.0	1320.0	86.7222	388.0451	yes
SN124_A938797_Rep2	ATTGATGAGTCCTAAC-1	yes	yes	yes	tumor	tumor	yes	33.0	99.0	1465.0	897.0	430.6712	263.6943	yes
SN124_A938797_Rep2	ATTGCCTATTAGACCG-1	no	yes	no		unresolved	no	67.0	25.0	513.0	1655.0	150.8084	486.5262	yes
SN124_A938797_Rep2	ATTGCCTTTATGTTTG-1	no	yes	no		unresolved	no	64.0	84.0	1271.0	1589.0	373.6404	467.124	yes
SN124_A938797_Rep2	ATTGCGATCAGTAACT-1	no	yes	no		unresolved	no	51.0	99.0	1464.0	1299.0	430.3773	381.8716	yes
SN124_A938797_Rep2	ATTGCTGCTCCTCCAT-1	yes	yes	yes	tumor	tumor	yes	35.0	43.0	745.0	940.0	219.0103	276.3351	yes
SN124_A938797_Rep2	ATTGGATTACAGCGTA-1	no	yes	no		unresolved	no	54.0	102.0	1502.0	1366.0	441.5483	401.5679	yes
SN124_A938797_Rep2	ATTGGGAATATCTTGG-1	yes	yes	yes	tumor&stroma_IC med to high	mixed	yes	12.0	52.0	862.0	427.0	253.4052	125.5267	yes
SN124_A938797_Rep2	ATTGGGAGTTCTGTAA-1	no	yes	no		unresolved	no	8.0	114.0	1658.0	338.0	487.4081	99.3631	yes
SN124_A938797_Rep2	ATTGGTAGGATCCGCT-1	no	yes	no		unresolved	no	25.0	3.0	232.0	716.0	68.2019	210.4851	yes
SN124_A938797_Rep2	ATTGGTTGTGCATTAC-1	no	yes	no		unresolved	no	72.0	106.0	1553.0	1768.0	456.5409	519.7452	yes
SN124_A938797_Rep2	ATTGTACAACTCGGCT-1	no	yes	no		unresolved	no	35.0	103.0	1516.0	941.0	445.6639	276.6291	yes
SN124_A938797_Rep2	ATTGTCGCAATACCTT-1	yes	yes	yes	stroma_fibroblastic_IC high	stroma	yes	15.0	85.0	1285.0	494.0	377.756	145.2229	yes
SN124_A938797_Rep2	ATTGTCTGTTTCATGT-1	no	yes	no		unresolved	no	71.0	53.0	873.0	1745.0	256.6389	512.9838	yes
SN124_A938797_Rep2	ATTGTGACTTCGCTGC-1	no	yes	no		unresolved	no	11.0	109.0	1594.0	405.0	468.5938	119.0593	yes
SN124_A938797_Rep2	ATTGTTCAACGATCCG-1	no	yes	no		unresolved	no	53.0	123.0	1772.0	1344.0	520.9211	395.1004	yes
SN124_A938797_Rep2	ATTTAACTCGTATTAC-1	yes	yes	yes	stroma_fibroblastic_IC high	stroma	yes	14.0	52.0	862.0	471.0	253.4052	138.4615	yes
SN124_A938797_Rep2	ATTTACAGTTTACTGG-1	yes	yes	yes	stroma_fibroblastic_IC high	stroma	yes	30.0	38.0	681.0	829.0	200.196	243.7041	yes
SN124_A938797_Rep2	ATTTACTAAGTCCATT-1	no	yes	no		unresolved	no	31.0	111.0	1619.0	852.0	475.9432	250.4655	yes
SN124_A938797_Rep2	ATTTATACTGGTAAAG-1	no	yes	no		unresolved	no	75.0	75.0	1155.0	1835.0	339.5394	539.4414	yes
SN124_A938797_Rep2	ATTTCATTATTTCGCG-1	yes	yes	yes	stroma_fibroblastic_IC high	stroma	yes	14.0	78.0	1195.0	472.0	351.2984	138.7555	yes
SN124_A938797_Rep2	ATTTCCGGGTTCTGCG-1	no	yes	no		unresolved	no	55.0	35.0	642.0	1387.0	188.731	407.7413	yes
SN124_A938797_Rep2	ATTTGCCTAGTTACGA-1	yes	yes	yes	stroma_fibroblastic_IC high	stroma	yes	1.0	61.0	977.0	181.0	287.2121	53.2092	yes
SN124_A938797_Rep2	ATTTGCGCGAGTAGCT-1	no	yes	no		unresolved	no	53.0	31.0	591.0	1342.0	173.7384	394.5125	yes
SN124_A938797_Rep2	ATTTGGAGATTGCGGT-1	no	yes	no		unresolved	no	58.0	0.0	193.0	1454.0	56.7369	427.4375	yes
SN124_A938797_Rep2	ATTTGTCTTGGGAGCT-1	yes	yes	yes	non neo epithelium	normal epithelium	yes	40.0	84.0	1272.0	1053.0	373.9343	309.5541	yes
SN124_A938797_Rep2	ATTTGTTCCAGGGCTC-1	yes	yes	yes	stroma_fibroblastic_IC high	stroma	yes	19.0	71.0	1105.0	583.0	324.8408	171.3866	yes
SN124_A938797_Rep2	CAAACCAGGTCTGCAT-1	no	yes	no		unresolved	no	36.0	0.0	193.0	962.0	56.7369	282.8025	yes
SN124_A938797_Rep2	CAAACCATAAGCGTAT-1	no	yes	no		unresolved	no	77.0	89.0	1335.0	1879.0	392.4547	552.3763	yes
SN124_A938797_Rep2	CAAACCCTCCGGCGGG-1	no	yes	no		unresolved	no	70.0	70.0	1091.0	1723.0	320.7251	506.5164	yes
SN124_A938797_Rep2	CAAACGAGTATCGCAG-1	yes	yes	yes	stroma_fibroblastic_IC high	stroma	yes	47.0	47.0	796.0	1209.0	234.0029	355.414	yes
SN124_A938797_Rep2	CAAACGGTCGCACTTT-1	yes	yes	yes	stroma_fibroblastic_IC med	stroma	yes	30.0	40.0	707.0	829.0	207.8393	243.7041	yes
SN124_A938797_Rep2	CAAACGTGGTCTTGCG-1	no	yes	no		unresolved	no	4.0	78.0	1196.0	248.0	351.5924	72.9054	yes
SN124_A938797_Rep2	CAAACTACGATAGAGA-1	yes	yes	yes	exclude	exclude	yes	12.0	84.0	1273.0	427.0	374.2283	125.5267	yes
SN124_A938797_Rep2	CAAACTATTGAGCTTC-1	yes	yes	yes	stroma_fibroblastic_IC high	stroma	yes	11.0	75.0	1157.0	405.0	340.1274	119.0593	yes
SN124_A938797_Rep2	CAAACTCGCGACGCCG-1	no	yes	no		unresolved	no	45.0	111.0	1618.0	1165.0	475.6492	342.4792	yes
SN124_A938797_Rep2	CAAAGATTATTGGGCC-1	no	yes	no		unresolved	no	56.0	30.0	578.0	1409.0	169.9167	414.2087	yes
SN124_A938797_Rep2	CAAAGGTCATCTGAAA-1	no	yes	no		unresolved	no	46.0	124.0	1785.0	1187.0	524.7428	348.9466	yes
SN124_A938797_Rep2	CAAAGGTTAAATTCAG-1	no	yes	no		unresolved	no	5.0	115.0	1671.0	271.0	491.2298	79.6668	yes
SN124_A938797_Rep2	CAAAGTCAGGTTAGCT-1	no	yes	no		unresolved	no	9.0	11.0	335.0	359.0	98.4811	105.5365	yes
SN124_A938797_Rep2	CAAATCTCTCACAAGG-1	no	yes	no		unresolved	no	44.0	24.0	501.0	1141.0	147.2807	335.4238	yes
SN124_A938797_Rep2	CAAATGCGGAGTGTTC-1	yes	yes	yes	exclude	exclude	yes	0.0	58.0	939.0	159.0	276.0412	46.7418	yes
SN124_A938797_Rep2	CAAATGTCCTTCCGTG-1	yes	yes	yes	exclude	exclude	yes	45.0	53.0	873.0	1164.0	256.6389	342.1852	yes
SN124_A938797_Rep2	CAAATTGGATTATGCC-1	no	yes	no		unresolved	no	22.0	116.0	1683.0	651.0	494.7575	191.3768	yes
SN124_A938797_Rep2	CAAATTGTCAGCAAGC-1	yes	yes	yes	tumor	tumor	yes	13.0	67.0	1054.0	449.0	309.8481	131.9941	yes
SN124_A938797_Rep2	CAACACATCTCCTGCC-1	no	yes	no		unresolved	no	32.0	120.0	1734.0	875.0	509.7501	257.2268	yes
SN124_A938797_Rep2	CAACAGAATAACGCTA-1	no	yes	no		unresolved	no	1.0	93.0	1388.0	181.0	408.0353	53.2092	yes
SN124_A938797_Rep2	CAACAGTGCCAAACGG-1	no	yes	no		unresolved	no	0.0	70.0	1093.0	159.0	321.3131	46.7418	yes
SN124_A938797_Rep2	CAACATGGCCTGATAA-1	no	yes	no		unresolved	no	6.0	12.0	348.0	292.0	102.3028	85.8403	yes
SN124_A938797_Rep2	CAACCAGTGGCCTACC-1	no	yes	no		unresolved	no	61.0	115.0	1669.0	1522.0	490.6418	447.4277	yes
SN124_A938797_Rep2	CAACCGCACCTAGACA-1	no	yes	no		unresolved	no	11.0	5.0	258.0	403.0	75.8452	118.4713	yes
SN124_A938797_Rep2	CAACCTACCGAGCAGT-1	no	yes	no		unresolved	no	61.0	103.0	1515.0	1522.0	445.3699	447.4277	yes
SN124_A938797_Rep2	CAACCTGAACCTGCCA-1	no	yes	no		unresolved	no	25.0	123.0	1773.0	718.0	521.2151	211.073	yes
SN124_A938797_Rep2	CAACGACCCGTTTACA-1	yes	yes	yes	stroma_fibroblastic_IC high	stroma	yes	20.0	50.0	836.0	605.0	245.7619	177.854	yes
SN124_A938797_Rep2	CAACGAGCTTATTATG-1	no	yes	no		unresolved	no	76.0	10.0	320.0	1856.0	94.0715	545.6149	yes
SN124_A938797_Rep2	CAACGATCGATCCAAT-1	no	yes	no		unresolved	no	73.0	127.0	1823.0	1791.0	535.9138	526.5066	yes
SN124_A938797_Rep2	CAACGCGATGAGCCAA-1	no	yes	no		unresolved	no	74.0	36.0	654.0	1812.0	192.2587	532.6801	yes
SN124_A938797_Rep2	CAACGGTTCTTGATAC-1	yes	yes	yes	stroma_fibroblastic_IC high	stroma	yes	18.0	38.0	682.0	560.0	200.49	164.6252	yes
SN124_A938797_Rep2	CAACGTGGTGGAGTCT-1	no	yes	no		unresolved	no	55.0	113.0	1644.0	1388.0	483.2925	408.0353	yes
SN124_A938797_Rep2	CAACTATATCGAATGC-1	yes	yes	yes	stroma_fibroblastic_IC high	stroma	yes	15.0	79.0	1208.0	494.0	355.12	145.2229	yes
SN124_A938797_Rep2	CAACTCCAACGTTTAG-1	no	yes	no		unresolved	no	4.0	86.0	1298.0	248.0	381.5777	72.9054	yes
SN124_A938797_Rep2	CAACTCCGTAACTTGC-1	no	yes	no		unresolved	no	13.0	119.0	1722.0	450.0	506.2224	132.2881	yes
SN124_A938797_Rep2	CAACTCCTTGATCCCG-1	yes	yes	yes	tumor	tumor	yes	18.0	46.0	784.0	561.0	230.4753	164.9192	yes
SN124_A938797_Rep2	CAACTGAGGGTATGAC-1	no	yes	no		unresolved	no	10.0	120.0	1735.0	383.0	510.0441	112.5919	yes
SN124_A938797_Rep2	CAACTGCTCATCCGAT-1	no	yes	no		unresolved	no	59.0	55.0	899.0	1477.0	264.2822	434.1989	yes
SN124_A938797_Rep2	CAACTTGTAGTGGGCA-1	yes	yes	yes	stroma_fibroblastic_IC med	stroma	yes	9.0	41.0	720.0	359.0	211.6609	105.5365	yes
SN124_A938797_Rep2	CAAGAAACCCTAAACT-1	no	yes	no		unresolved	no	7.0	121.0	1748.0	316.0	513.8657	92.8956	yes
SN124_A938797_Rep2	CAAGACTCAGAAGCGC-1	no	yes	no		unresolved	no	30.0	126.0	1811.0	830.0	532.3861	243.998	yes
SN124_A938797_Rep2	CAAGAGGGCGGAGTAC-1	yes	yes	yes	non neo epithelium	normal epithelium	yes	46.0	74.0	1143.0	1187.0	336.0118	348.9466	yes
SN124_A938797_Rep2	CAAGATATTATAACGT-1	yes	yes	yes	non neo epithelium	normal epithelium	yes	45.0	89.0	1336.0	1165.0	392.7486	342.4792	yes
SN124_A938797_Rep2	CAAGCAACGTCGGAGT-1	yes	yes	yes	exclude	exclude	yes	32.0	38.0	681.0	873.0	200.196	256.6389	yes
SN124_A938797_Rep2	CAAGCACCAAATGCCT-1	yes	yes	yes	tumor	tumor	yes	18.0	66.0	1041.0	561.0	306.0265	164.9192	yes
SN124_A938797_Rep2	CAAGCGGCACATAATT-1	no	yes	no		unresolved	no	54.0	72.0	1117.0	1365.0	328.3684	401.2739	yes
SN124_A938797_Rep2	CAAGGATCGCATGTTC-1	yes	yes	yes	tumor	tumor	yes	40.0	68.0	1066.0	1052.0	313.3758	309.2602	yes
SN124_A938797_Rep2	CAAGGCCAGTGGTGCA-1	no	yes	no		unresolved	no	66.0	100.0	1476.0	1634.0	433.9049	480.3528	yes
SN124_A938797_Rep2	CAAGGGAGTGTATTTG-1	no	yes	no		unresolved	no	1.0	17.0	412.0	180.0	121.1171	52.9152	yes
SN124_A938797_Rep2	CAAGGTCCTATAGGCT-1	no	yes	no		unresolved	no	34.0	110.0	1606.0	919.0	472.1215	270.1617	yes
SN124_A938797_Rep2	CAAGTAAGTGATAGAC-1	no	yes	no		unresolved	no	69.0	53.0	873.0	1700.0	256.6389	499.755	yes
SN124_A938797_Rep2	CAAGTCGTTGAAATCT-1	no	yes	no		unresolved	no	76.0	48.0	808.0	1856.0	237.5306	545.6149	yes
SN124_A938797_Rep2	CAAGTGAACTTTGGTT-1	yes	yes	yes	tumor	tumor	yes	6.0	54.0	887.0	293.0	260.7545	86.1342	yes
SN124_A938797_Rep2	CAAGTGTGGTTGCAAA-1	yes	yes	yes	epitehlium&submucosa	other	yes	40.0	94.0	1400.0	1053.0	411.563	309.5541	yes
SN124_A938797_Rep2	CAATAAACCTTGGCCC-1	yes	yes	yes	stroma_fibroblastic_IC med	stroma	yes	26.0	74.0	1144.0	740.0	336.3057	217.5404	yes
SN124_A938797_Rep2	CAATACGAGAGTCTGA-1	no	yes	no		unresolved	no	44.0	120.0	1734.0	1143.0	509.7501	336.0118	yes
SN124_A938797_Rep2	CAATACGCTCTGAGGC-1	no	yes	no		unresolved	no	40.0	10.0	321.0	1051.0	94.3655	308.9662	yes
SN124_A938797_Rep2	CAATATGTAGATTTAC-1	no	yes	no		unresolved	no	5.0	105.0	1542.0	271.0	453.3072	79.6668	yes
SN124_A938797_Rep2	CAATATTCTTGACCTA-1	no	yes	no		unresolved	no	54.0	40.0	706.0	1365.0	207.5453	401.2739	yes
SN124_A938797_Rep2	CAATATTGGACTAGTG-1	no	yes	no		unresolved	no	8.0	18.0	425.0	337.0	124.9388	99.0691	yes
SN124_A938797_Rep2	CAATCCATTATCCGTT-1	no	yes	no		unresolved	no	0.0	100.0	1478.0	159.0	434.4929	46.7418	yes
SN124_A938797_Rep2	CAATCCCTATACCAGC-1	yes	yes	yes	exclude	exclude	yes	12.0	88.0	1324.0	427.0	389.221	125.5267	yes
SN124_A938797_Rep2	CAATCCTGCCGTGGAG-1	yes	yes	yes	stroma desmoplastic_IC low	stroma	yes	14.0	24.0	502.0	471.0	147.5747	138.4615	yes
SN124_A938797_Rep2	CAATGACCCTTAATTT-1	no	yes	no		unresolved	no	73.0	57.0	924.0	1790.0	271.6316	526.2126	yes
SN124_A938797_Rep2	CAATGAGGTTCGACTA-1	no	yes	no		unresolved	no	29.0	119.0	1721.0	808.0	505.9285	237.5306	yes
SN124_A938797_Rep2	CAATGCGAGAAGTATC-1	no	yes	no		unresolved	no	54.0	82.0	1246.0	1365.0	366.291	401.2739	yes
SN124_A938797_Rep2	CAATGGAATCTACATA-1	no	yes	no		unresolved	no	9.0	91.0	1362.0	360.0	400.392	105.8305	yes
SN124_A938797_Rep2	CAATGGATCTCTACCA-1	yes	yes	yes	stroma_fibroblastic_IC high	stroma	yes	28.0	86.0	1298.0	785.0	381.5777	230.7692	yes
SN124_A938797_Rep2	CAATGGTCGGCCTGGG-1	yes	yes	yes	tumor	tumor	yes	6.0	56.0	913.0	293.0	268.3978	86.1342	yes
SN124_A938797_Rep2	CAATGTGCCAACCCTT-1	no	yes	no		unresolved	no	37.0	115.0	1670.0	986.0	490.9358	289.8579	yes
SN124_A938797_Rep2	CAATTAAGGGTGATGA-1	yes	yes	yes	stroma_fibroblastic_IC high	stroma	yes	29.0	65.0	1028.0	807.0	302.2048	237.2366	yes
SN124_A938797_Rep2	CAATTGGGCCGCACTC-1	no	yes	no		unresolved	no	56.0	4.0	244.0	1409.0	71.7295	414.2087	yes
SN124_A938797_Rep2	CAATTTCGTATAAGGG-1	yes	yes	yes	stroma_fibroblastic_IC high	stroma	yes	37.0	63.0	1002.0	985.0	294.5615	289.5639	yes
SN124_A938797_Rep2	CAATTTGACCGGGAAG-1	no	yes	no		unresolved	no	7.0	13.0	361.0	314.0	106.1244	92.3077	yes
SN124_A938797_Rep2	CACAAACCGCAGAACT-1	no	yes	no		unresolved	no	71.0	115.0	1669.0	1746.0	490.6418	513.2778	yes
SN124_A938797_Rep2	CACAAGAAAGATATTA-1	no	yes	no		unresolved	no	14.0	112.0	1632.0	472.0	479.7648	138.7555	yes
SN124_A938797_Rep2	CACAAGCTAAGAAAGG-1	no	yes	no		unresolved	no	67.0	15.0	385.0	1655.0	113.1798	486.5262	yes
SN124_A938797_Rep2	CACAATGAGCTGCTAT-1	yes	yes	yes	stroma_fibroblastic_IC high	stroma	yes	42.0	50.0	835.0	1097.0	245.4679	322.489	yes
SN124_A938797_Rep2	CACACACGCTAACGAG-1	no	yes	no		unresolved	no	55.0	103.0	1515.0	1388.0	445.3699	408.0353	yes
SN124_A938797_Rep2	CACACAGCTTGCGCTC-1	no	yes	no		unresolved	no	47.0	115.0	1670.0	1210.0	490.9358	355.708	yes
SN124_A938797_Rep2	CACACAGGGATAGATT-1	yes	yes	yes	stroma desmoplastic_IC low	stroma	yes	25.0	27.0	540.0	717.0	158.7457	210.779	yes
SN124_A938797_Rep2	CACACGCGCTGTCTTA-1	yes	yes	yes	tumor	tumor	yes	33.0	89.0	1336.0	896.0	392.7486	263.4003	yes
SN124_A938797_Rep2	CACACGTTTCAATGGG-1	no	yes	no		unresolved	no	5.0	89.0	1337.0	271.0	393.0426	79.6668	yes
SN124_A938797_Rep2	CACACTTGTATTGCGA-1	no	yes	no		unresolved	no	10.0	116.0	1683.0	383.0	494.7575	112.5919	yes
SN124_A938797_Rep2	CACAGAGACGAGGACG-1	no	yes	no		unresolved	no	64.0	20.0	449.0	1588.0	131.9941	466.83	yes
SN124_A938797_Rep2	CACAGCACCCACGGCA-1	yes	yes	yes	stroma_fibroblastic_IC high	stroma	yes	31.0	59.0	951.0	851.0	279.5688	250.1715	yes
SN124_A938797_Rep2	CACAGCTAGGGAGTGA-1	yes	yes	yes	stroma_fibroblastic_IC med	stroma	yes	20.0	60.0	964.0	605.0	283.3905	177.854	yes
SN124_A938797_Rep2	CACAGGGCCATATAGT-1	no	yes	no		unresolved	no	57.0	97.0	1438.0	1433.0	422.734	421.2641	yes
SN124_A938797_Rep2	CACAGGGCCGTTGTCA-1	no	yes	no		unresolved	no	62.0	60.0	963.0	1544.0	283.0965	453.8951	yes
SN124_A938797_Rep2	CACAGTCCCGCTTCGC-1	no	yes	no		unresolved	no	60.0	112.0	1631.0	1500.0	479.4708	440.9603	yes
SN124_A938797_Rep2	CACAGTTCGCTTCCCA-1	no	yes	no		unresolved	no	54.0	114.0	1657.0	1366.0	487.1142	401.5679	yes
SN124_A938797_Rep2	CACATAAGGCGACCGT-1	no	yes	no		unresolved	no	1.0	29.0	567.0	180.0	166.683	52.9152	yes
SN124_A938797_Rep2	CACATATTAGCAGGAT-1	yes	yes	yes	epitehlium&submucosa	other	yes	47.0	73.0	1130.0	1209.0	332.1901	355.414	yes
SN124_A938797_Rep2	CACATCGTGCACGCGC-1	no	yes	no		unresolved	no	60.0	38.0	680.0	1499.0	199.902	440.6663	yes
SN124_A938797_Rep2	CACATCTCACCGACGA-1	no	yes	no		unresolved	no	57.0	75.0	1156.0	1432.0	339.8334	420.9701	yes
SN124_A938797_Rep2	CACATGATTCAGCAAC-1	yes	yes	yes	stroma_fibroblastic_IC high	stroma	yes	38.0	64.0	1015.0	1008.0	298.3831	296.3253	yes
SN124_A938797_Rep2	CACATGTTTGGACATG-1	no	yes	no		unresolved	no	10.0	18.0	425.0	381.0	124.9388	112.0039	yes
SN124_A938797_Rep2	CACATTCTTTCGATGG-1	yes	yes	yes	stroma_fibroblastic_IC high	stroma	yes	18.0	90.0	1349.0	561.0	396.5703	164.9192	yes
SN124_A938797_Rep2	CACATTTCTTGTCAGA-1	no	yes	no		unresolved	no	44.0	108.0	1580.0	1142.0	464.4782	335.7178	yes
SN124_A938797_Rep2	CACCAATCATCCGTCT-1	no	yes	no		unresolved	no	54.0	4.0	244.0	1364.0	71.7295	400.9799	yes
SN124_A938797_Rep2	CACCACGCCACACAGA-1	no	yes	no		unresolved	no	40.0	8.0	296.0	1051.0	87.0162	308.9662	yes
SN124_A938797_Rep2	CACCAGTCAGCATGCA-1	no	yes	no		unresolved	no	60.0	22.0	475.0	1499.0	139.6374	440.6663	yes
SN124_A938797_Rep2	CACCATCGGAGGAGAC-1	yes	yes	yes	tumor&stroma_IC med to high	mixed	yes	11.0	61.0	977.0	404.0	287.2121	118.7653	yes
SN124_A938797_Rep2	CACCATGATCGCAAAG-1	no	yes	no		unresolved	no	12.0	114.0	1658.0	428.0	487.4081	125.8207	yes
SN124_A938797_Rep2	CACCCAAATCTTATGT-1	no	yes	no		unresolved	no	35.0	105.0	1542.0	941.0	453.3072	276.6291	yes
SN124_A938797_Rep2	CACCCACACGTCACCC-1	yes	yes	yes	stroma_fibroblastic_IC high	stroma	yes	17.0	43.0	746.0	538.0	219.3043	158.1578	yes
SN124_A938797_Rep2	CACCCACGAGGCAATT-1	yes	yes	yes	stroma_fibroblastic_IC high	stroma	yes	20.0	86.0	1298.0	606.0	381.5777	178.148	yes
SN124_A938797_Rep2	CACCCGCGTTTGACAC-1	no	yes	no		unresolved	no	73.0	117.0	1694.0	1791.0	497.9912	526.5066	yes
SN124_A938797_Rep2	CACCCGGTTTGTGACT-1	no	yes	no		unresolved	no	53.0	39.0	693.0	1342.0	203.7237	394.5125	yes
SN124_A938797_Rep2	CACCCTAACAAGATCT-1	no	yes	no		unresolved	no	56.0	80.0	1220.0	1410.0	358.6477	414.5027	yes
SN124_A938797_Rep2	CACCCTTGGTGAGACC-1	no	yes	no		unresolved	no	50.0	16.0	398.0	1275.0	117.0015	374.8163	yes
SN124_A938797_Rep2	CACCCTTTCCTCGCTC-1	yes	yes	yes	stroma_fibroblastic_IC med	stroma	yes	8.0	40.0	708.0	337.0	208.1333	99.0691	yes
SN124_A938797_Rep2	CACCGATACACCGAGC-1	yes	yes	yes	exclude	exclude	yes	10.0	84.0	1273.0	382.0	374.2283	112.2979	yes
SN124_A938797_Rep2	CACCGATGATGGGTAC-1	no	yes	no		unresolved	no	71.0	117.0	1695.0	1746.0	498.2852	513.2778	yes
SN124_A938797_Rep2	CACCGCCAGAAGGTTT-1	yes	yes	yes	stroma_fibroblastic_IC med	stroma	yes	27.0	59.0	951.0	762.0	279.5688	224.0078	yes
SN124_A938797_Rep2	CACCGCCGACCAGCGA-1	yes	yes	yes	tumor	tumor	yes	9.0	67.0	1054.0	360.0	309.8481	105.8305	yes
SN124_A938797_Rep2	CACCGCGTCCACTCTA-1	yes	yes	yes	exclude	exclude	yes	16.0	104.0	1529.0	517.0	449.4855	151.9843	yes
SN124_A938797_Rep2	CACCGGAGATATCTCC-1	no	yes	no		unresolved	no	7.0	93.0	1388.0	316.0	408.0353	92.8956	yes
SN124_A938797_Rep2	CACCGGGCATCACAAG-1	no	yes	no		unresolved	no	72.0	94.0	1399.0	1768.0	411.269	519.7452	yes
SN124_A938797_Rep2	CACCGGTAGAGACATT-1	no	yes	no		unresolved	no	66.0	16.0	398.0	1633.0	117.0015	480.0588	yes
SN124_A938797_Rep2	CACCGTATCCCATCCG-1	no	yes	no		unresolved	no	52.0	104.0	1528.0	1321.0	449.1916	388.339	yes
SN124_A938797_Rep2	CACCGTTAGGGATCAC-1	no	yes	no		unresolved	no	53.0	37.0	668.0	1342.0	196.3743	394.5125	yes
SN124_A938797_Rep2	CACCGTTGCGCGATAT-1	no	yes	no		unresolved	no	47.0	29.0	565.0	1208.0	166.0951	355.12	yes
SN124_A938797_Rep2	CACCTAATAGAGTCGT-1	yes	yes	yes	stroma desmoplastic_IC low	stroma	yes	17.0	25.0	515.0	538.0	151.3964	158.1578	yes
SN124_A938797_Rep2	CACCTAATCAGTTTAC-1	yes	yes	yes	stroma_fibroblastic_IC high	stroma	yes	20.0	72.0	1118.0	606.0	328.6624	178.148	yes
SN124_A938797_Rep2	CACCTCGATGGTGGAC-1	yes	yes	yes	stroma_fibroblastic_IC high	stroma	yes	18.0	70.0	1093.0	561.0	321.3131	164.9192	yes
SN124_A938797_Rep2	CACCTCTACGAGTGTG-1	no	yes	no		unresolved	no	0.0	118.0	1709.0	160.0	502.4008	47.0358	yes
SN124_A938797_Rep2	CACCTTGCGAAACTCG-1	yes	yes	yes	stroma_fibroblastic_IC high	stroma	yes	24.0	84.0	1272.0	695.0	373.9343	204.3116	yes
SN124_A938797_Rep2	CACCTTGGCGCCTTTG-1	no	yes	no		unresolved	no	43.0	103.0	1516.0	1120.0	445.6639	329.2504	yes
SN124_A938797_Rep2	CACGAAAGTTAGTCCC-1	no	yes	no		unresolved	no	33.0	29.0	566.0	895.0	166.389	263.1063	yes
SN124_A938797_Rep2	CACGACCACAGACTTT-1	no	yes	no		unresolved	no	1.0	99.0	1465.0	182.0	430.6712	53.5032	yes
SN124_A938797_Rep2	CACGACGTAATAGTAA-1	no	yes	no		unresolved	no	6.0	106.0	1555.0	293.0	457.1289	86.1342	yes
SN124_A938797_Rep2	CACGACTAAAGTTCTG-1	yes	yes	yes	stroma_fibroblastic_IC high	stroma	yes	3.0	49.0	823.0	225.0	241.9402	66.144	yes
SN124_A938797_Rep2	CACGAGCAAACCAGAC-1	no	yes	no		unresolved	no	74.0	22.0	475.0	1811.0	139.6374	532.3861	yes
SN124_A938797_Rep2	CACGATTGGTCGTTAA-1	yes	yes	yes	exclude	exclude	yes	0.0	50.0	836.0	158.0	245.7619	46.4478	yes
SN124_A938797_Rep2	CACGCACAGCGCAGCT-1	yes	yes	yes	stroma_fibroblastic_IC med	stroma	yes	24.0	72.0	1118.0	695.0	328.6624	204.3116	yes
SN124_A938797_Rep2	CACGCAGCGAGGCTTT-1	yes	yes	yes	stroma_fibroblastic_IC med	stroma	yes	31.0	43.0	745.0	851.0	219.0103	250.1715	yes
SN124_A938797_Rep2	CACGCGGAACTGTTGC-1	no	yes	no		unresolved	no	42.0	98.0	1451.0	1098.0	426.5556	322.7829	yes
SN124_A938797_Rep2	CACGGACGTGGATGGC-1	no	yes	no		unresolved	no	23.0	123.0	1773.0	674.0	521.2151	198.1382	yes
SN124_A938797_Rep2	CACGGCGCGCCAAAGG-1	yes	yes	yes	exclude	exclude	yes	15.0	103.0	1516.0	494.0	445.6639	145.2229	yes
SN124_A938797_Rep2	CACGGGATTGAGGGTT-1	no	yes	no		unresolved	no	31.0	11.0	335.0	850.0	98.4811	249.8775	yes
SN124_A938797_Rep2	CACGTCAATCAATGGA-1	no	yes	no		unresolved	no	62.0	116.0	1682.0	1545.0	494.4635	454.1891	yes
SN124_A938797_Rep2	CACGTCGGCAACCTCT-1	no	yes	no		unresolved	no	49.0	37.0	668.0	1253.0	196.3743	368.3488	yes
SN124_A938797_Rep2	CACGTCGGGTTCTAGA-1	no	yes	no		unresolved	no	15.0	1.0	207.0	493.0	60.8525	144.929	yes
SN124_A938797_Rep2	CACGTCTATGATGTGG-1	no	yes	no		unresolved	no	7.0	95.0	1414.0	316.0	415.6786	92.8956	yes
SN124_A938797_Rep2	CACGTTCGTGCTCTAG-1	yes	yes	yes	exclude	exclude	yes	37.0	81.0	1233.0	986.0	362.4694	289.8579	yes
SN124_A938797_Rep2	CACGTTTCGTACACAC-1	no	yes	no		unresolved	no	55.0	91.0	1361.0	1388.0	400.098	408.0353	yes
SN124_A938797_Rep2	CACTAAAGTTGCCTAT-1	yes	yes	yes	stroma_fibroblastic_IC med	stroma	yes	35.0	51.0	848.0	940.0	249.2896	276.3351	yes
SN124_A938797_Rep2	CACTACGGGAGCTGCC-1	no	yes	no		unresolved	no	59.0	107.0	1566.0	1478.0	460.3626	434.4929	yes
SN124_A938797_Rep2	CACTACTCAGTTCTGT-1	yes	yes	yes	exclude	exclude	yes	5.0	75.0	1157.0	271.0	340.1274	79.6668	yes
SN124_A938797_Rep2	CACTCAAGAGCTATGG-1	yes	yes	yes	stroma_fibroblastic_IC high	stroma	yes	39.0	57.0	925.0	1030.0	271.9255	302.7927	yes
SN124_A938797_Rep2	CACTCAGCTCTTGAGG-1	yes	yes	yes	stroma_fibroblastic_IC high	stroma	yes	11.0	71.0	1106.0	405.0	325.1347	119.0593	yes
SN124_A938797_Rep2	CACTCCTATGTAAGAT-1	no	yes	no		unresolved	no	56.0	36.0	655.0	1409.0	192.5527	414.2087	yes
SN124_A938797_Rep2	CACTCCTCTCGGTCGG-1	yes	yes	yes	stroma_fibroblastic_IC high	stroma	yes	15.0	87.0	1311.0	494.0	385.3993	145.2229	yes
SN124_A938797_Rep2	CACTCGAGCTGAACAA-1	yes	yes	yes	epitehlium&submucosa	other	yes	48.0	74.0	1143.0	1231.0	336.0118	361.8814	yes
SN124_A938797_Rep2	CACTCGGTTAGGAGGA-1	no	yes	no		unresolved	no	35.0	13.0	360.0	940.0	105.8305	276.3351	yes
SN124_A938797_Rep2	CACTCTCAAGCATCGA-1	no	yes	no		unresolved	no	69.0	47.0	796.0	1700.0	234.0029	499.755	yes
SN124_A938797_Rep2	CACTCTTCTGCTAGCC-1	no	yes	no		unresolved	no	59.0	101.0	1489.0	1478.0	437.7266	434.4929	yes
SN124_A938797_Rep2	CACTGACGATTGTGGA-1	no	yes	no		unresolved	no	65.0	51.0	847.0	1611.0	248.9956	473.5914	yes
SN124_A938797_Rep2	CACTGTCCAAGTGAGA-1	yes	yes	yes	stroma_fibroblastic_IC high	stroma	yes	19.0	43.0	746.0	583.0	219.3043	171.3866	yes
SN124_A938797_Rep2	CACTTAATCAGACGGA-1	yes	yes	yes	tumor&stroma_IC med to high	mixed	yes	34.0	48.0	810.0	918.0	238.1186	269.8677	yes
SN124_A938797_Rep2	CACTTCGCCACAGGCT-1	yes	yes	yes	stroma desmoplastic_IC med to high	stroma	yes	21.0	31.0	592.0	627.0	174.0323	184.3214	yes
SN124_A938797_Rep2	CACTTCGTCTTATCTC-1	no	yes	no		unresolved	no	14.0	14.0	374.0	471.0	109.9461	138.4615	yes
SN124_A938797_Rep2	CAGAACTTAGCCCTCT-1	no	yes	no		unresolved	no	53.0	85.0	1284.0	1343.0	377.462	394.8065	yes
SN124_A938797_Rep2	CAGAATAACACACGGA-1	no	yes	no		unresolved	no	55.0	111.0	1618.0	1388.0	475.6492	408.0353	yes
SN124_A938797_Rep2	CAGAATATTCGTTATC-1	no	yes	no		unresolved	no	50.0	124.0	1785.0	1277.0	524.7428	375.4042	yes
SN124_A938797_Rep2	CAGACACCGATCGCTG-1	no	yes	no		unresolved	no	53.0	51.0	848.0	1343.0	249.2896	394.8065	yes
SN124_A938797_Rep2	CAGACCTGTAAGTGTT-1	yes	yes	yes	tumor&stroma_IC med to high	mixed	yes	31.0	99.0	1465.0	852.0	430.6712	250.4655	yes
SN124_A938797_Rep2	CAGACGAACCTGATAC-1	yes	yes	yes	exclude	exclude	yes	50.0	50.0	835.0	1276.0	245.4679	375.1102	yes
SN124_A938797_Rep2	CAGAGACGGTCACCCA-1	no	yes	no		unresolved	no	51.0	57.0	925.0	1298.0	271.9255	381.5777	yes
SN124_A938797_Rep2	CAGAGCATGAGCTTGC-1	yes	yes	yes	stroma_fibroblastic_IC med	stroma	yes	26.0	70.0	1092.0	740.0	321.0191	217.5404	yes
SN124_A938797_Rep2	CAGAGCGATGGATGCT-1	no	yes	no		unresolved	no	70.0	124.0	1784.0	1724.0	524.4488	506.8104	yes
SN124_A938797_Rep2	CAGAGGCGATGCATGA-1	no	yes	no		unresolved	no	54.0	48.0	809.0	1365.0	237.8246	401.2739	yes
SN124_A938797_Rep2	CAGAGTGATTTAACGT-1	yes	yes	yes	tumor	tumor	yes	9.0	69.0	1080.0	360.0	317.4914	105.8305	yes
SN124_A938797_Rep2	CAGATAATGGGCGGGT-1	no	yes	no		unresolved	no	66.0	102.0	1502.0	1634.0	441.5483	480.3528	yes
SN124_A938797_Rep2	CAGATACTAACATAGT-1	yes	yes	yes	stroma_fibroblastic_IC high	stroma	yes	26.0	46.0	784.0	739.0	230.4753	217.2464	yes
SN124_A938797_Rep2	CAGATATGAAGATGAC-1	no	yes	no		unresolved	no	67.0	19.0	436.0	1655.0	128.1725	486.5262	yes
SN124_A938797_Rep2	CAGATCATTTAAAGTC-1	yes	yes	yes	tumor&stroma_IC med to high	mixed	yes	22.0	108.0	1580.0	651.0	464.4782	191.3768	yes
SN124_A938797_Rep2	CAGATCCTGGTTTGAA-1	no	yes	no		unresolved	no	55.0	17.0	411.0	1387.0	120.8231	407.7413	yes
SN124_A938797_Rep2	CAGATGTTTGTCCCAA-1	no	yes	no		unresolved	no	52.0	2.0	218.0	1319.0	64.0862	387.7511	yes
SN124_A938797_Rep2	CAGCAGCCCGTTCCTT-1	yes	yes	yes	stroma_fibroblastic_IC high	stroma	yes	28.0	78.0	1195.0	784.0	351.2984	230.4753	yes
SN124_A938797_Rep2	CAGCAGTCCAGACTAT-1	no	yes	no		unresolved	no	50.0	100.0	1477.0	1276.0	434.1989	375.1102	yes
SN124_A938797_Rep2	CAGCAGTCTGTGCTGC-1	no	yes	no		unresolved	no	62.0	74.0	1143.0	1544.0	336.0118	453.8951	yes
SN124_A938797_Rep2	CAGCCCTCACAGGCAG-1	yes	yes	yes	tumor	tumor	yes	3.0	63.0	1003.0	226.0	294.8555	66.438	yes
SN124_A938797_Rep2	CAGCCGGGCCCTCTAT-1	yes	yes	yes	exclude	exclude	yes	11.0	85.0	1285.0	405.0	377.756	119.0593	yes
SN124_A938797_Rep2	CAGCCTCCTGCAGAGG-1	yes	yes	yes	stroma_fibroblastic_IC high	stroma	yes	23.0	77.0	1182.0	673.0	347.4767	197.8442	yes
SN124_A938797_Rep2	CAGCCTCGATAGCGGT-1	no	yes	no		unresolved	no	63.0	123.0	1772.0	1567.0	520.9211	460.6565	yes
SN124_A938797_Rep2	CAGCCTCTCCTCAAGA-1	yes	yes	yes	tumor&stroma_IC med to high	mixed	yes	15.0	95.0	1414.0	494.0	415.6786	145.2229	yes
SN124_A938797_Rep2	CAGCGATTCCCTTCAA-1	no	yes	no		unresolved	no	53.0	43.0	745.0	1342.0	219.0103	394.5125	yes
SN124_A938797_Rep2	CAGCGCCAACACGATA-1	no	yes	no		unresolved	no	37.0	5.0	257.0	984.0	75.5512	289.27	yes
SN124_A938797_Rep2	CAGCTCACTGAGACAT-1	yes	yes	yes	stroma_fibroblastic_IC high	stroma	yes	33.0	59.0	951.0	896.0	279.5688	263.4003	yes
SN124_A938797_Rep2	CAGCTCGACAAGTTAA-1	yes	yes	yes	stroma_fibroblastic_IC high	stroma	yes	28.0	90.0	1349.0	785.0	396.5703	230.7692	yes
SN124_A938797_Rep2	CAGCTCGTGCTTGTGT-1	yes	yes	yes	stroma_fibroblastic_IC high	stroma	yes	14.0	42.0	733.0	471.0	215.4826	138.4615	yes
SN124_A938797_Rep2	CAGCTCTGGGCTCACT-1	no	yes	no		unresolved	no	73.0	35.0	642.0	1789.0	188.731	525.9187	yes
SN124_A938797_Rep2	CAGCTGGCGTAACCGT-1	no	yes	no		unresolved	no	48.0	22.0	475.0	1230.0	139.6374	361.5875	yes
SN124_A938797_Rep2	CAGCTTAGTAGGTAGC-1	no	yes	no		unresolved	no	32.0	28.0	553.0	873.0	162.5674	256.6389	yes
SN124_A938797_Rep2	CAGGAAGACTTTATAT-1	yes	yes	yes	stroma_fibroblastic_IC high	stroma	yes	13.0	85.0	1285.0	449.0	377.756	131.9941	yes
SN124_A938797_Rep2	CAGGACAGCTGCCCTT-1	no	yes	no		unresolved	no	35.0	127.0	1824.0	942.0	536.2077	276.9231	yes
SN124_A938797_Rep2	CAGGATATATCGTTGT-1	yes	yes	yes	stroma_fibroblastic_IC high	stroma	yes	44.0	60.0	963.0	1142.0	283.0965	335.7178	yes
SN124_A938797_Rep2	CAGGATCCGCCCGACC-1	yes	yes	yes	tumor	tumor	yes	1.0	49.0	823.0	181.0	241.9402	53.2092	yes
SN124_A938797_Rep2	CAGGCAGTCTTACCAG-1	no	yes	no		unresolved	no	65.0	85.0	1284.0	1611.0	377.462	473.5914	yes
SN124_A938797_Rep2	CAGGCCAGTACCACCT-1	no	yes	no		unresolved	no	71.0	17.0	410.0	1744.0	120.5292	512.6899	yes
SN124_A938797_Rep2	CAGGCCGTTTGGGTGT-1	yes	yes	yes	tumor	tumor	yes	39.0	43.0	745.0	1030.0	219.0103	302.7927	yes
SN124_A938797_Rep2	CAGGCGCACGGTGGTC-1	no	yes	no		unresolved	no	56.0	28.0	552.0	1409.0	162.2734	414.2087	yes
SN124_A938797_Rep2	CAGGCGCCATGCTAGG-1	yes	yes	yes	epitehlium&submucosa	other	yes	49.0	73.0	1130.0	1254.0	332.1901	368.6428	yes
SN124_A938797_Rep2	CAGGGAGATAGGCCAG-1	no	yes	no		unresolved	no	74.0	18.0	423.0	1811.0	124.3508	532.3861	yes
SN124_A938797_Rep2	CAGGGCTAACGAAACC-1	no	yes	no		unresolved	no	2.0	8.0	297.0	202.0	87.3101	59.3827	yes
SN124_A938797_Rep2	CAGGTTTAGTACTACA-1	no	yes	no		unresolved	no	13.0	125.0	1799.0	450.0	528.8584	132.2881	yes
SN124_A938797_Rep2	CAGTAACTATTTATTG-1	yes	yes	yes	tumor&stroma_IC med to high	mixed	yes	19.0	101.0	1491.0	584.0	438.3145	171.6805	yes
SN124_A938797_Rep2	CAGTAAGGGACGTCTC-1	no	yes	no		unresolved	no	64.0	4.0	244.0	1588.0	71.7295	466.83	yes
SN124_A938797_Rep2	CAGTAATCCCTCCCAG-1	yes	yes	yes	stroma desmoplastic_IC low	stroma	yes	21.0	25.0	515.0	627.0	151.3964	184.3214	yes
SN124_A938797_Rep2	CAGTACATTCTCTAAA-1	yes	yes	yes	tumor&stroma_IC med to high	mixed	yes	20.0	102.0	1503.0	606.0	441.8422	178.148	yes
SN124_A938797_Rep2	CAGTACCAGTTTACGT-1	no	yes	no		unresolved	no	48.0	18.0	424.0	1230.0	124.6448	361.5875	yes
SN124_A938797_Rep2	CAGTAGATGATGTCCG-1	no	yes	no		unresolved	no	17.0	1.0	207.0	537.0	60.8525	157.8638	yes
SN124_A938797_Rep2	CAGTAGCCCACGCGGT-1	yes	yes	yes	stroma_fibroblastic_IC high	stroma	yes	25.0	91.0	1362.0	718.0	400.392	211.073	yes
SN124_A938797_Rep2	CAGTAGCGAGGTAGTA-1	yes	yes	yes	stroma_fibroblastic_IC high	stroma	yes	4.0	30.0	579.0	247.0	170.2107	72.6115	yes
SN124_A938797_Rep2	CAGTCCAACGCCTTCT-1	no	yes	no		unresolved	no	8.0	120.0	1735.0	338.0	510.0441	99.3631	yes
SN124_A938797_Rep2	CAGTCGAGGATGCAAT-1	yes	yes	yes	tumor&stroma_IC med to high	mixed	yes	25.0	99.0	1465.0	718.0	430.6712	211.073	yes
SN124_A938797_Rep2	CAGTCGGCCTAGATAT-1	no	yes	no		unresolved	no	45.0	3.0	231.0	1163.0	67.9079	341.8912	yes
SN124_A938797_Rep2	CAGTCTCTCGGCTAAT-1	yes	yes	yes	stroma desmoplastic_IC med to high	stroma	yes	6.0	28.0	554.0	292.0	162.8613	85.8403	yes
SN124_A938797_Rep2	CAGTCTGTATACTGGG-1	yes	yes	yes	stroma_fibroblastic_IC high	stroma	yes	42.0	66.0	1041.0	1097.0	306.0265	322.489	yes
SN124_A938797_Rep2	CAGTGAATAAATGACT-1	yes	yes	yes	stroma_fibroblastic_IC high	stroma	yes	25.0	83.0	1259.0	718.0	370.1127	211.073	yes
SN124_A938797_Rep2	CAGTGGTTGCACATGA-1	yes	yes	yes	exclude	exclude	yes	16.0	22.0	476.0	515.0	139.9314	151.3964	yes
SN124_A938797_Rep2	CAGTGTCCGCAGAATG-1	yes	yes	yes	IC aggregate_stroma or muscularis	unresolved	yes	15.0	37.0	669.0	493.0	196.6683	144.929	yes
SN124_A938797_Rep2	CAGTGTCGGCTGGCCC-1	no	yes	no		unresolved	no	52.0	92.0	1374.0	1321.0	403.9196	388.339	yes
SN124_A938797_Rep2	CAGTGTTAATCTCTCA-1	no	yes	no		unresolved	no	70.0	16.0	398.0	1722.0	117.0015	506.2224	yes
SN124_A938797_Rep2	CAGTTCAAATTGACAC-1	yes	yes	yes	stroma_fibroblastic_IC high	stroma	yes	29.0	51.0	848.0	806.0	249.2896	236.9427	yes
SN124_A938797_Rep2	CAGTTCCGCGGGTCGA-1	no	yes	no		unresolved	no	26.0	26.0	527.0	739.0	154.9241	217.2464	yes
SN124_A938797_Rep2	CAGTTCGAGGACCCGA-1	no	yes	no		unresolved	no	69.0	49.0	821.0	1700.0	241.3523	499.755	yes
SN124_A938797_Rep2	CATAACGGACAGTCGT-1	yes	yes	yes	non neo epithelium	normal epithelium	yes	36.0	94.0	1400.0	964.0	411.563	283.3905	yes
SN124_A938797_Rep2	CATAAGAAGCTTGGCT-1	no	yes	no		unresolved	no	58.0	72.0	1117.0	1455.0	328.3684	427.7315	yes
SN124_A938797_Rep2	CATAAGCTCTCCGTCT-1	no	yes	no		unresolved	no	42.0	14.0	373.0	1096.0	109.6521	322.195	yes
SN124_A938797_Rep2	CATAATGAGCGGGCGA-1	yes	yes	yes	stroma_fibroblastic_IC high	stroma	yes	6.0	46.0	785.0	292.0	230.7692	85.8403	yes
SN124_A938797_Rep2	CATACAAAGCCGAACC-1	yes	yes	yes	stroma desmoplastic_IC low	stroma	yes	13.0	35.0	643.0	449.0	189.025	131.9941	yes
SN124_A938797_Rep2	CATACACAAAGTCAGC-1	no	yes	no		unresolved	no	56.0	0.0	193.0	1409.0	56.7369	414.2087	yes
SN124_A938797_Rep2	CATACACGGTTCCCAC-1	no	yes	no		unresolved	no	61.0	55.0	899.0	1521.0	264.2822	447.1338	yes
SN124_A938797_Rep2	CATACCCGTACCCAGT-1	no	yes	no		unresolved	no	37.0	31.0	591.0	985.0	173.7384	289.5639	yes
SN124_A938797_Rep2	CATACGAACTAGCTGG-1	no	yes	no		unresolved	no	65.0	31.0	590.0	1610.0	173.4444	473.2974	yes
SN124_A938797_Rep2	CATACGGCGTCTGGGC-1	yes	yes	yes	stroma_fibroblastic_IC med	stroma	yes	39.0	63.0	1002.0	1030.0	294.5615	302.7927	yes
SN124_A938797_Rep2	CATACGGGTGCATGAT-1	no	yes	no		unresolved	no	5.0	17.0	412.0	270.0	121.1171	79.3729	yes
SN124_A938797_Rep2	CATACTATGTAATTGT-1	yes	yes	yes	tumor	tumor	yes	36.0	48.0	810.0	963.0	238.1186	283.0965	yes
SN124_A938797_Rep2	CATACTTAGGCAATAC-1	no	yes	no		unresolved	no	37.0	113.0	1644.0	986.0	483.2925	289.8579	yes
SN124_A938797_Rep2	CATACTTCTTTCTCCG-1	no	yes	no		unresolved	no	68.0	52.0	860.0	1678.0	252.8172	493.2876	yes
SN124_A938797_Rep2	CATAGAGGAGATACTA-1	no	yes	no		unresolved	no	69.0	87.0	1309.0	1701.0	384.8114	500.049	yes
SN124_A938797_Rep2	CATAGCCGCCCGGGAT-1	yes	yes	yes	exclude	exclude	yes	26.0	22.0	476.0	739.0	139.9314	217.2464	yes
SN124_A938797_Rep2	CATAGCGTTGCCCACC-1	no	yes	no		unresolved	no	54.0	42.0	732.0	1365.0	215.1886	401.2739	yes
SN124_A938797_Rep2	CATAGGGACACTTGTG-1	no	yes	no		unresolved	no	75.0	21.0	462.0	1834.0	135.8158	539.1475	yes
SN124_A938797_Rep2	CATAGTACATTGAGAG-1	yes	yes	yes	stroma_fibroblastic_IC high	stroma	yes	15.0	77.0	1183.0	494.0	347.7707	145.2229	yes
SN124_A938797_Rep2	CATAGTAGCATAGTAG-1	yes	yes	yes	stroma_fibroblastic_IC high	stroma	yes	19.0	45.0	772.0	583.0	226.9476	171.3866	yes
SN124_A938797_Rep2	CATAGTCAAATACATA-1	no	yes	no		unresolved	no	65.0	93.0	1387.0	1611.0	407.7413	473.5914	yes
SN124_A938797_Rep2	CATAGTCCACAAGAAC-1	no	yes	no		unresolved	no	45.0	31.0	591.0	1164.0	173.7384	342.1852	yes
SN124_A938797_Rep2	CATAGTGGGCACGCCT-1	no	yes	no		unresolved	no	71.0	125.0	1797.0	1746.0	528.2705	513.2778	yes
SN124_A938797_Rep2	CATATACTACTGATAA-1	yes	yes	yes	tumor&stroma_IC med to high	mixed	yes	18.0	102.0	1503.0	561.0	441.8422	164.9192	yes
SN124_A938797_Rep2	CATATAGGTACAGTCA-1	yes	yes	yes	stroma_fibroblastic_IC high	stroma	yes	43.0	55.0	899.0	1119.0	264.2822	328.9564	yes
SN124_A938797_Rep2	CATATGTCAGGCTACG-1	no	yes	no		unresolved	no	48.0	24.0	501.0	1230.0	147.2807	361.5875	yes
SN124_A938797_Rep2	CATATTATTTGCCCTA-1	yes	yes	yes	exclude	exclude	yes	9.0	79.0	1208.0	360.0	355.12	105.8305	yes
SN124_A938797_Rep2	CATCAAACTGGCGCCC-1	no	yes	no		unresolved	no	15.0	117.0	1696.0	495.0	498.5791	145.5169	yes
SN124_A938797_Rep2	CATCAACACCTACTAA-1	no	yes	no		unresolved	no	15.0	7.0	284.0	493.0	83.4885	144.929	yes
SN124_A938797_Rep2	CATCATCTACCCGGAC-1	yes	yes	yes	stroma_fibroblastic_IC high	stroma	yes	11.0	69.0	1080.0	405.0	317.4914	119.0593	yes
SN124_A938797_Rep2	CATCATTACCCTGAGG-1	no	yes	no		unresolved	no	52.0	94.0	1400.0	1321.0	411.563	388.339	yes
SN124_A938797_Rep2	CATCCAATATAGTTTG-1	no	yes	no		unresolved	no	66.0	18.0	423.0	1633.0	124.3508	480.0588	yes
SN124_A938797_Rep2	CATCCCGAGATTCATA-1	no	yes	no		unresolved	no	69.0	115.0	1669.0	1701.0	490.6418	500.049	yes
SN124_A938797_Rep2	CATCCGCAGGCCCGAA-1	no	yes	no		unresolved	no	15.0	15.0	386.0	493.0	113.4738	144.929	yes
SN124_A938797_Rep2	CATCCTCTCAAAGATC-1	no	yes	no		unresolved	no	54.0	92.0	1374.0	1366.0	403.9196	401.5679	yes
SN124_A938797_Rep2	CATCGAATGGATCTCT-1	no	yes	no		unresolved	no	3.0	19.0	438.0	225.0	128.7604	66.144	yes
SN124_A938797_Rep2	CATCGCCCGCGGCCAA-1	yes	yes	yes	stroma_fibroblastic_IC high	stroma	yes	14.0	44.0	759.0	471.0	223.1259	138.4615	yes
SN124_A938797_Rep2	CATCGGACGGGTTAAT-1	yes	yes	yes	stroma_fibroblastic_IC high	stroma	yes	42.0	58.0	938.0	1097.0	275.7472	322.489	yes
SN124_A938797_Rep2	CATCGTCCGGTTACTA-1	no	yes	no		unresolved	no	23.0	11.0	335.0	672.0	98.4811	197.5502	yes
SN124_A938797_Rep2	CATCTACCCGAGAACG-1	no	yes	no		unresolved	no	6.0	112.0	1632.0	294.0	479.7648	86.4282	yes
SN124_A938797_Rep2	CATCTAGTGAAGGGAA-1	no	yes	no		unresolved	no	45.0	121.0	1747.0	1165.0	513.5718	342.4792	yes
SN124_A938797_Rep2	CATCTATCCCGTGTCT-1	yes	yes	yes	exclude	exclude	yes	18.0	100.0	1478.0	561.0	434.4929	164.9192	yes
SN124_A938797_Rep2	CATCTGCAGGATCATT-1	no	yes	no		unresolved	no	28.0	8.0	296.0	783.0	87.0162	230.1813	yes
SN124_A938797_Rep2	CATCTTACACCACCTC-1	yes	yes	yes	non neo epithelium	normal epithelium	yes	37.0	99.0	1464.0	986.0	430.3773	289.8579	yes
SN124_A938797_Rep2	CATGAACCGACATTTG-1	yes	yes	yes	stroma_fibroblastic_IC med	stroma	yes	11.0	43.0	746.0	404.0	219.3043	118.7653	yes
SN124_A938797_Rep2	CATGAACCTCTTATCA-1	yes	yes	yes	exclude	exclude	yes	5.0	69.0	1080.0	270.0	317.4914	79.3729	yes
SN124_A938797_Rep2	CATGACTTCGCTGAAT-1	no	yes	no		unresolved	no	40.0	106.0	1554.0	1053.0	456.8349	309.5541	yes
SN124_A938797_Rep2	CATGAGATGCACTCTC-1	no	yes	no		unresolved	no	59.0	79.0	1207.0	1477.0	354.8261	434.1989	yes
SN124_A938797_Rep2	CATGAGTCCATCACGG-1	no	yes	no		unresolved	no	75.0	33.0	616.0	1834.0	181.0877	539.1475	yes
SN124_A938797_Rep2	CATGATACGGTGAAAC-1	no	yes	no		unresolved	no	76.0	76.0	1168.0	1857.0	343.3611	545.9089	yes
SN124_A938797_Rep2	CATGATCGCTTTGAGA-1	no	yes	no		unresolved	no	66.0	116.0	1682.0	1634.0	494.4635	480.3528	yes
SN124_A938797_Rep2	CATGATGCACAATTCT-1	yes	yes	yes	stroma_fibroblastic_IC high	stroma	yes	21.0	69.0	1080.0	628.0	317.4914	184.6154	yes
SN124_A938797_Rep2	CATGATGGAAGTTAGC-1	no	yes	no		unresolved	no	45.0	103.0	1516.0	1165.0	445.6639	342.4792	yes
SN124_A938797_Rep2	CATGCACATGAGAGGC-1	no	yes	no		unresolved	no	73.0	21.0	462.0	1789.0	135.8158	525.9187	yes
SN124_A938797_Rep2	CATGCACGTGTTACTG-1	no	yes	no		unresolved	no	3.0	91.0	1363.0	226.0	400.6859	66.438	yes
SN124_A938797_Rep2	CATGCATGGAGACCCT-1	yes	yes	yes	tumor&stroma_IC med to high	mixed	yes	6.0	70.0	1093.0	293.0	321.3131	86.1342	yes
SN124_A938797_Rep2	CATGCCAACTCGCAAA-1	no	yes	no		unresolved	no	43.0	21.0	463.0	1119.0	136.1097	328.9564	yes
SN124_A938797_Rep2	CATGCGACCAGTTTAA-1	yes	yes	yes	tumor&stroma_IC med to high	mixed	yes	26.0	98.0	1452.0	740.0	426.8496	217.5404	yes
SN124_A938797_Rep2	CATGCGTTAGACAGAA-1	yes	yes	yes	tumor&stroma_IC med to high	mixed	yes	15.0	63.0	1003.0	494.0	294.8555	145.2229	yes
SN124_A938797_Rep2	CATGCGTTGAGAGGAG-1	no	yes	no		unresolved	no	72.0	46.0	783.0	1767.0	230.1813	519.4512	yes
SN124_A938797_Rep2	CATGCTGGCTCCAATT-1	yes	yes	yes	tumor&stroma_IC med to high	mixed	yes	12.0	60.0	964.0	427.0	283.3905	125.5267	yes
SN124_A938797_Rep2	CATGGAAATGGGACCA-1	no	yes	no		unresolved	no	6.0	104.0	1529.0	293.0	449.4855	86.1342	yes
SN124_A938797_Rep2	CATGGATTGTCTTCCG-1	no	yes	no		unresolved	no	55.0	101.0	1490.0	1388.0	438.0206	408.0353	yes
SN124_A938797_Rep2	CATGGCAGGAAGATCG-1	yes	yes	yes	tumor&stroma_IC med to high	mixed	yes	17.0	57.0	926.0	538.0	272.2195	158.1578	yes
SN124_A938797_Rep2	CATGGCTCCCTATGTC-1	no	yes	no		unresolved	no	23.0	1.0	206.0	672.0	60.5585	197.5502	yes
SN124_A938797_Rep2	CATGGGTATGCCTTAT-1	no	yes	no		unresolved	no	56.0	82.0	1246.0	1410.0	366.291	414.5027	yes
SN124_A938797_Rep2	CATGGGTCGGGTGTGG-1	yes	yes	yes	stroma_fibroblastic_IC high	stroma	yes	21.0	85.0	1285.0	628.0	377.756	184.6154	yes
SN124_A938797_Rep2	CATGGTAAGTAGCGTT-1	yes	yes	yes	epitehlium&submucosa	other	yes	45.0	73.0	1130.0	1164.0	332.1901	342.1852	yes
SN124_A938797_Rep2	CATGGTATTAGTTTGT-1	no	yes	no		unresolved	no	59.0	7.0	282.0	1476.0	82.9005	433.9049	yes
SN124_A938797_Rep2	CATGGTCTAGATACCG-1	yes	yes	yes	stroma_fibroblastic_IC med	stroma	yes	26.0	66.0	1041.0	740.0	306.0265	217.5404	yes
SN124_A938797_Rep2	CATGGTTTATTAATCA-1	no	yes	no		unresolved	no	69.0	103.0	1515.0	1701.0	445.3699	500.049	yes
SN124_A938797_Rep2	CATGTAAGAGACATTT-1	no	yes	no		unresolved	no	54.0	90.0	1348.0	1366.0	396.2763	401.5679	yes
SN124_A938797_Rep2	CATGTAGGAGCGCCAA-1	no	yes	no		unresolved	no	15.0	111.0	1619.0	495.0	475.9432	145.5169	yes
SN124_A938797_Rep2	CATGTCTCATTTATGG-1	no	yes	no		unresolved	no	49.0	85.0	1284.0	1254.0	377.462	368.6428	yes
SN124_A938797_Rep2	CATGTGGGCTCATCAC-1	no	yes	no		unresolved	no	76.0	90.0	1348.0	1857.0	396.2763	545.9089	yes
SN124_A938797_Rep2	CATTACATAGATTGTG-1	no	yes	no		unresolved	no	27.0	117.0	1696.0	763.0	498.5791	224.3018	yes
SN124_A938797_Rep2	CATTACGCAGGAAGGG-1	no	yes	no		unresolved	no	71.0	101.0	1489.0	1746.0	437.7266	513.2778	yes
SN124_A938797_Rep2	CATTACGTCGGCCCGT-1	yes	yes	yes	tumor	tumor	yes	19.0	65.0	1028.0	583.0	302.2048	171.3866	yes
SN124_A938797_Rep2	CATTATAACAGGGTCC-1	no	yes	no		unresolved	no	1.0	65.0	1029.0	181.0	302.4988	53.2092	yes
SN124_A938797_Rep2	CATTATCCCATTAACG-1	no	yes	no		unresolved	no	67.0	31.0	590.0	1655.0	173.4444	486.5262	yes
SN124_A938797_Rep2	CATTATGCTTGTTGTG-1	yes	yes	yes	stroma_fibroblastic_IC high	stroma	yes	26.0	52.0	861.0	739.0	253.1112	217.2464	yes
SN124_A938797_Rep2	CATTCACTGACAGCTA-1	yes	yes	yes	tumor&stroma_IC med to high	mixed	yes	5.0	67.0	1054.0	270.0	309.8481	79.3729	yes
SN124_A938797_Rep2	CATTCAGGTCAGTGCG-1	no	yes	no		unresolved	no	5.0	21.0	464.0	270.0	136.4037	79.3729	yes
SN124_A938797_Rep2	CATTCCCATTCCGTCG-1	no	yes	no		unresolved	no	32.0	118.0	1709.0	875.0	502.4008	257.2268	yes
SN124_A938797_Rep2	CATTCCCTAAGTACAA-1	no	yes	no		unresolved	no	12.0	18.0	425.0	426.0	124.9388	125.2327	yes
SN124_A938797_Rep2	CATTCGTCGTAGCGGT-1	no	yes	no		unresolved	no	62.0	122.0	1759.0	1545.0	517.0995	454.1891	yes
SN124_A938797_Rep2	CATTGATGAACACGCC-1	no	yes	no		unresolved	no	23.0	119.0	1722.0	673.0	506.2224	197.8442	yes
SN124_A938797_Rep2	CATTGCAAAGCATAAT-1	no	yes	no		unresolved	no	1.0	83.0	1260.0	181.0	370.4067	53.2092	yes
SN124_A938797_Rep2	CATTGCGAAATGGGCG-1	no	yes	no		unresolved	no	36.0	12.0	347.0	962.0	102.0088	282.8025	yes
SN124_A938797_Rep2	CATTGCGGGTCAATTC-1	no	yes	no		unresolved	no	25.0	115.0	1670.0	718.0	490.9358	211.073	yes
SN124_A938797_Rep2	CATTGTGTGCTAGATC-1	no	yes	no		unresolved	no	13.0	15.0	386.0	448.0	113.4738	131.7001	yes
SN124_A938797_Rep2	CATTTAGCGGACCATG-1	yes	yes	yes	stroma_fibroblastic_IC high	stroma	yes	25.0	85.0	1285.0	718.0	377.756	211.073	yes
SN124_A938797_Rep2	CATTTATCGTTCAAGA-1	no	yes	no		unresolved	no	5.0	77.0	1183.0	271.0	347.7707	79.6668	yes
SN124_A938797_Rep2	CATTTCTAGCAGACTA-1	yes	yes	yes	stroma desmoplastic_IC low	stroma	yes	16.0	26.0	528.0	516.0	155.218	151.6903	yes
SN124_A938797_Rep2	CATTTGAGTGGTACGT-1	yes	yes	yes	exclude	exclude	yes	50.0	48.0	809.0	1276.0	237.8246	375.1102	yes
SN124_A938797_Rep2	CCAAACAGAACCCTCG-1	yes	yes	yes	tumor&stroma_IC med to high	mixed	yes	22.0	48.0	810.0	650.0	238.1186	191.0828	yes
SN124_A938797_Rep2	CCAAAGCAGTTGGTTG-1	no	yes	no		unresolved	no	10.0	10.0	322.0	381.0	94.6595	112.0039	yes
SN124_A938797_Rep2	CCAAAGTCCCGCTAAC-1	yes	yes	yes	stroma_fibroblastic_IC high	stroma	yes	3.0	37.0	669.0	225.0	196.6683	66.144	yes
SN124_A938797_Rep2	CCAAATAACAAGATTC-1	no	yes	no		unresolved	no	51.0	113.0	1644.0	1299.0	483.2925	381.8716	yes
SN124_A938797_Rep2	CCAAATCAAAGGGCAA-1	no	yes	no		unresolved	no	72.0	22.0	475.0	1767.0	139.6374	519.4512	yes
SN124_A938797_Rep2	CCAACCTTATGTAACT-1	no	yes	no		unresolved	no	67.0	41.0	719.0	1655.0	211.367	486.5262	yes
SN124_A938797_Rep2	CCAACGATGCACTGAT-1	yes	yes	yes	stroma_fibroblastic_IC med	stroma	yes	31.0	37.0	668.0	851.0	196.3743	250.1715	yes
SN124_A938797_Rep2	CCAACGCTTGCCAGGG-1	no	yes	no		unresolved	no	10.0	100.0	1478.0	383.0	434.4929	112.5919	yes
SN124_A938797_Rep2	CCAACTTGATAGATCC-1	no	yes	no		unresolved	no	47.0	123.0	1772.0	1210.0	520.9211	355.708	yes
SN124_A938797_Rep2	CCAAGAAAGTGGGCGA-1	no	yes	no		unresolved	no	52.0	52.0	860.0	1320.0	252.8172	388.0451	yes
SN124_A938797_Rep2	CCAAGACTTCTGCGAA-1	yes	yes	yes	stroma_fibroblastic_IC med	stroma	yes	20.0	62.0	990.0	605.0	291.0338	177.854	yes
SN124_A938797_Rep2	CCAAGCGTAACTCGTA-1	yes	yes	yes	tumor&stroma_IC med to high	mixed	yes	33.0	71.0	1105.0	896.0	324.8408	263.4003	yes
SN124_A938797_Rep2	CCAAGCTTGATCTCCT-1	no	yes	no		unresolved	no	0.0	18.0	425.0	158.0	124.9388	46.4478	yes
SN124_A938797_Rep2	CCAAGGAACAGAGAGG-1	yes	yes	yes	tumor&stroma_IC med to high	mixed	yes	14.0	48.0	810.0	471.0	238.1186	138.4615	yes
SN124_A938797_Rep2	CCAAGGTTGCCCTTTC-1	no	yes	no		unresolved	no	69.0	109.0	1592.0	1701.0	468.0059	500.049	yes
SN124_A938797_Rep2	CCAAGTTTCTACAGAT-1	no	yes	no		unresolved	no	14.0	8.0	297.0	471.0	87.3101	138.4615	yes
SN124_A938797_Rep2	CCAATAGATTTCATCT-1	no	yes	no		unresolved	no	28.0	0.0	193.0	783.0	56.7369	230.1813	yes
SN124_A938797_Rep2	CCAATAGTGCCGTCGA-1	yes	yes	yes	tumor	tumor	yes	34.0	42.0	733.0	918.0	215.4826	269.8677	yes
SN124_A938797_Rep2	CCAATCGGTAGATCGA-1	yes	yes	yes	stroma_fibroblastic_IC high	stroma	yes	14.0	84.0	1272.0	472.0	373.9343	138.7555	yes
SN124_A938797_Rep2	CCAATGTCACAGCAAG-1	yes	yes	yes	exclude	exclude	yes	37.0	49.0	822.0	985.0	241.6462	289.5639	yes
SN124_A938797_Rep2	CCAATTACGGGTCGAG-1	yes	yes	yes	stroma_fibroblastic_IC high	stroma	yes	19.0	93.0	1388.0	584.0	408.0353	171.6805	yes
SN124_A938797_Rep2	CCAATTGAATGTTAAT-1	yes	yes	yes	stroma_fibroblastic_IC high	stroma	yes	20.0	46.0	784.0	605.0	230.4753	177.854	yes
SN124_A938797_Rep2	CCACAATGTACGTCTT-1	yes	yes	yes	stroma_fibroblastic_IC high	stroma	yes	29.0	85.0	1285.0	807.0	377.756	237.2366	yes
SN124_A938797_Rep2	CCACACTGAGATATTA-1	yes	yes	yes	stroma_fibroblastic_IC high	stroma	yes	39.0	49.0	822.0	1030.0	241.6462	302.7927	yes
SN124_A938797_Rep2	CCACAGCTGAAATCAT-1	yes	yes	yes	stroma desmoplastic_IC med to high	stroma	yes	8.0	28.0	554.0	337.0	162.8613	99.0691	yes
SN124_A938797_Rep2	CCACAGTACCCATCCT-1	no	yes	no		unresolved	no	48.0	92.0	1374.0	1232.0	403.9196	362.1754	yes
SN124_A938797_Rep2	CCACATACTGCACCCA-1	no	yes	no		unresolved	no	52.0	118.0	1708.0	1321.0	502.1068	388.339	yes
SN124_A938797_Rep2	CCACATGGCTCTTTAT-1	no	yes	no		unresolved	no	55.0	5.0	257.0	1387.0	75.5512	407.7413	yes
SN124_A938797_Rep2	CCACCAACTTTACTGT-1	no	yes	no		unresolved	no	52.0	40.0	706.0	1320.0	207.5453	388.0451	yes
SN124_A938797_Rep2	CCACCCAAGGAAAGTG-1	yes	yes	yes	tumor&stroma_IC med to high	mixed	yes	37.0	75.0	1156.0	986.0	339.8334	289.8579	yes
SN124_A938797_Rep2	CCACCTGTATGGAATA-1	no	yes	no		unresolved	no	61.0	123.0	1772.0	1523.0	520.9211	447.7217	yes
SN124_A938797_Rep2	CCACGAATTTAACCTC-1	no	yes	no		unresolved	no	41.0	109.0	1593.0	1075.0	468.2998	316.0216	yes
SN124_A938797_Rep2	CCACGAGAAGAGAATC-1	yes	yes	yes	exclude	exclude	yes	17.0	75.0	1157.0	539.0	340.1274	158.4517	yes
SN124_A938797_Rep2	CCACGGAGCCATAAGA-1	no	yes	no		unresolved	no	47.0	27.0	540.0	1208.0	158.7457	355.12	yes
SN124_A938797_Rep2	CCACGGCAGGTGTAGG-1	no	yes	no		unresolved	no	71.0	31.0	590.0	1744.0	173.4444	512.6899	yes
SN124_A938797_Rep2	CCACGGTGCCCGGTAG-1	no	yes	no		unresolved	no	35.0	107.0	1567.0	941.0	460.6565	276.6291	yes
SN124_A938797_Rep2	CCACGTAAATTAGACT-1	no	yes	no		unresolved	no	34.0	122.0	1760.0	919.0	517.3934	270.1617	yes
SN124_A938797_Rep2	CCACTAAACTGAATCG-1	no	yes	no		unresolved	no	4.0	18.0	425.0	247.0	124.9388	72.6115	yes
SN124_A938797_Rep2	CCACTATCCGGGTCAC-1	no	yes	no		unresolved	no	30.0	116.0	1683.0	830.0	494.7575	243.998	yes
SN124_A938797_Rep2	CCACTCAGATCCGCAA-1	no	yes	no		unresolved	no	72.0	80.0	1219.0	1768.0	358.3537	519.7452	yes
SN124_A938797_Rep2	CCACTGGTGGCTGGTT-1	no	yes	no		unresolved	no	39.0	21.0	463.0	1029.0	136.1097	302.4988	yes
SN124_A938797_Rep2	CCACTGTTTGGATTAA-1	no	yes	no		unresolved	no	58.0	106.0	1554.0	1455.0	456.8349	427.7315	yes
SN124_A938797_Rep2	CCACTTTCCTTCTAGG-1	no	yes	no		unresolved	no	77.0	113.0	1643.0	1880.0	482.9985	552.6703	yes
SN124_A938797_Rep2	CCAGAAACTGATGCGA-1	no	yes	no		unresolved	no	69.0	117.0	1695.0	1701.0	498.2852	500.049	yes
SN124_A938797_Rep2	CCAGAAAGCAACTCAT-1	no	yes	no		unresolved	no	52.0	36.0	655.0	1320.0	192.5527	388.0451	yes
SN124_A938797_Rep2	CCAGAGACAAAGCCGG-1	yes	yes	yes	exclude	exclude	yes	23.0	21.0	463.0	672.0	136.1097	197.5502	yes
SN124_A938797_Rep2	CCAGATAGTTGAGTGA-1	yes	yes	yes	stroma_fibroblastic_IC high	stroma	yes	28.0	84.0	1272.0	785.0	373.9343	230.7692	yes
SN124_A938797_Rep2	CCAGATGTAAATGGGT-1	no	yes	no		unresolved	no	19.0	123.0	1773.0	584.0	521.2151	171.6805	yes
SN124_A938797_Rep2	CCAGCCTGGACCAATA-1	yes	yes	yes	stroma_fibroblastic_IC high	stroma	yes	37.0	65.0	1028.0	985.0	302.2048	289.5639	yes
SN124_A938797_Rep2	CCAGCGGGATCACCAG-1	no	yes	no		unresolved	no	32.0	124.0	1786.0	875.0	525.0367	257.2268	yes
SN124_A938797_Rep2	CCAGCTACGCCTCATA-1	yes	yes	yes	stroma_fibroblastic_IC high	stroma	yes	9.0	35.0	643.0	359.0	189.025	105.5365	yes
SN124_A938797_Rep2	CCAGCTCGAACGCATT-1	no	yes	no		unresolved	no	63.0	65.0	1027.0	1566.0	301.9108	460.3626	yes
SN124_A938797_Rep2	CCAGCTGATGGTACTT-1	no	yes	no		unresolved	no	37.0	21.0	463.0	985.0	136.1097	289.5639	yes
SN124_A938797_Rep2	CCAGCTTCCGCCCGCA-1	no	yes	no		unresolved	no	29.0	17.0	412.0	806.0	121.1171	236.9427	yes
SN124_A938797_Rep2	CCAGGCGAGATGGTCT-1	no	yes	no		unresolved	no	76.0	16.0	397.0	1856.0	116.7075	545.6149	yes
SN124_A938797_Rep2	CCAGGCTGGCGTCTGA-1	no	yes	no		unresolved	no	56.0	122.0	1759.0	1411.0	517.0995	414.7967	yes
SN124_A938797_Rep2	CCAGGGACGTGGCCTC-1	yes	yes	yes	stroma_fibroblastic_IC high	stroma	yes	27.0	53.0	874.0	762.0	256.9329	224.0078	yes
SN124_A938797_Rep2	CCAGTAGTCTGATCCA-1	yes	yes	yes	stroma_fibroblastic_IC high	stroma	yes	27.0	91.0	1362.0	762.0	400.392	224.0078	yes
SN124_A938797_Rep2	CCAGTCAAATCTCTTA-1	no	yes	no		unresolved	no	42.0	8.0	296.0	1096.0	87.0162	322.195	yes
SN124_A938797_Rep2	CCAGTCCATTATTCGA-1	no	yes	no		unresolved	no	10.0	22.0	476.0	381.0	139.9314	112.0039	yes
SN124_A938797_Rep2	CCAGTCTAGACGGCGC-1	yes	yes	yes	stroma_fibroblastic_IC high	stroma	yes	24.0	86.0	1298.0	695.0	381.5777	204.3116	yes
SN124_A938797_Rep2	CCAGTCTTGTCATAGA-1	no	yes	no		unresolved	no	59.0	59.0	950.0	1477.0	279.2749	434.1989	yes
SN124_A938797_Rep2	CCAGTGAGCTCCTTGT-1	no	yes	no		unresolved	no	0.0	12.0	348.0	158.0	102.3028	46.4478	yes
SN124_A938797_Rep2	CCAGTGTACAGACCGA-1	no	yes	no		unresolved	no	72.0	18.0	423.0	1767.0	124.3508	519.4512	yes
SN124_A938797_Rep2	CCAGTTCGGTAACTCA-1	no	yes	no		unresolved	no	73.0	89.0	1335.0	1790.0	392.4547	526.2126	yes
SN124_A938797_Rep2	CCATAAACAACCCGAC-1	yes	yes	yes	stroma_fibroblastic_IC high	stroma	yes	14.0	76.0	1170.0	472.0	343.949	138.7555	yes
SN124_A938797_Rep2	CCATAACCTGTGCAGT-1	no	yes	no		unresolved	no	51.0	5.0	257.0	1297.0	75.5512	381.2837	yes
SN124_A938797_Rep2	CCATACCTTTACTTGT-1	yes	yes	yes	tumor&stroma_IC med to high	mixed	yes	30.0	102.0	1503.0	830.0	441.8422	243.998	yes
SN124_A938797_Rep2	CCATACTCGCCTCTCC-1	no	yes	no		unresolved	no	32.0	0.0	193.0	873.0	56.7369	256.6389	yes
SN124_A938797_Rep2	CCATAGAGGCTGCCAG-1	no	yes	no		unresolved	no	60.0	4.0	244.0	1498.0	71.7295	440.3724	yes
SN124_A938797_Rep2	CCATAGGTTGGCGTGG-1	yes	yes	yes	stroma_fibroblastic_IC med	stroma	yes	18.0	62.0	990.0	561.0	291.0338	164.9192	yes
SN124_A938797_Rep2	CCATAGTCAGTAACCC-1	no	yes	no		unresolved	no	15.0	17.0	412.0	493.0	121.1171	144.929	yes
SN124_A938797_Rep2	CCATATGGAAACTATA-1	no	yes	no		unresolved	no	53.0	103.0	1515.0	1343.0	445.3699	394.8065	yes
SN124_A938797_Rep2	CCATATTGGATCATGA-1	no	yes	no		unresolved	no	11.0	11.0	335.0	404.0	98.4811	118.7653	yes
SN124_A938797_Rep2	CCATCATAAGAACAGG-1	no	yes	no		unresolved	no	1.0	109.0	1594.0	182.0	468.5938	53.5032	yes
SN124_A938797_Rep2	CCATCCATACCAAGTC-1	yes	yes	yes	stroma_fibroblastic_IC high	stroma	yes	14.0	38.0	682.0	471.0	200.49	138.4615	yes
SN124_A938797_Rep2	CCATCGCAGTTAAACT-1	no	yes	no		unresolved	no	50.0	62.0	989.0	1276.0	290.7398	375.1102	yes
SN124_A938797_Rep2	CCATCTCACCAGTGAA-1	yes	yes	yes	epitehlium&submucosa	other	yes	38.0	98.0	1452.0	1008.0	426.8496	296.3253	yes
SN124_A938797_Rep2	CCATCTTGTTCACAAT-1	yes	yes	yes	stroma_fibroblastic_IC high	stroma	yes	7.0	41.0	720.0	315.0	211.6609	92.6017	yes
SN124_A938797_Rep2	CCATGCCCTAGATTTC-1	no	yes	no		unresolved	no	56.0	98.0	1451.0	1410.0	426.5556	414.5027	yes
SN124_A938797_Rep2	CCATGCCTGTTTAGTA-1	yes	yes	yes	stroma_fibroblastic_IC med	stroma	yes	35.0	53.0	874.0	940.0	256.9329	276.3351	yes
SN124_A938797_Rep2	CCATGCTCTGCAGGAA-1	yes	yes	yes	stroma_fibroblastic_IC high	stroma	yes	21.0	43.0	746.0	628.0	219.3043	184.6154	yes
SN124_A938797_Rep2	CCATGGCAAACGCTCA-1	no	yes	no		unresolved	no	74.0	40.0	706.0	1812.0	207.5453	532.6801	yes
SN124_A938797_Rep2	CCATGGCCCTTGTACC-1	no	yes	no		unresolved	no	32.0	22.0	476.0	873.0	139.9314	256.6389	yes
SN124_A938797_Rep2	CCATGTTCATCTATAT-1	no	yes	no		unresolved	no	68.0	28.0	552.0	1677.0	162.2734	492.9936	yes
SN124_A938797_Rep2	CCATTAGCGATAATCC-1	yes	yes	yes	stroma_fibroblastic_IC high	stroma	yes	32.0	42.0	733.0	873.0	215.4826	256.6389	yes
SN124_A938797_Rep2	CCATTCCCTGCCCACA-1	yes	yes	yes	stroma_fibroblastic_IC high	stroma	yes	33.0	39.0	694.0	896.0	204.0176	263.4003	yes
SN124_A938797_Rep2	CCATTGTTTCCTCCAT-1	no	yes	no		unresolved	no	29.0	123.0	1773.0	808.0	521.2151	237.5306	yes
SN124_A938797_Rep2	CCATTTCTACCTATTA-1	no	yes	no		unresolved	no	55.0	71.0	1104.0	1388.0	324.5468	408.0353	yes
SN124_A938797_Rep2	CCCAAACATGCTGCTC-1	yes	yes	yes	tumor	tumor	yes	34.0	88.0	1323.0	919.0	388.927	270.1617	yes
SN124_A938797_Rep2	CCCAACATACGTCGCG-1	no	yes	no		unresolved	no	43.0	35.0	642.0	1119.0	188.731	328.9564	yes
SN124_A938797_Rep2	CCCAACCACACTAACA-1	yes	yes	yes	stroma_fibroblastic_IC high	stroma	yes	8.0	66.0	1041.0	337.0	306.0265	99.0691	yes
SN124_A938797_Rep2	CCCAAGAATGCACGGT-1	no	yes	no		unresolved	no	2.0	88.0	1324.0	204.0	389.221	59.9706	yes
SN124_A938797_Rep2	CCCAAGACAGAGTATG-1	yes	yes	yes	tumor&stroma_IC med to high	mixed	yes	4.0	50.0	836.0	248.0	245.7619	72.9054	yes
SN124_A938797_Rep2	CCCAAGTCATTACACT-1	no	yes	no		unresolved	no	68.0	96.0	1425.0	1679.0	418.9123	493.5816	yes
SN124_A938797_Rep2	CCCAATGAGATTTGCA-1	no	yes	no		unresolved	no	60.0	40.0	706.0	1499.0	207.5453	440.6663	yes
SN124_A938797_Rep2	CCCAATTTCACAACTT-1	no	yes	no		unresolved	no	39.0	33.0	617.0	1030.0	181.3817	302.7927	yes
SN124_A938797_Rep2	CCCACTCCACGGTATC-1	no	yes	no		unresolved	no	49.0	3.0	231.0	1252.0	67.9079	368.0549	yes
SN124_A938797_Rep2	CCCAGAGGAGGGCGTA-1	yes	yes	yes	tumor&stroma_IC med to high	mixed	yes	21.0	105.0	1542.0	629.0	453.3072	184.9094	yes
SN124_A938797_Rep2	CCCAGATTCCCGTGAC-1	no	yes	no		unresolved	no	76.0	38.0	680.0	1856.0	199.902	545.6149	yes
SN124_A938797_Rep2	CCCAGGAAGAATTCGA-1	no	yes	no		unresolved	no	74.0	66.0	1040.0	1812.0	305.7325	532.6801	yes
SN124_A938797_Rep2	CCCAGGTCTGAAGGCT-1	no	yes	no		unresolved	no	53.0	111.0	1618.0	1344.0	475.6492	395.1004	yes
SN124_A938797_Rep2	CCCAGTAAACTTGGGA-1	no	yes	no		unresolved	no	52.0	12.0	347.0	1320.0	102.0088	388.0451	yes
SN124_A938797_Rep2	CCCAGTTAAGGCGCCG-1	yes	yes	yes	epitehlium&submucosa	other	yes	42.0	82.0	1246.0	1097.0	366.291	322.489	yes
SN124_A938797_Rep2	CCCATATAGGTCGATT-1	no	yes	no		unresolved	no	65.0	117.0	1695.0	1612.0	498.2852	473.8853	yes
SN124_A938797_Rep2	CCCATTATTGTATCCT-1	no	yes	no		unresolved	no	72.0	120.0	1733.0	1768.0	509.4561	519.7452	yes
SN124_A938797_Rep2	CCCGAAGTTTCGCGAA-1	no	yes	no		unresolved	no	45.0	11.0	334.0	1163.0	98.1872	341.8912	yes
SN124_A938797_Rep2	CCCGACCATAGTCCGC-1	yes	yes	yes	stroma_fibroblastic_IC high	stroma	yes	20.0	74.0	1144.0	606.0	336.3057	178.148	yes
SN124_A938797_Rep2	CCCGAGTTTCTCCGTA-1	no	yes	no		unresolved	no	48.0	108.0	1580.0	1232.0	464.4782	362.1754	yes
SN124_A938797_Rep2	CCCGATAGCCTCGCCT-1	no	yes	no		unresolved	no	37.0	127.0	1824.0	986.0	536.2077	289.8579	yes
SN124_A938797_Rep2	CCCGCAAATAATCATC-1	no	yes	no		unresolved	no	77.0	55.0	898.0	1879.0	263.9882	552.3763	yes
SN124_A938797_Rep2	CCCGCAGCGCGAACTA-1	yes	yes	yes	exclude	exclude	yes	49.0	67.0	1053.0	1254.0	309.5541	368.6428	yes
SN124_A938797_Rep2	CCCGCAGGGCCCAAAG-1	yes	yes	yes	stroma_fibroblastic_IC high	stroma	yes	11.0	79.0	1208.0	405.0	355.12	119.0593	yes
SN124_A938797_Rep2	CCCGCCATGCTCCCGT-1	yes	yes	yes	tumor	tumor	yes	19.0	41.0	720.0	583.0	211.6609	171.3866	yes
SN124_A938797_Rep2	CCCGCGCAATGCACCC-1	yes	yes	yes	stroma desmoplastic_IC med to high	stroma	yes	19.0	23.0	489.0	582.0	143.7531	171.0926	yes
SN124_A938797_Rep2	CCCGCTAGAGGGTTAA-1	no	yes	no		unresolved	no	0.0	82.0	1247.0	159.0	366.585	46.7418	yes
SN124_A938797_Rep2	CCCGCTTGCCCTCGTC-1	yes	yes	yes	exclude	exclude	yes	2.0	40.0	708.0	203.0	208.1333	59.6766	yes
SN124_A938797_Rep2	CCCGGCACGTGTCAGG-1	no	yes	no		unresolved	no	76.0	104.0	1527.0	1857.0	448.8976	545.9089	yes
SN124_A938797_Rep2	CCCGGCTAGGTGAGAA-1	no	yes	no		unresolved	no	10.0	2.0	220.0	381.0	64.6742	112.0039	yes
SN124_A938797_Rep2	CCCGGGTCGTTCAGGG-1	no	yes	no		unresolved	no	65.0	57.0	924.0	1611.0	271.6316	473.5914	yes
SN124_A938797_Rep2	CCCGGTGGAAGAACCT-1	yes	yes	yes	exclude	exclude	yes	25.0	21.0	463.0	717.0	136.1097	210.779	yes
SN124_A938797_Rep2	CCCGGTGTATCGGAAT-1	no	yes	no		unresolved	no	53.0	17.0	411.0	1342.0	120.8231	394.5125	yes
SN124_A938797_Rep2	CCCGTAAGTCTAGGCC-1	no	yes	no		unresolved	no	40.0	28.0	553.0	1052.0	162.5674	309.2602	yes
SN124_A938797_Rep2	CCCGTAGCTGGGAAGA-1	no	yes	no		unresolved	no	57.0	39.0	693.0	1432.0	203.7237	420.9701	yes
SN124_A938797_Rep2	CCCGTCAGCGTCTGAC-1	yes	yes	yes	stroma_fibroblastic_IC high	stroma	yes	23.0	51.0	848.0	672.0	249.2896	197.5502	yes
SN124_A938797_Rep2	CCCGTGACAGTGCCTT-1	no	yes	no		unresolved	no	77.0	91.0	1361.0	1880.0	400.098	552.6703	yes
SN124_A938797_Rep2	CCCGTGAGGGCGGTGA-1	no	yes	no		unresolved	no	44.0	4.0	244.0	1141.0	71.7295	335.4238	yes
SN124_A938797_Rep2	CCCGTGGGTTAATTGA-1	no	yes	no		unresolved	no	3.0	9.0	310.0	225.0	91.1318	66.144	yes
SN124_A938797_Rep2	CCCGTTTCGCAGATGT-1	no	yes	no		unresolved	no	52.0	106.0	1554.0	1321.0	456.8349	388.339	yes
SN124_A938797_Rep2	CCCTACCCACACCCAG-1	no	yes	no		unresolved	no	74.0	90.0	1348.0	1812.0	396.2763	532.6801	yes
SN124_A938797_Rep2	CCCTACTTGAACAATG-1	no	yes	no		unresolved	no	70.0	86.0	1297.0	1723.0	381.2837	506.5164	yes
SN124_A938797_Rep2	CCCTAGCTCTAAGGTC-1	no	yes	no		unresolved	no	77.0	53.0	873.0	1879.0	256.6389	552.3763	yes
SN124_A938797_Rep2	CCCTAGGCAACAAGAG-1	no	yes	no		unresolved	no	47.0	3.0	231.0	1208.0	67.9079	355.12	yes
SN124_A938797_Rep2	CCCTAGTGTCAGGTGT-1	no	yes	no		unresolved	no	10.0	20.0	451.0	381.0	132.5821	112.0039	yes
SN124_A938797_Rep2	CCCTATGTAGAGCAGA-1	no	yes	no		unresolved	no	60.0	24.0	501.0	1499.0	147.2807	440.6663	yes
SN124_A938797_Rep2	CCCTCAAGCTCTTAGT-1	no	yes	no		unresolved	no	20.0	4.0	245.0	605.0	72.0235	177.854	yes
SN124_A938797_Rep2	CCCTCAGATCGAGAAC-1	no	yes	no		unresolved	no	72.0	26.0	526.0	1767.0	154.6301	519.4512	yes
SN124_A938797_Rep2	CCCTCATCACAGAGTA-1	no	yes	no		unresolved	no	77.0	25.0	513.0	1878.0	150.8084	552.0823	yes
SN124_A938797_Rep2	CCCTCATTCTGGAATT-1	yes	yes	yes	stroma_fibroblastic_IC high	stroma	yes	16.0	44.0	759.0	516.0	223.1259	151.6903	yes
SN124_A938797_Rep2	CCCTCCTCGCTCGTAT-1	no	yes	no		unresolved	no	50.0	106.0	1554.0	1277.0	456.8349	375.4042	yes
SN124_A938797_Rep2	CCCTCGATAATACACA-1	no	yes	no		unresolved	no	69.0	29.0	565.0	1700.0	166.0951	499.755	yes
SN124_A938797_Rep2	CCCTCGGGAGCCTTGT-1	yes	yes	yes	stroma_fibroblastic_IC high	stroma	yes	2.0	58.0	939.0	203.0	276.0412	59.6766	yes
SN124_A938797_Rep2	CCCTGAAATGAGTTGA-1	yes	yes	yes	stroma_fibroblastic_IC med	stroma	yes	31.0	39.0	694.0	851.0	204.0176	250.1715	yes
SN124_A938797_Rep2	CCCTGACTAACAAATT-1	no	yes	no		unresolved	no	38.0	12.0	347.0	1007.0	102.0088	296.0314	yes
SN124_A938797_Rep2	CCCTGATGTAACTCGT-1	no	yes	no		unresolved	no	14.0	16.0	399.0	471.0	117.2954	138.4615	yes
SN124_A938797_Rep2	CCCTGCCCAATCCGCT-1	no	yes	no		unresolved	no	41.0	19.0	437.0	1074.0	128.4664	315.7276	yes
SN124_A938797_Rep2	CCCTGCGCTACGCATA-1	no	yes	no		unresolved	no	34.0	24.0	501.0	918.0	147.2807	269.8677	yes
SN124_A938797_Rep2	CCCTGGCTGTTCCTTC-1	no	yes	no		unresolved	no	47.0	5.0	257.0	1208.0	75.5512	355.12	yes
SN124_A938797_Rep2	CCCTGGGAGGGATCCT-1	no	yes	no		unresolved	no	76.0	72.0	1117.0	1857.0	328.3684	545.9089	yes
SN124_A938797_Rep2	CCCTGGTATGGGCGGC-1	yes	yes	yes	stroma_fibroblastic_IC high	stroma	yes	6.0	72.0	1119.0	293.0	328.9564	86.1342	yes
SN124_A938797_Rep2	CCCTGTTGGCAAAGAC-1	no	yes	no		unresolved	no	12.0	10.0	322.0	426.0	94.6595	125.2327	yes
SN124_A938797_Rep2	CCCTTCTCGTACGCGA-1	yes	yes	yes	exclude	exclude	yes	2.0	36.0	656.0	203.0	192.8466	59.6766	yes
SN124_A938797_Rep2	CCCTTTAATGGAGTTC-1	no	yes	no		unresolved	no	63.0	109.0	1592.0	1567.0	468.0059	460.6565	yes
SN124_A938797_Rep2	CCCTTTGACAGGTCTT-1	no	yes	no		unresolved	no	50.0	56.0	912.0	1276.0	268.1039	375.1102	yes
SN124_A938797_Rep2	CCGAAACACGACCTCT-1	no	yes	no		unresolved	no	76.0	4.0	243.0	1856.0	71.4356	545.6149	yes
SN124_A938797_Rep2	CCGAAAGTGGTGAGCA-1	yes	yes	yes	stroma desmoplastic_IC low	stroma	yes	17.0	27.0	540.0	538.0	158.7457	158.1578	yes
SN124_A938797_Rep2	CCGAACACTGGGCCTC-1	no	yes	no		unresolved	no	44.0	18.0	424.0	1141.0	124.6448	335.4238	yes
SN124_A938797_Rep2	CCGAACCTTCCCGGCC-1	yes	yes	yes	epitehlium&submucosa	other	yes	49.0	71.0	1105.0	1254.0	324.8408	368.6428	yes
SN124_A938797_Rep2	CCGAAGCATTGACCAA-1	no	yes	no		unresolved	no	61.0	5.0	257.0	1521.0	75.5512	447.1338	yes
SN124_A938797_Rep2	CCGAAGGGCGTACCGC-1	no	yes	no		unresolved	no	29.0	125.0	1798.0	808.0	528.5644	237.5306	yes
SN124_A938797_Rep2	CCGAAGTATATTGTTC-1	yes	yes	yes	exclude	exclude	yes	22.0	22.0	476.0	650.0	139.9314	191.0828	yes
SN124_A938797_Rep2	CCGACAAACACATGAG-1	no	yes	no		unresolved	no	16.0	14.0	374.0	515.0	109.9461	151.3964	yes
SN124_A938797_Rep2	CCGACAAAGGGAGTGC-1	no	yes	no		unresolved	no	33.0	21.0	463.0	895.0	136.1097	263.1063	yes
SN124_A938797_Rep2	CCGACAATAGGCCGCC-1	no	yes	no		unresolved	no	57.0	111.0	1618.0	1433.0	475.6492	421.2641	yes
SN124_A938797_Rep2	CCGACGGGCATGAGGT-1	no	yes	no		unresolved	no	54.0	26.0	527.0	1365.0	154.9241	401.2739	yes
SN124_A938797_Rep2	CCGACGTAAACACAAC-1	yes	yes	yes	exclude	exclude	yes	13.0	97.0	1439.0	450.0	423.0279	132.2881	yes
SN124_A938797_Rep2	CCGACTCGCATAGTCT-1	no	yes	no		unresolved	no	4.0	76.0	1170.0	248.0	343.949	72.9054	yes
SN124_A938797_Rep2	CCGAGAAGTCGCATAA-1	no	yes	no		unresolved	no	46.0	112.0	1631.0	1187.0	479.4708	348.9466	yes
SN124_A938797_Rep2	CCGAGCTGTGCTTGTC-1	no	yes	no		unresolved	no	18.0	112.0	1632.0	562.0	479.7648	165.2131	yes
SN124_A938797_Rep2	CCGAGGGATGTTAGGC-1	yes	yes	yes	tumor	tumor	yes	6.0	62.0	990.0	293.0	291.0338	86.1342	yes
SN124_A938797_Rep2	CCGATATGACGTAAGG-1	no	yes	no		unresolved	no	55.0	127.0	1823.0	1389.0	535.9138	408.3292	yes
SN124_A938797_Rep2	CCGATCTCAACCTTAT-1	yes	yes	yes	non neo epithelium	normal epithelium	yes	37.0	101.0	1490.0	986.0	438.0206	289.8579	yes
SN124_A938797_Rep2	CCGATCTTAAGAGGCT-1	no	yes	no		unresolved	no	10.0	122.0	1761.0	383.0	517.6874	112.5919	yes
SN124_A938797_Rep2	CCGATTCGAGGGACCC-1	no	yes	no		unresolved	no	38.0	20.0	450.0	1007.0	132.2881	296.0314	yes
SN124_A938797_Rep2	CCGATTGGTCAATGAA-1	no	yes	no		unresolved	no	2.0	98.0	1453.0	204.0	427.1436	59.9706	yes
SN124_A938797_Rep2	CCGCACAAAGACCAAC-1	yes	yes	yes	stroma_fibroblastic_IC high	stroma	yes	36.0	76.0	1169.0	963.0	343.6551	283.0965	yes
SN124_A938797_Rep2	CCGCACACGAACGTGT-1	no	yes	no		unresolved	no	45.0	123.0	1772.0	1165.0	520.9211	342.4792	yes
SN124_A938797_Rep2	CCGCACGTGACCTCGG-1	yes	yes	yes	exclude	exclude	yes	28.0	26.0	527.0	784.0	154.9241	230.4753	yes
SN124_A938797_Rep2	CCGCACTTGCAATGAC-1	no	yes	no		unresolved	no	69.0	107.0	1566.0	1701.0	460.3626	500.049	yes
SN124_A938797_Rep2	CCGCATGTGGTACGAT-1	no	yes	no		unresolved	no	56.0	66.0	1040.0	1410.0	305.7325	414.5027	yes
SN124_A938797_Rep2	CCGCCACCACAATCCA-1	yes	yes	yes	stroma_fibroblastic_IC high	stroma	yes	4.0	66.0	1042.0	248.0	306.3204	72.9054	yes
SN124_A938797_Rep2	CCGCCGGAACTTCTCG-1	no	yes	no		unresolved	no	54.0	12.0	347.0	1364.0	102.0088	400.9799	yes
SN124_A938797_Rep2	CCGCCGGTCAACACAC-1	yes	yes	yes	stroma_fibroblastic_IC high	stroma	yes	13.0	55.0	900.0	449.0	264.5762	131.9941	yes
SN124_A938797_Rep2	CCGCCGTTGAGGATAA-1	no	yes	no		unresolved	no	45.0	119.0	1721.0	1165.0	505.9285	342.4792	yes
SN124_A938797_Rep2	CCGCCTGCGAATTGGT-1	yes	yes	yes	exclude	exclude	yes	15.0	97.0	1439.0	494.0	423.0279	145.2229	yes
SN124_A938797_Rep2	CCGCCTTGCGATGTCG-1	no	yes	no		unresolved	no	43.0	7.0	283.0	1118.0	83.1945	328.6624	yes
SN124_A938797_Rep2	CCGCGATTTGGTAGGT-1	no	yes	no		unresolved	no	39.0	9.0	309.0	1029.0	90.8378	302.4988	yes
SN124_A938797_Rep2	CCGCGCAAGATACCCA-1	no	yes	no		unresolved	no	63.0	3.0	231.0	1565.0	67.9079	460.0686	yes
SN124_A938797_Rep2	CCGCGGAATGCGTCAC-1	no	yes	no		unresolved	no	51.0	45.0	771.0	1298.0	226.6536	381.5777	yes
SN124_A938797_Rep2	CCGCGGGTACGAAGAA-1	no	yes	no		unresolved	no	32.0	26.0	527.0	873.0	154.9241	256.6389	yes
SN124_A938797_Rep2	CCGCGTAGGTAAGGGC-1	yes	yes	yes	exclude	exclude	yes	30.0	22.0	476.0	828.0	139.9314	243.4101	yes
SN124_A938797_Rep2	CCGCTATCAGCACCAG-1	yes	yes	yes	stroma_fibroblastic_IC high	stroma	yes	45.0	63.0	1002.0	1164.0	294.5615	342.1852	yes
SN124_A938797_Rep2	CCGCTCCAGGGCGATC-1	no	yes	no		unresolved	no	71.0	69.0	1078.0	1745.0	316.9035	512.9838	yes
SN124_A938797_Rep2	CCGCTCCGGATAAGCT-1	no	yes	no		unresolved	no	74.0	14.0	372.0	1811.0	109.3582	532.3861	yes
SN124_A938797_Rep2	CCGCTCTTCCGAACTA-1	no	yes	no		unresolved	no	63.0	99.0	1464.0	1567.0	430.3773	460.6565	yes
SN124_A938797_Rep2	CCGCTGGTGCCATTCA-1	yes	yes	yes	exclude	exclude	yes	6.0	74.0	1144.0	293.0	336.3057	86.1342	yes
SN124_A938797_Rep2	CCGCTTACCTCACTCT-1	no	yes	no		unresolved	no	47.0	35.0	642.0	1208.0	188.731	355.12	yes
SN124_A938797_Rep2	CCGCTTCGCGGTTAAC-1	yes	yes	yes	exclude	exclude	yes	2.0	38.0	682.0	203.0	200.49	59.6766	yes
SN124_A938797_Rep2	CCGCTTGCTGACATGG-1	no	yes	no		unresolved	no	27.0	113.0	1644.0	763.0	483.2925	224.3018	yes
SN124_A938797_Rep2	CCGGAAGTGCAATATG-1	no	yes	no		unresolved	no	75.0	105.0	1540.0	1835.0	452.7193	539.4414	yes
SN124_A938797_Rep2	CCGGAAGTTATCAGTC-1	no	yes	no		unresolved	no	49.0	127.0	1824.0	1255.0	536.2077	368.9368	yes
SN124_A938797_Rep2	CCGGAATGGTTTCAGT-1	yes	yes	yes	stroma_fibroblastic_IC high	stroma	yes	24.0	32.0	604.0	694.0	177.56	204.0176	yes
SN124_A938797_Rep2	CCGGAGCGTACTTTCT-1	no	yes	no		unresolved	no	58.0	56.0	912.0	1454.0	268.1039	427.4375	yes
SN124_A938797_Rep2	CCGGAGGTCTTATGGT-1	no	yes	no		unresolved	no	18.0	118.0	1709.0	562.0	502.4008	165.2131	yes
SN124_A938797_Rep2	CCGGCACGACCGTTTC-1	no	yes	no		unresolved	no	35.0	111.0	1619.0	941.0	475.9432	276.6291	yes
SN124_A938797_Rep2	CCGGCCGCGAGCATAT-1	no	yes	no		unresolved	no	58.0	2.0	218.0	1454.0	64.0862	427.4375	yes
SN124_A938797_Rep2	CCGGCGCATATTGGAT-1	yes	yes	yes	stroma_fibroblastic_IC high	stroma	yes	14.0	56.0	913.0	471.0	268.3978	138.4615	yes
SN124_A938797_Rep2	CCGGCGTGAGACTCTG-1	no	yes	no		unresolved	no	47.0	11.0	334.0	1208.0	98.1872	355.12	yes
SN124_A938797_Rep2	CCGGGACCCGCAGAGA-1	yes	yes	yes	tumor	tumor	yes	16.0	52.0	861.0	516.0	253.1112	151.6903	yes
SN124_A938797_Rep2	CCGGGCGGTCTCGTCA-1	yes	yes	yes	stroma_fibroblastic_IC high	stroma	yes	32.0	76.0	1169.0	874.0	343.6551	256.9329	yes
SN124_A938797_Rep2	CCGGGCTAAGAATTTC-1	no	yes	no		unresolved	no	70.0	20.0	449.0	1722.0	131.9941	506.2224	yes
SN124_A938797_Rep2	CCGGGCTGCTCCATAC-1	yes	yes	yes	epitehlium&submucosa	other	yes	36.0	86.0	1297.0	963.0	381.2837	283.0965	yes
SN124_A938797_Rep2	CCGGGTTCGAGGTTAC-1	no	yes	no		unresolved	no	38.0	32.0	604.0	1007.0	177.56	296.0314	yes
SN124_A938797_Rep2	CCGGTAATGGCTAGTC-1	no	yes	no		unresolved	no	38.0	114.0	1657.0	1009.0	487.1142	296.6193	yes
SN124_A938797_Rep2	CCGGTATCTGGCGACT-1	no	yes	no		unresolved	no	77.0	85.0	1283.0	1879.0	377.1681	552.3763	yes
SN124_A938797_Rep2	CCGGTGCGAGTGATAG-1	no	yes	no		unresolved	no	7.0	7.0	284.0	314.0	83.4885	92.3077	yes
SN124_A938797_Rep2	CCGGTTTGTAATTGTG-1	no	yes	no		unresolved	no	56.0	42.0	732.0	1410.0	215.1886	414.5027	yes
SN124_A938797_Rep2	CCGTAAGTTGGTCCCA-1	yes	yes	yes	tumor&stroma_IC med to high	mixed	yes	33.0	77.0	1182.0	896.0	347.4767	263.4003	yes
SN124_A938797_Rep2	CCGTACCCAAGCGCCA-1	yes	yes	yes	stroma desmoplastic_IC low	stroma	yes	12.0	34.0	630.0	426.0	185.2033	125.2327	yes
SN124_A938797_Rep2	CCGTAGGAAATCCCTG-1	no	yes	no		unresolved	no	60.0	96.0	1425.0	1500.0	418.9123	440.9603	yes
SN124_A938797_Rep2	CCGTAGGGTTGTTTAC-1	no	yes	no		unresolved	no	60.0	104.0	1528.0	1500.0	449.1916	440.9603	yes
SN124_A938797_Rep2	CCGTATCTCGTCGTAG-1	no	yes	no		unresolved	no	53.0	27.0	539.0	1342.0	158.4517	394.5125	yes
SN124_A938797_Rep2	CCGTATTAGCGCAGTT-1	yes	yes	yes	exclude	exclude	yes	17.0	111.0	1619.0	539.0	475.9432	158.4517	yes
SN124_A938797_Rep2	CCGTCAACCTCTGGCG-1	no	yes	no		unresolved	no	68.0	14.0	372.0	1677.0	109.3582	492.9936	yes
SN124_A938797_Rep2	CCGTGAGGCATTCATG-1	no	yes	no		unresolved	no	36.0	120.0	1734.0	964.0	509.7501	283.3905	yes
SN124_A938797_Rep2	CCGTGCCCATGACGGC-1	yes	yes	yes	stroma_fibroblastic_IC high	stroma	yes	12.0	48.0	810.0	427.0	238.1186	125.5267	yes
SN124_A938797_Rep2	CCGTGGAACGATCCAA-1	yes	yes	yes	stroma_fibroblastic_IC high	stroma	yes	24.0	106.0	1555.0	696.0	457.1289	204.6056	yes
SN124_A938797_Rep2	CCGTGTTAAATTCCAT-1	no	yes	no		unresolved	no	48.0	36.0	655.0	1231.0	192.5527	361.8814	yes
SN124_A938797_Rep2	CCGTTACGTTAGAACA-1	yes	yes	yes	stroma_fibroblastic_IC high	stroma	yes	20.0	88.0	1324.0	606.0	389.221	178.148	yes
SN124_A938797_Rep2	CCGTTCCGAATCTCGG-1	no	yes	no		unresolved	no	40.0	22.0	476.0	1052.0	139.9314	309.2602	yes
SN124_A938797_Rep2	CCGTTTCCTTTCCGTG-1	no	yes	no		unresolved	no	76.0	46.0	783.0	1856.0	230.1813	545.6149	yes
SN124_A938797_Rep2	CCTAAACAGGGTCCGT-1	yes	yes	yes	exclude	exclude	yes	0.0	56.0	913.0	159.0	268.3978	46.7418	yes
SN124_A938797_Rep2	CCTAAAGGCTGACGCT-1	yes	yes	yes	stroma_fibroblastic_IC high	stroma	yes	14.0	82.0	1247.0	472.0	366.585	138.7555	yes
SN124_A938797_Rep2	CCTAAATTAACGGTTC-1	yes	yes	yes	stroma_fibroblastic_IC high	stroma	yes	42.0	68.0	1066.0	1097.0	313.3758	322.489	yes
SN124_A938797_Rep2	CCTAAATTGTATCCTA-1	no	yes	no		unresolved	no	52.0	114.0	1657.0	1321.0	487.1142	388.339	yes
SN124_A938797_Rep2	CCTAACCCAAACAAGT-1	no	yes	no		unresolved	no	49.0	89.0	1336.0	1254.0	392.7486	368.6428	yes
SN124_A938797_Rep2	CCTAACTAAGGCTCTA-1	yes	yes	yes	stroma_fibroblastic_IC high	stroma	yes	21.0	93.0	1388.0	628.0	408.0353	184.6154	yes
SN124_A938797_Rep2	CCTAAGTGTCTAACCG-1	no	yes	no		unresolved	no	2.0	22.0	477.0	203.0	140.2254	59.6766	yes
SN124_A938797_Rep2	CCTACAAGTCCGGAAT-1	no	yes	no		unresolved	no	9.0	105.0	1542.0	360.0	453.3072	105.8305	yes
SN124_A938797_Rep2	CCTACAGTTGAGGGAG-1	no	yes	no		unresolved	no	77.0	83.0	1258.0	1879.0	369.8187	552.3763	yes
SN124_A938797_Rep2	CCTACATTCACAGACG-1	no	yes	no		unresolved	no	51.0	33.0	616.0	1298.0	181.0877	381.5777	yes
SN124_A938797_Rep2	CCTACGCGACCTTACA-1	no	yes	no		unresolved	no	3.0	93.0	1388.0	226.0	408.0353	66.438	yes
SN124_A938797_Rep2	CCTACGGCTCAGTCGA-1	yes	yes	yes	stroma desmoplastic_IC low	stroma	yes	16.0	32.0	605.0	516.0	177.854	151.6903	yes
SN124_A938797_Rep2	CCTACTCAACACGATT-1	no	yes	no		unresolved	no	63.0	119.0	1720.0	1567.0	505.6345	460.6565	yes
SN124_A938797_Rep2	CCTACTGCGGCGGCCA-1	no	yes	no		unresolved	no	22.0	126.0	1812.0	651.0	532.6801	191.3768	yes
SN124_A938797_Rep2	CCTACTGCTTACACTT-1	yes	yes	yes	stroma_fibroblastic_IC high	stroma	yes	27.0	49.0	823.0	762.0	241.9402	224.0078	yes
SN124_A938797_Rep2	CCTAGGCGTAGCGATC-1	yes	yes	yes	epitehlium&submucosa	other	yes	36.0	88.0	1323.0	963.0	388.927	283.0965	yes
SN124_A938797_Rep2	CCTAGGTAAAGGTAGC-1	no	yes	no		unresolved	no	51.0	11.0	334.0	1297.0	98.1872	381.2837	yes
SN124_A938797_Rep2	CCTAGTTAGTCGCATG-1	yes	yes	yes	stroma_fibroblastic_IC high	stroma	yes	12.0	72.0	1118.0	427.0	328.6624	125.5267	yes
SN124_A938797_Rep2	CCTATAATGAGTGCCC-1	no	yes	no		unresolved	no	55.0	81.0	1233.0	1388.0	362.4694	408.0353	yes
SN124_A938797_Rep2	CCTATACCGTCCTGTC-1	no	yes	no		unresolved	no	55.0	45.0	770.0	1387.0	226.3596	407.7413	yes
SN124_A938797_Rep2	CCTATATCGTGTCACG-1	no	yes	no		unresolved	no	60.0	10.0	321.0	1498.0	94.3655	440.3724	yes
SN124_A938797_Rep2	CCTATATTTGTCCTGG-1	no	yes	no		unresolved	no	62.0	52.0	860.0	1544.0	252.8172	453.8951	yes
SN124_A938797_Rep2	CCTATCTATATCGGAA-1	yes	yes	yes	stroma_fibroblastic_IC high	stroma	yes	19.0	77.0	1182.0	583.0	347.4767	171.3866	yes
SN124_A938797_Rep2	CCTATGAAGTGGTGCC-1	no	yes	no		unresolved	no	37.0	111.0	1618.0	986.0	475.6492	289.8579	yes
SN124_A938797_Rep2	CCTATGGCTCCTAGTG-1	no	yes	no		unresolved	no	62.0	24.0	501.0	1543.0	147.2807	453.6012	yes
SN124_A938797_Rep2	CCTATGGGTTACCGTC-1	yes	yes	yes	tumor&stroma_IC med to high	mixed	yes	29.0	69.0	1079.0	807.0	317.1974	237.2366	yes
SN124_A938797_Rep2	CCTATGGTCAAAGCTG-1	no	yes	no		unresolved	no	68.0	68.0	1065.0	1678.0	313.0818	493.2876	yes
SN124_A938797_Rep2	CCTATGTCCACTCCAC-1	no	yes	no		unresolved	no	62.0	92.0	1374.0	1544.0	403.9196	453.8951	yes
SN124_A938797_Rep2	CCTATTATTCCGGCCG-1	no	yes	no		unresolved	no	65.0	3.0	231.0	1610.0	67.9079	473.2974	yes
SN124_A938797_Rep2	CCTCAACGATCGCTGT-1	no	yes	no		unresolved	no	52.0	0.0	193.0	1319.0	56.7369	387.7511	yes
SN124_A938797_Rep2	CCTCACCAATCTTGAC-1	yes	yes	yes	stroma_fibroblastic_IC high	stroma	yes	17.0	35.0	643.0	538.0	189.025	158.1578	yes
SN124_A938797_Rep2	CCTCACCTGAGGGAGC-1	yes	yes	yes	tumor&stroma_IC med to high	mixed	yes	28.0	102.0	1503.0	785.0	441.8422	230.7692	yes
SN124_A938797_Rep2	CCTCACCTTAGCATCG-1	yes	yes	yes	tumor&stroma_IC med to high	mixed	yes	27.0	97.0	1439.0	762.0	423.0279	224.0078	yes
SN124_A938797_Rep2	CCTCACGTCAGCTAAT-1	no	yes	no		unresolved	no	60.0	122.0	1759.0	1500.0	517.0995	440.9603	yes
SN124_A938797_Rep2	CCTCATGCAGCTACGA-1	yes	yes	yes	stroma desmoplastic_IC med to high	stroma	yes	10.0	30.0	579.0	382.0	170.2107	112.2979	yes
SN124_A938797_Rep2	CCTCCCGACAATCCCT-1	yes	yes	yes	stroma_fibroblastic_IC high	stroma	yes	9.0	63.0	1003.0	360.0	294.8555	105.8305	yes
SN124_A938797_Rep2	CCTCCGACAATTCAAG-1	yes	yes	yes	stroma_fibroblastic_IC high	stroma	yes	33.0	33.0	617.0	895.0	181.3817	263.1063	yes
SN124_A938797_Rep2	CCTCCTAGCTAGAGTC-1	no	yes	no		unresolved	no	67.0	13.0	359.0	1655.0	105.5365	486.5262	yes
SN124_A938797_Rep2	CCTCCTGAGCCCACAT-1	no	yes	no		unresolved	no	38.0	8.0	296.0	1007.0	87.0162	296.0314	yes
SN124_A938797_Rep2	CCTCCTGTTGTGTCGT-1	no	yes	no		unresolved	no	62.0	96.0	1425.0	1544.0	418.9123	453.8951	yes
SN124_A938797_Rep2	CCTCGAAGTGGACGGG-1	yes	yes	yes	tumor	tumor	yes	15.0	71.0	1105.0	494.0	324.8408	145.2229	yes
SN124_A938797_Rep2	CCTCGACCCACTGCCT-1	no	yes	no		unresolved	no	3.0	73.0	1132.0	226.0	332.778	66.438	yes
SN124_A938797_Rep2	CCTCGCCAGCAAATTA-1	yes	yes	yes	stroma_fibroblastic_IC high	stroma	yes	18.0	74.0	1144.0	561.0	336.3057	164.9192	yes
SN124_A938797_Rep2	CCTCGCGCGATATAGG-1	yes	yes	yes	stroma_fibroblastic_IC high	stroma	yes	21.0	95.0	1413.0	628.0	415.3846	184.6154	yes
SN124_A938797_Rep2	CCTCGCGCTGTGCGAT-1	no	yes	no		unresolved	no	57.0	59.0	950.0	1432.0	279.2749	420.9701	yes
SN124_A938797_Rep2	CCTCGGACCGGGATAG-1	yes	yes	yes	epitehlium&submucosa	other	yes	41.0	85.0	1285.0	1075.0	377.756	316.0216	yes
SN124_A938797_Rep2	CCTCGGATGCTACCTG-1	no	yes	no		unresolved	no	32.0	10.0	322.0	873.0	94.6595	256.6389	yes
SN124_A938797_Rep2	CCTCGGTTTCCTTGCC-1	no	yes	no		unresolved	no	70.0	38.0	680.0	1722.0	199.902	506.2224	yes
SN124_A938797_Rep2	CCTCGTTACGCCTGTT-1	no	yes	no		unresolved	no	5.0	109.0	1594.0	271.0	468.5938	79.6668	yes
SN124_A938797_Rep2	CCTCTAATCTGCCAAG-1	yes	yes	yes	tumor&stroma_IC med to high	mixed	yes	23.0	73.0	1131.0	673.0	332.4841	197.8442	yes
SN124_A938797_Rep2	CCTCTACAAGGATTGG-1	no	yes	no		unresolved	no	67.0	27.0	539.0	1655.0	158.4517	486.5262	yes
SN124_A938797_Rep2	CCTCTATCGATTAGCA-1	no	yes	no		unresolved	no	52.0	26.0	527.0	1320.0	154.9241	388.0451	yes
SN124_A938797_Rep2	CCTCTCTCCCATCTAG-1	yes	yes	yes	tumor&stroma_IC med to high	mixed	yes	34.0	36.0	656.0	918.0	192.8466	269.8677	yes
SN124_A938797_Rep2	CCTCTGGCCTAGACGG-1	yes	yes	yes	stroma_fibroblastic_IC high	stroma	yes	15.0	75.0	1157.0	494.0	340.1274	145.2229	yes
SN124_A938797_Rep2	CCTCTGTACTATTCTA-1	no	yes	no		unresolved	no	53.0	61.0	976.0	1343.0	286.9182	394.8065	yes
SN124_A938797_Rep2	CCTGAACGATATATTC-1	yes	yes	yes	non neo epithelium	normal epithelium	yes	37.0	85.0	1285.0	986.0	377.756	289.8579	yes
SN124_A938797_Rep2	CCTGAATATTTACATA-1	yes	yes	yes	tumor	tumor	yes	23.0	71.0	1105.0	673.0	324.8408	197.8442	yes
SN124_A938797_Rep2	CCTGACAAACTCGCGC-1	no	yes	no		unresolved	no	19.0	3.0	232.0	582.0	68.2019	171.0926	yes
SN124_A938797_Rep2	CCTGACCACCGATGGT-1	yes	yes	yes	stroma_fibroblastic_IC high	stroma	yes	45.0	61.0	976.0	1164.0	286.9182	342.1852	yes
SN124_A938797_Rep2	CCTGACGCAACCTTTA-1	no	yes	no		unresolved	no	3.0	87.0	1311.0	226.0	385.3993	66.438	yes
SN124_A938797_Rep2	CCTGAGAATAAATGCA-1	no	yes	no		unresolved	no	71.0	33.0	616.0	1745.0	181.0877	512.9838	yes
SN124_A938797_Rep2	CCTGATTCGCGAAGAA-1	no	yes	no		unresolved	no	75.0	93.0	1386.0	1835.0	407.4473	539.4414	yes
SN124_A938797_Rep2	CCTGCCCGTTGTCTAG-1	no	yes	no		unresolved	no	35.0	9.0	309.0	940.0	90.8378	276.3351	yes
SN124_A938797_Rep2	CCTGCGATAGAACTGT-1	no	yes	no		unresolved	no	8.0	20.0	451.0	337.0	132.5821	99.0691	yes
SN124_A938797_Rep2	CCTGCGTTCTACGCTT-1	no	yes	no		unresolved	no	32.0	14.0	373.0	873.0	109.6521	256.6389	yes
SN124_A938797_Rep2	CCTGCTACAACCATAC-1	no	yes	no		unresolved	no	77.0	107.0	1566.0	1880.0	460.3626	552.6703	yes
SN124_A938797_Rep2	CCTGCTATTTGAGAAG-1	yes	yes	yes	stroma_fibroblastic_IC high	stroma	yes	26.0	50.0	836.0	739.0	245.7619	217.2464	yes
SN124_A938797_Rep2	CCTGGAAACGTTCTGC-1	no	yes	no		unresolved	no	39.0	113.0	1644.0	1031.0	483.2925	303.0867	yes
SN124_A938797_Rep2	CCTGGCTAGACCCGCC-1	yes	yes	yes	stroma_fibroblastic_IC high	stroma	yes	29.0	43.0	746.0	806.0	219.3043	236.9427	yes
SN124_A938797_Rep2	CCTGGTCGAATGTGGG-1	no	yes	no		unresolved	no	59.0	69.0	1079.0	1477.0	317.1974	434.1989	yes
SN124_A938797_Rep2	CCTGTAAGACATGATA-1	yes	yes	yes	exclude	exclude	yes	37.0	41.0	720.0	985.0	211.6609	289.5639	yes
SN124_A938797_Rep2	CCTGTACTCACGCCCA-1	no	yes	no		unresolved	no	40.0	24.0	501.0	1052.0	147.2807	309.2602	yes
SN124_A938797_Rep2	CCTGTCACCCGGGCTC-1	yes	yes	yes	tumor&stroma_IC med to high	mixed	yes	29.0	67.0	1054.0	807.0	309.8481	237.2366	yes
SN124_A938797_Rep2	CCTGTCCCTCACGTTA-1	no	yes	no		unresolved	no	36.0	114.0	1657.0	964.0	487.1142	283.3905	yes
SN124_A938797_Rep2	CCTGTCGCCCGTAAAT-1	yes	yes	yes	stroma_fibroblastic_IC high	stroma	yes	36.0	62.0	989.0	963.0	290.7398	283.0965	yes
SN124_A938797_Rep2	CCTGTCGTGTATGAAG-1	no	yes	no		unresolved	no	70.0	8.0	295.0	1722.0	86.7222	506.2224	yes
SN124_A938797_Rep2	CCTGTGAAACCGTAAC-1	no	yes	no		unresolved	no	34.0	2.0	219.0	917.0	64.3802	269.5737	yes
SN124_A938797_Rep2	CCTGTGCATAGGAGAC-1	no	yes	no		unresolved	no	4.0	16.0	400.0	247.0	117.5894	72.6115	yes
SN124_A938797_Rep2	CCTGTGCGGATTGTAA-1	no	yes	no		unresolved	no	3.0	99.0	1465.0	226.0	430.6712	66.438	yes
SN124_A938797_Rep2	CCTGTTCAACCTCGGG-1	no	yes	no		unresolved	no	71.0	51.0	847.0	1745.0	248.9956	512.9838	yes
SN124_A938797_Rep2	CCTGTTTGAAGACACG-1	no	yes	no		unresolved	no	58.0	94.0	1400.0	1455.0	411.563	427.7315	yes
SN124_A938797_Rep2	CCTTAAGTACGCAATT-1	no	yes	no		unresolved	no	75.0	97.0	1438.0	1835.0	422.734	539.4414	yes
SN124_A938797_Rep2	CCTTCAGTTAAAGTGA-1	no	yes	no		unresolved	no	61.0	47.0	796.0	1521.0	234.0029	447.1338	yes
SN124_A938797_Rep2	CCTTCCGCAACGCTGC-1	no	yes	no		unresolved	no	71.0	15.0	385.0	1744.0	113.1798	512.6899	yes
SN124_A938797_Rep2	CCTTCGTATAGAATCC-1	no	yes	no		unresolved	no	69.0	61.0	976.0	1700.0	286.9182	499.755	yes
SN124_A938797_Rep2	CCTTCTCAGCGTTCCT-1	no	yes	no		unresolved	no	43.0	15.0	386.0	1119.0	113.4738	328.9564	yes
SN124_A938797_Rep2	CCTTCTTGATCCAGTG-1	yes	yes	yes	stroma_fibroblastic_IC high	stroma	yes	19.0	73.0	1131.0	583.0	332.4841	171.3866	yes
SN124_A938797_Rep2	CCTTGACCACTTTATT-1	no	yes	no		unresolved	no	55.0	109.0	1592.0	1388.0	468.0059	408.0353	yes
SN124_A938797_Rep2	CCTTGTGAACGTGGTT-1	no	yes	no		unresolved	no	72.0	48.0	809.0	1767.0	237.8246	519.4512	yes
SN124_A938797_Rep2	CCTTTAAGGGAGCACT-1	no	yes	no		unresolved	no	58.0	50.0	835.0	1454.0	245.4679	427.4375	yes
SN124_A938797_Rep2	CCTTTCAATGAAGAAA-1	yes	yes	yes	stroma_fibroblastic_IC high	stroma	yes	25.0	95.0	1413.0	718.0	415.3846	211.073	yes
SN124_A938797_Rep2	CCTTTGAATTATGGCT-1	no	yes	no		unresolved	no	58.0	6.0	270.0	1454.0	79.3729	427.4375	yes
SN124_A938797_Rep2	CGAAACATAGATGGCA-1	yes	yes	yes	stroma_fibroblastic_IC high	stroma	yes	11.0	77.0	1183.0	405.0	347.7707	119.0593	yes
SN124_A938797_Rep2	CGAAACGCAATTCATG-1	no	yes	no		unresolved	no	41.0	33.0	617.0	1074.0	181.3817	315.7276	yes
SN124_A938797_Rep2	CGAACAGTATGGGCGT-1	no	yes	no		unresolved	no	50.0	96.0	1426.0	1276.0	419.2063	375.1102	yes
SN124_A938797_Rep2	CGAACATAGTCAGAAA-1	no	yes	no		unresolved	no	9.0	115.0	1671.0	361.0	491.2298	106.1244	yes
SN124_A938797_Rep2	CGAACCCGCATGCGTC-1	yes	yes	yes	exclude	exclude	yes	49.0	49.0	822.0	1253.0	241.6462	368.3488	yes
SN124_A938797_Rep2	CGAACCTCTTTCCTAG-1	no	yes	no		unresolved	no	72.0	20.0	449.0	1767.0	131.9941	519.4512	yes
SN124_A938797_Rep2	CGAACGCCCAGTGCCG-1	yes	yes	yes	tumor	tumor	yes	14.0	70.0	1093.0	472.0	321.3131	138.7555	yes
SN124_A938797_Rep2	CGAACGGCCGGACAAC-1	no	yes	no		unresolved	no	47.0	15.0	385.0	1208.0	113.1798	355.12	yes
SN124_A938797_Rep2	CGAAGACGGTGAGTGC-1	no	yes	no		unresolved	no	33.0	3.0	232.0	895.0	68.2019	263.1063	yes
SN124_A938797_Rep2	CGAAGACTGCCCGGGA-1	no	yes	no		unresolved	no	0.0	48.0	811.0	158.0	238.4125	46.4478	yes
SN124_A938797_Rep2	CGAAGATCAGTTTCAT-1	no	yes	no		unresolved	no	74.0	70.0	1091.0	1812.0	320.7251	532.6801	yes
SN124_A938797_Rep2	CGAAGCCACAGCATGG-1	no	yes	no		unresolved	no	72.0	8.0	295.0	1766.0	86.7222	519.1573	yes
SN124_A938797_Rep2	CGAAGCTATAAATTCA-1	yes	yes	yes	stroma_fibroblastic_IC high	stroma	yes	19.0	105.0	1542.0	584.0	453.3072	171.6805	yes
SN124_A938797_Rep2	CGAAGGGTTTCAGATT-1	no	yes	no		unresolved	no	66.0	14.0	372.0	1632.0	109.3582	479.7648	yes
SN124_A938797_Rep2	CGAAGTTGCTCTGTGT-1	yes	yes	yes	exclude	exclude	yes	33.0	35.0	643.0	896.0	189.025	263.4003	yes
SN124_A938797_Rep2	CGAATCTGCTCGACGC-1	no	yes	no		unresolved	no	62.0	22.0	475.0	1543.0	139.6374	453.6012	yes
SN124_A938797_Rep2	CGAATGAAGTCATTGC-1	no	yes	no		unresolved	no	62.0	20.0	449.0	1543.0	131.9941	453.6012	yes
SN124_A938797_Rep2	CGAATGACGCATAATG-1	no	yes	no		unresolved	no	63.0	57.0	924.0	1566.0	271.6316	460.3626	yes
SN124_A938797_Rep2	CGAATGGTAGGTCGTC-1	no	yes	no		unresolved	no	73.0	29.0	564.0	1789.0	165.8011	525.9187	yes
SN124_A938797_Rep2	CGAATTACATGGTGTT-1	no	yes	no		unresolved	no	2.0	94.0	1401.0	204.0	411.8569	59.9706	yes
SN124_A938797_Rep2	CGAATTCCCGGTTCAA-1	no	yes	no		unresolved	no	67.0	127.0	1823.0	1657.0	535.9138	487.1142	yes
SN124_A938797_Rep2	CGACAATTTGATCTAA-1	yes	yes	yes	submucosa	other	yes	43.0	95.0	1413.0	1120.0	415.3846	329.2504	yes
SN124_A938797_Rep2	CGACACCGCTTAAGGA-1	no	yes	no		unresolved	no	10.0	118.0	1709.0	383.0	502.4008	112.5919	yes
SN124_A938797_Rep2	CGACACGCTCCGACAG-1	no	yes	no		unresolved	no	46.0	94.0	1400.0	1187.0	411.563	348.9466	yes
SN124_A938797_Rep2	CGACACGGATGCCCAC-1	no	yes	no		unresolved	no	7.0	127.0	1825.0	316.0	536.5017	92.8956	yes
SN124_A938797_Rep2	CGACAGTTCGCGTTAT-1	yes	yes	yes	tumor	tumor	yes	36.0	42.0	732.0	963.0	215.1886	283.0965	yes
SN124_A938797_Rep2	CGACATGCGATCTTCT-1	yes	yes	yes	stroma_fibroblastic_IC high	stroma	yes	8.0	64.0	1016.0	337.0	298.6771	99.0691	yes
SN124_A938797_Rep2	CGACCCTTAACGCCGG-1	no	yes	no		unresolved	no	48.0	12.0	347.0	1230.0	102.0088	361.5875	yes
SN124_A938797_Rep2	CGACCGTTGGTATTCG-1	no	yes	no		unresolved	no	75.0	27.0	539.0	1834.0	158.4517	539.1475	yes
SN124_A938797_Rep2	CGACCTACTAGACAAT-1	no	yes	no		unresolved	no	46.0	0.0	193.0	1185.0	56.7369	348.3586	yes
SN124_A938797_Rep2	CGACGCATCCGTACCT-1	no	yes	no		unresolved	no	50.0	10.0	321.0	1275.0	94.3655	374.8163	yes
SN124_A938797_Rep2	CGACTCAGGATGTTAT-1	yes	yes	yes	stroma_fibroblastic_IC high	stroma	yes	23.0	89.0	1336.0	673.0	392.7486	197.8442	yes
SN124_A938797_Rep2	CGACTCGGTACACGGT-1	no	yes	no		unresolved	no	11.0	123.0	1773.0	405.0	521.2151	119.0593	yes
SN124_A938797_Rep2	CGACTTGCCGGGAAAT-1	no	yes	no		unresolved	no	77.0	17.0	410.0	1878.0	120.5292	552.0823	yes
SN124_A938797_Rep2	CGACTTTGTATAGCCT-1	no	yes	no		unresolved	no	33.0	109.0	1593.0	897.0	468.2998	263.6943	yes
SN124_A938797_Rep2	CGAGACCCTAGAGTGT-1	yes	yes	yes	stroma_fibroblastic_IC med	stroma	yes	43.0	61.0	976.0	1119.0	286.9182	328.9564	yes
SN124_A938797_Rep2	CGAGACTACTGCTGCT-1	no	yes	no		unresolved	no	72.0	98.0	1451.0	1768.0	426.5556	519.7452	yes
SN124_A938797_Rep2	CGAGAGATGTGAACCT-1	yes	yes	yes	stroma_fibroblastic_IC high	stroma	yes	29.0	73.0	1131.0	807.0	332.4841	237.2366	yes
SN124_A938797_Rep2	CGAGAGCGCGTAGATA-1	no	yes	no		unresolved	no	45.0	7.0	283.0	1163.0	83.1945	341.8912	yes
SN124_A938797_Rep2	CGAGAGCTTTCACTAC-1	no	yes	no		unresolved	no	64.0	88.0	1322.0	1589.0	388.633	467.124	yes
SN124_A938797_Rep2	CGAGAGGGTAGCCGCG-1	no	yes	no		unresolved	no	56.0	104.0	1528.0	1411.0	449.1916	414.7967	yes
SN124_A938797_Rep2	CGAGATGTTGCCTATA-1	no	yes	no		unresolved	no	2.0	32.0	605.0	203.0	177.854	59.6766	yes
SN124_A938797_Rep2	CGAGATTTCGCTCGGG-1	no	yes	no		unresolved	no	42.0	116.0	1683.0	1098.0	494.7575	322.7829	yes
SN124_A938797_Rep2	CGAGCACTTCAAGTTT-1	yes	yes	yes	stroma desmoplastic_IC low	stroma	yes	23.0	25.0	515.0	672.0	151.3964	197.5502	yes
SN124_A938797_Rep2	CGAGCCGAGCACTCGA-1	no	yes	no		unresolved	no	11.0	3.0	232.0	403.0	68.2019	118.4713	yes
SN124_A938797_Rep2	CGAGCGTTGATCAGCC-1	yes	yes	yes	stroma_fibroblastic_IC high	stroma	yes	12.0	46.0	785.0	426.0	230.7692	125.2327	yes
SN124_A938797_Rep2	CGAGCTGGGCTTTAGG-1	yes	yes	yes	stroma_fibroblastic_IC high	stroma	yes	17.0	67.0	1054.0	539.0	309.8481	158.4517	yes
SN124_A938797_Rep2	CGAGGAGCTTCCATAT-1	no	yes	no		unresolved	no	23.0	117.0	1696.0	673.0	498.5791	197.8442	yes
SN124_A938797_Rep2	CGAGGATCGGGAACGA-1	no	yes	no		unresolved	no	28.0	118.0	1709.0	785.0	502.4008	230.7692	yes
SN124_A938797_Rep2	CGAGGCCAGGCATTGG-1	yes	yes	yes	exclude	exclude	yes	14.0	22.0	476.0	471.0	139.9314	138.4615	yes
SN124_A938797_Rep2	CGAGGCTAAATATGGC-1	yes	yes	yes	stroma_fibroblastic_IC high	stroma	yes	29.0	71.0	1105.0	807.0	324.8408	237.2366	yes
SN124_A938797_Rep2	CGAGGGACTGCGGTCG-1	yes	yes	yes	exclude	exclude	yes	38.0	78.0	1195.0	1008.0	351.2984	296.3253	yes
SN124_A938797_Rep2	CGAGGGTATCCAGGTG-1	no	yes	no		unresolved	no	64.0	60.0	963.0	1589.0	283.0965	467.124	yes
SN124_A938797_Rep2	CGAGTACTAAAGAGGA-1	no	yes	no		unresolved	no	45.0	35.0	642.0	1164.0	188.731	342.1852	yes
SN124_A938797_Rep2	CGAGTGAAGGTACCAG-1	no	yes	no		unresolved	no	55.0	29.0	565.0	1387.0	166.0951	407.7413	yes
SN124_A938797_Rep2	CGAGTGCTATAGTTCG-1	yes	yes	yes	stroma_fibroblastic_IC high	stroma	yes	10.0	38.0	682.0	382.0	200.49	112.2979	yes
SN124_A938797_Rep2	CGAGTTCTGTCCCACC-1	yes	yes	yes	stroma_fibroblastic_IC high	stroma	yes	27.0	85.0	1285.0	762.0	377.756	224.0078	yes
SN124_A938797_Rep2	CGAGTTTATCGGACTG-1	yes	yes	yes	epitehlium&submucosa	other	yes	37.0	93.0	1387.0	986.0	407.7413	289.8579	yes
SN124_A938797_Rep2	CGATAACCAATTTGAG-1	no	yes	no		unresolved	no	6.0	124.0	1786.0	294.0	525.0367	86.4282	yes
SN124_A938797_Rep2	CGATAATACTCAGGTT-1	no	yes	no		unresolved	no	43.0	117.0	1695.0	1120.0	498.2852	329.2504	yes
SN124_A938797_Rep2	CGATACCTCGCGGACA-1	yes	yes	yes	tumor&stroma_IC med to high	mixed	yes	40.0	48.0	809.0	1052.0	237.8246	309.2602	yes
SN124_A938797_Rep2	CGATAGCGATACAGTG-1	no	yes	no		unresolved	no	66.0	10.0	321.0	1632.0	94.3655	479.7648	yes
SN124_A938797_Rep2	CGATAGTCGTACTGCA-1	no	yes	no		unresolved	no	66.0	88.0	1322.0	1634.0	388.633	480.3528	yes
SN124_A938797_Rep2	CGATATTAGCCGCAGG-1	yes	yes	yes	stroma_fibroblastic_IC high	stroma	yes	7.0	35.0	643.0	315.0	189.025	92.6017	yes
SN124_A938797_Rep2	CGATCATTAGAGGCAC-1	no	yes	no		unresolved	no	12.0	122.0	1760.0	428.0	517.3934	125.8207	yes
SN124_A938797_Rep2	CGATCCACCATTGTTG-1	no	yes	no		unresolved	no	72.0	54.0	886.0	1767.0	260.4606	519.4512	yes
SN124_A938797_Rep2	CGATCCGACCCAGTGC-1	yes	yes	yes	tumor	tumor	yes	38.0	50.0	835.0	1007.0	245.4679	296.0314	yes
SN124_A938797_Rep2	CGATCCTCGCAACATA-1	no	yes	no		unresolved	no	66.0	40.0	706.0	1633.0	207.5453	480.0588	yes
SN124_A938797_Rep2	CGATCGAGAAGCACCA-1	no	yes	no		unresolved	no	74.0	64.0	1014.0	1812.0	298.0892	532.6801	yes
SN124_A938797_Rep2	CGATCTGTTGGAGGAC-1	no	yes	no		unresolved	no	46.0	24.0	501.0	1186.0	147.2807	348.6526	yes
SN124_A938797_Rep2	CGATGGACCCTACGCC-1	yes	yes	yes	stroma_fibroblastic_IC high	stroma	yes	22.0	96.0	1426.0	651.0	419.2063	191.3768	yes
SN124_A938797_Rep2	CGATGTTGTTATCTAC-1	no	yes	no		unresolved	no	58.0	12.0	347.0	1454.0	102.0088	427.4375	yes
SN124_A938797_Rep2	CGATTAAATATCTCCT-1	no	yes	no		unresolved	no	56.0	62.0	989.0	1410.0	290.7398	414.5027	yes
SN124_A938797_Rep2	CGATTCGCCTGGCTGC-1	no	yes	no		unresolved	no	57.0	73.0	1130.0	1432.0	332.1901	420.9701	yes
SN124_A938797_Rep2	CGATTTGTCATTAATG-1	no	yes	no		unresolved	no	75.0	25.0	513.0	1834.0	150.8084	539.1475	yes
SN124_A938797_Rep2	CGCAAACACGAGTTAC-1	yes	yes	yes	stroma_fibroblastic_IC high	stroma	yes	27.0	37.0	669.0	761.0	196.6683	223.7139	yes
SN124_A938797_Rep2	CGCAATCGATCATTAG-1	no	yes	no		unresolved	no	24.0	0.0	194.0	694.0	57.0309	204.0176	yes
SN124_A938797_Rep2	CGCAATTACTTTCGGT-1	yes	yes	yes	stroma_fibroblastic_IC high	stroma	yes	23.0	33.0	617.0	672.0	181.3817	197.5502	yes
SN124_A938797_Rep2	CGCAATTAGGGTAATA-1	yes	yes	yes	stroma_fibroblastic_IC med	stroma	yes	28.0	44.0	758.0	784.0	222.8319	230.4753	yes
SN124_A938797_Rep2	CGCAATTCTACAATAA-1	yes	yes	yes	stroma desmoplastic_IC med to high	stroma	yes	26.0	28.0	553.0	739.0	162.5674	217.2464	yes
SN124_A938797_Rep2	CGCACATGTCCACTAC-1	yes	yes	yes	epitehlium&submucosa	other	yes	39.0	87.0	1310.0	1030.0	385.1053	302.7927	yes
SN124_A938797_Rep2	CGCACGTCTGTTTATG-1	no	yes	no		unresolved	no	68.0	32.0	603.0	1677.0	177.266	492.9936	yes
SN124_A938797_Rep2	CGCACGTGCGCTATCA-1	yes	yes	yes	submucosa	other	yes	39.0	99.0	1464.0	1031.0	430.3773	303.0867	yes
SN124_A938797_Rep2	CGCAGAAACATTTGCG-1	yes	yes	yes	stroma_fibroblastic_IC high	stroma	yes	8.0	58.0	939.0	337.0	276.0412	99.0691	yes
SN124_A938797_Rep2	CGCAGATCTTCACCCG-1	no	yes	no		unresolved	no	25.0	113.0	1645.0	718.0	483.5865	211.073	yes
SN124_A938797_Rep2	CGCAGGCGATCCAAAC-1	no	yes	no		unresolved	no	52.0	102.0	1502.0	1321.0	441.5483	388.339	yes
SN124_A938797_Rep2	CGCAGTTCTATCTTTC-1	no	yes	no		unresolved	no	76.0	114.0	1656.0	1858.0	486.8202	546.2028	yes
SN124_A938797_Rep2	CGCATCATGGCTTCAG-1	yes	yes	yes	exclude	exclude	yes	9.0	85.0	1285.0	360.0	377.756	105.8305	yes
SN124_A938797_Rep2	CGCATCCATCAGCCAG-1	no	yes	no		unresolved	no	28.0	116.0	1683.0	785.0	494.7575	230.7692	yes
SN124_A938797_Rep2	CGCATGCCGAATGCGT-1	no	yes	no		unresolved	no	67.0	89.0	1335.0	1656.0	392.4547	486.8202	yes
SN124_A938797_Rep2	CGCATGGTGCGATGCT-1	yes	yes	yes	tumor&stroma_IC med to high	mixed	yes	40.0	66.0	1041.0	1052.0	306.0265	309.2602	yes
SN124_A938797_Rep2	CGCATTAGCTAATAGG-1	yes	yes	yes	stroma_fibroblastic_IC high	stroma	yes	27.0	57.0	925.0	762.0	271.9255	224.0078	yes
SN124_A938797_Rep2	CGCCAAGAAGCCGAGT-1	no	yes	no		unresolved	no	39.0	17.0	411.0	1029.0	120.8231	302.4988	yes
SN124_A938797_Rep2	CGCCAATTATTGCGTT-1	no	yes	no		unresolved	no	7.0	3.0	233.0	314.0	68.4958	92.3077	yes
SN124_A938797_Rep2	CGCCACAGGTCGCGAT-1	no	yes	no		unresolved	no	49.0	9.0	308.0	1253.0	90.5439	368.3488	yes
SN124_A938797_Rep2	CGCCACCCGCATTAAC-1	no	yes	no		unresolved	no	6.0	18.0	425.0	292.0	124.9388	85.8403	yes
SN124_A938797_Rep2	CGCCAGTAGTACCTTG-1	no	yes	no		unresolved	no	74.0	8.0	295.0	1811.0	86.7222	532.3861	yes
SN124_A938797_Rep2	CGCCATCCGATTATGA-1	yes	yes	yes	stroma_fibroblastic_IC high	stroma	yes	24.0	80.0	1221.0	695.0	358.9417	204.3116	yes
SN124_A938797_Rep2	CGCCCAGCACGCCTAG-1	no	yes	no		unresolved	no	59.0	51.0	847.0	1477.0	248.9956	434.1989	yes
SN124_A938797_Rep2	CGCCCAGCGTTTCACG-1	no	yes	no		unresolved	no	65.0	89.0	1335.0	1611.0	392.4547	473.5914	yes
SN124_A938797_Rep2	CGCCCGCTTCCGTACA-1	yes	yes	yes	exclude	exclude	yes	18.0	80.0	1221.0	561.0	358.9417	164.9192	yes
SN124_A938797_Rep2	CGCCCTAATTGTTCAA-1	no	yes	no		unresolved	no	67.0	11.0	334.0	1655.0	98.1872	486.5262	yes
SN124_A938797_Rep2	CGCCCTTACATCCACC-1	no	yes	no		unresolved	no	0.0	98.0	1453.0	159.0	427.1436	46.7418	yes
SN124_A938797_Rep2	CGCCCTTGAAGGCTGA-1	yes	yes	yes	exclude	exclude	yes	24.0	20.0	450.0	694.0	132.2881	204.0176	yes
SN124_A938797_Rep2	CGCCGACTATTCGCTA-1	no	yes	no		unresolved	no	35.0	5.0	257.0	940.0	75.5512	276.3351	yes
SN124_A938797_Rep2	CGCCGCCCATGCCTGT-1	yes	yes	yes	epitehlium&submucosa	other	yes	39.0	83.0	1259.0	1030.0	370.1127	302.7927	yes
SN124_A938797_Rep2	CGCCGCGTTCTGAACG-1	no	yes	no		unresolved	no	73.0	45.0	770.0	1789.0	226.3596	525.9187	yes
SN124_A938797_Rep2	CGCCGGTGTCGCAGTA-1	no	yes	no		unresolved	no	9.0	127.0	1825.0	361.0	536.5017	106.1244	yes
SN124_A938797_Rep2	CGCCGTCTACCCATCG-1	no	yes	no		unresolved	no	38.0	122.0	1760.0	1009.0	517.3934	296.6193	yes
SN124_A938797_Rep2	CGCCGTTCAGCATAGT-1	no	yes	no		unresolved	no	58.0	104.0	1528.0	1455.0	449.1916	427.7315	yes
SN124_A938797_Rep2	CGCCTCCCTCCTCTAT-1	yes	yes	yes	stroma_fibroblastic_IC high	stroma	yes	43.0	73.0	1130.0	1120.0	332.1901	329.2504	yes
SN124_A938797_Rep2	CGCCTGGCCTACGTAA-1	no	yes	no		unresolved	no	41.0	27.0	540.0	1074.0	158.7457	315.7276	yes
SN124_A938797_Rep2	CGCCTTTAGCATGCTC-1	no	yes	no		unresolved	no	45.0	117.0	1695.0	1165.0	498.2852	342.4792	yes
SN124_A938797_Rep2	CGCGAAGTGGCATACT-1	no	yes	no		unresolved	no	64.0	96.0	1425.0	1589.0	418.9123	467.124	yes
SN124_A938797_Rep2	CGCGACACTGCGCAGC-1	no	yes	no		unresolved	no	24.0	12.0	348.0	694.0	102.3028	204.0176	yes
SN124_A938797_Rep2	CGCGACCGCGACAGAT-1	no	yes	no		unresolved	no	59.0	81.0	1233.0	1477.0	362.4694	434.1989	yes
SN124_A938797_Rep2	CGCGAGAGGGACTTGT-1	yes	yes	yes	exclude	exclude	yes	16.0	108.0	1581.0	517.0	464.7722	151.9843	yes
SN124_A938797_Rep2	CGCGAGTCTGCCGGGT-1	no	yes	no		unresolved	no	52.0	20.0	450.0	1320.0	132.2881	388.0451	yes
SN124_A938797_Rep2	CGCGCAAATGTCCAGA-1	no	yes	no		unresolved	no	56.0	24.0	501.0	1409.0	147.2807	414.2087	yes
SN124_A938797_Rep2	CGCGCAAGGAACTACA-1	yes	yes	yes	stroma_fibroblastic_IC high	stroma	yes	5.0	29.0	566.0	270.0	166.389	79.3729	yes
SN124_A938797_Rep2	CGCGCATGTTTGATTG-1	no	yes	no		unresolved	no	50.0	54.0	886.0	1276.0	260.4606	375.1102	yes
SN124_A938797_Rep2	CGCGCCCGACTTAATA-1	yes	yes	yes	stroma_fibroblastic_IC high	stroma	yes	21.0	75.0	1157.0	628.0	340.1274	184.6154	yes
SN124_A938797_Rep2	CGCGGCAGTATTACGG-1	no	yes	no		unresolved	no	12.0	16.0	399.0	426.0	117.2954	125.2327	yes
SN124_A938797_Rep2	CGCGGCTCAACTTGAA-1	no	yes	no		unresolved	no	43.0	97.0	1439.0	1120.0	423.0279	329.2504	yes
SN124_A938797_Rep2	CGCGGGAATTAGGCAG-1	yes	yes	yes	stroma_fibroblastic_IC high	stroma	yes	28.0	80.0	1221.0	785.0	358.9417	230.7692	yes
SN124_A938797_Rep2	CGCGGGAATTCCTTTC-1	no	yes	no		unresolved	no	72.0	84.0	1271.0	1768.0	373.6404	519.7452	yes
SN124_A938797_Rep2	CGCGGTAAGTCTAGCT-1	no	yes	no		unresolved	no	30.0	118.0	1709.0	830.0	502.4008	243.998	yes
SN124_A938797_Rep2	CGCGGTACGGTATACA-1	no	yes	no		unresolved	no	62.0	118.0	1708.0	1545.0	502.1068	454.1891	yes
SN124_A938797_Rep2	CGCGGTCACAAACCAA-1	yes	yes	yes	stroma_fibroblastic_IC high	stroma	yes	18.0	106.0	1555.0	562.0	457.1289	165.2131	yes
SN124_A938797_Rep2	CGCGTACATTCTGGAA-1	no	yes	no		unresolved	no	6.0	120.0	1735.0	294.0	510.0441	86.4282	yes
SN124_A938797_Rep2	CGCGTCATATTAAACC-1	yes	yes	yes	exclude	exclude	yes	2.0	64.0	1016.0	203.0	298.6771	59.6766	yes
SN124_A938797_Rep2	CGCGTGCTATCAACGA-1	no	yes	no		unresolved	no	1.0	27.0	541.0	180.0	159.0397	52.9152	yes
SN124_A938797_Rep2	CGCGTGGGCCTGTGTT-1	no	yes	no		unresolved	no	70.0	2.0	218.0	1722.0	64.0862	506.2224	yes
SN124_A938797_Rep2	CGCGTTCATGAAATAC-1	yes	yes	yes	stroma_fibroblastic_IC high	stroma	yes	27.0	51.0	848.0	762.0	249.2896	224.0078	yes
SN124_A938797_Rep2	CGCTACCGCCCTATGA-1	yes	yes	yes	exclude	exclude	yes	2.0	42.0	733.0	203.0	215.4826	59.6766	yes
SN124_A938797_Rep2	CGCTACGGGACATTTA-1	yes	yes	yes	tumor	tumor	yes	38.0	48.0	809.0	1007.0	237.8246	296.0314	yes
SN124_A938797_Rep2	CGCTAGAGACCGCTGC-1	no	yes	no		unresolved	no	39.0	101.0	1490.0	1031.0	438.0206	303.0867	yes
SN124_A938797_Rep2	CGCTATACCGCCCACT-1	yes	yes	yes	IC aggregate_stroma or muscularis	unresolved	yes	14.0	36.0	656.0	471.0	192.8466	138.4615	yes
SN124_A938797_Rep2	CGCTATCGTGGCTTTA-1	no	yes	no		unresolved	no	4.0	126.0	1812.0	249.0	532.6801	73.1994	yes
SN124_A938797_Rep2	CGCTATTCAATGTATG-1	yes	yes	yes	IC aggregate_stroma or muscularis	unresolved	yes	19.0	31.0	592.0	583.0	174.0323	171.3866	yes
SN124_A938797_Rep2	CGCTATTCTTAGGCTC-1	yes	yes	yes	stroma_fibroblastic_IC high	stroma	yes	38.0	60.0	964.0	1008.0	283.3905	296.3253	yes
SN124_A938797_Rep2	CGCTCGACATAATGAT-1	yes	yes	yes	stroma_fibroblastic_IC high	stroma	yes	21.0	45.0	771.0	628.0	226.6536	184.6154	yes
SN124_A938797_Rep2	CGCTCTCCGTAGATTA-1	yes	yes	yes	exclude	exclude	yes	33.0	37.0	668.0	896.0	196.3743	263.4003	yes
SN124_A938797_Rep2	CGCTGAGGACGTCCAA-1	yes	yes	yes	stroma_fibroblastic_IC high	stroma	yes	4.0	40.0	708.0	248.0	208.1333	72.9054	yes
SN124_A938797_Rep2	CGCTGGTGACTACCCT-1	no	yes	no		unresolved	no	48.0	98.0	1451.0	1232.0	426.5556	362.1754	yes
SN124_A938797_Rep2	CGCTGTGACGCCGCAC-1	yes	yes	yes	stroma_fibroblastic_IC high	stroma	yes	25.0	47.0	797.0	717.0	234.2969	210.779	yes
SN124_A938797_Rep2	CGCTGTGTGGATGTTG-1	no	yes	no		unresolved	no	59.0	43.0	745.0	1477.0	219.0103	434.1989	yes
SN124_A938797_Rep2	CGCTTAGTATTGATAC-1	no	yes	no		unresolved	no	66.0	52.0	860.0	1633.0	252.8172	480.0588	yes
SN124_A938797_Rep2	CGCTTATTCCCGGTCG-1	no	yes	no		unresolved	no	42.0	30.0	578.0	1097.0	169.9167	322.489	yes
SN124_A938797_Rep2	CGCTTCCACTGAAATC-1	yes	yes	yes	stroma_fibroblastic_IC high	stroma	yes	18.0	42.0	733.0	560.0	215.4826	164.6252	yes
SN124_A938797_Rep2	CGCTTCGGTCTAAGAC-1	no	yes	no		unresolved	no	66.0	104.0	1528.0	1634.0	449.1916	480.3528	yes
SN124_A938797_Rep2	CGCTTGGACGGATAGA-1	no	yes	no		unresolved	no	63.0	117.0	1695.0	1567.0	498.2852	460.6565	yes
SN124_A938797_Rep2	CGCTTTCATACCGGTG-1	yes	yes	yes	stroma_fibroblastic_IC high	stroma	yes	14.0	50.0	836.0	471.0	245.7619	138.4615	yes
SN124_A938797_Rep2	CGCTTTCCGCCAAGGT-1	no	yes	no		unresolved	no	73.0	77.0	1181.0	1790.0	347.1828	526.2126	yes
SN124_A938797_Rep2	CGCTTTCTTGCATTCG-1	yes	yes	yes	exclude	exclude	yes	31.0	85.0	1285.0	852.0	377.756	250.4655	yes
SN124_A938797_Rep2	CGGAAAGAATCAAACG-1	no	yes	no		unresolved	no	58.0	48.0	809.0	1454.0	237.8246	427.4375	yes
SN124_A938797_Rep2	CGGAAAGCAAATGTGC-1	no	yes	no		unresolved	no	18.0	6.0	271.0	560.0	79.6668	164.6252	yes
SN124_A938797_Rep2	CGGAAATTTCACATCC-1	no	yes	no		unresolved	no	4.0	82.0	1247.0	248.0	366.585	72.9054	yes
SN124_A938797_Rep2	CGGAACGTAAACATAG-1	yes	yes	yes	exclude	exclude	yes	47.0	45.0	771.0	1208.0	226.6536	355.12	yes
SN124_A938797_Rep2	CGGACCTCTGTAGTTA-1	no	yes	no		unresolved	no	76.0	52.0	860.0	1857.0	252.8172	545.9089	yes
SN124_A938797_Rep2	CGGACCTTTACGTCCC-1	no	yes	no		unresolved	no	71.0	71.0	1104.0	1745.0	324.5468	512.9838	yes
SN124_A938797_Rep2	CGGACGTTACTTGAAG-1	no	yes	no		unresolved	no	42.0	6.0	270.0	1096.0	79.3729	322.195	yes
SN124_A938797_Rep2	CGGAGCAATTTAATCG-1	no	yes	no		unresolved	no	54.0	60.0	963.0	1365.0	283.0965	401.2739	yes
SN124_A938797_Rep2	CGGAGCATGGCGATCC-1	yes	yes	yes	tumor	tumor	yes	39.0	67.0	1053.0	1030.0	309.5541	302.7927	yes
SN124_A938797_Rep2	CGGAGCTTATAACACC-1	yes	yes	yes	exclude	exclude	yes	10.0	86.0	1298.0	382.0	381.5777	112.2979	yes
SN124_A938797_Rep2	CGGAGTCCTAACCTGG-1	no	yes	no		unresolved	no	0.0	102.0	1504.0	159.0	442.1362	46.7418	yes
SN124_A938797_Rep2	CGGAGTTTGAGAGACA-1	yes	yes	yes	stroma_fibroblastic_IC high	stroma	yes	30.0	34.0	630.0	828.0	185.2033	243.4101	yes
SN124_A938797_Rep2	CGGATAAGCGGACATG-1	no	yes	no		unresolved	no	19.0	17.0	412.0	582.0	121.1171	171.0926	yes
SN124_A938797_Rep2	CGGATCCTCAAGGACT-1	no	yes	no		unresolved	no	60.0	80.0	1220.0	1500.0	358.6477	440.9603	yes
SN124_A938797_Rep2	CGGATGAATGCTGTGA-1	no	yes	no		unresolved	no	70.0	22.0	475.0	1722.0	139.6374	506.2224	yes
SN124_A938797_Rep2	CGGATTCTGCCTTATG-1	no	yes	no		unresolved	no	77.0	29.0	564.0	1879.0	165.8011	552.3763	yes
SN124_A938797_Rep2	CGGCAAACATCGTGCG-1	yes	yes	yes	exclude	exclude	yes	52.0	66.0	1040.0	1321.0	305.7325	388.339	yes
SN124_A938797_Rep2	CGGCAATAAGATCGCC-1	no	yes	no		unresolved	no	54.0	108.0	1579.0	1366.0	464.1842	401.5679	yes
SN124_A938797_Rep2	CGGCACCGTTAGCGCC-1	yes	yes	yes	exclude	exclude	yes	11.0	89.0	1337.0	405.0	393.0426	119.0593	yes
SN124_A938797_Rep2	CGGCACTCAAGAAAGT-1	yes	yes	yes	stroma desmoplastic_IC low	stroma	yes	12.0	28.0	553.0	426.0	162.5674	125.2327	yes
SN124_A938797_Rep2	CGGCAGGGTCGGGTTG-1	yes	yes	yes	tumor&stroma_IC med to high	mixed	yes	32.0	94.0	1400.0	874.0	411.563	256.9329	yes
SN124_A938797_Rep2	CGGCCACGCACAAAGT-1	yes	yes	yes	stroma_fibroblastic_IC high	stroma	yes	35.0	59.0	951.0	941.0	279.5688	276.6291	yes
SN124_A938797_Rep2	CGGCCAGAGCGACCAT-1	no	yes	no		unresolved	no	67.0	49.0	821.0	1655.0	241.3523	486.5262	yes
SN124_A938797_Rep2	CGGCCCAACCTGTAGT-1	no	yes	no		unresolved	no	28.0	112.0	1632.0	785.0	479.7648	230.7692	yes
SN124_A938797_Rep2	CGGCCCAGGTATATCC-1	no	yes	no		unresolved	no	43.0	105.0	1541.0	1120.0	453.0132	329.2504	yes
SN124_A938797_Rep2	CGGCGCCATCAATCCC-1	no	yes	no		unresolved	no	59.0	93.0	1387.0	1477.0	407.7413	434.1989	yes
SN124_A938797_Rep2	CGGCTCTAAAGCTGCA-1	no	yes	no		unresolved	no	46.0	110.0	1605.0	1187.0	471.8275	348.9466	yes
SN124_A938797_Rep2	CGGCTCTTCGTCGAAC-1	no	yes	no		unresolved	no	8.0	86.0	1298.0	338.0	381.5777	99.3631	yes
SN124_A938797_Rep2	CGGCTGAAGGTTACGC-1	no	yes	no		unresolved	no	1.0	117.0	1697.0	182.0	498.8731	53.5032	yes
SN124_A938797_Rep2	CGGCTGCAAGATTAAG-1	yes	yes	yes	stroma_fibroblastic_IC high	stroma	yes	4.0	68.0	1067.0	248.0	313.6698	72.9054	yes
SN124_A938797_Rep2	CGGCTTTGTATGATAA-1	yes	yes	yes	stroma_fibroblastic_IC high	stroma	yes	8.0	56.0	913.0	337.0	268.3978	99.0691	yes
SN124_A938797_Rep2	CGGGAACGCCCTGCAT-1	no	yes	no		unresolved	no	71.0	9.0	308.0	1744.0	90.5439	512.6899	yes
SN124_A938797_Rep2	CGGGAAGTACCGTGGC-1	no	yes	no		unresolved	no	70.0	12.0	346.0	1722.0	101.7148	506.2224	yes
SN124_A938797_Rep2	CGGGAATATAGTATAC-1	no	yes	no		unresolved	no	47.0	105.0	1541.0	1209.0	453.0132	355.414	yes
SN124_A938797_Rep2	CGGGAATTTATGTAAA-1	yes	yes	yes	stroma_fibroblastic_IC high	stroma	yes	45.0	65.0	1028.0	1164.0	302.2048	342.1852	yes
SN124_A938797_Rep2	CGGGAGCTTCAGTGTA-1	no	yes	no		unresolved	no	49.0	91.0	1361.0	1254.0	400.098	368.6428	yes
SN124_A938797_Rep2	CGGGAGTATACCGCCG-1	no	yes	no		unresolved	no	19.0	15.0	386.0	582.0	113.4738	171.0926	yes
SN124_A938797_Rep2	CGGGATCAATGTAAGA-1	yes	yes	yes	stroma_fibroblastic_IC med	stroma	yes	23.0	59.0	951.0	672.0	279.5688	197.5502	yes
SN124_A938797_Rep2	CGGGCAGCTAAACCGC-1	yes	yes	yes	stroma_fibroblastic_IC high	stroma	yes	32.0	56.0	912.0	874.0	268.1039	256.9329	yes
SN124_A938797_Rep2	CGGGCCATAGCCGCAC-1	no	yes	no		unresolved	no	14.0	18.0	425.0	471.0	124.9388	138.4615	yes
SN124_A938797_Rep2	CGGGCCTTCTTTGTAA-1	yes	yes	yes	stroma_fibroblastic_IC med	stroma	yes	41.0	55.0	899.0	1075.0	264.2822	316.0216	yes
SN124_A938797_Rep2	CGGGCGATGGATCACG-1	no	yes	no		unresolved	no	69.0	75.0	1155.0	1701.0	339.5394	500.049	yes
SN124_A938797_Rep2	CGGGCTACTTAAATTG-1	no	yes	no		unresolved	no	5.0	121.0	1748.0	271.0	513.8657	79.6668	yes
SN124_A938797_Rep2	CGGGTGTACCCATTTA-1	yes	yes	yes	tumor	tumor	yes	32.0	86.0	1298.0	874.0	381.5777	256.9329	yes
SN124_A938797_Rep2	CGGGTTCGGCACGTAT-1	no	yes	no		unresolved	no	7.0	107.0	1568.0	316.0	460.9505	92.8956	yes
SN124_A938797_Rep2	CGGGTTGTAGCTTTGG-1	no	yes	no		unresolved	no	3.0	21.0	464.0	225.0	136.4037	66.144	yes
SN124_A938797_Rep2	CGGGTTTGTTAGGGCT-1	no	yes	no		unresolved	no	56.0	114.0	1656.0	1411.0	486.8202	414.7967	yes
SN124_A938797_Rep2	CGGTAACAAGATACAT-1	no	yes	no		unresolved	no	2.0	4.0	246.0	202.0	72.3175	59.3827	yes
SN124_A938797_Rep2	CGGTACGGCAAACCCA-1	no	yes	no		unresolved	no	53.0	1.0	206.0	1342.0	60.5585	394.5125	yes
SN124_A938797_Rep2	CGGTACTAGAATCAAA-1	yes	yes	yes	submucosa	other	yes	43.0	83.0	1259.0	1120.0	370.1127	329.2504	yes
SN124_A938797_Rep2	CGGTAGAGGTGCAGGT-1	yes	yes	yes	stroma_fibroblastic_IC high	stroma	yes	22.0	92.0	1375.0	651.0	404.2136	191.3768	yes
SN124_A938797_Rep2	CGGTATAGGTATTAGC-1	no	yes	no		unresolved	no	11.0	99.0	1465.0	405.0	430.6712	119.0593	yes
SN124_A938797_Rep2	CGGTATGGGCACTCTG-1	no	yes	no		unresolved	no	75.0	77.0	1181.0	1835.0	347.1828	539.4414	yes
SN124_A938797_Rep2	CGGTCAAGTGGGAACC-1	yes	yes	yes	tumor&stroma_IC med to high	mixed	yes	26.0	80.0	1221.0	740.0	358.9417	217.5404	yes
SN124_A938797_Rep2	CGGTCAGTCCATATTT-1	no	yes	no		unresolved	no	58.0	126.0	1810.0	1456.0	532.0921	428.0255	yes
SN124_A938797_Rep2	CGGTCCATGAGACTCC-1	no	yes	no		unresolved	no	20.0	118.0	1709.0	606.0	502.4008	178.148	yes
SN124_A938797_Rep2	CGGTCCGTCGCAAGCC-1	no	yes	no		unresolved	no	63.0	51.0	847.0	1566.0	248.9956	460.3626	yes
SN124_A938797_Rep2	CGGTCTATCAACCCGT-1	yes	yes	yes	stroma_fibroblastic_IC high	stroma	yes	18.0	82.0	1247.0	561.0	366.585	164.9192	yes
SN124_A938797_Rep2	CGGTGAAGACTAAAGT-1	no	yes	no		unresolved	no	35.0	23.0	489.0	940.0	143.7531	276.3351	yes
SN124_A938797_Rep2	CGGTGCAGATAGAACG-1	no	yes	no		unresolved	no	42.0	36.0	655.0	1097.0	192.5527	322.489	yes
SN124_A938797_Rep2	CGGTGCGCGTTGGTCC-1	no	yes	no		unresolved	no	49.0	39.0	694.0	1253.0	204.0176	368.3488	yes
SN124_A938797_Rep2	CGGTGGGCTCCAGCCT-1	yes	yes	yes	exclude	exclude	yes	15.0	99.0	1465.0	494.0	430.6712	145.2229	yes
SN124_A938797_Rep2	CGGTGTACTTGATCCC-1	yes	yes	yes	stroma desmoplastic_IC low	stroma	yes	17.0	31.0	592.0	538.0	174.0323	158.1578	yes
SN124_A938797_Rep2	CGGTTATCCAACAGTG-1	yes	yes	yes	tumor	tumor	yes	30.0	98.0	1452.0	830.0	426.8496	243.998	yes
SN124_A938797_Rep2	CGGTTCAAGTAGGTGT-1	yes	yes	yes	IC aggregate_stroma or muscularis	unresolved	yes	24.0	98.0	1452.0	695.0	426.8496	204.3116	yes
SN124_A938797_Rep2	CGGTTCCGGCTTCTTG-1	yes	yes	yes	stroma desmoplastic_IC med to high	stroma	yes	9.0	29.0	566.0	359.0	166.389	105.5365	yes
SN124_A938797_Rep2	CGGTTGACCTGGCATA-1	no	yes	no		unresolved	no	39.0	25.0	514.0	1029.0	151.1024	302.4988	yes
SN124_A938797_Rep2	CGGTTGAGTATCCTTC-1	no	yes	no		unresolved	no	66.0	30.0	578.0	1633.0	169.9167	480.0588	yes
SN124_A938797_Rep2	CGGTTGGGCAGGGTCC-1	no	yes	no		unresolved	no	73.0	75.0	1155.0	1790.0	339.5394	526.2126	yes
SN124_A938797_Rep2	CGGTTGGGTTCAAGTT-1	no	yes	no		unresolved	no	8.0	100.0	1478.0	338.0	434.4929	99.3631	yes
SN124_A938797_Rep2	CGGTTTACTGAACATT-1	no	yes	no		unresolved	no	66.0	2.0	218.0	1632.0	64.0862	479.7648	yes
SN124_A938797_Rep2	CGGTTTATGAAGGAAC-1	no	yes	no		unresolved	no	10.0	104.0	1529.0	383.0	449.4855	112.5919	yes
SN124_A938797_Rep2	CGTAAACGCTTGAGTG-1	no	yes	no		unresolved	no	11.0	23.0	489.0	404.0	143.7531	118.7653	yes
SN124_A938797_Rep2	CGTAAAGCAAGAAATC-1	no	yes	no		unresolved	no	70.0	28.0	552.0	1722.0	162.2734	506.2224	yes
SN124_A938797_Rep2	CGTAAATAACAAAGGG-1	no	yes	no		unresolved	no	75.0	55.0	898.0	1834.0	263.9882	539.1475	yes
SN124_A938797_Rep2	CGTAACGGAACGATCA-1	no	yes	no		unresolved	no	1.0	121.0	1748.0	182.0	513.8657	53.5032	yes
SN124_A938797_Rep2	CGTAACTTCGACACTT-1	no	yes	no		unresolved	no	68.0	50.0	834.0	1678.0	245.1739	493.2876	yes
SN124_A938797_Rep2	CGTAATAATTACGAGT-1	no	yes	no		unresolved	no	14.0	6.0	271.0	470.0	79.6668	138.1676	yes
SN124_A938797_Rep2	CGTAATATGGCCCTTG-1	no	yes	no		unresolved	no	77.0	121.0	1746.0	1880.0	513.2778	552.6703	yes
SN124_A938797_Rep2	CGTACCGAAAGTCTAG-1	no	yes	no		unresolved	no	10.0	12.0	348.0	381.0	102.3028	112.0039	yes
SN124_A938797_Rep2	CGTACCTGATAGGCCT-1	yes	yes	yes	stroma_fibroblastic_IC high	stroma	yes	22.0	68.0	1067.0	650.0	313.6698	191.0828	yes
SN124_A938797_Rep2	CGTAGAGAGTAATTAT-1	no	yes	no		unresolved	no	67.0	87.0	1309.0	1656.0	384.8114	486.8202	yes
SN124_A938797_Rep2	CGTAGCGAATTGTCAG-1	yes	yes	yes	stroma_fibroblastic_IC high	stroma	yes	13.0	71.0	1106.0	449.0	325.1347	131.9941	yes
SN124_A938797_Rep2	CGTAGCGCCGACGTTG-1	yes	yes	yes	stroma_fibroblastic_IC med	stroma	yes	7.0	53.0	875.0	315.0	257.2268	92.6017	yes
SN124_A938797_Rep2	CGTATCTAGAACTAAG-1	no	yes	no		unresolved	no	66.0	120.0	1733.0	1634.0	509.4561	480.3528	yes
SN124_A938797_Rep2	CGTATTAAGAGATCTA-1	yes	yes	yes	stroma_fibroblastic_IC med	stroma	yes	32.0	54.0	887.0	873.0	260.7545	256.6389	yes
SN124_A938797_Rep2	CGTATTGTTTCCTAAT-1	no	yes	no		unresolved	no	23.0	125.0	1799.0	674.0	528.8584	198.1382	yes
SN124_A938797_Rep2	CGTATTGTTTGGCGCC-1	no	yes	no		unresolved	no	71.0	1.0	205.0	1744.0	60.2646	512.6899	yes
SN124_A938797_Rep2	CGTCAAATGGTCGCAG-1	no	yes	no		unresolved	no	20.0	124.0	1786.0	607.0	525.0367	178.4419	yes
SN124_A938797_Rep2	CGTCAAGGCTATAAAT-1	no	yes	no		unresolved	no	30.0	14.0	373.0	828.0	109.6521	243.4101	yes
SN124_A938797_Rep2	CGTCAATCTTTAACAT-1	no	yes	no		unresolved	no	11.0	9.0	309.0	404.0	90.8378	118.7653	yes
SN124_A938797_Rep2	CGTCACGTCCATTGGT-1	yes	yes	yes	stroma_fibroblastic_IC high	stroma	yes	47.0	51.0	848.0	1209.0	249.2896	355.414	yes
SN124_A938797_Rep2	CGTCAGCTATTTACTC-1	no	yes	no		unresolved	no	17.0	11.0	335.0	538.0	98.4811	158.1578	yes
SN124_A938797_Rep2	CGTCAGTGCGCACAAG-1	yes	yes	yes	tumor	tumor	yes	11.0	49.0	823.0	404.0	241.9402	118.7653	yes
SN124_A938797_Rep2	CGTCAGTTTATCGTCT-1	yes	yes	yes	stroma_fibroblastic_IC high	stroma	yes	2.0	60.0	965.0	203.0	283.6845	59.6766	yes
SN124_A938797_Rep2	CGTCATACCATATCCA-1	yes	yes	yes	exclude	exclude	yes	20.0	20.0	450.0	605.0	132.2881	177.854	yes
SN124_A938797_Rep2	CGTCCAGATGGCTCCA-1	no	yes	no		unresolved	no	12.0	0.0	194.0	426.0	57.0309	125.2327	yes
SN124_A938797_Rep2	CGTCCTCATCGCGTGC-1	no	yes	no		unresolved	no	71.0	111.0	1618.0	1746.0	475.6492	513.2778	yes
SN124_A938797_Rep2	CGTCGCATGTGAGCCA-1	no	yes	no		unresolved	no	65.0	77.0	1181.0	1611.0	347.1828	473.5914	yes
SN124_A938797_Rep2	CGTCGCGGCGGGATTT-1	no	yes	no		unresolved	no	12.0	14.0	374.0	426.0	109.9461	125.2327	yes
SN124_A938797_Rep2	CGTCGCTTGGTTATAC-1	no	yes	no		unresolved	no	63.0	25.0	513.0	1566.0	150.8084	460.3626	yes
SN124_A938797_Rep2	CGTCGGATAGTGTTGA-1	yes	yes	yes	tumor	tumor	yes	34.0	96.0	1426.0	919.0	419.2063	270.1617	yes
SN124_A938797_Rep2	CGTCGGGTCTAAGCGC-1	no	yes	no		unresolved	no	54.0	22.0	475.0	1364.0	139.6374	400.9799	yes
SN124_A938797_Rep2	CGTCGTCCTTCGCGAA-1	no	yes	no		unresolved	no	56.0	76.0	1169.0	1410.0	343.6551	414.5027	yes
SN124_A938797_Rep2	CGTCTCTCGCCGAGGC-1	no	yes	no		unresolved	no	5.0	127.0	1825.0	271.0	536.5017	79.6668	yes
SN124_A938797_Rep2	CGTCTGGAAGGGCCCG-1	yes	yes	yes	stroma_fibroblastic_IC med	stroma	yes	16.0	62.0	990.0	516.0	291.0338	151.6903	yes
SN124_A938797_Rep2	CGTCTTGAGTGTGACG-1	no	yes	no		unresolved	no	41.0	125.0	1798.0	1076.0	528.5644	316.3155	yes
SN124_A938797_Rep2	CGTGAACTGACCCGAT-1	no	yes	no		unresolved	no	74.0	2.0	218.0	1811.0	64.0862	532.3861	yes
SN124_A938797_Rep2	CGTGAAGTTAATTCAC-1	yes	yes	yes	stroma_fibroblastic_IC med	stroma	yes	40.0	56.0	912.0	1052.0	268.1039	309.2602	yes
SN124_A938797_Rep2	CGTGACATTGGGTCGT-1	yes	yes	yes	stroma_fibroblastic_IC high	stroma	yes	15.0	83.0	1260.0	494.0	370.4067	145.2229	yes
SN124_A938797_Rep2	CGTGACCAGTCCTCTG-1	no	yes	no		unresolved	no	63.0	55.0	899.0	1566.0	264.2822	460.3626	yes
SN124_A938797_Rep2	CGTGCACACCACTGTA-1	no	yes	no		unresolved	no	72.0	90.0	1348.0	1768.0	396.2763	519.7452	yes
SN124_A938797_Rep2	CGTGCAGACTGGGACA-1	yes	yes	yes	stroma_fibroblastic_IC high	stroma	yes	40.0	74.0	1143.0	1053.0	336.0118	309.5541	yes
SN124_A938797_Rep2	CGTGCATTGTCGACGC-1	no	yes	no		unresolved	no	39.0	31.0	591.0	1029.0	173.7384	302.4988	yes
SN124_A938797_Rep2	CGTGCCCGACATTTGT-1	yes	yes	yes	stroma_fibroblastic_IC med	stroma	yes	1.0	59.0	952.0	181.0	279.8628	53.2092	yes
SN124_A938797_Rep2	CGTGCCCTCCCGAAGA-1	yes	yes	yes	non neo epithelium	normal epithelium	yes	43.0	77.0	1182.0	1120.0	347.4767	329.2504	yes
SN124_A938797_Rep2	CGTGCTGGCCTAGTCG-1	no	yes	no		unresolved	no	9.0	19.0	438.0	359.0	128.7604	105.5365	yes
SN124_A938797_Rep2	CGTGCTTCTACCTAAA-1	no	yes	no		unresolved	no	62.0	28.0	552.0	1543.0	162.2734	453.6012	yes
SN124_A938797_Rep2	CGTGGAAGCCTCGTAC-1	no	yes	no		unresolved	no	48.0	120.0	1734.0	1232.0	509.7501	362.1754	yes
SN124_A938797_Rep2	CGTGGCCGAATATCTA-1	no	yes	no		unresolved	no	47.0	101.0	1490.0	1209.0	438.0206	355.414	yes
SN124_A938797_Rep2	CGTGGTACCCAAAGGC-1	no	yes	no		unresolved	no	66.0	42.0	732.0	1633.0	215.1886	480.0588	yes
SN124_A938797_Rep2	CGTGTATGGGAGCTGA-1	no	yes	no		unresolved	no	65.0	111.0	1618.0	1612.0	475.6492	473.8853	yes
SN124_A938797_Rep2	CGTGTCCCATTCGCGA-1	yes	yes	yes	stroma_fibroblastic_IC high	stroma	yes	28.0	40.0	707.0	784.0	207.8393	230.4753	yes
SN124_A938797_Rep2	CGTGTCTCGTTACGAC-1	no	yes	no		unresolved	no	60.0	34.0	629.0	1499.0	184.9094	440.6663	yes
SN124_A938797_Rep2	CGTGTGTTAAACCCTG-1	no	yes	no		unresolved	no	32.0	116.0	1683.0	875.0	494.7575	257.2268	yes
SN124_A938797_Rep2	CGTTAAACTAGTTAGG-1	no	yes	no		unresolved	no	49.0	111.0	1618.0	1254.0	475.6492	368.6428	yes
SN124_A938797_Rep2	CGTTAAATACGACCAG-1	no	yes	no		unresolved	no	74.0	118.0	1707.0	1813.0	501.8128	532.974	yes
SN124_A938797_Rep2	CGTTAATGTCCCGACG-1	no	yes	no		unresolved	no	59.0	87.0	1310.0	1477.0	385.1053	434.1989	yes
SN124_A938797_Rep2	CGTTAGCTCACAACTG-1	yes	yes	yes	stroma_fibroblastic_IC high	stroma	yes	14.0	90.0	1349.0	472.0	396.5703	138.7555	yes
SN124_A938797_Rep2	CGTTATCATACTTCCA-1	no	yes	no		unresolved	no	45.0	1.0	206.0	1163.0	60.5585	341.8912	yes
SN124_A938797_Rep2	CGTTCAAGGAAACGGA-1	no	yes	no		unresolved	no	70.0	46.0	783.0	1722.0	230.1813	506.2224	yes
SN124_A938797_Rep2	CGTTCAGACCCGCGAA-1	no	yes	no		unresolved	no	65.0	61.0	976.0	1611.0	286.9182	473.5914	yes
SN124_A938797_Rep2	CGTTCATGGTGCGCGT-1	no	yes	no		unresolved	no	48.0	20.0	450.0	1230.0	132.2881	361.5875	yes
SN124_A938797_Rep2	CGTTCTTCGCACACCT-1	yes	yes	yes	tumor	tumor	yes	19.0	109.0	1593.0	584.0	468.2998	171.6805	yes
SN124_A938797_Rep2	CGTTGAATACCGCGCT-1	no	yes	no		unresolved	no	57.0	77.0	1181.0	1432.0	347.1828	420.9701	yes
SN124_A938797_Rep2	CGTTGAGCGACCGTCG-1	yes	yes	yes	epitehlium&submucosa	other	yes	44.0	74.0	1143.0	1142.0	336.0118	335.7178	yes
SN124_A938797_Rep2	CGTTGAGTAATTGCGT-1	no	yes	no		unresolved	no	11.0	101.0	1491.0	405.0	438.3145	119.0593	yes
SN124_A938797_Rep2	CGTTGCCCGCGTGGGA-1	no	yes	no		unresolved	no	65.0	45.0	770.0	1611.0	226.3596	473.5914	yes
SN124_A938797_Rep2	CGTTGTAAACGTCAGG-1	no	yes	no		unresolved	no	21.0	13.0	361.0	627.0	106.1244	184.3214	yes
SN124_A938797_Rep2	CGTTGTAAGATTGATT-1	yes	yes	yes	tumor&stroma_IC med to high	mixed	yes	26.0	108.0	1580.0	740.0	464.4782	217.5404	yes
SN124_A938797_Rep2	CGTTGTCGGCAATTGA-1	no	yes	no		unresolved	no	64.0	66.0	1040.0	1589.0	305.7325	467.124	yes
SN124_A938797_Rep2	CGTTGTTTCAATTCCC-1	yes	yes	yes	tumor&stroma_IC med to high	mixed	yes	34.0	40.0	707.0	918.0	207.8393	269.8677	yes
SN124_A938797_Rep2	CGTTTAAGCGGAGCAC-1	yes	yes	yes	stroma_fibroblastic_IC high	stroma	yes	13.0	59.0	951.0	449.0	279.5688	131.9941	yes
SN124_A938797_Rep2	CGTTTACAAGGCAGCT-1	no	yes	no		unresolved	no	21.0	117.0	1696.0	629.0	498.5791	184.9094	yes
SN124_A938797_Rep2	CGTTTCACTTCGGGCG-1	yes	yes	yes	stroma_fibroblastic_IC high	stroma	yes	18.0	92.0	1375.0	561.0	404.2136	164.9192	yes
SN124_A938797_Rep2	CGTTTCGCTCATTACA-1	yes	yes	yes	stroma_fibroblastic_IC high	stroma	yes	35.0	49.0	822.0	940.0	241.6462	276.3351	yes
SN124_A938797_Rep2	CGTTTCGGTTATATGC-1	no	yes	no		unresolved	no	74.0	116.0	1682.0	1813.0	494.4635	532.974	yes
SN124_A938797_Rep2	CGTTTGGTGTTGTGGG-1	no	yes	no		unresolved	no	62.0	120.0	1733.0	1545.0	509.4561	454.1891	yes
SN124_A938797_Rep2	CGTTTGTGTAGAGGGT-1	no	yes	no		unresolved	no	55.0	41.0	719.0	1387.0	211.367	407.7413	yes
SN124_A938797_Rep2	CTAAACGGGTGTAATC-1	yes	yes	yes	stroma_fibroblastic_IC med	stroma	yes	4.0	42.0	733.0	248.0	215.4826	72.9054	yes
SN124_A938797_Rep2	CTAAAGAATGCCTACT-1	yes	yes	yes	stroma_fibroblastic_IC high	stroma	yes	36.0	36.0	655.0	963.0	192.5527	283.0965	yes
SN124_A938797_Rep2	CTAAAGGATGAGATAC-1	no	yes	no		unresolved	no	77.0	65.0	1027.0	1879.0	301.9108	552.3763	yes
SN124_A938797_Rep2	CTAAAGGGAAATAGGA-1	yes	yes	yes	stroma_fibroblastic_IC med	stroma	yes	44.0	62.0	989.0	1142.0	290.7398	335.7178	yes
SN124_A938797_Rep2	CTAAAGTCCGAAGCTA-1	no	yes	no		unresolved	no	4.0	22.0	477.0	247.0	140.2254	72.6115	yes
SN124_A938797_Rep2	CTAAATCCGGTGTACA-1	no	yes	no		unresolved	no	61.0	35.0	642.0	1521.0	188.731	447.1338	yes
SN124_A938797_Rep2	CTAAATCCTATTCCGG-1	yes	yes	yes	stroma_fibroblastic_IC high	stroma	yes	26.0	84.0	1272.0	740.0	373.9343	217.5404	yes
SN124_A938797_Rep2	CTAACAGCACAATAAC-1	no	yes	no		unresolved	no	61.0	1.0	205.0	1521.0	60.2646	447.1338	yes
SN124_A938797_Rep2	CTAACCGCGCGCCCGT-1	no	yes	no		unresolved	no	37.0	35.0	643.0	985.0	189.025	289.5639	yes
SN124_A938797_Rep2	CTAACGAAACTTGCTG-1	yes	yes	yes	tumor	tumor	yes	30.0	94.0	1400.0	829.0	411.563	243.7041	yes
SN124_A938797_Rep2	CTAACTGATAATCGCC-1	no	yes	no		unresolved	no	58.0	102.0	1502.0	1455.0	441.5483	427.7315	yes
SN124_A938797_Rep2	CTAACTGGTCCGGTTC-1	no	yes	no		unresolved	no	50.0	36.0	655.0	1275.0	192.5527	374.8163	yes
SN124_A938797_Rep2	CTAAGGGAATGATTGG-1	yes	yes	yes	stroma_fibroblastic_IC high	stroma	yes	44.0	72.0	1117.0	1142.0	328.3684	335.7178	yes
SN124_A938797_Rep2	CTAAGTACAGGGCTAC-1	no	yes	no		unresolved	no	6.0	102.0	1504.0	293.0	442.1362	86.1342	yes
SN124_A938797_Rep2	CTAATGCGCCCAACAA-1	no	yes	no		unresolved	no	4.0	0.0	194.0	247.0	57.0309	72.6115	yes
SN124_A938797_Rep2	CTAATTATGAAGCGTA-1	no	yes	no		unresolved	no	11.0	121.0	1748.0	405.0	513.8657	119.0593	yes
SN124_A938797_Rep2	CTAATTCGCACGCGCT-1	yes	yes	yes	stroma_fibroblastic_IC high	stroma	yes	28.0	34.0	630.0	784.0	185.2033	230.4753	yes
SN124_A938797_Rep2	CTAATTCTCAGATATT-1	yes	yes	yes	stroma_fibroblastic_IC high	stroma	yes	27.0	105.0	1542.0	763.0	453.3072	224.3018	yes
SN124_A938797_Rep2	CTAATTTCAACAACAC-1	yes	yes	yes	stroma desmoplastic_IC low	stroma	yes	21.0	27.0	540.0	627.0	158.7457	184.3214	yes
SN124_A938797_Rep2	CTACAAGAAATAACCC-1	no	yes	no		unresolved	no	58.0	40.0	706.0	1454.0	207.5453	427.4375	yes
SN124_A938797_Rep2	CTACACTAGCTTGTTC-1	yes	yes	yes	stroma_fibroblastic_IC high	stroma	yes	4.0	38.0	682.0	248.0	200.49	72.9054	yes
SN124_A938797_Rep2	CTACACTCGCAGATGG-1	no	yes	no		unresolved	no	57.0	101.0	1490.0	1433.0	438.0206	421.2641	yes
SN124_A938797_Rep2	CTACATATCGCGGGAC-1	no	yes	no		unresolved	no	68.0	12.0	346.0	1677.0	101.7148	492.9936	yes
SN124_A938797_Rep2	CTACCCTAAGGTCATA-1	yes	yes	yes	tumor	tumor	yes	31.0	91.0	1362.0	852.0	400.392	250.4655	yes
SN124_A938797_Rep2	CTACGAACTAGGTCGA-1	yes	yes	yes	stroma_fibroblastic_IC high	stroma	yes	5.0	73.0	1131.0	271.0	332.4841	79.6668	yes
SN124_A938797_Rep2	CTACGACTAGCTATAA-1	no	yes	no		unresolved	no	38.0	24.0	501.0	1007.0	147.2807	296.0314	yes
SN124_A938797_Rep2	CTACGATCCTATCCTA-1	no	yes	no		unresolved	no	69.0	19.0	436.0	1700.0	128.1725	499.755	yes
SN124_A938797_Rep2	CTACGCACGGAGTACC-1	yes	yes	yes	stroma_fibroblastic_IC high	stroma	yes	35.0	57.0	925.0	941.0	271.9255	276.6291	yes
SN124_A938797_Rep2	CTACGCCATTTCCGAT-1	yes	yes	yes	stroma_fibroblastic_IC high	stroma	yes	12.0	80.0	1221.0	427.0	358.9417	125.5267	yes
SN124_A938797_Rep2	CTACGTGTTGCCACCA-1	yes	yes	yes	stroma desmoplastic_IC med to high	stroma	yes	6.0	24.0	502.0	292.0	147.5747	85.8403	yes
SN124_A938797_Rep2	CTACTATCATAGGTTT-1	no	yes	no		unresolved	no	53.0	25.0	514.0	1342.0	151.1024	394.5125	yes
SN124_A938797_Rep2	CTACTATCTTTCAGAG-1	yes	yes	yes	tumor&stroma_IC med to high	mixed	yes	29.0	93.0	1388.0	807.0	408.0353	237.2366	yes
SN124_A938797_Rep2	CTACTCAAGGTATAGT-1	no	yes	no		unresolved	no	60.0	42.0	732.0	1499.0	215.1886	440.6663	yes
SN124_A938797_Rep2	CTACTCTAGGCCCGGC-1	no	yes	no		unresolved	no	31.0	25.0	514.0	851.0	151.1024	250.1715	yes
SN124_A938797_Rep2	CTACTGCCACCTGACC-1	yes	yes	yes	stroma_fibroblastic_IC high	stroma	yes	27.0	63.0	1002.0	762.0	294.5615	224.0078	yes
SN124_A938797_Rep2	CTAGACATATATGTAG-1	no	yes	no		unresolved	no	8.0	108.0	1581.0	338.0	464.7722	99.3631	yes
SN124_A938797_Rep2	CTAGACTGCATTTCGT-1	no	yes	no		unresolved	no	10.0	96.0	1427.0	383.0	419.5002	112.5919	yes
SN124_A938797_Rep2	CTAGATAAACTCCTCG-1	yes	yes	yes	stroma desmoplastic_IC low	stroma	yes	7.0	25.0	515.0	314.0	151.3964	92.3077	yes
SN124_A938797_Rep2	CTAGATGTGAGTGTAA-1	yes	yes	yes	tumor&stroma_IC med to high	mixed	yes	33.0	103.0	1516.0	897.0	445.6639	263.6943	yes
SN124_A938797_Rep2	CTAGATTTACGACGGC-1	yes	yes	yes	tumor&stroma_IC med to high	mixed	yes	42.0	74.0	1143.0	1097.0	336.0118	322.489	yes
SN124_A938797_Rep2	CTAGCAACTAATTTAC-1	no	yes	no		unresolved	no	2.0	28.0	554.0	203.0	162.8613	59.6766	yes
SN124_A938797_Rep2	CTAGCATAGTATAATG-1	yes	yes	yes	stroma_fibroblastic_IC high	stroma	yes	34.0	66.0	1041.0	918.0	306.0265	269.8677	yes
SN124_A938797_Rep2	CTAGCCACAGGCGAGC-1	no	yes	no		unresolved	no	59.0	117.0	1695.0	1478.0	498.2852	434.4929	yes
SN124_A938797_Rep2	CTAGCCCGGGAGACGA-1	no	yes	no		unresolved	no	77.0	37.0	667.0	1879.0	196.0804	552.3763	yes
SN124_A938797_Rep2	CTAGCCGATGTTATGA-1	yes	yes	yes	stroma_fibroblastic_IC high	stroma	yes	23.0	101.0	1490.0	673.0	438.0206	197.8442	yes
SN124_A938797_Rep2	CTAGCGCCAATCCTAC-1	no	yes	no		unresolved	no	0.0	114.0	1658.0	159.0	487.4081	46.7418	yes
SN124_A938797_Rep2	CTAGCTTAATGGTCCC-1	no	yes	no		unresolved	no	47.0	125.0	1798.0	1210.0	528.5644	355.708	yes
SN124_A938797_Rep2	CTAGGCGCCCTATCAG-1	no	yes	no		unresolved	no	51.0	91.0	1361.0	1299.0	400.098	381.8716	yes
SN124_A938797_Rep2	CTAGGCGGCAGAGAAT-1	yes	yes	yes	stroma_fibroblastic_IC high	stroma	yes	4.0	32.0	605.0	247.0	177.854	72.6115	yes
SN124_A938797_Rep2	CTAGGGATAGGGACAA-1	no	yes	no		unresolved	no	71.0	43.0	744.0	1745.0	218.7163	512.9838	yes
SN124_A938797_Rep2	CTAGGTCTGAAGGAAT-1	no	yes	no		unresolved	no	36.0	104.0	1529.0	964.0	449.4855	283.3905	yes
SN124_A938797_Rep2	CTAGGTTCGGACGTGA-1	no	yes	no		unresolved	no	58.0	70.0	1091.0	1455.0	320.7251	427.7315	yes
SN124_A938797_Rep2	CTAGTAGAAAGGGATT-1	no	yes	no		unresolved	no	63.0	81.0	1233.0	1567.0	362.4694	460.6565	yes
SN124_A938797_Rep2	CTAGTATTCGGAATTA-1	yes	yes	yes	stroma_fibroblastic_IC high	stroma	yes	14.0	80.0	1221.0	472.0	358.9417	138.7555	yes
SN124_A938797_Rep2	CTAGTCACGTCTTAAG-1	yes	yes	yes	stroma_fibroblastic_IC med	stroma	yes	37.0	69.0	1079.0	985.0	317.1974	289.5639	yes
SN124_A938797_Rep2	CTAGTGAAGGACAGGA-1	yes	yes	yes	tumor	tumor	yes	34.0	38.0	681.0	918.0	200.196	269.8677	yes
SN124_A938797_Rep2	CTAGTTACAACCCGGT-1	no	yes	no		unresolved	no	53.0	67.0	1053.0	1343.0	309.5541	394.8065	yes
SN124_A938797_Rep2	CTAGTTGGGCCCGGTA-1	yes	yes	yes	stroma_fibroblastic_IC med	stroma	yes	26.0	68.0	1067.0	740.0	313.6698	217.5404	yes
SN124_A938797_Rep2	CTATAAGAGCCAATCG-1	yes	yes	yes	stroma_fibroblastic_IC high	stroma	yes	26.0	100.0	1478.0	740.0	434.4929	217.5404	yes
SN124_A938797_Rep2	CTATAAGTAGGGTTTG-1	no	yes	no		unresolved	no	73.0	11.0	333.0	1789.0	97.8932	525.9187	yes
SN124_A938797_Rep2	CTATACTTAAAGCGAG-1	no	yes	no		unresolved	no	62.0	4.0	244.0	1543.0	71.7295	453.6012	yes
SN124_A938797_Rep2	CTATAGGCGTTGATGT-1	no	yes	no		unresolved	no	62.0	38.0	680.0	1544.0	199.902	453.8951	yes
SN124_A938797_Rep2	CTATATCCAGCCTGGC-1	no	yes	no		unresolved	no	69.0	31.0	590.0	1700.0	173.4444	499.755	yes
SN124_A938797_Rep2	CTATCACAACGCTGGA-1	no	yes	no		unresolved	no	74.0	78.0	1194.0	1812.0	351.0044	532.6801	yes
SN124_A938797_Rep2	CTATCGACGAAATACA-1	no	yes	no		unresolved	no	53.0	93.0	1387.0	1343.0	407.7413	394.8065	yes
SN124_A938797_Rep2	CTATCGCGTAGAGAAC-1	no	yes	no		unresolved	no	58.0	118.0	1708.0	1455.0	502.1068	427.7315	yes
SN124_A938797_Rep2	CTATCGGGTCTCAACA-1	yes	yes	yes	stroma_fibroblastic_IC high	stroma	yes	35.0	69.0	1079.0	941.0	317.1974	276.6291	yes
SN124_A938797_Rep2	CTATGAACACCTTGCC-1	no	yes	no		unresolved	no	72.0	28.0	552.0	1767.0	162.2734	519.4512	yes
SN124_A938797_Rep2	CTATGCCCGAATGCAA-1	no	yes	no		unresolved	no	63.0	59.0	950.0	1566.0	279.2749	460.3626	yes
SN124_A938797_Rep2	CTATGGGAAGCGGAAT-1	no	yes	no		unresolved	no	54.0	104.0	1528.0	1366.0	449.1916	401.5679	yes
SN124_A938797_Rep2	CTATGTCACTAGCCCA-1	yes	yes	yes	stroma_fibroblastic_IC high	stroma	yes	30.0	66.0	1041.0	829.0	306.0265	243.7041	yes
SN124_A938797_Rep2	CTATGTCTATTGAAAC-1	yes	yes	yes	tumor	tumor	yes	11.0	55.0	900.0	404.0	264.5762	118.7653	yes
SN124_A938797_Rep2	CTATGTGAGTCACGGC-1	no	yes	no		unresolved	no	45.0	17.0	411.0	1163.0	120.8231	341.8912	yes
SN124_A938797_Rep2	CTATTCATGTGTCCCA-1	no	yes	no		unresolved	no	52.0	62.0	989.0	1320.0	290.7398	388.0451	yes
SN124_A938797_Rep2	CTATTGTGTTTGGTCA-1	no	yes	no		unresolved	no	13.0	101.0	1491.0	450.0	438.3145	132.2881	yes
SN124_A938797_Rep2	CTATTTGCTTGGAGGA-1	no	yes	no		unresolved	no	70.0	64.0	1014.0	1723.0	298.0892	506.5164	yes
SN124_A938797_Rep2	CTATTTGGTTACGGAT-1	yes	yes	yes	tumor&stroma_IC med to high	mixed	yes	36.0	82.0	1246.0	963.0	366.291	283.0965	yes
SN124_A938797_Rep2	CTCAAACCACTGCCCG-1	no	yes	no		unresolved	no	64.0	40.0	706.0	1588.0	207.5453	466.83	yes
SN124_A938797_Rep2	CTCAACTAACCCGGAT-1	no	yes	no		unresolved	no	63.0	85.0	1284.0	1567.0	377.462	460.6565	yes
SN124_A938797_Rep2	CTCAAGACATTAGCGC-1	yes	yes	yes	exclude	exclude	yes	14.0	102.0	1504.0	472.0	442.1362	138.7555	yes
SN124_A938797_Rep2	CTCACACGCAAGCCTA-1	no	yes	no		unresolved	no	18.0	122.0	1760.0	562.0	517.3934	165.2131	yes
SN124_A938797_Rep2	CTCACATTTACTAAAT-1	no	yes	no		unresolved	no	62.0	68.0	1066.0	1544.0	313.3758	453.8951	yes
SN124_A938797_Rep2	CTCACCAGTACAAGTG-1	no	yes	no		unresolved	no	32.0	2.0	219.0	873.0	64.3802	256.6389	yes
SN124_A938797_Rep2	CTCACCGATCCAAACT-1	no	yes	no		unresolved	no	8.0	118.0	1709.0	338.0	502.4008	99.3631	yes
SN124_A938797_Rep2	CTCACTGTGATACTTA-1	no	yes	no		unresolved	no	63.0	75.0	1155.0	1566.0	339.5394	460.3626	yes
SN124_A938797_Rep2	CTCACTTGGCTGGTAA-1	no	yes	no		unresolved	no	40.0	26.0	527.0	1052.0	154.9241	309.2602	yes
SN124_A938797_Rep2	CTCAGAGCTAATGTCG-1	no	yes	no		unresolved	no	73.0	59.0	950.0	1790.0	279.2749	526.2126	yes
SN124_A938797_Rep2	CTCAGATTGTGATAAG-1	no	yes	no		unresolved	no	43.0	5.0	257.0	1118.0	75.5512	328.6624	yes
SN124_A938797_Rep2	CTCAGCAGACTGCCGA-1	no	yes	no		unresolved	no	2.0	112.0	1632.0	204.0	479.7648	59.9706	yes
SN124_A938797_Rep2	CTCAGGACTCACCTGT-1	yes	yes	yes	stroma desmoplastic_IC low	stroma	yes	16.0	30.0	579.0	516.0	170.2107	151.6903	yes
SN124_A938797_Rep2	CTCAGTCACGACAAAT-1	yes	yes	yes	stroma_fibroblastic_IC high	stroma	yes	24.0	96.0	1426.0	695.0	419.2063	204.3116	yes
SN124_A938797_Rep2	CTCATAAATGTGTATA-1	no	yes	no		unresolved	no	74.0	106.0	1553.0	1813.0	456.5409	532.974	yes
SN124_A938797_Rep2	CTCATCACTTAGTGAT-1	no	yes	no		unresolved	no	28.0	124.0	1786.0	785.0	525.0367	230.7692	yes
SN124_A938797_Rep2	CTCATGGCTCACAATC-1	yes	yes	yes	stroma_fibroblastic_IC high	stroma	yes	13.0	63.0	1003.0	449.0	294.8555	131.9941	yes
SN124_A938797_Rep2	CTCATGGTAATTTGCG-1	no	yes	no		unresolved	no	50.0	26.0	527.0	1275.0	154.9241	374.8163	yes
SN124_A938797_Rep2	CTCATTAACGTTGCCC-1	no	yes	no		unresolved	no	29.0	127.0	1824.0	808.0	536.2077	237.5306	yes
SN124_A938797_Rep2	CTCATTCGTGAACATC-1	no	yes	no		unresolved	no	27.0	3.0	232.0	761.0	68.2019	223.7139	yes
SN124_A938797_Rep2	CTCATTGCTCTAACAA-1	no	yes	no		unresolved	no	60.0	78.0	1194.0	1499.0	351.0044	440.6663	yes
SN124_A938797_Rep2	CTCATTTGATGGGCGG-1	yes	yes	yes	tumor&stroma_IC med to high	mixed	yes	22.0	62.0	990.0	650.0	291.0338	191.0828	yes
SN124_A938797_Rep2	CTCCCAATGAGTCGCG-1	no	yes	no		unresolved	no	51.0	115.0	1669.0	1299.0	490.6418	381.8716	yes
SN124_A938797_Rep2	CTCCCTCCTTTCGATC-1	no	yes	no		unresolved	no	51.0	23.0	488.0	1297.0	143.4591	381.2837	yes
SN124_A938797_Rep2	CTCCCTTGTATCAAGG-1	no	yes	no		unresolved	no	75.0	9.0	308.0	1833.0	90.5439	538.8535	yes
SN124_A938797_Rep2	CTCCGAGTAAATCCGC-1	no	yes	no		unresolved	no	1.0	123.0	1774.0	182.0	521.5091	53.5032	yes
SN124_A938797_Rep2	CTCCGCCCACATGAGG-1	no	yes	no		unresolved	no	43.0	39.0	694.0	1119.0	204.0176	328.9564	yes
SN124_A938797_Rep2	CTCCGGCCTAATATGC-1	yes	yes	yes	stroma_fibroblastic_IC med	stroma	yes	19.0	59.0	951.0	583.0	279.5688	171.3866	yes
SN124_A938797_Rep2	CTCCGGCTTGTAGACA-1	no	yes	no		unresolved	no	15.0	19.0	438.0	493.0	128.7604	144.929	yes
SN124_A938797_Rep2	CTCCTAAGTTATGTCT-1	yes	yes	yes	stroma desmoplastic_IC low	stroma	yes	12.0	30.0	579.0	426.0	170.2107	125.2327	yes
SN124_A938797_Rep2	CTCCTAGTAATCGTGA-1	no	yes	no		unresolved	no	76.0	24.0	500.0	1856.0	146.9868	545.6149	yes
SN124_A938797_Rep2	CTCCTCCAGCTCACAC-1	no	yes	no		unresolved	no	62.0	50.0	834.0	1544.0	245.1739	453.8951	yes
SN124_A938797_Rep2	CTCCTGTTCAAGGCAG-1	no	yes	no		unresolved	no	55.0	117.0	1695.0	1388.0	498.2852	408.0353	yes
SN124_A938797_Rep2	CTCCTTTACGCAAGTC-1	yes	yes	yes	stroma_fibroblastic_IC high	stroma	yes	23.0	109.0	1593.0	673.0	468.2998	197.8442	yes
SN124_A938797_Rep2	CTCGAATGGAACGTAT-1	no	yes	no		unresolved	no	6.0	100.0	1478.0	293.0	434.4929	86.1342	yes
SN124_A938797_Rep2	CTCGAGACATACGATA-1	no	yes	no		unresolved	no	55.0	7.0	283.0	1387.0	83.1945	407.7413	yes
SN124_A938797_Rep2	CTCGAGATCCAAAGCA-1	no	yes	no		unresolved	no	11.0	13.0	361.0	404.0	106.1244	118.7653	yes
SN124_A938797_Rep2	CTCGAGGCAAGTTTCA-1	no	yes	no		unresolved	no	72.0	32.0	603.0	1767.0	177.266	519.4512	yes
SN124_A938797_Rep2	CTCGAGGTCGAACAGT-1	yes	yes	yes	stroma_fibroblastic_IC high	stroma	yes	29.0	59.0	951.0	807.0	279.5688	237.2366	yes
SN124_A938797_Rep2	CTCGATATTTGCGAGC-1	yes	yes	yes	IC aggregate_stroma or muscularis	unresolved	yes	23.0	99.0	1465.0	673.0	430.6712	197.8442	yes
SN124_A938797_Rep2	CTCGCACCTATATAGT-1	yes	yes	yes	tumor	tumor	yes	24.0	68.0	1067.0	695.0	313.6698	204.3116	yes
SN124_A938797_Rep2	CTCGCATTGCATAGCC-1	no	yes	no		unresolved	no	60.0	12.0	347.0	1498.0	102.0088	440.3724	yes
SN124_A938797_Rep2	CTCGCCGAATGTAGGG-1	no	yes	no		unresolved	no	60.0	64.0	1014.0	1499.0	298.0892	440.6663	yes
SN124_A938797_Rep2	CTCGCTAGGTAAGCGA-1	no	yes	no		unresolved	no	72.0	96.0	1425.0	1768.0	418.9123	519.7452	yes
SN124_A938797_Rep2	CTCGGGATAACACCTA-1	no	yes	no		unresolved	no	31.0	121.0	1747.0	852.0	513.5718	250.4655	yes
SN124_A938797_Rep2	CTCGGGCATCGTCGGG-1	no	yes	no		unresolved	no	0.0	68.0	1067.0	159.0	313.6698	46.7418	yes
SN124_A938797_Rep2	CTCGGGTTCTCTGGCC-1	no	yes	no		unresolved	no	61.0	27.0	539.0	1521.0	158.4517	447.1338	yes
SN124_A938797_Rep2	CTCGGTACCACTGCTC-1	yes	yes	yes	non neo epithelium	normal epithelium	yes	41.0	81.0	1233.0	1075.0	362.4694	316.0216	yes
SN124_A938797_Rep2	CTCGGTCCGTAGCCTG-1	yes	yes	yes	stroma_fibroblastic_IC high	stroma	yes	18.0	50.0	836.0	561.0	245.7619	164.9192	yes
SN124_A938797_Rep2	CTCGGTTGTCGGCCCT-1	no	yes	no		unresolved	no	56.0	26.0	526.0	1409.0	154.6301	414.2087	yes
SN124_A938797_Rep2	CTCGTCGAGGGCTCAT-1	no	yes	no		unresolved	no	60.0	18.0	424.0	1498.0	124.6448	440.3724	yes
SN124_A938797_Rep2	CTCGTCTGTGCCTTCG-1	no	yes	no		unresolved	no	70.0	82.0	1245.0	1723.0	365.9971	506.5164	yes
SN124_A938797_Rep2	CTCGTGGCACTGAAAG-1	no	yes	no		unresolved	no	76.0	58.0	937.0	1857.0	275.4532	545.9089	yes
SN124_A938797_Rep2	CTCGTTACGGCTACCA-1	no	yes	no		unresolved	no	70.0	40.0	706.0	1722.0	207.5453	506.2224	yes
SN124_A938797_Rep2	CTCGTTTCTAATGTTT-1	yes	yes	yes	stroma_fibroblastic_IC high	stroma	yes	22.0	104.0	1529.0	651.0	449.4855	191.3768	yes
SN124_A938797_Rep2	CTCTAACACCGGCAGC-1	no	yes	no		unresolved	no	76.0	86.0	1296.0	1857.0	380.9897	545.9089	yes
SN124_A938797_Rep2	CTCTAATGCATTGATC-1	yes	yes	yes	stroma_fibroblastic_IC high	stroma	yes	24.0	110.0	1606.0	696.0	472.1215	204.6056	yes
SN124_A938797_Rep2	CTCTACACTGGCGATT-1	no	yes	no		unresolved	no	43.0	17.0	411.0	1119.0	120.8231	328.9564	yes
SN124_A938797_Rep2	CTCTACATCCTGCGTG-1	no	yes	no		unresolved	no	72.0	66.0	1040.0	1767.0	305.7325	519.4512	yes
SN124_A938797_Rep2	CTCTAGCCCTCGGAAA-1	no	yes	no		unresolved	no	66.0	90.0	1348.0	1634.0	396.2763	480.3528	yes
SN124_A938797_Rep2	CTCTATTTGGCTGCAG-1	yes	yes	yes	muscularis_IC med to high	other	yes	48.0	68.0	1066.0	1231.0	313.3758	361.8814	yes
SN124_A938797_Rep2	CTCTCACAATCGATGA-1	yes	yes	yes	tumor&stroma_IC med to high	mixed	yes	32.0	70.0	1092.0	874.0	321.0191	256.9329	yes
SN124_A938797_Rep2	CTCTCGATGTGCGCCT-1	yes	yes	yes	tumor&stroma_IC med to high	mixed	yes	4.0	62.0	990.0	248.0	291.0338	72.9054	yes
SN124_A938797_Rep2	CTCTCGCTGTACTATG-1	no	yes	no		unresolved	no	24.0	6.0	271.0	694.0	79.6668	204.0176	yes
SN124_A938797_Rep2	CTCTCTAACTGCCTAG-1	no	yes	no		unresolved	no	57.0	21.0	462.0	1432.0	135.8158	420.9701	yes
SN124_A938797_Rep2	CTCTGCAGGCATTCTT-1	no	yes	no		unresolved	no	71.0	23.0	488.0	1744.0	143.4591	512.6899	yes
SN124_A938797_Rep2	CTCTGCGAAGCAAGCA-1	yes	yes	yes	stroma_fibroblastic_IC high	stroma	yes	12.0	50.0	836.0	427.0	245.7619	125.5267	yes
SN124_A938797_Rep2	CTCTGGACGCCTGGTG-1	yes	yes	yes	stroma_fibroblastic_IC high	stroma	yes	32.0	62.0	989.0	874.0	290.7398	256.9329	yes
SN124_A938797_Rep2	CTCTGTCCATGCACCA-1	no	yes	no		unresolved	no	75.0	91.0	1361.0	1835.0	400.098	539.4414	yes
SN124_A938797_Rep2	CTCTGTGCCTGCTATG-1	yes	yes	yes	exclude	exclude	yes	2.0	48.0	811.0	203.0	238.4125	59.6766	yes
SN124_A938797_Rep2	CTCTGTTTGAGGATTC-1	yes	yes	yes	tumor	tumor	yes	14.0	72.0	1118.0	472.0	328.6624	138.7555	yes
SN124_A938797_Rep2	CTCTTCTATTGACTGG-1	no	yes	no		unresolved	no	46.0	100.0	1477.0	1187.0	434.1989	348.9466	yes
SN124_A938797_Rep2	CTCTTCTGGAAGTTAG-1	no	yes	no		unresolved	no	62.0	40.0	706.0	1544.0	207.5453	453.8951	yes
SN124_A938797_Rep2	CTCTTGTCCCGCTTGG-1	no	yes	no		unresolved	no	54.0	58.0	937.0	1365.0	275.4532	401.2739	yes
SN124_A938797_Rep2	CTGAAACGGCCCTCAG-1	no	yes	no		unresolved	no	5.0	119.0	1722.0	271.0	506.2224	79.6668	yes
SN124_A938797_Rep2	CTGAAAGAGATCCGAC-1	yes	yes	yes	tumor	tumor	yes	19.0	69.0	1080.0	583.0	317.4914	171.3866	yes
SN124_A938797_Rep2	CTGAATCCGAGACCTC-1	yes	yes	yes	exclude	exclude	yes	47.0	53.0	873.0	1209.0	256.6389	355.414	yes
SN124_A938797_Rep2	CTGAATTTATTGCCAG-1	yes	yes	yes	tumor&stroma_IC med to high	mixed	yes	22.0	106.0	1555.0	651.0	457.1289	191.3768	yes
SN124_A938797_Rep2	CTGACATAGAAATAGA-1	no	yes	no		unresolved	no	51.0	119.0	1721.0	1299.0	505.9285	381.8716	yes
SN124_A938797_Rep2	CTGACTGCGCAGCTCG-1	yes	yes	yes	stroma_fibroblastic_IC high	stroma	yes	31.0	101.0	1490.0	852.0	438.0206	250.4655	yes
SN124_A938797_Rep2	CTGAGAAAGTTCGGCG-1	no	yes	no		unresolved	no	49.0	117.0	1695.0	1254.0	498.2852	368.6428	yes
SN124_A938797_Rep2	CTGAGAGTAGAAATAC-1	no	yes	no		unresolved	no	64.0	124.0	1785.0	1590.0	524.7428	467.4179	yes
SN124_A938797_Rep2	CTGAGCAAGTAACAAG-1	yes	yes	yes	stroma desmoplastic_IC low	stroma	yes	15.0	25.0	515.0	493.0	151.3964	144.929	yes
SN124_A938797_Rep2	CTGAGCGAGACTTATT-1	no	yes	no		unresolved	no	31.0	125.0	1798.0	852.0	528.5644	250.4655	yes
SN124_A938797_Rep2	CTGATAGTGTATCTCA-1	no	yes	no		unresolved	no	32.0	16.0	399.0	873.0	117.2954	256.6389	yes
SN124_A938797_Rep2	CTGATCCCTTTATGCA-1	no	yes	no		unresolved	no	71.0	29.0	565.0	1744.0	166.0951	512.6899	yes
SN124_A938797_Rep2	CTGCAAATGGGCTCCA-1	no	yes	no		unresolved	no	0.0	64.0	1016.0	159.0	298.6771	46.7418	yes
SN124_A938797_Rep2	CTGCAAGCACGTTCCG-1	no	yes	no		unresolved	no	61.0	111.0	1618.0	1522.0	475.6492	447.4277	yes
SN124_A938797_Rep2	CTGCACAACTACATAT-1	yes	yes	yes	non neo epithelium	normal epithelium	yes	50.0	76.0	1169.0	1276.0	343.6551	375.1102	yes
SN124_A938797_Rep2	CTGCACCTAGTCCACA-1	no	yes	no		unresolved	no	29.0	117.0	1696.0	807.0	498.5791	237.2366	yes
SN124_A938797_Rep2	CTGCACCTGGAACCGC-1	yes	yes	yes	tumor	tumor	yes	15.0	49.0	823.0	494.0	241.9402	145.2229	yes
SN124_A938797_Rep2	CTGCACTCCAGTACAG-1	no	yes	no		unresolved	no	54.0	70.0	1092.0	1365.0	321.0191	401.2739	yes
SN124_A938797_Rep2	CTGCAGAGAATCAGAG-1	no	yes	no		unresolved	no	61.0	101.0	1489.0	1522.0	437.7266	447.4277	yes
SN124_A938797_Rep2	CTGCAGGGTGACGCTC-1	no	yes	no		unresolved	no	76.0	118.0	1707.0	1858.0	501.8128	546.2028	yes
SN124_A938797_Rep2	CTGCAGGTGCTCGGCC-1	no	yes	no		unresolved	no	6.0	6.0	271.0	292.0	79.6668	85.8403	yes
SN124_A938797_Rep2	CTGCCAAGGTTGGAAG-1	yes	yes	yes	stroma_fibroblastic_IC high	stroma	yes	21.0	77.0	1182.0	628.0	347.4767	184.6154	yes
SN124_A938797_Rep2	CTGCCATGCATCACAT-1	yes	yes	yes	stroma_fibroblastic_IC med	stroma	yes	40.0	62.0	989.0	1052.0	290.7398	309.2602	yes
SN124_A938797_Rep2	CTGCCCACGAAGCGTT-1	no	yes	no		unresolved	no	32.0	6.0	270.0	873.0	79.3729	256.6389	yes
SN124_A938797_Rep2	CTGCCTAGCCACCAAG-1	yes	yes	yes	exclude	exclude	yes	8.0	80.0	1221.0	338.0	358.9417	99.3631	yes
SN124_A938797_Rep2	CTGCCTCATATGCAAC-1	no	yes	no		unresolved	no	33.0	121.0	1747.0	897.0	513.5718	263.6943	yes
SN124_A938797_Rep2	CTGCCTTTAATACCTT-1	no	yes	no		unresolved	no	64.0	28.0	552.0	1588.0	162.2734	466.83	yes
SN124_A938797_Rep2	CTGCCTTTCTAGTAAA-1	no	yes	no		unresolved	no	63.0	93.0	1387.0	1567.0	407.7413	460.6565	yes
SN124_A938797_Rep2	CTGCGACCTCGCCGAA-1	no	yes	no		unresolved	no	71.0	73.0	1130.0	1745.0	332.1901	512.9838	yes
SN124_A938797_Rep2	CTGCGATTTCGAGATT-1	no	yes	no		unresolved	no	72.0	60.0	963.0	1767.0	283.0965	519.4512	yes
SN124_A938797_Rep2	CTGCGGGTGAAATGTT-1	yes	yes	yes	exclude	exclude	yes	31.0	23.0	489.0	851.0	143.7531	250.1715	yes
SN124_A938797_Rep2	CTGCGGTAGTCACGTG-1	no	yes	no		unresolved	no	10.0	92.0	1375.0	383.0	404.2136	112.5919	yes
SN124_A938797_Rep2	CTGCGTTACGATATAA-1	yes	yes	yes	stroma_fibroblastic_IC high	stroma	yes	16.0	90.0	1349.0	517.0	396.5703	151.9843	yes
SN124_A938797_Rep2	CTGCTCTCAACACACC-1	no	yes	no		unresolved	no	73.0	125.0	1797.0	1791.0	528.2705	526.5066	yes
SN124_A938797_Rep2	CTGCTCTGACGGCAAA-1	no	yes	no		unresolved	no	75.0	65.0	1027.0	1834.0	301.9108	539.1475	yes
SN124_A938797_Rep2	CTGCTGAGGCCACGAA-1	no	yes	no		unresolved	no	49.0	35.0	642.0	1253.0	188.731	368.3488	yes
SN124_A938797_Rep2	CTGCTGTCTAACGAGC-1	no	yes	no		unresolved	no	49.0	119.0	1721.0	1254.0	505.9285	368.6428	yes
SN124_A938797_Rep2	CTGCTTGGCGATAGCT-1	no	yes	no		unresolved	no	53.0	75.0	1156.0	1343.0	339.8334	394.8065	yes
SN124_A938797_Rep2	CTGCTTTATGTCCGCG-1	yes	yes	yes	exclude	exclude	yes	20.0	112.0	1632.0	606.0	479.7648	178.148	yes
SN124_A938797_Rep2	CTGGAAATGGATGCTT-1	yes	yes	yes	stroma_fibroblastic_IC high	stroma	yes	29.0	53.0	874.0	806.0	256.9329	236.9427	yes
SN124_A938797_Rep2	CTGGAAGACACGGTGG-1	no	yes	no		unresolved	no	50.0	88.0	1323.0	1276.0	388.927	375.1102	yes
SN124_A938797_Rep2	CTGGACGCAGTCCGGC-1	no	yes	no		unresolved	no	51.0	13.0	360.0	1297.0	105.8305	381.2837	yes
SN124_A938797_Rep2	CTGGATTTACACTTGA-1	no	yes	no		unresolved	no	49.0	55.0	899.0	1253.0	264.2822	368.3488	yes
SN124_A938797_Rep2	CTGGCATCCGAATGAG-1	no	yes	no		unresolved	no	48.0	26.0	527.0	1231.0	154.9241	361.8814	yes
SN124_A938797_Rep2	CTGGCGACATAAGTCC-1	yes	yes	yes	stroma_fibroblastic_IC high	stroma	yes	17.0	81.0	1234.0	539.0	362.7633	158.4517	yes
SN124_A938797_Rep2	CTGGCGATTTACATGT-1	no	yes	no		unresolved	no	73.0	107.0	1566.0	1790.0	460.3626	526.2126	yes
SN124_A938797_Rep2	CTGGCGCACAGGTCTG-1	yes	yes	yes	non neo epithelium	normal epithelium	yes	37.0	89.0	1336.0	986.0	392.7486	289.8579	yes
SN124_A938797_Rep2	CTGGCGGGAATAAGTA-1	yes	yes	yes	stroma desmoplastic_IC med to high	stroma	yes	20.0	22.0	476.0	605.0	139.9314	177.854	yes
SN124_A938797_Rep2	CTGGCTCCTGCGGGAT-1	yes	yes	yes	stroma desmoplastic_IC med to high	stroma	yes	7.0	27.0	541.0	314.0	159.0397	92.3077	yes
SN124_A938797_Rep2	CTGGCTGATTCATCCT-1	no	yes	no		unresolved	no	44.0	96.0	1426.0	1142.0	419.2063	335.7178	yes
SN124_A938797_Rep2	CTGGCTGCTAACGTAA-1	yes	yes	yes	stroma desmoplastic_IC med to high	stroma	yes	5.0	25.0	515.0	270.0	151.3964	79.3729	yes
SN124_A938797_Rep2	CTGGCTGGTTGTCAGT-1	no	yes	no		unresolved	no	54.0	56.0	912.0	1365.0	268.1039	401.2739	yes
SN124_A938797_Rep2	CTGGGATAAATAATGG-1	yes	yes	yes	epitehlium&submucosa	other	yes	38.0	84.0	1272.0	1008.0	373.9343	296.3253	yes
SN124_A938797_Rep2	CTGGGATACGCTACCC-1	no	yes	no		unresolved	no	37.0	117.0	1696.0	986.0	498.5791	289.8579	yes
SN124_A938797_Rep2	CTGGGATCGCCCAGAT-1	yes	yes	yes	exclude	exclude	yes	1.0	63.0	1003.0	181.0	294.8555	53.2092	yes
SN124_A938797_Rep2	CTGGGCACTAGTCGGA-1	no	yes	no		unresolved	no	1.0	97.0	1440.0	182.0	423.3219	53.5032	yes
SN124_A938797_Rep2	CTGGGCCTGCTATATC-1	no	yes	no		unresolved	no	44.0	30.0	578.0	1141.0	169.9167	335.4238	yes
SN124_A938797_Rep2	CTGGGCGGCCAAATGT-1	no	yes	no		unresolved	no	1.0	73.0	1132.0	181.0	332.778	53.2092	yes
SN124_A938797_Rep2	CTGGGCTACTGGAGAG-1	no	yes	no		unresolved	no	76.0	108.0	1579.0	1857.0	464.1842	545.9089	yes
SN124_A938797_Rep2	CTGGGCTATCCTTTGG-1	no	yes	no		unresolved	no	6.0	108.0	1581.0	293.0	464.7722	86.1342	yes
SN124_A938797_Rep2	CTGGGTAGGCAGTTAA-1	yes	yes	yes	non neo epithelium	normal epithelium	yes	43.0	79.0	1207.0	1120.0	354.8261	329.2504	yes
SN124_A938797_Rep2	CTGGGTTGAGTTAAAG-1	no	yes	no		unresolved	no	53.0	11.0	334.0	1342.0	98.1872	394.5125	yes
SN124_A938797_Rep2	CTGGTAAAGACTTACA-1	no	yes	no		unresolved	no	71.0	99.0	1463.0	1746.0	430.0833	513.2778	yes
SN124_A938797_Rep2	CTGGTAAAGTGTGGGC-1	no	yes	no		unresolved	no	60.0	114.0	1656.0	1500.0	486.8202	440.9603	yes
SN124_A938797_Rep2	CTGGTAACACATAGAA-1	yes	yes	yes	epitehlium&submucosa	other	yes	42.0	88.0	1323.0	1097.0	388.927	322.489	yes
SN124_A938797_Rep2	CTGGTAACGAGCTCTT-1	yes	yes	yes	tumor&stroma_IC med to high	mixed	yes	29.0	97.0	1439.0	807.0	423.0279	237.2366	yes
SN124_A938797_Rep2	CTGGTCATTCCAATCC-1	no	yes	no		unresolved	no	23.0	15.0	386.0	672.0	113.4738	197.5502	yes
SN124_A938797_Rep2	CTGGTCCTAACTTGGC-1	yes	yes	yes	tumor	tumor	yes	7.0	65.0	1029.0	315.0	302.4988	92.6017	yes
SN124_A938797_Rep2	CTGGTGAATGGGCCTA-1	no	yes	no		unresolved	no	65.0	19.0	436.0	1610.0	128.1725	473.2974	yes
SN124_A938797_Rep2	CTGGTTCAACGCATCA-1	yes	yes	yes	stroma_fibroblastic_IC med	stroma	yes	8.0	38.0	682.0	337.0	200.49	99.0691	yes
SN124_A938797_Rep2	CTGGTTCGCGAGCTAC-1	no	yes	no		unresolved	no	42.0	124.0	1785.0	1098.0	524.7428	322.7829	yes
SN124_A938797_Rep2	CTGGTTTCGAGCAAGA-1	yes	yes	yes	submucosa	other	yes	46.0	88.0	1323.0	1187.0	388.927	348.9466	yes
SN124_A938797_Rep2	CTGTACTTCTTAGCAT-1	yes	yes	yes	tumor&stroma_IC med to high	mixed	yes	39.0	51.0	848.0	1030.0	249.2896	302.7927	yes
SN124_A938797_Rep2	CTGTAGCCATCTCACT-1	no	yes	no		unresolved	no	56.0	46.0	783.0	1410.0	230.1813	414.5027	yes
SN124_A938797_Rep2	CTGTAGTGAGGATCGA-1	no	yes	no		unresolved	no	69.0	43.0	744.0	1700.0	218.7163	499.755	yes
SN124_A938797_Rep2	CTGTATGGTGTAGAAA-1	yes	yes	yes	IC aggregate_stroma or muscularis	unresolved	yes	20.0	32.0	605.0	605.0	177.854	177.854	yes
SN124_A938797_Rep2	CTGTCAAATGGCTCGG-1	yes	yes	yes	stroma_fibroblastic_IC high	stroma	yes	23.0	83.0	1259.0	673.0	370.1127	197.8442	yes
SN124_A938797_Rep2	CTGTCACGCCAGGCGC-1	no	yes	no		unresolved	no	10.0	98.0	1452.0	383.0	426.8496	112.5919	yes
SN124_A938797_Rep2	CTGTCCTGCGCACTAC-1	no	yes	no		unresolved	no	76.0	0.0	192.0	1856.0	56.4429	545.6149	yes
SN124_A938797_Rep2	CTGTCTGTGGCTGGCT-1	no	yes	no		unresolved	no	8.0	0.0	194.0	336.0	57.0309	98.7751	yes
SN124_A938797_Rep2	CTGTGCAGGGTAGGTC-1	yes	yes	yes	tumor&stroma_IC med to high	mixed	yes	42.0	70.0	1092.0	1097.0	321.0191	322.489	yes
SN124_A938797_Rep2	CTGTGGTCGGGAGATA-1	no	yes	no		unresolved	no	55.0	89.0	1335.0	1388.0	392.4547	408.0353	yes
SN124_A938797_Rep2	CTGTTACCCAATCTAG-1	yes	yes	yes	stroma_fibroblastic_IC med	stroma	yes	48.0	58.0	938.0	1231.0	275.7472	361.8814	yes
SN124_A938797_Rep2	CTGTTCACTGCCTGTG-1	yes	yes	yes	stroma_fibroblastic_IC med	stroma	yes	22.0	56.0	913.0	650.0	268.3978	191.0828	yes
SN124_A938797_Rep2	CTGTTCATCTCACGGG-1	yes	yes	yes	stroma_fibroblastic_IC high	stroma	yes	22.0	34.0	630.0	650.0	185.2033	191.0828	yes
SN124_A938797_Rep2	CTGTTGGCTCTTCTGA-1	no	yes	no		unresolved	no	20.0	2.0	219.0	604.0	64.3802	177.56	yes
SN124_A938797_Rep2	CTGTTGTTCAGTCGTA-1	no	yes	no		unresolved	no	67.0	21.0	462.0	1655.0	135.8158	486.5262	yes
SN124_A938797_Rep2	CTTAAATAAGACCCAT-1	no	yes	no		unresolved	no	25.0	9.0	309.0	716.0	90.8378	210.4851	yes
SN124_A938797_Rep2	CTTAACTTACAGTATA-1	no	yes	no		unresolved	no	70.0	112.0	1630.0	1723.0	479.1769	506.5164	yes
SN124_A938797_Rep2	CTTAACTTCGAAGTAC-1	yes	yes	yes	stroma_fibroblastic_IC high	stroma	yes	11.0	63.0	1003.0	404.0	294.8555	118.7653	yes
SN124_A938797_Rep2	CTTAAGCAGCGAGCCG-1	no	yes	no		unresolved	no	51.0	3.0	231.0	1297.0	67.9079	381.2837	yes
SN124_A938797_Rep2	CTTAATCGACTTAGTA-1	no	yes	no		unresolved	no	76.0	64.0	1014.0	1857.0	298.0892	545.9089	yes
SN124_A938797_Rep2	CTTACACGGTATTCCA-1	yes	yes	yes	stroma_fibroblastic_IC high	stroma	yes	31.0	45.0	771.0	851.0	226.6536	250.1715	yes
SN124_A938797_Rep2	CTTACACTGGGAAATA-1	yes	yes	yes	stroma_fibroblastic_IC high	stroma	yes	16.0	48.0	810.0	516.0	238.1186	151.6903	yes
SN124_A938797_Rep2	CTTACATAGATTTCTT-1	no	yes	no		unresolved	no	74.0	82.0	1245.0	1812.0	365.9971	532.6801	yes
SN124_A938797_Rep2	CTTACTGACTCCTCTG-1	no	yes	no		unresolved	no	68.0	126.0	1810.0	1679.0	532.0921	493.5816	yes
SN124_A938797_Rep2	CTTAGATGTTTCATCC-1	no	yes	no		unresolved	no	74.0	72.0	1117.0	1812.0	328.3684	532.6801	yes
SN124_A938797_Rep2	CTTAGCCCGGATAGTG-1	no	yes	no		unresolved	no	27.0	9.0	309.0	761.0	90.8378	223.7139	yes
SN124_A938797_Rep2	CTTAGCCTTCCACATG-1	yes	yes	yes	stroma_fibroblastic_IC high	stroma	yes	22.0	78.0	1195.0	650.0	351.2984	191.0828	yes
SN124_A938797_Rep2	CTTAGGTATAGACCAG-1	no	yes	no		unresolved	no	63.0	15.0	385.0	1565.0	113.1798	460.0686	yes
SN124_A938797_Rep2	CTTAGGTCCCAATCGT-1	no	yes	no		unresolved	no	23.0	127.0	1824.0	674.0	536.2077	198.1382	yes
SN124_A938797_Rep2	CTTAGTAGGCCTACAG-1	yes	yes	yes	stroma_fibroblastic_IC high	stroma	yes	32.0	102.0	1503.0	874.0	441.8422	256.9329	yes
SN124_A938797_Rep2	CTTAGTGTAGTAGCAT-1	no	yes	no		unresolved	no	61.0	83.0	1258.0	1522.0	369.8187	447.4277	yes
SN124_A938797_Rep2	CTTAGTTGAGGAATCG-1	no	yes	no		unresolved	no	67.0	33.0	616.0	1655.0	181.0877	486.5262	yes
SN124_A938797_Rep2	CTTATAGATGGCTGTT-1	no	yes	no		unresolved	no	61.0	119.0	1721.0	1523.0	505.9285	447.7217	yes
SN124_A938797_Rep2	CTTATGCGCTCAGGGC-1	no	yes	no		unresolved	no	43.0	11.0	334.0	1119.0	98.1872	328.9564	yes
SN124_A938797_Rep2	CTTATGTTGACTACCA-1	yes	yes	yes	stroma desmoplastic_IC low	stroma	yes	13.0	27.0	541.0	449.0	159.0397	131.9941	yes
SN124_A938797_Rep2	CTTCAACTCCACTTGG-1	no	yes	no		unresolved	no	59.0	77.0	1181.0	1477.0	347.1828	434.1989	yes
SN124_A938797_Rep2	CTTCACGCCCTGGTAC-1	no	yes	no		unresolved	no	71.0	21.0	462.0	1744.0	135.8158	512.6899	yes
SN124_A938797_Rep2	CTTCAGTGGTCGCCTA-1	no	yes	no		unresolved	no	54.0	18.0	424.0	1364.0	124.6448	400.9799	yes
SN124_A938797_Rep2	CTTCAGTTGGACAACG-1	no	yes	no		unresolved	no	73.0	91.0	1361.0	1790.0	400.098	526.2126	yes
SN124_A938797_Rep2	CTTCATAGCTCAAGAA-1	yes	yes	yes	stroma_fibroblastic_IC high	stroma	yes	19.0	37.0	669.0	583.0	196.6683	171.3866	yes
SN124_A938797_Rep2	CTTCATCACCAGGGCT-1	no	yes	no		unresolved	no	77.0	87.0	1309.0	1879.0	384.8114	552.3763	yes
SN124_A938797_Rep2	CTTCATTGTCAGTGGA-1	yes	yes	yes	stroma_fibroblastic_IC high	stroma	yes	36.0	60.0	964.0	963.0	283.3905	283.0965	yes
SN124_A938797_Rep2	CTTCCGCTCCGTGAAG-1	no	yes	no		unresolved	no	56.0	50.0	835.0	1410.0	245.4679	414.5027	yes
SN124_A938797_Rep2	CTTCCTGCATATTTAC-1	no	yes	no		unresolved	no	4.0	104.0	1530.0	249.0	449.7795	73.1994	yes
SN124_A938797_Rep2	CTTCGATTGCGCAAGC-1	no	yes	no		unresolved	no	68.0	88.0	1322.0	1678.0	388.633	493.2876	yes
SN124_A938797_Rep2	CTTCGGCCAATTGTTT-1	no	yes	no		unresolved	no	50.0	110.0	1605.0	1277.0	471.8275	375.4042	yes
SN124_A938797_Rep2	CTTCGTAGATAGGTGA-1	yes	yes	yes	tumor	tumor	yes	39.0	45.0	771.0	1030.0	226.6536	302.7927	yes
SN124_A938797_Rep2	CTTCGTGCCCGCATCG-1	no	yes	no		unresolved	no	0.0	22.0	477.0	158.0	140.2254	46.4478	yes
SN124_A938797_Rep2	CTTCTATGTTGAAGTA-1	no	yes	no		unresolved	no	46.0	28.0	552.0	1186.0	162.2734	348.6526	yes
SN124_A938797_Rep2	CTTCTATTAATGCTAG-1	no	yes	no		unresolved	no	51.0	47.0	796.0	1298.0	234.0029	381.5777	yes
SN124_A938797_Rep2	CTTCTGGGCGTACCTA-1	no	yes	no		unresolved	no	66.0	34.0	629.0	1633.0	184.9094	480.0588	yes
SN124_A938797_Rep2	CTTCTTACGTCGTATA-1	yes	yes	yes	tumor	tumor	yes	14.0	60.0	964.0	471.0	283.3905	138.4615	yes
SN124_A938797_Rep2	CTTGACCCGAAAGATA-1	yes	yes	yes	tumor&stroma_IC med to high	mixed	yes	9.0	57.0	926.0	360.0	272.2195	105.8305	yes
SN124_A938797_Rep2	CTTGAGGTTATCCCGA-1	yes	yes	yes	exclude	exclude	yes	12.0	24.0	502.0	426.0	147.5747	125.2327	yes
SN124_A938797_Rep2	CTTGAGTTAGGGTAAT-1	yes	yes	yes	submucosa	other	yes	39.0	93.0	1387.0	1031.0	407.7413	303.0867	yes
SN124_A938797_Rep2	CTTGATGACCATCCAG-1	no	yes	no		unresolved	no	70.0	98.0	1451.0	1723.0	426.5556	506.5164	yes
SN124_A938797_Rep2	CTTGCAACCGCCTCCT-1	no	yes	no		unresolved	no	43.0	25.0	514.0	1119.0	151.1024	328.9564	yes
SN124_A938797_Rep2	CTTGCCCACCCACGCA-1	no	yes	no		unresolved	no	70.0	100.0	1476.0	1723.0	433.9049	506.5164	yes
SN124_A938797_Rep2	CTTGCCCAGGCTCTAC-1	yes	yes	yes	stroma_fibroblastic_IC high	stroma	yes	45.0	55.0	899.0	1164.0	264.2822	342.1852	yes
SN124_A938797_Rep2	CTTGGCCAAGCTGGGA-1	no	yes	no		unresolved	no	61.0	57.0	924.0	1521.0	271.6316	447.1338	yes
SN124_A938797_Rep2	CTTGTACTTGTTGACT-1	yes	yes	yes	stroma_fibroblastic_IC high	stroma	yes	21.0	51.0	848.0	628.0	249.2896	184.6154	yes
SN124_A938797_Rep2	CTTGTCAACATTCGAG-1	yes	yes	yes	non neo epithelium	normal epithelium	yes	50.0	66.0	1040.0	1276.0	305.7325	375.1102	yes
SN124_A938797_Rep2	CTTGTCGTACGTGTCA-1	no	yes	no		unresolved	no	2.0	34.0	631.0	203.0	185.4973	59.6766	yes
SN124_A938797_Rep2	CTTGTGAGGACAGCGG-1	no	yes	no		unresolved	no	6.0	10.0	322.0	292.0	94.6595	85.8403	yes
SN124_A938797_Rep2	CTTGTGAGTCTTTGAC-1	yes	yes	yes	stroma desmoplastic_IC med to high	stroma	yes	10.0	34.0	631.0	382.0	185.4973	112.2979	yes
SN124_A938797_Rep2	CTTGTGCTCACCGATT-1	yes	yes	yes	stroma_fibroblastic_IC high	stroma	yes	22.0	94.0	1401.0	651.0	411.8569	191.3768	yes
SN124_A938797_Rep2	CTTGTTGCTGAGTCAA-1	yes	yes	yes	tumor&stroma_IC med to high	mixed	yes	38.0	80.0	1220.0	1008.0	358.6477	296.3253	yes
SN124_A938797_Rep2	CTTGTTTATGTAGCCA-1	yes	yes	yes	stroma desmoplastic_IC low	stroma	yes	18.0	28.0	553.0	560.0	162.5674	164.6252	yes
SN124_A938797_Rep2	CTTTAACTTTCAAAGG-1	yes	yes	yes	stroma_fibroblastic_IC med	stroma	yes	23.0	67.0	1054.0	673.0	309.8481	197.8442	yes
SN124_A938797_Rep2	CTTTAATATTGGTCGA-1	no	yes	no		unresolved	no	51.0	73.0	1130.0	1298.0	332.1901	381.5777	yes
SN124_A938797_Rep2	CTTTACCGAATAGTAG-1	no	yes	no		unresolved	no	50.0	84.0	1271.0	1276.0	373.6404	375.1102	yes
SN124_A938797_Rep2	CTTTAGGAACACTGTT-1	yes	yes	yes	non neo epithelium	normal epithelium	yes	41.0	87.0	1310.0	1075.0	385.1053	316.0216	yes
SN124_A938797_Rep2	CTTTAGTGCTATTATT-1	yes	yes	yes	tumor&stroma_IC med to high	mixed	yes	44.0	64.0	1015.0	1142.0	298.3831	335.7178	yes
SN124_A938797_Rep2	CTTTATCCGACGCATG-1	no	yes	no		unresolved	no	77.0	59.0	950.0	1879.0	279.2749	552.3763	yes
SN124_A938797_Rep2	CTTTCTGTGCGGGCTT-1	no	yes	no		unresolved	no	54.0	66.0	1040.0	1365.0	305.7325	401.2739	yes
SN124_A938797_Rep2	CTTTGAAACATATTCC-1	no	yes	no		unresolved	no	0.0	96.0	1427.0	159.0	419.5002	46.7418	yes
SN124_A938797_Rep2	CTTTGACGTCGCTTCT-1	no	yes	no		unresolved	no	44.0	0.0	193.0	1141.0	56.7369	335.4238	yes
SN124_A938797_Rep2	CTTTGCATCGCTCTTG-1	no	yes	no		unresolved	no	60.0	94.0	1400.0	1500.0	411.563	440.9603	yes
SN124_A938797_Rep2	CTTTGCTGTCATGGAT-1	no	yes	no		unresolved	no	48.0	122.0	1759.0	1232.0	517.0995	362.1754	yes
SN124_A938797_Rep2	CTTTGGCAGACAGAGT-1	no	yes	no		unresolved	no	5.0	113.0	1645.0	271.0	483.5865	79.6668	yes
SN124_A938797_Rep2	CTTTGGCGCTTTATAC-1	no	yes	no		unresolved	no	32.0	18.0	424.0	873.0	124.6448	256.6389	yes
SN124_A938797_Rep2	CTTTGGCTTTAGTAAA-1	yes	yes	yes	stroma_fibroblastic_IC high	stroma	yes	32.0	40.0	707.0	873.0	207.8393	256.6389	yes
SN124_A938797_Rep2	CTTTGGGATTGTTGCA-1	no	yes	no		unresolved	no	62.0	44.0	757.0	1544.0	222.538	453.8951	yes
SN124_A938797_Rep2	CTTTGTCGAATGCTCC-1	no	yes	no		unresolved	no	57.0	7.0	282.0	1431.0	82.9005	420.6761	yes
SN124_A938797_Rep2	GAAACAGATGACCACC-1	yes	yes	yes	non neo epithelium	normal epithelium	yes	40.0	92.0	1374.0	1053.0	403.9196	309.5541	yes
SN124_A938797_Rep2	GAAACAGCCATGCAGT-1	yes	yes	yes	stroma_fibroblastic_IC high	stroma	yes	13.0	61.0	977.0	449.0	287.2121	131.9941	yes
SN124_A938797_Rep2	GAAACATAGGAAACAG-1	no	yes	no		unresolved	no	60.0	20.0	449.0	1499.0	131.9941	440.6663	yes
SN124_A938797_Rep2	GAAACCATGGTGCGCT-1	no	yes	no		unresolved	no	27.0	109.0	1593.0	763.0	468.2998	224.3018	yes
SN124_A938797_Rep2	GAAACCGAATTACCTT-1	yes	yes	yes	stroma_fibroblastic_IC high	stroma	yes	45.0	51.0	848.0	1164.0	249.2896	342.1852	yes
SN124_A938797_Rep2	GAAACCTATACAAATG-1	no	yes	no		unresolved	no	60.0	52.0	860.0	1499.0	252.8172	440.6663	yes
SN124_A938797_Rep2	GAAACTCGTGCGATGC-1	yes	yes	yes	exclude	exclude	yes	28.0	24.0	502.0	784.0	147.5747	230.4753	yes
SN124_A938797_Rep2	GAAACTCTAATGAAGG-1	yes	yes	yes	tumor	tumor	yes	13.0	73.0	1131.0	449.0	332.4841	131.9941	yes
SN124_A938797_Rep2	GAAAGAACAGCGTTAT-1	no	yes	no		unresolved	no	37.0	103.0	1516.0	986.0	445.6639	289.8579	yes
SN124_A938797_Rep2	GAAAGCAGTGCACTTT-1	no	yes	no		unresolved	no	56.0	54.0	886.0	1410.0	260.4606	414.5027	yes
SN124_A938797_Rep2	GAAAGCCCTTTGGACC-1	no	yes	no		unresolved	no	35.0	21.0	463.0	940.0	136.1097	276.3351	yes
SN124_A938797_Rep2	GAAAGTGACTAACTGC-1	yes	yes	yes	stroma_fibroblastic_IC high	stroma	yes	25.0	31.0	592.0	717.0	174.0323	210.779	yes
SN124_A938797_Rep2	GAAATACCTGCTGGCT-1	no	yes	no		unresolved	no	7.0	85.0	1285.0	315.0	377.756	92.6017	yes
SN124_A938797_Rep2	GAAATACTAAACGTTT-1	yes	yes	yes	stroma desmoplastic_IC low	stroma	yes	18.0	22.0	476.0	560.0	139.9314	164.6252	yes
SN124_A938797_Rep2	GAAATATCACCATCAG-1	no	yes	no		unresolved	no	33.0	23.0	489.0	895.0	143.7531	263.1063	yes
SN124_A938797_Rep2	GAAATATGCTTGAATG-1	no	yes	no		unresolved	no	16.0	110.0	1606.0	517.0	472.1215	151.9843	yes
SN124_A938797_Rep2	GAAATCGCGCGCAACT-1	yes	yes	yes	stroma_fibroblastic_IC high	stroma	yes	18.0	68.0	1067.0	561.0	313.6698	164.9192	yes
SN124_A938797_Rep2	GAAATCTGACCAAGTT-1	no	yes	no		unresolved	no	18.0	2.0	219.0	560.0	64.3802	164.6252	yes
SN124_A938797_Rep2	GAAATGGCGGTGTTAG-1	yes	yes	yes	stroma_fibroblastic_IC high	stroma	yes	30.0	52.0	861.0	829.0	253.1112	243.7041	yes
SN124_A938797_Rep2	GAAATGGGATGTAAAC-1	no	yes	no		unresolved	no	13.0	17.0	412.0	448.0	121.1171	131.7001	yes
SN124_A938797_Rep2	GAAATTAGCACGGATA-1	yes	yes	yes	stroma_fibroblastic_IC high	stroma	yes	18.0	96.0	1426.0	561.0	419.2063	164.9192	yes
SN124_A938797_Rep2	GAAATTCACATCGCTG-1	yes	yes	yes	stroma_fibroblastic_IC high	stroma	yes	13.0	49.0	823.0	449.0	241.9402	131.9941	yes
SN124_A938797_Rep2	GAAATTGTCTCTATAA-1	yes	yes	yes	stroma_fibroblastic_IC high	stroma	yes	43.0	53.0	874.0	1119.0	256.9329	328.9564	yes
SN124_A938797_Rep2	GAACAACTGGGATGAA-1	no	yes	no		unresolved	no	67.0	85.0	1284.0	1656.0	377.462	486.8202	yes
SN124_A938797_Rep2	GAACACACATCAACCA-1	yes	yes	yes	stroma_fibroblastic_IC high	stroma	yes	22.0	50.0	836.0	650.0	245.7619	191.0828	yes
SN124_A938797_Rep2	GAACAGATTACTAAAT-1	no	yes	no		unresolved	no	57.0	71.0	1104.0	1432.0	324.5468	420.9701	yes
SN124_A938797_Rep2	GAACATTAGTATGTTA-1	no	yes	no		unresolved	no	14.0	122.0	1760.0	472.0	517.3934	138.7555	yes
SN124_A938797_Rep2	GAACCATCTGGGAGAC-1	yes	yes	yes	tumor&stroma_IC med to high	mixed	yes	4.0	54.0	888.0	248.0	261.0485	72.9054	yes
SN124_A938797_Rep2	GAACCCTCTGTGTTCT-1	no	yes	no		unresolved	no	59.0	67.0	1053.0	1477.0	309.5541	434.1989	yes
SN124_A938797_Rep2	GAACCTCGACCTACAC-1	no	yes	no		unresolved	no	41.0	9.0	309.0	1074.0	90.8378	315.7276	yes
SN124_A938797_Rep2	GAACCTTTAACGATCC-1	no	yes	no		unresolved	no	63.0	79.0	1207.0	1567.0	354.8261	460.6565	yes
SN124_A938797_Rep2	GAACGACCGAATGATA-1	yes	yes	yes	tumor&stroma_IC med to high	mixed	yes	19.0	63.0	1003.0	583.0	294.8555	171.3866	yes
SN124_A938797_Rep2	GAACGATAAGTTAAAG-1	no	yes	no		unresolved	no	27.0	123.0	1773.0	763.0	521.2151	224.3018	yes
SN124_A938797_Rep2	GAACGCGGGTCACACG-1	no	yes	no		unresolved	no	48.0	114.0	1657.0	1232.0	487.1142	362.1754	yes
SN124_A938797_Rep2	GAACGGTGTAAAGCAG-1	no	yes	no		unresolved	no	4.0	110.0	1607.0	249.0	472.4155	73.1994	yes
SN124_A938797_Rep2	GAACGTCTCATGGTCG-1	yes	yes	yes	tumor	tumor	yes	31.0	87.0	1310.0	852.0	385.1053	250.4655	yes
SN124_A938797_Rep2	GAACGTTAGGAAGACG-1	no	yes	no		unresolved	no	33.0	15.0	386.0	895.0	113.4738	263.1063	yes
SN124_A938797_Rep2	GAACGTTTGTATCCAC-1	no	yes	no		unresolved	no	77.0	123.0	1771.0	1880.0	520.6271	552.6703	yes
SN124_A938797_Rep2	GAACTGTGGAGAGACA-1	no	yes	no		unresolved	no	68.0	66.0	1040.0	1678.0	305.7325	493.2876	yes
SN124_A938797_Rep2	GAACTTAGCGCCCGGT-1	no	yes	no		unresolved	no	5.0	101.0	1491.0	271.0	438.3145	79.6668	yes
SN124_A938797_Rep2	GAACTTGTGCACGGGA-1	no	yes	no		unresolved	no	18.0	124.0	1786.0	562.0	525.0367	165.2131	yes
SN124_A938797_Rep2	GAAGAAACGATATTGT-1	no	yes	no		unresolved	no	59.0	29.0	565.0	1476.0	166.0951	433.9049	yes
SN124_A938797_Rep2	GAAGAACGGTGCAGGT-1	yes	yes	yes	stroma_fibroblastic_IC med	stroma	yes	14.0	40.0	707.0	471.0	207.8393	138.4615	yes
SN124_A938797_Rep2	GAAGACTTCAATGCCG-1	yes	yes	yes	tumor	tumor	yes	3.0	65.0	1029.0	226.0	302.4988	66.438	yes
SN124_A938797_Rep2	GAAGCAAGGCAATGTT-1	yes	yes	yes	exclude	exclude	yes	1.0	43.0	746.0	181.0	219.3043	53.2092	yes
SN124_A938797_Rep2	GAAGCCACTGATTATG-1	no	yes	no		unresolved	no	65.0	69.0	1078.0	1611.0	316.9035	473.5914	yes
SN124_A938797_Rep2	GAAGCCGGGTAAGCTC-1	no	yes	no		unresolved	no	23.0	3.0	232.0	672.0	68.2019	197.5502	yes
SN124_A938797_Rep2	GAAGCCTGCACATTCC-1	no	yes	no		unresolved	no	61.0	61.0	976.0	1522.0	286.9182	447.4277	yes
SN124_A938797_Rep2	GAAGCGTGAGGAATTT-1	yes	yes	yes	stroma_fibroblastic_IC high	stroma	yes	34.0	60.0	964.0	918.0	283.3905	269.8677	yes
SN124_A938797_Rep2	GAAGCTCGGACCCGTC-1	no	yes	no		unresolved	no	55.0	21.0	462.0	1387.0	135.8158	407.7413	yes
SN124_A938797_Rep2	GAAGCTCTTTGCTTAG-1	no	yes	no		unresolved	no	14.0	4.0	245.0	470.0	72.0235	138.1676	yes
SN124_A938797_Rep2	GAAGCTTGCTGACCGC-1	yes	yes	yes	stroma_fibroblastic_IC high	stroma	yes	29.0	35.0	643.0	806.0	189.025	236.9427	yes
SN124_A938797_Rep2	GAAGGACTAAATTGAA-1	no	yes	no		unresolved	no	4.0	14.0	374.0	247.0	109.9461	72.6115	yes
SN124_A938797_Rep2	GAAGGAGTCGAGTGCG-1	no	yes	no		unresolved	no	66.0	60.0	963.0	1633.0	283.0965	480.0588	yes
SN124_A938797_Rep2	GAAGGCTACCATTGTT-1	no	yes	no		unresolved	no	25.0	119.0	1722.0	718.0	506.2224	211.073	yes
SN124_A938797_Rep2	GAAGGGCATAACCATG-1	no	yes	no		unresolved	no	7.0	11.0	335.0	314.0	98.4811	92.3077	yes
SN124_A938797_Rep2	GAAGGGTCATTAAGAC-1	no	yes	no		unresolved	no	73.0	81.0	1232.0	1790.0	362.1754	526.2126	yes
SN124_A938797_Rep2	GAAGTCAGTTGCACTA-1	no	yes	no		unresolved	no	52.0	58.0	937.0	1320.0	275.4532	388.0451	yes
SN124_A938797_Rep2	GAAGTCTCCCTAGCGA-1	yes	yes	yes	non neo epithelium	normal epithelium	yes	37.0	91.0	1362.0	986.0	400.392	289.8579	yes
SN124_A938797_Rep2	GAAGTGATTTATCGTG-1	yes	yes	yes	tumor	tumor	yes	39.0	47.0	797.0	1030.0	234.2969	302.7927	yes
SN124_A938797_Rep2	GAAGTGCTGGATAGCT-1	yes	yes	yes	tumor	tumor	yes	15.0	61.0	977.0	494.0	287.2121	145.2229	yes
SN124_A938797_Rep2	GAAGTTTCCACTCAAT-1	yes	yes	yes	tumor	tumor	yes	36.0	46.0	784.0	963.0	230.4753	283.0965	yes
SN124_A938797_Rep2	GAATAGACGCGACCCA-1	yes	yes	yes	non neo epithelium	normal epithelium	yes	42.0	92.0	1374.0	1098.0	403.9196	322.7829	yes
SN124_A938797_Rep2	GAATAGCATTTAGGGT-1	no	yes	no		unresolved	no	46.0	118.0	1708.0	1187.0	502.1068	348.9466	yes
SN124_A938797_Rep2	GAATAGCCCTGCGGTC-1	yes	yes	yes	exclude	exclude	yes	18.0	110.0	1606.0	562.0	472.1215	165.2131	yes
SN124_A938797_Rep2	GAATAGTGCTCGATTA-1	no	yes	no		unresolved	no	60.0	36.0	655.0	1499.0	192.5527	440.6663	yes
SN124_A938797_Rep2	GAATATTCGGAGTCCC-1	yes	yes	yes	stroma_fibroblastic_IC high	stroma	yes	13.0	83.0	1260.0	449.0	370.4067	131.9941	yes
SN124_A938797_Rep2	GAATCGACATGGTCAC-1	yes	yes	yes	stroma_fibroblastic_IC high	stroma	yes	26.0	42.0	733.0	739.0	215.4826	217.2464	yes
SN124_A938797_Rep2	GAATCGCCGGACACGG-1	yes	yes	yes	stroma_fibroblastic_IC high	stroma	yes	11.0	41.0	720.0	404.0	211.6609	118.7653	yes
SN124_A938797_Rep2	GAATCTATACTCGGAC-1	no	yes	no		unresolved	no	2.0	76.0	1170.0	204.0	343.949	59.9706	yes
SN124_A938797_Rep2	GAATCTGAACATTCTC-1	yes	yes	yes	stroma_fibroblastic_IC high	stroma	yes	42.0	64.0	1015.0	1097.0	298.3831	322.489	yes
SN124_A938797_Rep2	GAATGAAGGTCTTCAG-1	no	yes	no		unresolved	no	17.0	117.0	1696.0	539.0	498.5791	158.4517	yes
SN124_A938797_Rep2	GAATGCCGAAATGACC-1	no	yes	no		unresolved	no	21.0	17.0	412.0	627.0	121.1171	184.3214	yes
SN124_A938797_Rep2	GAATGCGAATCGGTTC-1	no	yes	no		unresolved	no	63.0	69.0	1078.0	1566.0	316.9035	460.3626	yes
SN124_A938797_Rep2	GAATGGGCTTATCGAC-1	no	yes	no		unresolved	no	40.0	6.0	270.0	1051.0	79.3729	308.9662	yes
SN124_A938797_Rep2	GAATGTATGGCAGGTC-1	yes	yes	yes	stroma_fibroblastic_IC high	stroma	yes	15.0	91.0	1362.0	494.0	400.392	145.2229	yes
SN124_A938797_Rep2	GAATGTGGTCCGGATT-1	yes	yes	yes	submucosa	other	yes	43.0	81.0	1233.0	1120.0	362.4694	329.2504	yes
SN124_A938797_Rep2	GAATGTTGGGTAATCT-1	yes	yes	yes	tumor	tumor	yes	23.0	69.0	1080.0	673.0	317.4914	197.8442	yes
SN124_A938797_Rep2	GAATTATAGTGAAAGG-1	yes	yes	yes	stroma_fibroblastic_IC high	stroma	yes	34.0	68.0	1066.0	918.0	313.3758	269.8677	yes
SN124_A938797_Rep2	GAATTATGCAACCTAC-1	no	yes	no		unresolved	no	2.0	126.0	1812.0	204.0	532.6801	59.9706	yes
SN124_A938797_Rep2	GAATTCACCCGGGTGT-1	yes	yes	yes	exclude	exclude	yes	47.0	55.0	899.0	1209.0	264.2822	355.414	yes
SN124_A938797_Rep2	GAATTTCTCGCTGCAG-1	yes	yes	yes	stroma_fibroblastic_IC high	stroma	yes	28.0	30.0	579.0	784.0	170.2107	230.4753	yes
SN124_A938797_Rep2	GACAAACATATGCAGG-1	no	yes	no		unresolved	no	44.0	100.0	1477.0	1142.0	434.1989	335.7178	yes
SN124_A938797_Rep2	GACAACGACCATTGAA-1	yes	yes	yes	tumor	tumor	yes	25.0	77.0	1182.0	717.0	347.4767	210.779	yes
SN124_A938797_Rep2	GACAACGCAGCTTACG-1	yes	yes	yes	stroma_fibroblastic_IC high	stroma	yes	20.0	54.0	887.0	605.0	260.7545	177.854	yes
SN124_A938797_Rep2	GACAAGACGCCCGTGC-1	no	yes	no		unresolved	no	69.0	123.0	1772.0	1701.0	520.9211	500.049	yes
SN124_A938797_Rep2	GACAAGAGATGAGATT-1	no	yes	no		unresolved	no	56.0	116.0	1682.0	1411.0	494.4635	414.7967	yes
SN124_A938797_Rep2	GACACAAGGGAAGAAA-1	yes	yes	yes	stroma_fibroblastic_IC high	stroma	yes	30.0	72.0	1118.0	829.0	328.6624	243.7041	yes
SN124_A938797_Rep2	GACACAGCCGGGACTG-1	no	yes	no		unresolved	no	72.0	100.0	1476.0	1768.0	433.9049	519.7452	yes
SN124_A938797_Rep2	GACACCCAAAGACGCG-1	no	yes	no		unresolved	no	75.0	37.0	667.0	1834.0	196.0804	539.1475	yes
SN124_A938797_Rep2	GACACGAGTTAGAGGA-1	yes	yes	yes	stroma desmoplastic_IC med to high	stroma	yes	19.0	25.0	515.0	583.0	151.3964	171.3866	yes
SN124_A938797_Rep2	GACACTGAGTTCAGTG-1	yes	yes	yes	stroma_fibroblastic_IC high	stroma	yes	44.0	46.0	784.0	1141.0	230.4753	335.4238	yes
SN124_A938797_Rep2	GACACTGGAACCCGAT-1	no	yes	no		unresolved	no	52.0	110.0	1605.0	1321.0	471.8275	388.339	yes
SN124_A938797_Rep2	GACACTTCCAATTACC-1	no	yes	no		unresolved	no	70.0	96.0	1425.0	1723.0	418.9123	506.5164	yes
SN124_A938797_Rep2	GACAGAGGTCTTCAGT-1	no	yes	no		unresolved	no	77.0	67.0	1052.0	1879.0	309.2602	552.3763	yes
SN124_A938797_Rep2	GACAGATTTCTGGCTC-1	no	yes	no		unresolved	no	44.0	8.0	296.0	1141.0	87.0162	335.4238	yes
SN124_A938797_Rep2	GACAGCCAGACCTGAC-1	yes	yes	yes	submucosa	other	yes	42.0	86.0	1297.0	1097.0	381.2837	322.489	yes
SN124_A938797_Rep2	GACAGGCACACACTAT-1	no	yes	no		unresolved	no	38.0	22.0	476.0	1007.0	139.9314	296.0314	yes
SN124_A938797_Rep2	GACAGGTAATCCGTGT-1	no	yes	no		unresolved	no	76.0	116.0	1682.0	1858.0	494.4635	546.2028	yes
SN124_A938797_Rep2	GACATACTGTCGCAGA-1	no	yes	no		unresolved	no	21.0	9.0	309.0	627.0	90.8378	184.3214	yes
SN124_A938797_Rep2	GACATCCGTCGAACTG-1	no	yes	no		unresolved	no	65.0	71.0	1104.0	1611.0	324.5468	473.5914	yes
SN124_A938797_Rep2	GACATCGATTTATAAC-1	no	yes	no		unresolved	no	52.0	50.0	835.0	1320.0	245.4679	388.0451	yes
SN124_A938797_Rep2	GACATTTCGCCCAGCC-1	no	yes	no		unresolved	no	72.0	16.0	398.0	1767.0	117.0015	519.4512	yes
SN124_A938797_Rep2	GACCAAACGTTGACTG-1	no	yes	no		unresolved	no	58.0	108.0	1579.0	1455.0	464.1842	427.7315	yes
SN124_A938797_Rep2	GACCACACTTCCCTTT-1	no	yes	no		unresolved	no	70.0	80.0	1219.0	1723.0	358.3537	506.5164	yes
SN124_A938797_Rep2	GACCAGAGCCCTGTAG-1	yes	yes	yes	stroma_fibroblastic_IC high	stroma	yes	31.0	47.0	797.0	851.0	234.2969	250.1715	yes
SN124_A938797_Rep2	GACCAGGTCATTCATA-1	yes	yes	yes	exclude	exclude	yes	3.0	69.0	1080.0	226.0	317.4914	66.438	yes
SN124_A938797_Rep2	GACCCAATTATGATAC-1	no	yes	no		unresolved	no	54.0	20.0	449.0	1364.0	131.9941	400.9799	yes
SN124_A938797_Rep2	GACCCGTCGCCGGCTA-1	yes	yes	yes	tumor	tumor	yes	9.0	59.0	952.0	360.0	279.8628	105.8305	yes
SN124_A938797_Rep2	GACCGACCGCTAATAT-1	no	yes	no		unresolved	no	2.0	10.0	323.0	202.0	94.9535	59.3827	yes
SN124_A938797_Rep2	GACCGACGTGAAAGCA-1	no	yes	no		unresolved	no	38.0	112.0	1631.0	1008.0	479.4708	296.3253	yes
SN124_A938797_Rep2	GACCGACTGAAGCGTC-1	no	yes	no		unresolved	no	34.0	22.0	476.0	918.0	139.9314	269.8677	yes
SN124_A938797_Rep2	GACCGATTAAATATGT-1	no	yes	no		unresolved	no	68.0	16.0	398.0	1677.0	117.0015	492.9936	yes
SN124_A938797_Rep2	GACCGCGTCTGACGTG-1	no	yes	no		unresolved	no	50.0	112.0	1631.0	1277.0	479.4708	375.4042	yes
SN124_A938797_Rep2	GACCGGTGATACTCTC-1	no	yes	no		unresolved	no	74.0	4.0	243.0	1811.0	71.4356	532.3861	yes
SN124_A938797_Rep2	GACCGTCAGGTCGTGA-1	yes	yes	yes	stroma_fibroblastic_IC high	stroma	yes	13.0	81.0	1234.0	449.0	362.7633	131.9941	yes
SN124_A938797_Rep2	GACCGTGCTGACGGTG-1	yes	yes	yes	stroma_fibroblastic_IC med	stroma	yes	40.0	52.0	861.0	1052.0	253.1112	309.2602	yes
SN124_A938797_Rep2	GACCGTTACATGCGAC-1	no	yes	no		unresolved	no	38.0	6.0	270.0	1007.0	79.3729	296.0314	yes
SN124_A938797_Rep2	GACCTGGTCTGGGCGT-1	no	yes	no		unresolved	no	10.0	0.0	194.0	381.0	57.0309	112.0039	yes
SN124_A938797_Rep2	GACCTTCCACGTCTAC-1	no	yes	no		unresolved	no	66.0	74.0	1143.0	1633.0	336.0118	480.0588	yes
SN124_A938797_Rep2	GACGACGATCCGCGTT-1	no	yes	no		unresolved	no	52.0	70.0	1092.0	1321.0	321.0191	388.339	yes
SN124_A938797_Rep2	GACGACTTTCCAAGAA-1	no	yes	no		unresolved	no	1.0	11.0	335.0	180.0	98.4811	52.9152	yes
SN124_A938797_Rep2	GACGAGGCTAATAAAC-1	no	yes	no		unresolved	no	56.0	100.0	1477.0	1410.0	434.1989	414.5027	yes
SN124_A938797_Rep2	GACGATATCACTGGGT-1	no	yes	no		unresolved	no	72.0	34.0	629.0	1767.0	184.9094	519.4512	yes
SN124_A938797_Rep2	GACGCATACCCGTCGG-1	no	yes	no		unresolved	no	64.0	6.0	269.0	1588.0	79.0789	466.83	yes
SN124_A938797_Rep2	GACGCCGTAAAGGCTA-1	no	yes	no		unresolved	no	54.0	54.0	886.0	1365.0	260.4606	401.2739	yes
SN124_A938797_Rep2	GACGCCTGTTGCAGGG-1	yes	yes	yes	stroma desmoplastic_IC med to high	stroma	yes	11.0	31.0	592.0	404.0	174.0323	118.7653	yes
SN124_A938797_Rep2	GACGCTTGCTTCTAAA-1	no	yes	no		unresolved	no	38.0	36.0	655.0	1007.0	192.5527	296.0314	yes
SN124_A938797_Rep2	GACGGACCGCGTTCCT-1	yes	yes	yes	tumor	tumor	yes	4.0	58.0	939.0	248.0	276.0412	72.9054	yes
SN124_A938797_Rep2	GACGGGATGTCTTATG-1	no	yes	no		unresolved	no	1.0	25.0	515.0	180.0	151.3964	52.9152	yes
SN124_A938797_Rep2	GACGGGCATCGAATTT-1	no	yes	no		unresolved	no	75.0	107.0	1566.0	1835.0	460.3626	539.4414	yes
SN124_A938797_Rep2	GACGGGTTGGCCCGTA-1	no	yes	no		unresolved	no	61.0	51.0	847.0	1521.0	248.9956	447.1338	yes
SN124_A938797_Rep2	GACGGTCAATAGAAGC-1	yes	yes	yes	stroma_fibroblastic_IC high	stroma	yes	30.0	100.0	1477.0	830.0	434.1989	243.998	yes
SN124_A938797_Rep2	GACGGTCCTAGGGTGT-1	no	yes	no		unresolved	no	43.0	125.0	1798.0	1120.0	528.5644	329.2504	yes
SN124_A938797_Rep2	GACGTGAGACTCCATG-1	yes	yes	yes	stroma_fibroblastic_IC high	stroma	yes	8.0	30.0	579.0	337.0	170.2107	99.0691	yes
SN124_A938797_Rep2	GACGTGTAGGGATTAT-1	yes	yes	yes	stroma_fibroblastic_IC high	stroma	yes	28.0	32.0	604.0	784.0	177.56	230.4753	yes
SN124_A938797_Rep2	GACGTTCGTAAATACA-1	no	yes	no		unresolved	no	24.0	116.0	1683.0	696.0	494.7575	204.6056	yes
SN124_A938797_Rep2	GACGTTGCTCGGCGGC-1	no	yes	no		unresolved	no	73.0	31.0	590.0	1789.0	173.4444	525.9187	yes
SN124_A938797_Rep2	GACTAACACAGCACCT-1	no	yes	no		unresolved	no	8.0	90.0	1350.0	338.0	396.8643	99.3631	yes
SN124_A938797_Rep2	GACTAAGATCATGCAC-1	yes	yes	yes	stroma_fibroblastic_IC med	stroma	yes	23.0	53.0	874.0	672.0	256.9329	197.5502	yes
SN124_A938797_Rep2	GACTAAGTAGGCTCAC-1	yes	yes	yes	stroma_fibroblastic_IC high	stroma	yes	27.0	43.0	746.0	762.0	219.3043	224.0078	yes
SN124_A938797_Rep2	GACTACAAAGCGGTGG-1	no	yes	no		unresolved	no	49.0	21.0	462.0	1253.0	135.8158	368.3488	yes
SN124_A938797_Rep2	GACTACAATTGCTCGT-1	yes	yes	yes	exclude	exclude	yes	8.0	82.0	1247.0	338.0	366.585	99.3631	yes
SN124_A938797_Rep2	GACTAGGCCGTTAGGT-1	no	yes	no		unresolved	no	66.0	78.0	1194.0	1634.0	351.0044	480.3528	yes
SN124_A938797_Rep2	GACTCACCCACGTGAG-1	no	yes	no		unresolved	no	38.0	106.0	1554.0	1008.0	456.8349	296.3253	yes
SN124_A938797_Rep2	GACTCCCAGAATAAGG-1	no	yes	no		unresolved	no	27.0	111.0	1619.0	763.0	475.9432	224.3018	yes
SN124_A938797_Rep2	GACTCCTTCCAATTGA-1	no	yes	no		unresolved	no	56.0	10.0	321.0	1409.0	94.3655	414.2087	yes
SN124_A938797_Rep2	GACTCGCGGGAATGAC-1	yes	yes	yes	tumor&stroma_IC med to high	mixed	yes	28.0	96.0	1426.0	785.0	419.2063	230.7692	yes
SN124_A938797_Rep2	GACTCGGTCGGCGGAT-1	no	yes	no		unresolved	no	9.0	107.0	1568.0	360.0	460.9505	105.8305	yes
SN124_A938797_Rep2	GACTCTAGAGTTCCAA-1	no	yes	no		unresolved	no	74.0	56.0	911.0	1812.0	267.8099	532.6801	yes
SN124_A938797_Rep2	GACTGATTGGTCACAA-1	no	yes	no		unresolved	no	9.0	101.0	1491.0	360.0	438.3145	105.8305	yes
SN124_A938797_Rep2	GACTGCAAATCGAGCT-1	no	yes	no		unresolved	no	59.0	75.0	1156.0	1477.0	339.8334	434.1989	yes
SN124_A938797_Rep2	GACTGCACCAGCCCAG-1	yes	yes	yes	submucosa	other	yes	46.0	80.0	1220.0	1187.0	358.6477	348.9466	yes
SN124_A938797_Rep2	GACTGCGGCACGTGTA-1	no	yes	no		unresolved	no	27.0	15.0	386.0	761.0	113.4738	223.7139	yes
SN124_A938797_Rep2	GACTGCTGGTGAGAAA-1	no	yes	no		unresolved	no	67.0	39.0	693.0	1655.0	203.7237	486.5262	yes
SN124_A938797_Rep2	GACTGGGCGCCGCAAC-1	no	yes	no		unresolved	no	6.0	94.0	1401.0	293.0	411.8569	86.1342	yes
SN124_A938797_Rep2	GACTTCAACGCATCAA-1	no	yes	no		unresolved	no	74.0	94.0	1399.0	1813.0	411.269	532.974	yes
SN124_A938797_Rep2	GACTTTCGAGCGGTTC-1	no	yes	no		unresolved	no	77.0	71.0	1104.0	1879.0	324.5468	552.3763	yes
SN124_A938797_Rep2	GAGAAACTGGATCCCA-1	no	yes	no		unresolved	no	66.0	124.0	1785.0	1634.0	524.7428	480.3528	yes
SN124_A938797_Rep2	GAGAACGGTTCTGACT-1	no	yes	no		unresolved	no	67.0	103.0	1515.0	1656.0	445.3699	486.8202	yes
SN124_A938797_Rep2	GAGAATCTCACGATCA-1	no	yes	no		unresolved	no	31.0	5.0	258.0	850.0	75.8452	249.8775	yes
SN124_A938797_Rep2	GAGACCCTGCAACGCC-1	no	yes	no		unresolved	no	11.0	111.0	1619.0	405.0	475.9432	119.0593	yes
SN124_A938797_Rep2	GAGACTGATGGGTAGA-1	yes	yes	yes	stroma_fibroblastic_IC high	stroma	yes	28.0	56.0	912.0	784.0	268.1039	230.4753	yes
SN124_A938797_Rep2	GAGACTTCGCGACCGA-1	no	yes	no		unresolved	no	53.0	57.0	925.0	1343.0	271.9255	394.8065	yes
SN124_A938797_Rep2	GAGAGCGCAGTCCCTG-1	no	yes	no		unresolved	no	28.0	6.0	270.0	783.0	79.3729	230.1813	yes
SN124_A938797_Rep2	GAGAGGCCTATGTGTA-1	no	yes	no		unresolved	no	66.0	118.0	1708.0	1634.0	502.1068	480.3528	yes
SN124_A938797_Rep2	GAGAGGGCGCGAGGTT-1	yes	yes	yes	exclude	exclude	yes	38.0	40.0	707.0	1007.0	207.8393	296.0314	yes
SN124_A938797_Rep2	GAGAGGTGCATTCTGG-1	no	yes	no		unresolved	no	44.0	28.0	552.0	1141.0	162.2734	335.4238	yes
SN124_A938797_Rep2	GAGAGTCTCGGGAGAG-1	no	yes	no		unresolved	no	72.0	40.0	706.0	1767.0	207.5453	519.4512	yes
SN124_A938797_Rep2	GAGATCGATCTTACTC-1	no	yes	no		unresolved	no	67.0	3.0	231.0	1655.0	67.9079	486.5262	yes
SN124_A938797_Rep2	GAGATCTGCTTGGCAT-1	yes	yes	yes	exclude	exclude	yes	34.0	44.0	758.0	918.0	222.8319	269.8677	yes
SN124_A938797_Rep2	GAGATCTGTCACTCCG-1	yes	yes	yes	stroma_fibroblastic_IC high	stroma	yes	30.0	74.0	1144.0	829.0	336.3057	243.7041	yes
SN124_A938797_Rep2	GAGATCTTCCATGACA-1	yes	yes	yes	non neo epithelium	normal epithelium	yes	45.0	77.0	1182.0	1164.0	347.4767	342.1852	yes
SN124_A938797_Rep2	GAGATGACAATCCTTA-1	no	yes	no		unresolved	no	27.0	121.0	1747.0	763.0	513.5718	224.3018	yes
SN124_A938797_Rep2	GAGATGGCTTTAATCA-1	no	yes	no		unresolved	no	70.0	76.0	1168.0	1723.0	343.3611	506.5164	yes
SN124_A938797_Rep2	GAGATGGGAGTCGACA-1	no	yes	no		unresolved	no	52.0	72.0	1117.0	1321.0	328.3684	388.339	yes
SN124_A938797_Rep2	GAGCACCTGTGTCCAG-1	no	yes	no		unresolved	no	58.0	80.0	1220.0	1455.0	358.6477	427.7315	yes
SN124_A938797_Rep2	GAGCACGGCGCCTCTT-1	no	yes	no		unresolved	no	42.0	122.0	1760.0	1098.0	517.3934	322.7829	yes
SN124_A938797_Rep2	GAGCATCAACAACTTG-1	no	yes	no		unresolved	no	64.0	30.0	578.0	1588.0	169.9167	466.83	yes
SN124_A938797_Rep2	GAGCATCATCCCTGGG-1	yes	yes	yes	stroma_fibroblastic_IC high	stroma	yes	12.0	40.0	708.0	426.0	208.1333	125.2327	yes
SN124_A938797_Rep2	GAGCCACGGTAGTAGG-1	yes	yes	yes	stroma_fibroblastic_IC med	stroma	yes	9.0	47.0	797.0	359.0	234.2969	105.5365	yes
SN124_A938797_Rep2	GAGCCAGCTACCTGTG-1	no	yes	no		unresolved	no	53.0	89.0	1336.0	1343.0	392.7486	394.8065	yes
SN124_A938797_Rep2	GAGCCGAGCGTTTATT-1	no	yes	no		unresolved	no	13.0	107.0	1568.0	450.0	460.9505	132.2881	yes
SN124_A938797_Rep2	GAGCGAGGGAGTACCG-1	yes	yes	yes	tumor	tumor	yes	14.0	58.0	939.0	471.0	276.0412	138.4615	yes
SN124_A938797_Rep2	GAGCGCAAATACTCCG-1	no	yes	no		unresolved	no	51.0	107.0	1567.0	1299.0	460.6565	381.8716	yes
SN124_A938797_Rep2	GAGCGCGCACGAGTAG-1	no	yes	no		unresolved	no	49.0	93.0	1387.0	1254.0	407.7413	368.6428	yes
SN124_A938797_Rep2	GAGCGCTATGTCAGGC-1	no	yes	no		unresolved	no	0.0	20.0	451.0	158.0	132.5821	46.4478	yes
SN124_A938797_Rep2	GAGCGCTGTTAGGTAA-1	no	yes	no		unresolved	no	61.0	23.0	488.0	1521.0	143.4591	447.1338	yes
SN124_A938797_Rep2	GAGCGGAATGCGGTGT-1	no	yes	no		unresolved	no	68.0	48.0	809.0	1678.0	237.8246	493.2876	yes
SN124_A938797_Rep2	GAGCTAAGGGCATATC-1	yes	yes	yes	tumor	tumor	yes	29.0	83.0	1259.0	807.0	370.1127	237.2366	yes
SN124_A938797_Rep2	GAGCTCAACATGAGCG-1	no	yes	no		unresolved	no	73.0	69.0	1078.0	1790.0	316.9035	526.2126	yes
SN124_A938797_Rep2	GAGCTCTCGGACCTAA-1	yes	yes	yes	stroma desmoplastic_IC low	stroma	yes	15.0	33.0	618.0	493.0	181.6756	144.929	yes
SN124_A938797_Rep2	GAGCTGTCGTCTCGGA-1	yes	yes	yes	tumor	tumor	yes	20.0	108.0	1580.0	606.0	464.4782	178.148	yes
SN124_A938797_Rep2	GAGGAATATCTCTTTG-1	no	yes	no		unresolved	no	71.0	45.0	770.0	1745.0	226.3596	512.9838	yes
SN124_A938797_Rep2	GAGGAATGGAGAGGTT-1	yes	yes	yes	stroma_fibroblastic_IC high	stroma	yes	27.0	31.0	592.0	761.0	174.0323	223.7139	yes
SN124_A938797_Rep2	GAGGAGATCCTCATGC-1	no	yes	no		unresolved	no	12.0	8.0	297.0	426.0	87.3101	125.2327	yes
SN124_A938797_Rep2	GAGGAGTAATTCCTAC-1	yes	yes	yes	tumor	tumor	yes	2.0	50.0	836.0	203.0	245.7619	59.6766	yes
SN124_A938797_Rep2	GAGGATAAACAGTGCT-1	no	yes	no		unresolved	no	40.0	114.0	1657.0	1053.0	487.1142	309.5541	yes
SN124_A938797_Rep2	GAGGCATTTGCAGCAG-1	no	yes	no		unresolved	no	16.0	120.0	1735.0	517.0	510.0441	151.9843	yes
SN124_A938797_Rep2	GAGGCCCGACTCCGCA-1	no	yes	no		unresolved	no	55.0	23.0	488.0	1387.0	143.4591	407.7413	yes
SN124_A938797_Rep2	GAGGCCTGTTGATACA-1	no	yes	no		unresolved	no	63.0	107.0	1566.0	1567.0	460.3626	460.6565	yes
SN124_A938797_Rep2	GAGGCTATCAAAGTCG-1	no	yes	no		unresolved	no	35.0	27.0	540.0	940.0	158.7457	276.3351	yes
SN124_A938797_Rep2	GAGGGAGTCAGATCGC-1	no	yes	no		unresolved	no	65.0	41.0	719.0	1611.0	211.367	473.5914	yes
SN124_A938797_Rep2	GAGGGCATCGCGTATC-1	yes	yes	yes	stroma desmoplastic_IC med to high	stroma	yes	11.0	33.0	618.0	404.0	181.6756	118.7653	yes
SN124_A938797_Rep2	GAGGGCCATAATATTA-1	no	yes	no		unresolved	no	20.0	122.0	1760.0	606.0	517.3934	178.148	yes
SN124_A938797_Rep2	GAGGGCCGGCAGAGTC-1	no	yes	no		unresolved	no	6.0	126.0	1812.0	294.0	532.6801	86.4282	yes
SN124_A938797_Rep2	GAGGGCGCAGCTCTGC-1	yes	yes	yes	stroma_fibroblastic_IC high	stroma	yes	27.0	89.0	1336.0	762.0	392.7486	224.0078	yes
SN124_A938797_Rep2	GAGGGTAGTAACAAAG-1	no	yes	no		unresolved	no	63.0	31.0	590.0	1566.0	173.4444	460.3626	yes
SN124_A938797_Rep2	GAGGTACATCCATCTT-1	yes	yes	yes	stroma_fibroblastic_IC high	stroma	yes	12.0	68.0	1067.0	427.0	313.6698	125.5267	yes
SN124_A938797_Rep2	GAGGTACGCGTGTCCC-1	no	yes	no		unresolved	no	67.0	67.0	1053.0	1656.0	309.5541	486.8202	yes
SN124_A938797_Rep2	GAGGTCCCAAAGATCT-1	yes	yes	yes	stroma desmoplastic_IC low	stroma	yes	18.0	26.0	528.0	560.0	155.218	164.6252	yes
SN124_A938797_Rep2	GAGGTCCGTTCGCTGT-1	no	yes	no		unresolved	no	76.0	34.0	629.0	1856.0	184.9094	545.6149	yes
SN124_A938797_Rep2	GAGGTCTTAGTGGGTC-1	no	yes	no		unresolved	no	3.0	95.0	1414.0	226.0	415.6786	66.438	yes
SN124_A938797_Rep2	GAGTAAACCGGAAAGT-1	no	yes	no		unresolved	no	51.0	117.0	1695.0	1299.0	498.2852	381.8716	yes
SN124_A938797_Rep2	GAGTAAATTAAGAACC-1	no	yes	no		unresolved	no	68.0	124.0	1785.0	1679.0	524.7428	493.5816	yes
SN124_A938797_Rep2	GAGTAAGGCCACGGGA-1	no	yes	no		unresolved	no	48.0	14.0	373.0	1230.0	109.6521	361.5875	yes
SN124_A938797_Rep2	GAGTACGGGTATACAA-1	yes	yes	yes	stroma_fibroblastic_IC high	stroma	yes	15.0	43.0	746.0	493.0	219.3043	144.929	yes
SN124_A938797_Rep2	GAGTAGATACTAGTTG-1	no	yes	no		unresolved	no	62.0	64.0	1014.0	1544.0	298.0892	453.8951	yes
SN124_A938797_Rep2	GAGTATACCCTAATCA-1	no	yes	no		unresolved	no	70.0	30.0	577.0	1722.0	169.6227	506.2224	yes
SN124_A938797_Rep2	GAGTATCAAAGTTACA-1	no	yes	no		unresolved	no	57.0	121.0	1746.0	1433.0	513.2778	421.2641	yes
SN124_A938797_Rep2	GAGTATGCCCGCCTTG-1	no	yes	no		unresolved	no	49.0	43.0	745.0	1253.0	219.0103	368.3488	yes
SN124_A938797_Rep2	GAGTATGCGCGTGCAT-1	no	yes	no		unresolved	no	63.0	71.0	1104.0	1566.0	324.5468	460.3626	yes
SN124_A938797_Rep2	GAGTCAGACCAGAATC-1	no	yes	no		unresolved	no	56.0	48.0	809.0	1410.0	237.8246	414.5027	yes
SN124_A938797_Rep2	GAGTCCACCAGGTTTA-1	no	yes	no		unresolved	no	77.0	93.0	1386.0	1880.0	407.4473	552.6703	yes
SN124_A938797_Rep2	GAGTCCGCTTACCGGA-1	yes	yes	yes	stroma_fibroblastic_IC med	stroma	yes	46.0	58.0	938.0	1186.0	275.7472	348.6526	yes
SN124_A938797_Rep2	GAGTCGACAGACCCTC-1	no	yes	no		unresolved	no	29.0	9.0	309.0	806.0	90.8378	236.9427	yes
SN124_A938797_Rep2	GAGTCTTGTAAAGGAC-1	no	yes	no		unresolved	no	47.0	1.0	206.0	1208.0	60.5585	355.12	yes
SN124_A938797_Rep2	GAGTGCACGGACAACA-1	no	yes	no		unresolved	no	21.0	127.0	1824.0	629.0	536.2077	184.9094	yes
SN124_A938797_Rep2	GAGTGTCAACCAGAAA-1	no	yes	no		unresolved	no	63.0	83.0	1258.0	1567.0	369.8187	460.6565	yes
SN124_A938797_Rep2	GAGTGTGCGGTACCCA-1	yes	yes	yes	non neo epithelium	normal epithelium	yes	44.0	88.0	1323.0	1142.0	388.927	335.7178	yes
SN124_A938797_Rep2	GAGTTCTGTGGGTGCT-1	no	yes	no		unresolved	no	59.0	3.0	231.0	1476.0	67.9079	433.9049	yes
SN124_A938797_Rep2	GAGTTGATGGCAATTT-1	no	yes	no		unresolved	no	51.0	19.0	437.0	1297.0	128.4664	381.2837	yes
SN124_A938797_Rep2	GAGTTGTCACCAGTCT-1	no	yes	no		unresolved	no	68.0	8.0	295.0	1677.0	86.7222	492.9936	yes
SN124_A938797_Rep2	GATAAATCGGTGGATG-1	yes	yes	yes	stroma_fibroblastic_IC med	stroma	yes	15.0	41.0	720.0	493.0	211.6609	144.929	yes
SN124_A938797_Rep2	GATAACTCGCACTGTG-1	yes	yes	yes	epitehlium&submucosa	other	yes	39.0	89.0	1336.0	1030.0	392.7486	302.7927	yes
SN124_A938797_Rep2	GATAAGGCAGATGCAA-1	yes	yes	yes	stroma desmoplastic_IC med to high	stroma	yes	10.0	28.0	553.0	381.0	162.5674	112.0039	yes
SN124_A938797_Rep2	GATAAGGGACGATTAG-1	no	yes	no		unresolved	no	1.0	3.0	233.0	180.0	68.4958	52.9152	yes
SN124_A938797_Rep2	GATACCGTGTCGGAGT-1	no	yes	no		unresolved	no	41.0	127.0	1824.0	1076.0	536.2077	316.3155	yes
SN124_A938797_Rep2	GATACGATGGGAGTCA-1	yes	yes	yes	stroma_fibroblastic_IC high	stroma	yes	45.0	45.0	771.0	1164.0	226.6536	342.1852	yes
SN124_A938797_Rep2	GATAGAACCCGCTAGG-1	no	yes	no		unresolved	no	70.0	56.0	911.0	1723.0	267.8099	506.5164	yes
SN124_A938797_Rep2	GATAGATAGTACAGTC-1	no	yes	no		unresolved	no	73.0	97.0	1438.0	1790.0	422.734	526.2126	yes
SN124_A938797_Rep2	GATAGCGTACCACGCG-1	no	yes	no		unresolved	no	12.0	2.0	220.0	426.0	64.6742	125.2327	yes
SN124_A938797_Rep2	GATAGGATTAATTACA-1	no	yes	no		unresolved	no	40.0	126.0	1811.0	1053.0	532.3861	309.5541	yes
SN124_A938797_Rep2	GATAGGTAACGTTGAC-1	yes	yes	yes	exclude	exclude	yes	48.0	60.0	963.0	1231.0	283.0965	361.8814	yes
SN124_A938797_Rep2	GATAGGTGTCCCGGGC-1	no	yes	no		unresolved	no	39.0	123.0	1773.0	1031.0	521.2151	303.0867	yes
SN124_A938797_Rep2	GATAGTGCGAGTAAGT-1	no	yes	no		unresolved	no	68.0	44.0	757.0	1678.0	222.538	493.2876	yes
SN124_A938797_Rep2	GATATCAAGCAGGAGC-1	no	yes	no		unresolved	no	55.0	3.0	231.0	1387.0	67.9079	407.7413	yes
SN124_A938797_Rep2	GATATCAGTATGTATC-1	no	yes	no		unresolved	no	9.0	9.0	310.0	359.0	91.1318	105.5365	yes
SN124_A938797_Rep2	GATATCTCATGCAATA-1	yes	yes	yes	stroma_fibroblastic_IC high	stroma	yes	12.0	58.0	939.0	427.0	276.0412	125.5267	yes
SN124_A938797_Rep2	GATATGAGACACTAAC-1	yes	yes	yes	non neo epithelium	normal epithelium	yes	39.0	81.0	1233.0	1030.0	362.4694	302.7927	yes
SN124_A938797_Rep2	GATATGCGGTAGCCAA-1	yes	yes	yes	stroma_fibroblastic_IC high	stroma	yes	19.0	91.0	1362.0	584.0	400.392	171.6805	yes
SN124_A938797_Rep2	GATATGGATTACGCGG-1	no	yes	no		unresolved	no	28.0	18.0	425.0	784.0	124.9388	230.4753	yes
SN124_A938797_Rep2	GATATTGAGATTGGCG-1	yes	yes	yes	exclude	exclude	yes	34.0	100.0	1477.0	919.0	434.1989	270.1617	yes
SN124_A938797_Rep2	GATATTTCCTACATGG-1	yes	yes	yes	stroma_fibroblastic_IC high	stroma	yes	17.0	89.0	1337.0	539.0	393.0426	158.4517	yes
SN124_A938797_Rep2	GATCAACATAAAGGGA-1	no	yes	no		unresolved	no	62.0	36.0	655.0	1543.0	192.5527	453.6012	yes
SN124_A938797_Rep2	GATCATTCCAAACATT-1	yes	yes	yes	tumor&stroma_IC med to high	mixed	yes	30.0	56.0	912.0	829.0	268.1039	243.7041	yes
SN124_A938797_Rep2	GATCCAACCTTTAAAC-1	no	yes	no		unresolved	no	77.0	11.0	333.0	1878.0	97.8932	552.0823	yes
SN124_A938797_Rep2	GATCCCTTTATACTGC-1	yes	yes	yes	stroma_fibroblastic_IC med	stroma	yes	28.0	60.0	964.0	784.0	283.3905	230.4753	yes
SN124_A938797_Rep2	GATCCGAATATAAGTG-1	no	yes	no		unresolved	no	36.0	124.0	1785.0	964.0	524.7428	283.3905	yes
SN124_A938797_Rep2	GATCCGGGAATTAACA-1	yes	yes	yes	stroma_fibroblastic_IC high	stroma	yes	39.0	73.0	1130.0	1030.0	332.1901	302.7927	yes
SN124_A938797_Rep2	GATCCTAAATCGGGAC-1	yes	yes	yes	stroma_fibroblastic_IC high	stroma	yes	27.0	95.0	1413.0	762.0	415.3846	224.0078	yes
SN124_A938797_Rep2	GATCCTCGACACTGGC-1	no	yes	no		unresolved	no	50.0	32.0	604.0	1275.0	177.56	374.8163	yes
SN124_A938797_Rep2	GATCCTCTTGCGCTTA-1	no	yes	no		unresolved	no	7.0	83.0	1260.0	315.0	370.4067	92.6017	yes
SN124_A938797_Rep2	GATCGACACTATCTGA-1	yes	yes	yes	stroma_fibroblastic_IC med	stroma	yes	27.0	47.0	797.0	762.0	234.2969	224.0078	yes
SN124_A938797_Rep2	GATCGCGGGCTCTCCA-1	yes	yes	yes	stroma_fibroblastic_IC med	stroma	yes	36.0	52.0	861.0	963.0	253.1112	283.0965	yes
SN124_A938797_Rep2	GATCGCTACCCGATTT-1	no	yes	no		unresolved	no	50.0	98.0	1451.0	1276.0	426.5556	375.1102	yes
SN124_A938797_Rep2	GATCGCTATATCTCAG-1	no	yes	no		unresolved	no	61.0	25.0	513.0	1521.0	150.8084	447.1338	yes
SN124_A938797_Rep2	GATCGCTGTGGTGCGT-1	no	yes	no		unresolved	no	70.0	18.0	423.0	1722.0	124.3508	506.2224	yes
SN124_A938797_Rep2	GATCGGATAGAACCAT-1	no	yes	no		unresolved	no	41.0	13.0	360.0	1074.0	105.8305	315.7276	yes
SN124_A938797_Rep2	GATCGGCGATAAGTCG-1	no	yes	no		unresolved	no	20.0	14.0	373.0	605.0	109.6521	177.854	yes
SN124_A938797_Rep2	GATCGGTGGCCATAAC-1	yes	yes	yes	tumor&stroma_IC med to high	mixed	yes	28.0	68.0	1067.0	784.0	313.6698	230.4753	yes
SN124_A938797_Rep2	GATCGTGACTGATATC-1	yes	yes	yes	stroma_fibroblastic_IC med	stroma	yes	38.0	72.0	1118.0	1008.0	328.6624	296.3253	yes
SN124_A938797_Rep2	GATCTAACCGTATTCA-1	no	yes	no		unresolved	no	52.0	6.0	270.0	1320.0	79.3729	388.0451	yes
SN124_A938797_Rep2	GATCTCGACGCTGTGG-1	no	yes	no		unresolved	no	50.0	118.0	1708.0	1277.0	502.1068	375.4042	yes
SN124_A938797_Rep2	GATCTGCTATCTAAGG-1	no	yes	no		unresolved	no	62.0	56.0	912.0	1544.0	268.1039	453.8951	yes
SN124_A938797_Rep2	GATCTTAGTGAACGTG-1	no	yes	no		unresolved	no	3.0	127.0	1825.0	227.0	536.5017	66.732	yes
SN124_A938797_Rep2	GATCTTCATTGTCCTC-1	no	yes	no		unresolved	no	19.0	9.0	309.0	582.0	90.8378	171.0926	yes
SN124_A938797_Rep2	GATCTTGGAGGGCATA-1	yes	yes	yes	tumor	tumor	yes	44.0	70.0	1092.0	1142.0	321.0191	335.7178	yes
SN124_A938797_Rep2	GATCTTTGCAGGGTAT-1	yes	yes	yes	tumor&stroma_IC med to high	mixed	yes	36.0	38.0	681.0	963.0	200.196	283.0965	yes
SN124_A938797_Rep2	GATCTTTGCTCAAAGA-1	no	yes	no		unresolved	no	12.0	120.0	1735.0	428.0	510.0441	125.8207	yes
SN124_A938797_Rep2	GATGACAAGTAGGGCA-1	no	yes	no		unresolved	no	57.0	33.0	616.0	1432.0	181.0877	420.9701	yes
SN124_A938797_Rep2	GATGACGATGATCGCG-1	no	yes	no		unresolved	no	19.0	113.0	1645.0	584.0	483.5865	171.6805	yes
SN124_A938797_Rep2	GATGAGGAACCTTCGG-1	no	yes	no		unresolved	no	67.0	81.0	1232.0	1656.0	362.1754	486.8202	yes
SN124_A938797_Rep2	GATGATTTGAAACTGG-1	no	yes	no		unresolved	no	0.0	34.0	631.0	158.0	185.4973	46.4478	yes
SN124_A938797_Rep2	GATGCCACACTACAGC-1	no	yes	no		unresolved	no	0.0	38.0	682.0	158.0	200.49	46.4478	yes
SN124_A938797_Rep2	GATGCCAGCAGAAGGC-1	no	yes	no		unresolved	no	23.0	17.0	412.0	672.0	121.1171	197.5502	yes
SN124_A938797_Rep2	GATGCCTTCTGCGGCA-1	no	yes	no		unresolved	no	58.0	14.0	372.0	1454.0	109.3582	427.4375	yes
SN124_A938797_Rep2	GATGCGAATGGTATTA-1	no	yes	no		unresolved	no	26.0	10.0	322.0	739.0	94.6595	217.2464	yes
SN124_A938797_Rep2	GATGCGTCCTGCATTC-1	yes	yes	yes	stroma_fibroblastic_IC high	stroma	yes	37.0	57.0	925.0	985.0	271.9255	289.5639	yes
SN124_A938797_Rep2	GATGCTACAAGCGCCT-1	yes	yes	yes	stroma_fibroblastic_IC high	stroma	yes	17.0	51.0	849.0	538.0	249.5835	158.1578	yes
SN124_A938797_Rep2	GATGCTACCTTCGATG-1	no	yes	no		unresolved	no	70.0	58.0	937.0	1723.0	275.4532	506.5164	yes
SN124_A938797_Rep2	GATGCTGTATTTCATC-1	yes	yes	yes	epitehlium&submucosa	other	yes	43.0	75.0	1156.0	1120.0	339.8334	329.2504	yes
SN124_A938797_Rep2	GATGGCGCACACATTA-1	yes	yes	yes	stroma desmoplastic_IC low	stroma	yes	19.0	29.0	566.0	583.0	166.389	171.3866	yes
SN124_A938797_Rep2	GATGGTGAAATAACCC-1	no	yes	no		unresolved	no	6.0	118.0	1709.0	294.0	502.4008	86.4282	yes
SN124_A938797_Rep2	GATGGTGCCCTAGGCA-1	yes	yes	yes	exclude	exclude	yes	10.0	78.0	1196.0	382.0	351.5924	112.2979	yes
SN124_A938797_Rep2	GATGTAACGAACCACC-1	no	yes	no		unresolved	no	51.0	21.0	462.0	1297.0	135.8158	381.2837	yes
SN124_A938797_Rep2	GATGTCCGGATCACAT-1	yes	yes	yes	stroma_fibroblastic_IC high	stroma	yes	7.0	37.0	669.0	315.0	196.6683	92.6017	yes
SN124_A938797_Rep2	GATGTCGGTCAACTGC-1	yes	yes	yes	exclude	exclude	yes	9.0	73.0	1131.0	360.0	332.4841	105.8305	yes
SN124_A938797_Rep2	GATGTGTTGTCACAAG-1	no	yes	no		unresolved	no	6.0	78.0	1196.0	293.0	351.5924	86.1342	yes
SN124_A938797_Rep2	GATGTTCAATCCACGA-1	yes	yes	yes	stroma_fibroblastic_IC high	stroma	yes	41.0	43.0	745.0	1074.0	219.0103	315.7276	yes
SN124_A938797_Rep2	GATGTTTGTGCGAGAT-1	yes	yes	yes	stroma desmoplastic_IC med to high	stroma	yes	20.0	30.0	579.0	605.0	170.2107	177.854	yes
SN124_A938797_Rep2	GATTAACCGAAAGCCC-1	no	yes	no		unresolved	no	55.0	93.0	1387.0	1388.0	407.7413	408.0353	yes
SN124_A938797_Rep2	GATTAATCCTGGCTCA-1	yes	yes	yes	stroma_fibroblastic_IC high	stroma	yes	4.0	28.0	554.0	247.0	162.8613	72.6115	yes
SN124_A938797_Rep2	GATTACTGAATTTGGG-1	yes	yes	yes	exclude	exclude	yes	41.0	39.0	694.0	1074.0	204.0176	315.7276	yes
SN124_A938797_Rep2	GATTAGAAACAAGCGT-1	no	yes	no		unresolved	no	75.0	45.0	770.0	1834.0	226.3596	539.1475	yes
SN124_A938797_Rep2	GATTATCTTGCATTAT-1	no	yes	no		unresolved	no	76.0	92.0	1373.0	1857.0	403.6257	545.9089	yes
SN124_A938797_Rep2	GATTCCCTTGTCGCAG-1	yes	yes	yes	tumor&stroma_IC med to high	mixed	yes	25.0	67.0	1054.0	717.0	309.8481	210.779	yes
SN124_A938797_Rep2	GATTCCGCGTTTCCGT-1	yes	yes	yes	stroma_fibroblastic_IC high	stroma	yes	16.0	76.0	1170.0	516.0	343.949	151.6903	yes
SN124_A938797_Rep2	GATTCCTATACGGCGC-1	yes	yes	yes	stroma desmoplastic_IC low	stroma	yes	25.0	23.0	489.0	717.0	143.7531	210.779	yes
SN124_A938797_Rep2	GATTCGACGGTTCACG-1	yes	yes	yes	stroma_fibroblastic_IC high	stroma	yes	41.0	71.0	1105.0	1075.0	324.8408	316.0216	yes
SN124_A938797_Rep2	GATTCTGTTAATGAGT-1	no	yes	no		unresolved	no	74.0	62.0	988.0	1812.0	290.4459	532.6801	yes
SN124_A938797_Rep2	GATTGACACTCTGCTC-1	yes	yes	yes	stroma_fibroblastic_IC high	stroma	yes	5.0	63.0	1003.0	270.0	294.8555	79.3729	yes
SN124_A938797_Rep2	GATTGCTCCAGTTGCA-1	no	yes	no		unresolved	no	63.0	27.0	539.0	1566.0	158.4517	460.3626	yes
SN124_A938797_Rep2	GATTGGGAAAGGTTGT-1	no	yes	no		unresolved	no	66.0	80.0	1220.0	1634.0	358.6477	480.3528	yes
SN124_A938797_Rep2	GATTTAGTGCGTACTG-1	no	yes	no		unresolved	no	15.0	127.0	1825.0	495.0	536.5017	145.5169	yes
SN124_A938797_Rep2	GATTTGCGCTAACACC-1	no	yes	no		unresolved	no	75.0	51.0	847.0	1834.0	248.9956	539.1475	yes
SN124_A938797_Rep2	GCAAACCCTACATTAT-1	yes	yes	yes	submucosa	other	yes	48.0	82.0	1246.0	1231.0	366.291	361.8814	yes
SN124_A938797_Rep2	GCAAACCTTGGCCATA-1	no	yes	no		unresolved	no	57.0	67.0	1053.0	1432.0	309.5541	420.9701	yes
SN124_A938797_Rep2	GCAAACGTAAGCGACC-1	no	yes	no		unresolved	no	69.0	5.0	256.0	1699.0	75.2572	499.461	yes
SN124_A938797_Rep2	GCAAACGTCGCCAGGT-1	no	yes	no		unresolved	no	47.0	117.0	1695.0	1210.0	498.2852	355.708	yes
SN124_A938797_Rep2	GCAAAGGGCGTTAGCC-1	no	yes	no		unresolved	no	66.0	20.0	449.0	1633.0	131.9941	480.0588	yes
SN124_A938797_Rep2	GCAAATATTACGCTTT-1	yes	yes	yes	tumor&stroma_IC med to high	mixed	yes	35.0	41.0	720.0	940.0	211.6609	276.3351	yes
SN124_A938797_Rep2	GCAAATGAGGACACTT-1	no	yes	no		unresolved	no	41.0	5.0	257.0	1074.0	75.5512	315.7276	yes
SN124_A938797_Rep2	GCAACACACTAGAACT-1	no	yes	no		unresolved	no	46.0	16.0	398.0	1186.0	117.0015	348.6526	yes
SN124_A938797_Rep2	GCAACAGCAGTATGCG-1	no	yes	no		unresolved	no	46.0	106.0	1554.0	1187.0	456.8349	348.9466	yes
SN124_A938797_Rep2	GCAACCACCAGACCGG-1	yes	yes	yes	stroma_fibroblastic_IC high	stroma	yes	14.0	92.0	1375.0	472.0	404.2136	138.7555	yes
SN124_A938797_Rep2	GCAACCACGGCCGCGT-1	no	yes	no		unresolved	no	43.0	29.0	565.0	1119.0	166.0951	328.9564	yes
SN124_A938797_Rep2	GCAACCCAAGTTGTTT-1	no	yes	no		unresolved	no	31.0	3.0	232.0	850.0	68.2019	249.8775	yes
SN124_A938797_Rep2	GCAACGGCTAGTTATG-1	no	yes	no		unresolved	no	43.0	113.0	1644.0	1120.0	483.2925	329.2504	yes
SN124_A938797_Rep2	GCAAGAATTCCTTGGC-1	no	yes	no		unresolved	no	44.0	36.0	655.0	1141.0	192.5527	335.4238	yes
SN124_A938797_Rep2	GCAAGATGTGTTCGCG-1	no	yes	no		unresolved	no	11.0	105.0	1542.0	405.0	453.3072	119.0593	yes
SN124_A938797_Rep2	GCAAGCTGGAAACCGC-1	no	yes	no		unresolved	no	54.0	2.0	218.0	1364.0	64.0862	400.9799	yes
SN124_A938797_Rep2	GCAAGTGCACAGAGAA-1	yes	yes	yes	stroma_fibroblastic_IC med	stroma	yes	24.0	42.0	733.0	695.0	215.4826	204.3116	yes
SN124_A938797_Rep2	GCAAGTGTAAAGCATG-1	no	yes	no		unresolved	no	67.0	45.0	770.0	1655.0	226.3596	486.5262	yes
SN124_A938797_Rep2	GCAATTAGTCGCACCG-1	no	yes	no		unresolved	no	31.0	123.0	1773.0	852.0	521.2151	250.4655	yes
SN124_A938797_Rep2	GCACAAACCCTAGATG-1	no	yes	no		unresolved	no	65.0	21.0	462.0	1610.0	135.8158	473.2974	yes
SN124_A938797_Rep2	GCACAAACGAGGCGTG-1	no	yes	no		unresolved	no	46.0	114.0	1657.0	1187.0	487.1142	348.9466	yes
SN124_A938797_Rep2	GCACAACCTCGGGCGT-1	no	yes	no		unresolved	no	58.0	10.0	321.0	1454.0	94.3655	427.4375	yes
SN124_A938797_Rep2	GCACAAGTGGATCATA-1	no	yes	no		unresolved	no	16.0	6.0	271.0	515.0	79.6668	151.3964	yes
SN124_A938797_Rep2	GCACAAGTGTCGGAAG-1	yes	yes	yes	tumor&stroma_IC med to high	mixed	yes	10.0	64.0	1016.0	382.0	298.6771	112.2979	yes
SN124_A938797_Rep2	GCACACACTGGTAGCC-1	no	yes	no		unresolved	no	56.0	94.0	1400.0	1410.0	411.563	414.5027	yes
SN124_A938797_Rep2	GCACACAGCTATTACC-1	no	yes	no		unresolved	no	72.0	70.0	1091.0	1767.0	320.7251	519.4512	yes
SN124_A938797_Rep2	GCACACGCCCATGGTC-1	no	yes	no		unresolved	no	34.0	10.0	322.0	917.0	94.6595	269.5737	yes
SN124_A938797_Rep2	GCACAGCACGGGCCGA-1	no	yes	no		unresolved	no	72.0	42.0	731.0	1767.0	214.8947	519.4512	yes
SN124_A938797_Rep2	GCACCTAGGCGAGTCC-1	no	yes	no		unresolved	no	73.0	103.0	1515.0	1790.0	445.3699	526.2126	yes
SN124_A938797_Rep2	GCACCTTCCCGAAGGT-1	no	yes	no		unresolved	no	67.0	121.0	1746.0	1657.0	513.2778	487.1142	yes
SN124_A938797_Rep2	GCACGCCGATTCCCGC-1	no	yes	no		unresolved	no	72.0	76.0	1168.0	1768.0	343.3611	519.7452	yes
SN124_A938797_Rep2	GCACGCCTACTTAGAT-1	no	yes	no		unresolved	no	55.0	39.0	693.0	1387.0	203.7237	407.7413	yes
SN124_A938797_Rep2	GCACGTGGTTTACTTA-1	no	yes	no		unresolved	no	64.0	106.0	1554.0	1589.0	456.8349	467.124	yes
SN124_A938797_Rep2	GCACTAGTCGCGCTAT-1	yes	yes	yes	stroma_fibroblastic_IC high	stroma	yes	13.0	43.0	746.0	449.0	219.3043	131.9941	yes
SN124_A938797_Rep2	GCACTCCCACAGTCCC-1	yes	yes	yes	tumor	tumor	yes	1.0	47.0	798.0	181.0	234.5909	53.2092	yes
SN124_A938797_Rep2	GCACTGCCTACCTTTA-1	no	yes	no		unresolved	no	66.0	68.0	1065.0	1633.0	313.0818	480.0588	yes
SN124_A938797_Rep2	GCACTGTGCAAATGTA-1	yes	yes	yes	stroma desmoplastic_IC med to high	stroma	yes	9.0	33.0	618.0	359.0	181.6756	105.5365	yes
SN124_A938797_Rep2	GCAGAAACGTAATCCA-1	no	yes	no		unresolved	no	8.0	122.0	1761.0	338.0	517.6874	99.3631	yes
SN124_A938797_Rep2	GCAGAAGGTAATCTCC-1	no	yes	no		unresolved	no	50.0	122.0	1759.0	1277.0	517.0995	375.4042	yes
SN124_A938797_Rep2	GCAGACCCAGCACGTA-1	no	yes	no		unresolved	no	39.0	103.0	1516.0	1031.0	445.6639	303.0867	yes
SN124_A938797_Rep2	GCAGATCCATAAGACT-1	no	yes	no		unresolved	no	51.0	85.0	1284.0	1299.0	377.462	381.8716	yes
SN124_A938797_Rep2	GCAGATCCTCGCAAAT-1	no	yes	no		unresolved	no	23.0	13.0	360.0	672.0	105.8305	197.5502	yes
SN124_A938797_Rep2	GCAGATTAGGGATATC-1	yes	yes	yes	stroma_fibroblastic_IC high	stroma	yes	37.0	61.0	976.0	985.0	286.9182	289.5639	yes
SN124_A938797_Rep2	GCAGCACACAGCCCAG-1	yes	yes	yes	exclude	exclude	yes	38.0	42.0	732.0	1007.0	215.1886	296.0314	yes
SN124_A938797_Rep2	GCAGCCTATATCACAT-1	no	yes	no		unresolved	no	35.0	113.0	1644.0	941.0	483.2925	276.6291	yes
SN124_A938797_Rep2	GCAGCGGTGGGCATTA-1	yes	yes	yes	stroma_fibroblastic_IC high	stroma	yes	7.0	31.0	592.0	315.0	174.0323	92.6017	yes
SN124_A938797_Rep2	GCAGCTATGGACAGGT-1	no	yes	no		unresolved	no	13.0	113.0	1645.0	450.0	483.5865	132.2881	yes
SN124_A938797_Rep2	GCAGCTGTCAACGCAT-1	no	yes	no		unresolved	no	71.0	87.0	1309.0	1745.0	384.8114	512.9838	yes
SN124_A938797_Rep2	GCAGGAACTTAGATCT-1	no	yes	no		unresolved	no	53.0	15.0	385.0	1342.0	113.1798	394.5125	yes
SN124_A938797_Rep2	GCAGGACTATAGAATA-1	yes	yes	yes	tumor&stroma_IC med to high	mixed	yes	35.0	37.0	668.0	940.0	196.3743	276.3351	yes
SN124_A938797_Rep2	GCAGGTAGAGTATGGT-1	yes	yes	yes	stroma_fibroblastic_IC high	stroma	yes	18.0	94.0	1401.0	561.0	411.8569	164.9192	yes
SN124_A938797_Rep2	GCAGTGCGGGCGGATG-1	no	yes	no		unresolved	no	56.0	126.0	1811.0	1411.0	532.3861	414.7967	yes
SN124_A938797_Rep2	GCAGTGTGGCTATAGG-1	no	yes	no		unresolved	no	59.0	83.0	1258.0	1477.0	369.8187	434.1989	yes
SN124_A938797_Rep2	GCAGTTCGATCCGAGC-1	no	yes	no		unresolved	no	56.0	118.0	1708.0	1411.0	502.1068	414.7967	yes
SN124_A938797_Rep2	GCATAAATTGAACGCC-1	no	yes	no		unresolved	no	8.0	126.0	1812.0	338.0	532.6801	99.3631	yes
SN124_A938797_Rep2	GCATACGAGGTCTTTA-1	no	yes	no		unresolved	no	38.0	14.0	373.0	1007.0	109.6521	296.0314	yes
SN124_A938797_Rep2	GCATAGAGCACTCAGG-1	yes	yes	yes	stroma_fibroblastic_IC high	stroma	yes	37.0	59.0	951.0	985.0	279.5688	289.5639	yes
SN124_A938797_Rep2	GCATCCCTAACTTTGA-1	yes	yes	yes	stroma_fibroblastic_IC high	stroma	yes	16.0	42.0	733.0	516.0	215.4826	151.6903	yes
SN124_A938797_Rep2	GCATCCTCTCCTATTA-1	no	yes	no		unresolved	no	0.0	6.0	271.0	158.0	79.6668	46.4478	yes
SN124_A938797_Rep2	GCATCGGCCGTGTAGG-1	no	yes	no		unresolved	no	49.0	103.0	1515.0	1254.0	445.3699	368.6428	yes
SN124_A938797_Rep2	GCATGACACAAAGGAA-1	no	yes	no		unresolved	no	72.0	126.0	1810.0	1768.0	532.0921	519.7452	yes
SN124_A938797_Rep2	GCATGAGGGACGCGGC-1	yes	yes	yes	tumor	tumor	yes	30.0	90.0	1349.0	829.0	396.5703	243.7041	yes
SN124_A938797_Rep2	GCATGCTAATAACGAT-1	no	yes	no		unresolved	no	67.0	95.0	1412.0	1656.0	415.0906	486.8202	yes
SN124_A938797_Rep2	GCATGGGTACTGACGC-1	no	yes	no		unresolved	no	41.0	3.0	232.0	1074.0	68.2019	315.7276	yes
SN124_A938797_Rep2	GCATTCAAGGCAACGC-1	no	yes	no		unresolved	no	28.0	108.0	1580.0	785.0	464.4782	230.7692	yes
SN124_A938797_Rep2	GCATTCGAAATGAACA-1	no	yes	no		unresolved	no	28.0	14.0	373.0	783.0	109.6521	230.1813	yes
SN124_A938797_Rep2	GCATTGACTTGCGGAA-1	no	yes	no		unresolved	no	50.0	4.0	244.0	1275.0	71.7295	374.8163	yes
SN124_A938797_Rep2	GCATTGTAATTCATAT-1	no	yes	no		unresolved	no	41.0	21.0	463.0	1074.0	136.1097	315.7276	yes
SN124_A938797_Rep2	GCATTTCCAAGGCTCC-1	no	yes	no		unresolved	no	33.0	111.0	1619.0	897.0	475.9432	263.6943	yes
SN124_A938797_Rep2	GCCAACCATTTCCGGA-1	yes	yes	yes	tumor&stroma_IC med to high	mixed	yes	26.0	106.0	1555.0	740.0	457.1289	217.5404	yes
SN124_A938797_Rep2	GCCAAGAATACTTCTG-1	no	yes	no		unresolved	no	46.0	10.0	321.0	1186.0	94.3655	348.6526	yes
SN124_A938797_Rep2	GCCAATAGGGCATCTC-1	yes	yes	yes	stroma_fibroblastic_IC high	stroma	yes	25.0	103.0	1516.0	718.0	445.6639	211.073	yes
SN124_A938797_Rep2	GCCACAATTTAAGGAC-1	no	yes	no		unresolved	no	45.0	39.0	694.0	1164.0	204.0176	342.1852	yes
SN124_A938797_Rep2	GCCACCCATTCCACTT-1	no	yes	no		unresolved	no	5.0	1.0	207.0	269.0	60.8525	79.0789	yes
SN124_A938797_Rep2	GCCACCTTATTCGCGA-1	no	yes	no		unresolved	no	77.0	9.0	308.0	1878.0	90.5439	552.0823	yes
SN124_A938797_Rep2	GCCACTCAGAGCGCGA-1	no	yes	no		unresolved	no	59.0	95.0	1412.0	1477.0	415.0906	434.1989	yes
SN124_A938797_Rep2	GCCACTCCTTACGGTA-1	no	yes	no		unresolved	no	55.0	119.0	1721.0	1388.0	505.9285	408.0353	yes
SN124_A938797_Rep2	GCCAGGAAAGAACACT-1	no	yes	no		unresolved	no	71.0	35.0	642.0	1745.0	188.731	512.9838	yes
SN124_A938797_Rep2	GCCAGGAGTAACCGAT-1	yes	yes	yes	stroma_fibroblastic_IC high	stroma	yes	21.0	89.0	1336.0	628.0	392.7486	184.6154	yes
SN124_A938797_Rep2	GCCAGGCGTTCGCATG-1	no	yes	no		unresolved	no	9.0	89.0	1337.0	360.0	393.0426	105.8305	yes
SN124_A938797_Rep2	GCCAGGCTTAGTGGTA-1	no	yes	no		unresolved	no	9.0	5.0	258.0	359.0	75.8452	105.5365	yes
SN124_A938797_Rep2	GCCATATTGCACACAG-1	yes	yes	yes	stroma_fibroblastic_IC high	stroma	yes	22.0	90.0	1349.0	651.0	396.5703	191.3768	yes
SN124_A938797_Rep2	GCCATCGAGCTGCGTG-1	no	yes	no		unresolved	no	53.0	47.0	796.0	1343.0	234.0029	394.8065	yes
SN124_A938797_Rep2	GCCATCGATGCTGCAT-1	no	yes	no		unresolved	no	32.0	110.0	1606.0	874.0	472.1215	256.9329	yes
SN124_A938797_Rep2	GCCATTAGCCTCAAAC-1	no	yes	no		unresolved	no	55.0	13.0	360.0	1387.0	105.8305	407.7413	yes
SN124_A938797_Rep2	GCCCACCAAGGCTGTC-1	yes	yes	yes	stroma_fibroblastic_IC high	stroma	yes	12.0	38.0	682.0	426.0	200.49	125.2327	yes
SN124_A938797_Rep2	GCCCACTGGTCCACAA-1	no	yes	no		unresolved	no	7.0	125.0	1799.0	316.0	528.8584	92.8956	yes
SN124_A938797_Rep2	GCCCAGATGCTGGAGA-1	no	yes	no		unresolved	no	37.0	121.0	1747.0	986.0	513.5718	289.8579	yes
SN124_A938797_Rep2	GCCCAGCGACACAAAG-1	no	yes	no		unresolved	no	77.0	1.0	205.0	1878.0	60.2646	552.0823	yes
SN124_A938797_Rep2	GCCCAGTTGGTATGCC-1	yes	yes	yes	tumor&stroma_IC med to high	mixed	yes	22.0	38.0	682.0	650.0	200.49	191.0828	yes
SN124_A938797_Rep2	GCCCATGGGTGCAATG-1	no	yes	no		unresolved	no	0.0	88.0	1324.0	159.0	389.221	46.7418	yes
SN124_A938797_Rep2	GCCCGACTTCTTCCCG-1	no	yes	no		unresolved	no	49.0	25.0	514.0	1253.0	151.1024	368.3488	yes
SN124_A938797_Rep2	GCCCGAGAGTCTAAAT-1	no	yes	no		unresolved	no	62.0	10.0	321.0	1543.0	94.3655	453.6012	yes
SN124_A938797_Rep2	GCCCGATCTGTGGTCG-1	no	yes	no		unresolved	no	53.0	63.0	1002.0	1343.0	294.5615	394.8065	yes
SN124_A938797_Rep2	GCCCGATGCCCAGTTC-1	no	yes	no		unresolved	no	73.0	19.0	436.0	1789.0	128.1725	525.9187	yes
SN124_A938797_Rep2	GCCCGCGCGTAAACGG-1	no	yes	no		unresolved	no	49.0	41.0	719.0	1253.0	211.367	368.3488	yes
SN124_A938797_Rep2	GCCCGCGCGTTTGACA-1	yes	yes	yes	stroma_fibroblastic_IC med	stroma	yes	20.0	40.0	707.0	605.0	207.8393	177.854	yes
SN124_A938797_Rep2	GCCCGTAATACCTTCT-1	yes	yes	yes	stroma_fibroblastic_IC high	stroma	yes	27.0	79.0	1208.0	762.0	355.12	224.0078	yes
SN124_A938797_Rep2	GCCCGTCAAGCCCAAT-1	no	yes	no		unresolved	no	74.0	124.0	1784.0	1813.0	524.4488	532.974	yes
SN124_A938797_Rep2	GCCCGTTCACACAATT-1	no	yes	no		unresolved	no	77.0	39.0	693.0	1879.0	203.7237	552.3763	yes
SN124_A938797_Rep2	GCCCTAAGTGCAGGAT-1	no	yes	no		unresolved	no	76.0	74.0	1142.0	1857.0	335.7178	545.9089	yes
SN124_A938797_Rep2	GCCCTAGCCGTCGCGA-1	no	yes	no		unresolved	no	54.0	16.0	398.0	1364.0	117.0015	400.9799	yes
SN124_A938797_Rep2	GCCCTGAGGATGGGCT-1	no	yes	no		unresolved	no	68.0	74.0	1142.0	1678.0	335.7178	493.2876	yes
SN124_A938797_Rep2	GCCGAAATTCCTACGT-1	yes	yes	yes	tumor	tumor	yes	35.0	45.0	771.0	940.0	226.6536	276.3351	yes
SN124_A938797_Rep2	GCCGACCCACGACTGC-1	no	yes	no		unresolved	no	62.0	30.0	578.0	1543.0	169.9167	453.6012	yes
SN124_A938797_Rep2	GCCGATTGGCCAAGCT-1	yes	yes	yes	stroma_fibroblastic_IC high	stroma	yes	41.0	61.0	976.0	1075.0	286.9182	316.0216	yes
SN124_A938797_Rep2	GCCGCACTCCGTTTCA-1	no	yes	no		unresolved	no	43.0	121.0	1747.0	1120.0	513.5718	329.2504	yes
SN124_A938797_Rep2	GCCGCATTAGTCCGGC-1	no	yes	no		unresolved	no	35.0	17.0	412.0	940.0	121.1171	276.3351	yes
SN124_A938797_Rep2	GCCGCTAGATACGCAG-1	no	yes	no		unresolved	no	2.0	96.0	1427.0	204.0	419.5002	59.9706	yes
SN124_A938797_Rep2	GCCGCTTGTGAGAAAC-1	yes	yes	yes	tumor	tumor	yes	36.0	40.0	707.0	963.0	207.8393	283.0965	yes
SN124_A938797_Rep2	GCCGGAAACACATCTT-1	yes	yes	yes	tumor&stroma_IC med to high	mixed	yes	3.0	53.0	875.0	226.0	257.2268	66.438	yes
SN124_A938797_Rep2	GCCGGGTTAGGGTCGC-1	yes	yes	yes	stroma_fibroblastic_IC high	stroma	yes	41.0	59.0	951.0	1075.0	279.5688	316.0216	yes
SN124_A938797_Rep2	GCCGGTCGTATCTCTC-1	no	yes	no		unresolved	no	70.0	54.0	886.0	1723.0	260.4606	506.5164	yes
SN124_A938797_Rep2	GCCGGTTTGGGCGGAT-1	no	yes	no		unresolved	no	2.0	30.0	579.0	203.0	170.2107	59.6766	yes
SN124_A938797_Rep2	GCCGTCGGTTTCGGGC-1	no	yes	no		unresolved	no	71.0	41.0	719.0	1745.0	211.367	512.9838	yes
SN124_A938797_Rep2	GCCGTGGAAGAAATGT-1	no	yes	no		unresolved	no	39.0	115.0	1670.0	1031.0	490.9358	303.0867	yes
SN124_A938797_Rep2	GCCTACGTTCTGTGCA-1	no	yes	no		unresolved	no	68.0	82.0	1245.0	1678.0	365.9971	493.2876	yes
SN124_A938797_Rep2	GCCTAGCGATCTGACC-1	yes	yes	yes	stroma_fibroblastic_IC high	stroma	yes	20.0	42.0	733.0	605.0	215.4826	177.854	yes
SN124_A938797_Rep2	GCCTATAGTGTCAGGG-1	yes	yes	yes	tumor&stroma_IC med to high	mixed	yes	29.0	91.0	1362.0	807.0	400.392	237.2366	yes
SN124_A938797_Rep2	GCCTATCAGGTAAGAT-1	no	yes	no		unresolved	no	60.0	126.0	1810.0	1500.0	532.0921	440.9603	yes
SN124_A938797_Rep2	GCCTATGCTGGGCCTT-1	no	yes	no		unresolved	no	18.0	114.0	1658.0	562.0	487.4081	165.2131	yes
SN124_A938797_Rep2	GCCTATTCCGATATAG-1	yes	yes	yes	stroma desmoplastic_IC low	stroma	yes	24.0	30.0	579.0	694.0	170.2107	204.0176	yes
SN124_A938797_Rep2	GCCTATTTGCTACACA-1	yes	yes	yes	tumor	tumor	yes	8.0	50.0	836.0	337.0	245.7619	99.0691	yes
SN124_A938797_Rep2	GCCTCAGGTACCGGTC-1	no	yes	no		unresolved	no	76.0	20.0	449.0	1856.0	131.9941	545.6149	yes
SN124_A938797_Rep2	GCCTCATCTGGAAATA-1	yes	yes	yes	non neo epithelium	normal epithelium	yes	41.0	95.0	1413.0	1075.0	415.3846	316.0216	yes
SN124_A938797_Rep2	GCCTCCGACAATTCAC-1	no	yes	no		unresolved	no	60.0	98.0	1451.0	1500.0	426.5556	440.9603	yes
SN124_A938797_Rep2	GCCTCTATACATAGCA-1	no	yes	no		unresolved	no	55.0	75.0	1156.0	1388.0	339.8334	408.0353	yes
SN124_A938797_Rep2	GCCTGCTACACTGAGA-1	no	yes	no		unresolved	no	8.0	106.0	1555.0	338.0	457.1289	99.3631	yes
SN124_A938797_Rep2	GCCTGTCCCGGTGCAT-1	no	yes	no		unresolved	no	73.0	63.0	1001.0	1790.0	294.2675	526.2126	yes
SN124_A938797_Rep2	GCCTTCAGCCCTACCG-1	yes	yes	yes	tumor&stroma_IC med to high	mixed	yes	16.0	50.0	836.0	516.0	245.7619	151.6903	yes
SN124_A938797_Rep2	GCCTTGTATATGCAGT-1	no	yes	no		unresolved	no	17.0	15.0	386.0	538.0	113.4738	158.1578	yes
SN124_A938797_Rep2	GCCTTTGTCAGTGGAC-1	no	yes	no		unresolved	no	64.0	10.0	321.0	1588.0	94.3655	466.83	yes
SN124_A938797_Rep2	GCGAAACGATCGGGAG-1	no	yes	no		unresolved	no	54.0	100.0	1477.0	1366.0	434.1989	401.5679	yes
SN124_A938797_Rep2	GCGAAACTTAACTGGA-1	yes	yes	yes	submucosa	other	yes	44.0	82.0	1246.0	1142.0	366.291	335.7178	yes
SN124_A938797_Rep2	GCGAAGAATCTGACGG-1	no	yes	no		unresolved	no	66.0	84.0	1271.0	1634.0	373.6404	480.3528	yes
SN124_A938797_Rep2	GCGAAGCCATACCCGT-1	yes	yes	yes	stroma_fibroblastic_IC high	stroma	yes	31.0	61.0	977.0	851.0	287.2121	250.1715	yes
SN124_A938797_Rep2	GCGAATGGACTAGCGA-1	no	yes	no		unresolved	no	75.0	73.0	1129.0	1835.0	331.8961	539.4414	yes
SN124_A938797_Rep2	GCGACATGTAAACATC-1	no	yes	no		unresolved	no	37.0	107.0	1567.0	986.0	460.6565	289.8579	yes
SN124_A938797_Rep2	GCGACCCAACCATCTG-1	no	yes	no		unresolved	no	59.0	33.0	616.0	1476.0	181.0877	433.9049	yes
SN124_A938797_Rep2	GCGACGATAGTTGTAC-1	yes	yes	yes	exclude	exclude	yes	48.0	54.0	886.0	1231.0	260.4606	361.8814	yes
SN124_A938797_Rep2	GCGACGGTAGTCTCCT-1	no	yes	no		unresolved	no	73.0	71.0	1104.0	1790.0	324.5468	526.2126	yes
SN124_A938797_Rep2	GCGAGAAACGGGAGTT-1	no	yes	no		unresolved	no	13.0	13.0	361.0	448.0	106.1244	131.7001	yes
SN124_A938797_Rep2	GCGAGAGGCCATGTAA-1	yes	yes	yes	exclude	exclude	yes	21.0	113.0	1645.0	629.0	483.5865	184.9094	yes
SN124_A938797_Rep2	GCGAGAGTTGCGTCCA-1	no	yes	no		unresolved	no	33.0	107.0	1567.0	897.0	460.6565	263.6943	yes
SN124_A938797_Rep2	GCGAGCGCATGCTCCC-1	no	yes	no		unresolved	no	37.0	109.0	1593.0	986.0	468.2998	289.8579	yes
SN124_A938797_Rep2	GCGAGGCCCGAGCAGA-1	yes	yes	yes	tumor	tumor	yes	37.0	47.0	797.0	985.0	234.2969	289.5639	yes
SN124_A938797_Rep2	GCGAGGGACTGCTAGA-1	no	yes	no		unresolved	no	1.0	7.0	284.0	180.0	83.4885	52.9152	yes
SN124_A938797_Rep2	GCGAGTTCTGCAAAGA-1	yes	yes	yes	stroma_fibroblastic_IC high	stroma	yes	35.0	63.0	1002.0	941.0	294.5615	276.6291	yes
SN124_A938797_Rep2	GCGATGTCTGTGCTTG-1	no	yes	no		unresolved	no	18.0	0.0	194.0	560.0	57.0309	164.6252	yes
SN124_A938797_Rep2	GCGATTCTGGAAGCAG-1	yes	yes	yes	stroma_fibroblastic_IC high	stroma	yes	10.0	74.0	1144.0	382.0	336.3057	112.2979	yes
SN124_A938797_Rep2	GCGATTGTTAACGTTA-1	yes	yes	yes	stroma_fibroblastic_IC med	stroma	yes	37.0	77.0	1182.0	986.0	347.4767	289.8579	yes
SN124_A938797_Rep2	GCGCAAATATATTCAA-1	no	yes	no		unresolved	no	58.0	28.0	552.0	1454.0	162.2734	427.4375	yes
SN124_A938797_Rep2	GCGCAAGAGCGCGCTG-1	no	yes	no		unresolved	no	40.0	100.0	1477.0	1053.0	434.1989	309.5541	yes
SN124_A938797_Rep2	GCGCATCCAGTCAGCA-1	yes	yes	yes	tumor	tumor	yes	29.0	95.0	1413.0	807.0	415.3846	237.2366	yes
SN124_A938797_Rep2	GCGCCGTTCCACGATA-1	yes	yes	yes	stroma_fibroblastic_IC high	stroma	yes	41.0	65.0	1028.0	1075.0	302.2048	316.0216	yes
SN124_A938797_Rep2	GCGCCTCCCACTCCGA-1	no	yes	no		unresolved	no	48.0	110.0	1605.0	1232.0	471.8275	362.1754	yes
SN124_A938797_Rep2	GCGCGATGGGTCAAGT-1	yes	yes	yes	exclude	exclude	yes	2.0	44.0	759.0	203.0	223.1259	59.6766	yes
SN124_A938797_Rep2	GCGCGGTCTAGTAACT-1	no	yes	no		unresolved	no	68.0	60.0	963.0	1678.0	283.0965	493.2876	yes
SN124_A938797_Rep2	GCGCGTCATTGGTACA-1	no	yes	no		unresolved	no	57.0	83.0	1258.0	1433.0	369.8187	421.2641	yes
SN124_A938797_Rep2	GCGCGTTTAAATCGTA-1	no	yes	no		unresolved	no	1.0	9.0	310.0	180.0	91.1318	52.9152	yes
SN124_A938797_Rep2	GCGCTAAGTATGCATG-1	no	yes	no		unresolved	no	2.0	86.0	1298.0	204.0	381.5777	59.9706	yes
SN124_A938797_Rep2	GCGCTAATTGAATAGA-1	yes	yes	yes	stroma_fibroblastic_IC high	stroma	yes	34.0	70.0	1092.0	918.0	321.0191	269.8677	yes
SN124_A938797_Rep2	GCGCTATGCCGAGGCA-1	yes	yes	yes	stroma_fibroblastic_IC high	stroma	yes	43.0	47.0	796.0	1119.0	234.0029	328.9564	yes
SN124_A938797_Rep2	GCGCTCGATCACCTGT-1	no	yes	no		unresolved	no	45.0	125.0	1798.0	1165.0	528.5644	342.4792	yes
SN124_A938797_Rep2	GCGCTGATCCAGACTC-1	yes	yes	yes	stroma_fibroblastic_IC med	stroma	yes	17.0	87.0	1311.0	539.0	385.3993	158.4517	yes
SN124_A938797_Rep2	GCGCTGCTTTGCATTT-1	yes	yes	yes	stroma_fibroblastic_IC high	stroma	yes	28.0	94.0	1400.0	785.0	411.563	230.7692	yes
SN124_A938797_Rep2	GCGCTGGCGGAAAGTC-1	no	yes	no		unresolved	no	8.0	2.0	220.0	336.0	64.6742	98.7751	yes
SN124_A938797_Rep2	GCGCTTAAATAATTGG-1	no	yes	no		unresolved	no	57.0	89.0	1335.0	1433.0	392.4547	421.2641	yes
SN124_A938797_Rep2	GCGGACCGCGTTGTGG-1	no	yes	no		unresolved	no	51.0	43.0	745.0	1298.0	219.0103	381.5777	yes
SN124_A938797_Rep2	GCGGAGAAACTTCGCA-1	no	yes	no		unresolved	no	55.0	33.0	616.0	1387.0	181.0877	407.7413	yes
SN124_A938797_Rep2	GCGGAGAGGGAGAACG-1	yes	yes	yes	epitehlium&submucosa	other	yes	46.0	78.0	1194.0	1187.0	351.0044	348.9466	yes
SN124_A938797_Rep2	GCGGATTACTTGTTCT-1	no	yes	no		unresolved	no	74.0	110.0	1605.0	1813.0	471.8275	532.974	yes
SN124_A938797_Rep2	GCGGCAAAGTATTGCC-1	no	yes	no		unresolved	no	59.0	27.0	539.0	1476.0	158.4517	433.9049	yes
SN124_A938797_Rep2	GCGGCTCTGACGTACC-1	yes	yes	yes	exclude	exclude	yes	38.0	38.0	681.0	1007.0	200.196	296.0314	yes
SN124_A938797_Rep2	GCGGCTTTAGCAAGTT-1	no	yes	no		unresolved	no	70.0	78.0	1194.0	1723.0	351.0044	506.5164	yes
SN124_A938797_Rep2	GCGGGAACCAGGCCCT-1	yes	yes	yes	tumor	tumor	yes	18.0	48.0	810.0	561.0	238.1186	164.9192	yes
SN124_A938797_Rep2	GCGGGCAGACGGGTGA-1	no	yes	no		unresolved	no	75.0	69.0	1078.0	1834.0	316.9035	539.1475	yes
SN124_A938797_Rep2	GCGGGCATTACGATGC-1	no	yes	no		unresolved	no	31.0	119.0	1721.0	852.0	505.9285	250.4655	yes
SN124_A938797_Rep2	GCGGGCGAGCCTTACC-1	no	yes	no		unresolved	no	55.0	51.0	848.0	1387.0	249.2896	407.7413	yes
SN124_A938797_Rep2	GCGGTAACCCAAATGA-1	no	yes	no		unresolved	no	7.0	23.0	489.0	314.0	143.7531	92.3077	yes
SN124_A938797_Rep2	GCGGTCCCGGTGAAGG-1	no	yes	no		unresolved	no	17.0	119.0	1722.0	539.0	506.2224	158.4517	yes
SN124_A938797_Rep2	GCGGTCCCTAGACGCA-1	yes	yes	yes	stroma_fibroblastic_IC high	stroma	yes	13.0	45.0	772.0	449.0	226.9476	131.9941	yes
SN124_A938797_Rep2	GCGGTCTTGCTTTCAC-1	no	yes	no		unresolved	no	72.0	82.0	1245.0	1768.0	365.9971	519.7452	yes
SN124_A938797_Rep2	GCGGTGAACTGCGCTC-1	yes	yes	yes	stroma_fibroblastic_IC high	stroma	yes	20.0	94.0	1401.0	606.0	411.8569	178.148	yes
SN124_A938797_Rep2	GCGGTGCGGAGCATCG-1	no	yes	no		unresolved	no	19.0	5.0	258.0	582.0	75.8452	171.0926	yes
SN124_A938797_Rep2	GCGGTTCCCTATCATG-1	yes	yes	yes	stroma_fibroblastic_IC high	stroma	yes	47.0	49.0	822.0	1209.0	241.6462	355.414	yes
SN124_A938797_Rep2	GCGTAAATGGCCATAA-1	yes	yes	yes	exclude	exclude	yes	34.0	102.0	1503.0	919.0	441.8422	270.1617	yes
SN124_A938797_Rep2	GCGTCCAGCTCGTGGC-1	yes	yes	yes	stroma_fibroblastic_IC high	stroma	yes	3.0	35.0	644.0	225.0	189.319	66.144	yes
SN124_A938797_Rep2	GCGTCCCTAAGACATA-1	no	yes	no		unresolved	no	64.0	42.0	732.0	1588.0	215.1886	466.83	yes
SN124_A938797_Rep2	GCGTCGAAATGTCGGT-1	yes	yes	yes	stroma_fibroblastic_IC high	stroma	yes	17.0	65.0	1028.0	539.0	302.2048	158.4517	yes
SN124_A938797_Rep2	GCGTCGCCAGGGTGAT-1	no	yes	no		unresolved	no	54.0	62.0	989.0	1365.0	290.7398	401.2739	yes
SN124_A938797_Rep2	GCGTCGTAACATGGTC-1	no	yes	no		unresolved	no	74.0	76.0	1168.0	1812.0	343.3611	532.6801	yes
SN124_A938797_Rep2	GCGTCTAACCTCCTAA-1	no	yes	no		unresolved	no	32.0	126.0	1811.0	875.0	532.3861	257.2268	yes
SN124_A938797_Rep2	GCGTCTCTGCATTGGG-1	yes	yes	yes	stroma_fibroblastic_IC high	stroma	yes	39.0	41.0	720.0	1030.0	211.6609	302.7927	yes
SN124_A938797_Rep2	GCGTGGTACTGGGTTA-1	yes	yes	yes	epitehlium&submucosa	other	yes	35.0	95.0	1413.0	941.0	415.3846	276.6291	yes
SN124_A938797_Rep2	GCGTGTATGTCGTATT-1	yes	yes	yes	stroma_fibroblastic_IC high	stroma	yes	3.0	61.0	977.0	226.0	287.2121	66.438	yes
SN124_A938797_Rep2	GCGTTATATTTGGAAC-1	no	yes	no		unresolved	no	31.0	13.0	360.0	850.0	105.8305	249.8775	yes
SN124_A938797_Rep2	GCGTTCGGAGACCGGG-1	yes	yes	yes	tumor&stroma_IC med to high	mixed	yes	19.0	103.0	1516.0	584.0	445.6639	171.6805	yes
SN124_A938797_Rep2	GCGTTCTGACTAAGCG-1	no	yes	no		unresolved	no	57.0	127.0	1823.0	1433.0	535.9138	421.2641	yes
SN124_A938797_Rep2	GCTAAACCTGAGGTGA-1	yes	yes	yes	stroma desmoplastic_IC low	stroma	yes	23.0	23.0	489.0	672.0	143.7531	197.5502	yes
SN124_A938797_Rep2	GCTAACTGAAGTCTGA-1	no	yes	no		unresolved	no	58.0	88.0	1323.0	1455.0	388.927	427.7315	yes
SN124_A938797_Rep2	GCTAAGCCCAGTATGC-1	no	yes	no		unresolved	no	74.0	108.0	1579.0	1813.0	464.1842	532.974	yes
SN124_A938797_Rep2	GCTAAGTAAAGGCGAT-1	no	yes	no		unresolved	no	27.0	13.0	360.0	761.0	105.8305	223.7139	yes
SN124_A938797_Rep2	GCTAAGTAGTTTCTCT-1	yes	yes	yes	tumor	tumor	yes	34.0	80.0	1221.0	919.0	358.9417	270.1617	yes
SN124_A938797_Rep2	GCTAATACCGAATGCC-1	yes	yes	yes	stroma_fibroblastic_IC high	stroma	yes	21.0	47.0	797.0	628.0	234.2969	184.6154	yes
SN124_A938797_Rep2	GCTACAATCGAGGATA-1	no	yes	no		unresolved	no	62.0	104.0	1528.0	1545.0	449.1916	454.1891	yes
SN124_A938797_Rep2	GCTACACTGTCCGAAC-1	no	yes	no		unresolved	no	2.0	20.0	451.0	203.0	132.5821	59.6766	yes
SN124_A938797_Rep2	GCTACAGTACGGACCG-1	no	yes	no		unresolved	no	40.0	14.0	373.0	1052.0	109.6521	309.2602	yes
SN124_A938797_Rep2	GCTACGACTTATTGGG-1	yes	yes	yes	tumor&stroma_IC med to high	mixed	yes	43.0	69.0	1079.0	1119.0	317.1974	328.9564	yes
SN124_A938797_Rep2	GCTACTATAGTAGAGT-1	no	yes	no		unresolved	no	50.0	94.0	1400.0	1276.0	411.563	375.1102	yes
SN124_A938797_Rep2	GCTACTCGGACGCAGA-1	no	yes	no		unresolved	no	74.0	6.0	269.0	1811.0	79.0789	532.3861	yes
SN124_A938797_Rep2	GCTAGACCGTCTACTG-1	no	yes	no		unresolved	no	42.0	104.0	1528.0	1098.0	449.1916	322.7829	yes
SN124_A938797_Rep2	GCTAGAGTAGAGATGT-1	no	yes	no		unresolved	no	56.0	96.0	1425.0	1410.0	418.9123	414.5027	yes
SN124_A938797_Rep2	GCTAGCAACGCACCTA-1	no	yes	no		unresolved	no	76.0	98.0	1450.0	1857.0	426.2616	545.9089	yes
SN124_A938797_Rep2	GCTAGCACCTGGGCCA-1	no	yes	no		unresolved	no	39.0	121.0	1747.0	1031.0	513.5718	303.0867	yes
SN124_A938797_Rep2	GCTAGCAGGGAGTGGG-1	yes	yes	yes	exclude	exclude	yes	15.0	101.0	1491.0	494.0	438.3145	145.2229	yes
SN124_A938797_Rep2	GCTAGCGATAGGTCTT-1	no	yes	no		unresolved	no	66.0	24.0	500.0	1633.0	146.9868	480.0588	yes
SN124_A938797_Rep2	GCTAGCTTGAATAGCT-1	no	yes	no		unresolved	no	52.0	44.0	758.0	1320.0	222.8319	388.0451	yes
SN124_A938797_Rep2	GCTAGGCACCACGGAG-1	no	yes	no		unresolved	no	54.0	84.0	1271.0	1366.0	373.6404	401.5679	yes
SN124_A938797_Rep2	GCTAGTAGAGCTTGTA-1	yes	yes	yes	stroma_fibroblastic_IC high	stroma	yes	39.0	65.0	1028.0	1030.0	302.2048	302.7927	yes
SN124_A938797_Rep2	GCTAGTTTCATTGAGG-1	yes	yes	yes	stroma_fibroblastic_IC high	stroma	yes	17.0	37.0	669.0	538.0	196.6683	158.1578	yes
SN124_A938797_Rep2	GCTATAAGGGCCAGGA-1	no	yes	no		unresolved	no	75.0	109.0	1592.0	1835.0	468.0059	539.4414	yes
SN124_A938797_Rep2	GCTATACGTCTCGGAC-1	no	yes	no		unresolved	no	52.0	88.0	1323.0	1321.0	388.927	388.339	yes
SN124_A938797_Rep2	GCTATCATACTCATGG-1	no	yes	no		unresolved	no	54.0	78.0	1194.0	1365.0	351.0044	401.2739	yes
SN124_A938797_Rep2	GCTATCGCGGCGCAAC-1	yes	yes	yes	stroma desmoplastic_IC med to high	stroma	yes	20.0	24.0	502.0	605.0	147.5747	177.854	yes
SN124_A938797_Rep2	GCTATGCCAGCTTATG-1	no	yes	no		unresolved	no	44.0	2.0	219.0	1141.0	64.3802	335.4238	yes
SN124_A938797_Rep2	GCTCAACCTCTTAGAG-1	no	yes	no		unresolved	no	17.0	9.0	309.0	538.0	90.8378	158.1578	yes
SN124_A938797_Rep2	GCTCAATCCGTTTATT-1	no	yes	no		unresolved	no	53.0	35.0	642.0	1342.0	188.731	394.5125	yes
SN124_A938797_Rep2	GCTCAATGTAATACCG-1	no	yes	no		unresolved	no	62.0	58.0	937.0	1544.0	275.4532	453.8951	yes
SN124_A938797_Rep2	GCTCATTACTGCATGT-1	yes	yes	yes	exclude	exclude	yes	13.0	93.0	1388.0	450.0	408.0353	132.2881	yes
SN124_A938797_Rep2	GCTCATTGATCATATC-1	no	yes	no		unresolved	no	74.0	48.0	808.0	1812.0	237.5306	532.6801	yes
SN124_A938797_Rep2	GCTCCATGAGTGCAGA-1	no	yes	no		unresolved	no	57.0	125.0	1798.0	1433.0	528.5644	421.2641	yes
SN124_A938797_Rep2	GCTCCATGCAAAGCAA-1	no	yes	no		unresolved	no	69.0	55.0	898.0	1700.0	263.9882	499.755	yes
SN124_A938797_Rep2	GCTCCCAGTCGGTCCA-1	no	yes	no		unresolved	no	43.0	109.0	1593.0	1120.0	468.2998	329.2504	yes
SN124_A938797_Rep2	GCTCCGCTCGCTTCAG-1	no	yes	no		unresolved	no	42.0	112.0	1631.0	1098.0	479.4708	322.7829	yes
SN124_A938797_Rep2	GCTCCGGACGTTGATA-1	no	yes	no		unresolved	no	3.0	103.0	1517.0	226.0	445.9579	66.438	yes
SN124_A938797_Rep2	GCTCCTGACATACTGG-1	no	yes	no		unresolved	no	56.0	32.0	604.0	1409.0	177.56	414.2087	yes
SN124_A938797_Rep2	GCTCGACCGAACTGAA-1	no	yes	no		unresolved	no	1.0	115.0	1671.0	182.0	491.2298	53.5032	yes
SN124_A938797_Rep2	GCTCGCGGTTCCGCTC-1	no	yes	no		unresolved	no	25.0	13.0	360.0	716.0	105.8305	210.4851	yes
SN124_A938797_Rep2	GCTCGCTCATGTCCAA-1	no	yes	no		unresolved	no	41.0	99.0	1464.0	1075.0	430.3773	316.0216	yes
SN124_A938797_Rep2	GCTCGGAATTTAAAGC-1	yes	yes	yes	stroma_fibroblastic_IC high	stroma	yes	22.0	84.0	1272.0	651.0	373.9343	191.3768	yes
SN124_A938797_Rep2	GCTCTAAACCCTGACG-1	yes	yes	yes	stroma_fibroblastic_IC med	stroma	yes	24.0	58.0	938.0	695.0	275.7472	204.3116	yes
SN124_A938797_Rep2	GCTCTATGTTACGTGC-1	yes	yes	yes	stroma_fibroblastic_IC high	stroma	yes	26.0	40.0	707.0	739.0	207.8393	217.2464	yes
SN124_A938797_Rep2	GCTCTCGGGTACCGAA-1	yes	yes	yes	stroma_fibroblastic_IC high	stroma	yes	26.0	58.0	938.0	739.0	275.7472	217.2464	yes
SN124_A938797_Rep2	GCTCTTTCCGCTAGTG-1	no	yes	no		unresolved	no	64.0	54.0	886.0	1588.0	260.4606	466.83	yes
SN124_A938797_Rep2	GCTGAACTCTCCAGGG-1	no	yes	no		unresolved	no	40.0	120.0	1734.0	1053.0	509.7501	309.5541	yes
SN124_A938797_Rep2	GCTGAAGGGTTCTTGG-1	no	yes	no		unresolved	no	70.0	4.0	244.0	1722.0	71.7295	506.2224	yes
SN124_A938797_Rep2	GCTGAATCTTCCAATC-1	no	yes	no		unresolved	no	59.0	23.0	488.0	1476.0	143.4591	433.9049	yes
SN124_A938797_Rep2	GCTGAGCAACGGTTCT-1	no	yes	no		unresolved	no	19.0	7.0	284.0	582.0	83.4885	171.0926	yes
SN124_A938797_Rep2	GCTGAGGCGTGAGTAT-1	yes	yes	yes	stroma_fibroblastic_IC high	stroma	yes	40.0	64.0	1015.0	1052.0	298.3831	309.2602	yes
SN124_A938797_Rep2	GCTGCACGGTTTCTTA-1	yes	yes	yes	stroma_fibroblastic_IC high	stroma	yes	41.0	73.0	1130.0	1075.0	332.1901	316.0216	yes
SN124_A938797_Rep2	GCTGCGAAGAATTATT-1	no	yes	no		unresolved	no	74.0	46.0	783.0	1812.0	230.1813	532.6801	yes
SN124_A938797_Rep2	GCTGCGCCTCCCACGT-1	no	yes	no		unresolved	no	21.0	1.0	206.0	627.0	60.5585	184.3214	yes
SN124_A938797_Rep2	GCTGCTAAGTAGTCGA-1	no	yes	no		unresolved	no	56.0	56.0	912.0	1410.0	268.1039	414.5027	yes
SN124_A938797_Rep2	GCTGCTACTGCGTAGC-1	no	yes	no		unresolved	no	51.0	75.0	1156.0	1298.0	339.8334	381.5777	yes
SN124_A938797_Rep2	GCTGCTCTCCGGACAC-1	yes	yes	yes	stroma_fibroblastic_IC high	stroma	yes	31.0	63.0	1002.0	851.0	294.5615	250.1715	yes
SN124_A938797_Rep2	GCTGGACCCAAAGTGG-1	yes	yes	yes	exclude	exclude	yes	14.0	106.0	1555.0	472.0	457.1289	138.7555	yes
SN124_A938797_Rep2	GCTGGCAGGTGCCGTG-1	no	yes	no		unresolved	no	26.0	2.0	219.0	739.0	64.3802	217.2464	yes
SN124_A938797_Rep2	GCTGGCATATTCACCT-1	yes	yes	yes	stroma_fibroblastic_IC high	stroma	yes	31.0	31.0	591.0	851.0	173.7384	250.1715	yes
SN124_A938797_Rep2	GCTGGCGGCGCATGCT-1	no	yes	no		unresolved	no	54.0	64.0	1014.0	1365.0	298.0892	401.2739	yes
SN124_A938797_Rep2	GCTGGGAGCGCGTCAA-1	no	yes	no		unresolved	no	73.0	33.0	616.0	1789.0	181.0877	525.9187	yes
SN124_A938797_Rep2	GCTGGGTCCGCTGTTA-1	no	yes	no		unresolved	no	3.0	15.0	387.0	225.0	113.7678	66.144	yes
SN124_A938797_Rep2	GCTGGTGACTCGTAGT-1	no	yes	no		unresolved	no	11.0	117.0	1696.0	405.0	498.5791	119.0593	yes
SN124_A938797_Rep2	GCTGGTTTAGGCCATA-1	no	yes	no		unresolved	no	60.0	14.0	372.0	1498.0	109.3582	440.3724	yes
SN124_A938797_Rep2	GCTGTATTACTGGCCC-1	no	yes	no		unresolved	no	46.0	38.0	681.0	1186.0	200.196	348.6526	yes
SN124_A938797_Rep2	GCTGTCTGTGATCGAC-1	no	yes	no		unresolved	no	1.0	91.0	1363.0	181.0	400.6859	53.2092	yes
SN124_A938797_Rep2	GCTGTTGCTACCGAAC-1	yes	yes	yes	epitehlium&submucosa	other	yes	39.0	95.0	1413.0	1031.0	415.3846	303.0867	yes
SN124_A938797_Rep2	GCTTAATGTAACTAAC-1	yes	yes	yes	epitehlium&submucosa	other	yes	42.0	84.0	1272.0	1097.0	373.9343	322.489	yes
SN124_A938797_Rep2	GCTTACGTAGTTAGTA-1	no	yes	no		unresolved	no	36.0	112.0	1631.0	964.0	479.4708	283.3905	yes
SN124_A938797_Rep2	GCTTAGGGAAGCGGTA-1	no	yes	no		unresolved	no	12.0	124.0	1786.0	428.0	525.0367	125.8207	yes
SN124_A938797_Rep2	GCTTATGAAGCAGGAA-1	yes	yes	yes	submucosa	other	yes	35.0	89.0	1336.0	941.0	392.7486	276.6291	yes
SN124_A938797_Rep2	GCTTCAGTGGGATTAC-1	no	yes	no		unresolved	no	7.0	113.0	1645.0	316.0	483.5865	92.8956	yes
SN124_A938797_Rep2	GCTTCCAGCTTAGATT-1	no	yes	no		unresolved	no	8.0	16.0	399.0	337.0	117.2954	99.0691	yes
SN124_A938797_Rep2	GCTTCCATGTAACCGC-1	no	yes	no		unresolved	no	74.0	102.0	1502.0	1813.0	441.5483	532.974	yes
SN124_A938797_Rep2	GCTTCCCGTAAGCTCC-1	no	yes	no		unresolved	no	75.0	95.0	1412.0	1835.0	415.0906	539.4414	yes
SN124_A938797_Rep2	GCTTCCGTCCCTAGAC-1	yes	yes	yes	stroma_fibroblastic_IC high	stroma	yes	29.0	77.0	1182.0	807.0	347.4767	237.2366	yes
SN124_A938797_Rep2	GCTTCGACGTTCAATC-1	no	yes	no		unresolved	no	69.0	15.0	385.0	1700.0	113.1798	499.755	yes
SN124_A938797_Rep2	GCTTGAGTGACCTCTG-1	no	yes	no		unresolved	no	73.0	113.0	1643.0	1791.0	482.9985	526.5066	yes
SN124_A938797_Rep2	GCTTGATGATAATCAG-1	yes	yes	yes	tumor&stroma_IC med to high	mixed	yes	22.0	36.0	656.0	650.0	192.8466	191.0828	yes
SN124_A938797_Rep2	GCTTGCAGCACAATTG-1	no	yes	no		unresolved	no	19.0	117.0	1696.0	584.0	498.5791	171.6805	yes
SN124_A938797_Rep2	GCTTGGATCGATTAGG-1	yes	yes	yes	tumor	tumor	yes	31.0	97.0	1439.0	852.0	423.0279	250.4655	yes
SN124_A938797_Rep2	GCTTTACACAACTGGG-1	no	yes	no		unresolved	no	70.0	116.0	1682.0	1724.0	494.4635	506.8104	yes
SN124_A938797_Rep2	GCTTTATTAAGTTACC-1	no	yes	no		unresolved	no	77.0	79.0	1206.0	1879.0	354.5321	552.3763	yes
SN124_A938797_Rep2	GCTTTCAGAGGAGGTG-1	yes	yes	yes	tumor&stroma_IC med to high	mixed	yes	33.0	95.0	1413.0	896.0	415.3846	263.4003	yes
SN124_A938797_Rep2	GCTTTCTATCTCAACT-1	no	yes	no		unresolved	no	5.0	117.0	1696.0	271.0	498.5791	79.6668	yes
SN124_A938797_Rep2	GCTTTGCTGCCGGGTA-1	no	yes	no		unresolved	no	1.0	127.0	1825.0	182.0	536.5017	53.5032	yes
SN124_A938797_Rep2	GGAAACAGAGCTTGGG-1	no	yes	no		unresolved	no	76.0	26.0	526.0	1856.0	154.6301	545.6149	yes
SN124_A938797_Rep2	GGAAACCTTGTTGAAT-1	yes	yes	yes	tumor	tumor	yes	20.0	106.0	1555.0	606.0	457.1289	178.148	yes
SN124_A938797_Rep2	GGAAACTAAATGGGCC-1	no	yes	no		unresolved	no	60.0	102.0	1502.0	1500.0	441.5483	440.9603	yes
SN124_A938797_Rep2	GGAAAGGGAATTGAGC-1	no	yes	no		unresolved	no	73.0	73.0	1129.0	1790.0	331.8961	526.2126	yes
SN124_A938797_Rep2	GGAAAGTCTTGATTGT-1	no	yes	no		unresolved	no	75.0	43.0	744.0	1834.0	218.7163	539.1475	yes
SN124_A938797_Rep2	GGAAAGTGCCCATGCC-1	yes	yes	yes	stroma_fibroblastic_IC high	stroma	yes	20.0	90.0	1349.0	606.0	396.5703	178.148	yes
SN124_A938797_Rep2	GGAACCCGAACAAGAA-1	no	yes	no		unresolved	no	23.0	9.0	309.0	672.0	90.8378	197.5502	yes
SN124_A938797_Rep2	GGAACCGTGTAAATTG-1	yes	yes	yes	exclude	exclude	yes	49.0	47.0	796.0	1253.0	234.0029	368.3488	yes
SN124_A938797_Rep2	GGAACCTTGACTCTGC-1	no	yes	no		unresolved	no	59.0	21.0	462.0	1476.0	135.8158	433.9049	yes
SN124_A938797_Rep2	GGAACGGCCTGCAGCC-1	no	yes	no		unresolved	no	25.0	15.0	386.0	716.0	113.4738	210.4851	yes
SN124_A938797_Rep2	GGAACTCGTGAATACG-1	no	yes	no		unresolved	no	77.0	43.0	744.0	1879.0	218.7163	552.3763	yes
SN124_A938797_Rep2	GGAACTTTGGCGATTA-1	no	yes	no		unresolved	no	60.0	110.0	1605.0	1500.0	471.8275	440.9603	yes
SN124_A938797_Rep2	GGAAGATAAGACTGTA-1	no	yes	no		unresolved	no	8.0	124.0	1786.0	338.0	525.0367	99.3631	yes
SN124_A938797_Rep2	GGAAGCTCGCTTACAG-1	yes	yes	yes	exclude	exclude	yes	11.0	83.0	1260.0	405.0	370.4067	119.0593	yes
SN124_A938797_Rep2	GGAAGGACACCGTATA-1	no	yes	no		unresolved	no	73.0	83.0	1258.0	1790.0	369.8187	526.2126	yes
SN124_A938797_Rep2	GGAATAACCTCAAGAA-1	yes	yes	yes	tumor&stroma_IC med to high	mixed	yes	6.0	60.0	964.0	293.0	283.3905	86.1342	yes
SN124_A938797_Rep2	GGAATGCGCTAGCGTG-1	yes	yes	yes	tumor&stroma_IC med to high	mixed	yes	32.0	82.0	1246.0	874.0	366.291	256.9329	yes
SN124_A938797_Rep2	GGACAACCATGAAGCC-1	no	yes	no		unresolved	no	70.0	102.0	1502.0	1723.0	441.5483	506.5164	yes
SN124_A938797_Rep2	GGACAAGCCATGATCG-1	no	yes	no		unresolved	no	64.0	0.0	192.0	1588.0	56.4429	466.83	yes
SN124_A938797_Rep2	GGACAAGTTGCAGTGA-1	no	yes	no		unresolved	no	33.0	7.0	283.0	895.0	83.1945	263.1063	yes
SN124_A938797_Rep2	GGACACAAGTTTACAC-1	no	yes	no		unresolved	no	47.0	111.0	1618.0	1210.0	475.6492	355.708	yes
SN124_A938797_Rep2	GGACACCTCGGTGTTG-1	no	yes	no		unresolved	no	75.0	63.0	1001.0	1834.0	294.2675	539.1475	yes
SN124_A938797_Rep2	GGACCAACAGGATAAC-1	yes	yes	yes	IC aggregate_submucosa	other	yes	51.0	67.0	1053.0	1298.0	309.5541	381.5777	yes
SN124_A938797_Rep2	GGACCTACGGTAACGT-1	yes	yes	yes	exclude	exclude	yes	17.0	109.0	1593.0	539.0	468.2998	158.4517	yes
SN124_A938797_Rep2	GGACCTCTAGGCCGCC-1	no	yes	no		unresolved	no	58.0	30.0	578.0	1454.0	169.9167	427.4375	yes
SN124_A938797_Rep2	GGACGGCTTGCGCAAC-1	no	yes	no		unresolved	no	7.0	101.0	1491.0	316.0	438.3145	92.8956	yes
SN124_A938797_Rep2	GGACGGGCGACCAACC-1	no	yes	no		unresolved	no	67.0	117.0	1695.0	1657.0	498.2852	487.1142	yes
SN124_A938797_Rep2	GGACGTCCATAGTTGG-1	no	yes	no		unresolved	no	14.0	116.0	1683.0	472.0	494.7575	138.7555	yes
SN124_A938797_Rep2	GGACTAAGTCAGGAGT-1	no	yes	no		unresolved	no	27.0	5.0	258.0	761.0	75.8452	223.7139	yes
SN124_A938797_Rep2	GGACTCACAAATTAGG-1	no	yes	no		unresolved	no	49.0	121.0	1747.0	1254.0	513.5718	368.6428	yes
SN124_A938797_Rep2	GGACTCGAAGCTTTCA-1	no	yes	no		unresolved	no	60.0	124.0	1785.0	1500.0	524.7428	440.9603	yes
SN124_A938797_Rep2	GGACTCGACAGCGCAT-1	no	yes	no		unresolved	no	68.0	46.0	783.0	1678.0	230.1813	493.2876	yes
SN124_A938797_Rep2	GGACTCGTGAGTGGTC-1	no	yes	no		unresolved	no	64.0	38.0	680.0	1588.0	199.902	466.83	yes
SN124_A938797_Rep2	GGACTCTTCCGGTTGA-1	no	yes	no		unresolved	no	57.0	123.0	1772.0	1433.0	520.9211	421.2641	yes
SN124_A938797_Rep2	GGACTCTTTGACTAAG-1	no	yes	no		unresolved	no	71.0	83.0	1258.0	1745.0	369.8187	512.9838	yes
SN124_A938797_Rep2	GGAGAAGTCATTGGCA-1	yes	yes	yes	stroma_fibroblastic_IC high	stroma	yes	23.0	41.0	720.0	672.0	211.6609	197.5502	yes
SN124_A938797_Rep2	GGAGACATTCACGGGC-1	no	yes	no		unresolved	no	5.0	5.0	258.0	269.0	75.8452	79.0789	yes
SN124_A938797_Rep2	GGAGACCAATGTGCTT-1	no	yes	no		unresolved	no	22.0	118.0	1709.0	651.0	502.4008	191.3768	yes
SN124_A938797_Rep2	GGAGACCATCTACATA-1	no	yes	no		unresolved	no	50.0	8.0	296.0	1275.0	87.0162	374.8163	yes
SN124_A938797_Rep2	GGAGACGACACCTTTG-1	yes	yes	yes	stroma_fibroblastic_IC high	stroma	yes	43.0	67.0	1053.0	1119.0	309.5541	328.9564	yes
SN124_A938797_Rep2	GGAGCAACATTTCAAG-1	no	yes	no		unresolved	no	57.0	103.0	1515.0	1433.0	445.3699	421.2641	yes
SN124_A938797_Rep2	GGAGCACCAAGAACTA-1	yes	yes	yes	stroma_fibroblastic_IC high	stroma	yes	26.0	82.0	1246.0	740.0	366.291	217.5404	yes
SN124_A938797_Rep2	GGAGCGAGGCCTACTT-1	no	yes	no		unresolved	no	67.0	69.0	1078.0	1656.0	316.9035	486.8202	yes
SN124_A938797_Rep2	GGAGGAGTGTGTTTAT-1	no	yes	no		unresolved	no	2.0	6.0	271.0	202.0	79.6668	59.3827	yes
SN124_A938797_Rep2	GGAGGATTGAAAGGAG-1	yes	yes	yes	exclude	exclude	yes	7.0	73.0	1131.0	315.0	332.4841	92.6017	yes
SN124_A938797_Rep2	GGAGGCCGAAGTCGTC-1	no	yes	no		unresolved	no	40.0	116.0	1683.0	1053.0	494.7575	309.5541	yes
SN124_A938797_Rep2	GGAGGCGAAGAACCGC-1	no	yes	no		unresolved	no	3.0	101.0	1491.0	226.0	438.3145	66.438	yes
SN124_A938797_Rep2	GGAGGGCTTGGTTGGC-1	yes	yes	yes	exclude	exclude	yes	32.0	78.0	1195.0	874.0	351.2984	256.9329	yes
SN124_A938797_Rep2	GGAGGGTCAAGTAAGA-1	no	yes	no		unresolved	no	62.0	114.0	1656.0	1545.0	486.8202	454.1891	yes
SN124_A938797_Rep2	GGAGTACACATGAGCT-1	no	yes	no		unresolved	no	14.0	2.0	219.0	470.0	64.3802	138.1676	yes
SN124_A938797_Rep2	GGAGTGCCGCCCTGGA-1	yes	yes	yes	stroma_fibroblastic_IC high	stroma	yes	19.0	53.0	874.0	583.0	256.9329	171.3866	yes
SN124_A938797_Rep2	GGAGTTGATTCTGTGT-1	no	yes	no		unresolved	no	68.0	112.0	1630.0	1679.0	479.1769	493.5816	yes
SN124_A938797_Rep2	GGATACTCATGAATTG-1	yes	yes	yes	stroma_fibroblastic_IC med	stroma	yes	9.0	45.0	772.0	359.0	226.9476	105.5365	yes
SN124_A938797_Rep2	GGATCAAAGGACGAGG-1	yes	yes	yes	tumor	tumor	yes	6.0	52.0	862.0	293.0	253.4052	86.1342	yes
SN124_A938797_Rep2	GGATCAGAGCCATCAG-1	no	yes	no		unresolved	no	43.0	1.0	206.0	1118.0	60.5585	328.6624	yes
SN124_A938797_Rep2	GGATCATCCCGTACGC-1	yes	yes	yes	exclude	exclude	yes	17.0	101.0	1491.0	539.0	438.3145	158.4517	yes
SN124_A938797_Rep2	GGATCCCTACCAGCTA-1	no	yes	no		unresolved	no	8.0	12.0	348.0	337.0	102.3028	99.0691	yes
SN124_A938797_Rep2	GGATCCGGAATATACT-1	yes	yes	yes	tumor	tumor	yes	34.0	82.0	1246.0	919.0	366.291	270.1617	yes
SN124_A938797_Rep2	GGATCTACCGTTCGTC-1	no	yes	no		unresolved	no	77.0	31.0	590.0	1879.0	173.4444	552.3763	yes
SN124_A938797_Rep2	GGATCTTACTGCCCTT-1	no	yes	no		unresolved	no	65.0	35.0	642.0	1610.0	188.731	473.2974	yes
SN124_A938797_Rep2	GGATCTTGACTCAACC-1	no	yes	no		unresolved	no	51.0	17.0	411.0	1297.0	120.8231	381.2837	yes
SN124_A938797_Rep2	GGATGAAGATCGCTGA-1	yes	yes	yes	submucosa	other	yes	42.0	94.0	1400.0	1098.0	411.563	322.7829	yes
SN124_A938797_Rep2	GGATGACGCGAGTTTA-1	yes	yes	yes	exclude	exclude	yes	37.0	45.0	771.0	985.0	226.6536	289.5639	yes
SN124_A938797_Rep2	GGATGCTGGCGTTCCT-1	no	yes	no		unresolved	no	39.0	19.0	437.0	1029.0	128.4664	302.4988	yes
SN124_A938797_Rep2	GGATGGCTTGAAGTAT-1	no	yes	no		unresolved	no	68.0	98.0	1451.0	1679.0	426.5556	493.5816	yes
SN124_A938797_Rep2	GGATGTCCTTACCGCA-1	yes	yes	yes	epitehlium&submucosa	other	yes	35.0	91.0	1362.0	941.0	400.392	276.6291	yes
SN124_A938797_Rep2	GGATTAAGCTAAGGTC-1	no	yes	no		unresolved	no	7.0	87.0	1311.0	315.0	385.3993	92.6017	yes
SN124_A938797_Rep2	GGATTAATCATGGACC-1	no	yes	no		unresolved	no	71.0	75.0	1155.0	1745.0	339.5394	512.9838	yes
SN124_A938797_Rep2	GGATTCAGTACGGTGG-1	yes	yes	yes	stroma desmoplastic_IC med to high	stroma	yes	19.0	33.0	617.0	583.0	181.3817	171.3866	yes
SN124_A938797_Rep2	GGATTCCGCTATACCC-1	yes	yes	yes	stroma_fibroblastic_IC high	stroma	yes	19.0	81.0	1234.0	583.0	362.7633	171.3866	yes
SN124_A938797_Rep2	GGATTGAAGTAGCCTC-1	no	yes	no		unresolved	no	76.0	102.0	1502.0	1857.0	441.5483	545.9089	yes
SN124_A938797_Rep2	GGATTGCTGTGACTCC-1	no	yes	no		unresolved	no	60.0	84.0	1271.0	1500.0	373.6404	440.9603	yes
SN124_A938797_Rep2	GGATTTCACTTCTATA-1	yes	yes	yes	exclude	exclude	yes	31.0	83.0	1259.0	852.0	370.1127	250.4655	yes
SN124_A938797_Rep2	GGCAAAGGCGCCAATA-1	no	yes	no		unresolved	no	54.0	34.0	629.0	1365.0	184.9094	401.2739	yes
SN124_A938797_Rep2	GGCAAATTACTTTACT-1	yes	yes	yes	stroma_fibroblastic_IC med	stroma	yes	41.0	53.0	874.0	1075.0	256.9329	316.0216	yes
SN124_A938797_Rep2	GGCAAGCCAGGGATAG-1	no	yes	no		unresolved	no	17.0	121.0	1747.0	539.0	513.5718	158.4517	yes
SN124_A938797_Rep2	GGCAAGCCCATAGTGG-1	no	yes	no		unresolved	no	67.0	61.0	976.0	1656.0	286.9182	486.8202	yes
SN124_A938797_Rep2	GGCAAGGCGAAATAGC-1	yes	yes	yes	stroma_fibroblastic_IC high	stroma	yes	45.0	69.0	1079.0	1164.0	317.1974	342.1852	yes
SN124_A938797_Rep2	GGCAATAGTCAATGAG-1	yes	yes	yes	tumor&stroma_IC med to high	mixed	yes	30.0	70.0	1092.0	829.0	321.0191	243.7041	yes
SN124_A938797_Rep2	GGCACGCTGCTACAGT-1	no	yes	no		unresolved	no	72.0	112.0	1630.0	1768.0	479.1769	519.7452	yes
SN124_A938797_Rep2	GGCACTCAGCCGACCC-1	no	yes	no		unresolved	no	55.0	123.0	1772.0	1389.0	520.9211	408.3292	yes
SN124_A938797_Rep2	GGCACTCCACTGGGCA-1	yes	yes	yes	tumor	tumor	yes	34.0	46.0	784.0	918.0	230.4753	269.8677	yes
SN124_A938797_Rep2	GGCACTGCGGTGGTTT-1	no	yes	no		unresolved	no	70.0	110.0	1605.0	1723.0	471.8275	506.5164	yes
SN124_A938797_Rep2	GGCAGAGAGATCGGGA-1	no	yes	no		unresolved	no	35.0	3.0	232.0	940.0	68.2019	276.3351	yes
SN124_A938797_Rep2	GGCAGCAAACCTATGC-1	no	yes	no		unresolved	no	51.0	103.0	1515.0	1299.0	445.3699	381.8716	yes
SN124_A938797_Rep2	GGCAGCGGTAATCCTA-1	yes	yes	yes	exclude	exclude	yes	14.0	100.0	1478.0	472.0	434.4929	138.7555	yes
SN124_A938797_Rep2	GGCATACAGGTAGCGG-1	no	yes	no		unresolved	no	34.0	32.0	604.0	918.0	177.56	269.8677	yes
SN124_A938797_Rep2	GGCATATCGGTTCTGC-1	yes	yes	yes	stroma_fibroblastic_IC high	stroma	yes	17.0	83.0	1260.0	539.0	370.4067	158.4517	yes
SN124_A938797_Rep2	GGCATCAACGAGCACG-1	yes	yes	yes	tumor	tumor	yes	5.0	51.0	849.0	270.0	249.5835	79.3729	yes
SN124_A938797_Rep2	GGCATTCCCTCCCTCG-1	no	yes	no		unresolved	no	77.0	111.0	1617.0	1880.0	475.3552	552.6703	yes
SN124_A938797_Rep2	GGCATTGAACATCTCA-1	no	yes	no		unresolved	no	74.0	58.0	937.0	1812.0	275.4532	532.6801	yes
SN124_A938797_Rep2	GGCCAATTGTATAGAC-1	no	yes	no		unresolved	no	74.0	98.0	1450.0	1813.0	426.2616	532.974	yes
SN124_A938797_Rep2	GGCCACAAGCGATGGC-1	yes	yes	yes	stroma_fibroblastic_IC med	stroma	yes	4.0	44.0	759.0	248.0	223.1259	72.9054	yes
SN124_A938797_Rep2	GGCCACACGAAAGCCT-1	no	yes	no		unresolved	no	22.0	2.0	219.0	649.0	64.3802	190.7888	yes
SN124_A938797_Rep2	GGCCCAATCTAGAGGG-1	no	yes	no		unresolved	no	7.0	117.0	1696.0	316.0	498.5791	92.8956	yes
SN124_A938797_Rep2	GGCCCAGCTGGTTTGC-1	no	yes	no		unresolved	no	70.0	74.0	1142.0	1723.0	335.7178	506.5164	yes
SN124_A938797_Rep2	GGCCCAGTTATCAGCA-1	no	yes	no		unresolved	no	12.0	116.0	1683.0	428.0	494.7575	125.8207	yes
SN124_A938797_Rep2	GGCCCGGAGCATGTCT-1	no	yes	no		unresolved	no	35.0	119.0	1721.0	942.0	505.9285	276.9231	yes
SN124_A938797_Rep2	GGCCCGTATACCATGC-1	no	yes	no		unresolved	no	27.0	119.0	1722.0	763.0	506.2224	224.3018	yes
SN124_A938797_Rep2	GGCCCTCACCCACTTA-1	no	yes	no		unresolved	no	37.0	23.0	488.0	985.0	143.4591	289.5639	yes
SN124_A938797_Rep2	GGCCGAGACTCTGGTG-1	no	yes	no		unresolved	no	62.0	32.0	603.0	1543.0	177.266	453.6012	yes
SN124_A938797_Rep2	GGCCGCAGGAACCGCA-1	no	yes	no		unresolved	no	68.0	116.0	1682.0	1679.0	494.4635	493.5816	yes
SN124_A938797_Rep2	GGCCGGCGTCTGCTAT-1	no	yes	no		unresolved	no	65.0	79.0	1207.0	1611.0	354.8261	473.5914	yes
SN124_A938797_Rep2	GGCCGTTTGGGTTTCA-1	no	yes	no		unresolved	no	59.0	45.0	770.0	1477.0	226.3596	434.1989	yes
SN124_A938797_Rep2	GGCCTGCTCTGATGTT-1	no	yes	no		unresolved	no	72.0	64.0	1014.0	1767.0	298.0892	519.4512	yes
SN124_A938797_Rep2	GGCCTGCTTCTCCCGA-1	no	yes	no		unresolved	no	59.0	113.0	1644.0	1478.0	483.2925	434.4929	yes
SN124_A938797_Rep2	GGCCTTTGCAACTGGC-1	no	yes	no		unresolved	no	36.0	8.0	296.0	962.0	87.0162	282.8025	yes
SN124_A938797_Rep2	GGCGAAATCTAACTTG-1	yes	yes	yes	epitehlium&submucosa	other	yes	43.0	87.0	1310.0	1120.0	385.1053	329.2504	yes
SN124_A938797_Rep2	GGCGAACCGTTCTGAT-1	no	yes	no		unresolved	no	17.0	127.0	1825.0	540.0	536.5017	158.7457	yes
SN124_A938797_Rep2	GGCGAGCATCGAGGAC-1	no	yes	no		unresolved	no	0.0	26.0	528.0	158.0	155.218	46.4478	yes
SN124_A938797_Rep2	GGCGAGCGAAACGGCA-1	no	yes	no		unresolved	no	51.0	7.0	283.0	1297.0	83.1945	381.2837	yes
SN124_A938797_Rep2	GGCGCACAGTTTACCT-1	no	yes	no		unresolved	no	77.0	103.0	1515.0	1880.0	445.3699	552.6703	yes
SN124_A938797_Rep2	GGCGCAGGACATCTTC-1	no	yes	no		unresolved	no	37.0	27.0	540.0	985.0	158.7457	289.5639	yes
SN124_A938797_Rep2	GGCGCATGAATTGATG-1	yes	yes	yes	stroma_fibroblastic_IC med	stroma	yes	42.0	54.0	886.0	1097.0	260.4606	322.489	yes
SN124_A938797_Rep2	GGCGCGGAGATCTTTC-1	no	yes	no		unresolved	no	58.0	86.0	1297.0	1455.0	381.2837	427.7315	yes
SN124_A938797_Rep2	GGCGCGTTCGAGTTTA-1	yes	yes	yes	stroma_fibroblastic_IC med	stroma	yes	47.0	59.0	950.0	1209.0	279.2749	355.414	yes
SN124_A938797_Rep2	GGCGCTCCTCATCAAT-1	no	yes	no		unresolved	no	17.0	19.0	438.0	538.0	128.7604	158.1578	yes
SN124_A938797_Rep2	GGCGCTTCATTCCCTG-1	no	yes	no		unresolved	no	67.0	71.0	1104.0	1656.0	324.5468	486.8202	yes
SN124_A938797_Rep2	GGCGGAGTAATATTAG-1	yes	yes	yes	stroma_fibroblastic_IC med	stroma	yes	32.0	46.0	784.0	873.0	230.4753	256.6389	yes
SN124_A938797_Rep2	GGCGGGCTCTAAGAGT-1	no	yes	no		unresolved	no	53.0	127.0	1823.0	1344.0	535.9138	395.1004	yes
SN124_A938797_Rep2	GGCGGTAGGATCATTG-1	yes	yes	yes	tumor&stroma_IC med to high	mixed	yes	31.0	69.0	1079.0	851.0	317.1974	250.1715	yes
SN124_A938797_Rep2	GGCGGTTTGCCGGTGC-1	no	yes	no		unresolved	no	15.0	11.0	335.0	493.0	98.4811	144.929	yes
SN124_A938797_Rep2	GGCGTACCCTATATAA-1	yes	yes	yes	stroma_fibroblastic_IC high	stroma	yes	2.0	52.0	862.0	203.0	253.4052	59.6766	yes
SN124_A938797_Rep2	GGCGTAGGGAAAGCTG-1	no	yes	no		unresolved	no	64.0	82.0	1245.0	1589.0	365.9971	467.124	yes
SN124_A938797_Rep2	GGCGTCCTATCCGCTG-1	yes	yes	yes	stroma_fibroblastic_IC med	stroma	yes	31.0	33.0	617.0	851.0	181.3817	250.1715	yes
SN124_A938797_Rep2	GGCTAAAGGGCGGGTC-1	yes	yes	yes	stroma_fibroblastic_IC high	stroma	yes	19.0	99.0	1465.0	584.0	430.6712	171.6805	yes
SN124_A938797_Rep2	GGCTAATGATTGAAAT-1	no	yes	no		unresolved	no	11.0	113.0	1645.0	405.0	483.5865	119.0593	yes
SN124_A938797_Rep2	GGCTACTATACACTCC-1	no	yes	no		unresolved	no	64.0	44.0	757.0	1588.0	222.538	466.83	yes
SN124_A938797_Rep2	GGCTATTAAGTTGTAT-1	yes	yes	yes	stroma_fibroblastic_IC high	stroma	yes	33.0	41.0	720.0	896.0	211.6609	263.4003	yes
SN124_A938797_Rep2	GGCTCCTCCACCTGTT-1	no	yes	no		unresolved	no	59.0	35.0	642.0	1476.0	188.731	433.9049	yes
SN124_A938797_Rep2	GGCTCGCGTTGAGGTA-1	yes	yes	yes	tumor&stroma_IC med to high	mixed	yes	31.0	93.0	1388.0	852.0	408.0353	250.4655	yes
SN124_A938797_Rep2	GGCTCGTGCCACCAGC-1	yes	yes	yes	stroma_fibroblastic_IC med	stroma	yes	20.0	38.0	682.0	605.0	200.49	177.854	yes
SN124_A938797_Rep2	GGCTCTGCTCCAACGC-1	yes	yes	yes	stroma_fibroblastic_IC med	stroma	yes	26.0	72.0	1118.0	740.0	328.6624	217.5404	yes
SN124_A938797_Rep2	GGCTGAAATAGCAAAG-1	yes	yes	yes	epitehlium&submucosa	other	yes	49.0	79.0	1207.0	1254.0	354.8261	368.6428	yes
SN124_A938797_Rep2	GGCTGAGCATCGTAAG-1	no	yes	no		unresolved	no	9.0	99.0	1465.0	360.0	430.6712	105.8305	yes
SN124_A938797_Rep2	GGCTGGCAATCCCACG-1	no	yes	no		unresolved	no	76.0	88.0	1322.0	1857.0	388.633	545.9089	yes
SN124_A938797_Rep2	GGCTGGCAGCTTTATG-1	no	yes	no		unresolved	no	6.0	2.0	220.0	292.0	64.6742	85.8403	yes
SN124_A938797_Rep2	GGCTGGCTAGCTTAAA-1	yes	yes	yes	stroma desmoplastic_IC med to high	stroma	yes	11.0	29.0	566.0	404.0	166.389	118.7653	yes
SN124_A938797_Rep2	GGCTGTCCTACTGCGG-1	no	yes	no		unresolved	no	76.0	50.0	834.0	1857.0	245.1739	545.9089	yes
SN124_A938797_Rep2	GGCTTCTCGTGGGTGG-1	no	yes	no		unresolved	no	76.0	82.0	1245.0	1857.0	365.9971	545.9089	yes
SN124_A938797_Rep2	GGCTTGGCTCTCACCT-1	no	yes	no		unresolved	no	24.0	2.0	219.0	694.0	64.3802	204.0176	yes
SN124_A938797_Rep2	GGCTTTCAATAAGGGT-1	no	yes	no		unresolved	no	60.0	62.0	989.0	1499.0	290.7398	440.6663	yes
SN124_A938797_Rep2	GGGAAAGAATGCCAAC-1	no	yes	no		unresolved	no	70.0	108.0	1579.0	1723.0	464.1842	506.5164	yes
SN124_A938797_Rep2	GGGAACCACCTGTTTC-1	no	yes	no		unresolved	no	1.0	35.0	644.0	181.0	189.319	53.2092	yes
SN124_A938797_Rep2	GGGAACGGGAGGTTAG-1	no	yes	no		unresolved	no	39.0	37.0	668.0	1030.0	196.3743	302.7927	yes
SN124_A938797_Rep2	GGGAACGGTTTCAGAT-1	no	yes	no		unresolved	no	64.0	32.0	603.0	1588.0	177.266	466.83	yes
SN124_A938797_Rep2	GGGAAGACGGTCTGTC-1	no	yes	no		unresolved	no	64.0	76.0	1168.0	1589.0	343.3611	467.124	yes
SN124_A938797_Rep2	GGGAAGGGCTTTCTCA-1	no	yes	no		unresolved	no	63.0	87.0	1310.0	1567.0	385.1053	460.6565	yes
SN124_A938797_Rep2	GGGAATGAGCCCTCAC-1	yes	yes	yes	tumor&stroma_IC med to high	mixed	yes	19.0	107.0	1568.0	584.0	460.9505	171.6805	yes
SN124_A938797_Rep2	GGGAATTCTGTCCAGT-1	no	yes	no		unresolved	no	28.0	4.0	245.0	783.0	72.0235	230.1813	yes
SN124_A938797_Rep2	GGGACAGAGTTACTCC-1	no	yes	no		unresolved	no	57.0	19.0	437.0	1431.0	128.4664	420.6761	yes
SN124_A938797_Rep2	GGGACCCGTATATCTT-1	no	yes	no		unresolved	no	57.0	53.0	873.0	1432.0	256.6389	420.9701	yes
SN124_A938797_Rep2	GGGACTGCATAGATAG-1	yes	yes	yes	stroma_fibroblastic_IC high	stroma	yes	32.0	60.0	964.0	874.0	283.3905	256.9329	yes
SN124_A938797_Rep2	GGGAGAACTCACAGTA-1	yes	yes	yes	stroma_fibroblastic_IC high	stroma	yes	32.0	64.0	1015.0	874.0	298.3831	256.9329	yes
SN124_A938797_Rep2	GGGAGCGACCGTAGTG-1	no	yes	no		unresolved	no	68.0	86.0	1297.0	1678.0	381.2837	493.2876	yes
SN124_A938797_Rep2	GGGAGGATGCCCGAAA-1	yes	yes	yes	tumor	tumor	yes	37.0	51.0	848.0	985.0	249.2896	289.5639	yes
SN124_A938797_Rep2	GGGAGTAATGGCTGGC-1	yes	yes	yes	stroma_fibroblastic_IC high	stroma	yes	10.0	42.0	733.0	382.0	215.4826	112.2979	yes
SN124_A938797_Rep2	GGGAGTTAATGAGGCG-1	yes	yes	yes	stroma_fibroblastic_IC high	stroma	yes	33.0	75.0	1156.0	896.0	339.8334	263.4003	yes
SN124_A938797_Rep2	GGGATACGGTAATAAT-1	no	yes	no		unresolved	no	21.0	7.0	283.0	627.0	83.1945	184.3214	yes
SN124_A938797_Rep2	GGGATATTGATCGCCA-1	no	yes	no		unresolved	no	75.0	23.0	487.0	1834.0	143.1651	539.1475	yes
SN124_A938797_Rep2	GGGATCCCAATACAAA-1	no	yes	no		unresolved	no	18.0	120.0	1735.0	562.0	510.0441	165.2131	yes
SN124_A938797_Rep2	GGGATGGACCCGCGTC-1	no	yes	no		unresolved	no	65.0	5.0	257.0	1610.0	75.5512	473.2974	yes
SN124_A938797_Rep2	GGGATGGTCGTAACCG-1	no	yes	no		unresolved	no	47.0	43.0	745.0	1208.0	219.0103	355.12	yes
SN124_A938797_Rep2	GGGATTATCTCACAAC-1	no	yes	no		unresolved	no	4.0	6.0	271.0	247.0	79.6668	72.6115	yes
SN124_A938797_Rep2	GGGATTTACCGCACCT-1	yes	yes	yes	non neo epithelium	normal epithelium	yes	42.0	90.0	1349.0	1098.0	396.5703	322.7829	yes
SN124_A938797_Rep2	GGGCAACCGCACGTGC-1	no	yes	no		unresolved	no	55.0	19.0	437.0	1387.0	128.4664	407.7413	yes
SN124_A938797_Rep2	GGGCACGAATTGGCCG-1	no	yes	no		unresolved	no	29.0	1.0	206.0	806.0	60.5585	236.9427	yes
SN124_A938797_Rep2	GGGCACGTAGTACTGT-1	no	yes	no		unresolved	no	70.0	48.0	809.0	1722.0	237.8246	506.2224	yes
SN124_A938797_Rep2	GGGCACTATTGACCAT-1	no	yes	no		unresolved	no	61.0	3.0	231.0	1521.0	67.9079	447.1338	yes
SN124_A938797_Rep2	GGGCAGACGTCACTGC-1	no	yes	no		unresolved	no	48.0	4.0	244.0	1230.0	71.7295	361.5875	yes
SN124_A938797_Rep2	GGGCAGAGCAATCGTT-1	no	yes	no		unresolved	no	58.0	60.0	963.0	1454.0	283.0965	427.4375	yes
SN124_A938797_Rep2	GGGCAGGATTTCTGTG-1	no	yes	no		unresolved	no	65.0	7.0	282.0	1610.0	82.9005	473.2974	yes
SN124_A938797_Rep2	GGGCAGTCAACGCCAA-1	no	yes	no		unresolved	no	69.0	79.0	1207.0	1701.0	354.8261	500.049	yes
SN124_A938797_Rep2	GGGCATGCATGTCGAG-1	no	yes	no		unresolved	no	73.0	55.0	898.0	1790.0	263.9882	526.2126	yes
SN124_A938797_Rep2	GGGCCATTCGTGCTGG-1	no	yes	no		unresolved	no	69.0	7.0	282.0	1699.0	82.9005	499.461	yes
SN124_A938797_Rep2	GGGCCCGTCTTAAACA-1	yes	yes	yes	stroma_fibroblastic_IC med	stroma	yes	42.0	52.0	861.0	1097.0	253.1112	322.489	yes
SN124_A938797_Rep2	GGGCCCTACGAAAGGG-1	no	yes	no		unresolved	no	38.0	16.0	399.0	1007.0	117.2954	296.0314	yes
SN124_A938797_Rep2	GGGCCCTTATCTATAC-1	no	yes	no		unresolved	no	33.0	5.0	257.0	895.0	75.5512	263.1063	yes
SN124_A938797_Rep2	GGGCCGGCCGAAGTAC-1	yes	yes	yes	epitehlium&submucosa	other	yes	36.0	84.0	1272.0	963.0	373.9343	283.0965	yes
SN124_A938797_Rep2	GGGCCTAAATGGGCTA-1	no	yes	no		unresolved	no	45.0	9.0	308.0	1163.0	90.5439	341.8912	yes
SN124_A938797_Rep2	GGGCCTATACAACCGG-1	no	yes	no		unresolved	no	3.0	115.0	1671.0	227.0	491.2298	66.732	yes
SN124_A938797_Rep2	GGGCCTATTTAAGTAT-1	no	yes	no		unresolved	no	13.0	117.0	1696.0	450.0	498.5791	132.2881	yes
SN124_A938797_Rep2	GGGCGAATTTCTCCAC-1	no	yes	no		unresolved	no	17.0	7.0	284.0	538.0	83.4885	158.1578	yes
SN124_A938797_Rep2	GGGCGATATGTGTGAA-1	yes	yes	yes	stroma_fibroblastic_IC med	stroma	yes	28.0	58.0	938.0	784.0	275.7472	230.4753	yes
SN124_A938797_Rep2	GGGCGATCCATAGGCC-1	no	yes	no		unresolved	no	70.0	0.0	192.0	1722.0	56.4429	506.2224	yes
SN124_A938797_Rep2	GGGCGCAGCGTTACTC-1	no	yes	no		unresolved	no	34.0	120.0	1734.0	919.0	509.7501	270.1617	yes
SN124_A938797_Rep2	GGGCGGCAAATGAATT-1	no	yes	no		unresolved	no	49.0	45.0	771.0	1253.0	226.6536	368.3488	yes
SN124_A938797_Rep2	GGGCGGGTTCCCTACG-1	no	yes	no		unresolved	no	43.0	37.0	668.0	1119.0	196.3743	328.9564	yes
SN124_A938797_Rep2	GGGCGGTCCTATTGTC-1	yes	yes	yes	stroma desmoplastic_IC low	stroma	yes	14.0	28.0	553.0	471.0	162.5674	138.4615	yes
SN124_A938797_Rep2	GGGCGTACATTTATAT-1	yes	yes	yes	tumor&stroma_IC med to high	mixed	yes	24.0	54.0	887.0	695.0	260.7545	204.3116	yes
SN124_A938797_Rep2	GGGCGTCACCACGTAA-1	yes	yes	yes	tumor&stroma_IC med to high	mixed	yes	48.0	50.0	835.0	1231.0	245.4679	361.8814	yes
SN124_A938797_Rep2	GGGCGTCCACTGGCTC-1	yes	yes	yes	stroma_fibroblastic_IC high	stroma	yes	16.0	84.0	1272.0	516.0	373.9343	151.6903	yes
SN124_A938797_Rep2	GGGCGTGGTTTCCCAG-1	no	yes	no		unresolved	no	61.0	81.0	1233.0	1522.0	362.4694	447.4277	yes
SN124_A938797_Rep2	GGGCGTTTACATTCAT-1	no	yes	no		unresolved	no	66.0	26.0	526.0	1633.0	154.6301	480.0588	yes
SN124_A938797_Rep2	GGGCTACTATTTCGTG-1	no	yes	no		unresolved	no	50.0	6.0	270.0	1275.0	79.3729	374.8163	yes
SN124_A938797_Rep2	GGGCTATGATCGATGG-1	no	yes	no		unresolved	no	57.0	51.0	847.0	1432.0	248.9956	420.9701	yes
SN124_A938797_Rep2	GGGCTCATCGAACCCA-1	yes	yes	yes	stroma_fibroblastic_IC high	stroma	yes	25.0	89.0	1336.0	718.0	392.7486	211.073	yes
SN124_A938797_Rep2	GGGCTGCCTAGGGCGA-1	yes	yes	yes	stroma_fibroblastic_IC high	stroma	yes	33.0	69.0	1079.0	896.0	317.1974	263.4003	yes
SN124_A938797_Rep2	GGGCTGGTTAGTCGCG-1	yes	yes	yes	stroma_fibroblastic_IC high	stroma	yes	31.0	51.0	848.0	851.0	249.2896	250.1715	yes
SN124_A938797_Rep2	GGGTAATGCTGTGTTT-1	no	yes	no		unresolved	no	9.0	21.0	464.0	359.0	136.4037	105.5365	yes
SN124_A938797_Rep2	GGGTACACTCTGGAGG-1	no	yes	no		unresolved	no	6.0	8.0	297.0	292.0	87.3101	85.8403	yes
SN124_A938797_Rep2	GGGTACCCACGGTCCT-1	yes	yes	yes	stroma desmoplastic_IC low	stroma	yes	14.0	26.0	528.0	471.0	155.218	138.4615	yes
SN124_A938797_Rep2	GGGTACTTCATGAACT-1	yes	yes	yes	exclude	exclude	yes	37.0	39.0	694.0	985.0	204.0176	289.5639	yes
SN124_A938797_Rep2	GGGTATGTATGCACTT-1	no	yes	no		unresolved	no	28.0	28.0	553.0	784.0	162.5674	230.4753	yes
SN124_A938797_Rep2	GGGTATTCTAGCAAAC-1	no	yes	no		unresolved	no	55.0	15.0	385.0	1387.0	113.1798	407.7413	yes
SN124_A938797_Rep2	GGGTCACCGTGACGGT-1	yes	yes	yes	tumor	tumor	yes	35.0	47.0	797.0	940.0	234.2969	276.3351	yes
SN124_A938797_Rep2	GGGTCACGTGCTTATG-1	no	yes	no		unresolved	no	2.0	102.0	1504.0	204.0	442.1362	59.9706	yes
SN124_A938797_Rep2	GGGTCACTGAGTAGTG-1	no	yes	no		unresolved	no	3.0	125.0	1799.0	227.0	528.8584	66.732	yes
SN124_A938797_Rep2	GGGTCAGGAGCTAGAT-1	no	yes	no		unresolved	no	65.0	55.0	899.0	1611.0	264.2822	473.5914	yes
SN124_A938797_Rep2	GGGTCATGCGTACCAT-1	no	yes	no		unresolved	no	22.0	14.0	373.0	649.0	109.6521	190.7888	yes
SN124_A938797_Rep2	GGGTCCTTGGAAGAAG-1	no	yes	no		unresolved	no	71.0	11.0	333.0	1744.0	97.8932	512.6899	yes
SN124_A938797_Rep2	GGGTCGTGGCAAGTGT-1	yes	yes	yes	stroma_fibroblastic_IC med	stroma	yes	25.0	107.0	1567.0	718.0	460.6565	211.073	yes
SN124_A938797_Rep2	GGGTCTATCGCTTTCC-1	no	yes	no		unresolved	no	63.0	113.0	1643.0	1567.0	482.9985	460.6565	yes
SN124_A938797_Rep2	GGGTGACACCTTAACT-1	yes	yes	yes	IC aggregate_stroma or muscularis	unresolved	yes	46.0	56.0	912.0	1186.0	268.1039	348.6526	yes
SN124_A938797_Rep2	GGGTGCATATGAAAGC-1	no	yes	no		unresolved	no	30.0	112.0	1632.0	830.0	479.7648	243.998	yes
SN124_A938797_Rep2	GGGTGGTCCAGCCTGT-1	yes	yes	yes	stroma_fibroblastic_IC high	stroma	yes	7.0	69.0	1080.0	315.0	317.4914	92.6017	yes
SN124_A938797_Rep2	GGGTGTTTCAGCTATG-1	yes	yes	yes	tumor&stroma_IC med to high	mixed	yes	16.0	68.0	1067.0	516.0	313.6698	151.6903	yes
SN124_A938797_Rep2	GGGTTAACATTTGAGT-1	no	yes	no		unresolved	no	54.0	50.0	835.0	1365.0	245.4679	401.2739	yes
SN124_A938797_Rep2	GGGTTCAGACGAACAA-1	no	yes	no		unresolved	no	19.0	19.0	438.0	582.0	128.7604	171.0926	yes
SN124_A938797_Rep2	GGGTTTAGGATAGGAT-1	no	yes	no		unresolved	no	43.0	107.0	1567.0	1120.0	460.6565	329.2504	yes
SN124_A938797_Rep2	GGGTTTCCGGCTTCCA-1	no	yes	no		unresolved	no	0.0	14.0	374.0	158.0	109.9461	46.4478	yes
SN124_A938797_Rep2	GGTAAACTCTGCGCTG-1	no	yes	no		unresolved	no	66.0	114.0	1656.0	1634.0	486.8202	480.3528	yes
SN124_A938797_Rep2	GGTAAATGTGCGTTAC-1	yes	yes	yes	exclude	exclude	yes	11.0	81.0	1234.0	405.0	362.7633	119.0593	yes
SN124_A938797_Rep2	GGTAACCGGCAAAGGT-1	no	yes	no		unresolved	no	6.0	4.0	245.0	292.0	72.0235	85.8403	yes
SN124_A938797_Rep2	GGTAACCGGGAGGATA-1	no	yes	no		unresolved	no	57.0	27.0	539.0	1432.0	158.4517	420.9701	yes
SN124_A938797_Rep2	GGTAACTATGTATCTG-1	yes	yes	yes	stroma_fibroblastic_IC high	stroma	yes	12.0	44.0	759.0	426.0	223.1259	125.2327	yes
SN124_A938797_Rep2	GGTACAAACATGCTAT-1	yes	yes	yes	stroma_fibroblastic_IC med	stroma	yes	40.0	54.0	886.0	1052.0	260.4606	309.2602	yes
SN124_A938797_Rep2	GGTACACCAGATTTAT-1	no	yes	no		unresolved	no	26.0	118.0	1709.0	740.0	502.4008	217.5404	yes
SN124_A938797_Rep2	GGTACATCTGGGACGA-1	no	yes	no		unresolved	no	38.0	18.0	424.0	1007.0	124.6448	296.0314	yes
SN124_A938797_Rep2	GGTACCATTAAGACGG-1	yes	yes	yes	IC aggregate_stroma or muscularis	unresolved	yes	29.0	105.0	1542.0	807.0	453.3072	237.2366	yes
SN124_A938797_Rep2	GGTACGTTGCGGCCGG-1	no	yes	no		unresolved	no	66.0	112.0	1630.0	1634.0	479.1769	480.3528	yes
SN124_A938797_Rep2	GGTACTAAGTGCTTTG-1	no	yes	no		unresolved	no	51.0	123.0	1772.0	1299.0	520.9211	381.8716	yes
SN124_A938797_Rep2	GGTAGAAGACCGCCTG-1	no	yes	no		unresolved	no	53.0	71.0	1104.0	1343.0	324.5468	394.8065	yes
SN124_A938797_Rep2	GGTAGACCGTTGGGCG-1	no	yes	no		unresolved	no	53.0	53.0	873.0	1343.0	256.6389	394.8065	yes
SN124_A938797_Rep2	GGTAGGCCAATATCAC-1	no	yes	no		unresolved	no	74.0	54.0	885.0	1812.0	260.1666	532.6801	yes
SN124_A938797_Rep2	GGTAGTGCTCGCACCA-1	yes	yes	yes	stroma_fibroblastic_IC med	stroma	yes	34.0	72.0	1118.0	918.0	328.6624	269.8677	yes
SN124_A938797_Rep2	GGTATAGTGACACATA-1	no	yes	no		unresolved	no	34.0	114.0	1657.0	919.0	487.1142	270.1617	yes
SN124_A938797_Rep2	GGTATCAAGCATAGAA-1	no	yes	no		unresolved	no	3.0	11.0	335.0	225.0	98.4811	66.144	yes
SN124_A938797_Rep2	GGTATGAAAGAACTGA-1	no	yes	no		unresolved	no	34.0	0.0	193.0	917.0	56.7369	269.5737	yes
SN124_A938797_Rep2	GGTATTGCCGAGTTTA-1	yes	yes	yes	stroma_fibroblastic_IC med	stroma	yes	33.0	53.0	874.0	896.0	256.9329	263.4003	yes
SN124_A938797_Rep2	GGTCAAGACTACTTCG-1	no	yes	no		unresolved	no	53.0	105.0	1541.0	1344.0	453.0132	395.1004	yes
SN124_A938797_Rep2	GGTCACGTTAGATTCA-1	yes	yes	yes	IC aggregate_stroma or muscularis	unresolved	yes	6.0	38.0	682.0	292.0	200.49	85.8403	yes
SN124_A938797_Rep2	GGTCAGTGGGTCCCAC-1	yes	yes	yes	exclude	exclude	yes	48.0	62.0	989.0	1231.0	290.7398	361.8814	yes
SN124_A938797_Rep2	GGTCATTGTAGTCATA-1	no	yes	no		unresolved	no	14.0	120.0	1735.0	472.0	510.0441	138.7555	yes
SN124_A938797_Rep2	GGTCCACGTCTATTTG-1	no	yes	no		unresolved	no	73.0	25.0	513.0	1789.0	150.8084	525.9187	yes
SN124_A938797_Rep2	GGTCCCATAACATAGA-1	no	yes	no		unresolved	no	1.0	103.0	1517.0	182.0	445.9579	53.5032	yes
SN124_A938797_Rep2	GGTCCTTCATACGACT-1	no	yes	no		unresolved	no	13.0	9.0	309.0	448.0	90.8378	131.7001	yes
SN124_A938797_Rep2	GGTCGGATAAACGGCG-1	yes	yes	yes	stroma_fibroblastic_IC high	stroma	yes	23.0	97.0	1439.0	673.0	423.0279	197.8442	yes
SN124_A938797_Rep2	GGTCGGCCAGGAGCTT-1	yes	yes	yes	tumor&stroma_IC med to high	mixed	yes	32.0	84.0	1272.0	874.0	373.9343	256.9329	yes
SN124_A938797_Rep2	GGTCGGTAATTAGACA-1	yes	yes	yes	stroma_fibroblastic_IC high	stroma	yes	12.0	36.0	656.0	426.0	192.8466	125.2327	yes
SN124_A938797_Rep2	GGTCGGTCGTCCACAG-1	no	yes	no		unresolved	no	56.0	52.0	860.0	1410.0	252.8172	414.5027	yes
SN124_A938797_Rep2	GGTCGTAAGCTCGCAC-1	no	yes	no		unresolved	no	49.0	19.0	437.0	1253.0	128.4664	368.3488	yes
SN124_A938797_Rep2	GGTCTCCAAGTAGTGC-1	no	yes	no		unresolved	no	49.0	125.0	1798.0	1254.0	528.5644	368.6428	yes
SN124_A938797_Rep2	GGTCTCCGTCCAGGTT-1	no	yes	no		unresolved	no	63.0	101.0	1489.0	1567.0	437.7266	460.6565	yes
SN124_A938797_Rep2	GGTCTCTGAATGGACT-1	no	yes	no		unresolved	no	52.0	34.0	629.0	1320.0	184.9094	388.0451	yes
SN124_A938797_Rep2	GGTCTGAGAATCTGGA-1	yes	yes	yes	stroma_fibroblastic_IC high	stroma	yes	30.0	80.0	1221.0	829.0	358.9417	243.7041	yes
SN124_A938797_Rep2	GGTCTTGAGCGCTCTT-1	no	yes	no		unresolved	no	65.0	65.0	1027.0	1611.0	301.9108	473.5914	yes
SN124_A938797_Rep2	GGTCTTGGTGTTAACT-1	no	yes	no		unresolved	no	7.0	1.0	207.0	314.0	60.8525	92.3077	yes
SN124_A938797_Rep2	GGTGAAACCGGGAATG-1	yes	yes	yes	stroma_fibroblastic_IC high	stroma	yes	6.0	48.0	810.0	292.0	238.1186	85.8403	yes
SN124_A938797_Rep2	GGTGAACGGGCTAGCC-1	yes	yes	yes	stroma_fibroblastic_IC high	stroma	yes	8.0	32.0	605.0	337.0	177.854	99.0691	yes
SN124_A938797_Rep2	GGTGAAGTACAGGGAT-1	no	yes	no		unresolved	no	47.0	37.0	668.0	1208.0	196.3743	355.12	yes
SN124_A938797_Rep2	GGTGACTGATAGAGAG-1	no	yes	no		unresolved	no	64.0	126.0	1810.0	1590.0	532.0921	467.4179	yes
SN124_A938797_Rep2	GGTGAGATGCAGATAA-1	yes	yes	yes	stroma_fibroblastic_IC high	stroma	yes	16.0	36.0	656.0	516.0	192.8466	151.6903	yes
SN124_A938797_Rep2	GGTGATAAGGAGCAGT-1	yes	yes	yes	exclude	exclude	yes	37.0	79.0	1208.0	986.0	355.12	289.8579	yes
SN124_A938797_Rep2	GGTGATGAAGGAAGTG-1	no	yes	no		unresolved	no	31.0	1.0	206.0	850.0	60.5585	249.8775	yes
SN124_A938797_Rep2	GGTGATTTCATCTTGT-1	yes	yes	yes	stroma_fibroblastic_IC med	stroma	yes	9.0	39.0	695.0	359.0	204.3116	105.5365	yes
SN124_A938797_Rep2	GGTGCAGAGCCTATCG-1	no	yes	no		unresolved	no	12.0	104.0	1529.0	427.0	449.4855	125.5267	yes
SN124_A938797_Rep2	GGTGCATAAATGATTA-1	no	yes	no		unresolved	no	67.0	47.0	796.0	1655.0	234.0029	486.5262	yes
SN124_A938797_Rep2	GGTGCGGATAAGTGGC-1	yes	yes	yes	stroma_fibroblastic_IC high	stroma	yes	16.0	46.0	784.0	516.0	230.4753	151.6903	yes
SN124_A938797_Rep2	GGTGCTGATCACAAAG-1	no	yes	no		unresolved	no	27.0	21.0	463.0	761.0	136.1097	223.7139	yes
SN124_A938797_Rep2	GGTGCTGGTACACATT-1	yes	yes	yes	tumor&stroma_IC med to high	mixed	yes	42.0	46.0	784.0	1097.0	230.4753	322.489	yes
SN124_A938797_Rep2	GGTGGACCACGTGTTA-1	no	yes	no		unresolved	no	7.0	105.0	1542.0	316.0	453.3072	92.8956	yes
SN124_A938797_Rep2	GGTGGACTGCTCTGGC-1	no	yes	no		unresolved	no	55.0	85.0	1284.0	1388.0	377.462	408.0353	yes
SN124_A938797_Rep2	GGTGGAGGTTGATACG-1	no	yes	no		unresolved	no	44.0	122.0	1760.0	1143.0	517.3934	336.0118	yes
SN124_A938797_Rep2	GGTGGGATTAGGTCCC-1	no	yes	no		unresolved	no	76.0	32.0	603.0	1856.0	177.266	545.6149	yes
SN124_A938797_Rep2	GGTGTAAATCGATTGT-1	no	yes	no		unresolved	no	69.0	65.0	1027.0	1700.0	301.9108	499.755	yes
SN124_A938797_Rep2	GGTGTAGGTAAGTAAA-1	no	yes	no		unresolved	no	70.0	50.0	834.0	1722.0	245.1739	506.2224	yes
SN124_A938797_Rep2	GGTGTTCTGTTTCTAC-1	no	yes	no		unresolved	no	4.0	90.0	1350.0	248.0	396.8643	72.9054	yes
SN124_A938797_Rep2	GGTGTTGGGCGTCTTA-1	no	yes	no		unresolved	no	49.0	123.0	1772.0	1254.0	520.9211	368.6428	yes
SN124_A938797_Rep2	GGTTACCACCCTCGGG-1	no	yes	no		unresolved	no	45.0	33.0	617.0	1164.0	181.3817	342.1852	yes
SN124_A938797_Rep2	GGTTACCCGACACTTT-1	no	yes	no		unresolved	no	33.0	123.0	1773.0	897.0	521.2151	263.6943	yes
SN124_A938797_Rep2	GGTTACCGCTCCCTAC-1	no	yes	no		unresolved	no	76.0	44.0	757.0	1856.0	222.538	545.6149	yes
SN124_A938797_Rep2	GGTTAGCTATATGTCT-1	yes	yes	yes	epitehlium&submucosa	other	yes	47.0	87.0	1310.0	1209.0	385.1053	355.414	yes
SN124_A938797_Rep2	GGTTAGGCTTGGAGAA-1	yes	yes	yes	stroma_fibroblastic_IC high	stroma	yes	28.0	36.0	656.0	784.0	192.8466	230.4753	yes
SN124_A938797_Rep2	GGTTAGGGATGCTAAT-1	no	yes	no		unresolved	no	76.0	14.0	372.0	1856.0	109.3582	545.6149	yes
SN124_A938797_Rep2	GGTTAGTTACGGCGCC-1	no	yes	no		unresolved	no	27.0	23.0	489.0	761.0	143.7531	223.7139	yes
SN124_A938797_Rep2	GGTTCCACCCGCTTCT-1	no	yes	no		unresolved	no	2.0	90.0	1350.0	204.0	396.8643	59.9706	yes
SN124_A938797_Rep2	GGTTCCCTAGTGTCTC-1	no	yes	no		unresolved	no	7.0	123.0	1773.0	316.0	521.2151	92.8956	yes
SN124_A938797_Rep2	GGTTCCGTACGACTAA-1	no	yes	no		unresolved	no	77.0	41.0	718.0	1879.0	211.073	552.3763	yes
SN124_A938797_Rep2	GGTTCGATGCTGAGTT-1	no	yes	no		unresolved	no	4.0	112.0	1632.0	249.0	479.7648	73.1994	yes
SN124_A938797_Rep2	GGTTCGCATTTGCCGT-1	no	yes	no		unresolved	no	75.0	103.0	1515.0	1835.0	445.3699	539.4414	yes
SN124_A938797_Rep2	GGTTCGGATTATACTA-1	no	yes	no		unresolved	no	39.0	7.0	283.0	1029.0	83.1945	302.4988	yes
SN124_A938797_Rep2	GGTTCTACTCGTCTGA-1	no	yes	no		unresolved	no	39.0	105.0	1541.0	1031.0	453.0132	303.0867	yes
SN124_A938797_Rep2	GGTTGTATCGTGAAAT-1	yes	yes	yes	tumor	tumor	yes	1.0	51.0	849.0	181.0	249.5835	53.2092	yes
SN124_A938797_Rep2	GGTTGTGCTCTTGTCC-1	no	yes	no		unresolved	no	24.0	10.0	322.0	694.0	94.6595	204.0176	yes
SN124_A938797_Rep2	GGTTGTGTAGCCTGGC-1	no	yes	no		unresolved	no	33.0	13.0	360.0	895.0	105.8305	263.1063	yes
SN124_A938797_Rep2	GGTTTAATTACCATCG-1	no	yes	no		unresolved	no	63.0	39.0	693.0	1566.0	203.7237	460.3626	yes
SN124_A938797_Rep2	GGTTTAATTGAGCAGG-1	no	yes	no		unresolved	no	26.0	116.0	1683.0	740.0	494.7575	217.5404	yes
SN124_A938797_Rep2	GGTTTACAATCTCAAT-1	yes	yes	yes	stroma_fibroblastic_IC med	stroma	yes	25.0	73.0	1131.0	717.0	332.4841	210.779	yes
SN124_A938797_Rep2	GGTTTAGCCTTTCTTG-1	no	yes	no		unresolved	no	46.0	102.0	1503.0	1187.0	441.8422	348.9466	yes
SN124_A938797_Rep2	GGTTTCAATCGGTCAG-1	yes	yes	yes	tumor	tumor	yes	33.0	91.0	1362.0	896.0	400.392	263.4003	yes
SN124_A938797_Rep2	GGTTTGACAAGAAGCT-1	no	yes	no		unresolved	no	12.0	112.0	1632.0	428.0	479.7648	125.8207	yes
SN124_A938797_Rep2	GGTTTGAGTGCTGGAA-1	yes	yes	yes	stroma_fibroblastic_IC high	stroma	yes	12.0	42.0	733.0	426.0	215.4826	125.2327	yes
SN124_A938797_Rep2	GGTTTGCGAACACGTA-1	no	yes	no		unresolved	no	15.0	123.0	1773.0	495.0	521.2151	145.5169	yes
SN124_A938797_Rep2	GGTTTGTGACCTGAGG-1	no	yes	no		unresolved	no	61.0	105.0	1541.0	1522.0	453.0132	447.4277	yes
SN124_A938797_Rep2	GTAACAACTGACCTTG-1	no	yes	no		unresolved	no	11.0	119.0	1722.0	405.0	506.2224	119.0593	yes
SN124_A938797_Rep2	GTAACAGGTTAACGGC-1	no	yes	no		unresolved	no	76.0	54.0	885.0	1857.0	260.1666	545.9089	yes
SN124_A938797_Rep2	GTAACATCAGCTCATC-1	no	yes	no		unresolved	no	3.0	113.0	1645.0	226.0	483.5865	66.438	yes
SN124_A938797_Rep2	GTAACATCTAAGATAA-1	no	yes	no		unresolved	no	56.0	110.0	1605.0	1411.0	471.8275	414.7967	yes
SN124_A938797_Rep2	GTAACTACGTAGACCT-1	no	yes	no		unresolved	no	73.0	17.0	410.0	1789.0	120.5292	525.9187	yes
SN124_A938797_Rep2	GTAACTGCCCAAGGAG-1	no	yes	no		unresolved	no	66.0	46.0	783.0	1633.0	230.1813	480.0588	yes
SN124_A938797_Rep2	GTAACTTGCGGCAGTC-1	yes	yes	yes	stroma_fibroblastic_IC med	stroma	yes	10.0	40.0	708.0	382.0	208.1333	112.2979	yes
SN124_A938797_Rep2	GTAAGCGGGCAGTCAG-1	yes	yes	yes	stroma_fibroblastic_IC high	stroma	yes	23.0	63.0	1003.0	673.0	294.8555	197.8442	yes
SN124_A938797_Rep2	GTAAGGATTTGTCGGA-1	yes	yes	yes	tumor	tumor	yes	10.0	68.0	1067.0	382.0	313.6698	112.2979	yes
SN124_A938797_Rep2	GTAAGTAACAGTCTGG-1	yes	yes	yes	submucosa	other	yes	40.0	82.0	1246.0	1053.0	366.291	309.5541	yes
SN124_A938797_Rep2	GTAAGTAGGGTATACC-1	yes	yes	yes	stroma_fibroblastic_IC high	stroma	yes	26.0	36.0	656.0	739.0	192.8466	217.2464	yes
SN124_A938797_Rep2	GTAAGTCCACACTCTA-1	no	yes	no		unresolved	no	43.0	119.0	1721.0	1120.0	505.9285	329.2504	yes
SN124_A938797_Rep2	GTAATAAAGGGCTCCC-1	yes	yes	yes	tumor&stroma_IC med to high	mixed	yes	31.0	103.0	1516.0	852.0	445.6639	250.4655	yes
SN124_A938797_Rep2	GTAATCTGATTCTTCG-1	no	yes	no		unresolved	no	50.0	44.0	758.0	1275.0	222.8319	374.8163	yes
SN124_A938797_Rep2	GTACACTTACCTGAAG-1	yes	yes	yes	stroma_fibroblastic_IC high	stroma	yes	36.0	64.0	1015.0	963.0	298.3831	283.0965	yes
SN124_A938797_Rep2	GTACAGAGGCAAGGGT-1	yes	yes	yes	epitehlium&submucosa	other	yes	37.0	83.0	1259.0	986.0	370.1127	289.8579	yes
SN124_A938797_Rep2	GTACGACGGCGCTGCG-1	yes	yes	yes	stroma desmoplastic_IC low	stroma	yes	12.0	26.0	528.0	426.0	155.218	125.2327	yes
SN124_A938797_Rep2	GTACGAGATTGCGACA-1	yes	yes	yes	stroma_fibroblastic_IC med	stroma	yes	21.0	57.0	926.0	628.0	272.2195	184.6154	yes
SN124_A938797_Rep2	GTACGCTTCATTGCAC-1	yes	yes	yes	IC aggregate_submucosa	other	yes	46.0	72.0	1117.0	1187.0	328.3684	348.9466	yes
SN124_A938797_Rep2	GTACGTCACGTATTAA-1	no	yes	no		unresolved	no	11.0	107.0	1568.0	405.0	460.9505	119.0593	yes
SN124_A938797_Rep2	GTACGTTTGCCCGTCA-1	yes	yes	yes	stroma_fibroblastic_IC high	stroma	yes	44.0	68.0	1066.0	1142.0	313.3758	335.7178	yes
SN124_A938797_Rep2	GTACTAAGATTTGGAG-1	yes	yes	yes	stroma_fibroblastic_IC high	stroma	yes	27.0	55.0	900.0	762.0	264.5762	224.0078	yes
SN124_A938797_Rep2	GTACTACGGCCTCGTT-1	no	yes	no		unresolved	no	75.0	85.0	1284.0	1835.0	377.462	539.4414	yes
SN124_A938797_Rep2	GTACTCCCTTATCGCT-1	no	yes	no		unresolved	no	36.0	28.0	553.0	962.0	162.5674	282.8025	yes
SN124_A938797_Rep2	GTACTCCTGGGTATGC-1	yes	yes	yes	tumor&stroma_IC med to high	mixed	yes	26.0	102.0	1503.0	740.0	441.8422	217.5404	yes
SN124_A938797_Rep2	GTACTGAGGTCGTAAC-1	yes	yes	yes	stroma_fibroblastic_IC med	stroma	yes	11.0	47.0	797.0	404.0	234.2969	118.7653	yes
SN124_A938797_Rep2	GTACTGCATGAAGCGT-1	yes	yes	yes	stroma_fibroblastic_IC high	stroma	yes	11.0	39.0	695.0	404.0	204.3116	118.7653	yes
SN124_A938797_Rep2	GTACTGGAGTTAGACC-1	yes	yes	yes	tumor	tumor	yes	33.0	81.0	1233.0	896.0	362.4694	263.4003	yes
SN124_A938797_Rep2	GTACTTGGGCACTTCT-1	yes	yes	yes	stroma desmoplastic_IC med to high	stroma	yes	17.0	33.0	617.0	538.0	181.3817	158.1578	yes
SN124_A938797_Rep2	GTAGAAACGGGTGGAG-1	no	yes	no		unresolved	no	24.0	16.0	399.0	694.0	117.2954	204.0176	yes
SN124_A938797_Rep2	GTAGACAACCGATGAA-1	yes	yes	yes	tumor	tumor	yes	7.0	55.0	900.0	315.0	264.5762	92.6017	yes
SN124_A938797_Rep2	GTAGACACGCCTGACT-1	no	yes	no		unresolved	no	63.0	67.0	1053.0	1566.0	309.5541	460.3626	yes
SN124_A938797_Rep2	GTAGACGTCGTTACAT-1	yes	yes	yes	stroma_fibroblastic_IC high	stroma	yes	13.0	39.0	695.0	449.0	204.3116	131.9941	yes
SN124_A938797_Rep2	GTAGAGGGAGACAAGT-1	no	yes	no		unresolved	no	51.0	31.0	591.0	1298.0	173.7384	381.5777	yes
SN124_A938797_Rep2	GTAGCCAAACATGGGA-1	yes	yes	yes	IC aggregate_submucosa	other	yes	50.0	70.0	1092.0	1276.0	321.0191	375.1102	yes
SN124_A938797_Rep2	GTAGCGCTGTTGTAGT-1	yes	yes	yes	tumor	tumor	yes	6.0	50.0	836.0	292.0	245.7619	85.8403	yes
SN124_A938797_Rep2	GTAGCGGCTATACACT-1	yes	yes	yes	tumor&stroma_IC med to high	mixed	yes	39.0	69.0	1079.0	1030.0	317.1974	302.7927	yes
SN124_A938797_Rep2	GTAGCTAGTAAGCGCG-1	no	yes	no		unresolved	no	2.0	80.0	1221.0	204.0	358.9417	59.9706	yes
SN124_A938797_Rep2	GTAGCTCCGGGAGGCT-1	no	yes	no		unresolved	no	65.0	37.0	667.0	1611.0	196.0804	473.5914	yes
SN124_A938797_Rep2	GTAGCTTCCTCTTGTT-1	yes	yes	yes	tumor	tumor	yes	31.0	89.0	1336.0	852.0	392.7486	250.4655	yes
SN124_A938797_Rep2	GTAGGTGATCCGTGTA-1	yes	yes	yes	stroma_fibroblastic_IC high	stroma	yes	17.0	79.0	1208.0	539.0	355.12	158.4517	yes
SN124_A938797_Rep2	GTAGTCGCGGGAATCA-1	yes	yes	yes	non neo epithelium	normal epithelium	yes	49.0	81.0	1233.0	1254.0	362.4694	368.6428	yes
SN124_A938797_Rep2	GTAGTCTACGATATTG-1	no	yes	no		unresolved	no	63.0	77.0	1181.0	1566.0	347.1828	460.3626	yes
SN124_A938797_Rep2	GTAGTGAGCAACCTCA-1	no	yes	no		unresolved	no	69.0	113.0	1643.0	1701.0	482.9985	500.049	yes
SN124_A938797_Rep2	GTAGTTAGACAATATA-1	no	yes	no		unresolved	no	2.0	122.0	1761.0	204.0	517.6874	59.9706	yes
SN124_A938797_Rep2	GTAGTTCGAAGGCGAA-1	no	yes	no		unresolved	no	65.0	39.0	693.0	1611.0	203.7237	473.5914	yes
SN124_A938797_Rep2	GTAGTTTAAGCACACG-1	no	yes	no		unresolved	no	73.0	23.0	487.0	1789.0	143.1651	525.9187	yes
SN124_A938797_Rep2	GTATAATCTCCCGGAT-1	no	yes	no		unresolved	no	14.0	12.0	348.0	471.0	102.3028	138.4615	yes
SN124_A938797_Rep2	GTATAGGACTCAGTAG-1	yes	yes	yes	stroma_fibroblastic_IC med	stroma	yes	20.0	58.0	938.0	605.0	275.7472	177.854	yes
SN124_A938797_Rep2	GTATAGTGGCCCATGT-1	no	yes	no		unresolved	no	4.0	92.0	1375.0	248.0	404.2136	72.9054	yes
SN124_A938797_Rep2	GTATATGTTACGGCGG-1	no	yes	no		unresolved	no	6.0	20.0	451.0	292.0	132.5821	85.8403	yes
SN124_A938797_Rep2	GTATCAAACGTTAGCT-1	no	yes	no		unresolved	no	55.0	97.0	1438.0	1388.0	422.734	408.0353	yes
SN124_A938797_Rep2	GTATCAAGGTACTTCC-1	no	yes	no		unresolved	no	72.0	72.0	1117.0	1768.0	328.3684	519.7452	yes
SN124_A938797_Rep2	GTATCAGCTTGGGTTC-1	yes	yes	yes	stroma_fibroblastic_IC high	stroma	yes	20.0	34.0	630.0	605.0	185.2033	177.854	yes
SN124_A938797_Rep2	GTATCCTTTGGTAACC-1	no	yes	no		unresolved	no	64.0	92.0	1374.0	1589.0	403.9196	467.124	yes
SN124_A938797_Rep2	GTATCGGGACGAGCTG-1	no	yes	no		unresolved	no	5.0	15.0	387.0	270.0	113.7678	79.3729	yes
SN124_A938797_Rep2	GTATCTCAGTCTTGAC-1	no	yes	no		unresolved	no	58.0	22.0	475.0	1454.0	139.6374	427.4375	yes
SN124_A938797_Rep2	GTATCTCCCTAACTGT-1	yes	yes	yes	exclude	exclude	yes	0.0	60.0	965.0	159.0	283.6845	46.7418	yes
SN124_A938797_Rep2	GTATCTCGGGCGCTTT-1	no	yes	no		unresolved	no	71.0	19.0	436.0	1744.0	128.1725	512.6899	yes
SN124_A938797_Rep2	GTATCTTGTTGCTCAC-1	yes	yes	yes	exclude	exclude	yes	0.0	54.0	888.0	158.0	261.0485	46.4478	yes
SN124_A938797_Rep2	GTATCTTTCATAACCA-1	yes	yes	yes	IC aggregate_stroma or muscularis	unresolved	yes	46.0	66.0	1040.0	1186.0	305.7325	348.6526	yes
SN124_A938797_Rep2	GTATGAAATTTCACTC-1	no	yes	no		unresolved	no	52.0	22.0	475.0	1320.0	139.6374	388.0451	yes
SN124_A938797_Rep2	GTATGACGTGGGAAAC-1	yes	yes	yes	stroma desmoplastic_IC med to high	stroma	yes	7.0	29.0	566.0	314.0	166.389	92.3077	yes
SN124_A938797_Rep2	GTATGTGGGTCTAGTT-1	yes	yes	yes	exclude	exclude	yes	38.0	92.0	1374.0	1008.0	403.9196	296.3253	yes
SN124_A938797_Rep2	GTATTAAGGCGTCTAA-1	yes	yes	yes	stroma desmoplastic_IC low	stroma	yes	20.0	26.0	528.0	605.0	155.218	177.854	yes
SN124_A938797_Rep2	GTATTAGGGTTCGCGT-1	no	yes	no		unresolved	no	7.0	109.0	1594.0	316.0	468.5938	92.8956	yes
SN124_A938797_Rep2	GTATTCTGAGAAACGA-1	no	yes	no		unresolved	no	48.0	38.0	681.0	1231.0	200.196	361.8814	yes
SN124_A938797_Rep2	GTATTCTTACCGTGCT-1	no	yes	no		unresolved	no	7.0	21.0	464.0	314.0	136.4037	92.3077	yes
SN124_A938797_Rep2	GTATTTAATGGCATAA-1	no	yes	no		unresolved	no	52.0	120.0	1734.0	1321.0	509.7501	388.339	yes
SN124_A938797_Rep2	GTCAAAGAAGTGGTGT-1	no	yes	no		unresolved	no	56.0	18.0	424.0	1409.0	124.6448	414.2087	yes
SN124_A938797_Rep2	GTCAAAGTTTACATAG-1	yes	yes	yes	stroma desmoplastic_IC low	stroma	yes	13.0	29.0	566.0	449.0	166.389	131.9941	yes
SN124_A938797_Rep2	GTCAACCAGGCCTATA-1	no	yes	no		unresolved	no	65.0	103.0	1515.0	1612.0	445.3699	473.8853	yes
SN124_A938797_Rep2	GTCAAGCGGACTCGGG-1	yes	yes	yes	stroma_fibroblastic_IC high	stroma	yes	39.0	77.0	1182.0	1030.0	347.4767	302.7927	yes
SN124_A938797_Rep2	GTCAATGCTATAATTT-1	no	yes	no		unresolved	no	22.0	120.0	1734.0	651.0	509.7501	191.3768	yes
SN124_A938797_Rep2	GTCAATTGTACTGAAG-1	yes	yes	yes	stroma_fibroblastic_IC high	stroma	yes	5.0	45.0	772.0	270.0	226.9476	79.3729	yes
SN124_A938797_Rep2	GTCACAAAGTTTCCAA-1	yes	yes	yes	tumor&stroma_IC med to high	mixed	yes	9.0	61.0	977.0	360.0	287.2121	105.8305	yes
SN124_A938797_Rep2	GTCACCTGTCTATGTC-1	no	yes	no		unresolved	no	3.0	97.0	1440.0	226.0	423.3219	66.438	yes
SN124_A938797_Rep2	GTCACTCATGAGCGAT-1	no	yes	no		unresolved	no	67.0	1.0	205.0	1655.0	60.2646	486.5262	yes
SN124_A938797_Rep2	GTCACTCTCCAAATCT-1	yes	yes	yes	stroma desmoplastic_IC med to high	stroma	yes	23.0	31.0	592.0	672.0	174.0323	197.5502	yes
SN124_A938797_Rep2	GTCAGAATAGTCTATG-1	yes	yes	yes	stroma_fibroblastic_IC high	stroma	yes	30.0	32.0	604.0	828.0	177.56	243.4101	yes
SN124_A938797_Rep2	GTCAGACAGCGTTGGA-1	no	yes	no		unresolved	no	8.0	4.0	245.0	336.0	72.0235	98.7751	yes
SN124_A938797_Rep2	GTCAGTTGTGCTCGTT-1	yes	yes	yes	tumor	tumor	yes	9.0	71.0	1106.0	360.0	325.1347	105.8305	yes
SN124_A938797_Rep2	GTCAGTTTGGTAGTCG-1	no	yes	no		unresolved	no	29.0	13.0	360.0	806.0	105.8305	236.9427	yes
SN124_A938797_Rep2	GTCATCCCAAACTCAC-1	no	yes	no		unresolved	no	77.0	23.0	487.0	1878.0	143.1651	552.0823	yes
SN124_A938797_Rep2	GTCATCTCCTACAGCT-1	no	yes	no		unresolved	no	12.0	12.0	348.0	426.0	102.3028	125.2327	yes
SN124_A938797_Rep2	GTCATGCACCTCCGTT-1	yes	yes	yes	stroma_fibroblastic_IC high	stroma	yes	29.0	61.0	977.0	807.0	287.2121	237.2366	yes
SN124_A938797_Rep2	GTCATGCGCGAGGGCT-1	no	yes	no		unresolved	no	64.0	98.0	1451.0	1589.0	426.5556	467.124	yes
SN124_A938797_Rep2	GTCATGGACATGACTA-1	yes	yes	yes	stroma_fibroblastic_IC med	stroma	yes	26.0	62.0	990.0	740.0	291.0338	217.5404	yes
SN124_A938797_Rep2	GTCATTAGAGCGAACG-1	yes	yes	yes	stroma_fibroblastic_IC med	stroma	yes	37.0	67.0	1053.0	985.0	309.5541	289.5639	yes
SN124_A938797_Rep2	GTCATTGCATTGACCC-1	no	yes	no		unresolved	no	31.0	17.0	412.0	851.0	121.1171	250.1715	yes
SN124_A938797_Rep2	GTCCAATATTTAGCCT-1	no	yes	no		unresolved	no	65.0	53.0	873.0	1611.0	256.6389	473.5914	yes
SN124_A938797_Rep2	GTCCACGTCGCATTCG-1	no	yes	no		unresolved	no	64.0	118.0	1708.0	1590.0	502.1068	467.4179	yes
SN124_A938797_Rep2	GTCCAGGCACGTGTGC-1	no	yes	no		unresolved	no	70.0	44.0	757.0	1722.0	222.538	506.2224	yes
SN124_A938797_Rep2	GTCCATTACTGCTACG-1	no	yes	no		unresolved	no	42.0	106.0	1554.0	1098.0	456.8349	322.7829	yes
SN124_A938797_Rep2	GTCCCAACGTAAAGTA-1	yes	yes	yes	stroma_fibroblastic_IC med	stroma	yes	33.0	73.0	1131.0	896.0	332.4841	263.4003	yes
SN124_A938797_Rep2	GTCCCAATCATCCCGC-1	no	yes	no		unresolved	no	42.0	2.0	219.0	1096.0	64.3802	322.195	yes
SN124_A938797_Rep2	GTCCCGCGACGTTATG-1	no	yes	no		unresolved	no	58.0	82.0	1245.0	1455.0	365.9971	427.7315	yes
SN124_A938797_Rep2	GTCCGAGAGCAATCAT-1	no	yes	no		unresolved	no	32.0	8.0	296.0	873.0	87.0162	256.6389	yes
SN124_A938797_Rep2	GTCCGGACCTGAAATT-1	no	yes	no		unresolved	no	54.0	88.0	1323.0	1366.0	388.927	401.5679	yes
SN124_A938797_Rep2	GTCCGGCTGAATTGCG-1	yes	yes	yes	stroma_fibroblastic_IC high	stroma	yes	28.0	52.0	861.0	784.0	253.1112	230.4753	yes
SN124_A938797_Rep2	GTCCGGGTTCACATTA-1	no	yes	no		unresolved	no	69.0	71.0	1104.0	1700.0	324.5468	499.755	yes
SN124_A938797_Rep2	GTCCGTTAGAGGGCCT-1	no	yes	no		unresolved	no	76.0	78.0	1194.0	1857.0	351.0044	545.9089	yes
SN124_A938797_Rep2	GTCCTACAGGCGGCTC-1	no	yes	no		unresolved	no	18.0	16.0	399.0	560.0	117.2954	164.6252	yes
SN124_A938797_Rep2	GTCCTACGAATAGTCT-1	no	yes	no		unresolved	no	53.0	91.0	1361.0	1343.0	400.098	394.8065	yes
SN124_A938797_Rep2	GTCCTACTCTACGGGC-1	no	yes	no		unresolved	no	54.0	6.0	270.0	1364.0	79.3729	400.9799	yes
SN124_A938797_Rep2	GTCCTAGGATACCTTA-1	no	yes	no		unresolved	no	66.0	6.0	269.0	1632.0	79.0789	479.7648	yes
SN124_A938797_Rep2	GTCCTATTGTTGTGGT-1	no	yes	no		unresolved	no	29.0	7.0	283.0	806.0	83.1945	236.9427	yes
SN124_A938797_Rep2	GTCCTTCTACAACCCA-1	no	yes	no		unresolved	no	22.0	6.0	271.0	649.0	79.6668	190.7888	yes
SN124_A938797_Rep2	GTCCTTCTAGTGGGTT-1	yes	yes	yes	exclude	exclude	yes	10.0	82.0	1247.0	382.0	366.585	112.2979	yes
SN124_A938797_Rep2	GTCCTTTAATGACTTC-1	no	yes	no		unresolved	no	8.0	104.0	1529.0	338.0	449.4855	99.3631	yes
SN124_A938797_Rep2	GTCGAATTTGGGCGCT-1	no	yes	no		unresolved	no	69.0	17.0	411.0	1700.0	120.8231	499.755	yes
SN124_A938797_Rep2	GTCGATAGGTGACTTT-1	no	yes	no		unresolved	no	53.0	121.0	1746.0	1344.0	513.2778	395.1004	yes
SN124_A938797_Rep2	GTCGCCGTTGTGTGTT-1	no	yes	no		unresolved	no	57.0	43.0	745.0	1432.0	219.0103	420.9701	yes
SN124_A938797_Rep2	GTCGCGTAACCCGTTG-1	yes	yes	yes	tumor	tumor	yes	39.0	75.0	1156.0	1030.0	339.8334	302.7927	yes
SN124_A938797_Rep2	GTCGGAAGGATACCAG-1	no	yes	no		unresolved	no	13.0	115.0	1671.0	450.0	491.2298	132.2881	yes
SN124_A938797_Rep2	GTCGGATATCTCAGAC-1	yes	yes	yes	exclude	exclude	yes	32.0	36.0	656.0	873.0	192.8466	256.6389	yes
SN124_A938797_Rep2	GTCGGATGTAGCGCGC-1	yes	yes	yes	exclude	exclude	yes	17.0	77.0	1182.0	539.0	347.4767	158.4517	yes
SN124_A938797_Rep2	GTCGGGAACATGGTAG-1	no	yes	no		unresolved	no	40.0	4.0	244.0	1051.0	71.7295	308.9662	yes
SN124_A938797_Rep2	GTCGGGAAGCAGAAAC-1	no	yes	no		unresolved	no	59.0	65.0	1027.0	1477.0	301.9108	434.1989	yes
SN124_A938797_Rep2	GTCGGGTGAAGTACCG-1	no	yes	no		unresolved	no	72.0	116.0	1682.0	1768.0	494.4635	519.7452	yes
SN124_A938797_Rep2	GTCGTACCATCTCGGG-1	yes	yes	yes	stroma_fibroblastic_IC high	stroma	yes	46.0	62.0	989.0	1186.0	290.7398	348.6526	yes
SN124_A938797_Rep2	GTCGTACCTACGATTG-1	no	yes	no		unresolved	no	37.0	9.0	309.0	984.0	90.8378	289.27	yes
SN124_A938797_Rep2	GTCGTATTGGCGTACA-1	yes	yes	yes	stroma_fibroblastic_IC high	stroma	yes	19.0	95.0	1414.0	584.0	415.6786	171.6805	yes
SN124_A938797_Rep2	GTCGTCAATTATAAGG-1	yes	yes	yes	stroma_fibroblastic_IC med	stroma	yes	11.0	45.0	772.0	404.0	226.9476	118.7653	yes
SN124_A938797_Rep2	GTCGTCTGGTTGGCTA-1	no	yes	no		unresolved	no	30.0	122.0	1760.0	830.0	517.3934	243.998	yes
SN124_A938797_Rep2	GTCGTGTCTGGTCATC-1	no	yes	no		unresolved	no	28.0	110.0	1606.0	785.0	472.1215	230.7692	yes
SN124_A938797_Rep2	GTCGTTATTCGCTTAT-1	yes	yes	yes	non neo epithelium	normal epithelium	yes	46.0	76.0	1169.0	1187.0	343.6551	348.9466	yes
SN124_A938797_Rep2	GTCTAAGATGCCCAGC-1	no	yes	no		unresolved	no	4.0	124.0	1786.0	249.0	525.0367	73.1994	yes
SN124_A938797_Rep2	GTCTACTCAATTACAA-1	no	yes	no		unresolved	no	37.0	13.0	360.0	985.0	105.8305	289.5639	yes
SN124_A938797_Rep2	GTCTAGTGAGCCGCTT-1	no	yes	no		unresolved	no	66.0	92.0	1374.0	1634.0	403.9196	480.3528	yes
SN124_A938797_Rep2	GTCTATACACGCATGG-1	no	yes	no		unresolved	no	74.0	50.0	834.0	1812.0	245.1739	532.6801	yes
SN124_A938797_Rep2	GTCTATCTGAGTTTCT-1	yes	yes	yes	exclude	exclude	yes	40.0	42.0	732.0	1052.0	215.1886	309.2602	yes
SN124_A938797_Rep2	GTCTATTGCATGCTCG-1	no	yes	no		unresolved	no	65.0	105.0	1541.0	1612.0	453.0132	473.8853	yes
SN124_A938797_Rep2	GTCTATTGGTTCCGGT-1	no	yes	no		unresolved	no	50.0	90.0	1348.0	1276.0	396.2763	375.1102	yes
SN124_A938797_Rep2	GTCTCAAGGCCCGGCT-1	no	yes	no		unresolved	no	60.0	66.0	1040.0	1499.0	305.7325	440.6663	yes
SN124_A938797_Rep2	GTCTCCCGAGTCCCGT-1	no	yes	no		unresolved	no	72.0	110.0	1605.0	1768.0	471.8275	519.7452	yes
SN124_A938797_Rep2	GTCTCCGCCTCAATAC-1	no	yes	no		unresolved	no	71.0	61.0	975.0	1745.0	286.6242	512.9838	yes
SN124_A938797_Rep2	GTCTCCTGCCAGTATG-1	no	yes	no		unresolved	no	59.0	13.0	359.0	1476.0	105.5365	433.9049	yes
SN124_A938797_Rep2	GTCTCGACTAAGTTTG-1	yes	yes	yes	exclude	exclude	yes	25.0	111.0	1619.0	718.0	475.9432	211.073	yes
SN124_A938797_Rep2	GTCTCGATCTGCTTTC-1	yes	yes	yes	stroma_fibroblastic_IC high	stroma	yes	20.0	80.0	1221.0	606.0	358.9417	178.148	yes
SN124_A938797_Rep2	GTCTCGCCAACACGCC-1	no	yes	no		unresolved	no	0.0	72.0	1119.0	159.0	328.9564	46.7418	yes
SN124_A938797_Rep2	GTCTGCCGACTCGACG-1	no	yes	no		unresolved	no	73.0	87.0	1309.0	1790.0	384.8114	526.2126	yes
SN124_A938797_Rep2	GTCTGGGCGGTCGAGA-1	yes	yes	yes	exclude	exclude	yes	46.0	44.0	758.0	1186.0	222.8319	348.6526	yes
SN124_A938797_Rep2	GTCTGTAGGTTGAACA-1	no	yes	no		unresolved	no	73.0	39.0	693.0	1789.0	203.7237	525.9187	yes
SN124_A938797_Rep2	GTCTTACCACGCCAAG-1	no	yes	no		unresolved	no	74.0	114.0	1656.0	1813.0	486.8202	532.974	yes
SN124_A938797_Rep2	GTCTTAGTACAGCCGG-1	yes	yes	yes	stroma_fibroblastic_IC high	stroma	yes	12.0	78.0	1195.0	427.0	351.2984	125.5267	yes
SN124_A938797_Rep2	GTCTTCCTCACCTAAG-1	no	yes	no		unresolved	no	30.0	0.0	193.0	828.0	56.7369	243.4101	yes
SN124_A938797_Rep2	GTCTTGAGGAGCAGTG-1	no	yes	no		unresolved	no	38.0	116.0	1683.0	1009.0	494.7575	296.6193	yes
SN124_A938797_Rep2	GTCTTGTAGCTATTCA-1	no	yes	no		unresolved	no	44.0	112.0	1631.0	1143.0	479.4708	336.0118	yes
SN124_A938797_Rep2	GTGAAACGGCGCCACC-1	yes	yes	yes	stroma_fibroblastic_IC high	stroma	yes	24.0	88.0	1324.0	695.0	389.221	204.3116	yes
SN124_A938797_Rep2	GTGAAACGTGCTCCAC-1	yes	yes	yes	stroma_fibroblastic_IC high	stroma	yes	11.0	37.0	669.0	404.0	196.6683	118.7653	yes
SN124_A938797_Rep2	GTGAACTCCCATTCGA-1	yes	yes	yes	tumor&stroma_IC med to high	mixed	yes	30.0	104.0	1529.0	830.0	449.4855	243.998	yes
SN124_A938797_Rep2	GTGAAGATTTCAAGTG-1	yes	yes	yes	stroma_fibroblastic_IC high	stroma	yes	21.0	103.0	1516.0	629.0	445.6639	184.9094	yes
SN124_A938797_Rep2	GTGAAGCCGTATAGTC-1	yes	yes	yes	tumor&stroma_IC med to high	mixed	yes	21.0	107.0	1568.0	629.0	460.9505	184.9094	yes
SN124_A938797_Rep2	GTGAAGTCACGACTCG-1	no	yes	no		unresolved	no	49.0	7.0	283.0	1253.0	83.1945	368.3488	yes
SN124_A938797_Rep2	GTGACAGCTTCCCACT-1	no	yes	no		unresolved	no	64.0	74.0	1143.0	1589.0	336.0118	467.124	yes
SN124_A938797_Rep2	GTGACCGCACACTACG-1	yes	yes	yes	submucosa	other	yes	39.0	91.0	1362.0	1030.0	400.392	302.7927	yes
SN124_A938797_Rep2	GTGACCTAAAGAATAA-1	no	yes	no		unresolved	no	30.0	124.0	1786.0	830.0	525.0367	243.998	yes
SN124_A938797_Rep2	GTGACGAGGGTGACCC-1	no	yes	no		unresolved	no	32.0	114.0	1657.0	874.0	487.1142	256.9329	yes
SN124_A938797_Rep2	GTGACGCAGGTTTCAT-1	no	yes	no		unresolved	no	65.0	75.0	1155.0	1611.0	339.5394	473.5914	yes
SN124_A938797_Rep2	GTGACTTCAGTAGTGC-1	yes	yes	yes	stroma_fibroblastic_IC high	stroma	yes	46.0	50.0	835.0	1186.0	245.4679	348.6526	yes
SN124_A938797_Rep2	GTGAGATAACCTTATA-1	no	yes	no		unresolved	no	69.0	41.0	719.0	1700.0	211.367	499.755	yes
SN124_A938797_Rep2	GTGAGCGTGCTGCACT-1	yes	yes	yes	exclude	exclude	yes	33.0	25.0	514.0	895.0	151.1024	263.1063	yes
SN124_A938797_Rep2	GTGAGGACACTTAAGG-1	yes	yes	yes	epitehlium&submucosa	other	yes	41.0	77.0	1182.0	1075.0	347.4767	316.0216	yes
SN124_A938797_Rep2	GTGAGGAGCGGTTGAG-1	yes	yes	yes	exclude	exclude	yes	13.0	87.0	1311.0	449.0	385.3993	131.9941	yes
SN124_A938797_Rep2	GTGAGTCGACTAATAG-1	no	yes	no		unresolved	no	71.0	113.0	1643.0	1746.0	482.9985	513.2778	yes
SN124_A938797_Rep2	GTGAGTCTAAGACGGA-1	no	yes	no		unresolved	no	25.0	11.0	335.0	716.0	98.4811	210.4851	yes
SN124_A938797_Rep2	GTGAGTGGTACAACGC-1	no	yes	no		unresolved	no	52.0	56.0	912.0	1320.0	268.1039	388.0451	yes
SN124_A938797_Rep2	GTGATCAAGCGTGCAC-1	no	yes	no		unresolved	no	65.0	27.0	539.0	1610.0	158.4517	473.2974	yes
SN124_A938797_Rep2	GTGATCACTAACGCCT-1	no	yes	no		unresolved	no	47.0	97.0	1438.0	1209.0	422.734	355.414	yes
SN124_A938797_Rep2	GTGATCATAGATCTGC-1	yes	yes	yes	stroma_fibroblastic_IC high	stroma	yes	45.0	57.0	925.0	1164.0	271.9255	342.1852	yes
SN124_A938797_Rep2	GTGATCCTTGTCATGA-1	no	yes	no		unresolved	no	62.0	84.0	1271.0	1544.0	373.6404	453.8951	yes
SN124_A938797_Rep2	GTGATGCACAACATCT-1	no	yes	no		unresolved	no	12.0	96.0	1427.0	427.0	419.5002	125.5267	yes
SN124_A938797_Rep2	GTGATTCGCCGCTCAA-1	no	yes	no		unresolved	no	48.0	40.0	706.0	1231.0	207.5453	361.8814	yes
SN124_A938797_Rep2	GTGCAAATCACCAATA-1	no	yes	no		unresolved	no	0.0	4.0	246.0	158.0	72.3175	46.4478	yes
SN124_A938797_Rep2	GTGCAACAAATGTGGC-1	yes	yes	yes	stroma_fibroblastic_IC high	stroma	yes	14.0	62.0	990.0	471.0	291.0338	138.4615	yes
SN124_A938797_Rep2	GTGCACCAGCTTCAAC-1	no	yes	no		unresolved	no	66.0	54.0	886.0	1633.0	260.4606	480.0588	yes
SN124_A938797_Rep2	GTGCACGAAAGTGACT-1	yes	yes	yes	stroma_fibroblastic_IC high	stroma	yes	17.0	71.0	1105.0	539.0	324.8408	158.4517	yes
SN124_A938797_Rep2	GTGCAGCGTAGAGTAG-1	no	yes	no		unresolved	no	52.0	124.0	1785.0	1321.0	524.7428	388.339	yes
SN124_A938797_Rep2	GTGCCAAACGTTTCGA-1	no	yes	no		unresolved	no	76.0	18.0	423.0	1856.0	124.3508	545.6149	yes
SN124_A938797_Rep2	GTGCCATCACACGGTG-1	no	yes	no		unresolved	no	42.0	34.0	630.0	1097.0	185.2033	322.489	yes
SN124_A938797_Rep2	GTGCCCGTTCGGATTC-1	yes	yes	yes	non neo epithelium	normal epithelium	yes	39.0	85.0	1285.0	1030.0	377.756	302.7927	yes
SN124_A938797_Rep2	GTGCCGCTTCAAAGGT-1	yes	yes	yes	stroma_fibroblastic_IC high	stroma	yes	44.0	44.0	758.0	1141.0	222.8319	335.4238	yes
SN124_A938797_Rep2	GTGCCTAGCTATGCTT-1	no	yes	no		unresolved	no	13.0	11.0	335.0	448.0	98.4811	131.7001	yes
SN124_A938797_Rep2	GTGCCTCAGTGTACGG-1	no	yes	no		unresolved	no	11.0	93.0	1388.0	405.0	408.0353	119.0593	yes
SN124_A938797_Rep2	GTGCCTGAGACCAAAC-1	no	yes	no		unresolved	no	69.0	89.0	1335.0	1701.0	392.4547	500.049	yes
SN124_A938797_Rep2	GTGCGAAATCGAACAC-1	yes	yes	yes	exclude	exclude	yes	45.0	43.0	745.0	1164.0	219.0103	342.1852	yes
SN124_A938797_Rep2	GTGCGACAGGGAGTGT-1	yes	yes	yes	non neo epithelium	normal epithelium	yes	36.0	100.0	1477.0	964.0	434.1989	283.3905	yes
SN124_A938797_Rep2	GTGCGCAGCTTGCTCC-1	yes	yes	yes	stroma_fibroblastic_IC high	stroma	yes	5.0	33.0	618.0	270.0	181.6756	79.3729	yes
SN124_A938797_Rep2	GTGCGCTTACAAATGA-1	no	yes	no		unresolved	no	0.0	46.0	785.0	158.0	230.7692	46.4478	yes
SN124_A938797_Rep2	GTGCGGGACCATCGGC-1	yes	yes	yes	IC aggregate_stroma or muscularis	unresolved	yes	6.0	40.0	708.0	292.0	208.1333	85.8403	yes
SN124_A938797_Rep2	GTGCGGGTCTCCAAAT-1	yes	yes	yes	stroma_fibroblastic_IC med	stroma	yes	20.0	56.0	913.0	605.0	268.3978	177.854	yes
SN124_A938797_Rep2	GTGCGTGTATATGAGC-1	yes	yes	yes	epitehlium&submucosa	other	yes	41.0	83.0	1259.0	1075.0	370.1127	316.0216	yes
SN124_A938797_Rep2	GTGCTATCCAGCTGGA-1	no	yes	no		unresolved	no	76.0	66.0	1040.0	1857.0	305.7325	545.9089	yes
SN124_A938797_Rep2	GTGCTCAAGTACTGTC-1	yes	yes	yes	stroma_fibroblastic_IC med	stroma	yes	34.0	52.0	861.0	918.0	253.1112	269.8677	yes
SN124_A938797_Rep2	GTGCTGCAGATAAGGA-1	no	yes	no		unresolved	no	37.0	7.0	283.0	984.0	83.1945	289.27	yes
SN124_A938797_Rep2	GTGCTGTTAGAACATA-1	no	yes	no		unresolved	no	77.0	81.0	1232.0	1879.0	362.1754	552.3763	yes
SN124_A938797_Rep2	GTGCTTACATCAGCGC-1	no	yes	no		unresolved	no	46.0	116.0	1682.0	1187.0	494.4635	348.9466	yes
SN124_A938797_Rep2	GTGGAACCTACATGCG-1	yes	yes	yes	stroma_fibroblastic_IC high	stroma	yes	15.0	81.0	1234.0	494.0	362.7633	145.2229	yes
SN124_A938797_Rep2	GTGGACCAACCCGATT-1	no	yes	no		unresolved	no	45.0	29.0	565.0	1164.0	166.0951	342.1852	yes
SN124_A938797_Rep2	GTGGACGCATTTGTCC-1	no	yes	no		unresolved	no	56.0	64.0	1014.0	1410.0	298.0892	414.5027	yes
SN124_A938797_Rep2	GTGGACGTGCTGAGAC-1	yes	yes	yes	stroma_fibroblastic_IC high	stroma	yes	17.0	39.0	695.0	538.0	204.3116	158.1578	yes
SN124_A938797_Rep2	GTGGAGCATGTCGGCC-1	no	yes	no		unresolved	no	37.0	125.0	1798.0	986.0	528.5644	289.8579	yes
SN124_A938797_Rep2	GTGGAGCGTTTACCGA-1	no	yes	no		unresolved	no	58.0	16.0	398.0	1454.0	117.0015	427.4375	yes
SN124_A938797_Rep2	GTGGAGTCGGCGGTTG-1	no	yes	no		unresolved	no	54.0	38.0	681.0	1365.0	200.196	401.2739	yes
SN124_A938797_Rep2	GTGGCAAACAGCGGCA-1	no	yes	no		unresolved	no	50.0	20.0	450.0	1275.0	132.2881	374.8163	yes
SN124_A938797_Rep2	GTGGCCGGTTTCTCGG-1	no	yes	no		unresolved	no	68.0	10.0	321.0	1677.0	94.3655	492.9936	yes
SN124_A938797_Rep2	GTGGCCTAATATCATT-1	no	yes	no		unresolved	no	35.0	1.0	206.0	940.0	60.5585	276.3351	yes
SN124_A938797_Rep2	GTGGCGGGCCGTAGCT-1	no	yes	no		unresolved	no	1.0	69.0	1080.0	181.0	317.4914	53.2092	yes
SN124_A938797_Rep2	GTGGCGGTCCCAGCGT-1	no	yes	no		unresolved	no	40.0	20.0	450.0	1052.0	132.2881	309.2602	yes
SN124_A938797_Rep2	GTGGCGTGCACCAGAG-1	no	yes	no		unresolved	no	1.0	101.0	1491.0	182.0	438.3145	53.5032	yes
SN124_A938797_Rep2	GTGGCTGTTTCTGTTC-1	no	yes	no		unresolved	no	70.0	92.0	1374.0	1723.0	403.9196	506.5164	yes
SN124_A938797_Rep2	GTGGGAACAAACCGGG-1	no	yes	no		unresolved	no	71.0	47.0	796.0	1745.0	234.0029	512.9838	yes
SN124_A938797_Rep2	GTGGGAAGACTGAATC-1	no	yes	no		unresolved	no	45.0	15.0	386.0	1163.0	113.4738	341.8912	yes
SN124_A938797_Rep2	GTGGGCTTAGACACAC-1	yes	yes	yes	stroma_fibroblastic_IC high	stroma	yes	29.0	39.0	694.0	806.0	204.0176	236.9427	yes
SN124_A938797_Rep2	GTGGGTACTGAGCGTA-1	no	yes	no		unresolved	no	50.0	2.0	218.0	1275.0	64.0862	374.8163	yes
SN124_A938797_Rep2	GTGGGTCTTCTTTGCG-1	no	yes	no		unresolved	no	2.0	18.0	425.0	203.0	124.9388	59.6766	yes
SN124_A938797_Rep2	GTGGTATAGTCTGCCG-1	no	yes	no		unresolved	no	57.0	41.0	719.0	1432.0	211.367	420.9701	yes
SN124_A938797_Rep2	GTGGTCAGCGAAGTAT-1	no	yes	no		unresolved	no	8.0	92.0	1375.0	338.0	404.2136	99.3631	yes
SN124_A938797_Rep2	GTGGTGATGGTTTGTG-1	no	yes	no		unresolved	no	54.0	126.0	1811.0	1366.0	532.3861	401.5679	yes
SN124_A938797_Rep2	GTGGTGGCCAAGTGAA-1	yes	yes	yes	epitehlium&submucosa	other	yes	45.0	79.0	1207.0	1164.0	354.8261	342.1852	yes
SN124_A938797_Rep2	GTGGTTACTTCTTTCG-1	no	yes	no		unresolved	no	31.0	105.0	1542.0	852.0	453.3072	250.4655	yes
SN124_A938797_Rep2	GTGGTTTCCGCCTTTC-1	no	yes	no		unresolved	no	42.0	32.0	604.0	1097.0	177.56	322.489	yes
SN124_A938797_Rep2	GTGTACCTTGGCTACG-1	yes	yes	yes	stroma_fibroblastic_IC high	stroma	yes	26.0	78.0	1195.0	740.0	351.2984	217.5404	yes
SN124_A938797_Rep2	GTGTACGAACCGTTCC-1	no	yes	no		unresolved	no	43.0	127.0	1824.0	1120.0	536.2077	329.2504	yes
SN124_A938797_Rep2	GTGTATATCAGCGGGC-1	no	yes	no		unresolved	no	58.0	76.0	1168.0	1455.0	343.3611	427.7315	yes
SN124_A938797_Rep2	GTGTATGACTTTAAAG-1	yes	yes	yes	stroma_fibroblastic_IC high	stroma	yes	5.0	41.0	721.0	270.0	211.9549	79.3729	yes
SN124_A938797_Rep2	GTGTCAGTGTACGTGG-1	no	yes	no		unresolved	no	68.0	42.0	732.0	1678.0	215.1886	493.2876	yes
SN124_A938797_Rep2	GTGTCCGATAAGGCAT-1	no	yes	no		unresolved	no	4.0	98.0	1453.0	249.0	427.1436	73.1994	yes
SN124_A938797_Rep2	GTGTCGTATAGCGTTC-1	no	yes	no		unresolved	no	54.0	76.0	1169.0	1365.0	343.6551	401.2739	yes
SN124_A938797_Rep2	GTGTCGTATTCACCTT-1	no	yes	no		unresolved	no	9.0	117.0	1696.0	361.0	498.5791	106.1244	yes
SN124_A938797_Rep2	GTGTGAATAACTTAGG-1	yes	yes	yes	tumor	tumor	yes	33.0	83.0	1259.0	896.0	370.1127	263.4003	yes
SN124_A938797_Rep2	GTGTGAGCCGAGGTGC-1	no	yes	no		unresolved	no	1.0	33.0	618.0	180.0	181.6756	52.9152	yes
SN124_A938797_Rep2	GTGTGTCGACGTCGCT-1	no	yes	no		unresolved	no	15.0	3.0	232.0	493.0	68.2019	144.929	yes
SN124_A938797_Rep2	GTGTTACTATGCGTCC-1	yes	yes	yes	tumor&stroma_IC med to high	mixed	yes	41.0	75.0	1156.0	1075.0	339.8334	316.0216	yes
SN124_A938797_Rep2	GTTAAAGTAGGACTGG-1	yes	yes	yes	epitehlium&submucosa	other	yes	49.0	83.0	1259.0	1254.0	370.1127	368.6428	yes
SN124_A938797_Rep2	GTTAACATCACTTAAA-1	no	yes	no		unresolved	no	55.0	73.0	1130.0	1388.0	332.1901	408.0353	yes
SN124_A938797_Rep2	GTTAACTATGTTGTCA-1	no	yes	no		unresolved	no	43.0	111.0	1618.0	1120.0	475.6492	329.2504	yes
SN124_A938797_Rep2	GTTAAGGGTGCGATGT-1	no	yes	no		unresolved	no	61.0	71.0	1104.0	1522.0	324.5468	447.4277	yes
SN124_A938797_Rep2	GTTAAGTTAGAGTGGG-1	no	yes	no		unresolved	no	36.0	116.0	1683.0	964.0	494.7575	283.3905	yes
SN124_A938797_Rep2	GTTAATAGCGTCATTA-1	no	yes	no		unresolved	no	73.0	121.0	1746.0	1791.0	513.2778	526.5066	yes
SN124_A938797_Rep2	GTTAATGTCTATCTTA-1	no	yes	no		unresolved	no	30.0	12.0	347.0	828.0	102.0088	243.4101	yes
SN124_A938797_Rep2	GTTACAATTGGTGACG-1	no	yes	no		unresolved	no	37.0	33.0	617.0	985.0	181.3817	289.5639	yes
SN124_A938797_Rep2	GTTACCAAGGCGTACG-1	no	yes	no		unresolved	no	70.0	120.0	1733.0	1724.0	509.4561	506.8104	yes
SN124_A938797_Rep2	GTTACCTACAACTTGC-1	yes	yes	yes	stroma_fibroblastic_IC high	stroma	yes	47.0	67.0	1053.0	1209.0	309.5541	355.414	yes
SN124_A938797_Rep2	GTTACGAAATCCACGC-1	yes	yes	yes	exclude	exclude	yes	3.0	33.0	618.0	225.0	181.6756	66.144	yes
SN124_A938797_Rep2	GTTACGGCCCGACTGC-1	yes	yes	yes	stroma_fibroblastic_IC high	stroma	yes	3.0	39.0	695.0	225.0	204.3116	66.144	yes
SN124_A938797_Rep2	GTTACTTTGGGCCTAG-1	yes	yes	yes	stroma_fibroblastic_IC high	stroma	yes	43.0	51.0	848.0	1119.0	249.2896	328.9564	yes
SN124_A938797_Rep2	GTTAGAGTGTGCCGCT-1	yes	yes	yes	exclude	exclude	yes	7.0	75.0	1157.0	315.0	340.1274	92.6017	yes
SN124_A938797_Rep2	GTTAGCCCATGACATC-1	no	yes	no		unresolved	no	67.0	75.0	1155.0	1656.0	339.5394	486.8202	yes
SN124_A938797_Rep2	GTTAGCCGTAAATCAA-1	no	yes	no		unresolved	no	30.0	110.0	1606.0	830.0	472.1215	243.998	yes
SN124_A938797_Rep2	GTTAGGCTACCCGTTT-1	no	yes	no		unresolved	no	54.0	14.0	372.0	1364.0	109.3582	400.9799	yes
SN124_A938797_Rep2	GTTATAATACGGTGAA-1	no	yes	no		unresolved	no	53.0	107.0	1567.0	1344.0	460.6565	395.1004	yes
SN124_A938797_Rep2	GTTATATCAGGAGCCA-1	no	yes	no		unresolved	no	23.0	115.0	1670.0	673.0	490.9358	197.8442	yes
SN124_A938797_Rep2	GTTATATTATCTCCCT-1	yes	yes	yes	exclude	exclude	yes	48.0	56.0	912.0	1231.0	268.1039	361.8814	yes
SN124_A938797_Rep2	GTTATCAAGCTATCGA-1	no	yes	no		unresolved	no	71.0	103.0	1515.0	1746.0	445.3699	513.2778	yes
SN124_A938797_Rep2	GTTATCACCTTCTGAA-1	yes	yes	yes	stroma_fibroblastic_IC high	stroma	yes	6.0	58.0	939.0	293.0	276.0412	86.1342	yes
SN124_A938797_Rep2	GTTATTAAATACGACC-1	no	yes	no		unresolved	no	3.0	85.0	1286.0	226.0	378.05	66.438	yes
SN124_A938797_Rep2	GTTATTAACGTGGGAG-1	no	yes	no		unresolved	no	22.0	18.0	425.0	649.0	124.9388	190.7888	yes
SN124_A938797_Rep2	GTTCAAATCAGATGTC-1	no	yes	no		unresolved	no	22.0	0.0	194.0	649.0	57.0309	190.7888	yes
SN124_A938797_Rep2	GTTCAATCTATGTCAA-1	no	yes	no		unresolved	no	4.0	84.0	1273.0	248.0	374.2283	72.9054	yes
SN124_A938797_Rep2	GTTCACAGGAGTCTAG-1	yes	yes	yes	exclude	exclude	yes	32.0	34.0	630.0	873.0	185.2033	256.6389	yes
SN124_A938797_Rep2	GTTCAGTCGCCAAATG-1	no	yes	no		unresolved	no	70.0	60.0	963.0	1723.0	283.0965	506.5164	yes
SN124_A938797_Rep2	GTTCATCGTTTGGCTG-1	no	yes	no		unresolved	no	33.0	105.0	1542.0	897.0	453.3072	263.6943	yes
SN124_A938797_Rep2	GTTCCAAGACAGCGAC-1	no	yes	no		unresolved	no	4.0	26.0	528.0	247.0	155.218	72.6115	yes
SN124_A938797_Rep2	GTTCCAGTCTGACCAT-1	yes	yes	yes	stroma_fibroblastic_IC high	stroma	yes	17.0	53.0	874.0	538.0	256.9329	158.1578	yes
SN124_A938797_Rep2	GTTCCCGTAAACATAT-1	no	yes	no		unresolved	no	59.0	119.0	1721.0	1478.0	505.9285	434.4929	yes
SN124_A938797_Rep2	GTTCCGTCCGCCTGCA-1	no	yes	no		unresolved	no	70.0	42.0	732.0	1722.0	215.1886	506.2224	yes
SN124_A938797_Rep2	GTTCGACAATTGTATA-1	no	yes	no		unresolved	no	69.0	27.0	539.0	1700.0	158.4517	499.755	yes
SN124_A938797_Rep2	GTTCGCCATAAGTGCC-1	yes	yes	yes	tumor	tumor	yes	37.0	53.0	874.0	985.0	256.9329	289.5639	yes
SN124_A938797_Rep2	GTTCGCTGAGACGTCT-1	no	yes	no		unresolved	no	53.0	109.0	1592.0	1344.0	468.0059	395.1004	yes
SN124_A938797_Rep2	GTTCGGAGCACTCAAC-1	no	yes	no		unresolved	no	64.0	114.0	1656.0	1589.0	486.8202	467.124	yes
SN124_A938797_Rep2	GTTCGGATCGGGAACA-1	no	yes	no		unresolved	no	44.0	110.0	1605.0	1143.0	471.8275	336.0118	yes
SN124_A938797_Rep2	GTTCGGGCGTACCATT-1	no	yes	no		unresolved	no	32.0	108.0	1580.0	874.0	464.4782	256.9329	yes
SN124_A938797_Rep2	GTTCGGTGTGGATTTA-1	no	yes	no		unresolved	no	5.0	3.0	233.0	269.0	68.4958	79.0789	yes
SN124_A938797_Rep2	GTTCGTCTAAAGAACT-1	no	yes	no		unresolved	no	51.0	89.0	1336.0	1299.0	392.7486	381.8716	yes
SN124_A938797_Rep2	GTTCGTCTGGGTCCCT-1	no	yes	no		unresolved	no	21.0	119.0	1722.0	629.0	506.2224	184.9094	yes
SN124_A938797_Rep2	GTTCGTTGCGGACCAG-1	no	yes	no		unresolved	no	0.0	36.0	656.0	158.0	192.8466	46.4478	yes
SN124_A938797_Rep2	GTTCTTCCCTCGATGT-1	yes	yes	yes	tumor	tumor	yes	15.0	51.0	849.0	494.0	249.5835	145.2229	yes
SN124_A938797_Rep2	GTTCTTGTAACTCAAT-1	no	yes	no		unresolved	no	75.0	61.0	975.0	1834.0	286.6242	539.1475	yes
SN124_A938797_Rep2	GTTGAACCGGTTCCAT-1	yes	yes	yes	exclude	exclude	yes	42.0	40.0	707.0	1097.0	207.8393	322.489	yes
SN124_A938797_Rep2	GTTGAGTCCCGCCGGT-1	no	yes	no		unresolved	no	52.0	78.0	1194.0	1321.0	351.0044	388.339	yes
SN124_A938797_Rep2	GTTGCACGGAGTTTCG-1	yes	yes	yes	stroma_fibroblastic_IC high	stroma	yes	24.0	48.0	810.0	695.0	238.1186	204.3116	yes
SN124_A938797_Rep2	GTTGCAGTCGACAACA-1	no	yes	no		unresolved	no	62.0	126.0	1810.0	1545.0	532.0921	454.1891	yes
SN124_A938797_Rep2	GTTGCCCTAACGGGTG-1	no	yes	no		unresolved	no	73.0	15.0	385.0	1789.0	113.1798	525.9187	yes
SN124_A938797_Rep2	GTTGCGCTAACATTAC-1	no	yes	no		unresolved	no	41.0	119.0	1721.0	1076.0	505.9285	316.3155	yes
SN124_A938797_Rep2	GTTGCGGACGGTCAGG-1	no	yes	no		unresolved	no	53.0	119.0	1721.0	1344.0	505.9285	395.1004	yes
SN124_A938797_Rep2	GTTGGACCGCATCAGG-1	no	yes	no		unresolved	no	20.0	116.0	1683.0	606.0	494.7575	178.148	yes
SN124_A938797_Rep2	GTTGGATTCAGTGGCT-1	yes	yes	yes	stroma_fibroblastic_IC high	stroma	yes	16.0	96.0	1426.0	517.0	419.2063	151.9843	yes
SN124_A938797_Rep2	GTTGGATTGAGAACAC-1	yes	yes	yes	tumor	tumor	yes	32.0	88.0	1323.0	874.0	388.927	256.9329	yes
SN124_A938797_Rep2	GTTGGATTTGCGTTGG-1	yes	yes	yes	tumor&stroma_IC med to high	mixed	yes	36.0	50.0	835.0	963.0	245.4679	283.0965	yes
SN124_A938797_Rep2	GTTGGTCATGCTATCC-1	no	yes	no		unresolved	no	55.0	63.0	1002.0	1388.0	294.5615	408.0353	yes
SN124_A938797_Rep2	GTTGTAGATTTATGAG-1	no	yes	no		unresolved	no	71.0	63.0	1001.0	1745.0	294.2675	512.9838	yes
SN124_A938797_Rep2	GTTGTCGTGTTAGTTG-1	yes	yes	yes	tumor	tumor	yes	15.0	47.0	797.0	494.0	234.2969	145.2229	yes
SN124_A938797_Rep2	GTTGTTACATTGCGCT-1	no	yes	no		unresolved	no	12.0	118.0	1709.0	428.0	502.4008	125.8207	yes
SN124_A938797_Rep2	GTTGTTGCAAGATGGC-1	no	yes	no		unresolved	no	63.0	121.0	1746.0	1567.0	513.2778	460.6565	yes
SN124_A938797_Rep2	GTTTACGTTCCATCTG-1	yes	yes	yes	stroma_fibroblastic_IC high	stroma	yes	48.0	64.0	1015.0	1231.0	298.3831	361.8814	yes
SN124_A938797_Rep2	GTTTATGGGATTTAGA-1	no	yes	no		unresolved	no	22.0	8.0	296.0	649.0	87.0162	190.7888	yes
SN124_A938797_Rep2	GTTTCAAACGAGTTGT-1	no	yes	no		unresolved	no	61.0	109.0	1592.0	1522.0	468.0059	447.4277	yes
SN124_A938797_Rep2	GTTTCATATCGTCGCT-1	no	yes	no		unresolved	no	39.0	27.0	540.0	1029.0	158.7457	302.4988	yes
SN124_A938797_Rep2	GTTTCCTGGAGGGTGA-1	yes	yes	yes	stroma_fibroblastic_IC high	stroma	yes	25.0	49.0	823.0	717.0	241.9402	210.779	yes
SN124_A938797_Rep2	GTTTCTAGAGGCGCGG-1	no	yes	no		unresolved	no	69.0	93.0	1386.0	1701.0	407.4473	500.049	yes
SN124_A938797_Rep2	GTTTCTGCAGTCTCCC-1	yes	yes	yes	stroma_fibroblastic_IC high	stroma	yes	40.0	72.0	1118.0	1053.0	328.6624	309.5541	yes
SN124_A938797_Rep2	GTTTCTTGTTAGAGCT-1	no	yes	no		unresolved	no	73.0	3.0	231.0	1789.0	67.9079	525.9187	yes
SN124_A938797_Rep2	GTTTGACCAAATCCTA-1	yes	yes	yes	stroma_fibroblastic_IC high	stroma	yes	30.0	58.0	938.0	829.0	275.7472	243.7041	yes
SN124_A938797_Rep2	GTTTGAGCGGTTATGT-1	no	yes	no		unresolved	no	0.0	42.0	734.0	158.0	215.7766	46.4478	yes
SN124_A938797_Rep2	GTTTGGCCCAAGTTAT-1	yes	yes	yes	epitehlium&submucosa	other	yes	42.0	80.0	1220.0	1097.0	358.6477	322.489	yes
SN124_A938797_Rep2	GTTTGGCCGCTCAGCG-1	yes	yes	yes	stroma desmoplastic_IC med to high	stroma	yes	12.0	32.0	605.0	426.0	177.854	125.2327	yes
SN124_A938797_Rep2	GTTTGGCGTCAGGCAC-1	no	yes	no		unresolved	no	4.0	116.0	1684.0	249.0	495.0514	73.1994	yes
SN124_A938797_Rep2	GTTTGGGCTTGTGAGC-1	yes	yes	yes	non neo epithelium	normal epithelium	yes	51.0	65.0	1027.0	1298.0	301.9108	381.5777	yes
SN124_A938797_Rep2	GTTTGGGTTTCGCCCG-1	no	yes	no		unresolved	no	63.0	91.0	1361.0	1567.0	400.098	460.6565	yes
SN124_A938797_Rep2	GTTTGGTAGGGTCAAC-1	no	yes	no		unresolved	no	53.0	59.0	950.0	1343.0	279.2749	394.8065	yes
SN124_A938797_Rep2	GTTTGGTGATCGGTGC-1	no	yes	no		unresolved	no	66.0	38.0	680.0	1633.0	199.902	480.0588	yes
SN124_A938797_Rep2	GTTTGTTAGCCAAGTA-1	no	yes	no		unresolved	no	53.0	3.0	231.0	1342.0	67.9079	394.5125	yes
SN124_A938797_Rep2	TAAACCCAGGAGGGCA-1	no	yes	no		unresolved	no	54.0	36.0	655.0	1365.0	192.5527	401.2739	yes
SN124_A938797_Rep2	TAAACGTCGTCAATGA-1	no	yes	no		unresolved	no	18.0	12.0	348.0	560.0	102.3028	164.6252	yes
SN124_A938797_Rep2	TAAAGACAACCCTTTA-1	no	yes	no		unresolved	no	40.0	118.0	1708.0	1053.0	502.1068	309.5541	yes
SN124_A938797_Rep2	TAAAGAGCCCGAAACC-1	yes	yes	yes	stroma_fibroblastic_IC med	stroma	yes	10.0	46.0	785.0	382.0	230.7692	112.2979	yes
SN124_A938797_Rep2	TAAAGCGGTATTTCCA-1	no	yes	no		unresolved	no	63.0	49.0	822.0	1566.0	241.6462	460.3626	yes
SN124_A938797_Rep2	TAAAGCGTTAGGAGAA-1	yes	yes	yes	stroma_fibroblastic_IC high	stroma	yes	28.0	88.0	1323.0	785.0	388.927	230.7692	yes
SN124_A938797_Rep2	TAAAGCTGCAATAGGG-1	yes	yes	yes	stroma_fibroblastic_IC high	stroma	yes	17.0	97.0	1439.0	539.0	423.0279	158.4517	yes
SN124_A938797_Rep2	TAAAGGAGAAACTAGT-1	no	yes	no		unresolved	no	0.0	74.0	1144.0	159.0	336.3057	46.7418	yes
SN124_A938797_Rep2	TAAAGTGCACGTCTCG-1	no	yes	no		unresolved	no	72.0	50.0	834.0	1767.0	245.1739	519.4512	yes
SN124_A938797_Rep2	TAAATCTTTACACCTC-1	no	yes	no		unresolved	no	24.0	120.0	1734.0	696.0	509.7501	204.6056	yes
SN124_A938797_Rep2	TAAATGAATCCGTTTC-1	yes	yes	yes	stroma desmoplastic_IC low	stroma	yes	23.0	29.0	566.0	672.0	166.389	197.5502	yes
SN124_A938797_Rep2	TAAATGCCGTCTCATG-1	no	yes	no		unresolved	no	11.0	103.0	1517.0	405.0	445.9579	119.0593	yes
SN124_A938797_Rep2	TAAATGGGCTACTGAG-1	no	yes	no		unresolved	no	63.0	127.0	1823.0	1567.0	535.9138	460.6565	yes
SN124_A938797_Rep2	TAAATTGTGGGTAAAG-1	no	yes	no		unresolved	no	74.0	74.0	1142.0	1812.0	335.7178	532.6801	yes
SN124_A938797_Rep2	TAAATTTAGTAACACC-1	no	yes	no		unresolved	no	71.0	39.0	693.0	1745.0	203.7237	512.9838	yes
SN124_A938797_Rep2	TAACAAAGGGAGAAGC-1	yes	yes	yes	stroma_fibroblastic_IC high	stroma	yes	21.0	35.0	643.0	627.0	189.025	184.3214	yes
SN124_A938797_Rep2	TAACAATATTTGTTGC-1	no	yes	no		unresolved	no	28.0	16.0	399.0	783.0	117.2954	230.1813	yes
SN124_A938797_Rep2	TAACAGCGTTTGTGCT-1	no	yes	no		unresolved	no	63.0	37.0	668.0	1566.0	196.3743	460.3626	yes
SN124_A938797_Rep2	TAACAGGTTCCCTTAG-1	no	yes	no		unresolved	no	74.0	60.0	963.0	1812.0	283.0965	532.6801	yes
SN124_A938797_Rep2	TAACATACAATGTGGG-1	yes	yes	yes	stroma_fibroblastic_IC med	stroma	yes	38.0	70.0	1092.0	1008.0	321.0191	296.3253	yes
SN124_A938797_Rep2	TAACATACACGCGATC-1	no	yes	no		unresolved	no	55.0	25.0	514.0	1387.0	151.1024	407.7413	yes
SN124_A938797_Rep2	TAACCGCCCGCAGTGC-1	yes	yes	yes	stroma_fibroblastic_IC med	stroma	yes	9.0	49.0	823.0	359.0	241.9402	105.5365	yes
SN124_A938797_Rep2	TAACCGTCCAGTTCAT-1	no	yes	no		unresolved	no	1.0	15.0	387.0	180.0	113.7678	52.9152	yes
SN124_A938797_Rep2	TAACCTACCGTCCGAG-1	yes	yes	yes	tumor&stroma_IC med to high	mixed	yes	33.0	101.0	1490.0	897.0	438.0206	263.6943	yes
SN124_A938797_Rep2	TAACCTAGGGAGTCCA-1	no	yes	no		unresolved	no	60.0	106.0	1554.0	1500.0	456.8349	440.9603	yes
SN124_A938797_Rep2	TAACGCTTTGAGAGCG-1	yes	yes	yes	stroma_fibroblastic_IC high	stroma	yes	27.0	29.0	566.0	761.0	166.389	223.7139	yes
SN124_A938797_Rep2	TAACTATCGAAGGTCC-1	yes	yes	yes	stroma_fibroblastic_IC high	stroma	yes	24.0	34.0	630.0	694.0	185.2033	204.0176	yes
SN124_A938797_Rep2	TAACTATTACGCCAAA-1	no	yes	no		unresolved	no	29.0	107.0	1567.0	807.0	460.6565	237.2366	yes
SN124_A938797_Rep2	TAACTCATCCGCGCGG-1	yes	yes	yes	stroma_fibroblastic_IC high	stroma	yes	43.0	49.0	822.0	1119.0	241.6462	328.9564	yes
SN124_A938797_Rep2	TAACTCCATGGAGGCT-1	yes	yes	yes	stroma desmoplastic_IC med to high	stroma	yes	19.0	27.0	540.0	583.0	158.7457	171.3866	yes
SN124_A938797_Rep2	TAACTGAAATACGCCT-1	no	yes	no		unresolved	no	71.0	7.0	282.0	1744.0	82.9005	512.6899	yes
SN124_A938797_Rep2	TAAGAGGGACAGGGAC-1	no	yes	no		unresolved	no	63.0	19.0	436.0	1566.0	128.1725	460.3626	yes
SN124_A938797_Rep2	TAAGATTTAGCGGGAG-1	yes	yes	yes	stroma_fibroblastic_IC high	stroma	yes	4.0	36.0	656.0	248.0	192.8466	72.9054	yes
SN124_A938797_Rep2	TAAGCAGGCGACACGC-1	no	yes	no		unresolved	no	35.0	19.0	437.0	940.0	128.4664	276.3351	yes
SN124_A938797_Rep2	TAAGCCCTTACGACCA-1	no	yes	no		unresolved	no	14.0	114.0	1658.0	472.0	487.4081	138.7555	yes
SN124_A938797_Rep2	TAAGCGCGAATCAAAT-1	no	yes	no		unresolved	no	65.0	25.0	513.0	1610.0	150.8084	473.2974	yes
SN124_A938797_Rep2	TAAGGAACTTGTGGGA-1	yes	yes	yes	stroma_fibroblastic_IC high	stroma	yes	16.0	40.0	707.0	516.0	207.8393	151.6903	yes
SN124_A938797_Rep2	TAAGGCAACATAAGAT-1	yes	yes	yes	stroma_fibroblastic_IC med	stroma	yes	25.0	71.0	1105.0	717.0	324.8408	210.779	yes
SN124_A938797_Rep2	TAAGGCATAACATCAA-1	no	yes	no		unresolved	no	57.0	49.0	822.0	1432.0	241.6462	420.9701	yes
SN124_A938797_Rep2	TAAGGCCCGTCACCCT-1	no	yes	no		unresolved	no	62.0	70.0	1091.0	1544.0	320.7251	453.8951	yes
SN124_A938797_Rep2	TAAGGCTGAATCCCTC-1	no	yes	no		unresolved	no	45.0	97.0	1438.0	1165.0	422.734	342.4792	yes
SN124_A938797_Rep2	TAAGGGCCTGTCCGAT-1	no	yes	no		unresolved	no	57.0	95.0	1412.0	1433.0	415.0906	421.2641	yes
SN124_A938797_Rep2	TAAGGGCTGGGAGAGG-1	no	yes	no		unresolved	no	34.0	18.0	424.0	918.0	124.6448	269.8677	yes
SN124_A938797_Rep2	TAAGTAAATGTGCCGC-1	no	yes	no		unresolved	no	5.0	97.0	1440.0	271.0	423.3219	79.6668	yes
SN124_A938797_Rep2	TAAGTAACATCTTGAC-1	no	yes	no		unresolved	no	46.0	40.0	707.0	1186.0	207.8393	348.6526	yes
SN124_A938797_Rep2	TAAGTCGCCGAGTATC-1	no	yes	no		unresolved	no	54.0	32.0	604.0	1365.0	177.56	401.2739	yes
SN124_A938797_Rep2	TAAGTCGGTGAGCTAG-1	no	yes	no		unresolved	no	69.0	125.0	1797.0	1701.0	528.2705	500.049	yes
SN124_A938797_Rep2	TAAGTGAATAGTCTAC-1	no	yes	no		unresolved	no	72.0	24.0	500.0	1767.0	146.9868	519.4512	yes
SN124_A938797_Rep2	TAAGTTGCGACGTAGG-1	no	yes	no		unresolved	no	53.0	95.0	1413.0	1343.0	415.3846	394.8065	yes
SN124_A938797_Rep2	TAATAAACAAGGAGAT-1	yes	yes	yes	stroma_fibroblastic_IC high	stroma	yes	17.0	91.0	1362.0	539.0	400.392	158.4517	yes
SN124_A938797_Rep2	TAATACACAGTAGTAT-1	yes	yes	yes	tumor	tumor	yes	20.0	64.0	1015.0	606.0	298.3831	178.148	yes
SN124_A938797_Rep2	TAATACTAGAACAGAC-1	no	yes	no		unresolved	no	69.0	77.0	1181.0	1701.0	347.1828	500.049	yes
SN124_A938797_Rep2	TAATAGAACAGAGTTA-1	no	yes	no		unresolved	no	50.0	38.0	681.0	1275.0	200.196	374.8163	yes
SN124_A938797_Rep2	TAATAGCTAAATGATG-1	no	yes	no		unresolved	no	26.0	124.0	1786.0	741.0	525.0367	217.8344	yes
SN124_A938797_Rep2	TAATAGGTCACCAGAA-1	no	yes	no		unresolved	no	61.0	21.0	462.0	1521.0	135.8158	447.1338	yes
SN124_A938797_Rep2	TAATAGTGACGACCAG-1	yes	yes	yes	stroma_fibroblastic_IC high	stroma	yes	27.0	83.0	1259.0	762.0	370.1127	224.0078	yes
SN124_A938797_Rep2	TAATATTGAAATTCGC-1	yes	yes	yes	tumor	tumor	yes	17.0	47.0	797.0	538.0	234.2969	158.1578	yes
SN124_A938797_Rep2	TAATCAACCAAATGGG-1	no	yes	no		unresolved	no	51.0	125.0	1798.0	1299.0	528.5644	381.8716	yes
SN124_A938797_Rep2	TAATCAGGAATGCTGC-1	no	yes	no		unresolved	no	0.0	108.0	1581.0	159.0	464.7722	46.7418	yes
SN124_A938797_Rep2	TAATCGATCCGTACGT-1	yes	yes	yes	stroma_fibroblastic_IC high	stroma	yes	25.0	93.0	1388.0	718.0	408.0353	211.073	yes
SN124_A938797_Rep2	TAATGAAAGACCCTTG-1	no	yes	no		unresolved	no	25.0	17.0	412.0	716.0	121.1171	210.4851	yes
SN124_A938797_Rep2	TAATGTCGGTTCATGG-1	no	yes	no		unresolved	no	74.0	24.0	500.0	1811.0	146.9868	532.3861	yes
SN124_A938797_Rep2	TAATTACGTCAGTAGA-1	no	yes	no		unresolved	no	62.0	102.0	1502.0	1545.0	441.5483	454.1891	yes
SN124_A938797_Rep2	TAATTAGATGGATATG-1	yes	yes	yes	stroma desmoplastic_IC med to high	stroma	yes	10.0	32.0	605.0	382.0	177.854	112.2979	yes
SN124_A938797_Rep2	TAATTAGGACATCCGT-1	no	yes	no		unresolved	no	42.0	108.0	1580.0	1098.0	464.4782	322.7829	yes
SN124_A938797_Rep2	TAATTCCAATGCTTCA-1	no	yes	no		unresolved	no	65.0	121.0	1746.0	1612.0	513.2778	473.8853	yes
SN124_A938797_Rep2	TAATTGCGCTGATTAC-1	no	yes	no		unresolved	no	71.0	5.0	256.0	1744.0	75.2572	512.6899	yes
SN124_A938797_Rep2	TAATTGGAATCGGGAA-1	yes	yes	yes	exclude	exclude	yes	17.0	105.0	1542.0	539.0	453.3072	158.4517	yes
SN124_A938797_Rep2	TAATTTCCGTCCAGTA-1	no	yes	no		unresolved	no	40.0	0.0	193.0	1051.0	56.7369	308.9662	yes
SN124_A938797_Rep2	TACAAATTGCGGAGGT-1	no	yes	no		unresolved	no	1.0	81.0	1234.0	181.0	362.7633	53.2092	yes
SN124_A938797_Rep2	TACAACAGCGCATACA-1	no	yes	no		unresolved	no	75.0	111.0	1617.0	1835.0	475.3552	539.4414	yes
SN124_A938797_Rep2	TACAACGCACAACTCA-1	yes	yes	yes	stroma_fibroblastic_IC high	stroma	yes	41.0	49.0	822.0	1074.0	241.6462	315.7276	yes
SN124_A938797_Rep2	TACAAGCTGTTCACTG-1	yes	yes	yes	stroma_fibroblastic_IC high	stroma	yes	1.0	53.0	875.0	181.0	257.2268	53.2092	yes
SN124_A938797_Rep2	TACAAGGGCTTCTTTA-1	no	yes	no		unresolved	no	68.0	94.0	1399.0	1678.0	411.269	493.2876	yes
SN124_A938797_Rep2	TACAAGTCTCGTGCAT-1	yes	yes	yes	exclude	exclude	yes	31.0	27.0	540.0	851.0	158.7457	250.1715	yes
SN124_A938797_Rep2	TACAATGAAACCAGCA-1	yes	yes	yes	exclude	exclude	yes	1.0	45.0	772.0	181.0	226.9476	53.2092	yes
SN124_A938797_Rep2	TACACAGCCGTGGTGC-1	no	yes	no		unresolved	no	72.0	74.0	1142.0	1768.0	335.7178	519.7452	yes
SN124_A938797_Rep2	TACACCGTCGTTAGTC-1	no	yes	no		unresolved	no	25.0	117.0	1696.0	718.0	498.5791	211.073	yes
SN124_A938797_Rep2	TACACCTCTTCGAATC-1	no	yes	no		unresolved	no	71.0	91.0	1361.0	1745.0	400.098	512.9838	yes
SN124_A938797_Rep2	TACAGAAACGGTGGGC-1	no	yes	no		unresolved	no	59.0	85.0	1284.0	1477.0	377.462	434.1989	yes
SN124_A938797_Rep2	TACATAGGCATACACC-1	yes	yes	yes	stroma_fibroblastic_IC high	stroma	yes	40.0	60.0	964.0	1052.0	283.3905	309.2602	yes
SN124_A938797_Rep2	TACATCCCTATCCCTG-1	no	yes	no		unresolved	no	44.0	14.0	373.0	1141.0	109.6521	335.4238	yes
SN124_A938797_Rep2	TACATCTTGTTTCTTG-1	no	yes	no		unresolved	no	17.0	3.0	232.0	537.0	68.2019	157.8638	yes
SN124_A938797_Rep2	TACATGACCTTATCCG-1	no	yes	no		unresolved	no	23.0	5.0	258.0	672.0	75.8452	197.5502	yes
SN124_A938797_Rep2	TACATGCCGGAATTGT-1	no	yes	no		unresolved	no	54.0	122.0	1759.0	1366.0	517.0995	401.5679	yes
SN124_A938797_Rep2	TACATTTCTAACGTGC-1	yes	yes	yes	tumor	tumor	yes	39.0	55.0	899.0	1030.0	264.2822	302.7927	yes
SN124_A938797_Rep2	TACCAAATAGCCCAGA-1	no	yes	no		unresolved	no	59.0	61.0	976.0	1477.0	286.9182	434.1989	yes
SN124_A938797_Rep2	TACCAATAAAGTACCA-1	no	yes	no		unresolved	no	55.0	83.0	1258.0	1388.0	369.8187	408.0353	yes
SN124_A938797_Rep2	TACCAGAAGTAGGTTC-1	yes	yes	yes	exclude	exclude	yes	49.0	51.0	848.0	1253.0	249.2896	368.3488	yes
SN124_A938797_Rep2	TACCAGCTAGGTTTAA-1	yes	yes	yes	tumor&stroma_IC med to high	mixed	yes	11.0	65.0	1029.0	404.0	302.4988	118.7653	yes
SN124_A938797_Rep2	TACCAGGAATCCCGTC-1	no	yes	no		unresolved	no	68.0	36.0	655.0	1678.0	192.5527	493.2876	yes
SN124_A938797_Rep2	TACCATGTATTGATTT-1	no	yes	no		unresolved	no	48.0	124.0	1785.0	1232.0	524.7428	362.1754	yes
SN124_A938797_Rep2	TACCCTCGGTAACCCT-1	no	yes	no		unresolved	no	65.0	127.0	1823.0	1612.0	535.9138	473.8853	yes
SN124_A938797_Rep2	TACCGAATAATTGTAA-1	no	yes	no		unresolved	no	67.0	93.0	1386.0	1656.0	407.4473	486.8202	yes
SN124_A938797_Rep2	TACCGATCCAACACTT-1	no	yes	no		unresolved	no	1.0	1.0	207.0	180.0	60.8525	52.9152	yes
SN124_A938797_Rep2	TACCGCGGACTTGCAG-1	yes	yes	yes	tumor	tumor	yes	33.0	97.0	1439.0	897.0	423.0279	263.6943	yes
SN124_A938797_Rep2	TACCGGCTCACTGCCC-1	yes	yes	yes	stroma_fibroblastic_IC high	stroma	yes	47.0	65.0	1028.0	1209.0	302.2048	355.414	yes
SN124_A938797_Rep2	TACCGGTCGTTTCCAT-1	no	yes	no		unresolved	no	44.0	34.0	630.0	1141.0	185.2033	335.4238	yes
SN124_A938797_Rep2	TACCGTAGGTTAACTA-1	no	yes	no		unresolved	no	59.0	57.0	924.0	1477.0	271.6316	434.1989	yes
SN124_A938797_Rep2	TACCGTGCCTCGGACC-1	yes	yes	yes	IC aggregate_submucosa	other	yes	51.0	69.0	1079.0	1298.0	317.1974	381.5777	yes
SN124_A938797_Rep2	TACCTACTCCCAGTAT-1	no	yes	no		unresolved	no	58.0	62.0	989.0	1455.0	290.7398	427.7315	yes
SN124_A938797_Rep2	TACCTATCCCTAGAGG-1	no	yes	no		unresolved	no	40.0	2.0	219.0	1051.0	64.3802	308.9662	yes
SN124_A938797_Rep2	TACCTCACCAATTGTA-1	no	yes	no		unresolved	no	77.0	125.0	1797.0	1880.0	528.2705	552.6703	yes
SN124_A938797_Rep2	TACCTCACGCTTGTAC-1	yes	yes	yes	stroma_fibroblastic_IC high	stroma	yes	16.0	56.0	913.0	516.0	268.3978	151.6903	yes
SN124_A938797_Rep2	TACCTCAGTTGTCTGT-1	no	yes	no		unresolved	no	60.0	50.0	835.0	1499.0	245.4679	440.6663	yes
SN124_A938797_Rep2	TACCTCCACACCAATG-1	no	yes	no		unresolved	no	65.0	29.0	565.0	1610.0	166.0951	473.2974	yes
SN124_A938797_Rep2	TACCTCTTTACCATCC-1	no	yes	no		unresolved	no	66.0	122.0	1759.0	1634.0	517.0995	480.3528	yes
SN124_A938797_Rep2	TACCTGCTGCACTGTG-1	yes	yes	yes	exclude	exclude	yes	28.0	22.0	476.0	784.0	139.9314	230.4753	yes
SN124_A938797_Rep2	TACCTTAAGATTTCCC-1	no	yes	no		unresolved	no	49.0	29.0	565.0	1253.0	166.0951	368.3488	yes
SN124_A938797_Rep2	TACGAACACGACTTCA-1	yes	yes	yes	stroma_fibroblastic_IC high	stroma	yes	31.0	53.0	874.0	851.0	256.9329	250.1715	yes
SN124_A938797_Rep2	TACGACGCTTGCTGCG-1	yes	yes	yes	exclude	exclude	yes	46.0	54.0	886.0	1186.0	260.4606	348.6526	yes
SN124_A938797_Rep2	TACGACTGCCTCTTAG-1	yes	yes	yes	stroma_fibroblastic_IC high	stroma	yes	44.0	66.0	1040.0	1142.0	305.7325	335.7178	yes
SN124_A938797_Rep2	TACGAGAACTTCACGT-1	yes	yes	yes	tumor	tumor	yes	35.0	39.0	694.0	940.0	204.0176	276.3351	yes
SN124_A938797_Rep2	TACGATCCAAGCCACT-1	no	yes	no		unresolved	no	3.0	109.0	1594.0	226.0	468.5938	66.438	yes
SN124_A938797_Rep2	TACGATGTTGATCATC-1	yes	yes	yes	stroma_fibroblastic_IC high	stroma	yes	35.0	35.0	643.0	940.0	189.025	276.3351	yes
SN124_A938797_Rep2	TACGCAGTTCTTTCCT-1	yes	yes	yes	stroma_fibroblastic_IC med	stroma	yes	41.0	51.0	848.0	1075.0	249.2896	316.0216	yes
SN124_A938797_Rep2	TACGCCATATTCTAAT-1	yes	yes	yes	stroma_fibroblastic_IC high	stroma	yes	40.0	58.0	938.0	1052.0	275.7472	309.2602	yes
SN124_A938797_Rep2	TACGCCGAGGGTACCC-1	no	yes	no		unresolved	no	56.0	34.0	629.0	1409.0	184.9094	414.2087	yes
SN124_A938797_Rep2	TACGCCGCCTCAGAAG-1	no	yes	no		unresolved	no	45.0	127.0	1824.0	1165.0	536.2077	342.4792	yes
SN124_A938797_Rep2	TACGCCTCCATTCCGA-1	no	yes	no		unresolved	no	55.0	59.0	950.0	1387.0	279.2749	407.7413	yes
SN124_A938797_Rep2	TACGCTATAGAAACCT-1	no	yes	no		unresolved	no	34.0	104.0	1529.0	919.0	449.4855	270.1617	yes
SN124_A938797_Rep2	TACGCTCCTAGAACTG-1	no	yes	no		unresolved	no	73.0	47.0	796.0	1789.0	234.0029	525.9187	yes
SN124_A938797_Rep2	TACGCTCGGTATTGGA-1	no	yes	no		unresolved	no	61.0	113.0	1643.0	1522.0	482.9985	447.4277	yes
SN124_A938797_Rep2	TACGCTGATAGTTGTA-1	no	yes	no		unresolved	no	73.0	13.0	359.0	1789.0	105.5365	525.9187	yes
SN124_A938797_Rep2	TACGCTGCACGGTCGT-1	no	yes	no		unresolved	no	75.0	117.0	1694.0	1835.0	497.9912	539.4414	yes
SN124_A938797_Rep2	TACGCTGCTGTGTTAA-1	no	yes	no		unresolved	no	68.0	24.0	500.0	1677.0	146.9868	492.9936	yes
SN124_A938797_Rep2	TACGGAAGCCAAACCA-1	no	yes	no		unresolved	no	69.0	73.0	1130.0	1700.0	332.1901	499.755	yes
SN124_A938797_Rep2	TACGGCATGGACGCTA-1	no	yes	no		unresolved	no	63.0	115.0	1669.0	1567.0	490.6418	460.6565	yes
SN124_A938797_Rep2	TACGGGATGCTAGCAG-1	yes	yes	yes	tumor&stroma_IC med to high	mixed	yes	21.0	83.0	1259.0	628.0	370.1127	184.6154	yes
SN124_A938797_Rep2	TACGGGTAATAACATA-1	no	yes	no		unresolved	no	72.0	88.0	1322.0	1768.0	388.633	519.7452	yes
SN124_A938797_Rep2	TACGTAAAGCGGAGTG-1	no	yes	no		unresolved	no	63.0	103.0	1515.0	1567.0	445.3699	460.6565	yes
SN124_A938797_Rep2	TACGTACTAGTGCTGA-1	no	yes	no		unresolved	no	62.0	42.0	732.0	1544.0	215.1886	453.8951	yes
SN124_A938797_Rep2	TACGTGCAAGGTTCCT-1	no	yes	no		unresolved	no	34.0	126.0	1811.0	919.0	532.3861	270.1617	yes
SN124_A938797_Rep2	TACGTGCACTATGCTG-1	yes	yes	yes	exclude	exclude	yes	21.0	33.0	617.0	627.0	181.3817	184.3214	yes
SN124_A938797_Rep2	TACGTGGGCCCAGGGC-1	no	yes	no		unresolved	no	69.0	81.0	1232.0	1701.0	362.1754	500.049	yes
SN124_A938797_Rep2	TACGTTTACCGGCAAT-1	no	yes	no		unresolved	no	40.0	32.0	604.0	1052.0	177.56	309.2602	yes
SN124_A938797_Rep2	TACTACGTGCAATGCG-1	no	yes	no		unresolved	no	71.0	85.0	1284.0	1745.0	377.462	512.9838	yes
SN124_A938797_Rep2	TACTATGGTTCCTCAG-1	no	yes	no		unresolved	no	57.0	47.0	796.0	1432.0	234.0029	420.9701	yes
SN124_A938797_Rep2	TACTCACAACGTAGTA-1	no	yes	no		unresolved	no	4.0	2.0	220.0	247.0	64.6742	72.6115	yes
SN124_A938797_Rep2	TACTCATTGACGCATC-1	no	yes	no		unresolved	no	72.0	122.0	1759.0	1768.0	517.0995	519.7452	yes
SN124_A938797_Rep2	TACTCCTCTAGTTGAC-1	no	yes	no		unresolved	no	64.0	36.0	655.0	1588.0	192.5527	466.83	yes
SN124_A938797_Rep2	TACTCGGCACGCCGGG-1	no	yes	no		unresolved	no	36.0	16.0	399.0	962.0	117.2954	282.8025	yes
SN124_A938797_Rep2	TACTCGTTTGAATCAA-1	no	yes	no		unresolved	no	72.0	86.0	1296.0	1768.0	380.9897	519.7452	yes
SN124_A938797_Rep2	TACTCTCCGAACAAAT-1	yes	yes	yes	tumor&stroma_IC med to high	mixed	yes	21.0	81.0	1234.0	628.0	362.7633	184.6154	yes
SN124_A938797_Rep2	TACTCTTACTTTACTG-1	no	yes	no		unresolved	no	59.0	111.0	1618.0	1478.0	475.6492	434.4929	yes
SN124_A938797_Rep2	TACTCTTTCGTCTTCA-1	no	yes	no		unresolved	no	58.0	46.0	783.0	1454.0	230.1813	427.4375	yes
SN124_A938797_Rep2	TACTGAACAGATTTAG-1	no	yes	no		unresolved	no	56.0	44.0	758.0	1410.0	222.8319	414.5027	yes
SN124_A938797_Rep2	TACTGAGGGAAGAAAG-1	no	yes	no		unresolved	no	60.0	6.0	270.0	1498.0	79.3729	440.3724	yes
SN124_A938797_Rep2	TACTGCAATCAATTAC-1	yes	yes	yes	stroma_fibroblastic_IC high	stroma	yes	22.0	102.0	1503.0	651.0	441.8422	191.3768	yes
SN124_A938797_Rep2	TACTGCATGATTAAAT-1	no	yes	no		unresolved	no	77.0	51.0	847.0	1879.0	248.9956	552.3763	yes
SN124_A938797_Rep2	TACTGGACAGCTCGGC-1	no	yes	no		unresolved	no	35.0	25.0	514.0	940.0	151.1024	276.3351	yes
SN124_A938797_Rep2	TACTGTTTCTCTGGTA-1	no	yes	no		unresolved	no	47.0	119.0	1721.0	1210.0	505.9285	355.708	yes
SN124_A938797_Rep2	TACTTAAACATGTACA-1	no	yes	no		unresolved	no	66.0	108.0	1579.0	1634.0	464.1842	480.3528	yes
SN124_A938797_Rep2	TACTTGTTAGTAGTCC-1	yes	yes	yes	exclude	exclude	yes	37.0	87.0	1310.0	986.0	385.1053	289.8579	yes
SN124_A938797_Rep2	TACTTTACTGAGCCGG-1	yes	yes	yes	tumor&stroma_IC med to high	mixed	yes	30.0	96.0	1426.0	829.0	419.2063	243.7041	yes
SN124_A938797_Rep2	TACTTTCCGCACGCCA-1	no	yes	no		unresolved	no	47.0	19.0	437.0	1208.0	128.4664	355.12	yes
SN124_A938797_Rep2	TAGAAACACAATAGTG-1	no	yes	no		unresolved	no	16.0	0.0	194.0	515.0	57.0309	151.3964	yes
SN124_A938797_Rep2	TAGAAACCACTAAGTA-1	no	yes	no		unresolved	no	5.0	79.0	1209.0	271.0	355.414	79.6668	yes
SN124_A938797_Rep2	TAGAAAGGTGGCGCTA-1	yes	yes	yes	tumor&stroma_IC med to high	mixed	yes	31.0	81.0	1233.0	852.0	362.4694	250.4655	yes
SN124_A938797_Rep2	TAGAAATTCACGTATA-1	no	yes	no		unresolved	no	36.0	10.0	322.0	962.0	94.6595	282.8025	yes
SN124_A938797_Rep2	TAGAACGCCAGTAACG-1	no	yes	no		unresolved	no	5.0	7.0	284.0	269.0	83.4885	79.0789	yes
SN124_A938797_Rep2	TAGAAGAAGGGTTACA-1	no	yes	no		unresolved	no	65.0	125.0	1797.0	1612.0	528.2705	473.8853	yes
SN124_A938797_Rep2	TAGAATAGCCGATGAA-1	no	yes	no		unresolved	no	62.0	100.0	1477.0	1545.0	434.1989	454.1891	yes
SN124_A938797_Rep2	TAGAATTAAGGGCAAC-1	yes	yes	yes	stroma_fibroblastic_IC high	stroma	yes	10.0	76.0	1170.0	382.0	343.949	112.2979	yes
SN124_A938797_Rep2	TAGACGAAACGCCAAT-1	no	yes	no		unresolved	no	63.0	73.0	1130.0	1566.0	332.1901	460.3626	yes
SN124_A938797_Rep2	TAGACGCCCGTACCGG-1	yes	yes	yes	tumor	tumor	yes	32.0	90.0	1349.0	874.0	396.5703	256.9329	yes
SN124_A938797_Rep2	TAGACTACCTAGCGTT-1	no	yes	no		unresolved	no	38.0	104.0	1529.0	1008.0	449.4855	296.3253	yes
SN124_A938797_Rep2	TAGACTCAGTTGGCCT-1	no	yes	no		unresolved	no	70.0	14.0	372.0	1722.0	109.3582	506.2224	yes
SN124_A938797_Rep2	TAGAGATCATGCAACT-1	no	yes	no		unresolved	no	44.0	26.0	527.0	1141.0	154.9241	335.4238	yes
SN124_A938797_Rep2	TAGAGCTACGAAGAAC-1	yes	yes	yes	stroma_fibroblastic_IC high	stroma	yes	13.0	53.0	874.0	449.0	256.9329	131.9941	yes
SN124_A938797_Rep2	TAGAGGGAGTTTATCT-1	no	yes	no		unresolved	no	73.0	65.0	1027.0	1790.0	301.9108	526.2126	yes
SN124_A938797_Rep2	TAGAGGTTCTACTTGT-1	no	yes	no		unresolved	no	54.0	96.0	1425.0	1366.0	418.9123	401.5679	yes
SN124_A938797_Rep2	TAGAGTCTAAGCGAAC-1	yes	yes	yes	tumor	tumor	yes	29.0	55.0	900.0	806.0	264.5762	236.9427	yes
SN124_A938797_Rep2	TAGAGTGTTCCGGGTA-1	no	yes	no		unresolved	no	75.0	101.0	1489.0	1835.0	437.7266	539.4414	yes
SN124_A938797_Rep2	TAGATATGGACTGGAA-1	no	yes	no		unresolved	no	49.0	53.0	873.0	1253.0	256.6389	368.3488	yes
SN124_A938797_Rep2	TAGATCCGAAGTCGCA-1	yes	yes	yes	tumor&stroma_IC med to high	mixed	yes	10.0	72.0	1118.0	382.0	328.6624	112.2979	yes
SN124_A938797_Rep2	TAGATGGTTCCTTACT-1	no	yes	no		unresolved	no	59.0	97.0	1438.0	1477.0	422.734	434.1989	yes
SN124_A938797_Rep2	TAGATTCAAAGTGCGG-1	no	yes	no		unresolved	no	69.0	39.0	693.0	1700.0	203.7237	499.755	yes
SN124_A938797_Rep2	TAGATTCCTGGTTATT-1	no	yes	no		unresolved	no	32.0	20.0	450.0	873.0	132.2881	256.6389	yes
SN124_A938797_Rep2	TAGATTCTCTAGCAAA-1	no	yes	no		unresolved	no	73.0	119.0	1720.0	1791.0	505.6345	526.5066	yes
SN124_A938797_Rep2	TAGCAACCTGTCACAA-1	yes	yes	yes	stroma desmoplastic_IC low	stroma	yes	22.0	26.0	527.0	650.0	154.9241	191.0828	yes
SN124_A938797_Rep2	TAGCAGATACTTAGGG-1	no	yes	no		unresolved	no	73.0	93.0	1386.0	1790.0	407.4473	526.2126	yes
SN124_A938797_Rep2	TAGCAGTAAATACGCG-1	no	yes	no		unresolved	no	4.0	120.0	1735.0	249.0	510.0441	73.1994	yes
SN124_A938797_Rep2	TAGCAGTATGACTAAA-1	no	yes	no		unresolved	no	66.0	98.0	1451.0	1634.0	426.5556	480.3528	yes
SN124_A938797_Rep2	TAGCCAGAGGGTCCGG-1	no	yes	no		unresolved	no	7.0	9.0	310.0	314.0	91.1318	92.3077	yes
SN124_A938797_Rep2	TAGCCATGATTGCCTA-1	no	yes	no		unresolved	no	73.0	7.0	282.0	1789.0	82.9005	525.9187	yes
SN124_A938797_Rep2	TAGCCATTTCAAAGTC-1	yes	yes	yes	submucosa	other	yes	43.0	89.0	1336.0	1120.0	392.7486	329.2504	yes
SN124_A938797_Rep2	TAGCCGGCGGTCAGCG-1	yes	yes	yes	tumor	tumor	yes	33.0	85.0	1285.0	896.0	377.756	263.4003	yes
SN124_A938797_Rep2	TAGCGTCCCTCGATTG-1	no	yes	no		unresolved	no	45.0	109.0	1593.0	1165.0	468.2998	342.4792	yes
SN124_A938797_Rep2	TAGCGTCCGGTGTGGT-1	no	yes	no		unresolved	no	53.0	77.0	1181.0	1343.0	347.1828	394.8065	yes
SN124_A938797_Rep2	TAGCGTCGAATATTGA-1	no	yes	no		unresolved	no	34.0	4.0	245.0	917.0	72.0235	269.5737	yes
SN124_A938797_Rep2	TAGCGTTGGGTCTTAC-1	yes	yes	yes	stroma_fibroblastic_IC med	stroma	yes	38.0	68.0	1066.0	1008.0	313.3758	296.3253	yes
SN124_A938797_Rep2	TAGCTAAGTCCGGGAG-1	yes	yes	yes	stroma_fibroblastic_IC med	stroma	yes	29.0	57.0	925.0	806.0	271.9255	236.9427	yes
SN124_A938797_Rep2	TAGCTAGAAGGCATGA-1	no	yes	no		unresolved	no	51.0	51.0	848.0	1298.0	249.2896	381.5777	yes
SN124_A938797_Rep2	TAGCTAGTGATGATGG-1	no	yes	no		unresolved	no	60.0	48.0	809.0	1499.0	237.8246	440.6663	yes
SN124_A938797_Rep2	TAGCTCACTGTGTTTG-1	no	yes	no		unresolved	no	71.0	121.0	1746.0	1746.0	513.2778	513.2778	yes
SN124_A938797_Rep2	TAGCTCAGATCCTAGT-1	no	yes	no		unresolved	no	8.0	116.0	1684.0	338.0	495.0514	99.3631	yes
SN124_A938797_Rep2	TAGCTCGCCTGATAAC-1	no	yes	no		unresolved	no	50.0	58.0	938.0	1276.0	275.7472	375.1102	yes
SN124_A938797_Rep2	TAGCTGATGTGAAGCG-1	no	yes	no		unresolved	no	42.0	10.0	321.0	1096.0	94.3655	322.195	yes
SN124_A938797_Rep2	TAGGAACAGCCTCCAG-1	no	yes	no		unresolved	no	5.0	87.0	1311.0	271.0	385.3993	79.6668	yes
SN124_A938797_Rep2	TAGGAGGCTCGAGAAC-1	no	yes	no		unresolved	no	73.0	115.0	1669.0	1791.0	490.6418	526.5066	yes
SN124_A938797_Rep2	TAGGATCTTAACCGCA-1	no	yes	no		unresolved	no	76.0	70.0	1091.0	1857.0	320.7251	545.9089	yes
SN124_A938797_Rep2	TAGGCATGTTACGCCA-1	yes	yes	yes	exclude	exclude	yes	23.0	85.0	1285.0	673.0	377.756	197.8442	yes
SN124_A938797_Rep2	TAGGCCTATATAGTCT-1	no	yes	no		unresolved	no	66.0	110.0	1605.0	1634.0	471.8275	480.3528	yes
SN124_A938797_Rep2	TAGGCGATGAGGTCTC-1	no	yes	no		unresolved	no	55.0	11.0	334.0	1387.0	98.1872	407.7413	yes
SN124_A938797_Rep2	TAGGCGGCTGCAAAGA-1	no	yes	no		unresolved	no	65.0	13.0	359.0	1610.0	105.5365	473.2974	yes
SN124_A938797_Rep2	TAGGCTAAAGTGGCAC-1	no	yes	no		unresolved	no	65.0	99.0	1464.0	1612.0	430.3773	473.8853	yes
SN124_A938797_Rep2	TAGGGAGCTTGGGATG-1	yes	yes	yes	non neo epithelium	normal epithelium	yes	36.0	96.0	1426.0	964.0	419.2063	283.3905	yes
SN124_A938797_Rep2	TAGGGTGTTTCAAGAG-1	yes	yes	yes	stroma_fibroblastic_IC med	stroma	yes	22.0	54.0	887.0	650.0	260.7545	191.0828	yes
SN124_A938797_Rep2	TAGGTCCAAGTAAGGA-1	yes	yes	yes	exclude	exclude	yes	29.0	23.0	489.0	806.0	143.7531	236.9427	yes
SN124_A938797_Rep2	TAGGTCGCCGGAACTG-1	yes	yes	yes	exclude	exclude	yes	32.0	100.0	1477.0	874.0	434.1989	256.9329	yes
SN124_A938797_Rep2	TAGGTGACGATAACCT-1	no	yes	no		unresolved	no	61.0	79.0	1207.0	1522.0	354.8261	447.4277	yes
SN124_A938797_Rep2	TAGGTGAGCCCTACTC-1	yes	yes	yes	stroma_fibroblastic_IC high	stroma	yes	29.0	33.0	617.0	806.0	181.3817	236.9427	yes
SN124_A938797_Rep2	TAGGTGCTCGCCTAGC-1	yes	yes	yes	submucosa	other	yes	40.0	86.0	1297.0	1053.0	381.2837	309.5541	yes
SN124_A938797_Rep2	TAGGTGTTCCACAGAT-1	no	yes	no		unresolved	no	60.0	60.0	963.0	1499.0	283.0965	440.6663	yes
SN124_A938797_Rep2	TAGGTTCGAGTTCGTC-1	yes	yes	yes	IC aggregate_stroma or muscularis	unresolved	yes	35.0	67.0	1054.0	941.0	309.8481	276.6291	yes
SN124_A938797_Rep2	TAGGTTCTGCTGAGAA-1	no	yes	no		unresolved	no	72.0	62.0	988.0	1767.0	290.4459	519.4512	yes
SN124_A938797_Rep2	TAGTACCACAACTTTC-1	no	yes	no		unresolved	no	63.0	13.0	359.0	1565.0	105.5365	460.0686	yes
SN124_A938797_Rep2	TAGTACCTTAGTGGTC-1	yes	yes	yes	stroma desmoplastic_IC low	stroma	yes	21.0	21.0	463.0	627.0	136.1097	184.3214	yes
SN124_A938797_Rep2	TAGTAGCTTATACCAG-1	no	yes	no		unresolved	no	61.0	43.0	745.0	1521.0	219.0103	447.1338	yes
SN124_A938797_Rep2	TAGTAGTTGCCGGACA-1	no	yes	no		unresolved	no	77.0	73.0	1129.0	1879.0	331.8961	552.3763	yes
SN124_A938797_Rep2	TAGTCCCGGAGACCAC-1	no	yes	no		unresolved	no	66.0	48.0	809.0	1633.0	237.8246	480.0588	yes
SN124_A938797_Rep2	TAGTCCGCAGAGAATG-1	yes	yes	yes	tumor&stroma_IC med to high	mixed	yes	39.0	53.0	874.0	1030.0	256.9329	302.7927	yes
SN124_A938797_Rep2	TAGTCCGTATGCATAA-1	no	yes	no		unresolved	no	15.0	13.0	361.0	493.0	106.1244	144.929	yes
SN124_A938797_Rep2	TAGTCCTGCACTAAGC-1	no	yes	no		unresolved	no	69.0	25.0	513.0	1700.0	150.8084	499.755	yes
SN124_A938797_Rep2	TAGTCGATCACGGGTT-1	no	yes	no		unresolved	no	48.0	96.0	1426.0	1232.0	419.2063	362.1754	yes
SN124_A938797_Rep2	TAGTCGGGATTCTTCG-1	no	yes	no		unresolved	no	12.0	4.0	245.0	426.0	72.0235	125.2327	yes
SN124_A938797_Rep2	TAGTCTAACAACGAGA-1	no	yes	no		unresolved	no	40.0	34.0	630.0	1052.0	185.2033	309.2602	yes
SN124_A938797_Rep2	TAGTCTGCGGCACATT-1	no	yes	no		unresolved	no	72.0	36.0	654.0	1767.0	192.2587	519.4512	yes
SN124_A938797_Rep2	TAGTCTGTGACGTTGC-1	yes	yes	yes	stroma_fibroblastic_IC high	stroma	yes	23.0	103.0	1516.0	673.0	445.6639	197.8442	yes
SN124_A938797_Rep2	TAGTCTTTCCGAATTG-1	no	yes	no		unresolved	no	50.0	116.0	1682.0	1277.0	494.4635	375.4042	yes
SN124_A938797_Rep2	TAGTGACAAGCTCTAC-1	no	yes	no		unresolved	no	73.0	123.0	1772.0	1791.0	520.9211	526.5066	yes
SN124_A938797_Rep2	TAGTGAGAAGTGGTTG-1	yes	yes	yes	tumor&stroma_IC med to high	mixed	yes	3.0	41.0	721.0	225.0	211.9549	66.144	yes
SN124_A938797_Rep2	TAGTGCCCTCCAGAGT-1	yes	yes	yes	stroma_fibroblastic_IC high	stroma	yes	32.0	52.0	861.0	873.0	253.1112	256.6389	yes
SN124_A938797_Rep2	TAGTGCTTGAATCCTT-1	no	yes	no		unresolved	no	10.0	4.0	245.0	381.0	72.0235	112.0039	yes
SN124_A938797_Rep2	TAGTGGAACTCATACA-1	no	yes	no		unresolved	no	3.0	83.0	1260.0	226.0	370.4067	66.438	yes
SN124_A938797_Rep2	TAGTGTCAGAAACGGC-1	no	yes	no		unresolved	no	21.0	19.0	438.0	627.0	128.7604	184.3214	yes
SN124_A938797_Rep2	TAGTTAAGATAGGATA-1	yes	yes	yes	stroma_fibroblastic_IC high	stroma	yes	12.0	82.0	1247.0	427.0	366.585	125.5267	yes
SN124_A938797_Rep2	TAGTTTATTCTTGCTT-1	yes	yes	yes	stroma_fibroblastic_IC high	stroma	yes	13.0	57.0	926.0	449.0	272.2195	131.9941	yes
SN124_A938797_Rep2	TAGTTTGATCGGTCGC-1	no	yes	no		unresolved	no	68.0	0.0	192.0	1677.0	56.4429	492.9936	yes
SN124_A938797_Rep2	TATAAATCCACAAGCT-1	yes	yes	yes	stroma_fibroblastic_IC high	stroma	yes	20.0	44.0	759.0	605.0	223.1259	177.854	yes
SN124_A938797_Rep2	TATAAGTGAGGATAGC-1	yes	yes	yes	stroma_fibroblastic_IC med	stroma	yes	21.0	39.0	694.0	627.0	204.0176	184.3214	yes
SN124_A938797_Rep2	TATACACAGACGCCTT-1	no	yes	no		unresolved	no	50.0	60.0	963.0	1276.0	283.0965	375.1102	yes
SN124_A938797_Rep2	TATACACGCAAAGTAT-1	yes	yes	yes	stroma_fibroblastic_IC high	stroma	yes	18.0	36.0	656.0	560.0	192.8466	164.6252	yes
SN124_A938797_Rep2	TATACCGAGTGCCACA-1	no	yes	no		unresolved	no	50.0	120.0	1734.0	1277.0	509.7501	375.4042	yes
SN124_A938797_Rep2	TATACGCGTCATCACT-1	no	yes	no		unresolved	no	60.0	68.0	1066.0	1499.0	313.3758	440.6663	yes
SN124_A938797_Rep2	TATACTCATGCGGCAA-1	no	yes	no		unresolved	no	20.0	18.0	425.0	605.0	124.9388	177.854	yes
SN124_A938797_Rep2	TATAGAGTCGCTTGAA-1	no	yes	no		unresolved	no	64.0	46.0	783.0	1588.0	230.1813	466.83	yes
SN124_A938797_Rep2	TATAGATGGTCGCAGT-1	no	yes	no		unresolved	no	40.0	102.0	1503.0	1053.0	441.8422	309.5541	yes
SN124_A938797_Rep2	TATAGCGCACGTTATC-1	no	yes	no		unresolved	no	47.0	7.0	283.0	1208.0	83.1945	355.12	yes
SN124_A938797_Rep2	TATAGCTATTATCTCT-1	no	yes	no		unresolved	no	76.0	2.0	218.0	1856.0	64.0862	545.6149	yes
SN124_A938797_Rep2	TATAGGGTACTCATGA-1	no	yes	no		unresolved	no	36.0	20.0	450.0	962.0	132.2881	282.8025	yes
SN124_A938797_Rep2	TATAGTTAGGTGTACT-1	no	yes	no		unresolved	no	72.0	12.0	346.0	1767.0	101.7148	519.4512	yes
SN124_A938797_Rep2	TATATAGGGCTTTACG-1	no	yes	no		unresolved	no	63.0	33.0	616.0	1566.0	181.0877	460.3626	yes
SN124_A938797_Rep2	TATATATCGAGAAATG-1	no	yes	no		unresolved	no	60.0	28.0	552.0	1499.0	162.2734	440.6663	yes
SN124_A938797_Rep2	TATATCAAAGTGATCT-1	no	yes	no		unresolved	no	71.0	37.0	667.0	1745.0	196.0804	512.9838	yes
SN124_A938797_Rep2	TATATCATTGATCAGT-1	no	yes	no		unresolved	no	30.0	6.0	270.0	828.0	79.3729	243.4101	yes
SN124_A938797_Rep2	TATATCCCTGGGAGGA-1	yes	yes	yes	non neo epithelium	normal epithelium	yes	36.0	98.0	1452.0	964.0	426.8496	283.3905	yes
SN124_A938797_Rep2	TATATGCTGGGTTGCC-1	no	yes	no		unresolved	no	23.0	7.0	283.0	672.0	83.1945	197.5502	yes
SN124_A938797_Rep2	TATATTACAAATGTCG-1	yes	yes	yes	tumor	tumor	yes	17.0	107.0	1568.0	539.0	460.9505	158.4517	yes
SN124_A938797_Rep2	TATATTCGCGTCGATA-1	yes	yes	yes	tumor	tumor	yes	8.0	62.0	990.0	337.0	291.0338	99.0691	yes
SN124_A938797_Rep2	TATCAAAGGTCTGTAA-1	no	yes	no		unresolved	no	26.0	6.0	271.0	739.0	79.6668	217.2464	yes
SN124_A938797_Rep2	TATCACAGCACGGGCA-1	yes	yes	yes	tumor	tumor	yes	4.0	64.0	1016.0	248.0	298.6771	72.9054	yes
SN124_A938797_Rep2	TATCACCATGTAAAGT-1	no	yes	no		unresolved	no	9.0	95.0	1414.0	360.0	415.6786	105.8305	yes
SN124_A938797_Rep2	TATCACCCAACCGACC-1	yes	yes	yes	tumor&stroma_IC med to high	mixed	yes	24.0	100.0	1478.0	695.0	434.4929	204.3116	yes
SN124_A938797_Rep2	TATCACTTCGAGTAAC-1	yes	yes	yes	exclude	exclude	yes	17.0	99.0	1465.0	539.0	430.6712	158.4517	yes
SN124_A938797_Rep2	TATCAGTGGCGTAGTC-1	no	yes	no		unresolved	no	54.0	8.0	295.0	1364.0	86.7222	400.9799	yes
SN124_A938797_Rep2	TATCCAATTGGTTATC-1	no	yes	no		unresolved	no	55.0	79.0	1207.0	1388.0	354.8261	408.0353	yes
SN124_A938797_Rep2	TATCCATATCATGCGA-1	yes	yes	yes	stroma_fibroblastic_IC high	stroma	yes	18.0	52.0	861.0	561.0	253.1112	164.9192	yes
SN124_A938797_Rep2	TATCCATCTCGGTTAG-1	no	yes	no		unresolved	no	61.0	17.0	411.0	1521.0	120.8231	447.1338	yes
SN124_A938797_Rep2	TATCCCTCGATCTGCA-1	no	yes	no		unresolved	no	76.0	84.0	1271.0	1857.0	373.6404	545.9089	yes
SN124_A938797_Rep2	TATCCGCACCGTCGGG-1	no	yes	no		unresolved	no	59.0	53.0	873.0	1477.0	256.6389	434.1989	yes
SN124_A938797_Rep2	TATCCTATCAACTGGT-1	no	yes	no		unresolved	no	69.0	59.0	950.0	1700.0	279.2749	499.755	yes
SN124_A938797_Rep2	TATCCTGCATGGGAAT-1	yes	yes	yes	stroma_fibroblastic_IC high	stroma	yes	14.0	54.0	887.0	471.0	260.7545	138.4615	yes
SN124_A938797_Rep2	TATCGATCTATGCATA-1	yes	yes	yes	stroma_fibroblastic_IC high	stroma	yes	22.0	88.0	1324.0	651.0	389.221	191.3768	yes
SN124_A938797_Rep2	TATCGATGATTAAACG-1	yes	yes	yes	stroma_fibroblastic_IC high	stroma	yes	23.0	49.0	823.0	672.0	241.9402	197.5502	yes
SN124_A938797_Rep2	TATCTACAGAGGTAAT-1	no	yes	no		unresolved	no	30.0	24.0	502.0	828.0	147.5747	243.4101	yes
SN124_A938797_Rep2	TATCTACCACAGCGGG-1	yes	yes	yes	stroma_fibroblastic_IC high	stroma	yes	42.0	60.0	963.0	1097.0	283.0965	322.489	yes
SN124_A938797_Rep2	TATCTAGCCTAAAGGA-1	no	yes	no		unresolved	no	34.0	12.0	347.0	917.0	102.0088	269.5737	yes
SN124_A938797_Rep2	TATCTGAGCCGATATT-1	no	yes	no		unresolved	no	64.0	8.0	295.0	1588.0	86.7222	466.83	yes
SN124_A938797_Rep2	TATCTTGCAATACAAC-1	no	yes	no		unresolved	no	56.0	16.0	398.0	1409.0	117.0015	414.2087	yes
SN124_A938797_Rep2	TATGAAGAATTAAGGT-1	no	yes	no		unresolved	no	67.0	99.0	1464.0	1656.0	430.3773	486.8202	yes
SN124_A938797_Rep2	TATGAAGACAGGTGCG-1	no	yes	no		unresolved	no	29.0	21.0	463.0	806.0	136.1097	236.9427	yes
SN124_A938797_Rep2	TATGACCTTGCGCTGG-1	no	yes	no		unresolved	no	48.0	0.0	193.0	1230.0	56.7369	361.5875	yes
SN124_A938797_Rep2	TATGATAAATCTAACG-1	no	yes	no		unresolved	no	6.0	82.0	1247.0	293.0	366.585	86.1342	yes
SN124_A938797_Rep2	TATGATCCGGCACGCC-1	no	yes	no		unresolved	no	26.0	112.0	1632.0	740.0	479.7648	217.5404	yes
SN124_A938797_Rep2	TATGATCTTCTCTTTA-1	no	yes	no		unresolved	no	58.0	90.0	1348.0	1455.0	396.2763	427.7315	yes
SN124_A938797_Rep2	TATGATTCTGCTTGGT-1	yes	yes	yes	stroma_fibroblastic_IC high	stroma	yes	5.0	35.0	644.0	270.0	189.319	79.3729	yes
SN124_A938797_Rep2	TATGCTCCCTACTTAC-1	yes	yes	yes	stroma_fibroblastic_IC med	stroma	yes	25.0	61.0	977.0	717.0	287.2121	210.779	yes
SN124_A938797_Rep2	TATGGAGTTTCTCGTT-1	yes	yes	yes	stroma_fibroblastic_IC high	stroma	yes	6.0	32.0	605.0	292.0	177.854	85.8403	yes
SN124_A938797_Rep2	TATGGATGTGCTACGC-1	yes	yes	yes	stroma_fibroblastic_IC high	stroma	yes	26.0	54.0	887.0	739.0	260.7545	217.2464	yes
SN124_A938797_Rep2	TATGGCAGACTTTCGA-1	no	yes	no		unresolved	no	1.0	21.0	464.0	180.0	136.4037	52.9152	yes
SN124_A938797_Rep2	TATGGCCCGGCCTCGC-1	yes	yes	yes	stroma_fibroblastic_IC high	stroma	yes	30.0	30.0	579.0	828.0	170.2107	243.4101	yes
SN124_A938797_Rep2	TATGGCTAGGCTAATT-1	no	yes	no		unresolved	no	27.0	125.0	1799.0	763.0	528.8584	224.3018	yes
SN124_A938797_Rep2	TATGGGACCGAGCAGG-1	yes	yes	yes	stroma_fibroblastic_IC high	stroma	yes	36.0	56.0	912.0	963.0	268.1039	283.0965	yes
SN124_A938797_Rep2	TATGGGTACGTATCGT-1	yes	yes	yes	stroma_fibroblastic_IC high	stroma	yes	32.0	58.0	938.0	874.0	275.7472	256.9329	yes
SN124_A938797_Rep2	TATGGTCTGAGTAACA-1	yes	yes	yes	stroma_fibroblastic_IC high	stroma	yes	36.0	58.0	938.0	963.0	275.7472	283.0965	yes
SN124_A938797_Rep2	TATGGTTAGTGGGAGA-1	no	yes	no		unresolved	no	41.0	105.0	1541.0	1075.0	453.0132	316.0216	yes
SN124_A938797_Rep2	TATGTAAAGTGCTTAA-1	no	yes	no		unresolved	no	66.0	44.0	757.0	1633.0	222.538	480.0588	yes
SN124_A938797_Rep2	TATGTAGAAACCCGGC-1	no	yes	no		unresolved	no	61.0	7.0	282.0	1521.0	82.9005	447.1338	yes
SN124_A938797_Rep2	TATGTCAAGACCGACT-1	yes	yes	yes	stroma_fibroblastic_IC high	stroma	yes	20.0	92.0	1375.0	606.0	404.2136	178.148	yes
SN124_A938797_Rep2	TATGTCTCATTGTGCC-1	yes	yes	yes	tumor	tumor	yes	30.0	82.0	1246.0	829.0	366.291	243.7041	yes
SN124_A938797_Rep2	TATTAACACCAAAGCA-1	no	yes	no		unresolved	no	54.0	10.0	321.0	1364.0	94.3655	400.9799	yes
SN124_A938797_Rep2	TATTAACCTGACCGCG-1	no	yes	no		unresolved	no	57.0	45.0	770.0	1432.0	226.3596	420.9701	yes
SN124_A938797_Rep2	TATTACCATCCTGCTT-1	yes	yes	yes	epitehlium&submucosa	other	yes	38.0	96.0	1426.0	1008.0	419.2063	296.3253	yes
SN124_A938797_Rep2	TATTATGTTTGCCTGC-1	no	yes	no		unresolved	no	57.0	17.0	411.0	1431.0	120.8231	420.6761	yes
SN124_A938797_Rep2	TATTCAATTCTAATCC-1	yes	yes	yes	stroma_fibroblastic_IC high	stroma	yes	34.0	74.0	1143.0	918.0	336.0118	269.8677	yes
SN124_A938797_Rep2	TATTCCACTCAGCTCG-1	no	yes	no		unresolved	no	49.0	57.0	925.0	1253.0	271.9255	368.3488	yes
SN124_A938797_Rep2	TATTCCGAGCTGTTAT-1	no	yes	no		unresolved	no	54.0	86.0	1297.0	1366.0	381.2837	401.5679	yes
SN124_A938797_Rep2	TATTCCGGCAGTCCTA-1	yes	yes	yes	stroma_fibroblastic_IC high	stroma	yes	5.0	57.0	926.0	270.0	272.2195	79.3729	yes
SN124_A938797_Rep2	TATTCCTCCGCCCACT-1	no	yes	no		unresolved	no	48.0	32.0	604.0	1231.0	177.56	361.8814	yes
SN124_A938797_Rep2	TATTCGTGCCAGAATA-1	yes	yes	yes	stroma_fibroblastic_IC med	stroma	yes	34.0	64.0	1015.0	918.0	298.3831	269.8677	yes
SN124_A938797_Rep2	TATTGACATTTCTGCC-1	no	yes	no		unresolved	no	35.0	117.0	1696.0	942.0	498.5791	276.9231	yes
SN124_A938797_Rep2	TATTGCCGGGCTTGTA-1	no	yes	no		unresolved	no	67.0	113.0	1643.0	1656.0	482.9985	486.8202	yes
SN124_A938797_Rep2	TATTTAGTCTAGATCG-1	yes	yes	yes	stroma_fibroblastic_IC high	stroma	yes	18.0	58.0	938.0	561.0	275.7472	164.9192	yes
SN124_A938797_Rep2	TATTTATACCGAGTAG-1	yes	yes	yes	stroma_fibroblastic_IC high	stroma	yes	16.0	78.0	1195.0	516.0	351.2984	151.6903	yes
SN124_A938797_Rep2	TATTTGATTTGCACAG-1	no	yes	no		unresolved	no	54.0	118.0	1708.0	1366.0	502.1068	401.5679	yes
SN124_A938797_Rep2	TATTTGTTACCCTTTA-1	yes	yes	yes	stroma_fibroblastic_IC high	stroma	yes	24.0	46.0	784.0	695.0	230.4753	204.3116	yes
SN124_A938797_Rep2	TCAAACAACCGCGTCG-1	yes	yes	yes	stroma_fibroblastic_IC high	stroma	yes	24.0	60.0	964.0	695.0	283.3905	204.3116	yes
SN124_A938797_Rep2	TCAAACAATTAGGACA-1	no	yes	no		unresolved	no	2.0	116.0	1684.0	204.0	495.0514	59.9706	yes
SN124_A938797_Rep2	TCAAACTTAGATTGTT-1	yes	yes	yes	stroma_fibroblastic_IC high	stroma	yes	31.0	65.0	1028.0	851.0	302.2048	250.1715	yes
SN124_A938797_Rep2	TCAAAGAGCTATCTGT-1	no	yes	no		unresolved	no	49.0	5.0	257.0	1252.0	75.5512	368.0549	yes
SN124_A938797_Rep2	TCAAAGTCACGGCGTC-1	no	yes	no		unresolved	no	70.0	24.0	500.0	1722.0	146.9868	506.2224	yes
SN124_A938797_Rep2	TCAAATTATGTTCGAC-1	no	yes	no		unresolved	no	74.0	126.0	1810.0	1813.0	532.0921	532.974	yes
SN124_A938797_Rep2	TCAAATTGTTGTGCCG-1	no	yes	no		unresolved	no	68.0	78.0	1194.0	1678.0	351.0044	493.2876	yes
SN124_A938797_Rep2	TCAAATTTGAGACTCA-1	no	yes	no		unresolved	no	60.0	70.0	1091.0	1499.0	320.7251	440.6663	yes
SN124_A938797_Rep2	TCAACAAAGATAATTC-1	no	yes	no		unresolved	no	53.0	29.0	565.0	1342.0	166.0951	394.5125	yes
SN124_A938797_Rep2	TCAACACATTGGGTAA-1	yes	yes	yes	stroma desmoplastic_IC low	stroma	yes	11.0	35.0	643.0	404.0	189.025	118.7653	yes
SN124_A938797_Rep2	TCAACATAGCGCCCTA-1	no	yes	no		unresolved	no	58.0	44.0	758.0	1454.0	222.8319	427.4375	yes
SN124_A938797_Rep2	TCAACATCGACCGAGA-1	no	yes	no		unresolved	no	44.0	16.0	398.0	1141.0	117.0015	335.4238	yes
SN124_A938797_Rep2	TCAACCATGTTCGGGC-1	yes	yes	yes	stroma_fibroblastic_IC high	stroma	yes	25.0	51.0	848.0	717.0	249.2896	210.779	yes
SN124_A938797_Rep2	TCAACGAGGAGACAAA-1	yes	yes	yes	stroma_fibroblastic_IC med	stroma	yes	42.0	56.0	912.0	1097.0	268.1039	322.489	yes
SN124_A938797_Rep2	TCAACGCAGGAAATAA-1	no	yes	no		unresolved	no	49.0	31.0	591.0	1253.0	173.7384	368.3488	yes
SN124_A938797_Rep2	TCAACGCGACCGGCAG-1	no	yes	no		unresolved	no	39.0	23.0	488.0	1029.0	143.4591	302.4988	yes
SN124_A938797_Rep2	TCAACTAACGTATAAC-1	no	yes	no		unresolved	no	31.0	19.0	437.0	851.0	128.4664	250.1715	yes
SN124_A938797_Rep2	TCAACTGCAGAGTCAG-1	no	yes	no		unresolved	no	56.0	108.0	1579.0	1411.0	464.1842	414.7967	yes
SN124_A938797_Rep2	TCAAGAAATACTAGCT-1	no	yes	no		unresolved	no	34.0	108.0	1580.0	919.0	464.4782	270.1617	yes
SN124_A938797_Rep2	TCAAGCGCGGACGGTA-1	no	yes	no		unresolved	no	58.0	114.0	1656.0	1455.0	486.8202	427.7315	yes
SN124_A938797_Rep2	TCAAGCTGCCTTGAAA-1	no	yes	no		unresolved	no	28.0	126.0	1811.0	785.0	532.3861	230.7692	yes
SN124_A938797_Rep2	TCAAGGTTACTACACC-1	no	yes	no		unresolved	no	47.0	103.0	1515.0	1209.0	445.3699	355.414	yes
SN124_A938797_Rep2	TCAATACAATTGCTGC-1	no	yes	no		unresolved	no	30.0	2.0	219.0	828.0	64.3802	243.4101	yes
SN124_A938797_Rep2	TCAATACGCCGTCATG-1	no	yes	no		unresolved	no	63.0	61.0	976.0	1566.0	286.9182	460.3626	yes
SN124_A938797_Rep2	TCAATATACAGGAGGC-1	no	yes	no		unresolved	no	70.0	118.0	1707.0	1724.0	501.8128	506.8104	yes
SN124_A938797_Rep2	TCAATCCCGCGCCAAA-1	no	yes	no		unresolved	no	69.0	121.0	1746.0	1701.0	513.2778	500.049	yes
SN124_A938797_Rep2	TCAATCCGGGAAGTTT-1	no	yes	no		unresolved	no	74.0	104.0	1528.0	1813.0	449.1916	532.974	yes
SN124_A938797_Rep2	TCACAAACCGAGGTAC-1	no	yes	no		unresolved	no	61.0	95.0	1412.0	1522.0	415.0906	447.4277	yes
SN124_A938797_Rep2	TCACAGATCCTCAAAC-1	no	yes	no		unresolved	no	11.0	15.0	387.0	404.0	113.7678	118.7653	yes
SN124_A938797_Rep2	TCACAGCAAACTCGAA-1	no	yes	no		unresolved	no	51.0	49.0	822.0	1298.0	241.6462	381.5777	yes
SN124_A938797_Rep2	TCACAGGAGAATAAGA-1	no	yes	no		unresolved	no	55.0	49.0	822.0	1387.0	241.6462	407.7413	yes
SN124_A938797_Rep2	TCACAGGGAATCGCAA-1	yes	yes	yes	non neo epithelium	normal epithelium	yes	47.0	79.0	1207.0	1209.0	354.8261	355.414	yes
SN124_A938797_Rep2	TCACAGGTTATTGGGC-1	yes	yes	yes	stroma_fibroblastic_IC high	stroma	yes	32.0	48.0	810.0	873.0	238.1186	256.6389	yes
SN124_A938797_Rep2	TCACATCTTATCTGAT-1	no	yes	no		unresolved	no	28.0	20.0	450.0	784.0	132.2881	230.4753	yes
SN124_A938797_Rep2	TCACCCTCTTAAGATT-1	yes	yes	yes	stroma_fibroblastic_IC high	stroma	yes	45.0	59.0	951.0	1164.0	279.5688	342.1852	yes
SN124_A938797_Rep2	TCACCGCTCGGCACTC-1	yes	yes	yes	tumor&stroma_IC med to high	mixed	yes	30.0	92.0	1375.0	829.0	404.2136	243.7041	yes
SN124_A938797_Rep2	TCACGATGTCCGTGGA-1	no	yes	no		unresolved	no	52.0	28.0	552.0	1320.0	162.2734	388.0451	yes
SN124_A938797_Rep2	TCACGATTAATACGTT-1	no	yes	no		unresolved	no	75.0	1.0	205.0	1833.0	60.2646	538.8535	yes
SN124_A938797_Rep2	TCACGCATTGTAGATC-1	yes	yes	yes	stroma_fibroblastic_IC high	stroma	yes	33.0	49.0	822.0	896.0	241.6462	263.4003	yes
SN124_A938797_Rep2	TCACGGCCCAAGAGAG-1	no	yes	no		unresolved	no	68.0	18.0	423.0	1677.0	124.3508	492.9936	yes
SN124_A938797_Rep2	TCACGGTCATCGCACA-1	yes	yes	yes	tumor&stroma_IC med to high	mixed	yes	23.0	45.0	771.0	672.0	226.6536	197.5502	yes
SN124_A938797_Rep2	TCACGTGCCCGATTCA-1	yes	yes	yes	stroma_fibroblastic_IC high	stroma	yes	38.0	62.0	989.0	1008.0	290.7398	296.3253	yes
SN124_A938797_Rep2	TCACTACGACCAATGC-1	yes	yes	yes	exclude	exclude	yes	13.0	95.0	1414.0	450.0	415.6786	132.2881	yes
SN124_A938797_Rep2	TCACTATCCCTTCGGT-1	no	yes	no		unresolved	no	72.0	104.0	1528.0	1768.0	449.1916	519.7452	yes
SN124_A938797_Rep2	TCACTATCGTGCAATC-1	yes	yes	yes	stroma_fibroblastic_IC high	stroma	yes	4.0	34.0	631.0	248.0	185.4973	72.9054	yes
SN124_A938797_Rep2	TCACTCAGCGCATTAG-1	no	yes	no		unresolved	no	0.0	44.0	759.0	158.0	223.1259	46.4478	yes
SN124_A938797_Rep2	TCACTCGTGCAACGGC-1	yes	yes	yes	stroma_fibroblastic_IC high	stroma	yes	15.0	93.0	1388.0	494.0	408.0353	145.2229	yes
SN124_A938797_Rep2	TCACTCTTCGTCTGTC-1	no	yes	no		unresolved	no	18.0	8.0	296.0	560.0	87.0162	164.6252	yes
SN124_A938797_Rep2	TCAGAACCTCCACAGG-1	no	yes	no		unresolved	no	30.0	106.0	1554.0	830.0	456.8349	243.998	yes
SN124_A938797_Rep2	TCAGAACGGCGGTAAT-1	no	yes	no		unresolved	no	73.0	79.0	1207.0	1790.0	354.8261	526.2126	yes
SN124_A938797_Rep2	TCAGACGCTATAGAAG-1	yes	yes	yes	epitehlium&submucosa	other	yes	48.0	72.0	1117.0	1231.0	328.3684	361.8814	yes
SN124_A938797_Rep2	TCAGAGCATGTCAACG-1	no	yes	no		unresolved	no	77.0	7.0	282.0	1878.0	82.9005	552.0823	yes
SN124_A938797_Rep2	TCAGAGGACGCGTTAG-1	no	yes	no		unresolved	no	75.0	87.0	1309.0	1835.0	384.8114	539.4414	yes
SN124_A938797_Rep2	TCAGAGTGTGAGCATG-1	no	yes	no		unresolved	no	61.0	127.0	1823.0	1523.0	535.9138	447.7217	yes
SN124_A938797_Rep2	TCAGATGGAGACGTAG-1	no	yes	no		unresolved	no	13.0	127.0	1825.0	450.0	536.5017	132.2881	yes
SN124_A938797_Rep2	TCAGCAAATGCATCTC-1	yes	yes	yes	tumor&stroma_IC med to high	mixed	yes	31.0	73.0	1131.0	851.0	332.4841	250.1715	yes
SN124_A938797_Rep2	TCAGCAGTAGGCCCTG-1	no	yes	no		unresolved	no	61.0	41.0	719.0	1521.0	211.367	447.1338	yes
SN124_A938797_Rep2	TCAGCCAATCCGTAAA-1	no	yes	no		unresolved	no	63.0	105.0	1541.0	1567.0	453.0132	460.6565	yes
SN124_A938797_Rep2	TCAGCGCACGCCGTTT-1	no	yes	no		unresolved	no	74.0	80.0	1219.0	1812.0	358.3537	532.6801	yes
SN124_A938797_Rep2	TCAGCTTGAGCTTTCG-1	no	yes	no		unresolved	no	62.0	2.0	218.0	1543.0	64.0862	453.6012	yes
SN124_A938797_Rep2	TCAGGGCGACTTCCTT-1	no	yes	no		unresolved	no	24.0	4.0	245.0	694.0	72.0235	204.0176	yes
SN124_A938797_Rep2	TCAGGGCGCAAACTCG-1	no	yes	no		unresolved	no	22.0	16.0	399.0	649.0	117.2954	190.7888	yes
SN124_A938797_Rep2	TCAGGGTGCACGAAAC-1	no	yes	no		unresolved	no	7.0	89.0	1337.0	315.0	393.0426	92.6017	yes
SN124_A938797_Rep2	TCAGGGTGTAACGTAA-1	yes	yes	yes	stroma_fibroblastic_IC med	stroma	yes	28.0	72.0	1118.0	784.0	328.6624	230.4753	yes
SN124_A938797_Rep2	TCAGGTTCTTTGAGAA-1	yes	yes	yes	stroma_fibroblastic_IC high	stroma	yes	30.0	42.0	733.0	829.0	215.4826	243.7041	yes
SN124_A938797_Rep2	TCAGTACTGACCCGCG-1	yes	yes	yes	stroma_fibroblastic_IC high	stroma	yes	26.0	34.0	630.0	739.0	185.2033	217.2464	yes
SN124_A938797_Rep2	TCAGTAGGGACTATAA-1	yes	yes	yes	stroma_fibroblastic_IC high	stroma	yes	46.0	48.0	809.0	1186.0	237.8246	348.6526	yes
SN124_A938797_Rep2	TCAGTGTATACGTCAT-1	no	yes	no		unresolved	no	58.0	36.0	655.0	1454.0	192.5527	427.4375	yes
SN124_A938797_Rep2	TCAGTTACGGAATGAT-1	no	yes	no		unresolved	no	3.0	75.0	1157.0	226.0	340.1274	66.438	yes
SN124_A938797_Rep2	TCATAAGTCCAAGAAG-1	no	yes	no		unresolved	no	62.0	124.0	1785.0	1545.0	524.7428	454.1891	yes
SN124_A938797_Rep2	TCATACTTACAGATCC-1	yes	yes	yes	stroma desmoplastic_IC low	stroma	yes	22.0	24.0	502.0	650.0	147.5747	191.0828	yes
SN124_A938797_Rep2	TCATATGAGCTTTGTT-1	no	yes	no		unresolved	no	64.0	62.0	989.0	1589.0	290.7398	467.124	yes
SN124_A938797_Rep2	TCATCACTCGAGCTCG-1	yes	yes	yes	stroma desmoplastic_IC low	stroma	yes	17.0	29.0	566.0	538.0	166.389	158.1578	yes
SN124_A938797_Rep2	TCATCCATCTGATCAC-1	no	yes	no		unresolved	no	74.0	12.0	346.0	1811.0	101.7148	532.3861	yes
SN124_A938797_Rep2	TCATCCCAGAGGGTGG-1	yes	yes	yes	stroma_fibroblastic_IC high	stroma	yes	12.0	70.0	1093.0	427.0	321.3131	125.5267	yes
SN124_A938797_Rep2	TCATCCTCAGCTGCTT-1	no	yes	no		unresolved	no	68.0	90.0	1348.0	1678.0	396.2763	493.2876	yes
SN124_A938797_Rep2	TCATCGACGACCGTCG-1	no	yes	no		unresolved	no	70.0	84.0	1271.0	1723.0	373.6404	506.5164	yes
SN124_A938797_Rep2	TCATCGATGGTCCCAA-1	no	yes	no		unresolved	no	57.0	29.0	565.0	1432.0	166.0951	420.9701	yes
SN124_A938797_Rep2	TCATGAAGCGCTGCAT-1	no	yes	no		unresolved	no	77.0	15.0	385.0	1878.0	113.1798	552.0823	yes
SN124_A938797_Rep2	TCATGCAGGTTCTCAT-1	yes	yes	yes	stroma_fibroblastic_IC high	stroma	yes	18.0	84.0	1272.0	561.0	373.9343	164.9192	yes
SN124_A938797_Rep2	TCATGGAGGCCTTTGT-1	no	yes	no		unresolved	no	77.0	119.0	1720.0	1880.0	505.6345	552.6703	yes
SN124_A938797_Rep2	TCATTCGTATAATTTG-1	no	yes	no		unresolved	no	6.0	110.0	1607.0	293.0	472.4155	86.1342	yes
SN124_A938797_Rep2	TCATTTAAGTCTCCGA-1	yes	yes	yes	submucosa	other	yes	35.0	99.0	1464.0	941.0	430.3773	276.6291	yes
SN124_A938797_Rep2	TCATTTAGAAGTGTGA-1	no	yes	no		unresolved	no	54.0	110.0	1605.0	1366.0	471.8275	401.5679	yes
SN124_A938797_Rep2	TCCAACTCAGCTATCT-1	no	yes	no		unresolved	no	67.0	91.0	1361.0	1656.0	400.098	486.8202	yes
SN124_A938797_Rep2	TCCAACTTTAAATTCT-1	yes	yes	yes	stroma_fibroblastic_IC high	stroma	yes	40.0	40.0	707.0	1052.0	207.8393	309.2602	yes
SN124_A938797_Rep2	TCCAAGCCTAGACACA-1	no	yes	no		unresolved	no	67.0	79.0	1207.0	1656.0	354.8261	486.8202	yes
SN124_A938797_Rep2	TCCAATAAAGGCTACC-1	no	yes	no		unresolved	no	63.0	53.0	873.0	1566.0	256.6389	460.3626	yes
SN124_A938797_Rep2	TCCAATGCGTCGCCGC-1	no	yes	no		unresolved	no	65.0	1.0	205.0	1610.0	60.2646	473.2974	yes
SN124_A938797_Rep2	TCCACAATGGTTTACG-1	yes	yes	yes	stroma_fibroblastic_IC high	stroma	yes	30.0	36.0	656.0	828.0	192.8466	243.4101	yes
SN124_A938797_Rep2	TCCACATCGTATATTG-1	no	yes	no		unresolved	no	69.0	67.0	1053.0	1700.0	309.5541	499.755	yes
SN124_A938797_Rep2	TCCACCAAGACATAGG-1	no	yes	no		unresolved	no	72.0	108.0	1579.0	1768.0	464.1842	519.7452	yes
SN124_A938797_Rep2	TCCACCTCTAGCCTTT-1	no	yes	no		unresolved	no	61.0	53.0	873.0	1521.0	256.6389	447.1338	yes
SN124_A938797_Rep2	TCCACTTTATCTAGGT-1	yes	yes	yes	stroma_fibroblastic_IC high	stroma	yes	31.0	79.0	1208.0	852.0	355.12	250.4655	yes
SN124_A938797_Rep2	TCCAGAGCACCGGTTC-1	yes	yes	yes	stroma_fibroblastic_IC med	stroma	yes	40.0	70.0	1092.0	1052.0	321.0191	309.2602	yes
SN124_A938797_Rep2	TCCAGATGTACGCCAA-1	no	yes	no		unresolved	no	24.0	114.0	1657.0	696.0	487.1142	204.6056	yes
SN124_A938797_Rep2	TCCAGCGCTATAAGCG-1	no	yes	no		unresolved	no	52.0	116.0	1682.0	1321.0	494.4635	388.339	yes
SN124_A938797_Rep2	TCCAGGCAGGACGATC-1	no	yes	no		unresolved	no	72.0	56.0	911.0	1767.0	267.8099	519.4512	yes
SN124_A938797_Rep2	TCCAGGCGAGTACGGT-1	yes	yes	yes	stroma_fibroblastic_IC high	stroma	yes	31.0	57.0	925.0	851.0	271.9255	250.1715	yes
SN124_A938797_Rep2	TCCAGGGTATATACGA-1	no	yes	no		unresolved	no	61.0	63.0	1001.0	1522.0	294.2675	447.4277	yes
SN124_A938797_Rep2	TCCATCAATACTAATC-1	no	yes	no		unresolved	no	64.0	14.0	372.0	1588.0	109.3582	466.83	yes
SN124_A938797_Rep2	TCCATTAGTTGGATAG-1	yes	yes	yes	stroma desmoplastic_IC med to high	stroma	yes	6.0	26.0	528.0	292.0	155.218	85.8403	yes
SN124_A938797_Rep2	TCCATTCCCACTAGAG-1	no	yes	no		unresolved	no	18.0	126.0	1812.0	562.0	532.6801	165.2131	yes
SN124_A938797_Rep2	TCCATTGTGACCTCGT-1	yes	yes	yes	exclude	exclude	yes	8.0	76.0	1170.0	338.0	343.949	99.3631	yes
SN124_A938797_Rep2	TCCCAAACAGACAACG-1	yes	yes	yes	tumor&stroma_IC med to high	mixed	yes	22.0	110.0	1606.0	651.0	472.1215	191.3768	yes
SN124_A938797_Rep2	TCCCAAACATCCTCTA-1	no	yes	no		unresolved	no	75.0	35.0	641.0	1834.0	188.437	539.1475	yes
SN124_A938797_Rep2	TCCCAAAGACGAAGGA-1	yes	yes	yes	stroma_fibroblastic_IC high	stroma	yes	26.0	60.0	964.0	740.0	283.3905	217.5404	yes
SN124_A938797_Rep2	TCCCAAAGCCCTAAAT-1	no	yes	no		unresolved	no	39.0	117.0	1695.0	1031.0	498.2852	303.0867	yes
SN124_A938797_Rep2	TCCCAATATCGACGAC-1	no	yes	no		unresolved	no	77.0	101.0	1489.0	1880.0	437.7266	552.6703	yes
SN124_A938797_Rep2	TCCCACGGAGGGAGCT-1	no	yes	no		unresolved	no	1.0	75.0	1157.0	181.0	340.1274	53.2092	yes
SN124_A938797_Rep2	TCCCACTCTCTTCCGG-1	no	yes	no		unresolved	no	31.0	107.0	1567.0	852.0	460.6565	250.4655	yes
SN124_A938797_Rep2	TCCCAGCACACGACAT-1	no	yes	no		unresolved	no	56.0	124.0	1785.0	1411.0	524.7428	414.7967	yes
SN124_A938797_Rep2	TCCCAGCTTTAGTCTG-1	yes	yes	yes	stroma_fibroblastic_IC med	stroma	yes	34.0	56.0	912.0	918.0	268.1039	269.8677	yes
SN124_A938797_Rep2	TCCCAGGCTTAGCTAA-1	yes	yes	yes	stroma_fibroblastic_IC high	stroma	yes	30.0	48.0	810.0	829.0	238.1186	243.7041	yes
SN124_A938797_Rep2	TCCCGCCTATGTGCGT-1	no	yes	no		unresolved	no	32.0	122.0	1760.0	875.0	517.3934	257.2268	yes
SN124_A938797_Rep2	TCCCGCGTACTCCTGG-1	yes	yes	yes	stroma_fibroblastic_IC med	stroma	yes	27.0	69.0	1079.0	762.0	317.1974	224.0078	yes
SN124_A938797_Rep2	TCCCGGGTGTGCTGCT-1	yes	yes	yes	stroma_fibroblastic_IC high	stroma	yes	34.0	34.0	630.0	918.0	185.2033	269.8677	yes
SN124_A938797_Rep2	TCCCGGTCAGGAATTT-1	yes	yes	yes	stroma_fibroblastic_IC high	stroma	yes	8.0	36.0	656.0	337.0	192.8466	99.0691	yes
SN124_A938797_Rep2	TCCCGTCAGTCCCGCA-1	yes	yes	yes	tumor&stroma_IC med to high	mixed	yes	23.0	75.0	1157.0	673.0	340.1274	197.8442	yes
SN124_A938797_Rep2	TCCCGTCGCGTCATAG-1	no	yes	no		unresolved	no	29.0	115.0	1670.0	807.0	490.9358	237.2366	yes
SN124_A938797_Rep2	TCCCGTGTGCAATTTG-1	yes	yes	yes	non neo epithelium	normal epithelium	yes	44.0	80.0	1220.0	1142.0	358.6477	335.7178	yes
SN124_A938797_Rep2	TCCCTAGATCAATAGG-1	no	yes	no		unresolved	no	28.0	114.0	1657.0	785.0	487.1142	230.7692	yes
SN124_A938797_Rep2	TCCCTCCGAAATCGTT-1	no	yes	no		unresolved	no	2.0	26.0	528.0	203.0	155.218	59.6766	yes
SN124_A938797_Rep2	TCCCTCTTCTCAAGGG-1	no	yes	no		unresolved	no	65.0	115.0	1669.0	1612.0	490.6418	473.8853	yes
SN124_A938797_Rep2	TCCCTGGCGTATTAAC-1	no	yes	no		unresolved	no	58.0	18.0	424.0	1454.0	124.6448	427.4375	yes
SN124_A938797_Rep2	TCCCTGGCTCGCTGGA-1	no	yes	no		unresolved	no	33.0	27.0	540.0	895.0	158.7457	263.1063	yes
SN124_A938797_Rep2	TCCCTTAGATTACTCG-1	yes	yes	yes	stroma_fibroblastic_IC med	stroma	yes	18.0	86.0	1298.0	561.0	381.5777	164.9192	yes
SN124_A938797_Rep2	TCCCTTGTCTGAAACT-1	no	yes	no		unresolved	no	67.0	115.0	1669.0	1656.0	490.6418	486.8202	yes
SN124_A938797_Rep2	TCCGAACGTTGCCGCT-1	no	yes	no		unresolved	no	51.0	121.0	1746.0	1299.0	513.2778	381.8716	yes
SN124_A938797_Rep2	TCCGAACTTGGCTTAC-1	no	yes	no		unresolved	no	33.0	19.0	437.0	895.0	128.4664	263.1063	yes
SN124_A938797_Rep2	TCCGAAGTAGTCACCA-1	no	yes	no		unresolved	no	14.0	110.0	1606.0	472.0	472.1215	138.7555	yes
SN124_A938797_Rep2	TCCGAATGGTCCTGAG-1	no	yes	no		unresolved	no	31.0	113.0	1644.0	852.0	483.2925	250.4655	yes
SN124_A938797_Rep2	TCCGACCGCTAATCAA-1	no	yes	no		unresolved	no	70.0	36.0	654.0	1722.0	192.2587	506.2224	yes
SN124_A938797_Rep2	TCCGAGAAGGCTAAGC-1	yes	yes	yes	IC aggregate_stroma or muscularis	unresolved	yes	6.0	42.0	733.0	292.0	215.4826	85.8403	yes
SN124_A938797_Rep2	TCCGATAATTGCCATA-1	yes	yes	yes	stroma_fibroblastic_IC high	stroma	yes	18.0	64.0	1016.0	561.0	298.6771	164.9192	yes
SN124_A938797_Rep2	TCCGATGACTGAGCTC-1	yes	yes	yes	stroma_fibroblastic_IC high	stroma	yes	22.0	76.0	1169.0	650.0	343.6551	191.0828	yes
SN124_A938797_Rep2	TCCGATGGTGCGACAT-1	yes	yes	yes	tumor	tumor	yes	25.0	53.0	874.0	717.0	256.9329	210.779	yes
SN124_A938797_Rep2	TCCGATTACATTGCCG-1	yes	yes	yes	stroma_fibroblastic_IC high	stroma	yes	32.0	32.0	604.0	873.0	177.56	256.6389	yes
SN124_A938797_Rep2	TCCGCAGCCACCTAGC-1	no	yes	no		unresolved	no	13.0	7.0	284.0	448.0	83.4885	131.7001	yes
SN124_A938797_Rep2	TCCGCCTGTCTACAAG-1	no	yes	no		unresolved	no	56.0	74.0	1143.0	1410.0	336.0118	414.5027	yes
SN124_A938797_Rep2	TCCGCGGCAGCATCTG-1	yes	yes	yes	tumor	tumor	yes	34.0	84.0	1272.0	919.0	373.9343	270.1617	yes
SN124_A938797_Rep2	TCCGCGGCCCAATGAA-1	no	yes	no		unresolved	no	53.0	99.0	1464.0	1343.0	430.3773	394.8065	yes
SN124_A938797_Rep2	TCCGCTGGGTCGATCG-1	no	yes	no		unresolved	no	72.0	0.0	192.0	1766.0	56.4429	519.1573	yes
SN124_A938797_Rep2	TCCGCTGTCATCCCGG-1	yes	yes	yes	submucosa	other	yes	47.0	81.0	1233.0	1209.0	362.4694	355.414	yes
SN124_A938797_Rep2	TCCGCTTATCCCATTA-1	yes	yes	yes	muscularis_IC med to high	other	yes	50.0	64.0	1015.0	1276.0	298.3831	375.1102	yes
SN124_A938797_Rep2	TCCGGAGGAAGGGCTG-1	no	yes	no		unresolved	no	14.0	108.0	1581.0	472.0	464.7722	138.7555	yes
SN124_A938797_Rep2	TCCGGCCTAGCGTACA-1	yes	yes	yes	stroma_fibroblastic_IC high	stroma	yes	28.0	98.0	1452.0	785.0	426.8496	230.7692	yes
SN124_A938797_Rep2	TCCGGCCTGCATCGAT-1	no	yes	no		unresolved	no	2.0	82.0	1247.0	204.0	366.585	59.9706	yes
SN124_A938797_Rep2	TCCGGCTGTCGGGTCG-1	no	yes	no		unresolved	no	59.0	127.0	1823.0	1478.0	535.9138	434.4929	yes
SN124_A938797_Rep2	TCCGGGCCACTAACGG-1	no	yes	no		unresolved	no	76.0	100.0	1476.0	1857.0	433.9049	545.9089	yes
SN124_A938797_Rep2	TCCGGGCTTGACGGGA-1	no	yes	no		unresolved	no	66.0	96.0	1425.0	1634.0	418.9123	480.3528	yes
SN124_A938797_Rep2	TCCGGTTCGTCCGGTC-1	no	yes	no		unresolved	no	51.0	53.0	873.0	1298.0	256.6389	381.5777	yes
SN124_A938797_Rep2	TCCGTAACCACAATCC-1	no	yes	no		unresolved	no	20.0	16.0	399.0	605.0	117.2954	177.854	yes
SN124_A938797_Rep2	TCCGTTAAGCTAATAT-1	no	yes	no		unresolved	no	52.0	100.0	1477.0	1321.0	434.1989	388.339	yes
SN124_A938797_Rep2	TCCGTTTAGCCTTGAA-1	yes	yes	yes	stroma_fibroblastic_IC high	stroma	yes	29.0	89.0	1336.0	807.0	392.7486	237.2366	yes
SN124_A938797_Rep2	TCCTAAAGATTCAGAC-1	no	yes	no		unresolved	no	68.0	84.0	1271.0	1678.0	373.6404	493.2876	yes
SN124_A938797_Rep2	TCCTAAATTGGGAAGC-1	no	yes	no		unresolved	no	56.0	70.0	1091.0	1410.0	320.7251	414.5027	yes
SN124_A938797_Rep2	TCCTAACCGTCGGGCA-1	no	yes	no		unresolved	no	62.0	46.0	783.0	1544.0	230.1813	453.8951	yes
SN124_A938797_Rep2	TCCTACATCCACGGCC-1	no	yes	no		unresolved	no	46.0	84.0	1272.0	1187.0	373.9343	348.9466	yes
SN124_A938797_Rep2	TCCTAGCAAAGAAGCT-1	yes	yes	yes	stroma_fibroblastic_IC high	stroma	yes	41.0	41.0	720.0	1074.0	211.6609	315.7276	yes
SN124_A938797_Rep2	TCCTATCATAGGTAAC-1	no	yes	no		unresolved	no	46.0	120.0	1734.0	1187.0	509.7501	348.9466	yes
SN124_A938797_Rep2	TCCTCCTAAGACATTC-1	no	yes	no		unresolved	no	47.0	21.0	463.0	1208.0	136.1097	355.12	yes
SN124_A938797_Rep2	TCCTCGGGCTGGGCTT-1	yes	yes	yes	tumor&stroma_IC med to high	mixed	yes	40.0	76.0	1169.0	1053.0	343.6551	309.5541	yes
SN124_A938797_Rep2	TCCTCTACGAGATGGC-1	yes	yes	yes	stroma_fibroblastic_IC high	stroma	yes	26.0	32.0	604.0	739.0	177.56	217.2464	yes
SN124_A938797_Rep2	TCCTCTCCAGTTGTCC-1	no	yes	no		unresolved	no	30.0	20.0	450.0	828.0	132.2881	243.4101	yes
SN124_A938797_Rep2	TCCTCTGGCCCATTAG-1	yes	yes	yes	exclude	exclude	yes	10.0	88.0	1324.0	382.0	389.221	112.2979	yes
SN124_A938797_Rep2	TCCTGCAGCCGCCAAT-1	no	yes	no		unresolved	no	77.0	77.0	1181.0	1879.0	347.1828	552.3763	yes
SN124_A938797_Rep2	TCCTGCCAACTGGAGA-1	yes	yes	yes	exclude	exclude	yes	12.0	90.0	1350.0	427.0	396.8643	125.5267	yes
SN124_A938797_Rep2	TCCTGCGTTGATACTC-1	no	yes	no		unresolved	no	38.0	30.0	578.0	1007.0	169.9167	296.0314	yes
SN124_A938797_Rep2	TCCTGGCGCTGCCTGG-1	no	yes	no		unresolved	no	12.0	106.0	1555.0	427.0	457.1289	125.5267	yes
SN124_A938797_Rep2	TCCTTACGACGGTCCG-1	no	yes	no		unresolved	no	49.0	95.0	1413.0	1254.0	415.3846	368.6428	yes
SN124_A938797_Rep2	TCCTTCAATCCCTACG-1	no	yes	no		unresolved	no	41.0	1.0	206.0	1074.0	60.5585	315.7276	yes
SN124_A938797_Rep2	TCCTTCAGTGGTCGAA-1	yes	yes	yes	tumor	tumor	yes	15.0	69.0	1080.0	494.0	317.4914	145.2229	yes
SN124_A938797_Rep2	TCCTTGTCCTTTAATT-1	no	yes	no		unresolved	no	69.0	69.0	1078.0	1700.0	316.9035	499.755	yes
SN124_A938797_Rep2	TCCTTTAAATCCGCTT-1	no	yes	no		unresolved	no	56.0	92.0	1374.0	1410.0	403.9196	414.5027	yes
SN124_A938797_Rep2	TCCTTTCTTACGCTTA-1	yes	yes	yes	stroma_fibroblastic_IC high	stroma	yes	30.0	62.0	989.0	829.0	290.7398	243.7041	yes
SN124_A938797_Rep2	TCGAAATTTAGGACCA-1	yes	yes	yes	stroma_fibroblastic_IC high	stroma	yes	29.0	45.0	771.0	806.0	226.6536	236.9427	yes
SN124_A938797_Rep2	TCGAAGAACCGAGCAC-1	no	yes	no		unresolved	no	45.0	99.0	1464.0	1165.0	430.3773	342.4792	yes
SN124_A938797_Rep2	TCGAATATCCCGCAGG-1	no	yes	no		unresolved	no	58.0	32.0	603.0	1454.0	177.266	427.4375	yes
SN124_A938797_Rep2	TCGAATCGCAGGGTAG-1	no	yes	no		unresolved	no	75.0	53.0	873.0	1834.0	256.6389	539.1475	yes
SN124_A938797_Rep2	TCGACAACTGAACCCG-1	no	yes	no		unresolved	no	57.0	15.0	385.0	1431.0	113.1798	420.6761	yes
SN124_A938797_Rep2	TCGACATAGCGTAGCG-1	no	yes	no		unresolved	no	72.0	30.0	577.0	1767.0	169.6227	519.4512	yes
SN124_A938797_Rep2	TCGACTGACGATGGCT-1	no	yes	no		unresolved	no	75.0	119.0	1720.0	1835.0	505.6345	539.4414	yes
SN124_A938797_Rep2	TCGAGACCAACACCGT-1	yes	yes	yes	stroma_fibroblastic_IC high	stroma	yes	37.0	55.0	899.0	985.0	264.2822	289.5639	yes
SN124_A938797_Rep2	TCGAGCCAGGCAGGCC-1	no	yes	no		unresolved	no	57.0	37.0	668.0	1432.0	196.3743	420.9701	yes
SN124_A938797_Rep2	TCGAGGGCAACAGACG-1	no	yes	no		unresolved	no	57.0	119.0	1721.0	1433.0	505.9285	421.2641	yes
SN124_A938797_Rep2	TCGAGTCTACGATTCG-1	no	yes	no		unresolved	no	56.0	2.0	218.0	1409.0	64.0862	414.2087	yes
SN124_A938797_Rep2	TCGATAGGCTAGTCGC-1	yes	yes	yes	stroma_fibroblastic_IC med	stroma	yes	8.0	48.0	810.0	337.0	238.1186	99.0691	yes
SN124_A938797_Rep2	TCGATGTTACGGCCGT-1	no	yes	no		unresolved	no	75.0	3.0	231.0	1833.0	67.9079	538.8535	yes
SN124_A938797_Rep2	TCGATTTACGAAACGA-1	no	yes	no		unresolved	no	76.0	68.0	1065.0	1857.0	313.0818	545.9089	yes
SN124_A938797_Rep2	TCGCAAAGATGCATTT-1	yes	yes	yes	non neo epithelium	normal epithelium	yes	47.0	75.0	1156.0	1209.0	339.8334	355.414	yes
SN124_A938797_Rep2	TCGCACCAGGAGGCAG-1	no	yes	no		unresolved	no	50.0	80.0	1220.0	1276.0	358.6477	375.1102	yes
SN124_A938797_Rep2	TCGCACTAACGTTTGT-1	no	yes	no		unresolved	no	14.0	0.0	194.0	470.0	57.0309	138.1676	yes
SN124_A938797_Rep2	TCGCATAAAGGGCGCA-1	no	yes	no		unresolved	no	63.0	111.0	1618.0	1567.0	475.6492	460.6565	yes
SN124_A938797_Rep2	TCGCATCCCTAAGTGT-1	yes	yes	yes	stroma desmoplastic_IC low	stroma	yes	15.0	31.0	592.0	493.0	174.0323	144.929	yes
SN124_A938797_Rep2	TCGCATTCAATGACTT-1	yes	yes	yes	stroma_fibroblastic_IC high	stroma	yes	9.0	37.0	669.0	359.0	196.6683	105.5365	yes
SN124_A938797_Rep2	TCGCCACCCGGATTAC-1	no	yes	no		unresolved	no	75.0	19.0	436.0	1834.0	128.1725	539.1475	yes
SN124_A938797_Rep2	TCGCCCAACTGACTCC-1	no	yes	no		unresolved	no	9.0	109.0	1594.0	360.0	468.5938	105.8305	yes
SN124_A938797_Rep2	TCGCCCACTGCGAGAG-1	no	yes	no		unresolved	no	36.0	2.0	219.0	962.0	64.3802	282.8025	yes
SN124_A938797_Rep2	TCGCCGAAGTTGCGTC-1	no	yes	no		unresolved	no	45.0	37.0	668.0	1164.0	196.3743	342.1852	yes
SN124_A938797_Rep2	TCGCCGACATATTCGC-1	no	yes	no		unresolved	no	66.0	86.0	1297.0	1634.0	381.2837	480.3528	yes
SN124_A938797_Rep2	TCGCCGCACCGCGTGA-1	no	yes	no		unresolved	no	46.0	6.0	270.0	1185.0	79.3729	348.3586	yes
SN124_A938797_Rep2	TCGCCGGAGAGTCTTA-1	no	yes	no		unresolved	no	3.0	5.0	258.0	225.0	75.8452	66.144	yes
SN124_A938797_Rep2	TCGCCGGATGGGCAAG-1	no	yes	no		unresolved	no	26.0	4.0	245.0	739.0	72.0235	217.2464	yes
SN124_A938797_Rep2	TCGCCGGTCGATCCGT-1	yes	yes	yes	stroma_fibroblastic_IC med	stroma	yes	19.0	61.0	977.0	583.0	287.2121	171.3866	yes
SN124_A938797_Rep2	TCGCCTCCTTCGGCTC-1	no	yes	no		unresolved	no	74.0	92.0	1373.0	1813.0	403.6257	532.974	yes
SN124_A938797_Rep2	TCGCCTCGACCTGTTG-1	no	yes	no		unresolved	no	5.0	11.0	335.0	269.0	98.4811	79.0789	yes
SN124_A938797_Rep2	TCGCGCGTTTACATGA-1	no	yes	no		unresolved	no	70.0	6.0	269.0	1722.0	79.0789	506.2224	yes
SN124_A938797_Rep2	TCGCGTAGCAGTGTCC-1	no	yes	no		unresolved	no	57.0	99.0	1464.0	1433.0	430.3773	421.2641	yes
SN124_A938797_Rep2	TCGCGTCCAGAAGGTC-1	no	yes	no		unresolved	no	31.0	29.0	566.0	851.0	166.389	250.1715	yes
SN124_A938797_Rep2	TCGCTAAACCGCTATC-1	yes	yes	yes	stroma_fibroblastic_IC high	stroma	yes	19.0	89.0	1337.0	584.0	393.0426	171.6805	yes
SN124_A938797_Rep2	TCGCTACTGGCTTTGA-1	no	yes	no		unresolved	no	65.0	73.0	1130.0	1611.0	332.1901	473.5914	yes
SN124_A938797_Rep2	TCGCTCGATATATTCC-1	yes	yes	yes	stroma_fibroblastic_IC high	stroma	yes	29.0	63.0	1002.0	807.0	294.5615	237.2366	yes
SN124_A938797_Rep2	TCGCTCGGCACCAGCG-1	yes	yes	yes	stroma_fibroblastic_IC high	stroma	yes	24.0	108.0	1580.0	696.0	464.4782	204.6056	yes
SN124_A938797_Rep2	TCGCTGCCAATGCTGT-1	no	yes	no		unresolved	no	68.0	80.0	1220.0	1678.0	358.6477	493.2876	yes
SN124_A938797_Rep2	TCGCTGGGCGGATTGT-1	yes	yes	yes	stroma_fibroblastic_IC high	stroma	yes	28.0	74.0	1144.0	784.0	336.3057	230.4753	yes
SN124_A938797_Rep2	TCGCTGTGCGTAAATC-1	yes	yes	yes	stroma_fibroblastic_IC high	stroma	yes	17.0	41.0	720.0	538.0	211.6609	158.1578	yes
SN124_A938797_Rep2	TCGCTTAATTACGAAG-1	no	yes	no		unresolved	no	13.0	121.0	1748.0	450.0	513.8657	132.2881	yes
SN124_A938797_Rep2	TCGCTTTAAACGTTTG-1	yes	yes	yes	stroma_fibroblastic_IC high	stroma	yes	25.0	87.0	1311.0	718.0	385.3993	211.073	yes
SN124_A938797_Rep2	TCGGAATGACCATCAA-1	yes	yes	yes	exclude	exclude	yes	6.0	76.0	1170.0	293.0	343.949	86.1342	yes
SN124_A938797_Rep2	TCGGAATGCGCTCTGA-1	no	yes	no		unresolved	no	30.0	28.0	553.0	828.0	162.5674	243.4101	yes
SN124_A938797_Rep2	TCGGACGCCCAGCCCA-1	yes	yes	yes	exclude	exclude	yes	33.0	79.0	1208.0	896.0	355.12	263.4003	yes
SN124_A938797_Rep2	TCGGAGAGTATCGGGA-1	no	yes	no		unresolved	no	45.0	23.0	488.0	1163.0	143.4591	341.8912	yes
SN124_A938797_Rep2	TCGGAGTACATGAGTA-1	yes	yes	yes	stroma_fibroblastic_IC med	stroma	yes	32.0	74.0	1144.0	874.0	336.3057	256.9329	yes
SN124_A938797_Rep2	TCGGAGTCCTGGTTGC-1	no	yes	no		unresolved	no	72.0	4.0	244.0	1766.0	71.7295	519.1573	yes
SN124_A938797_Rep2	TCGGATCTGGATGACC-1	no	yes	no		unresolved	no	67.0	5.0	256.0	1655.0	75.2572	486.5262	yes
SN124_A938797_Rep2	TCGGCAGGGTTAAGGG-1	no	yes	no		unresolved	no	70.0	122.0	1759.0	1724.0	517.0995	506.8104	yes
SN124_A938797_Rep2	TCGGCGAACCCAAACC-1	no	yes	no		unresolved	no	49.0	105.0	1541.0	1254.0	453.0132	368.6428	yes
SN124_A938797_Rep2	TCGGCGGTATTAGATT-1	no	yes	no		unresolved	no	2.0	124.0	1786.0	204.0	525.0367	59.9706	yes
SN124_A938797_Rep2	TCGGCGTACTGCACAA-1	no	yes	no		unresolved	no	49.0	13.0	360.0	1253.0	105.8305	368.3488	yes
SN124_A938797_Rep2	TCGGCTAACTTCCCTT-1	no	yes	no		unresolved	no	3.0	77.0	1183.0	226.0	347.7707	66.438	yes
SN124_A938797_Rep2	TCGGCTTGTATCGACG-1	no	yes	no		unresolved	no	58.0	96.0	1425.0	1455.0	418.9123	427.7315	yes
SN124_A938797_Rep2	TCGGGAACGTGCCTAG-1	no	yes	no		unresolved	no	31.0	109.0	1593.0	852.0	468.2998	250.4655	yes
SN124_A938797_Rep2	TCGGGAGACAGCGTAC-1	no	yes	no		unresolved	no	59.0	71.0	1104.0	1477.0	324.5468	434.1989	yes
SN124_A938797_Rep2	TCGGGATTCAAACATA-1	no	yes	no		unresolved	no	39.0	15.0	386.0	1029.0	113.4738	302.4988	yes
SN124_A938797_Rep2	TCGGGCACTTCTGGAT-1	yes	yes	yes	tumor	tumor	yes	2.0	46.0	785.0	203.0	230.7692	59.6766	yes
SN124_A938797_Rep2	TCGGGCCGTCGTGGTA-1	yes	yes	yes	epitehlium&submucosa	other	yes	40.0	88.0	1323.0	1053.0	388.927	309.5541	yes
SN124_A938797_Rep2	TCGGGTGAAACTGCTA-1	yes	yes	yes	tumor	tumor	yes	10.0	56.0	913.0	382.0	268.3978	112.2979	yes
SN124_A938797_Rep2	TCGGTCCCGACAATAG-1	no	yes	no		unresolved	no	57.0	23.0	488.0	1432.0	143.4591	420.9701	yes
SN124_A938797_Rep2	TCGGTCCCTGACTCCA-1	no	yes	no		unresolved	no	10.0	90.0	1350.0	383.0	396.8643	112.5919	yes
SN124_A938797_Rep2	TCGGTGACCGCTCCGG-1	no	yes	no		unresolved	no	15.0	109.0	1593.0	495.0	468.2998	145.5169	yes
SN124_A938797_Rep2	TCGGTTAGCCATGTAG-1	no	yes	no		unresolved	no	5.0	95.0	1414.0	271.0	415.6786	79.6668	yes
SN124_A938797_Rep2	TCGTAACTCCCAAGAC-1	no	yes	no		unresolved	no	67.0	119.0	1720.0	1657.0	505.6345	487.1142	yes
SN124_A938797_Rep2	TCGTAAGACGACATTG-1	yes	yes	yes	stroma_fibroblastic_IC high	stroma	yes	27.0	77.0	1182.0	762.0	347.4767	224.0078	yes
SN124_A938797_Rep2	TCGTAAGCTCCGAGGA-1	yes	yes	yes	exclude	exclude	yes	16.0	106.0	1555.0	517.0	457.1289	151.9843	yes
SN124_A938797_Rep2	TCGTACCGACGTCAAG-1	no	yes	no		unresolved	no	68.0	56.0	911.0	1678.0	267.8099	493.2876	yes
SN124_A938797_Rep2	TCGTATAGTGCAATTA-1	yes	yes	yes	stroma_fibroblastic_IC high	stroma	yes	12.0	56.0	913.0	427.0	268.3978	125.5267	yes
SN124_A938797_Rep2	TCGTATCACCAAGCTA-1	no	yes	no		unresolved	no	0.0	110.0	1607.0	159.0	472.4155	46.7418	yes
SN124_A938797_Rep2	TCGTATTACCCATTGC-1	no	yes	no		unresolved	no	37.0	25.0	514.0	985.0	151.1024	289.5639	yes
SN124_A938797_Rep2	TCGTATTTCGTCCGGA-1	no	yes	no		unresolved	no	5.0	81.0	1234.0	271.0	362.7633	79.6668	yes
SN124_A938797_Rep2	TCGTCAAGTACGCGCA-1	no	yes	no		unresolved	no	56.0	38.0	681.0	1409.0	200.196	414.2087	yes
SN124_A938797_Rep2	TCGTCACACTGTTAGC-1	no	yes	no		unresolved	no	27.0	19.0	437.0	761.0	128.4664	223.7139	yes
SN124_A938797_Rep2	TCGTCCGCTGGCGTCT-1	yes	yes	yes	stroma_fibroblastic_IC med	stroma	yes	22.0	40.0	707.0	650.0	207.8393	191.0828	yes
SN124_A938797_Rep2	TCGTCCGGGTACACTC-1	no	yes	no		unresolved	no	9.0	121.0	1748.0	361.0	513.8657	106.1244	yes
SN124_A938797_Rep2	TCGTCTTAGGCGTTAA-1	no	yes	no		unresolved	no	53.0	83.0	1258.0	1343.0	369.8187	394.8065	yes
SN124_A938797_Rep2	TCGTGTACTATGGATG-1	yes	yes	yes	non neo epithelium	normal epithelium	yes	47.0	77.0	1182.0	1209.0	347.4767	355.414	yes
SN124_A938797_Rep2	TCGTGTATTGGTCACG-1	no	yes	no		unresolved	no	53.0	117.0	1695.0	1344.0	498.2852	395.1004	yes
SN124_A938797_Rep2	TCGTGTCACGCTGACA-1	no	yes	no		unresolved	no	43.0	23.0	488.0	1119.0	143.4591	328.9564	yes
SN124_A938797_Rep2	TCGTGTTCGACCACAA-1	no	yes	no		unresolved	no	57.0	105.0	1541.0	1433.0	453.0132	421.2641	yes
SN124_A938797_Rep2	TCGTTAGGAGTCCCTA-1	no	yes	no		unresolved	no	52.0	54.0	886.0	1320.0	260.4606	388.0451	yes
SN124_A938797_Rep2	TCGTTCGTTATTATGT-1	yes	yes	yes	tumor&stroma_IC med to high	mixed	yes	10.0	62.0	990.0	382.0	291.0338	112.2979	yes
SN124_A938797_Rep2	TCGTTGACAGGGTCCC-1	no	yes	no		unresolved	no	28.0	2.0	219.0	783.0	64.3802	230.1813	yes
SN124_A938797_Rep2	TCGTTGCTATCCGGTC-1	no	yes	no		unresolved	no	54.0	46.0	783.0	1365.0	230.1813	401.2739	yes
SN124_A938797_Rep2	TCGTTGGCTCGTCAAT-1	yes	yes	yes	stroma_fibroblastic_IC high	stroma	yes	9.0	31.0	592.0	359.0	174.0323	105.5365	yes
SN124_A938797_Rep2	TCGTTTACGCGACCCT-1	no	yes	no		unresolved	no	70.0	94.0	1399.0	1723.0	411.269	506.5164	yes
SN124_A938797_Rep2	TCTAAAGAACAGTCTC-1	no	yes	no		unresolved	no	52.0	10.0	321.0	1320.0	94.3655	388.0451	yes
SN124_A938797_Rep2	TCTAACCTAGCCTGCG-1	no	yes	no		unresolved	no	74.0	112.0	1630.0	1813.0	479.1769	532.974	yes
SN124_A938797_Rep2	TCTAACTGTATGTAAA-1	no	yes	no		unresolved	no	27.0	11.0	335.0	761.0	98.4811	223.7139	yes
SN124_A938797_Rep2	TCTAATACTGCCTCAG-1	no	yes	no		unresolved	no	57.0	25.0	514.0	1432.0	151.1024	420.9701	yes
SN124_A938797_Rep2	TCTACACGTTCATGCA-1	no	yes	no		unresolved	no	5.0	93.0	1388.0	271.0	408.0353	79.6668	yes
SN124_A938797_Rep2	TCTACCCAATAGAGAG-1	no	yes	no		unresolved	no	56.0	106.0	1554.0	1411.0	456.8349	414.7967	yes
SN124_A938797_Rep2	TCTACCCGCATCATTT-1	no	yes	no		unresolved	no	75.0	113.0	1643.0	1835.0	482.9985	539.4414	yes
SN124_A938797_Rep2	TCTACCGTCCACAAGC-1	yes	yes	yes	stroma_fibroblastic_IC med	stroma	yes	27.0	67.0	1054.0	762.0	309.8481	224.0078	yes
SN124_A938797_Rep2	TCTACGCACGATCTCC-1	no	yes	no		unresolved	no	75.0	29.0	564.0	1834.0	165.8011	539.1475	yes
SN124_A938797_Rep2	TCTACGGGCTCAGTTG-1	no	yes	no		unresolved	no	16.0	122.0	1760.0	517.0	517.3934	151.9843	yes
SN124_A938797_Rep2	TCTAGCAATCTCCGCC-1	no	yes	no		unresolved	no	46.0	30.0	578.0	1186.0	169.9167	348.6526	yes
SN124_A938797_Rep2	TCTAGCATCTTCGATG-1	yes	yes	yes	stroma_fibroblastic_IC med	stroma	yes	23.0	43.0	746.0	672.0	219.3043	197.5502	yes
SN124_A938797_Rep2	TCTAGCATGCCCAGAA-1	yes	yes	yes	stroma_fibroblastic_IC high	stroma	yes	48.0	66.0	1040.0	1231.0	305.7325	361.8814	yes
SN124_A938797_Rep2	TCTAGGTGGCGACGCT-1	yes	yes	yes	stroma_fibroblastic_IC med	stroma	yes	29.0	99.0	1465.0	807.0	430.6712	237.2366	yes
SN124_A938797_Rep2	TCTAGTGATATCGTGG-1	no	yes	no		unresolved	no	44.0	98.0	1451.0	1142.0	426.5556	335.7178	yes
SN124_A938797_Rep2	TCTAGTTATCAGAAGA-1	yes	yes	yes	stroma_fibroblastic_IC high	stroma	yes	34.0	54.0	887.0	918.0	260.7545	269.8677	yes
SN124_A938797_Rep2	TCTATAGGTGGGTAAT-1	no	yes	no		unresolved	no	65.0	109.0	1592.0	1612.0	468.0059	473.8853	yes
SN124_A938797_Rep2	TCTATCATGCAGTTAC-1	yes	yes	yes	stroma_fibroblastic_IC high	stroma	yes	18.0	40.0	707.0	560.0	207.8393	164.6252	yes
SN124_A938797_Rep2	TCTATCCGATTGCACA-1	no	yes	no		unresolved	no	73.0	85.0	1284.0	1790.0	377.462	526.2126	yes
SN124_A938797_Rep2	TCTATCGGTCGCAACA-1	yes	yes	yes	tumor&stroma_IC med to high	mixed	yes	22.0	64.0	1015.0	650.0	298.3831	191.0828	yes
SN124_A938797_Rep2	TCTATGCTATAACGAC-1	no	yes	no		unresolved	no	64.0	94.0	1399.0	1589.0	411.269	467.124	yes
SN124_A938797_Rep2	TCTATTACGCTGGCGA-1	yes	yes	yes	stroma desmoplastic_IC low	stroma	yes	14.0	34.0	630.0	471.0	185.2033	138.4615	yes
SN124_A938797_Rep2	TCTATTACTAGAGGAT-1	no	yes	no		unresolved	no	41.0	15.0	386.0	1074.0	113.4738	315.7276	yes
SN124_A938797_Rep2	TCTCAAATCAATCGGG-1	no	yes	no		unresolved	no	71.0	89.0	1335.0	1745.0	392.4547	512.9838	yes
SN124_A938797_Rep2	TCTCAGGCTACTCGCT-1	no	yes	no		unresolved	no	72.0	118.0	1707.0	1768.0	501.8128	519.7452	yes
SN124_A938797_Rep2	TCTCATGAGATAGGGT-1	no	yes	no		unresolved	no	49.0	87.0	1310.0	1254.0	385.1053	368.6428	yes
SN124_A938797_Rep2	TCTCCAACGTAGGTTA-1	yes	yes	yes	stroma_fibroblastic_IC high	stroma	yes	20.0	78.0	1195.0	606.0	351.2984	178.148	yes
SN124_A938797_Rep2	TCTCCACAAGTTGAAT-1	no	yes	no		unresolved	no	61.0	93.0	1387.0	1522.0	407.7413	447.4277	yes
SN124_A938797_Rep2	TCTCCCTGGGCAGCGT-1	no	yes	no		unresolved	no	54.0	80.0	1220.0	1365.0	358.6477	401.2739	yes
SN124_A938797_Rep2	TCTCGAACGAGGTCAC-1	yes	yes	yes	exclude	exclude	yes	12.0	94.0	1401.0	427.0	411.8569	125.5267	yes
SN124_A938797_Rep2	TCTCGACGTATCGCCG-1	no	yes	no		unresolved	no	45.0	113.0	1644.0	1165.0	483.2925	342.4792	yes
SN124_A938797_Rep2	TCTCGAGGAGGTTCGC-1	no	yes	no		unresolved	no	52.0	112.0	1631.0	1321.0	479.4708	388.339	yes
SN124_A938797_Rep2	TCTCGGCTCCAGGACT-1	yes	yes	yes	exclude	exclude	yes	13.0	23.0	489.0	448.0	143.7531	131.7001	yes
SN124_A938797_Rep2	TCTCGTGTTACGAGGA-1	no	yes	no		unresolved	no	45.0	5.0	257.0	1163.0	75.5512	341.8912	yes
SN124_A938797_Rep2	TCTCTAATAGCTGGTA-1	yes	yes	yes	stroma_fibroblastic_IC high	stroma	yes	20.0	52.0	861.0	605.0	253.1112	177.854	yes
SN124_A938797_Rep2	TCTCTCGCCGCACATA-1	no	yes	no		unresolved	no	55.0	115.0	1669.0	1388.0	490.6418	408.0353	yes
SN124_A938797_Rep2	TCTCTTACCGCGAACC-1	no	yes	no		unresolved	no	65.0	43.0	745.0	1611.0	219.0103	473.5914	yes
SN124_A938797_Rep2	TCTGAACCGGTCGGCT-1	yes	yes	yes	tumor&stroma_IC med to high	mixed	yes	21.0	37.0	669.0	627.0	196.6683	184.3214	yes
SN124_A938797_Rep2	TCTGAACTCGTACCCG-1	no	yes	no		unresolved	no	47.0	95.0	1413.0	1209.0	415.3846	355.414	yes
SN124_A938797_Rep2	TCTGAAGCACGTGGTC-1	no	yes	no		unresolved	no	56.0	84.0	1271.0	1410.0	373.6404	414.5027	yes
SN124_A938797_Rep2	TCTGAATTCCGTACAA-1	yes	yes	yes	exclude	exclude	yes	34.0	94.0	1400.0	919.0	411.563	270.1617	yes
SN124_A938797_Rep2	TCTGACGGGCTAACCC-1	no	yes	no		unresolved	no	28.0	120.0	1734.0	785.0	509.7501	230.7692	yes
SN124_A938797_Rep2	TCTGACTGTAATGGTT-1	no	yes	no		unresolved	no	6.0	14.0	374.0	292.0	109.9461	85.8403	yes
SN124_A938797_Rep2	TCTGAGCAATTGACTG-1	no	yes	no		unresolved	no	54.0	112.0	1631.0	1366.0	479.4708	401.5679	yes
SN124_A938797_Rep2	TCTGATCGGGTGCTAG-1	no	yes	no		unresolved	no	34.0	118.0	1708.0	919.0	502.1068	270.1617	yes
SN124_A938797_Rep2	TCTGATGTATTCTGTC-1	no	yes	no		unresolved	no	51.0	83.0	1259.0	1298.0	370.1127	381.5777	yes
SN124_A938797_Rep2	TCTGATTGGAAATGGA-1	no	yes	no		unresolved	no	35.0	123.0	1773.0	942.0	521.2151	276.9231	yes
SN124_A938797_Rep2	TCTGCACCATTAGTAA-1	no	yes	no		unresolved	no	25.0	127.0	1824.0	718.0	536.2077	211.073	yes
SN124_A938797_Rep2	TCTGCAGATTCGAGTC-1	no	yes	no		unresolved	no	25.0	5.0	258.0	716.0	75.8452	210.4851	yes
SN124_A938797_Rep2	TCTGCATACCTTGCTT-1	no	yes	no		unresolved	no	61.0	99.0	1464.0	1522.0	430.3773	447.4277	yes
SN124_A938797_Rep2	TCTGCCAGAAACTGCA-1	yes	yes	yes	non neo epithelium	normal epithelium	yes	41.0	79.0	1207.0	1075.0	354.8261	316.0216	yes
SN124_A938797_Rep2	TCTGCGAATCGTTCGC-1	no	yes	no		unresolved	no	17.0	123.0	1773.0	539.0	521.2151	158.4517	yes
SN124_A938797_Rep2	TCTGCGTCCGGTTTCT-1	yes	yes	yes	exclude	exclude	yes	15.0	23.0	489.0	493.0	143.7531	144.929	yes
SN124_A938797_Rep2	TCTGCTTAGAACAAGC-1	no	yes	no		unresolved	no	50.0	126.0	1811.0	1277.0	532.3861	375.4042	yes
SN124_A938797_Rep2	TCTGGAGCGTAAGAGT-1	no	yes	no		unresolved	no	38.0	126.0	1811.0	1009.0	532.3861	296.6193	yes
SN124_A938797_Rep2	TCTGGCCGTTCAAGTT-1	no	yes	no		unresolved	no	36.0	122.0	1760.0	964.0	517.3934	283.3905	yes
SN124_A938797_Rep2	TCTGGCGCAAGCCGGG-1	no	yes	no		unresolved	no	34.0	6.0	270.0	917.0	79.3729	269.5737	yes
SN124_A938797_Rep2	TCTGGGAACCTTTGAA-1	yes	yes	yes	non neo epithelium	normal epithelium	yes	40.0	98.0	1451.0	1053.0	426.5556	309.5541	yes
SN124_A938797_Rep2	TCTGGGTAGCGCTCAT-1	no	yes	no		unresolved	no	40.0	36.0	655.0	1052.0	192.5527	309.2602	yes
SN124_A938797_Rep2	TCTGTCATACAAGAGC-1	yes	yes	yes	stroma_fibroblastic_IC high	stroma	yes	10.0	44.0	759.0	382.0	223.1259	112.2979	yes
SN124_A938797_Rep2	TCTGTGACTGACCGTT-1	no	yes	no		unresolved	no	3.0	23.0	489.0	225.0	143.7531	66.144	yes
SN124_A938797_Rep2	TCTGTGATGGAGGTTG-1	no	yes	no		unresolved	no	6.0	114.0	1658.0	294.0	487.4081	86.4282	yes
SN124_A938797_Rep2	TCTGTGCCATCATAGT-1	yes	yes	yes	tumor&stroma_IC med to high	mixed	yes	32.0	80.0	1221.0	874.0	358.9417	256.9329	yes
SN124_A938797_Rep2	TCTGTGGCTACATTTC-1	yes	yes	yes	tumor&stroma_IC med to high	mixed	yes	3.0	47.0	798.0	225.0	234.5909	66.144	yes
SN124_A938797_Rep2	TCTGTTACCCAGCATA-1	no	yes	no		unresolved	no	51.0	35.0	642.0	1298.0	188.731	381.5777	yes
SN124_A938797_Rep2	TCTGTTTAGATTGTTC-1	no	yes	no		unresolved	no	75.0	5.0	256.0	1833.0	75.2572	538.8535	yes
SN124_A938797_Rep2	TCTTAACTCGGATGTA-1	no	yes	no		unresolved	no	16.0	2.0	219.0	515.0	64.3802	151.3964	yes
SN124_A938797_Rep2	TCTTACAGAGGTACCG-1	yes	yes	yes	tumor	tumor	yes	15.0	45.0	772.0	493.0	226.9476	144.929	yes
SN124_A938797_Rep2	TCTTACCGGAACTCGT-1	yes	yes	yes	stroma_fibroblastic_IC high	stroma	yes	21.0	91.0	1362.0	628.0	400.392	184.6154	yes
SN124_A938797_Rep2	TCTTACGGCATCCGAC-1	yes	yes	yes	stroma desmoplastic_IC low	stroma	yes	25.0	29.0	566.0	717.0	166.389	210.779	yes
SN124_A938797_Rep2	TCTTACTTATGCCTCT-1	no	yes	no		unresolved	no	45.0	93.0	1387.0	1165.0	407.7413	342.4792	yes
SN124_A938797_Rep2	TCTTAGAGCTCCAATT-1	no	yes	no		unresolved	no	40.0	108.0	1580.0	1053.0	464.4782	309.5541	yes
SN124_A938797_Rep2	TCTTAGAGTGAACTCT-1	no	yes	no		unresolved	no	43.0	99.0	1464.0	1120.0	430.3773	329.2504	yes
SN124_A938797_Rep2	TCTTATGGGTAGTACC-1	yes	yes	yes	exclude	exclude	yes	0.0	52.0	862.0	158.0	253.4052	46.4478	yes
SN124_A938797_Rep2	TCTTCCCATGGGCACA-1	yes	yes	yes	stroma_fibroblastic_IC high	stroma	yes	32.0	96.0	1426.0	874.0	419.2063	256.9329	yes
SN124_A938797_Rep2	TCTTCGAATAGACGTT-1	yes	yes	yes	stroma_fibroblastic_IC high	stroma	yes	39.0	71.0	1105.0	1030.0	324.8408	302.7927	yes
SN124_A938797_Rep2	TCTTCGATACCAATAA-1	yes	yes	yes	stroma_fibroblastic_IC high	stroma	yes	32.0	66.0	1041.0	874.0	306.0265	256.9329	yes
SN124_A938797_Rep2	TCTTCGCGGTGAGAGG-1	no	yes	no		unresolved	no	60.0	116.0	1682.0	1500.0	494.4635	440.9603	yes
SN124_A938797_Rep2	TCTTCTATAACCCGCC-1	no	yes	no		unresolved	no	45.0	107.0	1567.0	1165.0	460.6565	342.4792	yes
SN124_A938797_Rep2	TCTTGATGCGTAGCGA-1	yes	yes	yes	tumor&stroma_IC med to high	mixed	yes	32.0	68.0	1066.0	874.0	313.3758	256.9329	yes
SN124_A938797_Rep2	TCTTGCTCCCGATACT-1	no	yes	no		unresolved	no	65.0	67.0	1053.0	1611.0	309.5541	473.5914	yes
SN124_A938797_Rep2	TCTTGGTAACACCAAA-1	yes	yes	yes	stroma_fibroblastic_IC high	stroma	yes	21.0	65.0	1028.0	628.0	302.2048	184.6154	yes
SN124_A938797_Rep2	TCTTGGTCAATGATAC-1	no	yes	no		unresolved	no	74.0	20.0	449.0	1811.0	131.9941	532.3861	yes
SN124_A938797_Rep2	TCTTTAAGACTATGAA-1	yes	yes	yes	tumor	tumor	yes	34.0	98.0	1452.0	919.0	426.8496	270.1617	yes
SN124_A938797_Rep2	TCTTTAGAGTCTAACA-1	no	yes	no		unresolved	no	50.0	114.0	1657.0	1277.0	487.1142	375.4042	yes
SN124_A938797_Rep2	TCTTTAGCAGGCGAAC-1	no	yes	no		unresolved	no	34.0	116.0	1683.0	919.0	494.7575	270.1617	yes
SN124_A938797_Rep2	TCTTTCATCCGTCCTT-1	no	yes	no		unresolved	no	66.0	4.0	244.0	1632.0	71.7295	479.7648	yes
SN124_A938797_Rep2	TCTTTCCTTCGAGATA-1	no	yes	no		unresolved	no	58.0	120.0	1733.0	1455.0	509.4561	427.7315	yes
SN124_A938797_Rep2	TCTTTCGGCGGGACAC-1	no	yes	no		unresolved	no	4.0	4.0	245.0	247.0	72.0235	72.6115	yes
SN124_A938797_Rep2	TCTTTCTCTTAAGGAG-1	yes	yes	yes	exclude	exclude	yes	7.0	79.0	1208.0	315.0	355.12	92.6017	yes
SN124_A938797_Rep2	TGAAACCTCAACTCAC-1	no	yes	no		unresolved	no	0.0	28.0	554.0	158.0	162.8613	46.4478	yes
SN124_A938797_Rep2	TGAAACTTATGCAAGC-1	yes	yes	yes	stroma_fibroblastic_IC high	stroma	yes	11.0	73.0	1131.0	405.0	332.4841	119.0593	yes
SN124_A938797_Rep2	TGAAAGGACCTGACTC-1	yes	yes	yes	tumor	tumor	yes	35.0	83.0	1259.0	941.0	370.1127	276.6291	yes
SN124_A938797_Rep2	TGAACAAGCAGGGACT-1	no	yes	no		unresolved	no	66.0	36.0	655.0	1633.0	192.5527	480.0588	yes
SN124_A938797_Rep2	TGAACACCCGAAGCAG-1	no	yes	no		unresolved	no	2.0	16.0	400.0	203.0	117.5894	59.6766	yes
SN124_A938797_Rep2	TGAACCTGAATGTGAG-1	no	yes	no		unresolved	no	76.0	6.0	269.0	1856.0	79.0789	545.6149	yes
SN124_A938797_Rep2	TGAACTGCTATGACTT-1	no	yes	no		unresolved	no	39.0	1.0	206.0	1029.0	60.5585	302.4988	yes
SN124_A938797_Rep2	TGAAGAGCGGTCCTAG-1	no	yes	no		unresolved	no	19.0	11.0	335.0	582.0	98.4811	171.0926	yes
SN124_A938797_Rep2	TGAAGTAGCTTACGGA-1	no	yes	no		unresolved	no	17.0	5.0	258.0	538.0	75.8452	158.1578	yes
SN124_A938797_Rep2	TGAATACCGACGCGTA-1	no	yes	no		unresolved	no	66.0	82.0	1245.0	1634.0	365.9971	480.3528	yes
SN124_A938797_Rep2	TGAATATGCTATAAAC-1	no	yes	no		unresolved	no	16.0	114.0	1658.0	517.0	487.4081	151.9843	yes
SN124_A938797_Rep2	TGAATGAGATACAGCA-1	no	yes	no		unresolved	no	17.0	125.0	1799.0	540.0	528.8584	158.7457	yes
SN124_A938797_Rep2	TGAATGAGTGTTTCCC-1	no	yes	no		unresolved	no	66.0	50.0	834.0	1633.0	245.1739	480.0588	yes
SN124_A938797_Rep2	TGAATGTCAGCCGGCC-1	no	yes	no		unresolved	no	47.0	109.0	1593.0	1210.0	468.2998	355.708	yes
SN124_A938797_Rep2	TGAATTTCACTTGCCT-1	no	yes	no		unresolved	no	42.0	4.0	244.0	1096.0	71.7295	322.195	yes
SN124_A938797_Rep2	TGACAACGCATGTCGC-1	no	yes	no		unresolved	no	40.0	124.0	1785.0	1053.0	524.7428	309.5541	yes
SN124_A938797_Rep2	TGACAACTTAAAGGTG-1	no	yes	no		unresolved	no	77.0	35.0	641.0	1879.0	188.437	552.3763	yes
SN124_A938797_Rep2	TGACACTTCTCTTTGC-1	yes	yes	yes	exclude	exclude	yes	16.0	102.0	1504.0	517.0	442.1362	151.9843	yes
SN124_A938797_Rep2	TGACAGAAATCTTGCT-1	no	yes	no		unresolved	no	72.0	6.0	269.0	1766.0	79.0789	519.1573	yes
SN124_A938797_Rep2	TGACAGGACAAGTCCA-1	no	yes	no		unresolved	no	55.0	9.0	308.0	1387.0	90.5439	407.7413	yes
SN124_A938797_Rep2	TGACATATATGACGAT-1	no	yes	no		unresolved	no	38.0	2.0	219.0	1007.0	64.3802	296.0314	yes
SN124_A938797_Rep2	TGACATCGAGCGGACC-1	yes	yes	yes	submucosa	other	yes	35.0	101.0	1490.0	941.0	438.0206	276.6291	yes
SN124_A938797_Rep2	TGACATGTAACGTGAC-1	no	yes	no		unresolved	no	69.0	63.0	1001.0	1700.0	294.2675	499.755	yes
SN124_A938797_Rep2	TGACCAAATCTTAAAC-1	no	yes	no		unresolved	no	66.0	62.0	988.0	1633.0	290.4459	480.0588	yes
SN124_A938797_Rep2	TGACCAGCTTCAAAGT-1	no	yes	no		unresolved	no	7.0	97.0	1440.0	316.0	423.3219	92.8956	yes
SN124_A938797_Rep2	TGACCCAACTCACATT-1	no	yes	no		unresolved	no	0.0	30.0	579.0	158.0	170.2107	46.4478	yes
SN124_A938797_Rep2	TGACCCACGTTAGACA-1	yes	yes	yes	tumor&stroma_IC med to high	mixed	yes	33.0	47.0	797.0	896.0	234.2969	263.4003	yes
SN124_A938797_Rep2	TGACCCAGCATTCCCG-1	no	yes	no		unresolved	no	3.0	105.0	1542.0	226.0	453.3072	66.438	yes
SN124_A938797_Rep2	TGACGAATATTTCCCT-1	no	yes	no		unresolved	no	44.0	22.0	475.0	1141.0	139.6374	335.4238	yes
SN124_A938797_Rep2	TGACGATGCACTAGAA-1	yes	yes	yes	epitehlium&submucosa	other	yes	37.0	95.0	1413.0	986.0	415.3846	289.8579	yes
SN124_A938797_Rep2	TGACTATAATCCTTTC-1	yes	yes	yes	stroma_fibroblastic_IC high	stroma	yes	46.0	68.0	1066.0	1187.0	313.3758	348.9466	yes
SN124_A938797_Rep2	TGACTCCGAATCATAC-1	no	yes	no		unresolved	no	62.0	16.0	398.0	1543.0	117.0015	453.6012	yes
SN124_A938797_Rep2	TGACTCTAACTGGTAA-1	no	yes	no		unresolved	no	67.0	123.0	1772.0	1657.0	520.9211	487.1142	yes
SN124_A938797_Rep2	TGAGAATGCTTTACCG-1	yes	yes	yes	stroma_fibroblastic_IC high	stroma	yes	18.0	54.0	887.0	561.0	260.7545	164.9192	yes
SN124_A938797_Rep2	TGAGACGTACCTCTCA-1	no	yes	no		unresolved	no	39.0	5.0	257.0	1029.0	75.5512	302.4988	yes
SN124_A938797_Rep2	TGAGAGATTTACCACG-1	yes	yes	yes	epitehlium&submucosa	other	yes	41.0	91.0	1362.0	1075.0	400.392	316.0216	yes
SN124_A938797_Rep2	TGAGATCAAATACTCA-1	yes	yes	yes	tumor	tumor	yes	7.0	63.0	1003.0	315.0	294.8555	92.6017	yes
SN124_A938797_Rep2	TGAGATTAGGCCCTAA-1	yes	yes	yes	tumor&stroma_IC med to high	mixed	yes	16.0	94.0	1401.0	517.0	411.8569	151.9843	yes
SN124_A938797_Rep2	TGAGCAGTCGTGAAGT-1	yes	yes	yes	stroma_fibroblastic_IC high	stroma	yes	5.0	39.0	695.0	270.0	204.3116	79.3729	yes
SN124_A938797_Rep2	TGAGCCATACAGTCTC-1	no	yes	no		unresolved	no	42.0	38.0	681.0	1097.0	200.196	322.489	yes
SN124_A938797_Rep2	TGAGCGGAAAGTGTTC-1	no	yes	no		unresolved	no	55.0	65.0	1027.0	1388.0	301.9108	408.0353	yes
SN124_A938797_Rep2	TGAGCTCAACTGTATA-1	no	yes	no		unresolved	no	58.0	124.0	1785.0	1456.0	524.7428	428.0255	yes
SN124_A938797_Rep2	TGAGCTTTAATGACGC-1	yes	yes	yes	stroma_fibroblastic_IC high	stroma	yes	19.0	85.0	1285.0	584.0	377.756	171.6805	yes
SN124_A938797_Rep2	TGAGGAGTGCCAGCTT-1	no	yes	no		unresolved	no	58.0	58.0	937.0	1454.0	275.4532	427.4375	yes
SN124_A938797_Rep2	TGAGGCATGTACTGTG-1	no	yes	no		unresolved	no	56.0	8.0	295.0	1409.0	86.7222	414.2087	yes
SN124_A938797_Rep2	TGAGGTGTGTGGCGGA-1	no	yes	no		unresolved	no	70.0	52.0	860.0	1722.0	252.8172	506.2224	yes
SN124_A938797_Rep2	TGAGGTTGATCCCAAG-1	no	yes	no		unresolved	no	1.0	37.0	669.0	181.0	196.6683	53.2092	yes
SN124_A938797_Rep2	TGAGTAAATTAGCGTA-1	yes	yes	yes	IC aggregate_stroma or muscularis	unresolved	yes	47.0	57.0	925.0	1209.0	271.9255	355.414	yes
SN124_A938797_Rep2	TGAGTGCCTCTTAAAT-1	no	yes	no		unresolved	no	45.0	41.0	719.0	1164.0	211.367	342.1852	yes
SN124_A938797_Rep2	TGAGTGGTCCGTGACG-1	yes	yes	yes	stroma_fibroblastic_IC high	stroma	yes	30.0	84.0	1272.0	829.0	373.9343	243.7041	yes
SN124_A938797_Rep2	TGAGTGTAACAACGGG-1	no	yes	no		unresolved	no	73.0	105.0	1540.0	1790.0	452.7193	526.2126	yes
SN124_A938797_Rep2	TGAGTTAAAGACATTC-1	no	yes	no		unresolved	no	48.0	112.0	1631.0	1232.0	479.4708	362.1754	yes
SN124_A938797_Rep2	TGATACATTTAGCCGT-1	no	yes	no		unresolved	no	55.0	43.0	745.0	1387.0	219.0103	407.7413	yes
SN124_A938797_Rep2	TGATAGCGGGATTCTA-1	no	yes	no		unresolved	no	28.0	12.0	347.0	783.0	102.0088	230.1813	yes
SN124_A938797_Rep2	TGATCACCACACTGAC-1	no	yes	no		unresolved	no	69.0	51.0	847.0	1700.0	248.9956	499.755	yes
SN124_A938797_Rep2	TGATCAGGGAACTGCT-1	no	yes	no		unresolved	no	42.0	24.0	501.0	1096.0	147.2807	322.195	yes
SN124_A938797_Rep2	TGATCCCAGCATTAGT-1	yes	yes	yes	stroma_fibroblastic_IC high	stroma	yes	27.0	107.0	1567.0	763.0	460.6565	224.3018	yes
SN124_A938797_Rep2	TGATCGGTTTGACCCT-1	yes	yes	yes	stroma_fibroblastic_IC high	stroma	yes	28.0	54.0	887.0	784.0	260.7545	230.4753	yes
SN124_A938797_Rep2	TGATCTACGCTGATCT-1	yes	yes	yes	exclude	exclude	yes	16.0	100.0	1478.0	517.0	434.4929	151.9843	yes
SN124_A938797_Rep2	TGATCTATCACACTCT-1	no	yes	no		unresolved	no	72.0	92.0	1374.0	1768.0	403.9196	519.7452	yes
SN124_A938797_Rep2	TGATCTCCGGCGCCAG-1	yes	yes	yes	stroma_fibroblastic_IC high	stroma	yes	28.0	50.0	835.0	784.0	245.4679	230.4753	yes
SN124_A938797_Rep2	TGATGCTCACGTAGTC-1	no	yes	no		unresolved	no	5.0	123.0	1774.0	271.0	521.5091	79.6668	yes
SN124_A938797_Rep2	TGATGGCTGTTTCTGA-1	no	yes	no		unresolved	no	30.0	114.0	1657.0	830.0	487.1142	243.998	yes
SN124_A938797_Rep2	TGATGGGACTAAGTCA-1	no	yes	no		unresolved	no	5.0	9.0	310.0	269.0	91.1318	79.0789	yes
SN124_A938797_Rep2	TGATGTCAATTAAGTG-1	no	yes	no		unresolved	no	59.0	103.0	1515.0	1478.0	445.3699	434.4929	yes
SN124_A938797_Rep2	TGATTATGGCACGCAG-1	no	yes	no		unresolved	no	13.0	111.0	1619.0	450.0	475.9432	132.2881	yes
SN124_A938797_Rep2	TGATTCAGGTCCCGCG-1	no	yes	no		unresolved	no	48.0	8.0	296.0	1230.0	87.0162	361.5875	yes
SN124_A938797_Rep2	TGATTCCCGGTTACCT-1	no	yes	no		unresolved	no	64.0	50.0	834.0	1588.0	245.1739	466.83	yes
SN124_A938797_Rep2	TGATTCGTCTATCACT-1	yes	yes	yes	stroma_fibroblastic_IC med	stroma	yes	31.0	41.0	720.0	851.0	211.6609	250.1715	yes
SN124_A938797_Rep2	TGATTCTGTCGCCGGT-1	no	yes	no		unresolved	no	48.0	44.0	758.0	1231.0	222.8319	361.8814	yes
SN124_A938797_Rep2	TGATTTATTAGCTGTG-1	no	yes	no		unresolved	no	38.0	34.0	630.0	1007.0	185.2033	296.0314	yes
SN124_A938797_Rep2	TGATTTCCTCCTGACG-1	yes	yes	yes	stroma desmoplastic_IC low	stroma	yes	16.0	34.0	630.0	516.0	185.2033	151.6903	yes
SN124_A938797_Rep2	TGCAAACCCACATCAA-1	no	yes	no		unresolved	no	0.0	24.0	502.0	158.0	147.5747	46.4478	yes
SN124_A938797_Rep2	TGCAAACGTACTAGTT-1	no	yes	no		unresolved	no	77.0	49.0	821.0	1879.0	241.3523	552.3763	yes
SN124_A938797_Rep2	TGCAAAGTTCGTCTGT-1	no	yes	no		unresolved	no	71.0	59.0	950.0	1745.0	279.2749	512.9838	yes
SN124_A938797_Rep2	TGCAACCCATCTGCGG-1	no	yes	no		unresolved	no	60.0	90.0	1348.0	1500.0	396.2763	440.9603	yes
SN124_A938797_Rep2	TGCAACTACTGGTTGA-1	no	yes	no		unresolved	no	69.0	91.0	1361.0	1701.0	400.098	500.049	yes
SN124_A938797_Rep2	TGCAAGAATGACGTAA-1	yes	yes	yes	stroma_fibroblastic_IC high	stroma	yes	30.0	60.0	964.0	829.0	283.3905	243.7041	yes
SN124_A938797_Rep2	TGCAATCTAACACGGT-1	no	yes	no		unresolved	no	62.0	90.0	1348.0	1544.0	396.2763	453.8951	yes
SN124_A938797_Rep2	TGCAATTTGGGCACGG-1	no	yes	no		unresolved	no	14.0	104.0	1529.0	472.0	449.4855	138.7555	yes
SN124_A938797_Rep2	TGCACAGTGAAGTTAT-1	no	yes	no		unresolved	no	12.0	100.0	1478.0	427.0	434.4929	125.5267	yes
SN124_A938797_Rep2	TGCACGAGTCGGCAGC-1	yes	yes	yes	tumor	tumor	yes	6.0	66.0	1042.0	293.0	306.3204	86.1342	yes
SN124_A938797_Rep2	TGCACTATGTGAGTGC-1	no	yes	no		unresolved	no	17.0	13.0	361.0	538.0	106.1244	158.1578	yes
SN124_A938797_Rep2	TGCAGAACTATATCGT-1	no	yes	no		unresolved	no	42.0	22.0	476.0	1096.0	139.9314	322.195	yes
SN124_A938797_Rep2	TGCAGAGTACCGAGCA-1	yes	yes	yes	tumor	tumor	yes	38.0	46.0	784.0	1007.0	230.4753	296.0314	yes
SN124_A938797_Rep2	TGCAGATCGTCCTAGG-1	no	yes	no		unresolved	no	42.0	18.0	424.0	1096.0	124.6448	322.195	yes
SN124_A938797_Rep2	TGCAGCTACGTACTTC-1	no	yes	no		unresolved	no	42.0	16.0	398.0	1096.0	117.0015	322.195	yes
SN124_A938797_Rep2	TGCAGGATCGGCAAAG-1	yes	yes	yes	tumor&stroma_IC med to high	mixed	yes	24.0	74.0	1144.0	695.0	336.3057	204.3116	yes
SN124_A938797_Rep2	TGCAGTGAGGCTCGGG-1	no	yes	no		unresolved	no	15.0	121.0	1748.0	495.0	513.8657	145.5169	yes
SN124_A938797_Rep2	TGCAGTGGTAGGGAAC-1	no	yes	no		unresolved	no	68.0	20.0	449.0	1677.0	131.9941	492.9936	yes
SN124_A938797_Rep2	TGCAGTTTCCTCCCAT-1	yes	yes	yes	epitehlium&submucosa	other	yes	40.0	90.0	1349.0	1053.0	396.5703	309.5541	yes
SN124_A938797_Rep2	TGCATATGTCTGTCAC-1	yes	yes	yes	stroma_fibroblastic_IC high	stroma	yes	35.0	85.0	1285.0	941.0	377.756	276.6291	yes
SN124_A938797_Rep2	TGCATCTCCGGATCTT-1	no	yes	no		unresolved	no	4.0	118.0	1709.0	249.0	502.4008	73.1994	yes
SN124_A938797_Rep2	TGCATGAGTAGATTCG-1	no	yes	no		unresolved	no	2.0	12.0	348.0	202.0	102.3028	59.3827	yes
SN124_A938797_Rep2	TGCATGGATCGGATCT-1	yes	yes	yes	tumor	tumor	yes	19.0	67.0	1054.0	583.0	309.8481	171.3866	yes
SN124_A938797_Rep2	TGCATGGCAGTCTTGC-1	no	yes	no		unresolved	no	1.0	105.0	1542.0	182.0	453.3072	53.5032	yes
SN124_A938797_Rep2	TGCATGTGACCCATAG-1	no	yes	no		unresolved	no	68.0	38.0	680.0	1678.0	199.902	493.2876	yes
SN124_A938797_Rep2	TGCATGTGGTAATCTA-1	yes	yes	yes	tumor&stroma_IC med to high	mixed	yes	29.0	81.0	1233.0	807.0	362.4694	237.2366	yes
SN124_A938797_Rep2	TGCCAAAGTCAGACTT-1	no	yes	no		unresolved	no	43.0	19.0	437.0	1119.0	128.4664	328.9564	yes
SN124_A938797_Rep2	TGCCAATGGGTACTCT-1	no	yes	no		unresolved	no	54.0	52.0	860.0	1365.0	252.8172	401.2739	yes
SN124_A938797_Rep2	TGCCACACTAGAGGAA-1	no	yes	no		unresolved	no	43.0	3.0	231.0	1118.0	67.9079	328.6624	yes
SN124_A938797_Rep2	TGCCACCTGGCGAAAC-1	yes	yes	yes	stroma_fibroblastic_IC high	stroma	yes	20.0	76.0	1170.0	606.0	343.949	178.148	yes
SN124_A938797_Rep2	TGCCAGTACGTGGAGA-1	yes	yes	yes	non neo epithelium	normal epithelium	yes	51.0	71.0	1104.0	1298.0	324.5468	381.5777	yes
SN124_A938797_Rep2	TGCCATGGCTTATAAG-1	no	yes	no		unresolved	no	4.0	96.0	1427.0	249.0	419.5002	73.1994	yes
SN124_A938797_Rep2	TGCCATTACTAAAGAA-1	yes	yes	yes	stroma_fibroblastic_IC high	stroma	yes	21.0	87.0	1311.0	628.0	385.3993	184.6154	yes
SN124_A938797_Rep2	TGCCCGATAGTTAGAA-1	no	yes	no		unresolved	no	72.0	78.0	1194.0	1768.0	351.0044	519.7452	yes
SN124_A938797_Rep2	TGCCCGTACCGTTAAA-1	yes	yes	yes	non neo epithelium	normal epithelium	yes	45.0	75.0	1156.0	1164.0	339.8334	342.1852	yes
SN124_A938797_Rep2	TGCCGAAAGCGTATTC-1	no	yes	no		unresolved	no	33.0	119.0	1721.0	897.0	505.9285	263.6943	yes
SN124_A938797_Rep2	TGCCGATGTCATCAAT-1	no	yes	no		unresolved	no	2.0	14.0	374.0	203.0	109.9461	59.6766	yes
SN124_A938797_Rep2	TGCCGGATGTACGAGC-1	no	yes	no		unresolved	no	62.0	34.0	629.0	1543.0	184.9094	453.6012	yes
SN124_A938797_Rep2	TGCCGTGGATCGTCCT-1	no	yes	no		unresolved	no	57.0	63.0	1002.0	1432.0	294.5615	420.9701	yes
SN124_A938797_Rep2	TGCCGTGGGACCCAAT-1	no	yes	no		unresolved	no	71.0	67.0	1053.0	1745.0	309.5541	512.9838	yes
SN124_A938797_Rep2	TGCCGTTCTTAATCGG-1	no	yes	no		unresolved	no	57.0	1.0	205.0	1431.0	60.2646	420.6761	yes
SN124_A938797_Rep2	TGCCTAAATTTAATAG-1	no	yes	no		unresolved	no	39.0	127.0	1824.0	1031.0	536.2077	303.0867	yes
SN124_A938797_Rep2	TGCCTAATTGAAGATT-1	no	yes	no		unresolved	no	55.0	105.0	1541.0	1388.0	453.0132	408.0353	yes
SN124_A938797_Rep2	TGCCTGACATCGGTCA-1	no	yes	no		unresolved	no	16.0	20.0	451.0	515.0	132.5821	151.3964	yes
SN124_A938797_Rep2	TGCCTGATCAAACGAT-1	yes	yes	yes	stroma_fibroblastic_IC high	stroma	yes	20.0	70.0	1093.0	606.0	321.3131	178.148	yes
SN124_A938797_Rep2	TGCCTTGCCCTTACGG-1	no	yes	no		unresolved	no	0.0	10.0	323.0	158.0	94.9535	46.4478	yes
SN124_A938797_Rep2	TGCCTTGGCCAGGCAA-1	no	yes	no		unresolved	no	52.0	82.0	1246.0	1321.0	366.291	388.339	yes
SN124_A938797_Rep2	TGCGAATATGGGATTT-1	no	yes	no		unresolved	no	45.0	13.0	360.0	1163.0	105.8305	341.8912	yes
SN124_A938797_Rep2	TGCGACACCCTAGTGC-1	yes	yes	yes	stroma_fibroblastic_IC high	stroma	yes	46.0	46.0	784.0	1186.0	230.4753	348.6526	yes
SN124_A938797_Rep2	TGCGACGGCCGAACGT-1	no	yes	no		unresolved	no	60.0	32.0	603.0	1499.0	177.266	440.6663	yes
SN124_A938797_Rep2	TGCGAGAAACGTTACG-1	no	yes	no		unresolved	no	4.0	10.0	323.0	247.0	94.9535	72.6115	yes
SN124_A938797_Rep2	TGCGAGAATATTACCC-1	no	yes	no		unresolved	no	50.0	40.0	706.0	1275.0	207.5453	374.8163	yes
SN124_A938797_Rep2	TGCGAGATGGCGGCCA-1	no	yes	no		unresolved	no	11.0	115.0	1671.0	405.0	491.2298	119.0593	yes
SN124_A938797_Rep2	TGCGAGCCCTTCCGCG-1	no	yes	no		unresolved	no	12.0	102.0	1504.0	427.0	442.1362	125.5267	yes
SN124_A938797_Rep2	TGCGATGCTAATGGCT-1	no	yes	no		unresolved	no	21.0	11.0	335.0	627.0	98.4811	184.3214	yes
SN124_A938797_Rep2	TGCGCAAAGCATTTGG-1	yes	yes	yes	stroma_fibroblastic_IC high	stroma	yes	31.0	67.0	1054.0	851.0	309.8481	250.1715	yes
SN124_A938797_Rep2	TGCGCCGTTAATAACG-1	no	yes	no		unresolved	no	41.0	123.0	1772.0	1076.0	520.9211	316.3155	yes
SN124_A938797_Rep2	TGCGCGATTAACGGAG-1	yes	yes	yes	stroma_fibroblastic_IC high	stroma	yes	27.0	41.0	720.0	762.0	211.6609	224.0078	yes
SN124_A938797_Rep2	TGCGGACTTGACTCCG-1	no	yes	no		unresolved	no	68.0	76.0	1168.0	1678.0	343.3611	493.2876	yes
SN124_A938797_Rep2	TGCGGAGTAAAGGTGC-1	yes	yes	yes	stroma_fibroblastic_IC high	stroma	yes	22.0	70.0	1092.0	650.0	321.0191	191.0828	yes
SN124_A938797_Rep2	TGCGGCATAGTTCAAC-1	yes	yes	yes	stroma_fibroblastic_IC high	stroma	yes	12.0	54.0	887.0	427.0	260.7545	125.5267	yes
SN124_A938797_Rep2	TGCGGGTATTGGGATC-1	no	yes	no		unresolved	no	1.0	71.0	1106.0	181.0	325.1347	53.2092	yes
SN124_A938797_Rep2	TGCGGTCTACGAGTAA-1	no	yes	no		unresolved	no	0.0	94.0	1401.0	159.0	411.8569	46.7418	yes
SN124_A938797_Rep2	TGCGGTGAAATTTCAT-1	yes	yes	yes	tumor&stroma_IC med to high	mixed	yes	12.0	66.0	1041.0	427.0	306.0265	125.5267	yes
SN124_A938797_Rep2	TGCGTAAGAACCTGAT-1	yes	yes	yes	stroma_fibroblastic_IC high	stroma	yes	43.0	43.0	745.0	1119.0	219.0103	328.9564	yes
SN124_A938797_Rep2	TGCGTACGGCTAATTG-1	no	yes	no		unresolved	no	67.0	101.0	1489.0	1656.0	437.7266	486.8202	yes
SN124_A938797_Rep2	TGCGTCATGACTGAGC-1	no	yes	no		unresolved	no	53.0	21.0	462.0	1342.0	135.8158	394.5125	yes
SN124_A938797_Rep2	TGCGTGATTGGGTGTC-1	no	yes	no		unresolved	no	11.0	17.0	412.0	404.0	121.1171	118.7653	yes
SN124_A938797_Rep2	TGCGTTTGTTGACACT-1	yes	yes	yes	epitehlium&submucosa	other	yes	42.0	76.0	1169.0	1097.0	343.6551	322.489	yes
SN124_A938797_Rep2	TGCTAAGTGTCTATTT-1	no	yes	no		unresolved	no	52.0	90.0	1348.0	1321.0	396.2763	388.339	yes
SN124_A938797_Rep2	TGCTATACAAACGGAC-1	yes	yes	yes	tumor&stroma_IC med to high	mixed	yes	5.0	55.0	900.0	270.0	264.5762	79.3729	yes
SN124_A938797_Rep2	TGCTATGGCAAAGGGA-1	no	yes	no		unresolved	no	70.0	26.0	526.0	1722.0	154.6301	506.2224	yes
SN124_A938797_Rep2	TGCTCAAAGGATGCAC-1	no	yes	no		unresolved	no	77.0	19.0	436.0	1878.0	128.1725	552.0823	yes
SN124_A938797_Rep2	TGCTCACACAACAACC-1	no	yes	no		unresolved	no	2.0	108.0	1581.0	204.0	464.7722	59.9706	yes
SN124_A938797_Rep2	TGCTCCACAGTTCTTA-1	no	yes	no		unresolved	no	45.0	95.0	1413.0	1165.0	415.3846	342.4792	yes
SN124_A938797_Rep2	TGCTCGGCGAAACCCA-1	no	yes	no		unresolved	no	57.0	61.0	976.0	1432.0	286.9182	420.9701	yes
SN124_A938797_Rep2	TGCTCGGTGGGTCACC-1	no	yes	no		unresolved	no	66.0	72.0	1117.0	1633.0	328.3684	480.0588	yes
SN124_A938797_Rep2	TGCTCTGCCGGTTCAC-1	no	yes	no		unresolved	no	27.0	127.0	1824.0	763.0	536.2077	224.3018	yes
SN124_A938797_Rep2	TGCTCTTGAGAGTTTG-1	no	yes	no		unresolved	no	64.0	70.0	1091.0	1589.0	320.7251	467.124	yes
SN124_A938797_Rep2	TGCTGCGTCAGAGTTA-1	no	yes	no		unresolved	no	10.0	124.0	1786.0	383.0	525.0367	112.5919	yes
SN124_A938797_Rep2	TGCTGGTTGGACAATT-1	yes	yes	yes	stroma_fibroblastic_IC med	stroma	yes	21.0	41.0	720.0	627.0	211.6609	184.3214	yes
SN124_A938797_Rep2	TGCTGTTGAAGAACTC-1	yes	yes	yes	tumor&stroma_IC med to high	mixed	yes	38.0	66.0	1041.0	1008.0	306.0265	296.3253	yes
SN124_A938797_Rep2	TGCTTAGAGAGAATGC-1	no	yes	no		unresolved	no	62.0	26.0	526.0	1543.0	154.6301	453.6012	yes
SN124_A938797_Rep2	TGCTTCCCAAGCAGTA-1	no	yes	no		unresolved	no	62.0	66.0	1040.0	1544.0	305.7325	453.8951	yes
SN124_A938797_Rep2	TGCTTGAAACCATGCA-1	no	yes	no		unresolved	no	9.0	17.0	412.0	359.0	121.1171	105.5365	yes
SN124_A938797_Rep2	TGGAAACGGAGTGAAC-1	no	yes	no		unresolved	no	6.0	16.0	399.0	292.0	117.2954	85.8403	yes
SN124_A938797_Rep2	TGGAACCACTGACACA-1	yes	yes	yes	stroma_fibroblastic_IC high	stroma	yes	24.0	102.0	1503.0	696.0	441.8422	204.6056	yes
SN124_A938797_Rep2	TGGAAGAAGGGAACGT-1	no	yes	no		unresolved	no	39.0	35.0	643.0	1030.0	189.025	302.7927	yes
SN124_A938797_Rep2	TGGAAGACGAACACCA-1	yes	yes	yes	tumor	tumor	yes	14.0	46.0	784.0	471.0	230.4753	138.4615	yes
SN124_A938797_Rep2	TGGAAGGATAAAGATG-1	yes	yes	yes	tumor	tumor	yes	20.0	68.0	1067.0	606.0	313.6698	178.148	yes
SN124_A938797_Rep2	TGGAATATCCTTGACC-1	yes	yes	yes	stroma_fibroblastic_IC high	stroma	yes	23.0	107.0	1568.0	673.0	460.9505	197.8442	yes
SN124_A938797_Rep2	TGGAATTAGACGCTTT-1	no	yes	no		unresolved	no	26.0	18.0	425.0	739.0	124.9388	217.2464	yes
SN124_A938797_Rep2	TGGACACCGTTGCTTG-1	no	yes	no		unresolved	no	20.0	10.0	322.0	605.0	94.6595	177.854	yes
SN124_A938797_Rep2	TGGACCAATCTAAGAT-1	no	yes	no		unresolved	no	62.0	80.0	1220.0	1544.0	358.6477	453.8951	yes
SN124_A938797_Rep2	TGGACCACGGCGTTGA-1	no	yes	no		unresolved	no	7.0	19.0	438.0	314.0	128.7604	92.3077	yes
SN124_A938797_Rep2	TGGACGCAATCCAGCC-1	no	yes	no		unresolved	no	58.0	20.0	449.0	1454.0	131.9941	427.4375	yes
SN124_A938797_Rep2	TGGACGTAGGCGAATC-1	no	yes	no		unresolved	no	9.0	7.0	284.0	359.0	83.4885	105.5365	yes
SN124_A938797_Rep2	TGGACTGTTCGCTCAA-1	yes	yes	yes	tumor	tumor	yes	37.0	73.0	1131.0	986.0	332.4841	289.8579	yes
SN124_A938797_Rep2	TGGAGAATAATCGTCC-1	no	yes	no		unresolved	no	72.0	44.0	757.0	1767.0	222.538	519.4512	yes
SN124_A938797_Rep2	TGGAGCTAAAGTTCCC-1	yes	yes	yes	tumor	tumor	yes	6.0	68.0	1067.0	293.0	313.6698	86.1342	yes
SN124_A938797_Rep2	TGGAGGGAAACACCTC-1	no	yes	no		unresolved	no	22.0	122.0	1760.0	651.0	517.3934	191.3768	yes
SN124_A938797_Rep2	TGGAGTGATGCGATGA-1	yes	yes	yes	stroma_fibroblastic_IC high	stroma	yes	29.0	41.0	720.0	806.0	211.6609	236.9427	yes
SN124_A938797_Rep2	TGGATAGAGTAACAGA-1	no	yes	no		unresolved	no	10.0	14.0	374.0	381.0	109.9461	112.0039	yes
SN124_A938797_Rep2	TGGATGGCATCTTGGA-1	no	yes	no		unresolved	no	77.0	47.0	796.0	1879.0	234.0029	552.3763	yes
SN124_A938797_Rep2	TGGCAAACTAAATTAC-1	no	yes	no		unresolved	no	50.0	78.0	1194.0	1276.0	351.0044	375.1102	yes
SN124_A938797_Rep2	TGGCAACTCGCGCGCC-1	yes	yes	yes	stroma_fibroblastic_IC high	stroma	yes	22.0	86.0	1298.0	651.0	381.5777	191.3768	yes
SN124_A938797_Rep2	TGGCAAGCACAAGTCG-1	no	yes	no		unresolved	no	66.0	56.0	911.0	1633.0	267.8099	480.0588	yes
SN124_A938797_Rep2	TGGCAATGGGACGGCG-1	no	yes	no		unresolved	no	54.0	106.0	1554.0	1366.0	456.8349	401.5679	yes
SN124_A938797_Rep2	TGGCACGAGCTCGAGT-1	no	yes	no		unresolved	no	5.0	99.0	1465.0	271.0	430.6712	79.6668	yes
SN124_A938797_Rep2	TGGCAGATTACGATCA-1	yes	yes	yes	stroma_fibroblastic_IC med	stroma	yes	44.0	58.0	938.0	1142.0	275.7472	335.7178	yes
SN124_A938797_Rep2	TGGCAGCAGTAATAGT-1	yes	yes	yes	stroma_fibroblastic_IC high	stroma	yes	39.0	61.0	976.0	1030.0	286.9182	302.7927	yes
SN124_A938797_Rep2	TGGCATGAAGTTTGGG-1	no	yes	no		unresolved	no	56.0	12.0	347.0	1409.0	102.0088	414.2087	yes
SN124_A938797_Rep2	TGGCCAAACTGAAGTA-1	yes	yes	yes	stroma_fibroblastic_IC high	stroma	yes	28.0	76.0	1169.0	784.0	343.6551	230.4753	yes
SN124_A938797_Rep2	TGGCCAATTTGGTACT-1	no	yes	no		unresolved	no	49.0	11.0	334.0	1253.0	98.1872	368.3488	yes
SN124_A938797_Rep2	TGGCCGTATATTGACC-1	yes	yes	yes	stroma_fibroblastic_IC high	stroma	yes	26.0	38.0	681.0	739.0	200.196	217.2464	yes
SN124_A938797_Rep2	TGGCGACTGCTCCAAA-1	no	yes	no		unresolved	no	55.0	47.0	796.0	1387.0	234.0029	407.7413	yes
SN124_A938797_Rep2	TGGCGATCAAGTTATG-1	no	yes	no		unresolved	no	51.0	55.0	899.0	1298.0	264.2822	381.5777	yes
SN124_A938797_Rep2	TGGCGGTGTGCGATTG-1	yes	yes	yes	stroma_fibroblastic_IC high	stroma	yes	7.0	43.0	746.0	315.0	219.3043	92.6017	yes
SN124_A938797_Rep2	TGGCTACACTCTACCT-1	no	yes	no		unresolved	no	64.0	100.0	1476.0	1589.0	433.9049	467.124	yes
SN124_A938797_Rep2	TGGCTATGTGACATAC-1	no	yes	no		unresolved	no	60.0	82.0	1245.0	1500.0	365.9971	440.9603	yes
SN124_A938797_Rep2	TGGCTCTTGTCGCGTA-1	no	yes	no		unresolved	no	42.0	12.0	347.0	1096.0	102.0088	322.195	yes
SN124_A938797_Rep2	TGGCTTATGTATAATG-1	no	yes	no		unresolved	no	55.0	1.0	205.0	1386.0	60.2646	407.4473	yes
SN124_A938797_Rep2	TGGCTTGTACAAGCTT-1	no	yes	no		unresolved	no	16.0	116.0	1683.0	517.0	494.7575	151.9843	yes
SN124_A938797_Rep2	TGGCTTTGGGTAGACA-1	yes	yes	yes	stroma_fibroblastic_IC high	stroma	yes	19.0	51.0	849.0	583.0	249.5835	171.3866	yes
SN124_A938797_Rep2	TGGGAAATGCCTTTCC-1	yes	yes	yes	stroma desmoplastic_IC low	stroma	yes	23.0	27.0	540.0	672.0	158.7457	197.5502	yes
SN124_A938797_Rep2	TGGGACCATTGGGAGT-1	no	yes	no		unresolved	no	7.0	5.0	258.0	314.0	75.8452	92.3077	yes
SN124_A938797_Rep2	TGGGATGCACTCATTC-1	no	yes	no		unresolved	no	12.0	98.0	1452.0	427.0	426.8496	125.5267	yes
SN124_A938797_Rep2	TGGGCAATAGTTGGGT-1	no	yes	no		unresolved	no	46.0	108.0	1580.0	1187.0	464.4782	348.9466	yes
SN124_A938797_Rep2	TGGGCACAAACAGAAC-1	yes	yes	yes	stroma_fibroblastic_IC med	stroma	yes	8.0	46.0	785.0	337.0	230.7692	99.0691	yes
SN124_A938797_Rep2	TGGGCACGTTCTATGG-1	yes	yes	yes	tumor	tumor	yes	15.0	73.0	1131.0	494.0	332.4841	145.2229	yes
SN124_A938797_Rep2	TGGGCAGGCCACCGCA-1	no	yes	no		unresolved	no	54.0	116.0	1682.0	1366.0	494.4635	401.5679	yes
SN124_A938797_Rep2	TGGGCCACAAGAGCGC-1	yes	yes	yes	tumor&stroma_IC med to high	mixed	yes	18.0	72.0	1118.0	561.0	328.6624	164.9192	yes
SN124_A938797_Rep2	TGGGCCCATACTAATT-1	yes	yes	yes	submucosa	other	yes	47.0	89.0	1336.0	1209.0	392.7486	355.414	yes
SN124_A938797_Rep2	TGGGCCTTGCCTGCAT-1	no	yes	no		unresolved	no	8.0	10.0	322.0	337.0	94.6595	99.0691	yes
SN124_A938797_Rep2	TGGGCGATACAATAAG-1	no	yes	no		unresolved	no	68.0	62.0	988.0	1678.0	290.4459	493.2876	yes
SN124_A938797_Rep2	TGGGTAAGGTTCCCGC-1	yes	yes	yes	stroma_fibroblastic_IC high	stroma	yes	13.0	79.0	1208.0	449.0	355.12	131.9941	yes
SN124_A938797_Rep2	TGGGTGCACAAGCCAT-1	no	yes	no		unresolved	no	69.0	85.0	1284.0	1701.0	377.462	500.049	yes
SN124_A938797_Rep2	TGGGTGGGATGTCATT-1	no	yes	no		unresolved	no	10.0	112.0	1632.0	383.0	479.7648	112.5919	yes
SN124_A938797_Rep2	TGGGTGTAATAGATTT-1	no	yes	no		unresolved	no	68.0	102.0	1502.0	1679.0	441.5483	493.5816	yes
SN124_A938797_Rep2	TGGGTGTTAAGTAGAA-1	no	yes	no		unresolved	no	72.0	68.0	1065.0	1767.0	313.0818	519.4512	yes
SN124_A938797_Rep2	TGGGTTCCCGGACGGA-1	no	yes	no		unresolved	no	20.0	0.0	194.0	604.0	57.0309	177.56	yes
SN124_A938797_Rep2	TGGGTTTCGGGCGTAC-1	no	yes	no		unresolved	no	71.0	25.0	513.0	1744.0	150.8084	512.6899	yes
SN124_A938797_Rep2	TGGTAAGCAGGATTGA-1	no	yes	no		unresolved	no	41.0	11.0	334.0	1074.0	98.1872	315.7276	yes
SN124_A938797_Rep2	TGGTACCGGCACAGCC-1	no	yes	no		unresolved	no	0.0	8.0	297.0	158.0	87.3101	46.4478	yes
SN124_A938797_Rep2	TGGTAGAATATATGGG-1	no	yes	no		unresolved	no	48.0	100.0	1477.0	1232.0	434.1989	362.1754	yes
SN124_A938797_Rep2	TGGTATCGCATCCCAA-1	yes	yes	yes	tumor	tumor	yes	8.0	68.0	1067.0	337.0	313.6698	99.0691	yes
SN124_A938797_Rep2	TGGTATCGGTCTGTAT-1	yes	yes	yes	tumor&stroma_IC med to high	mixed	yes	7.0	59.0	952.0	315.0	279.8628	92.6017	yes
SN124_A938797_Rep2	TGGTCCCACGCTACGG-1	no	yes	no		unresolved	no	52.0	74.0	1143.0	1321.0	336.0118	388.339	yes
SN124_A938797_Rep2	TGGTCGATATACCTCT-1	no	yes	no		unresolved	no	73.0	37.0	667.0	1789.0	196.0804	525.9187	yes
SN124_A938797_Rep2	TGGTCGGGTACAGGGC-1	no	yes	no		unresolved	no	75.0	15.0	385.0	1834.0	113.1798	539.1475	yes
SN124_A938797_Rep2	TGGTCGTGCAAGGCAA-1	no	yes	no		unresolved	no	41.0	7.0	283.0	1074.0	83.1945	315.7276	yes
SN124_A938797_Rep2	TGGTCGTTTGATAGAT-1	no	yes	no		unresolved	no	2.0	106.0	1555.0	204.0	457.1289	59.9706	yes
SN124_A938797_Rep2	TGGTCTAGCTTACATG-1	no	yes	no		unresolved	no	21.0	5.0	258.0	627.0	75.8452	184.3214	yes
SN124_A938797_Rep2	TGGTCTGTTGGGCGTA-1	no	yes	no		unresolved	no	37.0	29.0	566.0	985.0	166.389	289.5639	yes
SN124_A938797_Rep2	TGGTGATCGTATTTGT-1	no	yes	no		unresolved	no	26.0	16.0	399.0	739.0	117.2954	217.2464	yes
SN124_A938797_Rep2	TGGTGCCCTGCCTTAC-1	no	yes	no		unresolved	no	74.0	52.0	860.0	1812.0	252.8172	532.6801	yes
SN124_A938797_Rep2	TGGTGTGACAGACGAT-1	no	yes	no		unresolved	no	2.0	2.0	220.0	202.0	64.6742	59.3827	yes
SN124_A938797_Rep2	TGGTTAACTTACATTT-1	no	yes	no		unresolved	no	60.0	8.0	295.0	1498.0	86.7222	440.3724	yes
SN124_A938797_Rep2	TGGTTAAGGGCGCTGG-1	no	yes	no		unresolved	no	26.0	114.0	1657.0	740.0	487.1142	217.5404	yes
SN124_A938797_Rep2	TGGTTATGCTTGCGGT-1	no	yes	no		unresolved	no	25.0	1.0	206.0	716.0	60.5585	210.4851	yes
SN124_A938797_Rep2	TGGTTCAACGGGTAAT-1	yes	yes	yes	non neo epithelium	normal epithelium	yes	50.0	74.0	1143.0	1276.0	336.0118	375.1102	yes
SN124_A938797_Rep2	TGGTTCGTAGCAAAGG-1	yes	yes	yes	stroma_fibroblastic_IC med	stroma	yes	23.0	55.0	900.0	672.0	264.5762	197.5502	yes
SN124_A938797_Rep2	TGGTTGGAGGATCCTG-1	no	yes	no		unresolved	no	11.0	91.0	1362.0	405.0	400.392	119.0593	yes
SN124_A938797_Rep2	TGGTTTAAACGTGGGT-1	yes	yes	yes	exclude	exclude	yes	24.0	112.0	1632.0	696.0	479.7648	204.6056	yes
SN124_A938797_Rep2	TGTAACTTGTCAACCT-1	yes	yes	yes	exclude	exclude	yes	3.0	31.0	592.0	225.0	174.0323	66.144	yes
SN124_A938797_Rep2	TGTAAGACTGATAAGA-1	no	yes	no		unresolved	no	66.0	0.0	192.0	1632.0	56.4429	479.7648	yes
SN124_A938797_Rep2	TGTAATGACCACAATA-1	no	yes	no		unresolved	no	36.0	14.0	373.0	962.0	109.6521	282.8025	yes
SN124_A938797_Rep2	TGTAATGCCTTCGGAC-1	no	yes	no		unresolved	no	3.0	107.0	1568.0	226.0	460.9505	66.438	yes
SN124_A938797_Rep2	TGTACCCGACCCTAAT-1	no	yes	no		unresolved	no	67.0	7.0	282.0	1655.0	82.9005	486.5262	yes
SN124_A938797_Rep2	TGTACCTACACGAGGG-1	no	yes	no		unresolved	no	59.0	91.0	1361.0	1477.0	400.098	434.1989	yes
SN124_A938797_Rep2	TGTACGAACAAATCCG-1	yes	yes	yes	stroma_fibroblastic_IC high	stroma	yes	38.0	58.0	938.0	1008.0	275.7472	296.3253	yes
SN124_A938797_Rep2	TGTACGCTATCAGCTT-1	no	yes	no		unresolved	no	0.0	84.0	1273.0	159.0	374.2283	46.7418	yes
SN124_A938797_Rep2	TGTACTACTCTCACGG-1	no	yes	no		unresolved	no	20.0	120.0	1735.0	606.0	510.0441	178.148	yes
SN124_A938797_Rep2	TGTACTATCGCTCGTT-1	no	yes	no		unresolved	no	76.0	94.0	1399.0	1857.0	411.269	545.9089	yes
SN124_A938797_Rep2	TGTACTGTGCCAAAGT-1	yes	yes	yes	stroma_fibroblastic_IC high	stroma	yes	5.0	43.0	746.0	270.0	219.3043	79.3729	yes
SN124_A938797_Rep2	TGTACTTCCGGGCATG-1	no	yes	no		unresolved	no	70.0	114.0	1656.0	1724.0	486.8202	506.8104	yes
SN124_A938797_Rep2	TGTAGCCAATTCCGTT-1	no	yes	no		unresolved	no	71.0	81.0	1232.0	1745.0	362.1754	512.9838	yes
SN124_A938797_Rep2	TGTAGCCATCCCATTC-1	no	yes	no		unresolved	no	62.0	112.0	1631.0	1545.0	479.4708	454.1891	yes
SN124_A938797_Rep2	TGTAGGAGAAATTTCC-1	yes	yes	yes	tumor	tumor	yes	34.0	86.0	1298.0	919.0	381.5777	270.1617	yes
SN124_A938797_Rep2	TGTAGTGATCTATAAT-1	no	yes	no		unresolved	no	35.0	33.0	617.0	940.0	181.3817	276.3351	yes
SN124_A938797_Rep2	TGTATAACAGATCCTG-1	yes	yes	yes	stroma_fibroblastic_IC high	stroma	yes	29.0	79.0	1208.0	807.0	355.12	237.2366	yes
SN124_A938797_Rep2	TGTATACGGATGATGA-1	no	yes	no		unresolved	no	25.0	125.0	1799.0	718.0	528.8584	211.073	yes
SN124_A938797_Rep2	TGTATCAGACTGAAGC-1	no	yes	no		unresolved	no	10.0	110.0	1606.0	383.0	472.1215	112.5919	yes
SN124_A938797_Rep2	TGTATCCTTATTCCAT-1	yes	yes	yes	stroma_fibroblastic_IC med	stroma	yes	10.0	50.0	836.0	382.0	245.7619	112.2979	yes
SN124_A938797_Rep2	TGTATGGCGCAGACAG-1	yes	yes	yes	non neo epithelium	normal epithelium	yes	43.0	93.0	1387.0	1120.0	407.7413	329.2504	yes
SN124_A938797_Rep2	TGTATTTACCTAATGC-1	no	yes	no		unresolved	no	10.0	102.0	1504.0	383.0	442.1362	112.5919	yes
SN124_A938797_Rep2	TGTCATTTGTTGGGAA-1	yes	yes	yes	tumor&stroma_IC med to high	mixed	yes	21.0	109.0	1593.0	629.0	468.2998	184.9094	yes
SN124_A938797_Rep2	TGTCCACGGCTCAACT-1	no	yes	no		unresolved	no	65.0	101.0	1489.0	1612.0	437.7266	473.8853	yes
SN124_A938797_Rep2	TGTCCCGACATAGCAC-1	yes	yes	yes	tumor&stroma_IC med to high	mixed	yes	11.0	57.0	926.0	404.0	272.2195	118.7653	yes
SN124_A938797_Rep2	TGTCCGCAAACAATTC-1	no	yes	no		unresolved	no	73.0	51.0	847.0	1789.0	248.9956	525.9187	yes
SN124_A938797_Rep2	TGTCCGTGGCGCCTTT-1	no	yes	no		unresolved	no	30.0	18.0	424.0	828.0	124.6448	243.4101	yes
SN124_A938797_Rep2	TGTCCTAAGTCACCGC-1	no	yes	no		unresolved	no	34.0	30.0	578.0	918.0	169.9167	269.8677	yes
SN124_A938797_Rep2	TGTCGGCATGGTGGAA-1	no	yes	no		unresolved	no	9.0	23.0	489.0	359.0	143.7531	105.5365	yes
SN124_A938797_Rep2	TGTCGTGGGTATAGGC-1	no	yes	no		unresolved	no	75.0	67.0	1052.0	1834.0	309.2602	539.1475	yes
SN124_A938797_Rep2	TGTCGTTATCACATAT-1	no	yes	no		unresolved	no	61.0	15.0	385.0	1521.0	113.1798	447.1338	yes
SN124_A938797_Rep2	TGTCTACAGTTTCTGT-1	yes	yes	yes	tumor	tumor	yes	11.0	53.0	874.0	404.0	256.9329	118.7653	yes
SN124_A938797_Rep2	TGTGACTACGCCAGTC-1	yes	yes	yes	tumor&stroma_IC med to high	mixed	yes	21.0	73.0	1131.0	628.0	332.4841	184.6154	yes
SN124_A938797_Rep2	TGTGACTAGAGTTTGC-1	no	yes	no		unresolved	no	68.0	110.0	1605.0	1679.0	471.8275	493.5816	yes
SN124_A938797_Rep2	TGTGAGACTAGCCCAA-1	no	yes	no		unresolved	no	59.0	63.0	1001.0	1477.0	294.2675	434.1989	yes
SN124_A938797_Rep2	TGTGATTCCAGCGCTT-1	no	yes	no		unresolved	no	0.0	86.0	1299.0	159.0	381.8716	46.7418	yes
SN124_A938797_Rep2	TGTGCCAGAGGCAAAG-1	no	yes	no		unresolved	no	54.0	0.0	193.0	1364.0	56.7369	400.9799	yes
SN124_A938797_Rep2	TGTGCCGGTGCCGGAA-1	no	yes	no		unresolved	no	53.0	97.0	1438.0	1343.0	422.734	394.8065	yes
SN124_A938797_Rep2	TGTGCTTTACGTAAGA-1	no	yes	no		unresolved	no	36.0	18.0	424.0	962.0	124.6448	282.8025	yes
SN124_A938797_Rep2	TGTGGACTATCTACGT-1	no	yes	no		unresolved	no	52.0	126.0	1811.0	1322.0	532.3861	388.633	yes
SN124_A938797_Rep2	TGTGGAGGAAGCTTAA-1	yes	yes	yes	stroma_fibroblastic_IC med	stroma	yes	2.0	56.0	913.0	203.0	268.3978	59.6766	yes
SN124_A938797_Rep2	TGTGGCAAAGCGTATG-1	yes	yes	yes	stroma_fibroblastic_IC high	stroma	yes	29.0	87.0	1311.0	807.0	385.3993	237.2366	yes
SN124_A938797_Rep2	TGTGGCGGGCTTCTGG-1	no	yes	no		unresolved	no	65.0	59.0	950.0	1611.0	279.2749	473.5914	yes
SN124_A938797_Rep2	TGTGGCTCCCACCAAC-1	no	yes	no		unresolved	no	44.0	118.0	1708.0	1143.0	502.1068	336.0118	yes
SN124_A938797_Rep2	TGTGGTAGGGTGCCTT-1	no	yes	no		unresolved	no	53.0	125.0	1798.0	1344.0	528.5644	395.1004	yes
SN124_A938797_Rep2	TGTGGTTGCTAAAGCT-1	no	yes	no		unresolved	no	65.0	49.0	822.0	1611.0	241.6462	473.5914	yes
SN124_A938797_Rep2	TGTGTAGTAGCACGTG-1	no	yes	no		unresolved	no	58.0	116.0	1682.0	1455.0	494.4635	427.7315	yes
SN124_A938797_Rep2	TGTGTCGAAGTCGAGG-1	no	yes	no		unresolved	no	42.0	0.0	193.0	1096.0	56.7369	322.195	yes
SN124_A938797_Rep2	TGTGTCGCGAGTTGCA-1	yes	yes	yes	stroma_fibroblastic_IC high	stroma	yes	24.0	36.0	656.0	694.0	192.8466	204.0176	yes
SN124_A938797_Rep2	TGTGTGACCATGAATC-1	no	yes	no		unresolved	no	48.0	2.0	219.0	1230.0	64.3802	361.5875	yes
SN124_A938797_Rep2	TGTGTTCGTATCCAAG-1	no	yes	no		unresolved	no	31.0	21.0	463.0	851.0	136.1097	250.1715	yes
SN124_A938797_Rep2	TGTTAACAAAGTGACT-1	no	yes	no		unresolved	no	71.0	123.0	1772.0	1746.0	520.9211	513.2778	yes
SN124_A938797_Rep2	TGTTATTGTATGTGGC-1	yes	yes	yes	non neo epithelium	normal epithelium	yes	44.0	86.0	1297.0	1142.0	381.2837	335.7178	yes
SN124_A938797_Rep2	TGTTCATAAATGTGCT-1	no	yes	no		unresolved	no	26.0	8.0	296.0	739.0	87.0162	217.2464	yes
SN124_A938797_Rep2	TGTTCCGCTTCCATGA-1	yes	yes	yes	tumor	tumor	yes	36.0	44.0	758.0	963.0	222.8319	283.0965	yes
SN124_A938797_Rep2	TGTTCCGGCCTGAGCT-1	no	yes	no		unresolved	no	70.0	66.0	1040.0	1723.0	305.7325	506.5164	yes
SN124_A938797_Rep2	TGTTCGTATTGCGGTG-1	no	yes	no		unresolved	no	49.0	61.0	976.0	1253.0	286.9182	368.3488	yes
SN124_A938797_Rep2	TGTTCTCATACTATAG-1	no	yes	no		unresolved	no	71.0	127.0	1823.0	1746.0	535.9138	513.2778	yes
SN124_A938797_Rep2	TGTTCTCTACTCCCTA-1	no	yes	no		unresolved	no	13.0	123.0	1773.0	450.0	521.2151	132.2881	yes
SN124_A938797_Rep2	TGTTCTTCCATTGACT-1	yes	yes	yes	tumor&stroma_IC med to high	mixed	yes	33.0	43.0	745.0	896.0	219.0103	263.4003	yes
SN124_A938797_Rep2	TGTTGATCACTGTTTA-1	no	yes	no		unresolved	no	2.0	120.0	1735.0	204.0	510.0441	59.9706	yes
SN124_A938797_Rep2	TGTTGCCGTCGTCCCA-1	no	yes	no		unresolved	no	46.0	122.0	1759.0	1187.0	517.0995	348.9466	yes
SN124_A938797_Rep2	TGTTGGCTGGCGGAAG-1	no	yes	no		unresolved	no	1.0	5.0	258.0	180.0	75.8452	52.9152	yes
SN124_A938797_Rep2	TGTTGTCAAGAAGTCT-1	yes	yes	yes	stroma_fibroblastic_IC high	stroma	yes	24.0	82.0	1246.0	695.0	366.291	204.3116	yes
SN124_A938797_Rep2	TGTTTAATACTTCATC-1	yes	yes	yes	exclude	exclude	yes	9.0	77.0	1183.0	360.0	347.7707	105.8305	yes
SN124_A938797_Rep2	TGTTTCGGTACTTCTC-1	yes	yes	yes	stroma_fibroblastic_IC high	stroma	yes	18.0	56.0	913.0	561.0	268.3978	164.9192	yes
SN124_A938797_Rep2	TGTTTCTGAAGCGTGC-1	no	yes	no		unresolved	no	63.0	7.0	282.0	1565.0	82.9005	460.0686	yes
SN124_A938797_Rep2	TGTTTGAGATCGTCAG-1	no	yes	no		unresolved	no	49.0	115.0	1670.0	1254.0	490.9358	368.6428	yes
SN124_A938797_Rep2	TTAAACAGAGTCCCGC-1	yes	yes	yes	stroma desmoplastic_IC low	stroma	yes	9.0	27.0	541.0	359.0	159.0397	105.5365	yes
SN124_A938797_Rep2	TTAAACCGGTAGCGAC-1	yes	yes	yes	tumor	tumor	yes	8.0	52.0	862.0	337.0	253.4052	99.0691	yes
SN124_A938797_Rep2	TTAAACCTGGTTCCTT-1	no	yes	no		unresolved	no	26.0	12.0	348.0	739.0	102.3028	217.2464	yes
SN124_A938797_Rep2	TTAAACTCGAATTCAT-1	yes	yes	yes	tumor	tumor	yes	31.0	95.0	1413.0	852.0	415.3846	250.4655	yes
SN124_A938797_Rep2	TTAAAGGCGATGCTCG-1	no	yes	no		unresolved	no	73.0	49.0	821.0	1789.0	241.3523	525.9187	yes
SN124_A938797_Rep2	TTAAAGTAAGTCGCCA-1	no	yes	no		unresolved	no	69.0	105.0	1541.0	1701.0	453.0132	500.049	yes
SN124_A938797_Rep2	TTAACACCTCGAACAT-1	yes	yes	yes	stroma desmoplastic_IC low	stroma	yes	24.0	22.0	476.0	694.0	139.9314	204.0176	yes
SN124_A938797_Rep2	TTAACCAACCCTCCCT-1	yes	yes	yes	stroma_fibroblastic_IC high	stroma	yes	19.0	55.0	900.0	583.0	264.5762	171.3866	yes
SN124_A938797_Rep2	TTAACCCGAGGCGTGT-1	no	yes	no		unresolved	no	75.0	123.0	1771.0	1835.0	520.6271	539.4414	yes
SN124_A938797_Rep2	TTAACGAACAAGCAGT-1	no	yes	no		unresolved	no	22.0	114.0	1657.0	651.0	487.1142	191.3768	yes
SN124_A938797_Rep2	TTAACGTCGCAAGACC-1	yes	yes	yes	tumor&stroma_IC med to high	mixed	yes	10.0	54.0	887.0	382.0	260.7545	112.2979	yes
SN124_A938797_Rep2	TTAACGTTAAAGCCTG-1	no	yes	no		unresolved	no	36.0	4.0	245.0	962.0	72.0235	282.8025	yes
SN124_A938797_Rep2	TTAACTCACGCGTGGA-1	no	yes	no		unresolved	no	24.0	14.0	373.0	694.0	109.6521	204.0176	yes
SN124_A938797_Rep2	TTAACTGATCGTTTGG-1	no	yes	no		unresolved	no	69.0	127.0	1823.0	1701.0	535.9138	500.049	yes
SN124_A938797_Rep2	TTAACTTCAGGTAGGA-1	no	yes	no		unresolved	no	46.0	26.0	527.0	1186.0	154.9241	348.6526	yes
SN124_A938797_Rep2	TTAAGACGAACGAACC-1	no	yes	no		unresolved	no	6.0	96.0	1427.0	293.0	419.5002	86.1342	yes
SN124_A938797_Rep2	TTAAGATACCCAGAGA-1	no	yes	no		unresolved	no	74.0	26.0	526.0	1811.0	154.6301	532.3861	yes
SN124_A938797_Rep2	TTAAGATAGGATTGAC-1	no	yes	no		unresolved	no	43.0	101.0	1490.0	1120.0	438.0206	329.2504	yes
SN124_A938797_Rep2	TTAAGCCGACAACTTC-1	yes	yes	yes	stroma_fibroblastic_IC high	stroma	yes	13.0	77.0	1183.0	449.0	347.7707	131.9941	yes
SN124_A938797_Rep2	TTAAGCGCCTGACCCA-1	yes	yes	yes	stroma_fibroblastic_IC high	stroma	yes	30.0	44.0	758.0	829.0	222.8319	243.7041	yes
SN124_A938797_Rep2	TTAAGGATACGGAGGT-1	yes	yes	yes	stroma_fibroblastic_IC high	stroma	yes	7.0	39.0	695.0	315.0	204.3116	92.6017	yes
SN124_A938797_Rep2	TTAAGGCCCGTACTTT-1	no	yes	no		unresolved	no	59.0	25.0	514.0	1476.0	151.1024	433.9049	yes
SN124_A938797_Rep2	TTAAGTATTGTTATCC-1	no	yes	no		unresolved	no	64.0	90.0	1348.0	1589.0	396.2763	467.124	yes
SN124_A938797_Rep2	TTAATCAGTACGTCAG-1	yes	yes	yes	exclude	exclude	yes	18.0	76.0	1170.0	561.0	343.949	164.9192	yes
SN124_A938797_Rep2	TTAATGCGAGGTAACT-1	yes	yes	yes	exclude	exclude	yes	4.0	70.0	1093.0	248.0	321.3131	72.9054	yes
SN124_A938797_Rep2	TTAATGTAGACCAGGT-1	yes	yes	yes	stroma_fibroblastic_IC high	stroma	yes	30.0	68.0	1067.0	829.0	313.6698	243.7041	yes
SN124_A938797_Rep2	TTAATGTGTTTGCAGG-1	no	yes	no		unresolved	no	12.0	6.0	271.0	426.0	79.6668	125.2327	yes
SN124_A938797_Rep2	TTAATTGCTTTGGGTG-1	no	yes	no		unresolved	no	62.0	76.0	1168.0	1544.0	343.3611	453.8951	yes
SN124_A938797_Rep2	TTAATTTCAGACGCGG-1	yes	yes	yes	stroma_fibroblastic_IC high	stroma	yes	17.0	69.0	1080.0	539.0	317.4914	158.4517	yes
SN124_A938797_Rep2	TTACAACTACGCATCC-1	yes	yes	yes	stroma_fibroblastic_IC high	stroma	yes	24.0	52.0	861.0	695.0	253.1112	204.3116	yes
SN124_A938797_Rep2	TTACACGATCTGCGAC-1	no	yes	no		unresolved	no	62.0	110.0	1605.0	1545.0	471.8275	454.1891	yes
SN124_A938797_Rep2	TTACAGACCTAAATGA-1	yes	yes	yes	stroma_fibroblastic_IC high	stroma	yes	26.0	96.0	1426.0	740.0	419.2063	217.5404	yes
SN124_A938797_Rep2	TTACATCGTGGCCTGG-1	yes	yes	yes	stroma_fibroblastic_IC high	stroma	yes	20.0	36.0	656.0	605.0	192.8466	177.854	yes
SN124_A938797_Rep2	TTACATGCCACAACTA-1	no	yes	no		unresolved	no	41.0	103.0	1516.0	1075.0	445.6639	316.0216	yes
SN124_A938797_Rep2	TTACCATTGATTACCC-1	no	yes	no		unresolved	no	34.0	28.0	553.0	918.0	162.5674	269.8677	yes
SN124_A938797_Rep2	TTACCCATTGCCGGGT-1	yes	yes	yes	stroma_fibroblastic_IC high	stroma	yes	17.0	85.0	1285.0	539.0	377.756	158.4517	yes
SN124_A938797_Rep2	TTACCCTAACAGTCCT-1	yes	yes	yes	stroma desmoplastic_IC low	stroma	yes	24.0	24.0	502.0	694.0	147.5747	204.0176	yes
SN124_A938797_Rep2	TTACCCTAGGGATTGG-1	no	yes	no		unresolved	no	60.0	58.0	937.0	1499.0	275.4532	440.6663	yes
SN124_A938797_Rep2	TTACCGCCTTAGGGAA-1	no	yes	no		unresolved	no	11.0	21.0	464.0	404.0	136.4037	118.7653	yes
SN124_A938797_Rep2	TTACGGATGGTTCGAG-1	yes	yes	yes	tumor&stroma_IC med to high	mixed	yes	33.0	93.0	1387.0	896.0	407.7413	263.4003	yes
SN124_A938797_Rep2	TTACGGTGTCACCGAG-1	yes	yes	yes	exclude	exclude	yes	5.0	37.0	669.0	270.0	196.6683	79.3729	yes
SN124_A938797_Rep2	TTACGTAGCGCGTGCT-1	no	yes	no		unresolved	no	2.0	100.0	1478.0	204.0	434.4929	59.9706	yes
SN124_A938797_Rep2	TTACGTATCTATGACA-1	no	yes	no		unresolved	no	64.0	116.0	1682.0	1589.0	494.4635	467.124	yes
SN124_A938797_Rep2	TTACTAAAGGACTTTA-1	yes	yes	yes	epitehlium&submucosa	other	yes	48.0	78.0	1194.0	1231.0	351.0044	361.8814	yes
SN124_A938797_Rep2	TTACTATCGGCTTCTC-1	no	yes	no		unresolved	no	34.0	16.0	399.0	918.0	117.2954	269.8677	yes
SN124_A938797_Rep2	TTACTCCGGCCGGGAA-1	yes	yes	yes	tumor&stroma_IC med to high	mixed	yes	34.0	78.0	1195.0	919.0	351.2984	270.1617	yes
SN124_A938797_Rep2	TTACTCTGGTACGTAC-1	no	yes	no		unresolved	no	43.0	31.0	591.0	1119.0	173.7384	328.9564	yes
SN124_A938797_Rep2	TTACTGGGATATTTCA-1	yes	yes	yes	stroma_fibroblastic_IC high	stroma	yes	44.0	54.0	886.0	1142.0	260.4606	335.7178	yes
SN124_A938797_Rep2	TTACTGTCTAGAGCTC-1	no	yes	no		unresolved	no	19.0	115.0	1670.0	584.0	490.9358	171.6805	yes
SN124_A938797_Rep2	TTACTGTTTCTCTACG-1	yes	yes	yes	exclude	exclude	yes	2.0	68.0	1067.0	203.0	313.6698	59.6766	yes
SN124_A938797_Rep2	TTAGAAGAACATGACT-1	yes	yes	yes	exclude	exclude	yes	52.0	64.0	1015.0	1321.0	298.3831	388.339	yes
SN124_A938797_Rep2	TTAGAATAAGGGTCGG-1	no	yes	no		unresolved	no	61.0	45.0	770.0	1521.0	226.3596	447.1338	yes
SN124_A938797_Rep2	TTAGACACGATCGTTG-1	yes	yes	yes	stroma_fibroblastic_IC high	stroma	yes	16.0	86.0	1298.0	517.0	381.5777	151.9843	yes
SN124_A938797_Rep2	TTAGACGAGTCACCTC-1	yes	yes	yes	non neo epithelium	normal epithelium	yes	48.0	80.0	1220.0	1231.0	358.6477	361.8814	yes
SN124_A938797_Rep2	TTAGAGGGATATACAG-1	no	yes	no		unresolved	no	50.0	0.0	193.0	1275.0	56.7369	374.8163	yes
SN124_A938797_Rep2	TTAGAGTATTGTCGAG-1	no	yes	no		unresolved	no	76.0	22.0	475.0	1856.0	139.6374	545.6149	yes
SN124_A938797_Rep2	TTAGAGTTTAGAAGGA-1	yes	yes	yes	non neo epithelium	normal epithelium	yes	46.0	86.0	1297.0	1187.0	381.2837	348.9466	yes
SN124_A938797_Rep2	TTAGATAGGTCGATAC-1	no	yes	no		unresolved	no	13.0	21.0	463.0	448.0	136.1097	131.7001	yes
SN124_A938797_Rep2	TTAGCAACATGGATGT-1	yes	yes	yes	stroma desmoplastic_IC low	stroma	yes	20.0	28.0	553.0	605.0	162.5674	177.854	yes
SN124_A938797_Rep2	TTAGCATCCCTCACGT-1	no	yes	no		unresolved	no	73.0	1.0	205.0	1789.0	60.2646	525.9187	yes
SN124_A938797_Rep2	TTAGCCATAGGGCTCG-1	no	yes	no		unresolved	no	76.0	28.0	552.0	1856.0	162.2734	545.6149	yes
SN124_A938797_Rep2	TTAGCGAATAGATAGG-1	no	yes	no		unresolved	no	77.0	95.0	1412.0	1880.0	415.0906	552.6703	yes
SN124_A938797_Rep2	TTAGCTAATACGATCT-1	yes	yes	yes	stroma_fibroblastic_IC high	stroma	yes	22.0	98.0	1452.0	651.0	426.8496	191.3768	yes
SN124_A938797_Rep2	TTAGCTCTGTAATCCG-1	no	yes	no		unresolved	no	31.0	15.0	386.0	850.0	113.4738	249.8775	yes
SN124_A938797_Rep2	TTAGCTGATTTGCCGT-1	yes	yes	yes	epitehlium&submucosa	other	yes	38.0	94.0	1400.0	1008.0	411.563	296.3253	yes
SN124_A938797_Rep2	TTAGGATGGGAGGGTA-1	no	yes	no		unresolved	no	47.0	127.0	1824.0	1210.0	536.2077	355.708	yes
SN124_A938797_Rep2	TTAGGTCATAACCGAC-1	no	yes	no		unresolved	no	58.0	38.0	680.0	1454.0	199.902	427.4375	yes
SN124_A938797_Rep2	TTAGGTGTGACTGGTC-1	no	yes	no		unresolved	no	3.0	7.0	284.0	225.0	83.4885	66.144	yes
SN124_A938797_Rep2	TTAGTAAACCTGCTCT-1	no	yes	no		unresolved	no	62.0	94.0	1399.0	1544.0	411.269	453.8951	yes
SN124_A938797_Rep2	TTAGTAGGGCGGCGGG-1	no	yes	no		unresolved	no	34.0	26.0	527.0	918.0	154.9241	269.8677	yes
SN124_A938797_Rep2	TTAGTTATTCGTGGCA-1	no	yes	no		unresolved	no	47.0	91.0	1361.0	1209.0	400.098	355.414	yes
SN124_A938797_Rep2	TTAGTTCAAGTGTTCG-1	yes	yes	yes	tumor&stroma_IC med to high	mixed	yes	22.0	112.0	1632.0	651.0	479.7648	191.3768	yes
SN124_A938797_Rep2	TTATAGATGCACATTA-1	yes	yes	yes	tumor&stroma_IC med to high	mixed	yes	5.0	53.0	875.0	270.0	257.2268	79.3729	yes
SN124_A938797_Rep2	TTATAGGTAATTGTCT-1	no	yes	no		unresolved	no	61.0	73.0	1130.0	1522.0	332.1901	447.4277	yes
SN124_A938797_Rep2	TTATAGTCCAAGGTGC-1	no	yes	no		unresolved	no	5.0	107.0	1568.0	271.0	460.9505	79.6668	yes
SN124_A938797_Rep2	TTATATACGCTGTCAC-1	yes	yes	yes	tumor&stroma_IC med to high	mixed	yes	38.0	74.0	1143.0	1008.0	336.0118	296.3253	yes
SN124_A938797_Rep2	TTATATTTGGCAATCC-1	yes	yes	yes	stroma_fibroblastic_IC med	stroma	yes	26.0	64.0	1015.0	740.0	298.3831	217.5404	yes
SN124_A938797_Rep2	TTATCATACTCGCAAA-1	no	yes	no		unresolved	no	2.0	24.0	502.0	203.0	147.5747	59.6766	yes
SN124_A938797_Rep2	TTATCCAATCGAACTC-1	yes	yes	yes	stroma desmoplastic_IC low	stroma	yes	13.0	33.0	618.0	449.0	181.6756	131.9941	yes
SN124_A938797_Rep2	TTATCCGGGATCTATA-1	no	yes	no		unresolved	no	51.0	87.0	1310.0	1299.0	385.1053	381.8716	yes
SN124_A938797_Rep2	TTATCCTCAAGGAATA-1	no	yes	no		unresolved	no	52.0	18.0	424.0	1320.0	124.6448	388.0451	yes
SN124_A938797_Rep2	TTATCGCCTGCGAAGC-1	no	yes	no		unresolved	no	27.0	17.0	412.0	761.0	121.1171	223.7139	yes
SN124_A938797_Rep2	TTATCTGACATTAGGA-1	no	yes	no		unresolved	no	46.0	8.0	296.0	1186.0	87.0162	348.6526	yes
SN124_A938797_Rep2	TTATCTGTATCATAAC-1	yes	yes	yes	stroma_fibroblastic_IC med	stroma	yes	22.0	60.0	964.0	650.0	283.3905	191.0828	yes
SN124_A938797_Rep2	TTATGAATGAAAGGGA-1	yes	yes	yes	stroma_fibroblastic_IC high	stroma	yes	41.0	63.0	1002.0	1075.0	294.5615	316.0216	yes
SN124_A938797_Rep2	TTATGACAAACTGGAT-1	yes	yes	yes	stroma_fibroblastic_IC high	stroma	yes	27.0	35.0	643.0	761.0	189.025	223.7139	yes
SN124_A938797_Rep2	TTATGATCTTAACGAA-1	yes	yes	yes	epitehlium&submucosa	other	yes	38.0	82.0	1246.0	1008.0	366.291	296.3253	yes
SN124_A938797_Rep2	TTATGCGTCCCGGTCC-1	yes	yes	yes	stroma_fibroblastic_IC high	stroma	yes	7.0	45.0	772.0	315.0	226.9476	92.6017	yes
SN124_A938797_Rep2	TTATGTTTGCGATAGA-1	no	yes	no		unresolved	no	26.0	20.0	450.0	739.0	132.2881	217.2464	yes
SN124_A938797_Rep2	TTATTAGAGCGTGTTC-1	yes	yes	yes	muscularis_IC med to high	other	yes	46.0	70.0	1092.0	1187.0	321.0191	348.9466	yes
SN124_A938797_Rep2	TTATTAGGGAAGCATC-1	yes	yes	yes	tumor	tumor	yes	15.0	59.0	951.0	494.0	279.5688	145.2229	yes
SN124_A938797_Rep2	TTATTATCTGGAAGGC-1	no	yes	no		unresolved	no	55.0	121.0	1746.0	1388.0	513.2778	408.0353	yes
SN124_A938797_Rep2	TTATTTAGGTTCCTTA-1	no	yes	no		unresolved	no	66.0	126.0	1810.0	1634.0	532.0921	480.3528	yes
SN124_A938797_Rep2	TTATTTCATCCCAAAC-1	no	yes	no		unresolved	no	1.0	19.0	438.0	180.0	128.7604	52.9152	yes
SN124_A938797_Rep2	TTCAAAGTCTCTAGCC-1	yes	yes	yes	stroma_fibroblastic_IC high	stroma	yes	35.0	75.0	1156.0	941.0	339.8334	276.6291	yes
SN124_A938797_Rep2	TTCAACGACCCGACCG-1	yes	yes	yes	stroma_fibroblastic_IC high	stroma	yes	20.0	48.0	810.0	605.0	238.1186	177.854	yes
SN124_A938797_Rep2	TTCAAGCCGAGCTGAG-1	yes	yes	yes	tumor&stroma_IC med to high	mixed	yes	13.0	75.0	1157.0	449.0	340.1274	131.9941	yes
SN124_A938797_Rep2	TTCAATACTCTGAATC-1	yes	yes	yes	epitehlium&submucosa	other	yes	38.0	86.0	1297.0	1008.0	381.2837	296.3253	yes
SN124_A938797_Rep2	TTCAATTAGCCATAAT-1	yes	yes	yes	exclude	exclude	yes	7.0	77.0	1183.0	315.0	347.7707	92.6017	yes
SN124_A938797_Rep2	TTCACGAAAGGATCAC-1	yes	yes	yes	tumor	tumor	yes	38.0	54.0	887.0	1008.0	260.7545	296.3253	yes
SN124_A938797_Rep2	TTCACGGTCGTCACGT-1	no	yes	no		unresolved	no	71.0	27.0	539.0	1744.0	158.4517	512.6899	yes
SN124_A938797_Rep2	TTCACTCGAGCACCTA-1	no	yes	no		unresolved	no	55.0	69.0	1079.0	1388.0	317.1974	408.0353	yes
SN124_A938797_Rep2	TTCACTTCCTAGAACG-1	no	yes	no		unresolved	no	67.0	51.0	847.0	1655.0	248.9956	486.5262	yes
SN124_A938797_Rep2	TTCAGAGTAACCTGAC-1	no	yes	no		unresolved	no	6.0	22.0	477.0	292.0	140.2254	85.8403	yes
SN124_A938797_Rep2	TTCAGCCCTGGTCCAC-1	no	yes	no		unresolved	no	47.0	85.0	1284.0	1209.0	377.462	355.414	yes
SN124_A938797_Rep2	TTCAGCTGGCGTGCCC-1	no	yes	no		unresolved	no	55.0	95.0	1413.0	1388.0	415.3846	408.0353	yes
SN124_A938797_Rep2	TTCAGGCGTCAAAGCC-1	no	yes	no		unresolved	no	40.0	16.0	399.0	1052.0	117.2954	309.2602	yes
SN124_A938797_Rep2	TTCAGTTCAAGAGGAG-1	no	yes	no		unresolved	no	72.0	38.0	680.0	1767.0	199.902	519.4512	yes
SN124_A938797_Rep2	TTCAGTTTGTGGCAGC-1	no	yes	no		unresolved	no	27.0	7.0	283.0	761.0	83.1945	223.7139	yes
SN124_A938797_Rep2	TTCATAGCCTTGTAAC-1	no	yes	no		unresolved	no	7.0	15.0	387.0	314.0	113.7678	92.3077	yes
SN124_A938797_Rep2	TTCATAGGGTGTCCAT-1	no	yes	no		unresolved	no	16.0	4.0	245.0	515.0	72.0235	151.3964	yes
SN124_A938797_Rep2	TTCATGGCGCAACAGG-1	yes	yes	yes	stroma_fibroblastic_IC high	stroma	yes	19.0	75.0	1157.0	583.0	340.1274	171.3866	yes
SN124_A938797_Rep2	TTCCAATCAGAGCTAG-1	yes	yes	yes	stroma_fibroblastic_IC high	stroma	yes	23.0	95.0	1413.0	673.0	415.3846	197.8442	yes
SN124_A938797_Rep2	TTCCAATCTGGCTATC-1	yes	yes	yes	exclude	exclude	yes	48.0	46.0	784.0	1231.0	230.4753	361.8814	yes
SN124_A938797_Rep2	TTCCACACAGATTTGA-1	no	yes	no		unresolved	no	50.0	46.0	783.0	1276.0	230.1813	375.1102	yes
SN124_A938797_Rep2	TTCCACATTTCTCGTC-1	no	yes	no		unresolved	no	1.0	77.0	1183.0	181.0	347.7707	53.2092	yes
SN124_A938797_Rep2	TTCCAGACGAGATTTA-1	no	yes	no		unresolved	no	39.0	111.0	1618.0	1031.0	475.6492	303.0867	yes
SN124_A938797_Rep2	TTCCAGTGGGTTTCGT-1	no	yes	no		unresolved	no	75.0	47.0	796.0	1834.0	234.0029	539.1475	yes
SN124_A938797_Rep2	TTCCATCATGCGGTGA-1	yes	yes	yes	exclude	exclude	yes	13.0	99.0	1465.0	450.0	430.6712	132.2881	yes
SN124_A938797_Rep2	TTCCATCGACAGCGTG-1	no	yes	no		unresolved	no	61.0	107.0	1566.0	1522.0	460.3626	447.4277	yes
SN124_A938797_Rep2	TTCCCAAAGTACTGAT-1	no	yes	no		unresolved	no	77.0	117.0	1694.0	1880.0	497.9912	552.6703	yes
SN124_A938797_Rep2	TTCCCGACGCTTCACT-1	no	yes	no		unresolved	no	1.0	89.0	1337.0	181.0	393.0426	53.2092	yes
SN124_A938797_Rep2	TTCCCGGCGCCAATAG-1	no	yes	no		unresolved	no	46.0	12.0	347.0	1186.0	102.0088	348.6526	yes
SN124_A938797_Rep2	TTCCGCAGAGAAATAT-1	yes	yes	yes	tumor&stroma_IC med to high	mixed	yes	21.0	101.0	1491.0	628.0	438.3145	184.6154	yes
SN124_A938797_Rep2	TTCCGCGTGAGGCGAT-1	yes	yes	yes	stroma_fibroblastic_IC high	stroma	yes	46.0	64.0	1015.0	1186.0	298.3831	348.6526	yes
SN124_A938797_Rep2	TTCCGGCCTTGAGGCT-1	no	yes	no		unresolved	no	54.0	44.0	758.0	1365.0	222.8319	401.2739	yes
SN124_A938797_Rep2	TTCCGGCTCGACTTCT-1	no	yes	no		unresolved	no	12.0	110.0	1606.0	428.0	472.1215	125.8207	yes
SN124_A938797_Rep2	TTCCGGTATCTGTGTC-1	no	yes	no		unresolved	no	41.0	115.0	1670.0	1076.0	490.9358	316.3155	yes
SN124_A938797_Rep2	TTCCGGTTACCCACTT-1	yes	yes	yes	epitehlium&submucosa	other	yes	45.0	87.0	1310.0	1164.0	385.1053	342.1852	yes
SN124_A938797_Rep2	TTCCTCGAGGGTGTCT-1	yes	yes	yes	stroma_fibroblastic_IC high	stroma	yes	21.0	49.0	823.0	628.0	241.9402	184.6154	yes
SN124_A938797_Rep2	TTCCTCGGACTAACCA-1	no	yes	no		unresolved	no	50.0	86.0	1297.0	1276.0	381.2837	375.1102	yes
SN124_A938797_Rep2	TTCCTCTGCCCGAATA-1	no	yes	no		unresolved	no	35.0	15.0	386.0	940.0	113.4738	276.3351	yes
SN124_A938797_Rep2	TTCCTTTCTGTGTTGC-1	yes	yes	yes	exclude	exclude	yes	11.0	25.0	515.0	404.0	151.3964	118.7653	yes
SN124_A938797_Rep2	TTCGAACGAAACATGC-1	no	yes	no		unresolved	no	74.0	42.0	731.0	1812.0	214.8947	532.6801	yes
SN124_A938797_Rep2	TTCGACAGAGCCCGTG-1	yes	yes	yes	IC aggregate_submucosa	other	yes	52.0	68.0	1066.0	1321.0	313.3758	388.339	yes
SN124_A938797_Rep2	TTCGACGGGAAGGGCG-1	yes	yes	yes	stroma_fibroblastic_IC high	stroma	yes	24.0	44.0	759.0	695.0	223.1259	204.3116	yes
SN124_A938797_Rep2	TTCGAGCCGGCGCTAC-1	no	yes	no		unresolved	no	9.0	123.0	1773.0	361.0	521.2151	106.1244	yes
SN124_A938797_Rep2	TTCGCACTCGCGTGCT-1	yes	yes	yes	stroma_fibroblastic_IC high	stroma	yes	25.0	45.0	771.0	717.0	226.6536	210.779	yes
SN124_A938797_Rep2	TTCGCACTGTACGACA-1	no	yes	no		unresolved	no	61.0	59.0	950.0	1522.0	279.2749	447.4277	yes
SN124_A938797_Rep2	TTCGCATCCGGAAGCA-1	no	yes	no		unresolved	no	11.0	19.0	438.0	404.0	128.7604	118.7653	yes
SN124_A938797_Rep2	TTCGCCGCTCGCGCTA-1	no	yes	no		unresolved	no	57.0	9.0	308.0	1431.0	90.5439	420.6761	yes
SN124_A938797_Rep2	TTCGCGCGCCATACGA-1	no	yes	no		unresolved	no	59.0	47.0	796.0	1477.0	234.0029	434.1989	yes
SN124_A938797_Rep2	TTCGCTAGGAAGTTGT-1	no	yes	no		unresolved	no	41.0	117.0	1695.0	1076.0	498.2852	316.3155	yes
SN124_A938797_Rep2	TTCGCTATCTGACGTG-1	yes	yes	yes	IC aggregate_stroma or muscularis	unresolved	yes	20.0	100.0	1478.0	606.0	434.4929	178.148	yes
SN124_A938797_Rep2	TTCGGACTGATGCCTT-1	no	yes	no		unresolved	no	7.0	99.0	1465.0	316.0	430.6712	92.8956	yes
SN124_A938797_Rep2	TTCGGACTGGGCATGG-1	no	yes	no		unresolved	no	68.0	6.0	269.0	1677.0	79.0789	492.9936	yes
SN124_A938797_Rep2	TTCGGCAACCCGCTGA-1	yes	yes	yes	stroma_fibroblastic_IC high	stroma	yes	16.0	88.0	1324.0	517.0	389.221	151.9843	yes
SN124_A938797_Rep2	TTCGGCTAGAGATGGT-1	yes	yes	yes	stroma desmoplastic_IC low	stroma	yes	18.0	24.0	502.0	560.0	147.5747	164.6252	yes
SN124_A938797_Rep2	TTCGGGACTAATCGCG-1	yes	yes	yes	stroma_fibroblastic_IC med	stroma	yes	36.0	72.0	1118.0	963.0	328.6624	283.0965	yes
SN124_A938797_Rep2	TTCGGGCGCTAGTCTT-1	no	yes	no		unresolved	no	55.0	37.0	668.0	1387.0	196.3743	407.7413	yes
SN124_A938797_Rep2	TTCGGGTTGCCACGGG-1	no	yes	no		unresolved	no	61.0	117.0	1695.0	1522.0	498.2852	447.4277	yes
SN124_A938797_Rep2	TTCGGTACTGTAGAGG-1	no	yes	no		unresolved	no	67.0	63.0	1001.0	1656.0	294.2675	486.8202	yes
SN124_A938797_Rep2	TTCGGTGGAGACGCCC-1	no	yes	no		unresolved	no	47.0	121.0	1747.0	1210.0	513.5718	355.708	yes
SN124_A938797_Rep2	TTCGTAATCCCAGCGG-1	yes	yes	yes	exclude	exclude	yes	12.0	86.0	1298.0	427.0	381.5777	125.5267	yes
SN124_A938797_Rep2	TTCGTACTCCAGAACG-1	yes	yes	yes	stroma_fibroblastic_IC high	stroma	yes	29.0	29.0	566.0	806.0	166.389	236.9427	yes
SN124_A938797_Rep2	TTCGTGCATGTTATAG-1	no	yes	no		unresolved	no	77.0	61.0	975.0	1879.0	286.6242	552.3763	yes
SN124_A938797_Rep2	TTCGTGGGCTGGAAGC-1	no	yes	no		unresolved	no	4.0	114.0	1658.0	249.0	487.4081	73.1994	yes
SN124_A938797_Rep2	TTCGTTCAACGAAGTT-1	yes	yes	yes	stroma_fibroblastic_IC high	stroma	yes	23.0	105.0	1542.0	673.0	453.3072	197.8442	yes
SN124_A938797_Rep2	TTCTAACCGAAGCTTA-1	yes	yes	yes	tumor&stroma_IC med to high	mixed	yes	34.0	90.0	1349.0	919.0	396.5703	270.1617	yes
SN124_A938797_Rep2	TTCTACCTCAATCGGT-1	no	yes	no		unresolved	no	69.0	23.0	488.0	1700.0	143.4591	499.755	yes
SN124_A938797_Rep2	TTCTACCTTTATGTTG-1	no	yes	no		unresolved	no	6.0	84.0	1273.0	293.0	374.2283	86.1342	yes
SN124_A938797_Rep2	TTCTACTTGCGAGGGC-1	yes	yes	yes	exclude	exclude	yes	22.0	32.0	604.0	650.0	177.56	191.0828	yes
SN124_A938797_Rep2	TTCTAGAAAGTCTTAT-1	no	yes	no		unresolved	no	60.0	46.0	783.0	1499.0	230.1813	440.6663	yes
SN124_A938797_Rep2	TTCTAGGCCAATTGTG-1	yes	yes	yes	stroma_fibroblastic_IC high	stroma	yes	22.0	44.0	759.0	650.0	223.1259	191.0828	yes
SN124_A938797_Rep2	TTCTATGCCTTTCGCA-1	no	yes	no		unresolved	no	29.0	121.0	1747.0	808.0	513.5718	237.5306	yes
SN124_A938797_Rep2	TTCTATTAAACGCAGC-1	no	yes	no		unresolved	no	67.0	55.0	899.0	1656.0	264.2822	486.8202	yes
SN124_A938797_Rep2	TTCTCAATTGCTACAA-1	no	yes	no		unresolved	no	72.0	14.0	372.0	1767.0	109.3582	519.4512	yes
SN124_A938797_Rep2	TTCTCTTACAGGTGAT-1	no	yes	no		unresolved	no	62.0	8.0	295.0	1543.0	86.7222	453.6012	yes
SN124_A938797_Rep2	TTCTGACCGGGCTCAA-1	no	yes	no		unresolved	no	52.0	84.0	1271.0	1321.0	373.6404	388.339	yes
SN124_A938797_Rep2	TTCTGCCGCGCCTAGA-1	yes	yes	yes	IC aggregate_submucosa	other	yes	49.0	69.0	1079.0	1254.0	317.1974	368.6428	yes
SN124_A938797_Rep2	TTCTGCGAGCGCCCTT-1	no	yes	no		unresolved	no	33.0	17.0	412.0	895.0	121.1171	263.1063	yes
SN124_A938797_Rep2	TTCTGCGGGTTAGCGG-1	yes	yes	yes	non neo epithelium	normal epithelium	yes	40.0	80.0	1220.0	1053.0	358.6477	309.5541	yes
SN124_A938797_Rep2	TTCTGCTAGACTCCAA-1	yes	yes	yes	stroma_fibroblastic_IC high	stroma	yes	28.0	106.0	1555.0	785.0	457.1289	230.7692	yes
SN124_A938797_Rep2	TTCTGTTTCCTGTCGC-1	no	yes	no		unresolved	no	20.0	12.0	348.0	605.0	102.3028	177.854	yes
SN124_A938797_Rep2	TTCTTAGTGAACGGTG-1	yes	yes	yes	stroma desmoplastic_IC med to high	stroma	yes	18.0	34.0	630.0	560.0	185.2033	164.6252	yes
SN124_A938797_Rep2	TTCTTAGTGGCTCAGA-1	yes	yes	yes	stroma_fibroblastic_IC med	stroma	yes	17.0	61.0	977.0	538.0	287.2121	158.1578	yes
SN124_A938797_Rep2	TTCTTATCCGCTGGGT-1	no	yes	no		unresolved	no	49.0	101.0	1490.0	1254.0	438.0206	368.6428	yes
SN124_A938797_Rep2	TTCTTCCCTTTGATAT-1	yes	yes	yes	exclude	exclude	yes	2.0	70.0	1093.0	203.0	321.3131	59.6766	yes
SN124_A938797_Rep2	TTCTTCGCAATAGAGC-1	no	yes	no		unresolved	no	1.0	85.0	1286.0	181.0	378.05	53.2092	yes
SN124_A938797_Rep2	TTCTTGAGCCGCGCTA-1	no	yes	no		unresolved	no	47.0	41.0	719.0	1208.0	211.367	355.12	yes
SN124_A938797_Rep2	TTCTTGCTAGCATCTC-1	no	yes	no		unresolved	no	40.0	110.0	1606.0	1053.0	472.1215	309.5541	yes
SN124_A938797_Rep2	TTCTTGGACGATCTGC-1	no	yes	no		unresolved	no	52.0	32.0	604.0	1320.0	177.56	388.0451	yes
SN124_A938797_Rep2	TTCTTGGAGTAATGAG-1	yes	yes	yes	stroma_fibroblastic_IC high	stroma	yes	21.0	79.0	1208.0	628.0	355.12	184.6154	yes
SN124_A938797_Rep2	TTCTTGTAACCTAATG-1	yes	yes	yes	stroma_fibroblastic_IC high	stroma	yes	23.0	35.0	643.0	672.0	189.025	197.5502	yes
SN124_A938797_Rep2	TTCTTGTGTCCATCAG-1	no	yes	no		unresolved	no	30.0	8.0	296.0	828.0	87.0162	243.4101	yes
SN124_A938797_Rep2	TTCTTTGGTCGCGACG-1	yes	yes	yes	stroma_fibroblastic_IC high	stroma	yes	24.0	104.0	1529.0	696.0	449.4855	204.6056	yes
SN124_A938797_Rep2	TTGAAACCCTCATTCC-1	no	yes	no		unresolved	no	68.0	120.0	1733.0	1679.0	509.4561	493.5816	yes
SN124_A938797_Rep2	TTGAAAGGTGTAAAGG-1	no	yes	no		unresolved	no	13.0	103.0	1516.0	450.0	445.6639	132.2881	yes
SN124_A938797_Rep2	TTGAACGAATCCTTTG-1	yes	yes	yes	exclude	exclude	yes	19.0	21.0	463.0	582.0	136.1097	171.0926	yes
SN124_A938797_Rep2	TTGAACGACGTGCTGA-1	no	yes	no		unresolved	no	60.0	88.0	1322.0	1500.0	388.633	440.9603	yes
SN124_A938797_Rep2	TTGAAGAATTCCCAGG-1	yes	yes	yes	stroma_fibroblastic_IC high	stroma	yes	32.0	50.0	835.0	873.0	245.4679	256.6389	yes
SN124_A938797_Rep2	TTGAAGGATGGGCGCC-1	no	yes	no		unresolved	no	62.0	12.0	347.0	1543.0	102.0088	453.6012	yes
SN124_A938797_Rep2	TTGAAGTGCATCTACA-1	no	yes	no		unresolved	no	77.0	127.0	1823.0	1880.0	535.9138	552.6703	yes
SN124_A938797_Rep2	TTGAATATGGACTTTC-1	yes	yes	yes	stroma_fibroblastic_IC high	stroma	yes	34.0	76.0	1169.0	919.0	343.6551	270.1617	yes
SN124_A938797_Rep2	TTGAATCGTTGTATAA-1	no	yes	no		unresolved	no	48.0	10.0	321.0	1230.0	94.3655	361.5875	yes
SN124_A938797_Rep2	TTGAATTCACGTGAGG-1	yes	yes	yes	epitehlium&submucosa	other	yes	39.0	97.0	1439.0	1031.0	423.0279	303.0867	yes
SN124_A938797_Rep2	TTGACAGGAGCTCCCG-1	no	yes	no		unresolved	no	47.0	99.0	1464.0	1209.0	430.3773	355.414	yes
SN124_A938797_Rep2	TTGACATGAACGTGGA-1	no	yes	no		unresolved	no	44.0	32.0	604.0	1141.0	177.56	335.4238	yes
SN124_A938797_Rep2	TTGACCAGGAACAACT-1	no	yes	no		unresolved	no	64.0	80.0	1220.0	1589.0	358.6477	467.124	yes
SN124_A938797_Rep2	TTGACCATGTTCTCCG-1	yes	yes	yes	tumor&stroma_IC med to high	mixed	yes	24.0	78.0	1195.0	695.0	351.2984	204.3116	yes
SN124_A938797_Rep2	TTGACCGTGTTAATGA-1	no	yes	no		unresolved	no	50.0	34.0	629.0	1275.0	184.9094	374.8163	yes
SN124_A938797_Rep2	TTGACGATTCAGCACG-1	yes	yes	yes	tumor&stroma_IC med to high	mixed	yes	9.0	51.0	849.0	360.0	249.5835	105.8305	yes
SN124_A938797_Rep2	TTGACGCTCCATGAGC-1	no	yes	no		unresolved	no	41.0	101.0	1490.0	1075.0	438.0206	316.0216	yes
SN124_A938797_Rep2	TTGACTACCATATGGT-1	yes	yes	yes	exclude	exclude	yes	43.0	41.0	719.0	1119.0	211.367	328.9564	yes
SN124_A938797_Rep2	TTGACTATTGTCCGGC-1	no	yes	no		unresolved	no	46.0	104.0	1528.0	1187.0	449.1916	348.9466	yes
SN124_A938797_Rep2	TTGAGAAGTTTAGCAT-1	no	yes	no		unresolved	no	55.0	87.0	1310.0	1388.0	385.1053	408.0353	yes
SN124_A938797_Rep2	TTGAGAGTACTGCTAA-1	no	yes	no		unresolved	no	44.0	38.0	681.0	1141.0	200.196	335.4238	yes
SN124_A938797_Rep2	TTGAGCAGCCCACGGT-1	no	yes	no		unresolved	no	44.0	116.0	1682.0	1143.0	494.4635	336.0118	yes
SN124_A938797_Rep2	TTGAGCGCCACGTGAT-1	no	yes	no		unresolved	no	38.0	118.0	1708.0	1009.0	502.1068	296.6193	yes
SN124_A938797_Rep2	TTGAGGCATTTAACTC-1	no	yes	no		unresolved	no	7.0	91.0	1363.0	316.0	400.6859	92.8956	yes
SN124_A938797_Rep2	TTGAGGGTCGAACGCG-1	no	yes	no		unresolved	no	3.0	119.0	1722.0	227.0	506.2224	66.732	yes
SN124_A938797_Rep2	TTGAGTCCCGCTGCTG-1	no	yes	no		unresolved	no	39.0	119.0	1721.0	1031.0	505.9285	303.0867	yes
SN124_A938797_Rep2	TTGATAGTCAATACAT-1	no	yes	no		unresolved	no	27.0	115.0	1670.0	763.0	490.9358	224.3018	yes
SN124_A938797_Rep2	TTGATCTAACTTTGTC-1	yes	yes	yes	stroma_fibroblastic_IC high	stroma	yes	29.0	47.0	797.0	806.0	234.2969	236.9427	yes
SN124_A938797_Rep2	TTGATGCCGCTCGTCG-1	no	yes	no		unresolved	no	70.0	34.0	629.0	1722.0	184.9094	506.2224	yes
SN124_A938797_Rep2	TTGATGTGTAGTCCCG-1	yes	yes	yes	stroma_fibroblastic_IC high	stroma	yes	24.0	90.0	1349.0	695.0	396.5703	204.3116	yes
SN124_A938797_Rep2	TTGATTAGCTGTTTCT-1	no	yes	no		unresolved	no	48.0	34.0	629.0	1231.0	184.9094	361.8814	yes
SN124_A938797_Rep2	TTGATTATGCAGATGA-1	yes	yes	yes	stroma_fibroblastic_IC high	stroma	yes	27.0	33.0	617.0	761.0	181.3817	223.7139	yes
SN124_A938797_Rep2	TTGCAAGAAGACTCCT-1	no	yes	no		unresolved	no	70.0	68.0	1065.0	1723.0	313.0818	506.5164	yes
SN124_A938797_Rep2	TTGCACAATTCAGAAA-1	yes	yes	yes	stroma_fibroblastic_IC med	stroma	yes	43.0	57.0	925.0	1119.0	271.9255	328.9564	yes
SN124_A938797_Rep2	TTGCACGGAGCAGCAC-1	yes	yes	yes	tumor&stroma_IC med to high	mixed	yes	21.0	59.0	951.0	628.0	279.5688	184.6154	yes
SN124_A938797_Rep2	TTGCAGGTCATGAAGT-1	no	yes	no		unresolved	no	0.0	106.0	1555.0	159.0	457.1289	46.7418	yes
SN124_A938797_Rep2	TTGCATGCTGATCACG-1	no	yes	no		unresolved	no	41.0	35.0	642.0	1074.0	188.731	315.7276	yes
SN124_A938797_Rep2	TTGCCAAGCAGAACCC-1	no	yes	no		unresolved	no	44.0	114.0	1657.0	1143.0	487.1142	336.0118	yes
SN124_A938797_Rep2	TTGCCATAGCCCGCTC-1	no	yes	no		unresolved	no	54.0	24.0	501.0	1365.0	147.2807	401.2739	yes
SN124_A938797_Rep2	TTGCCCTGATCACGGG-1	no	yes	no		unresolved	no	36.0	34.0	630.0	963.0	185.2033	283.0965	yes
SN124_A938797_Rep2	TTGCCGCAGACCTACA-1	no	yes	no		unresolved	no	62.0	18.0	424.0	1543.0	124.6448	453.6012	yes
SN124_A938797_Rep2	TTGCCGCTTTCTAGTA-1	no	yes	no		unresolved	no	62.0	78.0	1194.0	1544.0	351.0044	453.8951	yes
SN124_A938797_Rep2	TTGCCGGTGATCCCTC-1	no	yes	no		unresolved	no	11.0	97.0	1439.0	405.0	423.0279	119.0593	yes
SN124_A938797_Rep2	TTGCCTAATCCAAAGT-1	no	yes	no		unresolved	no	69.0	21.0	462.0	1700.0	135.8158	499.755	yes
SN124_A938797_Rep2	TTGCCTTCTCGCCGGG-1	no	yes	no		unresolved	no	68.0	104.0	1528.0	1679.0	449.1916	493.5816	yes
SN124_A938797_Rep2	TTGCGCACAACCACGT-1	no	yes	no		unresolved	no	76.0	106.0	1553.0	1857.0	456.5409	545.9089	yes
SN124_A938797_Rep2	TTGCGCTCTCTCGCTT-1	no	yes	no		unresolved	no	22.0	4.0	245.0	649.0	72.0235	190.7888	yes
SN124_A938797_Rep2	TTGCGCTTGATCAATA-1	no	yes	no		unresolved	no	69.0	101.0	1489.0	1701.0	437.7266	500.049	yes
SN124_A938797_Rep2	TTGCGGAAAGCTGCCC-1	no	yes	no		unresolved	no	76.0	42.0	731.0	1856.0	214.8947	545.6149	yes
SN124_A938797_Rep2	TTGCGGCATCAGAAAG-1	no	yes	no		unresolved	no	53.0	45.0	771.0	1343.0	226.6536	394.8065	yes
SN124_A938797_Rep2	TTGCGGCGACTCATGC-1	yes	yes	yes	exclude	exclude	yes	2.0	66.0	1042.0	203.0	306.3204	59.6766	yes
SN124_A938797_Rep2	TTGCGTAGTTTGAGGA-1	no	yes	no		unresolved	no	25.0	19.0	437.0	716.0	128.4664	210.4851	yes
SN124_A938797_Rep2	TTGCGTCGGCCAACCG-1	no	yes	no		unresolved	no	51.0	41.0	719.0	1298.0	211.367	381.5777	yes
SN124_A938797_Rep2	TTGCGTGAACGCTTAG-1	yes	yes	yes	exclude	exclude	yes	14.0	96.0	1427.0	472.0	419.5002	138.7555	yes
SN124_A938797_Rep2	TTGCGTGTGTAGGCAT-1	no	yes	no		unresolved	no	69.0	83.0	1258.0	1701.0	369.8187	500.049	yes
SN124_A938797_Rep2	TTGCTAGCTACCAATC-1	no	yes	no		unresolved	no	3.0	29.0	567.0	225.0	166.683	66.144	yes
SN124_A938797_Rep2	TTGCTCATAGTACGTG-1	no	yes	no		unresolved	no	67.0	107.0	1566.0	1656.0	460.3626	486.8202	yes
SN124_A938797_Rep2	TTGCTCCCATACCGGA-1	yes	yes	yes	tumor&stroma_IC med to high	mixed	yes	22.0	72.0	1118.0	650.0	328.6624	191.0828	yes
SN124_A938797_Rep2	TTGCTGAAGGAACCAC-1	yes	yes	yes	stroma_fibroblastic_IC med	stroma	yes	19.0	57.0	926.0	583.0	272.2195	171.3866	yes
SN124_A938797_Rep2	TTGCTGATCATGTTCG-1	yes	yes	yes	stroma_fibroblastic_IC med	stroma	yes	33.0	57.0	925.0	896.0	271.9255	263.4003	yes
SN124_A938797_Rep2	TTGCTGCACCTATCCA-1	yes	yes	yes	exclude	exclude	yes	22.0	20.0	450.0	649.0	132.2881	190.7888	yes
SN124_A938797_Rep2	TTGCTGGCCGGGCTTC-1	yes	yes	yes	exclude	exclude	yes	8.0	78.0	1196.0	338.0	351.5924	99.3631	yes
SN124_A938797_Rep2	TTGGAAGAATACAGTC-1	no	yes	no		unresolved	no	50.0	24.0	501.0	1275.0	147.2807	374.8163	yes
SN124_A938797_Rep2	TTGGACATGTGGCTTA-1	no	yes	no		unresolved	no	41.0	29.0	565.0	1074.0	166.0951	315.7276	yes
SN124_A938797_Rep2	TTGGACCATCTGGCAA-1	no	yes	no		unresolved	no	51.0	105.0	1541.0	1299.0	453.0132	381.8716	yes
SN124_A938797_Rep2	TTGGACCTATAACAGT-1	no	yes	no		unresolved	no	56.0	86.0	1297.0	1410.0	381.2837	414.5027	yes
SN124_A938797_Rep2	TTGGAGTCTCCCTTCT-1	yes	yes	yes	stroma_fibroblastic_IC high	stroma	yes	8.0	44.0	759.0	337.0	223.1259	99.0691	yes
SN124_A938797_Rep2	TTGGATATCGTCTACG-1	yes	yes	yes	exclude	exclude	yes	48.0	52.0	861.0	1231.0	253.1112	361.8814	yes
SN124_A938797_Rep2	TTGGATCGACTTCTGG-1	yes	yes	yes	stroma_fibroblastic_IC high	stroma	yes	10.0	60.0	964.0	382.0	283.3905	112.2979	yes
SN124_A938797_Rep2	TTGGATTGGGTACCAC-1	yes	yes	yes	stroma_fibroblastic_IC high	stroma	yes	17.0	55.0	900.0	538.0	264.5762	158.1578	yes
SN124_A938797_Rep2	TTGGCCAAATTGTATC-1	no	yes	no		unresolved	no	74.0	86.0	1296.0	1812.0	380.9897	532.6801	yes
SN124_A938797_Rep2	TTGGCCATCTTGCGCT-1	yes	yes	yes	exclude	exclude	yes	17.0	21.0	463.0	538.0	136.1097	158.1578	yes
SN124_A938797_Rep2	TTGGCCTAGAATTTCG-1	yes	yes	yes	stroma_fibroblastic_IC high	stroma	yes	16.0	82.0	1247.0	516.0	366.585	151.6903	yes
SN124_A938797_Rep2	TTGGCGATCCGAATAT-1	no	yes	no		unresolved	no	35.0	121.0	1747.0	942.0	513.5718	276.9231	yes
SN124_A938797_Rep2	TTGGCTCAATATGTGT-1	no	yes	no		unresolved	no	65.0	113.0	1643.0	1612.0	482.9985	473.8853	yes
SN124_A938797_Rep2	TTGGCTCGCATGAGAC-1	yes	yes	yes	stroma_fibroblastic_IC high	stroma	yes	23.0	37.0	669.0	672.0	196.6683	197.5502	yes
SN124_A938797_Rep2	TTGGGAAGACGAGCCG-1	no	yes	no		unresolved	no	68.0	64.0	1014.0	1678.0	298.0892	493.2876	yes
SN124_A938797_Rep2	TTGGGACACTGCCCGC-1	yes	yes	yes	tumor&stroma_IC med to high	mixed	yes	28.0	70.0	1092.0	784.0	321.0191	230.4753	yes
SN124_A938797_Rep2	TTGGGACGTAAGAGTT-1	no	yes	no		unresolved	no	51.0	109.0	1592.0	1299.0	468.0059	381.8716	yes
SN124_A938797_Rep2	TTGGGCGGCGGTTGCC-1	yes	yes	yes	stroma_fibroblastic_IC high	stroma	yes	30.0	76.0	1169.0	829.0	343.6551	243.7041	yes
SN124_A938797_Rep2	TTGGGTTTATTCAGCG-1	no	yes	no		unresolved	no	15.0	125.0	1799.0	495.0	528.8584	145.5169	yes
SN124_A938797_Rep2	TTGGTATGGCTTGTGT-1	no	yes	no		unresolved	no	33.0	117.0	1696.0	897.0	498.5791	263.6943	yes
SN124_A938797_Rep2	TTGGTCACACTCGTAA-1	yes	yes	yes	exclude	exclude	yes	48.0	48.0	809.0	1231.0	237.8246	361.8814	yes
SN124_A938797_Rep2	TTGGTGCGGTGTTGAA-1	no	yes	no		unresolved	no	6.0	122.0	1761.0	294.0	517.6874	86.4282	yes
SN124_A938797_Rep2	TTGGTTCGCTCAAAGG-1	no	yes	no		unresolved	no	39.0	125.0	1798.0	1031.0	528.5644	303.0867	yes
SN124_A938797_Rep2	TTGGTTGCGGTGCGCG-1	no	yes	no		unresolved	no	53.0	23.0	488.0	1342.0	143.4591	394.5125	yes
SN124_A938797_Rep2	TTGTAACTTCATAGCG-1	no	yes	no		unresolved	no	2.0	110.0	1607.0	204.0	472.4155	59.9706	yes
SN124_A938797_Rep2	TTGTAAGGACCTAAGT-1	no	yes	no		unresolved	no	46.0	32.0	604.0	1186.0	177.56	348.6526	yes
SN124_A938797_Rep2	TTGTAAGGCCAGTTGG-1	yes	yes	yes	stroma_fibroblastic_IC high	stroma	yes	27.0	81.0	1234.0	762.0	362.7633	224.0078	yes
SN124_A938797_Rep2	TTGTAATCCGTACTCG-1	yes	yes	yes	stroma_fibroblastic_IC high	stroma	yes	35.0	55.0	899.0	941.0	264.2822	276.6291	yes
SN124_A938797_Rep2	TTGTACACCTCGAACA-1	no	yes	no		unresolved	no	51.0	1.0	206.0	1297.0	60.5585	381.2837	yes
SN124_A938797_Rep2	TTGTATCACACAGAAT-1	yes	yes	yes	stroma_fibroblastic_IC high	stroma	yes	12.0	74.0	1144.0	427.0	336.3057	125.5267	yes
SN124_A938797_Rep2	TTGTCACCGCGGTATC-1	no	yes	no		unresolved	no	53.0	5.0	257.0	1342.0	75.5512	394.5125	yes
SN124_A938797_Rep2	TTGTCGTTCAGTTACC-1	yes	yes	yes	stroma_fibroblastic_IC med	stroma	yes	22.0	58.0	938.0	650.0	275.7472	191.0828	yes
SN124_A938797_Rep2	TTGTCTCGGCAAGATG-1	no	yes	no		unresolved	no	75.0	41.0	719.0	1834.0	211.367	539.1475	yes
SN124_A938797_Rep2	TTGTGAACCTAATCCG-1	no	yes	no		unresolved	no	56.0	90.0	1348.0	1410.0	396.2763	414.5027	yes
SN124_A938797_Rep2	TTGTGAGGCATGACGC-1	no	yes	no		unresolved	no	43.0	13.0	360.0	1119.0	105.8305	328.9564	yes
SN124_A938797_Rep2	TTGTGATCTGTTCAGT-1	no	yes	no		unresolved	no	69.0	111.0	1618.0	1701.0	475.6492	500.049	yes
SN124_A938797_Rep2	TTGTGCAGCCACGTCA-1	no	yes	no		unresolved	no	60.0	74.0	1143.0	1499.0	336.0118	440.6663	yes
SN124_A938797_Rep2	TTGTGCGGAAGCGGAT-1	no	yes	no		unresolved	no	60.0	2.0	218.0	1498.0	64.0862	440.3724	yes
SN124_A938797_Rep2	TTGTGGAGACAGCCGG-1	no	yes	no		unresolved	no	76.0	12.0	346.0	1856.0	101.7148	545.6149	yes
SN124_A938797_Rep2	TTGTGGCCCTGACAGT-1	yes	yes	yes	stroma_fibroblastic_IC med	stroma	yes	18.0	60.0	964.0	561.0	283.3905	164.9192	yes
SN124_A938797_Rep2	TTGTGGTAGGAGGGAT-1	no	yes	no		unresolved	no	50.0	28.0	552.0	1275.0	162.2734	374.8163	yes
SN124_A938797_Rep2	TTGTGGTATAGGTATG-1	no	yes	no		unresolved	no	24.0	126.0	1811.0	696.0	532.3861	204.6056	yes
SN124_A938797_Rep2	TTGTGGTGGTACTAAG-1	no	yes	no		unresolved	no	63.0	95.0	1412.0	1567.0	415.0906	460.6565	yes
SN124_A938797_Rep2	TTGTGTATGCCACCAA-1	no	yes	no		unresolved	no	56.0	60.0	963.0	1410.0	283.0965	414.5027	yes
SN124_A938797_Rep2	TTGTGTTTCCCGAAAG-1	no	yes	no		unresolved	no	51.0	59.0	950.0	1298.0	279.2749	381.5777	yes
SN124_A938797_Rep2	TTGTTAGCAAATTCGA-1	yes	yes	yes	stroma_fibroblastic_IC med	stroma	yes	22.0	42.0	733.0	650.0	215.4826	191.0828	yes
SN124_A938797_Rep2	TTGTTCAGTGTGCTAC-1	yes	yes	yes	stroma_fibroblastic_IC high	stroma	yes	24.0	64.0	1015.0	695.0	298.3831	204.3116	yes
SN124_A938797_Rep2	TTGTTCTAGATACGCT-1	no	yes	no		unresolved	no	21.0	3.0	232.0	627.0	68.2019	184.3214	yes
SN124_A938797_Rep2	TTGTTGGCAATGACTG-1	no	yes	no		unresolved	no	76.0	30.0	577.0	1856.0	169.6227	545.6149	yes
SN124_A938797_Rep2	TTGTTGTGTGTCAAGA-1	yes	yes	yes	stroma_fibroblastic_IC high	stroma	yes	31.0	77.0	1182.0	852.0	347.4767	250.4655	yes
SN124_A938797_Rep2	TTGTTTCACATCCAGG-1	no	yes	no		unresolved	no	58.0	42.0	732.0	1454.0	215.1886	427.4375	yes
SN124_A938797_Rep2	TTGTTTCATTAGTCTA-1	no	yes	no		unresolved	no	60.0	30.0	578.0	1499.0	169.9167	440.6663	yes
SN124_A938797_Rep2	TTGTTTCCATACAACT-1	no	yes	no		unresolved	no	45.0	27.0	540.0	1163.0	158.7457	341.8912	yes
SN124_A938797_Rep2	TTGTTTGTATTACACG-1	no	yes	no		unresolved	no	73.0	41.0	719.0	1789.0	211.367	525.9187	yes
SN124_A938797_Rep2	TTGTTTGTGTAAATTC-1	yes	yes	yes	tumor	tumor	yes	7.0	51.0	849.0	315.0	249.5835	92.6017	yes
