dataset_id	sample_id	method_id	method_family	preprocessing_id	param_set_id	K	seed_count	stability_ari_median	stability_ari_iqr	spatial_coherence_median	spatial_coherence_iqr	marker_coherence_median	marker_coherence_iqr	wall_time_sec_median	peak_rss_mb_median	failure_rate	notes
GSE311294	GSM9322957_TR11_206	BayesSpace	bayesian_spatial	bayesspace_default	K4	4	2	0.973085420307115	0	0.954913880445795	0.00032237266279822	1.64128388202761	0.00267187743660946	79.0705	NA	0	nrep-sensitivity-nrep1000-GSE311294-GSM9322957_TR11_206
GSE311294	GSM9322957_TR11_206	BayesSpace	bayesian_spatial	bayesspace_default	K6	6	2	0.610789881419306	0	0.841346596665746	0.0258358662613981	1.35673726074857	0.0603086031773372	63.3505000000001	NA	0	nrep-sensitivity-nrep1000-GSE311294-GSM9322957_TR11_206
GSE311294	GSM9322960_TR11_21723	BayesSpace	bayesian_spatial	bayesspace_default	K4	4	2	0.983619999638317	0	0.965020900701948	3.94352866945891e-05	1.37172053698941	0.00057786298585949	80.342	NA	0	nrep-sensitivity-nrep1000-GSE311294-GSM9322960_TR11_21723
GSE311294	GSM9322960_TR11_21723	BayesSpace	bayesian_spatial	bayesspace_default	K6	6	2	0.688625061591954	0	0.861266661408628	0.000788705733890782	1.15426619191281	0.0359130360656579	73.4285	NA	0	nrep-sensitivity-nrep1000-GSE311294-GSM9322960_TR11_21723
