dataset_id	sample_id	method_id	K	seed	n_spots	n_edges	n_boundary_edges	mean_grad_boundary_edges	mean_grad_within_edges	delta_grad_boundary_minus_within	mean_grad_boundary_spots	mean_grad_interior_spots	delta_grad_boundary_minus_interior	status	notes
GSE289934	GSM8801844_A1	BayesSpace	4	11	1975	6567	421	0.001781	0.004759	-0.002977	0.001295	0.005034	-0.003739	success	
GSE289934	GSM8801844_A1	BayesSpace	6	11	1975	6567	788	0.00349	0.004715	-0.001225	0.003639	0.004658	-0.001019	success	
GSE289934	GSM8801844_A1	M5_stagate	4	11	1975	6567	719	0.006953	0.004275	0.002679	0.007715	0.002637	0.005078	success	
GSE289934	GSM8801844_A1	M5_stagate	6	11	1975	6567	1192	0.007759	0.00386	0.003899	0.007208	0.001494	0.005715	success	
GSE289934	GSM8801845_B1	BayesSpace	4	11	1782	5946	375	0.009332	0.012968	-0.003635	0.007288	0.013202	-0.005914	success	
GSE289934	GSM8801845_B1	BayesSpace	6	11	1782	5946	647	0.005795	0.013586	-0.007791	0.006622	0.014854	-0.008232	success	
GSE289934	GSM8801845_B1	M5_stagate	4	11	1782	5946	749	0.01068	0.013035	-0.002355	0.010637	0.012899	-0.002262	success	
GSE289934	GSM8801845_B1	M5_stagate	6	11	1782	5946	709	0.008462	0.013317	-0.004856	0.005529	0.015664	-0.010136	success	
