dataset_id	sample_id	method_id	K	seed_count	spatial_coherence_median	marker_coherence_median	stability_ari_median	wall_time_sec_median	edge_align_refseed	edge_align_delta_grad_boundary_minus_within_refseed	edge_align_delta_grad_boundary_minus_interior_refseed	edge_align_abs_boundary_minus_within_refseed	edge_align_abs_boundary_minus_within_refseed_rel	edge_align_abs_boundary_minus_interior_refseed	edge_align_abs_boundary_minus_interior_refseed_rel	edge_align_status	notes
GSE289934	GSM8801844_A1	BayesSpace	4	5	0.94295243110409	2.36832741769409	0.936357602316489	7.31999999999999	11	-0.002977	-0.003739	0.002977	1.0526874115983027	0.003739	0.8481342860383351	success	
GSE289934	GSM8801844_A1	BayesSpace	6	5	0.899245216780762	1.8551585571804	0.899178026634684	8.17099999999994	11	-0.001225	-0.001019	0.001225	0.4781420765027322	0.001019	0.30264330264330264	success	
GSE289934	GSM8801844_A1	M5_stagate	4	2	0.898228	1.143118	0.828077	15.771657	11	0.002679	0.005078	0.002679	0.9473125884016974	0.005078	1.151865713961665	success	
GSE289934	GSM8801844_A1	M5_stagate	6	2	0.842152	1.223804	0.736756	12.485624	11	0.003899	0.005715	0.003899	1.5218579234972678	0.005715	1.6973566973566974	success	
GSE289934	GSM8801845_B1	BayesSpace	4	5	0.947552447552448	1.64592749111545	0.950346936162666	6.37599999999998	11	-0.003635	-0.005914	0.003635	1.2136894824707847	0.005914	1.446673189823875	success	
GSE289934	GSM8801845_B1	BayesSpace	6	5	0.902097902097902	1.56568781921171	0.919508227035864	6.60699999999997	11	-0.007791	-0.008232	0.007791	1.232070846841148	0.008232	0.8963414634146342	success	
GSE289934	GSM8801845_B1	M5_stagate	4	2	0.888795	1.031431	0.738824	10.930894	11	-0.002355	-0.002262	0.002355	0.7863105175292152	0.002262	0.5533268101761253	success	
GSE289934	GSM8801845_B1	M5_stagate	6	2	0.871914	1.109518	0.664633	12.429365	11	-0.004856	-0.010136	0.004856	0.7679291531588519	0.010136	1.1036585365853657	success	
