resource	patient_id	sample_id	gene	band	spatial_block	n_spots	detected_fraction	median
GSE294385	Patient1	M-ST-13	CNN1	far	x0_y1	39	0.38461538461538464	0.0
GSE294385	Patient1	M-ST-13	CNN1	far	x0_y2	18	0.7222222222222222	1.3338740431468192
GSE294385	Patient1	M-ST-13	CNN1	far	x0_y3	61	0.819672131147541	2.086561511985647
GSE294385	Patient1	M-ST-13	CNN1	far	x1_y1	10	0.6	1.3722652739588002
GSE294385	Patient1	M-ST-13	CNN1	far	x1_y2	37	0.5945945945945946	1.6081591398813235
GSE294385	Patient1	M-ST-13	CNN1	far	x1_y3	26	0.8076923076923077	2.4983088878775965
GSE294385	Patient1	M-ST-13	CNN1	far	x2_y0	1	0.0	0.0
GSE294385	Patient1	M-ST-13	CNN1	far	x3_y1	9	0.8888888888888888	2.197402374869747
GSE294385	Patient1	M-ST-13	CNN1	far	x3_y2	16	0.6875	1.3598684386235944
GSE294385	Patient1	M-ST-13	CNN1	far	x4_y2	27	0.48148148148148145	0.0
GSE294385	Patient1	M-ST-13	CNN1	near	x0_y1	58	0.2413793103448276	0.0
GSE294385	Patient1	M-ST-13	CNN1	near	x0_y2	76	0.5131578947368421	0.6744374613662063
GSE294385	Patient1	M-ST-13	CNN1	near	x0_y3	33	0.6060606060606061	1.171452372958186
GSE294385	Patient1	M-ST-13	CNN1	near	x1_y0	25	0.48	0.0
GSE294385	Patient1	M-ST-13	CNN1	near	x1_y1	47	0.46808510638297873	0.0
GSE294385	Patient1	M-ST-13	CNN1	near	x1_y2	58	0.25862068965517243	0.0
GSE294385	Patient1	M-ST-13	CNN1	near	x1_y3	9	0.3333333333333333	0.0
GSE294385	Patient1	M-ST-13	CNN1	near	x2_y0	1	0.0	0.0
GSE294385	Patient1	M-ST-13	CNN1	near	x3_y0	18	0.5	0.19417333734606784
GSE294385	Patient1	M-ST-13	CNN1	near	x3_y1	37	0.6216216216216216	0.7830851959841728
GSE294385	Patient1	M-ST-13	CNN1	near	x3_y2	39	0.6923076923076923	0.8111038665197849
GSE294385	Patient1	M-ST-13	CNN1	near	x4_y0	14	0.6428571428571429	1.0724019045065516
GSE294385	Patient1	M-ST-13	CNN1	near	x4_y1	6	0.8333333333333334	0.5890148783875989
GSE294385	Patient1	M-ST-13	CNN1	near	x4_y2	25	0.36	0.0
GSE294385	Patient1	M-ST-13	CNN1	near	x5_y0	3	0.6666666666666666	0.3483434628942867
GSE294385	Patient1	M-ST-13	CNN1	near	x5_y1	12	0.6666666666666666	0.9408058922154537
GSE294385	Patient1	M-ST-13	CNN1	near	x5_y2	22	0.6818181818181818	1.3484875341828202
GSE294385	Patient1	M-ST-13	DES	far	x0_y1	39	0.1794871794871795	0.0
GSE294385	Patient1	M-ST-13	DES	far	x0_y2	18	0.3888888888888889	0.0
GSE294385	Patient1	M-ST-13	DES	far	x0_y3	61	0.8360655737704918	2.594625683033217
GSE294385	Patient1	M-ST-13	DES	far	x1_y1	10	0.3	0.0
GSE294385	Patient1	M-ST-13	DES	far	x1_y2	37	0.5945945945945946	1.536502322678595
GSE294385	Patient1	M-ST-13	DES	far	x1_y3	26	0.8076923076923077	3.2364344912042515
GSE294385	Patient1	M-ST-13	DES	far	x2_y0	1	0.0	0.0
GSE294385	Patient1	M-ST-13	DES	far	x3_y1	9	0.8888888888888888	1.5559771722215738
GSE294385	Patient1	M-ST-13	DES	far	x3_y2	16	0.375	0.0
GSE294385	Patient1	M-ST-13	DES	far	x4_y2	27	0.2962962962962963	0.0
GSE294385	Patient1	M-ST-13	DES	near	x0_y1	58	0.1206896551724138	0.0
GSE294385	Patient1	M-ST-13	DES	near	x0_y2	76	0.35526315789473684	0.0
GSE294385	Patient1	M-ST-13	DES	near	x0_y3	33	0.696969696969697	1.493051416689695
GSE294385	Patient1	M-ST-13	DES	near	x1_y0	25	0.08	0.0
GSE294385	Patient1	M-ST-13	DES	near	x1_y1	47	0.2765957446808511	0.0
GSE294385	Patient1	M-ST-13	DES	near	x1_y2	58	0.3793103448275862	0.0
GSE294385	Patient1	M-ST-13	DES	near	x1_y3	9	0.3333333333333333	0.0
GSE294385	Patient1	M-ST-13	DES	near	x2_y0	1	0.0	0.0
GSE294385	Patient1	M-ST-13	DES	near	x3_y0	18	0.3333333333333333	0.0
GSE294385	Patient1	M-ST-13	DES	near	x3_y1	37	0.32432432432432434	0.0
GSE294385	Patient1	M-ST-13	DES	near	x3_y2	39	0.28205128205128205	0.0
GSE294385	Patient1	M-ST-13	DES	near	x4_y0	14	0.8571428571428571	1.3398803435345248
GSE294385	Patient1	M-ST-13	DES	near	x4_y1	6	0.3333333333333333	0.0
GSE294385	Patient1	M-ST-13	DES	near	x4_y2	25	0.28	0.0
GSE294385	Patient1	M-ST-13	DES	near	x5_y0	3	0.3333333333333333	0.0
GSE294385	Patient1	M-ST-13	DES	near	x5_y1	12	0.6666666666666666	1.2819648947677236
GSE294385	Patient1	M-ST-13	DES	near	x5_y2	22	0.5454545454545454	1.445889815021674
GSE294385	Patient1	M-ST-13	MYH11	far	x0_y1	39	0.1794871794871795	0.0
GSE294385	Patient1	M-ST-13	MYH11	far	x0_y2	18	0.2222222222222222	0.0
GSE294385	Patient1	M-ST-13	MYH11	far	x0_y3	61	0.5901639344262295	1.6989632551506153
GSE294385	Patient1	M-ST-13	MYH11	far	x1_y1	10	0.4	0.0
GSE294385	Patient1	M-ST-13	MYH11	far	x1_y2	37	0.21621621621621623	0.0
GSE294385	Patient1	M-ST-13	MYH11	far	x1_y3	26	0.5769230769230769	1.7824562437864162
GSE294385	Patient1	M-ST-13	MYH11	far	x2_y0	1	1.0	0.6551843524760553
GSE294385	Patient1	M-ST-13	MYH11	far	x3_y1	9	0.6666666666666666	1.826548184087777
GSE294385	Patient1	M-ST-13	MYH11	far	x3_y2	16	0.1875	0.0
GSE294385	Patient1	M-ST-13	MYH11	far	x4_y2	27	0.2222222222222222	0.0
GSE294385	Patient1	M-ST-13	MYH11	near	x0_y1	58	0.08620689655172414	0.0
GSE294385	Patient1	M-ST-13	MYH11	near	x0_y2	76	0.19736842105263158	0.0
GSE294385	Patient1	M-ST-13	MYH11	near	x0_y3	33	0.3333333333333333	0.0
GSE294385	Patient1	M-ST-13	MYH11	near	x1_y0	25	0.36	0.0
GSE294385	Patient1	M-ST-13	MYH11	near	x1_y1	47	0.2127659574468085	0.0
GSE294385	Patient1	M-ST-13	MYH11	near	x1_y2	58	0.08620689655172414	0.0
GSE294385	Patient1	M-ST-13	MYH11	near	x1_y3	9	0.3333333333333333	0.0
GSE294385	Patient1	M-ST-13	MYH11	near	x2_y0	1	0.0	0.0
GSE294385	Patient1	M-ST-13	MYH11	near	x3_y0	18	0.05555555555555555	0.0
GSE294385	Patient1	M-ST-13	MYH11	near	x3_y1	37	0.4594594594594595	0.0
GSE294385	Patient1	M-ST-13	MYH11	near	x3_y2	39	0.28205128205128205	0.0
GSE294385	Patient1	M-ST-13	MYH11	near	x4_y0	14	0.5	0.16432439897387605
GSE294385	Patient1	M-ST-13	MYH11	near	x4_y1	6	0.6666666666666666	0.4595314299500518
GSE294385	Patient1	M-ST-13	MYH11	near	x4_y2	25	0.12	0.0
GSE294385	Patient1	M-ST-13	MYH11	near	x5_y0	3	0.3333333333333333	0.0
GSE294385	Patient1	M-ST-13	MYH11	near	x5_y1	12	0.5	0.21355518318904507
GSE294385	Patient1	M-ST-13	MYH11	near	x5_y2	22	0.22727272727272727	0.0
GSE294385	Patient6	M-ST-15	CNN1	far	x0_y1	3	0.0	0.0
GSE294385	Patient6	M-ST-15	CNN1	far	x0_y2	9	1.0	2.8223622284867997
GSE294385	Patient6	M-ST-15	CNN1	far	x0_y4	2	1.0	2.8629117097471424
GSE294385	Patient6	M-ST-15	CNN1	far	x1_y4	29	0.9655172413793104	1.5961318393535668
GSE294385	Patient6	M-ST-15	CNN1	far	x2_y3	3	0.6666666666666666	1.7320527597222062
GSE294385	Patient6	M-ST-15	CNN1	far	x2_y4	4	1.0	0.9262980018991867
GSE294385	Patient6	M-ST-15	CNN1	far	x3_y4	12	0.8333333333333334	1.3880748372398528
GSE294385	Patient6	M-ST-15	CNN1	far	x3_y5	7	0.8571428571428571	0.8349700075778266
GSE294385	Patient6	M-ST-15	CNN1	far	x4_y5	7	0.8571428571428571	1.193200430855643
GSE294385	Patient6	M-ST-15	CNN1	far	x5_y1	8	0.875	0.8949519902238633
GSE294385	Patient6	M-ST-15	CNN1	near	x0_y0	23	0.4782608695652174	0.0
GSE294385	Patient6	M-ST-15	CNN1	near	x0_y1	37	0.32432432432432434	0.0
GSE294385	Patient6	M-ST-15	CNN1	near	x0_y2	10	0.6	1.5324864412979733
GSE294385	Patient6	M-ST-15	CNN1	near	x0_y4	6	1.0	2.0417109415096135
GSE294385	Patient6	M-ST-15	CNN1	near	x1_y0	18	0.5555555555555556	0.6549551415471135
GSE294385	Patient6	M-ST-15	CNN1	near	x1_y1	12	0.25	0.0
GSE294385	Patient6	M-ST-15	CNN1	near	x1_y2	1	1.0	0.9433716904768258
GSE294385	Patient6	M-ST-15	CNN1	near	x1_y4	14	0.8571428571428571	1.3352315672623907
GSE294385	Patient6	M-ST-15	CNN1	near	x2_y0	3	1.0	1.1362960354030989
GSE294385	Patient6	M-ST-15	CNN1	near	x2_y1	4	0.25	0.0
GSE294385	Patient6	M-ST-15	CNN1	near	x2_y2	10	1.0	1.6806988831891132
GSE294385	Patient6	M-ST-15	CNN1	near	x3_y1	11	0.2727272727272727	0.0
GSE294385	Patient6	M-ST-15	CNN1	near	x3_y2	7	0.7142857142857143	0.665216552265276
GSE294385	Patient6	M-ST-15	CNN1	near	x3_y5	19	0.7368421052631579	0.675430373340226
GSE294385	Patient6	M-ST-15	CNN1	near	x4_y0	1	0.0	0.0
GSE294385	Patient6	M-ST-15	CNN1	near	x4_y1	32	0.625	0.630967401534439
GSE294385	Patient6	M-ST-15	CNN1	near	x4_y2	27	0.6296296296296297	0.5202258233915557
GSE294385	Patient6	M-ST-15	CNN1	near	x4_y4	3	1.0	2.018551708457756
GSE294385	Patient6	M-ST-15	CNN1	near	x4_y5	13	1.0	1.3374932223511686
GSE294385	Patient6	M-ST-15	CNN1	near	x5_y1	36	0.3055555555555556	0.0
GSE294385	Patient6	M-ST-15	CNN1	near	x5_y2	4	0.25	0.0
GSE294385	Patient6	M-ST-15	DES	far	x0_y1	3	0.3333333333333333	0.0
GSE294385	Patient6	M-ST-15	DES	far	x0_y2	9	1.0	3.702321717703655
GSE294385	Patient6	M-ST-15	DES	far	x0_y4	2	1.0	4.533183724715302
GSE294385	Patient6	M-ST-15	DES	far	x1_y4	29	0.8620689655172413	2.022410393310045
GSE294385	Patient6	M-ST-15	DES	far	x2_y3	3	1.0	3.528060585742076
GSE294385	Patient6	M-ST-15	DES	far	x2_y4	4	0.5	0.36069867616577594
GSE294385	Patient6	M-ST-15	DES	far	x3_y4	12	0.3333333333333333	0.0
GSE294385	Patient6	M-ST-15	DES	far	x3_y5	7	0.5714285714285714	0.19676465714013064
GSE294385	Patient6	M-ST-15	DES	far	x4_y5	7	0.8571428571428571	0.7771326734071593
GSE294385	Patient6	M-ST-15	DES	far	x5_y1	8	0.5	0.23027079874931206
GSE294385	Patient6	M-ST-15	DES	near	x0_y0	23	0.34782608695652173	0.0
GSE294385	Patient6	M-ST-15	DES	near	x0_y1	37	0.16216216216216217	0.0
GSE294385	Patient6	M-ST-15	DES	near	x0_y2	10	0.7	1.38630330263573
GSE294385	Patient6	M-ST-15	DES	near	x0_y4	6	1.0	3.4637984053852957
GSE294385	Patient6	M-ST-15	DES	near	x1_y0	18	0.5555555555555556	0.6314621946560104
GSE294385	Patient6	M-ST-15	DES	near	x1_y1	12	0.08333333333333333	0.0
GSE294385	Patient6	M-ST-15	DES	near	x1_y2	1	1.0	0.9433716904768258
GSE294385	Patient6	M-ST-15	DES	near	x1_y4	14	0.8571428571428571	1.5844113255388663
GSE294385	Patient6	M-ST-15	DES	near	x2_y0	3	0.3333333333333333	0.0
GSE294385	Patient6	M-ST-15	DES	near	x2_y1	4	0.25	0.0
GSE294385	Patient6	M-ST-15	DES	near	x2_y2	10	1.0	2.623020481611599
GSE294385	Patient6	M-ST-15	DES	near	x3_y1	11	0.18181818181818182	0.0
GSE294385	Patient6	M-ST-15	DES	near	x3_y2	7	0.8571428571428571	1.7033585787531806
GSE294385	Patient6	M-ST-15	DES	near	x3_y5	19	0.42105263157894735	0.0
GSE294385	Patient6	M-ST-15	DES	near	x4_y0	1	0.0	0.0
GSE294385	Patient6	M-ST-15	DES	near	x4_y1	32	0.625	0.639166492809772
GSE294385	Patient6	M-ST-15	DES	near	x4_y2	27	0.5555555555555556	0.3309205377516436
GSE294385	Patient6	M-ST-15	DES	near	x4_y4	3	1.0	3.3918413041445707
GSE294385	Patient6	M-ST-15	DES	near	x4_y5	13	0.6923076923076923	0.5138977197669586
GSE294385	Patient6	M-ST-15	DES	near	x5_y1	36	0.3611111111111111	0.0
GSE294385	Patient6	M-ST-15	DES	near	x5_y2	4	0.25	0.0
GSE294385	Patient6	M-ST-15	MYH11	far	x0_y1	3	0.0	0.0
GSE294385	Patient6	M-ST-15	MYH11	far	x0_y2	9	1.0	2.688605827724152
GSE294385	Patient6	M-ST-15	MYH11	far	x0_y4	2	1.0	2.748425198885146
GSE294385	Patient6	M-ST-15	MYH11	far	x1_y4	29	0.8275862068965517	1.2018885120267286
GSE294385	Patient6	M-ST-15	MYH11	far	x2_y3	3	0.6666666666666666	1.2018071672365658
GSE294385	Patient6	M-ST-15	MYH11	far	x2_y4	4	0.25	0.0
GSE294385	Patient6	M-ST-15	MYH11	far	x3_y4	12	0.6666666666666666	0.6703383607382641
GSE294385	Patient6	M-ST-15	MYH11	far	x3_y5	7	0.5714285714285714	0.2021728023575207
GSE294385	Patient6	M-ST-15	MYH11	far	x4_y5	7	0.8571428571428571	0.4553348599434077
GSE294385	Patient6	M-ST-15	MYH11	far	x5_y1	8	0.625	0.431991827709211
GSE294385	Patient6	M-ST-15	MYH11	near	x0_y0	23	0.17391304347826086	0.0
GSE294385	Patient6	M-ST-15	MYH11	near	x0_y1	37	0.16216216216216217	0.0
GSE294385	Patient6	M-ST-15	MYH11	near	x0_y2	10	0.3	0.0
GSE294385	Patient6	M-ST-15	MYH11	near	x0_y4	6	1.0	1.5724930571332867
GSE294385	Patient6	M-ST-15	MYH11	near	x1_y0	18	0.2777777777777778	0.0
GSE294385	Patient6	M-ST-15	MYH11	near	x1_y1	12	0.08333333333333333	0.0
GSE294385	Patient6	M-ST-15	MYH11	near	x1_y2	1	1.0	0.9433716904768258
GSE294385	Patient6	M-ST-15	MYH11	near	x1_y4	14	0.8571428571428571	0.754073891062736
GSE294385	Patient6	M-ST-15	MYH11	near	x2_y0	3	1.0	0.39765397271504405
GSE294385	Patient6	M-ST-15	MYH11	near	x2_y1	4	0.25	0.0
GSE294385	Patient6	M-ST-15	MYH11	near	x2_y2	10	1.0	1.2214102295857368
GSE294385	Patient6	M-ST-15	MYH11	near	x3_y1	11	0.09090909090909091	0.0
GSE294385	Patient6	M-ST-15	MYH11	near	x3_y2	7	0.7142857142857143	1.0329352711479067
GSE294385	Patient6	M-ST-15	MYH11	near	x3_y5	19	0.2631578947368421	0.0
GSE294385	Patient6	M-ST-15	MYH11	near	x4_y0	1	0.0	0.0
GSE294385	Patient6	M-ST-15	MYH11	near	x4_y1	32	0.25	0.0
GSE294385	Patient6	M-ST-15	MYH11	near	x4_y2	27	0.3333333333333333	0.0
GSE294385	Patient6	M-ST-15	MYH11	near	x4_y4	3	1.0	1.828080487918096
GSE294385	Patient6	M-ST-15	MYH11	near	x4_y5	13	0.38461538461538464	0.0
GSE294385	Patient6	M-ST-15	MYH11	near	x5_y1	36	0.1111111111111111	0.0
GSE294385	Patient6	M-ST-15	MYH11	near	x5_y2	4	0.0	0.0
GSE294385	Patient11	M-ST-29	CNN1	far	x0_y2	6	0.0	0.0
GSE294385	Patient11	M-ST-29	CNN1	far	x1_y0	3	1.0	1.496915671179795
GSE294385	Patient11	M-ST-29	CNN1	far	x2_y0	7	0.8571428571428571	0.1559135077434163
GSE294385	Patient11	M-ST-29	CNN1	far	x2_y2	5	0.4	0.0
GSE294385	Patient11	M-ST-29	CNN1	far	x2_y3	32	0.6875	0.4888686161091358
GSE294385	Patient11	M-ST-29	CNN1	far	x2_y4	16	0.625	0.5057284189297395
GSE294385	Patient11	M-ST-29	CNN1	far	x2_y5	54	0.5185185185185185	0.6035246411761583
GSE294385	Patient11	M-ST-29	CNN1	far	x3_y0	21	0.47619047619047616	0.0
GSE294385	Patient11	M-ST-29	CNN1	far	x3_y1	47	0.425531914893617	0.0
GSE294385	Patient11	M-ST-29	CNN1	far	x3_y2	20	0.85	0.8794852515852887
GSE294385	Patient11	M-ST-29	CNN1	far	x3_y3	5	0.2	0.0
GSE294385	Patient11	M-ST-29	CNN1	far	x3_y4	6	0.5	0.3191209334983448
GSE294385	Patient11	M-ST-29	CNN1	far	x3_y5	14	0.35714285714285715	0.0
GSE294385	Patient11	M-ST-29	CNN1	far	x4_y0	13	0.6923076923076923	1.4268504133480553
GSE294385	Patient11	M-ST-29	CNN1	far	x4_y1	6	0.8333333333333334	1.130086837724435
GSE294385	Patient11	M-ST-29	CNN1	far	x4_y2	6	0.6666666666666666	1.055215908849227
GSE294385	Patient11	M-ST-29	CNN1	far	x5_y0	4	0.5	0.5876539575045614
GSE294385	Patient11	M-ST-29	CNN1	far	x5_y1	35	0.4857142857142857	0.0
GSE294385	Patient11	M-ST-29	CNN1	far	x5_y2	16	0.5625	0.7724144942192339
GSE294385	Patient11	M-ST-29	CNN1	near	x0_y2	3	0.0	0.0
GSE294385	Patient11	M-ST-29	CNN1	near	x1_y0	19	0.5263157894736842	0.19948983016045277
GSE294385	Patient11	M-ST-29	CNN1	near	x1_y1	11	0.2727272727272727	0.0
GSE294385	Patient11	M-ST-29	CNN1	near	x2_y0	8	0.875	0.36068154453780565
GSE294385	Patient11	M-ST-29	CNN1	near	x2_y2	8	1.0	0.3811341980330384
GSE294385	Patient11	M-ST-29	CNN1	near	x2_y3	71	0.5774647887323944	0.1828531062731656
GSE294385	Patient11	M-ST-29	CNN1	near	x2_y4	68	0.7352941176470589	0.5413644460040813
GSE294385	Patient11	M-ST-29	CNN1	near	x2_y5	52	0.6538461538461539	0.5901166215919496
GSE294385	Patient11	M-ST-29	CNN1	near	x3_y0	35	0.8285714285714286	0.6514256386236054
GSE294385	Patient11	M-ST-29	CNN1	near	x3_y1	73	0.726027397260274	0.5316307739555928
GSE294385	Patient11	M-ST-29	CNN1	near	x3_y2	109	0.7431192660550459	0.4126243549053387
GSE294385	Patient11	M-ST-29	CNN1	near	x3_y3	118	0.7203389830508474	0.3255389440612677
GSE294385	Patient11	M-ST-29	CNN1	near	x3_y4	124	0.6693548387096774	0.38448341500841754
GSE294385	Patient11	M-ST-29	CNN1	near	x3_y5	66	0.5151515151515151	0.36293575882095036
GSE294385	Patient11	M-ST-29	CNN1	near	x4_y0	39	0.6153846153846154	0.9674861421889975
GSE294385	Patient11	M-ST-29	CNN1	near	x4_y1	65	0.5384615384615384	0.3469152725235622
GSE294385	Patient11	M-ST-29	CNN1	near	x4_y2	113	0.6460176991150443	0.35806036114072093
GSE294385	Patient11	M-ST-29	CNN1	near	x4_y3	54	0.5740740740740741	0.2744371742358434
GSE294385	Patient11	M-ST-29	CNN1	near	x4_y4	55	0.6	0.28152594888608923
GSE294385	Patient11	M-ST-29	CNN1	near	x4_y5	40	0.275	0.0
GSE294385	Patient11	M-ST-29	CNN1	near	x5_y0	71	0.5352112676056338	0.39863377548448986
GSE294385	Patient11	M-ST-29	CNN1	near	x5_y1	132	0.6893939393939394	0.9335468583818196
GSE294385	Patient11	M-ST-29	CNN1	near	x5_y2	68	0.45588235294117646	0.0
GSE294385	Patient11	M-ST-29	CNN1	near	x5_y3	37	0.24324324324324326	0.0
GSE294385	Patient11	M-ST-29	CNN1	near	x5_y4	15	0.4	0.0
GSE294385	Patient11	M-ST-29	CNN1	near	x5_y5	12	0.4166666666666667	0.0
GSE294385	Patient11	M-ST-29	DES	far	x0_y2	6	0.0	0.0
GSE294385	Patient11	M-ST-29	DES	far	x1_y0	3	0.6666666666666666	1.1251673667066295
GSE294385	Patient11	M-ST-29	DES	far	x2_y0	7	0.2857142857142857	0.0
GSE294385	Patient11	M-ST-29	DES	far	x2_y2	5	0.2	0.0
GSE294385	Patient11	M-ST-29	DES	far	x2_y3	32	0.21875	0.0
GSE294385	Patient11	M-ST-29	DES	far	x2_y4	16	0.125	0.0
GSE294385	Patient11	M-ST-29	DES	far	x2_y5	54	0.5740740740740741	0.954799004546852
GSE294385	Patient11	M-ST-29	DES	far	x3_y0	21	0.0	0.0
GSE294385	Patient11	M-ST-29	DES	far	x3_y1	47	0.0851063829787234	0.0
GSE294385	Patient11	M-ST-29	DES	far	x3_y2	20	0.1	0.0
GSE294385	Patient11	M-ST-29	DES	far	x3_y3	5	0.0	0.0
GSE294385	Patient11	M-ST-29	DES	far	x3_y4	6	0.0	0.0
GSE294385	Patient11	M-ST-29	DES	far	x3_y5	14	0.0	0.0
GSE294385	Patient11	M-ST-29	DES	far	x4_y0	13	0.8461538461538461	2.108713373825794
GSE294385	Patient11	M-ST-29	DES	far	x4_y1	6	0.8333333333333334	1.3599589731753365
GSE294385	Patient11	M-ST-29	DES	far	x4_y2	6	0.16666666666666666	0.0
GSE294385	Patient11	M-ST-29	DES	far	x5_y0	4	0.25	0.0
GSE294385	Patient11	M-ST-29	DES	far	x5_y1	35	0.08571428571428572	0.0
GSE294385	Patient11	M-ST-29	DES	far	x5_y2	16	0.0625	0.0
GSE294385	Patient11	M-ST-29	DES	near	x0_y2	3	0.0	0.0
GSE294385	Patient11	M-ST-29	DES	near	x1_y0	19	0.05263157894736842	0.0
GSE294385	Patient11	M-ST-29	DES	near	x1_y1	11	0.0	0.0
GSE294385	Patient11	M-ST-29	DES	near	x2_y0	8	0.25	0.0
GSE294385	Patient11	M-ST-29	DES	near	x2_y2	8	0.25	0.0
GSE294385	Patient11	M-ST-29	DES	near	x2_y3	71	0.11267605633802817	0.0
GSE294385	Patient11	M-ST-29	DES	near	x2_y4	68	0.07352941176470588	0.0
GSE294385	Patient11	M-ST-29	DES	near	x2_y5	52	0.28846153846153844	0.0
GSE294385	Patient11	M-ST-29	DES	near	x3_y0	35	0.08571428571428572	0.0
GSE294385	Patient11	M-ST-29	DES	near	x3_y1	73	0.0684931506849315	0.0
GSE294385	Patient11	M-ST-29	DES	near	x3_y2	109	0.09174311926605505	0.0
GSE294385	Patient11	M-ST-29	DES	near	x3_y3	118	0.06779661016949153	0.0
GSE294385	Patient11	M-ST-29	DES	near	x3_y4	124	0.10483870967741936	0.0
GSE294385	Patient11	M-ST-29	DES	near	x3_y5	66	0.36363636363636365	0.0
GSE294385	Patient11	M-ST-29	DES	near	x4_y0	39	0.4358974358974359	0.0
GSE294385	Patient11	M-ST-29	DES	near	x4_y1	65	0.3230769230769231	0.0
GSE294385	Patient11	M-ST-29	DES	near	x4_y2	113	0.09734513274336283	0.0
GSE294385	Patient11	M-ST-29	DES	near	x4_y3	54	0.14814814814814814	0.0
GSE294385	Patient11	M-ST-29	DES	near	x4_y4	55	0.09090909090909091	0.0
GSE294385	Patient11	M-ST-29	DES	near	x4_y5	40	0.125	0.0
GSE294385	Patient11	M-ST-29	DES	near	x5_y0	71	0.19718309859154928	0.0
GSE294385	Patient11	M-ST-29	DES	near	x5_y1	132	0.16666666666666666	0.0
GSE294385	Patient11	M-ST-29	DES	near	x5_y2	68	0.058823529411764705	0.0
GSE294385	Patient11	M-ST-29	DES	near	x5_y3	37	0.13513513513513514	0.0
GSE294385	Patient11	M-ST-29	DES	near	x5_y4	15	0.0	0.0
GSE294385	Patient11	M-ST-29	DES	near	x5_y5	12	0.16666666666666666	0.0
GSE294385	Patient11	M-ST-29	MYH11	far	x0_y2	6	0.3333333333333333	0.0
GSE294385	Patient11	M-ST-29	MYH11	far	x1_y0	3	0.6666666666666666	2.3042344464473192
GSE294385	Patient11	M-ST-29	MYH11	far	x2_y0	7	0.7142857142857143	0.1121855600387441
GSE294385	Patient11	M-ST-29	MYH11	far	x2_y2	5	0.6	0.4155813939715822
GSE294385	Patient11	M-ST-29	MYH11	far	x2_y3	32	0.46875	0.0
GSE294385	Patient11	M-ST-29	MYH11	far	x2_y4	16	0.6875	0.5203802443995706
GSE294385	Patient11	M-ST-29	MYH11	far	x2_y5	54	0.5	0.28078099685923136
GSE294385	Patient11	M-ST-29	MYH11	far	x3_y0	21	0.23809523809523808	0.0
GSE294385	Patient11	M-ST-29	MYH11	far	x3_y1	47	0.3404255319148936	0.0
GSE294385	Patient11	M-ST-29	MYH11	far	x3_y2	20	0.4	0.0
GSE294385	Patient11	M-ST-29	MYH11	far	x3_y3	5	0.2	0.0
GSE294385	Patient11	M-ST-29	MYH11	far	x3_y4	6	0.0	0.0
GSE294385	Patient11	M-ST-29	MYH11	far	x3_y5	14	0.21428571428571427	0.0
GSE294385	Patient11	M-ST-29	MYH11	far	x4_y0	13	0.6153846153846154	1.0698612795682627
GSE294385	Patient11	M-ST-29	MYH11	far	x4_y1	6	0.3333333333333333	0.0
GSE294385	Patient11	M-ST-29	MYH11	far	x4_y2	6	0.3333333333333333	0.0
GSE294385	Patient11	M-ST-29	MYH11	far	x5_y0	4	0.25	0.0
GSE294385	Patient11	M-ST-29	MYH11	far	x5_y1	35	0.3142857142857143	0.0
GSE294385	Patient11	M-ST-29	MYH11	far	x5_y2	16	0.125	0.0
GSE294385	Patient11	M-ST-29	MYH11	near	x0_y2	3	0.3333333333333333	0.0
GSE294385	Patient11	M-ST-29	MYH11	near	x1_y0	19	0.47368421052631576	0.0
GSE294385	Patient11	M-ST-29	MYH11	near	x1_y1	11	0.2727272727272727	0.0
GSE294385	Patient11	M-ST-29	MYH11	near	x2_y0	8	0.375	0.0
GSE294385	Patient11	M-ST-29	MYH11	near	x2_y2	8	0.875	0.31812753718791137
GSE294385	Patient11	M-ST-29	MYH11	near	x2_y3	71	0.5211267605633803	0.12396532033087647
GSE294385	Patient11	M-ST-29	MYH11	near	x2_y4	68	0.3088235294117647	0.0
GSE294385	Patient11	M-ST-29	MYH11	near	x2_y5	52	0.4807692307692308	0.0
GSE294385	Patient11	M-ST-29	MYH11	near	x3_y0	35	0.8857142857142857	0.6110823660622923
GSE294385	Patient11	M-ST-29	MYH11	near	x3_y1	73	0.4657534246575342	0.0
GSE294385	Patient11	M-ST-29	MYH11	near	x3_y2	109	0.4036697247706422	0.0
GSE294385	Patient11	M-ST-29	MYH11	near	x3_y3	118	0.3135593220338983	0.0
GSE294385	Patient11	M-ST-29	MYH11	near	x3_y4	124	0.3467741935483871	0.0
GSE294385	Patient11	M-ST-29	MYH11	near	x3_y5	66	0.48484848484848486	0.0
GSE294385	Patient11	M-ST-29	MYH11	near	x4_y0	39	0.5384615384615384	0.36594210898121354
GSE294385	Patient11	M-ST-29	MYH11	near	x4_y1	65	0.2923076923076923	0.0
GSE294385	Patient11	M-ST-29	MYH11	near	x4_y2	113	0.415929203539823	0.0
GSE294385	Patient11	M-ST-29	MYH11	near	x4_y3	54	0.37037037037037035	0.0
GSE294385	Patient11	M-ST-29	MYH11	near	x4_y4	55	0.4909090909090909	0.0
GSE294385	Patient11	M-ST-29	MYH11	near	x4_y5	40	0.3	0.0
GSE294385	Patient11	M-ST-29	MYH11	near	x5_y0	71	0.22535211267605634	0.0
GSE294385	Patient11	M-ST-29	MYH11	near	x5_y1	132	0.25	0.0
GSE294385	Patient11	M-ST-29	MYH11	near	x5_y2	68	0.45588235294117646	0.0
GSE294385	Patient11	M-ST-29	MYH11	near	x5_y3	37	0.43243243243243246	0.0
GSE294385	Patient11	M-ST-29	MYH11	near	x5_y4	15	0.5333333333333333	0.10908442630105444
GSE294385	Patient11	M-ST-29	MYH11	near	x5_y5	12	0.5833333333333334	0.15458785430093666
GSE294385	Patient11	M-ST-30	CNN1	far	x0_y2	8	1.0	0.4133600472433777
GSE294385	Patient11	M-ST-30	CNN1	far	x0_y4	14	0.8571428571428571	0.6556858953954687
GSE294385	Patient11	M-ST-30	CNN1	far	x0_y5	19	0.9473684210526315	0.8011938421119653
GSE294385	Patient11	M-ST-30	CNN1	far	x1_y2	1	1.0	0.7788350672503047
GSE294385	Patient11	M-ST-30	CNN1	far	x1_y4	4	0.75	0.20746412820650106
GSE294385	Patient11	M-ST-30	CNN1	far	x2_y1	5	1.0	0.3939035372455511
GSE294385	Patient11	M-ST-30	CNN1	far	x2_y3	12	1.0	0.8444785190099995
GSE294385	Patient11	M-ST-30	CNN1	far	x2_y5	1	1.0	3.0682935060029455
GSE294385	Patient11	M-ST-30	CNN1	far	x3_y4	10	0.9	0.5470920226552141
GSE294385	Patient11	M-ST-30	CNN1	far	x4_y4	1	1.0	2.125125877786637
GSE294385	Patient11	M-ST-30	CNN1	near	x0_y2	27	0.8148148148148148	0.32571647169288587
GSE294385	Patient11	M-ST-30	CNN1	near	x0_y4	29	0.7931034482758621	0.3941289543218281
GSE294385	Patient11	M-ST-30	CNN1	near	x0_y5	21	0.8095238095238095	0.6852257274469085
GSE294385	Patient11	M-ST-30	CNN1	near	x1_y1	20	0.7	0.43914175890780105
GSE294385	Patient11	M-ST-30	CNN1	near	x1_y2	4	1.0	0.8058688143851576
GSE294385	Patient11	M-ST-30	CNN1	near	x1_y4	2	1.0	0.33540162680785146
GSE294385	Patient11	M-ST-30	CNN1	near	x2_y1	4	1.0	0.2479475868712873
GSE294385	Patient11	M-ST-30	CNN1	near	x2_y3	12	1.0	0.6264721322601023
GSE294385	Patient11	M-ST-30	CNN1	near	x2_y4	1	1.0	1.5024849469806005
GSE294385	Patient11	M-ST-30	CNN1	near	x2_y5	30	1.0	2.253801518362546
GSE294385	Patient11	M-ST-30	CNN1	near	x3_y4	8	1.0	2.1735791799278763
GSE294385	Patient11	M-ST-30	CNN1	near	x4_y4	15	1.0	2.668517707301034
GSE294385	Patient11	M-ST-30	DES	far	x0_y2	8	0.625	0.1572491307020603
GSE294385	Patient11	M-ST-30	DES	far	x0_y4	14	0.8571428571428571	0.5040618926836298
GSE294385	Patient11	M-ST-30	DES	far	x0_y5	19	0.9473684210526315	0.8219184089319185
GSE294385	Patient11	M-ST-30	DES	far	x1_y2	1	1.0	0.25830458832267755
GSE294385	Patient11	M-ST-30	DES	far	x1_y4	4	0.5	0.19999147007311
GSE294385	Patient11	M-ST-30	DES	far	x2_y1	5	0.6	0.059799252619963106
GSE294385	Patient11	M-ST-30	DES	far	x2_y3	12	0.9166666666666666	1.3234328956762513
GSE294385	Patient11	M-ST-30	DES	far	x2_y5	1	1.0	3.9739641353858812
GSE294385	Patient11	M-ST-30	DES	far	x3_y4	10	0.9	0.8671800059170227
GSE294385	Patient11	M-ST-30	DES	far	x4_y4	1	1.0	3.5181477701253225
GSE294385	Patient11	M-ST-30	DES	near	x0_y2	27	0.7407407407407407	0.2179526917631284
GSE294385	Patient11	M-ST-30	DES	near	x0_y4	29	0.7241379310344828	0.18262205261431566
GSE294385	Patient11	M-ST-30	DES	near	x0_y5	21	0.8571428571428571	0.6183542768725973
GSE294385	Patient11	M-ST-30	DES	near	x1_y1	20	0.6	0.15654310894499798
GSE294385	Patient11	M-ST-30	DES	near	x1_y2	4	1.0	0.6735442142400836
GSE294385	Patient11	M-ST-30	DES	near	x1_y4	2	0.5	0.050899816307293906
GSE294385	Patient11	M-ST-30	DES	near	x2_y1	4	0.0	0.0
GSE294385	Patient11	M-ST-30	DES	near	x2_y3	12	1.0	0.9884554766870098
GSE294385	Patient11	M-ST-30	DES	near	x2_y4	1	1.0	3.479255262652203
GSE294385	Patient11	M-ST-30	DES	near	x2_y5	30	1.0	3.3379746948638243
GSE294385	Patient11	M-ST-30	DES	near	x3_y4	8	1.0	3.4980536812008163
GSE294385	Patient11	M-ST-30	DES	near	x4_y4	15	1.0	3.8111498237531127
GSE294385	Patient11	M-ST-30	MYH11	far	x0_y2	8	0.625	0.25531265354082994
GSE294385	Patient11	M-ST-30	MYH11	far	x0_y4	14	0.7142857142857143	1.3454730608525236
GSE294385	Patient11	M-ST-30	MYH11	far	x0_y5	19	0.8421052631578947	0.8563711004112867
GSE294385	Patient11	M-ST-30	MYH11	far	x1_y2	1	1.0	0.25830458832267755
GSE294385	Patient11	M-ST-30	MYH11	far	x1_y4	4	1.0	0.18192421308859819
GSE294385	Patient11	M-ST-30	MYH11	far	x2_y1	5	0.6	0.059799252619963106
GSE294385	Patient11	M-ST-30	MYH11	far	x2_y3	12	1.0	1.1573509737206518
GSE294385	Patient11	M-ST-30	MYH11	far	x2_y5	1	1.0	3.2281679648915085
GSE294385	Patient11	M-ST-30	MYH11	far	x3_y4	10	0.9	0.9587990335630256
GSE294385	Patient11	M-ST-30	MYH11	far	x4_y4	1	1.0	2.7270048259898005
GSE294385	Patient11	M-ST-30	MYH11	near	x0_y2	27	0.5555555555555556	0.13020914200214412
GSE294385	Patient11	M-ST-30	MYH11	near	x0_y4	29	0.6206896551724138	0.134394081391182
GSE294385	Patient11	M-ST-30	MYH11	near	x0_y5	21	1.0	0.8803587226480918
GSE294385	Patient11	M-ST-30	MYH11	near	x1_y1	20	0.55	0.18652076808263215
GSE294385	Patient11	M-ST-30	MYH11	near	x1_y2	4	1.0	1.406432160426709
GSE294385	Patient11	M-ST-30	MYH11	near	x1_y4	2	0.5	0.050899816307293906
GSE294385	Patient11	M-ST-30	MYH11	near	x2_y1	4	0.75	0.21627848195424182
GSE294385	Patient11	M-ST-30	MYH11	near	x2_y3	12	0.8333333333333334	0.5273068728132189
GSE294385	Patient11	M-ST-30	MYH11	near	x2_y4	1	1.0	2.7061389568135383
GSE294385	Patient11	M-ST-30	MYH11	near	x2_y5	30	0.9666666666666667	2.519284417738648
GSE294385	Patient11	M-ST-30	MYH11	near	x3_y4	8	1.0	2.5076603544891105
GSE294385	Patient11	M-ST-30	MYH11	near	x4_y4	15	1.0	2.802390744686932
GSE294385	Patient9	M-ST-31	CNN1	far	x3_y2	4	0.0	0.0
GSE294385	Patient9	M-ST-31	CNN1	far	x3_y3	6	0.16666666666666666	0.0
GSE294385	Patient9	M-ST-31	CNN1	far	x3_y4	24	0.4166666666666667	0.0
GSE294385	Patient9	M-ST-31	CNN1	far	x4_y0	56	0.625	1.6500826360840417
GSE294385	Patient9	M-ST-31	CNN1	far	x4_y1	36	0.19444444444444445	0.0
GSE294385	Patient9	M-ST-31	CNN1	far	x4_y2	6	1.0	1.2462922262569998
GSE294385	Patient9	M-ST-31	CNN1	far	x4_y3	18	0.7222222222222222	1.0437479319654357
GSE294385	Patient9	M-ST-31	CNN1	far	x4_y4	17	0.9411764705882353	0.6359051179610864
GSE294385	Patient9	M-ST-31	CNN1	far	x4_y5	70	0.7714285714285715	0.8693807604680163
GSE294385	Patient9	M-ST-31	CNN1	far	x5_y0	7	0.5714285714285714	1.8444805688075974
GSE294385	Patient9	M-ST-31	CNN1	far	x5_y1	5	0.6	1.5619054348146768
GSE294385	Patient9	M-ST-31	CNN1	far	x5_y2	1	1.0	1.2422385105521492
GSE294385	Patient9	M-ST-31	CNN1	far	x5_y3	1	1.0	1.5303751166469128
GSE294385	Patient9	M-ST-31	CNN1	near	x3_y2	8	1.0	0.6741097762814727
GSE294385	Patient9	M-ST-31	CNN1	near	x3_y3	6	0.5	0.30421344517375437
GSE294385	Patient9	M-ST-31	CNN1	near	x3_y4	4	0.25	0.0
GSE294385	Patient9	M-ST-31	CNN1	near	x4_y0	20	0.05	0.0
GSE294385	Patient9	M-ST-31	CNN1	near	x4_y1	56	0.44642857142857145	0.0
GSE294385	Patient9	M-ST-31	CNN1	near	x4_y2	77	0.8701298701298701	0.7947402253154013
GSE294385	Patient9	M-ST-31	CNN1	near	x4_y3	90	0.8777777777777778	0.9071262852726768
GSE294385	Patient9	M-ST-31	CNN1	near	x4_y4	96	0.96875	1.1255195222232541
GSE294385	Patient9	M-ST-31	CNN1	near	x4_y5	65	0.9846153846153847	0.9972673982188524
GSE294385	Patient9	M-ST-31	CNN1	near	x5_y0	77	0.6753246753246753	0.9940930981942615
GSE294385	Patient9	M-ST-31	CNN1	near	x5_y1	58	0.7413793103448276	1.1282525438541278
GSE294385	Patient9	M-ST-31	CNN1	near	x5_y2	63	0.9841269841269841	1.1813081328403152
GSE294385	Patient9	M-ST-31	CNN1	near	x5_y3	28	0.8571428571428571	1.238402376994195
GSE294385	Patient9	M-ST-31	CNN1	near	x5_y4	7	1.0	0.8611727075236374
GSE294385	Patient9	M-ST-31	CNN1	near	x5_y5	39	1.0	1.1328130847538942
GSE294385	Patient9	M-ST-31	DES	far	x3_y2	4	0.0	0.0
GSE294385	Patient9	M-ST-31	DES	far	x3_y3	6	0.16666666666666666	0.0
GSE294385	Patient9	M-ST-31	DES	far	x3_y4	24	0.08333333333333333	0.0
GSE294385	Patient9	M-ST-31	DES	far	x4_y0	56	0.10714285714285714	0.0
GSE294385	Patient9	M-ST-31	DES	far	x4_y1	36	0.05555555555555555	0.0
GSE294385	Patient9	M-ST-31	DES	far	x4_y2	6	0.0	0.0
GSE294385	Patient9	M-ST-31	DES	far	x4_y3	18	0.0	0.0
GSE294385	Patient9	M-ST-31	DES	far	x4_y4	17	0.4117647058823529	0.0
GSE294385	Patient9	M-ST-31	DES	far	x4_y5	70	0.17142857142857143	0.0
GSE294385	Patient9	M-ST-31	DES	far	x5_y0	7	0.7142857142857143	2.5826695693276314
GSE294385	Patient9	M-ST-31	DES	far	x5_y1	5	0.6	1.5827801206268868
GSE294385	Patient9	M-ST-31	DES	far	x5_y2	1	1.0	0.4798545672185838
GSE294385	Patient9	M-ST-31	DES	far	x5_y3	1	0.0	0.0
GSE294385	Patient9	M-ST-31	DES	near	x3_y2	8	0.25	0.0
GSE294385	Patient9	M-ST-31	DES	near	x3_y3	6	0.0	0.0
GSE294385	Patient9	M-ST-31	DES	near	x3_y4	4	0.0	0.0
GSE294385	Patient9	M-ST-31	DES	near	x4_y0	20	0.05	0.0
GSE294385	Patient9	M-ST-31	DES	near	x4_y1	56	0.03571428571428571	0.0
GSE294385	Patient9	M-ST-31	DES	near	x4_y2	77	0.15584415584415584	0.0
GSE294385	Patient9	M-ST-31	DES	near	x4_y3	90	0.25555555555555554	0.0
GSE294385	Patient9	M-ST-31	DES	near	x4_y4	96	0.25	0.0
GSE294385	Patient9	M-ST-31	DES	near	x4_y5	65	0.26153846153846155	0.0
GSE294385	Patient9	M-ST-31	DES	near	x5_y0	77	0.4805194805194805	0.0
GSE294385	Patient9	M-ST-31	DES	near	x5_y1	58	0.5862068965517241	0.718172402919113
GSE294385	Patient9	M-ST-31	DES	near	x5_y2	63	0.6031746031746031	0.4072732452155516
GSE294385	Patient9	M-ST-31	DES	near	x5_y3	28	0.6071428571428571	0.7648138399950114
GSE294385	Patient9	M-ST-31	DES	near	x5_y4	7	0.5714285714285714	0.06606549295496873
GSE294385	Patient9	M-ST-31	DES	near	x5_y5	39	0.7948717948717948	0.8035298462639416
GSE294385	Patient9	M-ST-31	MYH11	far	x3_y2	4	0.0	0.0
GSE294385	Patient9	M-ST-31	MYH11	far	x3_y3	6	0.0	0.0
GSE294385	Patient9	M-ST-31	MYH11	far	x3_y4	24	0.25	0.0
GSE294385	Patient9	M-ST-31	MYH11	far	x4_y0	56	0.05357142857142857	0.0
GSE294385	Patient9	M-ST-31	MYH11	far	x4_y1	36	0.0	0.0
GSE294385	Patient9	M-ST-31	MYH11	far	x4_y2	6	0.6666666666666666	0.4432906848964523
GSE294385	Patient9	M-ST-31	MYH11	far	x4_y3	18	0.5	0.15926096383049818
GSE294385	Patient9	M-ST-31	MYH11	far	x4_y4	17	0.9411764705882353	0.6964888502315539
GSE294385	Patient9	M-ST-31	MYH11	far	x4_y5	70	0.5571428571428572	0.49184637593391956
GSE294385	Patient9	M-ST-31	MYH11	far	x5_y0	7	0.5714285714285714	1.4007158634349541
GSE294385	Patient9	M-ST-31	MYH11	far	x5_y1	5	0.2	0.0
GSE294385	Patient9	M-ST-31	MYH11	far	x5_y2	1	1.0	1.669756741356895
GSE294385	Patient9	M-ST-31	MYH11	far	x5_y3	1	0.0	0.0
GSE294385	Patient9	M-ST-31	MYH11	near	x3_y2	8	0.25	0.0
GSE294385	Patient9	M-ST-31	MYH11	near	x3_y3	6	0.3333333333333333	0.0
GSE294385	Patient9	M-ST-31	MYH11	near	x3_y4	4	0.0	0.0
GSE294385	Patient9	M-ST-31	MYH11	near	x4_y0	20	0.1	0.0
GSE294385	Patient9	M-ST-31	MYH11	near	x4_y1	56	0.10714285714285714	0.0
GSE294385	Patient9	M-ST-31	MYH11	near	x4_y2	77	0.7402597402597403	0.529718477511096
GSE294385	Patient9	M-ST-31	MYH11	near	x4_y3	90	0.8	0.599293206129788
GSE294385	Patient9	M-ST-31	MYH11	near	x4_y4	96	0.8958333333333334	0.9715125684325288
GSE294385	Patient9	M-ST-31	MYH11	near	x4_y5	65	0.8769230769230769	0.8004633922525763
GSE294385	Patient9	M-ST-31	MYH11	near	x5_y0	77	0.2857142857142857	0.0
GSE294385	Patient9	M-ST-31	MYH11	near	x5_y1	58	0.5689655172413793	0.7129206367152386
GSE294385	Patient9	M-ST-31	MYH11	near	x5_y2	63	0.9682539682539683	1.2291238914425162
GSE294385	Patient9	M-ST-31	MYH11	near	x5_y3	28	0.8214285714285714	1.0598062286273024
GSE294385	Patient9	M-ST-31	MYH11	near	x5_y4	7	1.0	1.484970243103798
GSE294385	Patient9	M-ST-31	MYH11	near	x5_y5	39	0.9230769230769231	1.2392409222262875
GSE294385	Patient9	M-ST-32	CNN1	far	x2_y1	6	0.16666666666666666	0.0
GSE294385	Patient9	M-ST-32	CNN1	far	x2_y2	32	0.21875	0.0
GSE294385	Patient9	M-ST-32	CNN1	far	x2_y3	41	0.5121951219512195	0.8818765662221796
GSE294385	Patient9	M-ST-32	CNN1	far	x2_y4	13	0.07692307692307693	0.0
GSE294385	Patient9	M-ST-32	CNN1	far	x3_y0	51	0.37254901960784315	0.0
GSE294385	Patient9	M-ST-32	CNN1	far	x3_y1	25	0.12	0.0
GSE294385	Patient9	M-ST-32	CNN1	far	x3_y2	3	0.3333333333333333	0.0
GSE294385	Patient9	M-ST-32	CNN1	far	x3_y4	7	0.7142857142857143	2.0840929169535065
GSE294385	Patient9	M-ST-32	CNN1	far	x4_y1	1	1.0	2.2133865452932175
GSE294385	Patient9	M-ST-32	CNN1	far	x4_y3	28	0.4642857142857143	0.0
GSE294385	Patient9	M-ST-32	CNN1	far	x4_y4	51	0.43137254901960786	0.0
GSE294385	Patient9	M-ST-32	CNN1	far	x4_y5	13	0.7692307692307693	1.676336748833419
GSE294385	Patient9	M-ST-32	CNN1	far	x5_y4	17	0.29411764705882354	0.0
GSE294385	Patient9	M-ST-32	CNN1	far	x5_y5	3	0.3333333333333333	0.0
GSE294385	Patient9	M-ST-32	CNN1	near	x2_y1	9	0.0	0.0
GSE294385	Patient9	M-ST-32	CNN1	near	x2_y2	22	0.22727272727272727	0.0
GSE294385	Patient9	M-ST-32	CNN1	near	x2_y3	37	0.21621621621621623	0.0
GSE294385	Patient9	M-ST-32	CNN1	near	x2_y4	7	0.42857142857142855	0.0
GSE294385	Patient9	M-ST-32	CNN1	near	x2_y5	1	0.0	0.0
GSE294385	Patient9	M-ST-32	CNN1	near	x3_y0	72	0.6944444444444444	0.7547480752143443
GSE294385	Patient9	M-ST-32	CNN1	near	x3_y1	87	0.5287356321839081	1.051226312183778
GSE294385	Patient9	M-ST-32	CNN1	near	x3_y2	30	0.16666666666666666	0.0
GSE294385	Patient9	M-ST-32	CNN1	near	x3_y3	15	0.4	0.0
GSE294385	Patient9	M-ST-32	CNN1	near	x3_y4	17	0.35294117647058826	0.0
GSE294385	Patient9	M-ST-32	CNN1	near	x3_y5	26	0.19230769230769232	0.0
GSE294385	Patient9	M-ST-32	CNN1	near	x4_y0	96	0.9791666666666666	1.237138057515081
GSE294385	Patient9	M-ST-32	CNN1	near	x4_y1	117	0.7948717948717948	1.023218297081153
GSE294385	Patient9	M-ST-32	CNN1	near	x4_y2	53	0.37735849056603776	0.0
GSE294385	Patient9	M-ST-32	CNN1	near	x4_y3	86	0.3488372093023256	0.0
GSE294385	Patient9	M-ST-32	CNN1	near	x4_y4	50	0.32	0.0
GSE294385	Patient9	M-ST-32	CNN1	near	x4_y5	65	0.46153846153846156	0.0
GSE294385	Patient9	M-ST-32	CNN1	near	x5_y0	2	1.0	0.5169012929156012
GSE294385	Patient9	M-ST-32	CNN1	near	x5_y1	6	0.8333333333333334	0.8654390838091257
GSE294385	Patient9	M-ST-32	CNN1	near	x5_y2	5	0.4	0.0
GSE294385	Patient9	M-ST-32	CNN1	near	x5_y3	14	0.42857142857142855	0.0
GSE294385	Patient9	M-ST-32	CNN1	near	x5_y4	36	0.3611111111111111	0.0
GSE294385	Patient9	M-ST-32	CNN1	near	x5_y5	57	0.43859649122807015	0.0
GSE294385	Patient9	M-ST-32	DES	far	x2_y1	6	0.6666666666666666	0.8753807529528866
GSE294385	Patient9	M-ST-32	DES	far	x2_y2	32	0.125	0.0
GSE294385	Patient9	M-ST-32	DES	far	x2_y3	41	0.24390243902439024	0.0
GSE294385	Patient9	M-ST-32	DES	far	x2_y4	13	0.07692307692307693	0.0
GSE294385	Patient9	M-ST-32	DES	far	x3_y0	51	0.09803921568627451	0.0
GSE294385	Patient9	M-ST-32	DES	far	x3_y1	25	0.2	0.0
GSE294385	Patient9	M-ST-32	DES	far	x3_y2	3	0.3333333333333333	0.0
GSE294385	Patient9	M-ST-32	DES	far	x3_y4	7	0.8571428571428571	3.120284917499013
GSE294385	Patient9	M-ST-32	DES	far	x4_y1	1	0.0	0.0
GSE294385	Patient9	M-ST-32	DES	far	x4_y3	28	0.14285714285714285	0.0
GSE294385	Patient9	M-ST-32	DES	far	x4_y4	51	0.45098039215686275	0.0
GSE294385	Patient9	M-ST-32	DES	far	x4_y5	13	0.5384615384615384	1.0912009259984676
GSE294385	Patient9	M-ST-32	DES	far	x5_y4	17	0.0	0.0
GSE294385	Patient9	M-ST-32	DES	far	x5_y5	3	0.0	0.0
GSE294385	Patient9	M-ST-32	DES	near	x2_y1	9	0.2222222222222222	0.0
GSE294385	Patient9	M-ST-32	DES	near	x2_y2	22	0.045454545454545456	0.0
GSE294385	Patient9	M-ST-32	DES	near	x2_y3	37	0.05405405405405406	0.0
GSE294385	Patient9	M-ST-32	DES	near	x2_y4	7	0.14285714285714285	0.0
GSE294385	Patient9	M-ST-32	DES	near	x2_y5	1	0.0	0.0
GSE294385	Patient9	M-ST-32	DES	near	x3_y0	72	0.1111111111111111	0.0
GSE294385	Patient9	M-ST-32	DES	near	x3_y1	87	0.45977011494252873	0.0
GSE294385	Patient9	M-ST-32	DES	near	x3_y2	30	0.16666666666666666	0.0
GSE294385	Patient9	M-ST-32	DES	near	x3_y3	15	0.3333333333333333	0.0
GSE294385	Patient9	M-ST-32	DES	near	x3_y4	17	0.23529411764705882	0.0
GSE294385	Patient9	M-ST-32	DES	near	x3_y5	26	0.19230769230769232	0.0
GSE294385	Patient9	M-ST-32	DES	near	x4_y0	96	0.65625	0.3577946173409159
GSE294385	Patient9	M-ST-32	DES	near	x4_y1	117	0.41025641025641024	0.0
GSE294385	Patient9	M-ST-32	DES	near	x4_y2	53	0.07547169811320754	0.0
GSE294385	Patient9	M-ST-32	DES	near	x4_y3	86	0.1511627906976744	0.0
GSE294385	Patient9	M-ST-32	DES	near	x4_y4	50	0.1	0.0
GSE294385	Patient9	M-ST-32	DES	near	x4_y5	65	0.2923076923076923	0.0
GSE294385	Patient9	M-ST-32	DES	near	x5_y0	2	0.5	0.06219650757166339
GSE294385	Patient9	M-ST-32	DES	near	x5_y1	6	0.16666666666666666	0.0
GSE294385	Patient9	M-ST-32	DES	near	x5_y2	5	0.0	0.0
GSE294385	Patient9	M-ST-32	DES	near	x5_y3	14	0.07142857142857142	0.0
GSE294385	Patient9	M-ST-32	DES	near	x5_y4	36	0.05555555555555555	0.0
GSE294385	Patient9	M-ST-32	DES	near	x5_y5	57	0.12280701754385964	0.0
GSE294385	Patient9	M-ST-32	MYH11	far	x2_y1	6	0.16666666666666666	0.0
GSE294385	Patient9	M-ST-32	MYH11	far	x2_y2	32	0.09375	0.0
GSE294385	Patient9	M-ST-32	MYH11	far	x2_y3	41	0.04878048780487805	0.0
GSE294385	Patient9	M-ST-32	MYH11	far	x2_y4	13	0.0	0.0
GSE294385	Patient9	M-ST-32	MYH11	far	x3_y0	51	0.1568627450980392	0.0
GSE294385	Patient9	M-ST-32	MYH11	far	x3_y1	25	0.08	0.0
GSE294385	Patient9	M-ST-32	MYH11	far	x3_y2	3	0.3333333333333333	0.0
GSE294385	Patient9	M-ST-32	MYH11	far	x3_y4	7	0.7142857142857143	1.708151897120039
GSE294385	Patient9	M-ST-32	MYH11	far	x4_y1	1	1.0	1.6239953874676598
GSE294385	Patient9	M-ST-32	MYH11	far	x4_y3	28	0.03571428571428571	0.0
GSE294385	Patient9	M-ST-32	MYH11	far	x4_y4	51	0.29411764705882354	0.0
GSE294385	Patient9	M-ST-32	MYH11	far	x4_y5	13	0.38461538461538464	0.0
GSE294385	Patient9	M-ST-32	MYH11	far	x5_y4	17	0.058823529411764705	0.0
GSE294385	Patient9	M-ST-32	MYH11	far	x5_y5	3	0.0	0.0
GSE294385	Patient9	M-ST-32	MYH11	near	x2_y1	9	0.0	0.0
GSE294385	Patient9	M-ST-32	MYH11	near	x2_y2	22	0.045454545454545456	0.0
GSE294385	Patient9	M-ST-32	MYH11	near	x2_y3	37	0.08108108108108109	0.0
GSE294385	Patient9	M-ST-32	MYH11	near	x2_y4	7	0.0	0.0
GSE294385	Patient9	M-ST-32	MYH11	near	x2_y5	1	0.0	0.0
GSE294385	Patient9	M-ST-32	MYH11	near	x3_y0	72	0.3333333333333333	0.0
GSE294385	Patient9	M-ST-32	MYH11	near	x3_y1	87	0.3793103448275862	0.0
GSE294385	Patient9	M-ST-32	MYH11	near	x3_y2	30	0.16666666666666666	0.0
GSE294385	Patient9	M-ST-32	MYH11	near	x3_y3	15	0.13333333333333333	0.0
GSE294385	Patient9	M-ST-32	MYH11	near	x3_y4	17	0.11764705882352941	0.0
GSE294385	Patient9	M-ST-32	MYH11	near	x3_y5	26	0.07692307692307693	0.0
GSE294385	Patient9	M-ST-32	MYH11	near	x4_y0	96	0.9895833333333334	1.2870196410905086
GSE294385	Patient9	M-ST-32	MYH11	near	x4_y1	117	0.7606837606837606	0.8531305707067053
GSE294385	Patient9	M-ST-32	MYH11	near	x4_y2	53	0.16981132075471697	0.0
GSE294385	Patient9	M-ST-32	MYH11	near	x4_y3	86	0.08139534883720931	0.0
GSE294385	Patient9	M-ST-32	MYH11	near	x4_y4	50	0.16	0.0
GSE294385	Patient9	M-ST-32	MYH11	near	x4_y5	65	0.18461538461538463	0.0
GSE294385	Patient9	M-ST-32	MYH11	near	x5_y0	2	0.5	0.25783607995426017
GSE294385	Patient9	M-ST-32	MYH11	near	x5_y1	6	1.0	0.8023305714685702
GSE294385	Patient9	M-ST-32	MYH11	near	x5_y2	5	0.6	0.3130028665759027
GSE294385	Patient9	M-ST-32	MYH11	near	x5_y3	14	0.07142857142857142	0.0
GSE294385	Patient9	M-ST-32	MYH11	near	x5_y4	36	0.1111111111111111	0.0
GSE294385	Patient9	M-ST-32	MYH11	near	x5_y5	57	0.21052631578947367	0.0
GSE294385	Patient10	M-ST-33	CNN1	far	x2_y2	1	1.0	2.402453165830269
GSE294385	Patient10	M-ST-33	CNN1	far	x2_y3	20	0.85	1.4721223387902294
GSE294385	Patient10	M-ST-33	CNN1	far	x2_y4	2	1.0	1.7138173742725797
GSE294385	Patient10	M-ST-33	CNN1	far	x2_y5	6	1.0	2.081814898077589
GSE294385	Patient10	M-ST-33	CNN1	far	x3_y3	1	1.0	0.5918869942859923
GSE294385	Patient10	M-ST-33	CNN1	far	x3_y4	23	0.8695652173913043	1.3487638462190419
GSE294385	Patient10	M-ST-33	CNN1	far	x3_y5	1	0.0	0.0
GSE294385	Patient10	M-ST-33	CNN1	far	x4_y1	4	1.0	3.547245888979787
GSE294385	Patient10	M-ST-33	CNN1	far	x4_y2	40	1.0	2.6905281831874364
GSE294385	Patient10	M-ST-33	CNN1	far	x4_y3	3	1.0	1.9115684159041644
GSE294385	Patient10	M-ST-33	CNN1	far	x4_y4	3	1.0	1.3015500997930192
GSE294385	Patient10	M-ST-33	CNN1	far	x5_y2	11	1.0	1.9269522353106991
GSE294385	Patient10	M-ST-33	CNN1	far	x5_y3	8	0.875	0.9166749041678377
GSE294385	Patient10	M-ST-33	CNN1	far	x5_y4	6	1.0	3.0012446929541357
GSE294385	Patient10	M-ST-33	CNN1	far	x5_y5	3	1.0	3.0875433822955087
GSE294385	Patient10	M-ST-33	CNN1	near	x2_y2	5	0.8	1.8481797498027752
GSE294385	Patient10	M-ST-33	CNN1	near	x2_y3	44	0.9318181818181818	1.318854350202653
GSE294385	Patient10	M-ST-33	CNN1	near	x2_y4	26	0.9230769230769231	1.1492000944832008
GSE294385	Patient10	M-ST-33	CNN1	near	x2_y5	30	0.8	1.0877971120441514
GSE294385	Patient10	M-ST-33	CNN1	near	x3_y3	2	1.0	0.7960614691175933
GSE294385	Patient10	M-ST-33	CNN1	near	x3_y4	59	0.6440677966101694	0.39234329494391557
GSE294385	Patient10	M-ST-33	CNN1	near	x3_y5	33	0.6363636363636364	0.4027010065427752
GSE294385	Patient10	M-ST-33	CNN1	near	x4_y1	2	1.0	1.7662144879806865
GSE294385	Patient10	M-ST-33	CNN1	near	x4_y2	71	0.9295774647887324	1.8281900625674972
GSE294385	Patient10	M-ST-33	CNN1	near	x4_y3	17	0.9411764705882353	1.0831223491323878
GSE294385	Patient10	M-ST-33	CNN1	near	x4_y4	19	0.9473684210526315	1.8375206610993668
GSE294385	Patient10	M-ST-33	CNN1	near	x4_y5	11	0.9090909090909091	0.7297009192501063
GSE294385	Patient10	M-ST-33	CNN1	near	x5_y1	5	0.6	1.07162570027986
GSE294385	Patient10	M-ST-33	CNN1	near	x5_y2	78	0.9615384615384616	1.5343062593710055
GSE294385	Patient10	M-ST-33	CNN1	near	x5_y3	40	1.0	1.6814536263703173
GSE294385	Patient10	M-ST-33	CNN1	near	x5_y4	22	0.9545454545454546	2.447829438868395
GSE294385	Patient10	M-ST-33	CNN1	near	x5_y5	14	1.0	2.3660744884513716
GSE294385	Patient10	M-ST-33	DES	far	x2_y2	1	1.0	2.876409107782234
GSE294385	Patient10	M-ST-33	DES	far	x2_y3	20	0.75	1.1382528817581883
GSE294385	Patient10	M-ST-33	DES	far	x2_y4	2	0.5	1.0046344189864782
GSE294385	Patient10	M-ST-33	DES	far	x2_y5	6	1.0	1.981600907691858
GSE294385	Patient10	M-ST-33	DES	far	x3_y3	1	1.0	1.5332652246295477
GSE294385	Patient10	M-ST-33	DES	far	x3_y4	23	0.9130434782608695	1.686032384651168
GSE294385	Patient10	M-ST-33	DES	far	x3_y5	1	0.0	0.0
GSE294385	Patient10	M-ST-33	DES	far	x4_y1	4	1.0	4.553602624133484
GSE294385	Patient10	M-ST-33	DES	far	x4_y2	40	1.0	3.6031240693580355
GSE294385	Patient10	M-ST-33	DES	far	x4_y3	3	1.0	3.118561792180614
GSE294385	Patient10	M-ST-33	DES	far	x4_y4	3	1.0	2.095967189268011
GSE294385	Patient10	M-ST-33	DES	far	x5_y2	11	1.0	2.645742220346156
GSE294385	Patient10	M-ST-33	DES	far	x5_y3	8	1.0	1.645804145525581
GSE294385	Patient10	M-ST-33	DES	far	x5_y4	6	1.0	4.1309808752647585
GSE294385	Patient10	M-ST-33	DES	far	x5_y5	3	1.0	3.680749871489109
GSE294385	Patient10	M-ST-33	DES	near	x2_y2	5	0.8	2.25220331634654
GSE294385	Patient10	M-ST-33	DES	near	x2_y3	44	0.7727272727272727	0.8756370253297503
GSE294385	Patient10	M-ST-33	DES	near	x2_y4	26	0.7307692307692307	0.6732258463728472
GSE294385	Patient10	M-ST-33	DES	near	x2_y5	30	0.6666666666666666	0.6576124955103335
GSE294385	Patient10	M-ST-33	DES	near	x3_y3	2	0.5	0.3114740148940843
GSE294385	Patient10	M-ST-33	DES	near	x3_y4	59	0.559322033898305	0.28069074245446124
GSE294385	Patient10	M-ST-33	DES	near	x3_y5	33	0.45454545454545453	0.0
GSE294385	Patient10	M-ST-33	DES	near	x4_y1	2	1.0	2.542022170008397
GSE294385	Patient10	M-ST-33	DES	near	x4_y2	71	0.971830985915493	2.271494075267656
GSE294385	Patient10	M-ST-33	DES	near	x4_y3	17	0.6470588235294118	1.2426182616799786
GSE294385	Patient10	M-ST-33	DES	near	x4_y4	19	1.0	2.5482800643762027
GSE294385	Patient10	M-ST-33	DES	near	x4_y5	11	0.8181818181818182	0.8277729586675562
GSE294385	Patient10	M-ST-33	DES	near	x5_y1	5	1.0	1.8629124818916127
GSE294385	Patient10	M-ST-33	DES	near	x5_y2	78	0.9230769230769231	2.0387517400817226
GSE294385	Patient10	M-ST-33	DES	near	x5_y3	40	1.0	1.9654490094093502
GSE294385	Patient10	M-ST-33	DES	near	x5_y4	22	1.0	3.4623471951765232
GSE294385	Patient10	M-ST-33	DES	near	x5_y5	14	1.0	3.2958032775230084
GSE294385	Patient10	M-ST-33	MYH11	far	x2_y2	1	1.0	2.994922342074601
GSE294385	Patient10	M-ST-33	MYH11	far	x2_y3	20	1.0	1.4845501246113155
GSE294385	Patient10	M-ST-33	MYH11	far	x2_y4	2	1.0	1.875498865437979
GSE294385	Patient10	M-ST-33	MYH11	far	x2_y5	6	1.0	2.1902404862438125
GSE294385	Patient10	M-ST-33	MYH11	far	x3_y3	1	1.0	1.5332652246295477
GSE294385	Patient10	M-ST-33	MYH11	far	x3_y4	23	0.9130434782608695	1.5986458699035364
GSE294385	Patient10	M-ST-33	MYH11	far	x3_y5	1	0.0	0.0
GSE294385	Patient10	M-ST-33	MYH11	far	x4_y1	4	1.0	4.24538736101495
GSE294385	Patient10	M-ST-33	MYH11	far	x4_y2	40	1.0	3.3429646391752064
GSE294385	Patient10	M-ST-33	MYH11	far	x4_y3	3	1.0	3.3883435285892682
GSE294385	Patient10	M-ST-33	MYH11	far	x4_y4	3	1.0	1.3015500997930192
GSE294385	Patient10	M-ST-33	MYH11	far	x5_y2	11	1.0	2.763814153422823
GSE294385	Patient10	M-ST-33	MYH11	far	x5_y3	8	1.0	1.739077179531367
GSE294385	Patient10	M-ST-33	MYH11	far	x5_y4	6	1.0	3.736734204416826
GSE294385	Patient10	M-ST-33	MYH11	far	x5_y5	3	1.0	3.447879927606139
GSE294385	Patient10	M-ST-33	MYH11	near	x2_y2	5	1.0	2.2222512745353704
GSE294385	Patient10	M-ST-33	MYH11	near	x2_y3	44	0.9318181818181818	1.5297136399229863
GSE294385	Patient10	M-ST-33	MYH11	near	x2_y4	26	0.9230769230769231	1.0622844259298447
GSE294385	Patient10	M-ST-33	MYH11	near	x2_y5	30	0.7333333333333333	0.9739147156022865
GSE294385	Patient10	M-ST-33	MYH11	near	x3_y3	2	1.0	1.0805386992123047
GSE294385	Patient10	M-ST-33	MYH11	near	x3_y4	59	0.7966101694915254	0.5311682245712479
GSE294385	Patient10	M-ST-33	MYH11	near	x3_y5	33	0.7878787878787878	0.6202647837706352
GSE294385	Patient10	M-ST-33	MYH11	near	x4_y1	2	1.0	2.4401631607100702
GSE294385	Patient10	M-ST-33	MYH11	near	x4_y2	71	0.971830985915493	2.4941233048929243
GSE294385	Patient10	M-ST-33	MYH11	near	x4_y3	17	1.0	1.6920449881818223
GSE294385	Patient10	M-ST-33	MYH11	near	x4_y4	19	0.9473684210526315	2.2727505970772284
GSE294385	Patient10	M-ST-33	MYH11	near	x4_y5	11	1.0	1.3877532757747095
GSE294385	Patient10	M-ST-33	MYH11	near	x5_y1	5	1.0	1.5769654995487055
GSE294385	Patient10	M-ST-33	MYH11	near	x5_y2	78	0.9871794871794872	2.2508077017085206
GSE294385	Patient10	M-ST-33	MYH11	near	x5_y3	40	1.0	2.3076247069427933
GSE294385	Patient10	M-ST-33	MYH11	near	x5_y4	22	1.0	3.1305864795194305
GSE294385	Patient10	M-ST-33	MYH11	near	x5_y5	14	1.0	2.8670665256199914
GSE294385	Patient10	M-ST-34	CNN1	far	x0_y2	1	0.0	0.0
GSE294385	Patient10	M-ST-34	CNN1	far	x0_y3	8	0.5	0.5727610307446063
GSE294385	Patient10	M-ST-34	CNN1	far	x0_y4	16	0.875	1.6614830308018411
GSE294385	Patient10	M-ST-34	CNN1	far	x1_y2	4	0.25	0.0
GSE294385	Patient10	M-ST-34	CNN1	far	x1_y3	10	0.7	0.5326198829836203
GSE294385	Patient10	M-ST-34	CNN1	far	x1_y4	15	0.6666666666666666	0.8848733248506994
GSE294385	Patient10	M-ST-34	CNN1	far	x2_y0	11	0.9090909090909091	0.6363026522328339
GSE294385	Patient10	M-ST-34	CNN1	far	x2_y1	19	1.0	0.8685735944618821
GSE294385	Patient10	M-ST-34	CNN1	far	x2_y2	25	1.0	0.8878918458302387
GSE294385	Patient10	M-ST-34	CNN1	far	x2_y3	20	0.8	0.5067994608195556
GSE294385	Patient10	M-ST-34	CNN1	far	x2_y4	100	0.74	0.7275243782871623
GSE294385	Patient10	M-ST-34	CNN1	far	x2_y5	20	0.7	0.8928329575215463
GSE294385	Patient10	M-ST-34	CNN1	far	x3_y0	4	0.75	0.40975284421963953
GSE294385	Patient10	M-ST-34	CNN1	far	x3_y1	7	0.5714285714285714	0.19745065690169145
GSE294385	Patient10	M-ST-34	CNN1	far	x3_y2	5	0.2	0.0
GSE294385	Patient10	M-ST-34	CNN1	far	x3_y3	3	1.0	2.0991801176788014
GSE294385	Patient10	M-ST-34	CNN1	far	x3_y4	37	0.7567567567567568	0.7971199614336094
GSE294385	Patient10	M-ST-34	CNN1	far	x3_y5	48	0.8958333333333334	0.7265442893527266
GSE294385	Patient10	M-ST-34	CNN1	far	x4_y0	8	0.5	0.4284162251350464
GSE294385	Patient10	M-ST-34	CNN1	far	x4_y1	5	1.0	0.9518413820049465
GSE294385	Patient10	M-ST-34	CNN1	far	x4_y2	4	1.0	0.9981749728864469
GSE294385	Patient10	M-ST-34	CNN1	far	x4_y3	19	0.5789473684210527	0.5058881896451075
GSE294385	Patient10	M-ST-34	CNN1	far	x4_y5	11	0.6363636363636364	0.615017983523274
GSE294385	Patient10	M-ST-34	CNN1	far	x5_y3	11	0.36363636363636365	0.0
GSE294385	Patient10	M-ST-34	CNN1	far	x5_y4	6	0.6666666666666666	0.542789656994981
GSE294385	Patient10	M-ST-34	CNN1	far	x5_y5	5	0.8	0.4569224975360692
GSE294385	Patient10	M-ST-34	CNN1	near	x0_y2	30	0.8	0.5978594470234072
GSE294385	Patient10	M-ST-34	CNN1	near	x0_y3	17	0.5882352941176471	1.1204811348422437
GSE294385	Patient10	M-ST-34	CNN1	near	x0_y4	21	0.6190476190476191	0.9757535732142419
GSE294385	Patient10	M-ST-34	CNN1	near	x0_y5	3	1.0	3.251270801826117
GSE294385	Patient10	M-ST-34	CNN1	near	x1_y2	17	0.4117647058823529	0.0
GSE294385	Patient10	M-ST-34	CNN1	near	x1_y3	85	0.5647058823529412	0.4106480851435959
GSE294385	Patient10	M-ST-34	CNN1	near	x1_y4	70	0.6857142857142857	0.5818909569174687
GSE294385	Patient10	M-ST-34	CNN1	near	x2_y0	17	0.9411764705882353	0.668029178131402
GSE294385	Patient10	M-ST-34	CNN1	near	x2_y1	34	1.0	0.6570725394897621
GSE294385	Patient10	M-ST-34	CNN1	near	x2_y2	69	0.8115942028985508	0.5365672873730858
GSE294385	Patient10	M-ST-34	CNN1	near	x2_y3	90	0.6666666666666666	0.43798663326989873
GSE294385	Patient10	M-ST-34	CNN1	near	x2_y4	91	0.6483516483516484	0.4779144774877796
GSE294385	Patient10	M-ST-34	CNN1	near	x2_y5	5	0.6	0.5006118575280543
GSE294385	Patient10	M-ST-34	CNN1	near	x3_y0	8	0.75	0.6703736865318265
GSE294385	Patient10	M-ST-34	CNN1	near	x3_y1	98	0.8877551020408163	0.9542399750006659
GSE294385	Patient10	M-ST-34	CNN1	near	x3_y2	118	0.8050847457627118	0.7064097442390349
GSE294385	Patient10	M-ST-34	CNN1	near	x3_y3	128	0.8359375	0.8040961028891089
GSE294385	Patient10	M-ST-34	CNN1	near	x3_y4	121	0.768595041322314	0.7312626382462895
GSE294385	Patient10	M-ST-34	CNN1	near	x3_y5	4	0.5	0.26840164820659296
GSE294385	Patient10	M-ST-34	CNN1	near	x4_y0	6	1.0	0.622898129154003
GSE294385	Patient10	M-ST-34	CNN1	near	x4_y1	99	0.7272727272727273	0.6832220907742894
GSE294385	Patient10	M-ST-34	CNN1	near	x4_y2	79	0.7088607594936709	0.6237305586278239
GSE294385	Patient10	M-ST-34	CNN1	near	x4_y3	111	0.6846846846846847	0.761014178520261
GSE294385	Patient10	M-ST-34	CNN1	near	x4_y4	87	0.8505747126436781	1.0553602352479228
GSE294385	Patient10	M-ST-34	CNN1	near	x4_y5	62	0.7741935483870968	0.5091426763534018
GSE294385	Patient10	M-ST-34	CNN1	near	x5_y3	17	0.4117647058823529	0.0
GSE294385	Patient10	M-ST-34	CNN1	near	x5_y4	52	0.7884615384615384	0.6543008550879186
GSE294385	Patient10	M-ST-34	CNN1	near	x5_y5	44	0.7045454545454546	0.5076010062383234
GSE294385	Patient10	M-ST-34	DES	far	x0_y2	1	0.0	0.0
GSE294385	Patient10	M-ST-34	DES	far	x0_y3	8	0.5	0.6417046277471301
GSE294385	Patient10	M-ST-34	DES	far	x0_y4	16	0.875	1.9959642506233735
GSE294385	Patient10	M-ST-34	DES	far	x1_y2	4	0.0	0.0
GSE294385	Patient10	M-ST-34	DES	far	x1_y3	10	0.0	0.0
GSE294385	Patient10	M-ST-34	DES	far	x1_y4	15	0.26666666666666666	0.0
GSE294385	Patient10	M-ST-34	DES	far	x2_y0	11	0.0	0.0
GSE294385	Patient10	M-ST-34	DES	far	x2_y1	19	0.10526315789473684	0.0
GSE294385	Patient10	M-ST-34	DES	far	x2_y2	25	0.08	0.0
GSE294385	Patient10	M-ST-34	DES	far	x2_y3	20	0.0	0.0
GSE294385	Patient10	M-ST-34	DES	far	x2_y4	100	0.11	0.0
GSE294385	Patient10	M-ST-34	DES	far	x2_y5	20	0.3	0.0
GSE294385	Patient10	M-ST-34	DES	far	x3_y0	4	0.0	0.0
GSE294385	Patient10	M-ST-34	DES	far	x3_y1	7	0.2857142857142857	0.0
GSE294385	Patient10	M-ST-34	DES	far	x3_y2	5	0.0	0.0
GSE294385	Patient10	M-ST-34	DES	far	x3_y3	3	0.0	0.0
GSE294385	Patient10	M-ST-34	DES	far	x3_y4	37	0.05405405405405406	0.0
GSE294385	Patient10	M-ST-34	DES	far	x3_y5	48	0.10416666666666667	0.0
GSE294385	Patient10	M-ST-34	DES	far	x4_y0	8	0.125	0.0
GSE294385	Patient10	M-ST-34	DES	far	x4_y1	5	0.0	0.0
GSE294385	Patient10	M-ST-34	DES	far	x4_y2	4	0.0	0.0
GSE294385	Patient10	M-ST-34	DES	far	x4_y3	19	0.15789473684210525	0.0
GSE294385	Patient10	M-ST-34	DES	far	x4_y5	11	0.0	0.0
GSE294385	Patient10	M-ST-34	DES	far	x5_y3	11	0.18181818181818182	0.0
GSE294385	Patient10	M-ST-34	DES	far	x5_y4	6	0.0	0.0
GSE294385	Patient10	M-ST-34	DES	far	x5_y5	5	0.4	0.0
GSE294385	Patient10	M-ST-34	DES	near	x0_y2	30	0.06666666666666667	0.0
GSE294385	Patient10	M-ST-34	DES	near	x0_y3	17	0.6470588235294118	1.578185368929996
GSE294385	Patient10	M-ST-34	DES	near	x0_y4	21	0.42857142857142855	0.0
GSE294385	Patient10	M-ST-34	DES	near	x0_y5	3	1.0	4.124173249511122
GSE294385	Patient10	M-ST-34	DES	near	x1_y2	17	0.0	0.0
GSE294385	Patient10	M-ST-34	DES	near	x1_y3	85	0.011764705882352941	0.0
GSE294385	Patient10	M-ST-34	DES	near	x1_y4	70	0.12857142857142856	0.0
GSE294385	Patient10	M-ST-34	DES	near	x2_y0	17	0.0	0.0
GSE294385	Patient10	M-ST-34	DES	near	x2_y1	34	0.08823529411764706	0.0
GSE294385	Patient10	M-ST-34	DES	near	x2_y2	69	0.07246376811594203	0.0
GSE294385	Patient10	M-ST-34	DES	near	x2_y3	90	0.05555555555555555	0.0
GSE294385	Patient10	M-ST-34	DES	near	x2_y4	91	0.04395604395604396	0.0
GSE294385	Patient10	M-ST-34	DES	near	x2_y5	5	0.0	0.0
GSE294385	Patient10	M-ST-34	DES	near	x3_y0	8	0.0	0.0
GSE294385	Patient10	M-ST-34	DES	near	x3_y1	98	0.07142857142857142	0.0
GSE294385	Patient10	M-ST-34	DES	near	x3_y2	118	0.0423728813559322	0.0
GSE294385	Patient10	M-ST-34	DES	near	x3_y3	128	0.0546875	0.0
GSE294385	Patient10	M-ST-34	DES	near	x3_y4	121	0.09090909090909091	0.0
GSE294385	Patient10	M-ST-34	DES	near	x3_y5	4	0.25	0.0
GSE294385	Patient10	M-ST-34	DES	near	x4_y0	6	0.0	0.0
GSE294385	Patient10	M-ST-34	DES	near	x4_y1	99	0.050505050505050504	0.0
GSE294385	Patient10	M-ST-34	DES	near	x4_y2	79	0.012658227848101266	0.0
GSE294385	Patient10	M-ST-34	DES	near	x4_y3	111	0.12612612612612611	0.0
GSE294385	Patient10	M-ST-34	DES	near	x4_y4	87	0.06896551724137931	0.0
GSE294385	Patient10	M-ST-34	DES	near	x4_y5	62	0.06451612903225806	0.0
GSE294385	Patient10	M-ST-34	DES	near	x5_y3	17	0.058823529411764705	0.0
GSE294385	Patient10	M-ST-34	DES	near	x5_y4	52	0.057692307692307696	0.0
GSE294385	Patient10	M-ST-34	DES	near	x5_y5	44	0.2727272727272727	0.0
GSE294385	Patient10	M-ST-34	MYH11	far	x0_y2	1	0.0	0.0
GSE294385	Patient10	M-ST-34	MYH11	far	x0_y3	8	0.5	0.5384148828821061
GSE294385	Patient10	M-ST-34	MYH11	far	x0_y4	16	0.875	1.8612928522151493
GSE294385	Patient10	M-ST-34	MYH11	far	x1_y2	4	0.0	0.0
GSE294385	Patient10	M-ST-34	MYH11	far	x1_y3	10	0.3	0.0
GSE294385	Patient10	M-ST-34	MYH11	far	x1_y4	15	0.3333333333333333	0.0
GSE294385	Patient10	M-ST-34	MYH11	far	x2_y0	11	0.2727272727272727	0.0
GSE294385	Patient10	M-ST-34	MYH11	far	x2_y1	19	0.6842105263157895	0.2458067396276231
GSE294385	Patient10	M-ST-34	MYH11	far	x2_y2	25	0.36	0.0
GSE294385	Patient10	M-ST-34	MYH11	far	x2_y3	20	0.15	0.0
GSE294385	Patient10	M-ST-34	MYH11	far	x2_y4	100	0.21	0.0
GSE294385	Patient10	M-ST-34	MYH11	far	x2_y5	20	0.35	0.0
GSE294385	Patient10	M-ST-34	MYH11	far	x3_y0	4	0.25	0.0
GSE294385	Patient10	M-ST-34	MYH11	far	x3_y1	7	0.0	0.0
GSE294385	Patient10	M-ST-34	MYH11	far	x3_y2	5	0.6	0.7926920516144031
GSE294385	Patient10	M-ST-34	MYH11	far	x3_y3	3	1.0	1.5526660676779294
GSE294385	Patient10	M-ST-34	MYH11	far	x3_y4	37	0.21621621621621623	0.0
GSE294385	Patient10	M-ST-34	MYH11	far	x3_y5	48	0.1875	0.0
GSE294385	Patient10	M-ST-34	MYH11	far	x4_y0	8	0.375	0.0
GSE294385	Patient10	M-ST-34	MYH11	far	x4_y1	5	0.0	0.0
GSE294385	Patient10	M-ST-34	MYH11	far	x4_y2	4	0.0	0.0
GSE294385	Patient10	M-ST-34	MYH11	far	x4_y3	19	0.631578947368421	0.6293679387276072
GSE294385	Patient10	M-ST-34	MYH11	far	x4_y5	11	0.09090909090909091	0.0
GSE294385	Patient10	M-ST-34	MYH11	far	x5_y3	11	0.5454545454545454	0.5316018404658946
GSE294385	Patient10	M-ST-34	MYH11	far	x5_y4	6	0.16666666666666666	0.0
GSE294385	Patient10	M-ST-34	MYH11	far	x5_y5	5	0.6	0.45734777164625745
GSE294385	Patient10	M-ST-34	MYH11	near	x0_y2	30	0.4666666666666667	0.0
GSE294385	Patient10	M-ST-34	MYH11	near	x0_y3	17	0.7647058823529411	1.4334612718322228
GSE294385	Patient10	M-ST-34	MYH11	near	x0_y4	21	0.6666666666666666	1.0950251983331514
GSE294385	Patient10	M-ST-34	MYH11	near	x0_y5	3	1.0	3.251270801826117
GSE294385	Patient10	M-ST-34	MYH11	near	x1_y2	17	0.058823529411764705	0.0
GSE294385	Patient10	M-ST-34	MYH11	near	x1_y3	85	0.17647058823529413	0.0
GSE294385	Patient10	M-ST-34	MYH11	near	x1_y4	70	0.37142857142857144	0.0
GSE294385	Patient10	M-ST-34	MYH11	near	x2_y0	17	0.7058823529411765	0.317939796152328
GSE294385	Patient10	M-ST-34	MYH11	near	x2_y1	34	0.6764705882352942	0.2754714126787473
GSE294385	Patient10	M-ST-34	MYH11	near	x2_y2	69	0.2898550724637681	0.0
GSE294385	Patient10	M-ST-34	MYH11	near	x2_y3	90	0.13333333333333333	0.0
GSE294385	Patient10	M-ST-34	MYH11	near	x2_y4	91	0.15384615384615385	0.0
GSE294385	Patient10	M-ST-34	MYH11	near	x2_y5	5	0.2	0.0
GSE294385	Patient10	M-ST-34	MYH11	near	x3_y0	8	0.875	0.3967204718690259
GSE294385	Patient10	M-ST-34	MYH11	near	x3_y1	98	0.8469387755102041	0.8793241889490395
GSE294385	Patient10	M-ST-34	MYH11	near	x3_y2	118	0.7796610169491526	0.7256638815939996
GSE294385	Patient10	M-ST-34	MYH11	near	x3_y3	128	0.8125	0.7623215983344875
GSE294385	Patient10	M-ST-34	MYH11	near	x3_y4	121	0.5041322314049587	0.29927597792776933
GSE294385	Patient10	M-ST-34	MYH11	near	x3_y5	4	0.75	0.3342681411142221
GSE294385	Patient10	M-ST-34	MYH11	near	x4_y0	6	0.8333333333333334	0.46416876391412504
GSE294385	Patient10	M-ST-34	MYH11	near	x4_y1	99	0.30303030303030304	0.0
GSE294385	Patient10	M-ST-34	MYH11	near	x4_y2	79	0.3924050632911392	0.0
GSE294385	Patient10	M-ST-34	MYH11	near	x4_y3	111	0.6216216216216216	0.637288237159135
GSE294385	Patient10	M-ST-34	MYH11	near	x4_y4	87	0.8045977011494253	1.0449887423795519
GSE294385	Patient10	M-ST-34	MYH11	near	x4_y5	62	0.4032258064516129	0.0
GSE294385	Patient10	M-ST-34	MYH11	near	x5_y3	17	0.47058823529411764	0.0
GSE294385	Patient10	M-ST-34	MYH11	near	x5_y4	52	0.6923076923076923	0.40852048056225576
GSE294385	Patient10	M-ST-34	MYH11	near	x5_y5	44	0.5909090909090909	0.2857350567211626
Valdeolivas	A121573	SN048_A121573_Rep1	CNN1	far	x1_y1	6	0.0	0.0
Valdeolivas	A121573	SN048_A121573_Rep1	CNN1	far	x1_y5	1	0.0	0.0
Valdeolivas	A121573	SN048_A121573_Rep1	CNN1	far	x2_y1	11	0.2727272727272727	0.0
Valdeolivas	A121573	SN048_A121573_Rep1	CNN1	far	x2_y5	1	0.0	0.0
Valdeolivas	A121573	SN048_A121573_Rep1	CNN1	far	x3_y1	3	0.3333333333333333	0.0
Valdeolivas	A121573	SN048_A121573_Rep1	CNN1	far	x3_y3	3	0.0	0.0
Valdeolivas	A121573	SN048_A121573_Rep1	CNN1	far	x4_y1	5	0.2	0.0
Valdeolivas	A121573	SN048_A121573_Rep1	CNN1	far	x4_y2	13	0.23076923076923078	0.0
Valdeolivas	A121573	SN048_A121573_Rep1	CNN1	far	x4_y3	6	0.3333333333333333	0.0
Valdeolivas	A121573	SN048_A121573_Rep1	CNN1	near	x0_y0	2	0.5	0.31919117778365325
Valdeolivas	A121573	SN048_A121573_Rep1	CNN1	near	x0_y5	6	0.8333333333333334	0.48365838486818646
Valdeolivas	A121573	SN048_A121573_Rep1	CNN1	near	x1_y0	14	0.2857142857142857	0.0
Valdeolivas	A121573	SN048_A121573_Rep1	CNN1	near	x1_y1	4	0.5	0.2733790733111953
Valdeolivas	A121573	SN048_A121573_Rep1	CNN1	near	x1_y5	6	0.3333333333333333	0.0
Valdeolivas	A121573	SN048_A121573_Rep1	CNN1	near	x2_y0	7	0.0	0.0
Valdeolivas	A121573	SN048_A121573_Rep1	CNN1	near	x2_y1	11	0.09090909090909091	0.0
Valdeolivas	A121573	SN048_A121573_Rep1	CNN1	near	x2_y5	6	0.0	0.0
Valdeolivas	A121573	SN048_A121573_Rep1	CNN1	near	x3_y0	7	0.0	0.0
Valdeolivas	A121573	SN048_A121573_Rep1	CNN1	near	x3_y1	4	0.25	0.0
Valdeolivas	A121573	SN048_A121573_Rep1	CNN1	near	x3_y3	2	0.0	0.0
Valdeolivas	A121573	SN048_A121573_Rep1	CNN1	near	x3_y5	11	0.09090909090909091	0.0
Valdeolivas	A121573	SN048_A121573_Rep1	CNN1	near	x4_y1	11	0.18181818181818182	0.0
Valdeolivas	A121573	SN048_A121573_Rep1	CNN1	near	x4_y2	4	0.0	0.0
Valdeolivas	A121573	SN048_A121573_Rep1	CNN1	near	x4_y3	15	0.06666666666666667	0.0
Valdeolivas	A121573	SN048_A121573_Rep1	CNN1	near	x4_y4	13	0.15384615384615385	0.0
Valdeolivas	A121573	SN048_A121573_Rep1	CNN1	near	x4_y5	10	0.1	0.0
Valdeolivas	A121573	SN048_A121573_Rep1	CNN1	near	x5_y4	3	0.0	0.0
Valdeolivas	A121573	SN048_A121573_Rep1	CNN1	near	x5_y5	4	0.0	0.0
Valdeolivas	A121573	SN048_A121573_Rep1	DES	far	x1_y1	6	0.0	0.0
Valdeolivas	A121573	SN048_A121573_Rep1	DES	far	x1_y5	1	0.0	0.0
Valdeolivas	A121573	SN048_A121573_Rep1	DES	far	x2_y1	11	0.18181818181818182	0.0
Valdeolivas	A121573	SN048_A121573_Rep1	DES	far	x2_y5	1	0.0	0.0
Valdeolivas	A121573	SN048_A121573_Rep1	DES	far	x3_y1	3	0.3333333333333333	0.0
Valdeolivas	A121573	SN048_A121573_Rep1	DES	far	x3_y3	3	0.0	0.0
Valdeolivas	A121573	SN048_A121573_Rep1	DES	far	x4_y1	5	0.2	0.0
Valdeolivas	A121573	SN048_A121573_Rep1	DES	far	x4_y2	13	0.0	0.0
Valdeolivas	A121573	SN048_A121573_Rep1	DES	far	x4_y3	6	0.16666666666666666	0.0
Valdeolivas	A121573	SN048_A121573_Rep1	DES	near	x0_y0	2	0.0	0.0
Valdeolivas	A121573	SN048_A121573_Rep1	DES	near	x0_y5	6	0.0	0.0
Valdeolivas	A121573	SN048_A121573_Rep1	DES	near	x1_y0	14	0.07142857142857142	0.0
Valdeolivas	A121573	SN048_A121573_Rep1	DES	near	x1_y1	4	0.0	0.0
Valdeolivas	A121573	SN048_A121573_Rep1	DES	near	x1_y5	6	0.16666666666666666	0.0
Valdeolivas	A121573	SN048_A121573_Rep1	DES	near	x2_y0	7	0.0	0.0
Valdeolivas	A121573	SN048_A121573_Rep1	DES	near	x2_y1	11	0.0	0.0
Valdeolivas	A121573	SN048_A121573_Rep1	DES	near	x2_y5	6	0.16666666666666666	0.0
Valdeolivas	A121573	SN048_A121573_Rep1	DES	near	x3_y0	7	0.0	0.0
Valdeolivas	A121573	SN048_A121573_Rep1	DES	near	x3_y1	4	0.0	0.0
Valdeolivas	A121573	SN048_A121573_Rep1	DES	near	x3_y3	2	0.0	0.0
Valdeolivas	A121573	SN048_A121573_Rep1	DES	near	x3_y5	11	0.0	0.0
Valdeolivas	A121573	SN048_A121573_Rep1	DES	near	x4_y1	11	0.09090909090909091	0.0
Valdeolivas	A121573	SN048_A121573_Rep1	DES	near	x4_y2	4	0.0	0.0
Valdeolivas	A121573	SN048_A121573_Rep1	DES	near	x4_y3	15	0.13333333333333333	0.0
Valdeolivas	A121573	SN048_A121573_Rep1	DES	near	x4_y4	13	0.23076923076923078	0.0
Valdeolivas	A121573	SN048_A121573_Rep1	DES	near	x4_y5	10	0.1	0.0
Valdeolivas	A121573	SN048_A121573_Rep1	DES	near	x5_y4	3	0.3333333333333333	0.0
Valdeolivas	A121573	SN048_A121573_Rep1	DES	near	x5_y5	4	0.0	0.0
Valdeolivas	A121573	SN048_A121573_Rep1	MYH11	far	x1_y1	6	0.3333333333333333	0.0
Valdeolivas	A121573	SN048_A121573_Rep1	MYH11	far	x1_y5	1	1.0	0.591905028751606
Valdeolivas	A121573	SN048_A121573_Rep1	MYH11	far	x2_y1	11	0.18181818181818182	0.0
Valdeolivas	A121573	SN048_A121573_Rep1	MYH11	far	x2_y5	1	1.0	1.1118521470256149
Valdeolivas	A121573	SN048_A121573_Rep1	MYH11	far	x3_y1	3	0.3333333333333333	0.0
Valdeolivas	A121573	SN048_A121573_Rep1	MYH11	far	x3_y3	3	0.0	0.0
Valdeolivas	A121573	SN048_A121573_Rep1	MYH11	far	x4_y1	5	0.0	0.0
Valdeolivas	A121573	SN048_A121573_Rep1	MYH11	far	x4_y2	13	0.3076923076923077	0.0
Valdeolivas	A121573	SN048_A121573_Rep1	MYH11	far	x4_y3	6	0.16666666666666666	0.0
Valdeolivas	A121573	SN048_A121573_Rep1	MYH11	near	x0_y0	2	0.0	0.0
Valdeolivas	A121573	SN048_A121573_Rep1	MYH11	near	x0_y5	6	0.6666666666666666	0.46672139385311695
Valdeolivas	A121573	SN048_A121573_Rep1	MYH11	near	x1_y0	14	0.14285714285714285	0.0
Valdeolivas	A121573	SN048_A121573_Rep1	MYH11	near	x1_y1	4	0.0	0.0
Valdeolivas	A121573	SN048_A121573_Rep1	MYH11	near	x1_y5	6	0.5	0.22624219263122286
Valdeolivas	A121573	SN048_A121573_Rep1	MYH11	near	x2_y0	7	0.14285714285714285	0.0
Valdeolivas	A121573	SN048_A121573_Rep1	MYH11	near	x2_y1	11	0.09090909090909091	0.0
Valdeolivas	A121573	SN048_A121573_Rep1	MYH11	near	x2_y5	6	0.3333333333333333	0.0
Valdeolivas	A121573	SN048_A121573_Rep1	MYH11	near	x3_y0	7	0.0	0.0
Valdeolivas	A121573	SN048_A121573_Rep1	MYH11	near	x3_y1	4	0.25	0.0
Valdeolivas	A121573	SN048_A121573_Rep1	MYH11	near	x3_y3	2	0.0	0.0
Valdeolivas	A121573	SN048_A121573_Rep1	MYH11	near	x3_y5	11	0.18181818181818182	0.0
Valdeolivas	A121573	SN048_A121573_Rep1	MYH11	near	x4_y1	11	0.2727272727272727	0.0
Valdeolivas	A121573	SN048_A121573_Rep1	MYH11	near	x4_y2	4	0.25	0.0
Valdeolivas	A121573	SN048_A121573_Rep1	MYH11	near	x4_y3	15	0.26666666666666666	0.0
Valdeolivas	A121573	SN048_A121573_Rep1	MYH11	near	x4_y4	13	0.3076923076923077	0.0
Valdeolivas	A121573	SN048_A121573_Rep1	MYH11	near	x4_y5	10	0.3	0.0
Valdeolivas	A121573	SN048_A121573_Rep1	MYH11	near	x5_y4	3	0.6666666666666666	0.7012956174770066
Valdeolivas	A121573	SN048_A121573_Rep1	MYH11	near	x5_y5	4	0.5	0.1948169059209191
Valdeolivas	A121573	SN048_A121573_Rep2	CNN1	far	x0_y4	2	0.5	0.2974572548784968
Valdeolivas	A121573	SN048_A121573_Rep2	CNN1	far	x1_y1	3	0.3333333333333333	0.0
Valdeolivas	A121573	SN048_A121573_Rep2	CNN1	far	x2_y0	2	0.0	0.0
Valdeolivas	A121573	SN048_A121573_Rep2	CNN1	far	x2_y1	21	0.2857142857142857	0.0
Valdeolivas	A121573	SN048_A121573_Rep2	CNN1	far	x2_y4	5	0.0	0.0
Valdeolivas	A121573	SN048_A121573_Rep2	CNN1	far	x2_y5	1	0.0	0.0
Valdeolivas	A121573	SN048_A121573_Rep2	CNN1	far	x3_y0	2	0.5	0.5497064646116444
Valdeolivas	A121573	SN048_A121573_Rep2	CNN1	far	x3_y1	11	0.09090909090909091	0.0
Valdeolivas	A121573	SN048_A121573_Rep2	CNN1	far	x4_y1	6	0.3333333333333333	0.0
Valdeolivas	A121573	SN048_A121573_Rep2	CNN1	far	x4_y2	6	0.0	0.0
Valdeolivas	A121573	SN048_A121573_Rep2	CNN1	far	x4_y3	28	0.35714285714285715	0.0
Valdeolivas	A121573	SN048_A121573_Rep2	CNN1	far	x4_y4	16	0.0	0.0
Valdeolivas	A121573	SN048_A121573_Rep2	CNN1	far	x5_y1	1	0.0	0.0
Valdeolivas	A121573	SN048_A121573_Rep2	CNN1	far	x5_y2	2	0.0	0.0
Valdeolivas	A121573	SN048_A121573_Rep2	CNN1	far	x5_y4	5	0.2	0.0
Valdeolivas	A121573	SN048_A121573_Rep2	CNN1	near	x0_y3	4	0.0	0.0
Valdeolivas	A121573	SN048_A121573_Rep2	CNN1	near	x0_y4	10	0.6	0.585397871341032
Valdeolivas	A121573	SN048_A121573_Rep2	CNN1	near	x0_y5	4	0.25	0.0
Valdeolivas	A121573	SN048_A121573_Rep2	CNN1	near	x1_y0	5	0.6	0.33620958659515093
Valdeolivas	A121573	SN048_A121573_Rep2	CNN1	near	x1_y1	1	0.0	0.0
Valdeolivas	A121573	SN048_A121573_Rep2	CNN1	near	x1_y4	5	0.2	0.0
Valdeolivas	A121573	SN048_A121573_Rep2	CNN1	near	x1_y5	3	0.3333333333333333	0.0
Valdeolivas	A121573	SN048_A121573_Rep2	CNN1	near	x2_y0	14	0.42857142857142855	0.0
Valdeolivas	A121573	SN048_A121573_Rep2	CNN1	near	x2_y1	1	0.0	0.0
Valdeolivas	A121573	SN048_A121573_Rep2	CNN1	near	x2_y4	1	0.0	0.0
Valdeolivas	A121573	SN048_A121573_Rep2	CNN1	near	x2_y5	15	0.26666666666666666	0.0
Valdeolivas	A121573	SN048_A121573_Rep2	CNN1	near	x3_y0	12	0.08333333333333333	0.0
Valdeolivas	A121573	SN048_A121573_Rep2	CNN1	near	x3_y1	2	0.0	0.0
Valdeolivas	A121573	SN048_A121573_Rep2	CNN1	near	x3_y4	2	0.5	0.25510652092364894
Valdeolivas	A121573	SN048_A121573_Rep2	CNN1	near	x3_y5	8	0.375	0.0
Valdeolivas	A121573	SN048_A121573_Rep2	CNN1	near	x4_y0	23	0.17391304347826086	0.0
Valdeolivas	A121573	SN048_A121573_Rep2	CNN1	near	x4_y1	11	0.18181818181818182	0.0
Valdeolivas	A121573	SN048_A121573_Rep2	CNN1	near	x4_y2	1	0.0	0.0
Valdeolivas	A121573	SN048_A121573_Rep2	CNN1	near	x4_y3	12	0.3333333333333333	0.0
Valdeolivas	A121573	SN048_A121573_Rep2	CNN1	near	x4_y4	6	0.0	0.0
Valdeolivas	A121573	SN048_A121573_Rep2	CNN1	near	x4_y5	3	0.3333333333333333	0.0
Valdeolivas	A121573	SN048_A121573_Rep2	CNN1	near	x5_y1	11	0.09090909090909091	0.0
Valdeolivas	A121573	SN048_A121573_Rep2	CNN1	near	x5_y2	7	0.0	0.0
Valdeolivas	A121573	SN048_A121573_Rep2	CNN1	near	x5_y3	7	0.5714285714285714	0.4202238655873434
Valdeolivas	A121573	SN048_A121573_Rep2	CNN1	near	x5_y4	1	0.0	0.0
Valdeolivas	A121573	SN048_A121573_Rep2	DES	far	x0_y4	2	0.0	0.0
Valdeolivas	A121573	SN048_A121573_Rep2	DES	far	x1_y1	3	0.0	0.0
Valdeolivas	A121573	SN048_A121573_Rep2	DES	far	x2_y0	2	0.0	0.0
Valdeolivas	A121573	SN048_A121573_Rep2	DES	far	x2_y1	21	0.09523809523809523	0.0
Valdeolivas	A121573	SN048_A121573_Rep2	DES	far	x2_y4	5	0.2	0.0
Valdeolivas	A121573	SN048_A121573_Rep2	DES	far	x2_y5	1	0.0	0.0
Valdeolivas	A121573	SN048_A121573_Rep2	DES	far	x3_y0	2	0.5	0.5606237805165375
Valdeolivas	A121573	SN048_A121573_Rep2	DES	far	x3_y1	11	0.09090909090909091	0.0
Valdeolivas	A121573	SN048_A121573_Rep2	DES	far	x4_y1	6	0.16666666666666666	0.0
Valdeolivas	A121573	SN048_A121573_Rep2	DES	far	x4_y2	6	0.16666666666666666	0.0
Valdeolivas	A121573	SN048_A121573_Rep2	DES	far	x4_y3	28	0.42857142857142855	0.0
Valdeolivas	A121573	SN048_A121573_Rep2	DES	far	x4_y4	16	0.0625	0.0
Valdeolivas	A121573	SN048_A121573_Rep2	DES	far	x5_y1	1	1.0	0.6155649341806105
Valdeolivas	A121573	SN048_A121573_Rep2	DES	far	x5_y2	2	0.0	0.0
Valdeolivas	A121573	SN048_A121573_Rep2	DES	far	x5_y4	5	0.2	0.0
Valdeolivas	A121573	SN048_A121573_Rep2	DES	near	x0_y3	4	0.25	0.0
Valdeolivas	A121573	SN048_A121573_Rep2	DES	near	x0_y4	10	0.4	0.0
Valdeolivas	A121573	SN048_A121573_Rep2	DES	near	x0_y5	4	0.0	0.0
Valdeolivas	A121573	SN048_A121573_Rep2	DES	near	x1_y0	5	0.0	0.0
Valdeolivas	A121573	SN048_A121573_Rep2	DES	near	x1_y1	1	0.0	0.0
Valdeolivas	A121573	SN048_A121573_Rep2	DES	near	x1_y4	5	0.2	0.0
Valdeolivas	A121573	SN048_A121573_Rep2	DES	near	x1_y5	3	0.3333333333333333	0.0
Valdeolivas	A121573	SN048_A121573_Rep2	DES	near	x2_y0	14	0.0	0.0
Valdeolivas	A121573	SN048_A121573_Rep2	DES	near	x2_y1	1	0.0	0.0
Valdeolivas	A121573	SN048_A121573_Rep2	DES	near	x2_y4	1	0.0	0.0
Valdeolivas	A121573	SN048_A121573_Rep2	DES	near	x2_y5	15	0.2	0.0
Valdeolivas	A121573	SN048_A121573_Rep2	DES	near	x3_y0	12	0.25	0.0
Valdeolivas	A121573	SN048_A121573_Rep2	DES	near	x3_y1	2	0.0	0.0
Valdeolivas	A121573	SN048_A121573_Rep2	DES	near	x3_y4	2	0.0	0.0
Valdeolivas	A121573	SN048_A121573_Rep2	DES	near	x3_y5	8	0.125	0.0
Valdeolivas	A121573	SN048_A121573_Rep2	DES	near	x4_y0	23	0.13043478260869565	0.0
Valdeolivas	A121573	SN048_A121573_Rep2	DES	near	x4_y1	11	0.0	0.0
Valdeolivas	A121573	SN048_A121573_Rep2	DES	near	x4_y2	1	0.0	0.0
Valdeolivas	A121573	SN048_A121573_Rep2	DES	near	x4_y3	12	0.0	0.0
Valdeolivas	A121573	SN048_A121573_Rep2	DES	near	x4_y4	6	0.16666666666666666	0.0
Valdeolivas	A121573	SN048_A121573_Rep2	DES	near	x4_y5	3	0.0	0.0
Valdeolivas	A121573	SN048_A121573_Rep2	DES	near	x5_y1	11	0.18181818181818182	0.0
Valdeolivas	A121573	SN048_A121573_Rep2	DES	near	x5_y2	7	0.0	0.0
Valdeolivas	A121573	SN048_A121573_Rep2	DES	near	x5_y3	7	0.0	0.0
Valdeolivas	A121573	SN048_A121573_Rep2	DES	near	x5_y4	1	0.0	0.0
Valdeolivas	A121573	SN048_A121573_Rep2	MYH11	far	x0_y4	2	0.5	0.6175362577361031
Valdeolivas	A121573	SN048_A121573_Rep2	MYH11	far	x1_y1	3	0.3333333333333333	0.0
Valdeolivas	A121573	SN048_A121573_Rep2	MYH11	far	x2_y0	2	0.0	0.0
Valdeolivas	A121573	SN048_A121573_Rep2	MYH11	far	x2_y1	21	0.3333333333333333	0.0
Valdeolivas	A121573	SN048_A121573_Rep2	MYH11	far	x2_y4	5	0.0	0.0
Valdeolivas	A121573	SN048_A121573_Rep2	MYH11	far	x2_y5	1	0.0	0.0
Valdeolivas	A121573	SN048_A121573_Rep2	MYH11	far	x3_y0	2	0.5	0.5497064646116444
Valdeolivas	A121573	SN048_A121573_Rep2	MYH11	far	x3_y1	11	0.0	0.0
Valdeolivas	A121573	SN048_A121573_Rep2	MYH11	far	x4_y1	6	0.0	0.0
Valdeolivas	A121573	SN048_A121573_Rep2	MYH11	far	x4_y2	6	0.16666666666666666	0.0
Valdeolivas	A121573	SN048_A121573_Rep2	MYH11	far	x4_y3	28	0.32142857142857145	0.0
Valdeolivas	A121573	SN048_A121573_Rep2	MYH11	far	x4_y4	16	0.125	0.0
Valdeolivas	A121573	SN048_A121573_Rep2	MYH11	far	x5_y1	1	0.0	0.0
Valdeolivas	A121573	SN048_A121573_Rep2	MYH11	far	x5_y2	2	0.0	0.0
Valdeolivas	A121573	SN048_A121573_Rep2	MYH11	far	x5_y4	5	0.4	0.0
Valdeolivas	A121573	SN048_A121573_Rep2	MYH11	near	x0_y3	4	0.0	0.0
Valdeolivas	A121573	SN048_A121573_Rep2	MYH11	near	x0_y4	10	0.5	0.37937133026066155
Valdeolivas	A121573	SN048_A121573_Rep2	MYH11	near	x0_y5	4	0.5	0.2858589493935645
Valdeolivas	A121573	SN048_A121573_Rep2	MYH11	near	x1_y0	5	0.2	0.0
Valdeolivas	A121573	SN048_A121573_Rep2	MYH11	near	x1_y1	1	0.0	0.0
Valdeolivas	A121573	SN048_A121573_Rep2	MYH11	near	x1_y4	5	0.0	0.0
Valdeolivas	A121573	SN048_A121573_Rep2	MYH11	near	x1_y5	3	0.3333333333333333	0.0
Valdeolivas	A121573	SN048_A121573_Rep2	MYH11	near	x2_y0	14	0.5	0.1644334576756681
Valdeolivas	A121573	SN048_A121573_Rep2	MYH11	near	x2_y1	1	0.0	0.0
Valdeolivas	A121573	SN048_A121573_Rep2	MYH11	near	x2_y4	1	0.0	0.0
Valdeolivas	A121573	SN048_A121573_Rep2	MYH11	near	x2_y5	15	0.13333333333333333	0.0
Valdeolivas	A121573	SN048_A121573_Rep2	MYH11	near	x3_y0	12	0.16666666666666666	0.0
Valdeolivas	A121573	SN048_A121573_Rep2	MYH11	near	x3_y1	2	0.0	0.0
Valdeolivas	A121573	SN048_A121573_Rep2	MYH11	near	x3_y4	2	0.5	0.4936669093169942
Valdeolivas	A121573	SN048_A121573_Rep2	MYH11	near	x3_y5	8	0.0	0.0
Valdeolivas	A121573	SN048_A121573_Rep2	MYH11	near	x4_y0	23	0.043478260869565216	0.0
Valdeolivas	A121573	SN048_A121573_Rep2	MYH11	near	x4_y1	11	0.09090909090909091	0.0
Valdeolivas	A121573	SN048_A121573_Rep2	MYH11	near	x4_y2	1	0.0	0.0
Valdeolivas	A121573	SN048_A121573_Rep2	MYH11	near	x4_y3	12	0.16666666666666666	0.0
Valdeolivas	A121573	SN048_A121573_Rep2	MYH11	near	x4_y4	6	0.0	0.0
Valdeolivas	A121573	SN048_A121573_Rep2	MYH11	near	x4_y5	3	0.0	0.0
Valdeolivas	A121573	SN048_A121573_Rep2	MYH11	near	x5_y1	11	0.0	0.0
Valdeolivas	A121573	SN048_A121573_Rep2	MYH11	near	x5_y2	7	0.14285714285714285	0.0
Valdeolivas	A121573	SN048_A121573_Rep2	MYH11	near	x5_y3	7	0.5714285714285714	0.4202238655873434
Valdeolivas	A121573	SN048_A121573_Rep2	MYH11	near	x5_y4	1	0.0	0.0
Valdeolivas	A416371	SN048_A416371_Rep1	CNN1	far	x0_y1	4	0.25	0.0
Valdeolivas	A416371	SN048_A416371_Rep1	CNN1	far	x0_y2	42	0.11904761904761904	0.0
Valdeolivas	A416371	SN048_A416371_Rep1	CNN1	far	x0_y3	10	0.0	0.0
Valdeolivas	A416371	SN048_A416371_Rep1	CNN1	far	x0_y4	7	0.5714285714285714	0.4222949960320248
Valdeolivas	A416371	SN048_A416371_Rep1	CNN1	far	x1_y2	2	0.0	0.0
Valdeolivas	A416371	SN048_A416371_Rep1	CNN1	far	x1_y3	8	0.0	0.0
Valdeolivas	A416371	SN048_A416371_Rep1	CNN1	far	x1_y4	14	0.0	0.0
Valdeolivas	A416371	SN048_A416371_Rep1	CNN1	far	x2_y0	2	0.0	0.0
Valdeolivas	A416371	SN048_A416371_Rep1	CNN1	far	x2_y1	27	0.1111111111111111	0.0
Valdeolivas	A416371	SN048_A416371_Rep1	CNN1	far	x2_y2	6	0.0	0.0
Valdeolivas	A416371	SN048_A416371_Rep1	CNN1	far	x2_y3	1	0.0	0.0
Valdeolivas	A416371	SN048_A416371_Rep1	CNN1	far	x2_y4	2	0.0	0.0
Valdeolivas	A416371	SN048_A416371_Rep1	CNN1	far	x2_y5	1	0.0	0.0
Valdeolivas	A416371	SN048_A416371_Rep1	CNN1	far	x3_y0	11	0.09090909090909091	0.0
Valdeolivas	A416371	SN048_A416371_Rep1	CNN1	far	x3_y1	16	0.125	0.0
Valdeolivas	A416371	SN048_A416371_Rep1	CNN1	far	x3_y2	8	0.0	0.0
Valdeolivas	A416371	SN048_A416371_Rep1	CNN1	far	x3_y3	3	0.0	0.0
Valdeolivas	A416371	SN048_A416371_Rep1	CNN1	far	x3_y5	2	0.0	0.0
Valdeolivas	A416371	SN048_A416371_Rep1	CNN1	far	x4_y0	14	0.07142857142857142	0.0
Valdeolivas	A416371	SN048_A416371_Rep1	CNN1	far	x4_y1	6	0.3333333333333333	0.0
Valdeolivas	A416371	SN048_A416371_Rep1	CNN1	far	x4_y2	30	0.06666666666666667	0.0
Valdeolivas	A416371	SN048_A416371_Rep1	CNN1	far	x4_y3	26	0.07692307692307693	0.0
Valdeolivas	A416371	SN048_A416371_Rep1	CNN1	far	x4_y4	21	0.0	0.0
Valdeolivas	A416371	SN048_A416371_Rep1	CNN1	far	x4_y5	6	0.16666666666666666	0.0
Valdeolivas	A416371	SN048_A416371_Rep1	CNN1	far	x5_y1	3	0.0	0.0
Valdeolivas	A416371	SN048_A416371_Rep1	CNN1	far	x5_y2	13	0.07692307692307693	0.0
Valdeolivas	A416371	SN048_A416371_Rep1	CNN1	far	x5_y3	13	0.3076923076923077	0.0
Valdeolivas	A416371	SN048_A416371_Rep1	CNN1	near	x0_y2	6	0.16666666666666666	0.0
Valdeolivas	A416371	SN048_A416371_Rep1	CNN1	near	x0_y3	9	0.0	0.0
Valdeolivas	A416371	SN048_A416371_Rep1	CNN1	near	x0_y4	8	0.25	0.0
Valdeolivas	A416371	SN048_A416371_Rep1	CNN1	near	x1_y2	4	0.0	0.0
Valdeolivas	A416371	SN048_A416371_Rep1	CNN1	near	x1_y3	5	0.0	0.0
Valdeolivas	A416371	SN048_A416371_Rep1	CNN1	near	x1_y4	10	0.2	0.0
Valdeolivas	A416371	SN048_A416371_Rep1	CNN1	near	x1_y5	1	0.0	0.0
Valdeolivas	A416371	SN048_A416371_Rep1	CNN1	near	x2_y0	2	1.0	0.6531098354836486
Valdeolivas	A416371	SN048_A416371_Rep1	CNN1	near	x2_y1	7	0.2857142857142857	0.0
Valdeolivas	A416371	SN048_A416371_Rep1	CNN1	near	x2_y2	2	0.0	0.0
Valdeolivas	A416371	SN048_A416371_Rep1	CNN1	near	x2_y3	2	0.5	0.19286889490713505
Valdeolivas	A416371	SN048_A416371_Rep1	CNN1	near	x2_y4	4	0.0	0.0
Valdeolivas	A416371	SN048_A416371_Rep1	CNN1	near	x2_y5	8	0.0	0.0
Valdeolivas	A416371	SN048_A416371_Rep1	CNN1	near	x3_y0	3	0.0	0.0
Valdeolivas	A416371	SN048_A416371_Rep1	CNN1	near	x3_y1	2	0.0	0.0
Valdeolivas	A416371	SN048_A416371_Rep1	CNN1	near	x3_y2	12	0.08333333333333333	0.0
Valdeolivas	A416371	SN048_A416371_Rep1	CNN1	near	x3_y3	11	0.2727272727272727	0.0
Valdeolivas	A416371	SN048_A416371_Rep1	CNN1	near	x3_y4	10	0.0	0.0
Valdeolivas	A416371	SN048_A416371_Rep1	CNN1	near	x3_y5	14	0.21428571428571427	0.0
Valdeolivas	A416371	SN048_A416371_Rep1	CNN1	near	x4_y0	4	0.25	0.0
Valdeolivas	A416371	SN048_A416371_Rep1	CNN1	near	x4_y1	4	0.0	0.0
Valdeolivas	A416371	SN048_A416371_Rep1	CNN1	near	x4_y2	9	0.0	0.0
Valdeolivas	A416371	SN048_A416371_Rep1	CNN1	near	x4_y3	5	0.2	0.0
Valdeolivas	A416371	SN048_A416371_Rep1	CNN1	near	x4_y4	4	0.25	0.0
Valdeolivas	A416371	SN048_A416371_Rep1	CNN1	near	x4_y5	4	0.0	0.0
Valdeolivas	A416371	SN048_A416371_Rep1	CNN1	near	x5_y0	2	0.0	0.0
Valdeolivas	A416371	SN048_A416371_Rep1	CNN1	near	x5_y2	2	0.5	0.6013920588422773
Valdeolivas	A416371	SN048_A416371_Rep1	CNN1	near	x5_y3	1	0.0	0.0
Valdeolivas	A416371	SN048_A416371_Rep1	DES	far	x0_y1	4	0.25	0.0
Valdeolivas	A416371	SN048_A416371_Rep1	DES	far	x0_y2	42	0.14285714285714285	0.0
Valdeolivas	A416371	SN048_A416371_Rep1	DES	far	x0_y3	10	0.1	0.0
Valdeolivas	A416371	SN048_A416371_Rep1	DES	far	x0_y4	7	0.0	0.0
Valdeolivas	A416371	SN048_A416371_Rep1	DES	far	x1_y2	2	0.0	0.0
Valdeolivas	A416371	SN048_A416371_Rep1	DES	far	x1_y3	8	0.0	0.0
Valdeolivas	A416371	SN048_A416371_Rep1	DES	far	x1_y4	14	0.14285714285714285	0.0
Valdeolivas	A416371	SN048_A416371_Rep1	DES	far	x2_y0	2	0.0	0.0
Valdeolivas	A416371	SN048_A416371_Rep1	DES	far	x2_y1	27	0.0	0.0
Valdeolivas	A416371	SN048_A416371_Rep1	DES	far	x2_y2	6	0.0	0.0
Valdeolivas	A416371	SN048_A416371_Rep1	DES	far	x2_y3	1	0.0	0.0
Valdeolivas	A416371	SN048_A416371_Rep1	DES	far	x2_y4	2	0.0	0.0
Valdeolivas	A416371	SN048_A416371_Rep1	DES	far	x2_y5	1	0.0	0.0
Valdeolivas	A416371	SN048_A416371_Rep1	DES	far	x3_y0	11	0.09090909090909091	0.0
Valdeolivas	A416371	SN048_A416371_Rep1	DES	far	x3_y1	16	0.0	0.0
Valdeolivas	A416371	SN048_A416371_Rep1	DES	far	x3_y2	8	0.0	0.0
Valdeolivas	A416371	SN048_A416371_Rep1	DES	far	x3_y3	3	0.0	0.0
Valdeolivas	A416371	SN048_A416371_Rep1	DES	far	x3_y5	2	0.0	0.0
Valdeolivas	A416371	SN048_A416371_Rep1	DES	far	x4_y0	14	0.14285714285714285	0.0
Valdeolivas	A416371	SN048_A416371_Rep1	DES	far	x4_y1	6	0.16666666666666666	0.0
Valdeolivas	A416371	SN048_A416371_Rep1	DES	far	x4_y2	30	0.0	0.0
Valdeolivas	A416371	SN048_A416371_Rep1	DES	far	x4_y3	26	0.0	0.0
Valdeolivas	A416371	SN048_A416371_Rep1	DES	far	x4_y4	21	0.047619047619047616	0.0
Valdeolivas	A416371	SN048_A416371_Rep1	DES	far	x4_y5	6	0.0	0.0
Valdeolivas	A416371	SN048_A416371_Rep1	DES	far	x5_y1	3	0.3333333333333333	0.0
Valdeolivas	A416371	SN048_A416371_Rep1	DES	far	x5_y2	13	0.0	0.0
Valdeolivas	A416371	SN048_A416371_Rep1	DES	far	x5_y3	13	0.0	0.0
Valdeolivas	A416371	SN048_A416371_Rep1	DES	near	x0_y2	6	0.0	0.0
Valdeolivas	A416371	SN048_A416371_Rep1	DES	near	x0_y3	9	0.0	0.0
Valdeolivas	A416371	SN048_A416371_Rep1	DES	near	x0_y4	8	0.0	0.0
Valdeolivas	A416371	SN048_A416371_Rep1	DES	near	x1_y2	4	0.25	0.0
Valdeolivas	A416371	SN048_A416371_Rep1	DES	near	x1_y3	5	0.0	0.0
Valdeolivas	A416371	SN048_A416371_Rep1	DES	near	x1_y4	10	0.0	0.0
Valdeolivas	A416371	SN048_A416371_Rep1	DES	near	x1_y5	1	0.0	0.0
Valdeolivas	A416371	SN048_A416371_Rep1	DES	near	x2_y0	2	0.5	0.28994853881347804
Valdeolivas	A416371	SN048_A416371_Rep1	DES	near	x2_y1	7	0.14285714285714285	0.0
Valdeolivas	A416371	SN048_A416371_Rep1	DES	near	x2_y2	2	0.0	0.0
Valdeolivas	A416371	SN048_A416371_Rep1	DES	near	x2_y3	2	0.0	0.0
Valdeolivas	A416371	SN048_A416371_Rep1	DES	near	x2_y4	4	0.0	0.0
Valdeolivas	A416371	SN048_A416371_Rep1	DES	near	x2_y5	8	0.125	0.0
Valdeolivas	A416371	SN048_A416371_Rep1	DES	near	x3_y0	3	0.0	0.0
Valdeolivas	A416371	SN048_A416371_Rep1	DES	near	x3_y1	2	0.0	0.0
Valdeolivas	A416371	SN048_A416371_Rep1	DES	near	x3_y2	12	0.08333333333333333	0.0
Valdeolivas	A416371	SN048_A416371_Rep1	DES	near	x3_y3	11	0.0	0.0
Valdeolivas	A416371	SN048_A416371_Rep1	DES	near	x3_y4	10	0.0	0.0
Valdeolivas	A416371	SN048_A416371_Rep1	DES	near	x3_y5	14	0.14285714285714285	0.0
Valdeolivas	A416371	SN048_A416371_Rep1	DES	near	x4_y0	4	0.0	0.0
Valdeolivas	A416371	SN048_A416371_Rep1	DES	near	x4_y1	4	0.0	0.0
Valdeolivas	A416371	SN048_A416371_Rep1	DES	near	x4_y2	9	0.0	0.0
Valdeolivas	A416371	SN048_A416371_Rep1	DES	near	x4_y3	5	0.0	0.0
Valdeolivas	A416371	SN048_A416371_Rep1	DES	near	x4_y4	4	0.0	0.0
Valdeolivas	A416371	SN048_A416371_Rep1	DES	near	x4_y5	4	0.0	0.0
Valdeolivas	A416371	SN048_A416371_Rep1	DES	near	x5_y0	2	0.0	0.0
Valdeolivas	A416371	SN048_A416371_Rep1	DES	near	x5_y2	2	0.0	0.0
Valdeolivas	A416371	SN048_A416371_Rep1	DES	near	x5_y3	1	0.0	0.0
Valdeolivas	A416371	SN048_A416371_Rep1	MYH11	far	x0_y1	4	0.25	0.0
Valdeolivas	A416371	SN048_A416371_Rep1	MYH11	far	x0_y2	42	0.047619047619047616	0.0
Valdeolivas	A416371	SN048_A416371_Rep1	MYH11	far	x0_y3	10	0.0	0.0
Valdeolivas	A416371	SN048_A416371_Rep1	MYH11	far	x0_y4	7	0.0	0.0
Valdeolivas	A416371	SN048_A416371_Rep1	MYH11	far	x1_y2	2	0.0	0.0
Valdeolivas	A416371	SN048_A416371_Rep1	MYH11	far	x1_y3	8	0.125	0.0
Valdeolivas	A416371	SN048_A416371_Rep1	MYH11	far	x1_y4	14	0.07142857142857142	0.0
Valdeolivas	A416371	SN048_A416371_Rep1	MYH11	far	x2_y0	2	0.0	0.0
Valdeolivas	A416371	SN048_A416371_Rep1	MYH11	far	x2_y1	27	0.037037037037037035	0.0
Valdeolivas	A416371	SN048_A416371_Rep1	MYH11	far	x2_y2	6	0.0	0.0
Valdeolivas	A416371	SN048_A416371_Rep1	MYH11	far	x2_y3	1	0.0	0.0
Valdeolivas	A416371	SN048_A416371_Rep1	MYH11	far	x2_y4	2	0.0	0.0
Valdeolivas	A416371	SN048_A416371_Rep1	MYH11	far	x2_y5	1	0.0	0.0
Valdeolivas	A416371	SN048_A416371_Rep1	MYH11	far	x3_y0	11	0.0	0.0
Valdeolivas	A416371	SN048_A416371_Rep1	MYH11	far	x3_y1	16	0.125	0.0
Valdeolivas	A416371	SN048_A416371_Rep1	MYH11	far	x3_y2	8	0.0	0.0
Valdeolivas	A416371	SN048_A416371_Rep1	MYH11	far	x3_y3	3	0.3333333333333333	0.0
Valdeolivas	A416371	SN048_A416371_Rep1	MYH11	far	x3_y5	2	0.0	0.0
Valdeolivas	A416371	SN048_A416371_Rep1	MYH11	far	x4_y0	14	0.07142857142857142	0.0
Valdeolivas	A416371	SN048_A416371_Rep1	MYH11	far	x4_y1	6	0.0	0.0
Valdeolivas	A416371	SN048_A416371_Rep1	MYH11	far	x4_y2	30	0.1	0.0
Valdeolivas	A416371	SN048_A416371_Rep1	MYH11	far	x4_y3	26	0.038461538461538464	0.0
Valdeolivas	A416371	SN048_A416371_Rep1	MYH11	far	x4_y4	21	0.0	0.0
Valdeolivas	A416371	SN048_A416371_Rep1	MYH11	far	x4_y5	6	0.16666666666666666	0.0
Valdeolivas	A416371	SN048_A416371_Rep1	MYH11	far	x5_y1	3	0.3333333333333333	0.0
Valdeolivas	A416371	SN048_A416371_Rep1	MYH11	far	x5_y2	13	0.07692307692307693	0.0
Valdeolivas	A416371	SN048_A416371_Rep1	MYH11	far	x5_y3	13	0.0	0.0
Valdeolivas	A416371	SN048_A416371_Rep1	MYH11	near	x0_y2	6	0.3333333333333333	0.0
Valdeolivas	A416371	SN048_A416371_Rep1	MYH11	near	x0_y3	9	0.1111111111111111	0.0
Valdeolivas	A416371	SN048_A416371_Rep1	MYH11	near	x0_y4	8	0.125	0.0
Valdeolivas	A416371	SN048_A416371_Rep1	MYH11	near	x1_y2	4	0.0	0.0
Valdeolivas	A416371	SN048_A416371_Rep1	MYH11	near	x1_y3	5	0.0	0.0
Valdeolivas	A416371	SN048_A416371_Rep1	MYH11	near	x1_y4	10	0.0	0.0
Valdeolivas	A416371	SN048_A416371_Rep1	MYH11	near	x1_y5	1	0.0	0.0
Valdeolivas	A416371	SN048_A416371_Rep1	MYH11	near	x2_y0	2	0.0	0.0
Valdeolivas	A416371	SN048_A416371_Rep1	MYH11	near	x2_y1	7	0.0	0.0
Valdeolivas	A416371	SN048_A416371_Rep1	MYH11	near	x2_y2	2	0.0	0.0
Valdeolivas	A416371	SN048_A416371_Rep1	MYH11	near	x2_y3	2	0.0	0.0
Valdeolivas	A416371	SN048_A416371_Rep1	MYH11	near	x2_y4	4	0.0	0.0
Valdeolivas	A416371	SN048_A416371_Rep1	MYH11	near	x2_y5	8	0.0	0.0
Valdeolivas	A416371	SN048_A416371_Rep1	MYH11	near	x3_y0	3	0.0	0.0
Valdeolivas	A416371	SN048_A416371_Rep1	MYH11	near	x3_y1	2	0.0	0.0
Valdeolivas	A416371	SN048_A416371_Rep1	MYH11	near	x3_y2	12	0.16666666666666666	0.0
Valdeolivas	A416371	SN048_A416371_Rep1	MYH11	near	x3_y3	11	0.0	0.0
Valdeolivas	A416371	SN048_A416371_Rep1	MYH11	near	x3_y4	10	0.3	0.0
Valdeolivas	A416371	SN048_A416371_Rep1	MYH11	near	x3_y5	14	0.0	0.0
Valdeolivas	A416371	SN048_A416371_Rep1	MYH11	near	x4_y0	4	0.25	0.0
Valdeolivas	A416371	SN048_A416371_Rep1	MYH11	near	x4_y1	4	0.5	0.2605565541771495
Valdeolivas	A416371	SN048_A416371_Rep1	MYH11	near	x4_y2	9	0.1111111111111111	0.0
Valdeolivas	A416371	SN048_A416371_Rep1	MYH11	near	x4_y3	5	0.0	0.0
Valdeolivas	A416371	SN048_A416371_Rep1	MYH11	near	x4_y4	4	0.0	0.0
Valdeolivas	A416371	SN048_A416371_Rep1	MYH11	near	x4_y5	4	0.0	0.0
Valdeolivas	A416371	SN048_A416371_Rep1	MYH11	near	x5_y0	2	0.0	0.0
Valdeolivas	A416371	SN048_A416371_Rep1	MYH11	near	x5_y2	2	0.0	0.0
Valdeolivas	A416371	SN048_A416371_Rep1	MYH11	near	x5_y3	1	0.0	0.0
Valdeolivas	A416371	SN048_A416371_Rep2	CNN1	far	x0_y1	1	0.0	0.0
Valdeolivas	A416371	SN048_A416371_Rep2	CNN1	far	x0_y2	14	0.0	0.0
Valdeolivas	A416371	SN048_A416371_Rep2	CNN1	far	x0_y4	8	0.375	0.0
Valdeolivas	A416371	SN048_A416371_Rep2	CNN1	far	x1_y1	4	0.25	0.0
Valdeolivas	A416371	SN048_A416371_Rep2	CNN1	far	x1_y2	29	0.034482758620689655	0.0
Valdeolivas	A416371	SN048_A416371_Rep2	CNN1	far	x1_y3	20	0.0	0.0
Valdeolivas	A416371	SN048_A416371_Rep2	CNN1	far	x1_y4	3	0.3333333333333333	0.0
Valdeolivas	A416371	SN048_A416371_Rep2	CNN1	far	x2_y3	6	0.3333333333333333	0.0
Valdeolivas	A416371	SN048_A416371_Rep2	CNN1	far	x2_y4	10	0.4	0.0
Valdeolivas	A416371	SN048_A416371_Rep2	CNN1	far	x3_y0	11	0.0	0.0
Valdeolivas	A416371	SN048_A416371_Rep2	CNN1	far	x3_y1	42	0.14285714285714285	0.0
Valdeolivas	A416371	SN048_A416371_Rep2	CNN1	far	x3_y2	1	0.0	0.0
Valdeolivas	A416371	SN048_A416371_Rep2	CNN1	far	x3_y4	2	0.0	0.0
Valdeolivas	A416371	SN048_A416371_Rep2	CNN1	far	x4_y0	7	0.14285714285714285	0.0
Valdeolivas	A416371	SN048_A416371_Rep2	CNN1	far	x4_y1	3	0.0	0.0
Valdeolivas	A416371	SN048_A416371_Rep2	CNN1	far	x4_y2	17	0.17647058823529413	0.0
Valdeolivas	A416371	SN048_A416371_Rep2	CNN1	far	x5_y0	3	0.0	0.0
Valdeolivas	A416371	SN048_A416371_Rep2	CNN1	far	x5_y1	8	0.125	0.0
Valdeolivas	A416371	SN048_A416371_Rep2	CNN1	far	x5_y2	13	0.0	0.0
Valdeolivas	A416371	SN048_A416371_Rep2	CNN1	far	x5_y3	14	0.14285714285714285	0.0
Valdeolivas	A416371	SN048_A416371_Rep2	CNN1	far	x5_y4	6	0.0	0.0
Valdeolivas	A416371	SN048_A416371_Rep2	CNN1	near	x0_y2	2	1.0	1.2867983250692916
Valdeolivas	A416371	SN048_A416371_Rep2	CNN1	near	x0_y3	7	0.42857142857142855	0.0
Valdeolivas	A416371	SN048_A416371_Rep2	CNN1	near	x1_y1	1	0.0	0.0
Valdeolivas	A416371	SN048_A416371_Rep2	CNN1	near	x1_y2	11	0.09090909090909091	0.0
Valdeolivas	A416371	SN048_A416371_Rep2	CNN1	near	x1_y3	6	0.16666666666666666	0.0
Valdeolivas	A416371	SN048_A416371_Rep2	CNN1	near	x1_y4	6	0.16666666666666666	0.0
Valdeolivas	A416371	SN048_A416371_Rep2	CNN1	near	x2_y0	1	1.0	0.7577777967538482
Valdeolivas	A416371	SN048_A416371_Rep2	CNN1	near	x2_y1	1	0.0	0.0
Valdeolivas	A416371	SN048_A416371_Rep2	CNN1	near	x2_y2	1	0.0	0.0
Valdeolivas	A416371	SN048_A416371_Rep2	CNN1	near	x2_y3	1	0.0	0.0
Valdeolivas	A416371	SN048_A416371_Rep2	CNN1	near	x2_y4	7	0.14285714285714285	0.0
Valdeolivas	A416371	SN048_A416371_Rep2	CNN1	near	x2_y5	2	0.5	0.44196378274564047
Valdeolivas	A416371	SN048_A416371_Rep2	CNN1	near	x3_y0	6	0.16666666666666666	0.0
Valdeolivas	A416371	SN048_A416371_Rep2	CNN1	near	x3_y1	3	0.0	0.0
Valdeolivas	A416371	SN048_A416371_Rep2	CNN1	near	x3_y2	4	0.0	0.0
Valdeolivas	A416371	SN048_A416371_Rep2	CNN1	near	x3_y3	4	0.25	0.0
Valdeolivas	A416371	SN048_A416371_Rep2	CNN1	near	x3_y4	6	0.0	0.0
Valdeolivas	A416371	SN048_A416371_Rep2	CNN1	near	x3_y5	2	0.0	0.0
Valdeolivas	A416371	SN048_A416371_Rep2	CNN1	near	x4_y0	4	0.25	0.0
Valdeolivas	A416371	SN048_A416371_Rep2	CNN1	near	x4_y1	1	0.0	0.0
Valdeolivas	A416371	SN048_A416371_Rep2	CNN1	near	x4_y2	11	0.0	0.0
Valdeolivas	A416371	SN048_A416371_Rep2	CNN1	near	x4_y3	2	0.0	0.0
Valdeolivas	A416371	SN048_A416371_Rep2	CNN1	near	x4_y4	2	0.0	0.0
Valdeolivas	A416371	SN048_A416371_Rep2	CNN1	near	x4_y5	4	0.25	0.0
Valdeolivas	A416371	SN048_A416371_Rep2	CNN1	near	x5_y0	3	0.6666666666666666	0.40345855712606604
Valdeolivas	A416371	SN048_A416371_Rep2	CNN1	near	x5_y1	3	0.0	0.0
Valdeolivas	A416371	SN048_A416371_Rep2	CNN1	near	x5_y3	6	0.0	0.0
Valdeolivas	A416371	SN048_A416371_Rep2	CNN1	near	x5_y4	2	0.0	0.0
Valdeolivas	A416371	SN048_A416371_Rep2	CNN1	near	x5_y5	2	0.5	0.2222338368390001
Valdeolivas	A416371	SN048_A416371_Rep2	DES	far	x0_y1	1	1.0	1.7997202939413481
Valdeolivas	A416371	SN048_A416371_Rep2	DES	far	x0_y2	14	0.0	0.0
Valdeolivas	A416371	SN048_A416371_Rep2	DES	far	x0_y4	8	0.0	0.0
Valdeolivas	A416371	SN048_A416371_Rep2	DES	far	x1_y1	4	0.0	0.0
Valdeolivas	A416371	SN048_A416371_Rep2	DES	far	x1_y2	29	0.1724137931034483	0.0
Valdeolivas	A416371	SN048_A416371_Rep2	DES	far	x1_y3	20	0.05	0.0
Valdeolivas	A416371	SN048_A416371_Rep2	DES	far	x1_y4	3	0.0	0.0
Valdeolivas	A416371	SN048_A416371_Rep2	DES	far	x2_y3	6	0.16666666666666666	0.0
Valdeolivas	A416371	SN048_A416371_Rep2	DES	far	x2_y4	10	0.1	0.0
Valdeolivas	A416371	SN048_A416371_Rep2	DES	far	x3_y0	11	0.0	0.0
Valdeolivas	A416371	SN048_A416371_Rep2	DES	far	x3_y1	42	0.0	0.0
Valdeolivas	A416371	SN048_A416371_Rep2	DES	far	x3_y2	1	0.0	0.0
Valdeolivas	A416371	SN048_A416371_Rep2	DES	far	x3_y4	2	0.0	0.0
Valdeolivas	A416371	SN048_A416371_Rep2	DES	far	x4_y0	7	0.0	0.0
Valdeolivas	A416371	SN048_A416371_Rep2	DES	far	x4_y1	3	0.0	0.0
Valdeolivas	A416371	SN048_A416371_Rep2	DES	far	x4_y2	17	0.0	0.0
Valdeolivas	A416371	SN048_A416371_Rep2	DES	far	x5_y0	3	0.0	0.0
Valdeolivas	A416371	SN048_A416371_Rep2	DES	far	x5_y1	8	0.0	0.0
Valdeolivas	A416371	SN048_A416371_Rep2	DES	far	x5_y2	13	0.0	0.0
Valdeolivas	A416371	SN048_A416371_Rep2	DES	far	x5_y3	14	0.07142857142857142	0.0
Valdeolivas	A416371	SN048_A416371_Rep2	DES	far	x5_y4	6	0.16666666666666666	0.0
Valdeolivas	A416371	SN048_A416371_Rep2	DES	near	x0_y2	2	0.5	0.5036546827213377
Valdeolivas	A416371	SN048_A416371_Rep2	DES	near	x0_y3	7	0.0	0.0
Valdeolivas	A416371	SN048_A416371_Rep2	DES	near	x1_y1	1	0.0	0.0
Valdeolivas	A416371	SN048_A416371_Rep2	DES	near	x1_y2	11	0.09090909090909091	0.0
Valdeolivas	A416371	SN048_A416371_Rep2	DES	near	x1_y3	6	0.0	0.0
Valdeolivas	A416371	SN048_A416371_Rep2	DES	near	x1_y4	6	0.16666666666666666	0.0
Valdeolivas	A416371	SN048_A416371_Rep2	DES	near	x2_y0	1	1.0	0.7577777967538482
Valdeolivas	A416371	SN048_A416371_Rep2	DES	near	x2_y1	1	0.0	0.0
Valdeolivas	A416371	SN048_A416371_Rep2	DES	near	x2_y2	1	0.0	0.0
Valdeolivas	A416371	SN048_A416371_Rep2	DES	near	x2_y3	1	0.0	0.0
Valdeolivas	A416371	SN048_A416371_Rep2	DES	near	x2_y4	7	0.0	0.0
Valdeolivas	A416371	SN048_A416371_Rep2	DES	near	x2_y5	2	0.0	0.0
Valdeolivas	A416371	SN048_A416371_Rep2	DES	near	x3_y0	6	0.0	0.0
Valdeolivas	A416371	SN048_A416371_Rep2	DES	near	x3_y1	3	0.0	0.0
Valdeolivas	A416371	SN048_A416371_Rep2	DES	near	x3_y2	4	0.0	0.0
Valdeolivas	A416371	SN048_A416371_Rep2	DES	near	x3_y3	4	0.0	0.0
Valdeolivas	A416371	SN048_A416371_Rep2	DES	near	x3_y4	6	0.0	0.0
Valdeolivas	A416371	SN048_A416371_Rep2	DES	near	x3_y5	2	0.0	0.0
Valdeolivas	A416371	SN048_A416371_Rep2	DES	near	x4_y0	4	0.0	0.0
Valdeolivas	A416371	SN048_A416371_Rep2	DES	near	x4_y1	1	0.0	0.0
Valdeolivas	A416371	SN048_A416371_Rep2	DES	near	x4_y2	11	0.0	0.0
Valdeolivas	A416371	SN048_A416371_Rep2	DES	near	x4_y3	2	0.0	0.0
Valdeolivas	A416371	SN048_A416371_Rep2	DES	near	x4_y4	2	0.0	0.0
Valdeolivas	A416371	SN048_A416371_Rep2	DES	near	x4_y5	4	0.25	0.0
Valdeolivas	A416371	SN048_A416371_Rep2	DES	near	x5_y0	3	0.0	0.0
Valdeolivas	A416371	SN048_A416371_Rep2	DES	near	x5_y1	3	0.0	0.0
Valdeolivas	A416371	SN048_A416371_Rep2	DES	near	x5_y3	6	0.0	0.0
Valdeolivas	A416371	SN048_A416371_Rep2	DES	near	x5_y4	2	0.0	0.0
Valdeolivas	A416371	SN048_A416371_Rep2	DES	near	x5_y5	2	0.0	0.0
Valdeolivas	A416371	SN048_A416371_Rep2	MYH11	far	x0_y1	1	1.0	1.7997202939413481
Valdeolivas	A416371	SN048_A416371_Rep2	MYH11	far	x0_y2	14	0.0	0.0
Valdeolivas	A416371	SN048_A416371_Rep2	MYH11	far	x0_y4	8	0.5	0.30060759039074625
Valdeolivas	A416371	SN048_A416371_Rep2	MYH11	far	x1_y1	4	0.25	0.0
Valdeolivas	A416371	SN048_A416371_Rep2	MYH11	far	x1_y2	29	0.1724137931034483	0.0
Valdeolivas	A416371	SN048_A416371_Rep2	MYH11	far	x1_y3	20	0.0	0.0
Valdeolivas	A416371	SN048_A416371_Rep2	MYH11	far	x1_y4	3	0.3333333333333333	0.0
Valdeolivas	A416371	SN048_A416371_Rep2	MYH11	far	x2_y3	6	0.16666666666666666	0.0
Valdeolivas	A416371	SN048_A416371_Rep2	MYH11	far	x2_y4	10	0.2	0.0
Valdeolivas	A416371	SN048_A416371_Rep2	MYH11	far	x3_y0	11	0.09090909090909091	0.0
Valdeolivas	A416371	SN048_A416371_Rep2	MYH11	far	x3_y1	42	0.0	0.0
Valdeolivas	A416371	SN048_A416371_Rep2	MYH11	far	x3_y2	1	0.0	0.0
Valdeolivas	A416371	SN048_A416371_Rep2	MYH11	far	x3_y4	2	0.0	0.0
Valdeolivas	A416371	SN048_A416371_Rep2	MYH11	far	x4_y0	7	0.0	0.0
Valdeolivas	A416371	SN048_A416371_Rep2	MYH11	far	x4_y1	3	0.0	0.0
Valdeolivas	A416371	SN048_A416371_Rep2	MYH11	far	x4_y2	17	0.058823529411764705	0.0
Valdeolivas	A416371	SN048_A416371_Rep2	MYH11	far	x5_y0	3	0.0	0.0
Valdeolivas	A416371	SN048_A416371_Rep2	MYH11	far	x5_y1	8	0.0	0.0
Valdeolivas	A416371	SN048_A416371_Rep2	MYH11	far	x5_y2	13	0.0	0.0
Valdeolivas	A416371	SN048_A416371_Rep2	MYH11	far	x5_y3	14	0.0	0.0
Valdeolivas	A416371	SN048_A416371_Rep2	MYH11	far	x5_y4	6	0.0	0.0
Valdeolivas	A416371	SN048_A416371_Rep2	MYH11	near	x0_y2	2	1.0	1.543522858614323
Valdeolivas	A416371	SN048_A416371_Rep2	MYH11	near	x0_y3	7	0.2857142857142857	0.0
Valdeolivas	A416371	SN048_A416371_Rep2	MYH11	near	x1_y1	1	0.0	0.0
Valdeolivas	A416371	SN048_A416371_Rep2	MYH11	near	x1_y2	11	0.18181818181818182	0.0
Valdeolivas	A416371	SN048_A416371_Rep2	MYH11	near	x1_y3	6	0.16666666666666666	0.0
Valdeolivas	A416371	SN048_A416371_Rep2	MYH11	near	x1_y4	6	0.3333333333333333	0.0
Valdeolivas	A416371	SN048_A416371_Rep2	MYH11	near	x2_y0	1	0.0	0.0
Valdeolivas	A416371	SN048_A416371_Rep2	MYH11	near	x2_y1	1	0.0	0.0
Valdeolivas	A416371	SN048_A416371_Rep2	MYH11	near	x2_y2	1	1.0	0.8640216337264197
Valdeolivas	A416371	SN048_A416371_Rep2	MYH11	near	x2_y3	1	0.0	0.0
Valdeolivas	A416371	SN048_A416371_Rep2	MYH11	near	x2_y4	7	0.14285714285714285	0.0
Valdeolivas	A416371	SN048_A416371_Rep2	MYH11	near	x2_y5	2	0.5	0.19380751313400138
Valdeolivas	A416371	SN048_A416371_Rep2	MYH11	near	x3_y0	6	0.0	0.0
Valdeolivas	A416371	SN048_A416371_Rep2	MYH11	near	x3_y1	3	0.0	0.0
Valdeolivas	A416371	SN048_A416371_Rep2	MYH11	near	x3_y2	4	0.0	0.0
Valdeolivas	A416371	SN048_A416371_Rep2	MYH11	near	x3_y3	4	0.0	0.0
Valdeolivas	A416371	SN048_A416371_Rep2	MYH11	near	x3_y4	6	0.16666666666666666	0.0
Valdeolivas	A416371	SN048_A416371_Rep2	MYH11	near	x3_y5	2	0.0	0.0
Valdeolivas	A416371	SN048_A416371_Rep2	MYH11	near	x4_y0	4	0.0	0.0
Valdeolivas	A416371	SN048_A416371_Rep2	MYH11	near	x4_y1	1	0.0	0.0
Valdeolivas	A416371	SN048_A416371_Rep2	MYH11	near	x4_y2	11	0.0	0.0
Valdeolivas	A416371	SN048_A416371_Rep2	MYH11	near	x4_y3	2	0.0	0.0
Valdeolivas	A416371	SN048_A416371_Rep2	MYH11	near	x4_y4	2	0.0	0.0
Valdeolivas	A416371	SN048_A416371_Rep2	MYH11	near	x4_y5	4	0.25	0.0
Valdeolivas	A416371	SN048_A416371_Rep2	MYH11	near	x5_y0	3	0.3333333333333333	0.0
Valdeolivas	A416371	SN048_A416371_Rep2	MYH11	near	x5_y1	3	0.0	0.0
Valdeolivas	A416371	SN048_A416371_Rep2	MYH11	near	x5_y3	6	0.16666666666666666	0.0
Valdeolivas	A416371	SN048_A416371_Rep2	MYH11	near	x5_y4	2	0.0	0.0
Valdeolivas	A416371	SN048_A416371_Rep2	MYH11	near	x5_y5	2	0.0	0.0
Valdeolivas	A551763	SN123_A551763_Rep1	CNN1	far	x0_y3	1	1.0	1.3711866928829284
Valdeolivas	A551763	SN123_A551763_Rep1	CNN1	far	x0_y4	1	1.0	1.5578239732023615
Valdeolivas	A551763	SN123_A551763_Rep1	CNN1	near	x0_y0	1	1.0	0.3709671126141374
Valdeolivas	A551763	SN123_A551763_Rep1	CNN1	near	x0_y1	2	0.0	0.0
Valdeolivas	A551763	SN123_A551763_Rep1	CNN1	near	x0_y2	3	0.3333333333333333	0.0
Valdeolivas	A551763	SN123_A551763_Rep1	CNN1	near	x0_y3	6	0.3333333333333333	0.0
Valdeolivas	A551763	SN123_A551763_Rep1	CNN1	near	x0_y4	1	1.0	1.5496346626517217
Valdeolivas	A551763	SN123_A551763_Rep1	CNN1	near	x1_y2	4	0.5	0.37961302913579087
Valdeolivas	A551763	SN123_A551763_Rep1	CNN1	near	x1_y3	5	0.4	0.0
Valdeolivas	A551763	SN123_A551763_Rep1	CNN1	near	x1_y4	1	1.0	2.077203419423265
Valdeolivas	A551763	SN123_A551763_Rep1	CNN1	near	x2_y1	2	0.5	0.5170509814055266
Valdeolivas	A551763	SN123_A551763_Rep1	CNN1	near	x2_y2	3	0.3333333333333333	0.0
Valdeolivas	A551763	SN123_A551763_Rep1	CNN1	near	x2_y4	1	1.0	1.49175965397198
Valdeolivas	A551763	SN123_A551763_Rep1	CNN1	near	x3_y1	1	1.0	0.7463382847249423
Valdeolivas	A551763	SN123_A551763_Rep1	CNN1	near	x3_y2	7	0.2857142857142857	0.0
Valdeolivas	A551763	SN123_A551763_Rep1	CNN1	near	x3_y4	7	0.14285714285714285	0.0
Valdeolivas	A551763	SN123_A551763_Rep1	CNN1	near	x4_y0	1	0.0	0.0
Valdeolivas	A551763	SN123_A551763_Rep1	CNN1	near	x4_y2	2	0.0	0.0
Valdeolivas	A551763	SN123_A551763_Rep1	CNN1	near	x4_y3	2	0.0	0.0
Valdeolivas	A551763	SN123_A551763_Rep1	CNN1	near	x5_y3	2	0.0	0.0
Valdeolivas	A551763	SN123_A551763_Rep1	CNN1	near	x5_y4	1	1.0	1.266502428246076
Valdeolivas	A551763	SN123_A551763_Rep1	DES	far	x0_y3	1	0.0	0.0
Valdeolivas	A551763	SN123_A551763_Rep1	DES	far	x0_y4	1	0.0	0.0
Valdeolivas	A551763	SN123_A551763_Rep1	DES	near	x0_y0	1	0.0	0.0
Valdeolivas	A551763	SN123_A551763_Rep1	DES	near	x0_y1	2	0.0	0.0
Valdeolivas	A551763	SN123_A551763_Rep1	DES	near	x0_y2	3	0.0	0.0
Valdeolivas	A551763	SN123_A551763_Rep1	DES	near	x0_y3	6	0.0	0.0
Valdeolivas	A551763	SN123_A551763_Rep1	DES	near	x0_y4	1	0.0	0.0
Valdeolivas	A551763	SN123_A551763_Rep1	DES	near	x1_y2	4	0.0	0.0
Valdeolivas	A551763	SN123_A551763_Rep1	DES	near	x1_y3	5	0.0	0.0
Valdeolivas	A551763	SN123_A551763_Rep1	DES	near	x1_y4	1	0.0	0.0
Valdeolivas	A551763	SN123_A551763_Rep1	DES	near	x2_y1	2	0.0	0.0
Valdeolivas	A551763	SN123_A551763_Rep1	DES	near	x2_y2	3	0.3333333333333333	0.0
Valdeolivas	A551763	SN123_A551763_Rep1	DES	near	x2_y4	1	0.0	0.0
Valdeolivas	A551763	SN123_A551763_Rep1	DES	near	x3_y1	1	0.0	0.0
Valdeolivas	A551763	SN123_A551763_Rep1	DES	near	x3_y2	7	0.0	0.0
Valdeolivas	A551763	SN123_A551763_Rep1	DES	near	x3_y4	7	0.0	0.0
Valdeolivas	A551763	SN123_A551763_Rep1	DES	near	x4_y0	1	0.0	0.0
Valdeolivas	A551763	SN123_A551763_Rep1	DES	near	x4_y2	2	0.5	0.35348925925977087
Valdeolivas	A551763	SN123_A551763_Rep1	DES	near	x4_y3	2	0.0	0.0
Valdeolivas	A551763	SN123_A551763_Rep1	DES	near	x5_y3	2	0.0	0.0
Valdeolivas	A551763	SN123_A551763_Rep1	DES	near	x5_y4	1	1.0	0.8216327348671695
Valdeolivas	A551763	SN123_A551763_Rep1	MYH11	far	x0_y3	1	1.0	0.6831008043262412
Valdeolivas	A551763	SN123_A551763_Rep1	MYH11	far	x0_y4	1	1.0	1.3379855261309341
Valdeolivas	A551763	SN123_A551763_Rep1	MYH11	near	x0_y0	1	0.0	0.0
Valdeolivas	A551763	SN123_A551763_Rep1	MYH11	near	x0_y1	2	0.0	0.0
Valdeolivas	A551763	SN123_A551763_Rep1	MYH11	near	x0_y2	3	0.6666666666666666	0.4822371630095028
Valdeolivas	A551763	SN123_A551763_Rep1	MYH11	near	x0_y3	6	0.5	0.494885281651853
Valdeolivas	A551763	SN123_A551763_Rep1	MYH11	near	x0_y4	1	1.0	1.171196336510962
Valdeolivas	A551763	SN123_A551763_Rep1	MYH11	near	x1_y2	4	0.0	0.0
Valdeolivas	A551763	SN123_A551763_Rep1	MYH11	near	x1_y3	5	0.2	0.0
Valdeolivas	A551763	SN123_A551763_Rep1	MYH11	near	x1_y4	1	1.0	0.9598318362949182
Valdeolivas	A551763	SN123_A551763_Rep1	MYH11	near	x2_y1	2	0.0	0.0
Valdeolivas	A551763	SN123_A551763_Rep1	MYH11	near	x2_y2	3	0.3333333333333333	0.0
Valdeolivas	A551763	SN123_A551763_Rep1	MYH11	near	x2_y4	1	0.0	0.0
Valdeolivas	A551763	SN123_A551763_Rep1	MYH11	near	x3_y1	1	1.0	0.7463382847249423
Valdeolivas	A551763	SN123_A551763_Rep1	MYH11	near	x3_y2	7	0.14285714285714285	0.0
Valdeolivas	A551763	SN123_A551763_Rep1	MYH11	near	x3_y4	7	0.14285714285714285	0.0
Valdeolivas	A551763	SN123_A551763_Rep1	MYH11	near	x4_y0	1	0.0	0.0
Valdeolivas	A551763	SN123_A551763_Rep1	MYH11	near	x4_y2	2	0.5	0.35348925925977087
Valdeolivas	A551763	SN123_A551763_Rep1	MYH11	near	x4_y3	2	0.5	0.2950715046879429
Valdeolivas	A551763	SN123_A551763_Rep1	MYH11	near	x5_y3	2	0.0	0.0
Valdeolivas	A551763	SN123_A551763_Rep1	MYH11	near	x5_y4	1	0.0	0.0
Valdeolivas	A595688	SN123_A595688_Rep1	CNN1	far	x0_y1	2	0.0	0.0
Valdeolivas	A595688	SN123_A595688_Rep1	CNN1	far	x0_y2	6	0.16666666666666666	0.0
Valdeolivas	A595688	SN123_A595688_Rep1	CNN1	far	x0_y4	2	0.5	0.35748217502514434
Valdeolivas	A595688	SN123_A595688_Rep1	CNN1	far	x1_y0	1	1.0	1.2947114372178934
Valdeolivas	A595688	SN123_A595688_Rep1	CNN1	far	x1_y1	5	0.6	0.4697038241168223
Valdeolivas	A595688	SN123_A595688_Rep1	CNN1	far	x1_y2	7	0.2857142857142857	0.0
Valdeolivas	A595688	SN123_A595688_Rep1	CNN1	far	x1_y3	3	0.6666666666666666	0.5900713194495831
Valdeolivas	A595688	SN123_A595688_Rep1	CNN1	far	x1_y4	1	1.0	0.9877037913916179
Valdeolivas	A595688	SN123_A595688_Rep1	CNN1	far	x1_y5	1	1.0	1.0068682052862359
Valdeolivas	A595688	SN123_A595688_Rep1	CNN1	far	x2_y1	20	0.5	0.3464986071510361
Valdeolivas	A595688	SN123_A595688_Rep1	CNN1	far	x2_y2	8	0.375	0.0
Valdeolivas	A595688	SN123_A595688_Rep1	CNN1	far	x3_y1	2	0.5	0.5723227602370422
Valdeolivas	A595688	SN123_A595688_Rep1	CNN1	far	x3_y2	9	0.2222222222222222	0.0
Valdeolivas	A595688	SN123_A595688_Rep1	CNN1	far	x3_y3	3	0.3333333333333333	0.0
Valdeolivas	A595688	SN123_A595688_Rep1	CNN1	far	x3_y4	3	0.6666666666666666	0.8196388702943259
Valdeolivas	A595688	SN123_A595688_Rep1	CNN1	far	x4_y4	2	0.5	0.8597960870123872
Valdeolivas	A595688	SN123_A595688_Rep1	CNN1	near	x0_y1	2	0.0	0.0
Valdeolivas	A595688	SN123_A595688_Rep1	CNN1	near	x0_y2	6	0.16666666666666666	0.0
Valdeolivas	A595688	SN123_A595688_Rep1	CNN1	near	x0_y3	2	0.5	0.6369203207781639
Valdeolivas	A595688	SN123_A595688_Rep1	CNN1	near	x0_y4	2	1.0	0.6824071939436208
Valdeolivas	A595688	SN123_A595688_Rep1	CNN1	near	x0_y5	1	1.0	0.27391238250806255
Valdeolivas	A595688	SN123_A595688_Rep1	CNN1	near	x1_y1	4	0.75	0.6801801074879292
Valdeolivas	A595688	SN123_A595688_Rep1	CNN1	near	x1_y2	8	0.375	0.0
Valdeolivas	A595688	SN123_A595688_Rep1	CNN1	near	x1_y3	5	0.6	0.39640819654913007
Valdeolivas	A595688	SN123_A595688_Rep1	CNN1	near	x1_y4	6	1.0	0.5128893419979101
Valdeolivas	A595688	SN123_A595688_Rep1	CNN1	near	x1_y5	7	1.0	0.7515288107817987
Valdeolivas	A595688	SN123_A595688_Rep1	CNN1	near	x2_y1	2	0.5	0.5819882300260583
Valdeolivas	A595688	SN123_A595688_Rep1	CNN1	near	x2_y2	5	0.8	0.6865628353780314
Valdeolivas	A595688	SN123_A595688_Rep1	CNN1	near	x2_y3	3	1.0	0.6846810252641766
Valdeolivas	A595688	SN123_A595688_Rep1	CNN1	near	x3_y3	6	0.6666666666666666	0.7146632117409177
Valdeolivas	A595688	SN123_A595688_Rep1	CNN1	near	x3_y4	8	0.75	0.8447946173053501
Valdeolivas	A595688	SN123_A595688_Rep1	DES	far	x0_y1	2	0.0	0.0
Valdeolivas	A595688	SN123_A595688_Rep1	DES	far	x0_y2	6	0.0	0.0
Valdeolivas	A595688	SN123_A595688_Rep1	DES	far	x0_y4	2	0.0	0.0
Valdeolivas	A595688	SN123_A595688_Rep1	DES	far	x1_y0	1	1.0	1.0176293909971312
Valdeolivas	A595688	SN123_A595688_Rep1	DES	far	x1_y1	5	0.6	0.7880212504576635
Valdeolivas	A595688	SN123_A595688_Rep1	DES	far	x1_y2	7	0.2857142857142857	0.0
Valdeolivas	A595688	SN123_A595688_Rep1	DES	far	x1_y3	3	0.0	0.0
Valdeolivas	A595688	SN123_A595688_Rep1	DES	far	x1_y4	1	0.0	0.0
Valdeolivas	A595688	SN123_A595688_Rep1	DES	far	x1_y5	1	0.0	0.0
Valdeolivas	A595688	SN123_A595688_Rep1	DES	far	x2_y1	20	0.3	0.0
Valdeolivas	A595688	SN123_A595688_Rep1	DES	far	x2_y2	8	0.25	0.0
Valdeolivas	A595688	SN123_A595688_Rep1	DES	far	x3_y1	2	0.5	0.5586096858725546
Valdeolivas	A595688	SN123_A595688_Rep1	DES	far	x3_y2	9	0.2222222222222222	0.0
Valdeolivas	A595688	SN123_A595688_Rep1	DES	far	x3_y3	3	0.6666666666666666	0.43972005179865536
Valdeolivas	A595688	SN123_A595688_Rep1	DES	far	x3_y4	3	0.6666666666666666	0.8196388702943259
Valdeolivas	A595688	SN123_A595688_Rep1	DES	far	x4_y4	2	1.0	1.290303095639413
Valdeolivas	A595688	SN123_A595688_Rep1	DES	near	x0_y1	2	0.0	0.0
Valdeolivas	A595688	SN123_A595688_Rep1	DES	near	x0_y2	6	0.0	0.0
Valdeolivas	A595688	SN123_A595688_Rep1	DES	near	x0_y3	2	0.5	0.17851980302021925
Valdeolivas	A595688	SN123_A595688_Rep1	DES	near	x0_y4	2	0.0	0.0
Valdeolivas	A595688	SN123_A595688_Rep1	DES	near	x0_y5	1	0.0	0.0
Valdeolivas	A595688	SN123_A595688_Rep1	DES	near	x1_y1	4	0.25	0.0
Valdeolivas	A595688	SN123_A595688_Rep1	DES	near	x1_y2	8	0.25	0.0
Valdeolivas	A595688	SN123_A595688_Rep1	DES	near	x1_y3	5	0.4	0.0
Valdeolivas	A595688	SN123_A595688_Rep1	DES	near	x1_y4	6	0.0	0.0
Valdeolivas	A595688	SN123_A595688_Rep1	DES	near	x1_y5	7	0.0	0.0
Valdeolivas	A595688	SN123_A595688_Rep1	DES	near	x2_y1	2	1.0	0.5516736471422381
Valdeolivas	A595688	SN123_A595688_Rep1	DES	near	x2_y2	5	0.6	0.3967268718740893
Valdeolivas	A595688	SN123_A595688_Rep1	DES	near	x2_y3	3	0.0	0.0
Valdeolivas	A595688	SN123_A595688_Rep1	DES	near	x3_y3	6	0.3333333333333333	0.0
Valdeolivas	A595688	SN123_A595688_Rep1	DES	near	x3_y4	8	0.625	0.36791310508786185
Valdeolivas	A595688	SN123_A595688_Rep1	MYH11	far	x0_y1	2	0.0	0.0
Valdeolivas	A595688	SN123_A595688_Rep1	MYH11	far	x0_y2	6	0.6666666666666666	0.6916056485244513
Valdeolivas	A595688	SN123_A595688_Rep1	MYH11	far	x0_y4	2	1.0	0.44766916454636896
Valdeolivas	A595688	SN123_A595688_Rep1	MYH11	far	x1_y0	1	0.0	0.0
Valdeolivas	A595688	SN123_A595688_Rep1	MYH11	far	x1_y1	5	0.6	0.7880212504576635
Valdeolivas	A595688	SN123_A595688_Rep1	MYH11	far	x1_y2	7	0.8571428571428571	1.2333745254879278
Valdeolivas	A595688	SN123_A595688_Rep1	MYH11	far	x1_y3	3	0.3333333333333333	0.0
Valdeolivas	A595688	SN123_A595688_Rep1	MYH11	far	x1_y4	1	1.0	1.3734265170235076
Valdeolivas	A595688	SN123_A595688_Rep1	MYH11	far	x1_y5	1	0.0	0.0
Valdeolivas	A595688	SN123_A595688_Rep1	MYH11	far	x2_y1	20	0.8	1.4701959486691347
Valdeolivas	A595688	SN123_A595688_Rep1	MYH11	far	x2_y2	8	0.625	1.1641920803136399
Valdeolivas	A595688	SN123_A595688_Rep1	MYH11	far	x3_y1	2	0.5	0.5586096858725546
Valdeolivas	A595688	SN123_A595688_Rep1	MYH11	far	x3_y2	9	0.5555555555555556	1.1942152758700049
Valdeolivas	A595688	SN123_A595688_Rep1	MYH11	far	x3_y3	3	0.6666666666666666	1.6897601159465399
Valdeolivas	A595688	SN123_A595688_Rep1	MYH11	far	x3_y4	3	0.0	0.0
Valdeolivas	A595688	SN123_A595688_Rep1	MYH11	far	x4_y4	2	1.0	1.9827777509105302
Valdeolivas	A595688	SN123_A595688_Rep1	MYH11	near	x0_y1	2	0.0	0.0
Valdeolivas	A595688	SN123_A595688_Rep1	MYH11	near	x0_y2	6	0.6666666666666666	0.5853093803637044
Valdeolivas	A595688	SN123_A595688_Rep1	MYH11	near	x0_y3	2	0.5	0.44476098647185985
Valdeolivas	A595688	SN123_A595688_Rep1	MYH11	near	x0_y4	2	1.0	0.45788022777099097
Valdeolivas	A595688	SN123_A595688_Rep1	MYH11	near	x0_y5	1	1.0	0.27391238250806255
Valdeolivas	A595688	SN123_A595688_Rep1	MYH11	near	x1_y1	4	0.5	0.3687046353945898
Valdeolivas	A595688	SN123_A595688_Rep1	MYH11	near	x1_y2	8	0.625	0.7159257824165213
Valdeolivas	A595688	SN123_A595688_Rep1	MYH11	near	x1_y3	5	0.4	0.0
Valdeolivas	A595688	SN123_A595688_Rep1	MYH11	near	x1_y4	6	0.8333333333333334	0.8240589531925973
Valdeolivas	A595688	SN123_A595688_Rep1	MYH11	near	x1_y5	7	1.0	1.1285230625736826
Valdeolivas	A595688	SN123_A595688_Rep1	MYH11	near	x2_y1	2	0.5	0.37128323670346924
Valdeolivas	A595688	SN123_A595688_Rep1	MYH11	near	x2_y2	5	1.0	0.8048330774420082
Valdeolivas	A595688	SN123_A595688_Rep1	MYH11	near	x2_y3	3	1.0	0.5580240177970187
Valdeolivas	A595688	SN123_A595688_Rep1	MYH11	near	x3_y3	6	1.0	0.9678356008966278
Valdeolivas	A595688	SN123_A595688_Rep1	MYH11	near	x3_y4	8	0.875	0.9855936136521037
Valdeolivas	A938797	SN123_A938797_Rep1_X	CNN1	far	x0_y3	3	0.6666666666666666	0.812182250936039
Valdeolivas	A938797	SN123_A938797_Rep1_X	CNN1	far	x1_y1	5	0.6	1.016784093975151
Valdeolivas	A938797	SN123_A938797_Rep1_X	CNN1	far	x1_y2	39	0.6153846153846154	1.374339512968126
Valdeolivas	A938797	SN123_A938797_Rep1_X	CNN1	far	x1_y3	32	0.5625	0.8599114289786589
Valdeolivas	A938797	SN123_A938797_Rep1_X	CNN1	far	x1_y4	6	0.5	0.4626778288737824
Valdeolivas	A938797	SN123_A938797_Rep1_X	CNN1	far	x2_y0	5	0.8	0.874152510889436
Valdeolivas	A938797	SN123_A938797_Rep1_X	CNN1	far	x2_y1	23	0.391304347826087	0.0
Valdeolivas	A938797	SN123_A938797_Rep1_X	CNN1	far	x2_y2	42	0.47619047619047616	0.0
Valdeolivas	A938797	SN123_A938797_Rep1_X	CNN1	far	x2_y3	23	0.7391304347826086	0.9153168395995546
Valdeolivas	A938797	SN123_A938797_Rep1_X	CNN1	far	x2_y4	10	0.5	0.3877743491993457
Valdeolivas	A938797	SN123_A938797_Rep1_X	CNN1	far	x3_y0	4	0.25	0.0
Valdeolivas	A938797	SN123_A938797_Rep1_X	CNN1	far	x3_y1	21	0.6190476190476191	1.0514685063194729
Valdeolivas	A938797	SN123_A938797_Rep1_X	CNN1	far	x3_y2	26	0.7692307692307693	0.9366918179405936
Valdeolivas	A938797	SN123_A938797_Rep1_X	CNN1	far	x3_y3	37	0.6756756756756757	0.7195547864077426
Valdeolivas	A938797	SN123_A938797_Rep1_X	CNN1	far	x3_y4	21	0.2857142857142857	0.0
Valdeolivas	A938797	SN123_A938797_Rep1_X	CNN1	far	x4_y1	2	1.0	0.7533692603976172
Valdeolivas	A938797	SN123_A938797_Rep1_X	CNN1	far	x4_y2	17	0.35294117647058826	0.0
Valdeolivas	A938797	SN123_A938797_Rep1_X	CNN1	far	x4_y3	8	0.75	0.8104237840160757
Valdeolivas	A938797	SN123_A938797_Rep1_X	CNN1	far	x4_y4	19	0.47368421052631576	0.0
Valdeolivas	A938797	SN123_A938797_Rep1_X	CNN1	far	x5_y2	14	0.35714285714285715	0.0
Valdeolivas	A938797	SN123_A938797_Rep1_X	CNN1	far	x5_y3	27	0.4444444444444444	0.0
Valdeolivas	A938797	SN123_A938797_Rep1_X	CNN1	far	x5_y4	25	0.44	0.0
Valdeolivas	A938797	SN123_A938797_Rep1_X	CNN1	near	x0_y3	1	1.0	1.4285366663181913
Valdeolivas	A938797	SN123_A938797_Rep1_X	CNN1	near	x1_y1	5	0.2	0.0
Valdeolivas	A938797	SN123_A938797_Rep1_X	CNN1	near	x1_y2	6	0.5	0.5278633485650104
Valdeolivas	A938797	SN123_A938797_Rep1_X	CNN1	near	x1_y3	3	0.0	0.0
Valdeolivas	A938797	SN123_A938797_Rep1_X	CNN1	near	x2_y1	8	0.875	0.8482907049562076
Valdeolivas	A938797	SN123_A938797_Rep1_X	CNN1	near	x2_y2	4	0.25	0.0
Valdeolivas	A938797	SN123_A938797_Rep1_X	CNN1	near	x2_y3	5	0.8	0.612995198100752
Valdeolivas	A938797	SN123_A938797_Rep1_X	CNN1	near	x3_y2	17	0.8235294117647058	0.7474483965898062
Valdeolivas	A938797	SN123_A938797_Rep1_X	CNN1	near	x3_y3	7	0.7142857142857143	0.5151832807585066
Valdeolivas	A938797	SN123_A938797_Rep1_X	CNN1	near	x3_y4	1	1.0	0.5643929875571018
Valdeolivas	A938797	SN123_A938797_Rep1_X	CNN1	near	x4_y2	19	0.7368421052631579	0.4673341573042946
Valdeolivas	A938797	SN123_A938797_Rep1_X	CNN1	near	x4_y3	27	0.8148148148148148	0.8146284710890971
Valdeolivas	A938797	SN123_A938797_Rep1_X	CNN1	near	x5_y3	9	0.6666666666666666	0.4714179502313824
Valdeolivas	A938797	SN123_A938797_Rep1_X	CNN1	near	x5_y4	4	0.5	0.23479574879128542
Valdeolivas	A938797	SN123_A938797_Rep1_X	DES	far	x0_y3	3	0.0	0.0
Valdeolivas	A938797	SN123_A938797_Rep1_X	DES	far	x1_y1	5	0.6	1.0174602096390382
Valdeolivas	A938797	SN123_A938797_Rep1_X	DES	far	x1_y2	39	0.46153846153846156	0.0
Valdeolivas	A938797	SN123_A938797_Rep1_X	DES	far	x1_y3	32	0.125	0.0
Valdeolivas	A938797	SN123_A938797_Rep1_X	DES	far	x1_y4	6	0.0	0.0
Valdeolivas	A938797	SN123_A938797_Rep1_X	DES	far	x2_y0	5	0.0	0.0
Valdeolivas	A938797	SN123_A938797_Rep1_X	DES	far	x2_y1	23	0.21739130434782608	0.0
Valdeolivas	A938797	SN123_A938797_Rep1_X	DES	far	x2_y2	42	0.11904761904761904	0.0
Valdeolivas	A938797	SN123_A938797_Rep1_X	DES	far	x2_y3	23	0.043478260869565216	0.0
Valdeolivas	A938797	SN123_A938797_Rep1_X	DES	far	x2_y4	10	0.0	0.0
Valdeolivas	A938797	SN123_A938797_Rep1_X	DES	far	x3_y0	4	0.0	0.0
Valdeolivas	A938797	SN123_A938797_Rep1_X	DES	far	x3_y1	21	0.14285714285714285	0.0
Valdeolivas	A938797	SN123_A938797_Rep1_X	DES	far	x3_y2	26	0.3076923076923077	0.0
Valdeolivas	A938797	SN123_A938797_Rep1_X	DES	far	x3_y3	37	0.08108108108108109	0.0
Valdeolivas	A938797	SN123_A938797_Rep1_X	DES	far	x3_y4	21	0.0	0.0
Valdeolivas	A938797	SN123_A938797_Rep1_X	DES	far	x4_y1	2	0.5	0.38350913943526904
Valdeolivas	A938797	SN123_A938797_Rep1_X	DES	far	x4_y2	17	0.11764705882352941	0.0
Valdeolivas	A938797	SN123_A938797_Rep1_X	DES	far	x4_y3	8	0.0	0.0
Valdeolivas	A938797	SN123_A938797_Rep1_X	DES	far	x4_y4	19	0.05263157894736842	0.0
Valdeolivas	A938797	SN123_A938797_Rep1_X	DES	far	x5_y2	14	0.14285714285714285	0.0
Valdeolivas	A938797	SN123_A938797_Rep1_X	DES	far	x5_y3	27	0.07407407407407407	0.0
Valdeolivas	A938797	SN123_A938797_Rep1_X	DES	far	x5_y4	25	0.12	0.0
Valdeolivas	A938797	SN123_A938797_Rep1_X	DES	near	x0_y3	1	0.0	0.0
Valdeolivas	A938797	SN123_A938797_Rep1_X	DES	near	x1_y1	5	0.4	0.0
Valdeolivas	A938797	SN123_A938797_Rep1_X	DES	near	x1_y2	6	0.5	0.5278633485650104
Valdeolivas	A938797	SN123_A938797_Rep1_X	DES	near	x1_y3	3	0.0	0.0
Valdeolivas	A938797	SN123_A938797_Rep1_X	DES	near	x2_y1	8	0.125	0.0
Valdeolivas	A938797	SN123_A938797_Rep1_X	DES	near	x2_y2	4	0.0	0.0
Valdeolivas	A938797	SN123_A938797_Rep1_X	DES	near	x2_y3	5	0.2	0.0
Valdeolivas	A938797	SN123_A938797_Rep1_X	DES	near	x3_y2	17	0.23529411764705882	0.0
Valdeolivas	A938797	SN123_A938797_Rep1_X	DES	near	x3_y3	7	0.0	0.0
Valdeolivas	A938797	SN123_A938797_Rep1_X	DES	near	x3_y4	1	0.0	0.0
Valdeolivas	A938797	SN123_A938797_Rep1_X	DES	near	x4_y2	19	0.05263157894736842	0.0
Valdeolivas	A938797	SN123_A938797_Rep1_X	DES	near	x4_y3	27	0.14814814814814814	0.0
Valdeolivas	A938797	SN123_A938797_Rep1_X	DES	near	x5_y3	9	0.0	0.0
Valdeolivas	A938797	SN123_A938797_Rep1_X	DES	near	x5_y4	4	0.0	0.0
Valdeolivas	A938797	SN123_A938797_Rep1_X	MYH11	far	x0_y3	3	0.3333333333333333	0.0
Valdeolivas	A938797	SN123_A938797_Rep1_X	MYH11	far	x1_y1	5	1.0	1.8141904744450241
Valdeolivas	A938797	SN123_A938797_Rep1_X	MYH11	far	x1_y2	39	0.41025641025641024	0.0
Valdeolivas	A938797	SN123_A938797_Rep1_X	MYH11	far	x1_y3	32	0.46875	0.0
Valdeolivas	A938797	SN123_A938797_Rep1_X	MYH11	far	x1_y4	6	0.0	0.0
Valdeolivas	A938797	SN123_A938797_Rep1_X	MYH11	far	x2_y0	5	0.6	1.1298734280930198
Valdeolivas	A938797	SN123_A938797_Rep1_X	MYH11	far	x2_y1	23	0.391304347826087	0.0
Valdeolivas	A938797	SN123_A938797_Rep1_X	MYH11	far	x2_y2	42	0.4523809523809524	0.0
Valdeolivas	A938797	SN123_A938797_Rep1_X	MYH11	far	x2_y3	23	0.30434782608695654	0.0
Valdeolivas	A938797	SN123_A938797_Rep1_X	MYH11	far	x2_y4	10	0.2	0.0
Valdeolivas	A938797	SN123_A938797_Rep1_X	MYH11	far	x3_y0	4	0.75	1.0374507473986818
Valdeolivas	A938797	SN123_A938797_Rep1_X	MYH11	far	x3_y1	21	0.6190476190476191	0.782118640628947
Valdeolivas	A938797	SN123_A938797_Rep1_X	MYH11	far	x3_y2	26	0.7307692307692307	0.7317424486596732
Valdeolivas	A938797	SN123_A938797_Rep1_X	MYH11	far	x3_y3	37	0.43243243243243246	0.0
Valdeolivas	A938797	SN123_A938797_Rep1_X	MYH11	far	x3_y4	21	0.047619047619047616	0.0
Valdeolivas	A938797	SN123_A938797_Rep1_X	MYH11	far	x4_y1	2	1.0	1.220642447834233
Valdeolivas	A938797	SN123_A938797_Rep1_X	MYH11	far	x4_y2	17	0.6470588235294118	0.7063799119260814
Valdeolivas	A938797	SN123_A938797_Rep1_X	MYH11	far	x4_y3	8	0.125	0.0
Valdeolivas	A938797	SN123_A938797_Rep1_X	MYH11	far	x4_y4	19	0.15789473684210525	0.0
Valdeolivas	A938797	SN123_A938797_Rep1_X	MYH11	far	x5_y2	14	0.2857142857142857	0.0
Valdeolivas	A938797	SN123_A938797_Rep1_X	MYH11	far	x5_y3	27	0.7037037037037037	0.6323709418872849
Valdeolivas	A938797	SN123_A938797_Rep1_X	MYH11	far	x5_y4	25	0.44	0.0
Valdeolivas	A938797	SN123_A938797_Rep1_X	MYH11	near	x0_y3	1	1.0	0.950226123924791
Valdeolivas	A938797	SN123_A938797_Rep1_X	MYH11	near	x1_y1	5	0.2	0.0
Valdeolivas	A938797	SN123_A938797_Rep1_X	MYH11	near	x1_y2	6	0.5	0.5278633485650104
Valdeolivas	A938797	SN123_A938797_Rep1_X	MYH11	near	x1_y3	3	0.6666666666666666	1.2930145048013277
Valdeolivas	A938797	SN123_A938797_Rep1_X	MYH11	near	x2_y1	8	0.5	0.5497732469971469
Valdeolivas	A938797	SN123_A938797_Rep1_X	MYH11	near	x2_y2	4	0.0	0.0
Valdeolivas	A938797	SN123_A938797_Rep1_X	MYH11	near	x2_y3	5	0.4	0.0
Valdeolivas	A938797	SN123_A938797_Rep1_X	MYH11	near	x3_y2	17	0.8823529411764706	0.8925744358819026
Valdeolivas	A938797	SN123_A938797_Rep1_X	MYH11	near	x3_y3	7	0.14285714285714285	0.0
Valdeolivas	A938797	SN123_A938797_Rep1_X	MYH11	near	x3_y4	1	0.0	0.0
Valdeolivas	A938797	SN123_A938797_Rep1_X	MYH11	near	x4_y2	19	0.7894736842105263	0.549685554016468
Valdeolivas	A938797	SN123_A938797_Rep1_X	MYH11	near	x4_y3	27	0.6296296296296297	0.5056138426061554
Valdeolivas	A938797	SN123_A938797_Rep1_X	MYH11	near	x5_y3	9	0.7777777777777778	0.5712816202321964
Valdeolivas	A938797	SN123_A938797_Rep1_X	MYH11	near	x5_y4	4	0.75	0.6180567402655982
Valdeolivas	A551763	SN124_A551763_Rep2	CNN1	near	x0_y2	2	0.0	0.0
Valdeolivas	A551763	SN124_A551763_Rep2	CNN1	near	x0_y3	5	0.2	0.0
Valdeolivas	A551763	SN124_A551763_Rep2	CNN1	near	x1_y3	7	0.14285714285714285	0.0
Valdeolivas	A551763	SN124_A551763_Rep2	CNN1	near	x2_y2	5	0.0	0.0
Valdeolivas	A551763	SN124_A551763_Rep2	CNN1	near	x2_y3	3	0.0	0.0
Valdeolivas	A551763	SN124_A551763_Rep2	CNN1	near	x2_y4	1	0.0	0.0
Valdeolivas	A551763	SN124_A551763_Rep2	CNN1	near	x3_y2	4	0.0	0.0
Valdeolivas	A551763	SN124_A551763_Rep2	CNN1	near	x3_y5	2	0.0	0.0
Valdeolivas	A551763	SN124_A551763_Rep2	CNN1	near	x4_y1	1	0.0	0.0
Valdeolivas	A551763	SN124_A551763_Rep2	CNN1	near	x4_y2	2	0.0	0.0
Valdeolivas	A551763	SN124_A551763_Rep2	CNN1	near	x5_y4	1	0.0	0.0
Valdeolivas	A551763	SN124_A551763_Rep2	DES	near	x0_y2	2	0.0	0.0
Valdeolivas	A551763	SN124_A551763_Rep2	DES	near	x0_y3	5	0.0	0.0
Valdeolivas	A551763	SN124_A551763_Rep2	DES	near	x1_y3	7	0.0	0.0
Valdeolivas	A551763	SN124_A551763_Rep2	DES	near	x2_y2	5	0.0	0.0
Valdeolivas	A551763	SN124_A551763_Rep2	DES	near	x2_y3	3	0.0	0.0
Valdeolivas	A551763	SN124_A551763_Rep2	DES	near	x2_y4	1	0.0	0.0
Valdeolivas	A551763	SN124_A551763_Rep2	DES	near	x3_y2	4	0.0	0.0
Valdeolivas	A551763	SN124_A551763_Rep2	DES	near	x3_y5	2	0.0	0.0
Valdeolivas	A551763	SN124_A551763_Rep2	DES	near	x4_y1	1	0.0	0.0
Valdeolivas	A551763	SN124_A551763_Rep2	DES	near	x4_y2	2	0.5	1.1921846838802779
Valdeolivas	A551763	SN124_A551763_Rep2	DES	near	x5_y4	1	0.0	0.0
Valdeolivas	A551763	SN124_A551763_Rep2	MYH11	near	x0_y2	2	0.0	0.0
Valdeolivas	A551763	SN124_A551763_Rep2	MYH11	near	x0_y3	5	0.2	0.0
Valdeolivas	A551763	SN124_A551763_Rep2	MYH11	near	x1_y3	7	0.0	0.0
Valdeolivas	A551763	SN124_A551763_Rep2	MYH11	near	x2_y2	5	0.0	0.0
Valdeolivas	A551763	SN124_A551763_Rep2	MYH11	near	x2_y3	3	0.0	0.0
Valdeolivas	A551763	SN124_A551763_Rep2	MYH11	near	x2_y4	1	0.0	0.0
Valdeolivas	A551763	SN124_A551763_Rep2	MYH11	near	x3_y2	4	0.0	0.0
Valdeolivas	A551763	SN124_A551763_Rep2	MYH11	near	x3_y5	2	0.0	0.0
Valdeolivas	A551763	SN124_A551763_Rep2	MYH11	near	x4_y1	1	1.0	1.9234505761499439
Valdeolivas	A551763	SN124_A551763_Rep2	MYH11	near	x4_y2	2	0.0	0.0
Valdeolivas	A551763	SN124_A551763_Rep2	MYH11	near	x5_y4	1	0.0	0.0
Valdeolivas	A595688	SN124_A595688_Rep2	CNN1	far	x0_y2	4	0.5	0.4641072324108827
Valdeolivas	A595688	SN124_A595688_Rep2	CNN1	far	x0_y3	6	0.5	1.0063156993008004
Valdeolivas	A595688	SN124_A595688_Rep2	CNN1	far	x1_y3	12	0.6666666666666666	1.2418102515283294
Valdeolivas	A595688	SN124_A595688_Rep2	CNN1	far	x1_y4	1	1.0	1.6305683207208148
Valdeolivas	A595688	SN124_A595688_Rep2	CNN1	far	x2_y1	3	0.6666666666666666	1.30132298338059
Valdeolivas	A595688	SN124_A595688_Rep2	CNN1	near	x0_y2	2	0.5	0.6422709979814578
Valdeolivas	A595688	SN124_A595688_Rep2	CNN1	near	x1_y2	4	1.0	0.9716428466426381
Valdeolivas	A595688	SN124_A595688_Rep2	CNN1	near	x1_y3	5	0.6	0.7195007418643465
Valdeolivas	A595688	SN124_A595688_Rep2	CNN1	near	x2_y1	3	0.3333333333333333	0.0
Valdeolivas	A595688	SN124_A595688_Rep2	CNN1	near	x2_y2	6	0.5	0.28751446450705237
Valdeolivas	A595688	SN124_A595688_Rep2	CNN1	near	x3_y0	1	0.0	0.0
Valdeolivas	A595688	SN124_A595688_Rep2	CNN1	near	x3_y1	3	0.3333333333333333	0.0
Valdeolivas	A595688	SN124_A595688_Rep2	CNN1	near	x4_y0	2	0.5	0.5258554110923712
Valdeolivas	A595688	SN124_A595688_Rep2	DES	far	x0_y2	4	0.25	0.0
Valdeolivas	A595688	SN124_A595688_Rep2	DES	far	x0_y3	6	0.5	0.6009035836182829
Valdeolivas	A595688	SN124_A595688_Rep2	DES	far	x1_y3	12	0.25	0.0
Valdeolivas	A595688	SN124_A595688_Rep2	DES	far	x1_y4	1	0.0	0.0
Valdeolivas	A595688	SN124_A595688_Rep2	DES	far	x2_y1	3	0.3333333333333333	0.0
Valdeolivas	A595688	SN124_A595688_Rep2	DES	near	x0_y2	2	0.5	0.5043453470668774
Valdeolivas	A595688	SN124_A595688_Rep2	DES	near	x1_y2	4	0.5	0.4999330515886642
Valdeolivas	A595688	SN124_A595688_Rep2	DES	near	x1_y3	5	0.2	0.0
Valdeolivas	A595688	SN124_A595688_Rep2	DES	near	x2_y1	3	0.0	0.0
Valdeolivas	A595688	SN124_A595688_Rep2	DES	near	x2_y2	6	0.16666666666666666	0.0
Valdeolivas	A595688	SN124_A595688_Rep2	DES	near	x3_y0	1	0.0	0.0
Valdeolivas	A595688	SN124_A595688_Rep2	DES	near	x3_y1	3	0.0	0.0
Valdeolivas	A595688	SN124_A595688_Rep2	DES	near	x4_y0	2	0.0	0.0
Valdeolivas	A595688	SN124_A595688_Rep2	MYH11	far	x0_y2	4	0.5	0.4437356480654691
Valdeolivas	A595688	SN124_A595688_Rep2	MYH11	far	x0_y3	6	0.6666666666666666	1.4064235011599997
Valdeolivas	A595688	SN124_A595688_Rep2	MYH11	far	x1_y3	12	0.75	1.4756953204249421
Valdeolivas	A595688	SN124_A595688_Rep2	MYH11	far	x1_y4	1	1.0	2.2206754828933937
Valdeolivas	A595688	SN124_A595688_Rep2	MYH11	far	x2_y1	3	0.3333333333333333	0.0
Valdeolivas	A595688	SN124_A595688_Rep2	MYH11	near	x0_y2	2	1.0	1.1322937395226471
Valdeolivas	A595688	SN124_A595688_Rep2	MYH11	near	x1_y2	4	0.5	0.2310832328219397
Valdeolivas	A595688	SN124_A595688_Rep2	MYH11	near	x1_y3	5	0.4	0.0
Valdeolivas	A595688	SN124_A595688_Rep2	MYH11	near	x2_y1	3	1.0	0.5533981732774159
Valdeolivas	A595688	SN124_A595688_Rep2	MYH11	near	x2_y2	6	0.3333333333333333	0.0
Valdeolivas	A595688	SN124_A595688_Rep2	MYH11	near	x3_y0	1	0.0	0.0
Valdeolivas	A595688	SN124_A595688_Rep2	MYH11	near	x3_y1	3	0.6666666666666666	0.9358685151169684
Valdeolivas	A595688	SN124_A595688_Rep2	MYH11	near	x4_y0	2	0.5	0.40361639612508227
Valdeolivas	A938797	SN124_A938797_Rep2	CNN1	far	x0_y1	13	0.6153846153846154	0.34230986977694344
Valdeolivas	A938797	SN124_A938797_Rep2	CNN1	far	x0_y2	4	1.0	0.7040214153624074
Valdeolivas	A938797	SN124_A938797_Rep2	CNN1	far	x0_y3	2	0.0	0.0
Valdeolivas	A938797	SN124_A938797_Rep2	CNN1	far	x1_y0	1	0.0	0.0
Valdeolivas	A938797	SN124_A938797_Rep2	CNN1	far	x1_y1	21	0.7142857142857143	0.6471470775914379
Valdeolivas	A938797	SN124_A938797_Rep2	CNN1	far	x1_y3	15	0.8	0.45294302808834824
Valdeolivas	A938797	SN124_A938797_Rep2	CNN1	far	x1_y4	1	1.0	0.8981140190767323
Valdeolivas	A938797	SN124_A938797_Rep2	CNN1	far	x2_y0	5	0.2	0.0
Valdeolivas	A938797	SN124_A938797_Rep2	CNN1	far	x2_y1	22	0.8181818181818182	0.5677234703562942
Valdeolivas	A938797	SN124_A938797_Rep2	CNN1	far	x2_y2	27	0.9259259259259259	0.8723654729516495
Valdeolivas	A938797	SN124_A938797_Rep2	CNN1	far	x2_y3	14	0.7857142857142857	0.7089778152050952
Valdeolivas	A938797	SN124_A938797_Rep2	CNN1	far	x2_y4	10	0.5	0.2976943649607979
Valdeolivas	A938797	SN124_A938797_Rep2	CNN1	far	x2_y5	15	0.6	0.7588634494976689
Valdeolivas	A938797	SN124_A938797_Rep2	CNN1	far	x3_y0	6	0.8333333333333334	0.6976145602393817
Valdeolivas	A938797	SN124_A938797_Rep2	CNN1	far	x3_y1	27	0.8518518518518519	0.7131027832273886
Valdeolivas	A938797	SN124_A938797_Rep2	CNN1	far	x3_y2	39	0.8205128205128205	0.5215022694706208
Valdeolivas	A938797	SN124_A938797_Rep2	CNN1	far	x3_y3	27	0.8518518518518519	0.9820461577044288
Valdeolivas	A938797	SN124_A938797_Rep2	CNN1	far	x3_y4	13	0.5384615384615384	0.48249811080154126
Valdeolivas	A938797	SN124_A938797_Rep2	CNN1	far	x3_y5	4	0.75	0.5443741276161138
Valdeolivas	A938797	SN124_A938797_Rep2	CNN1	far	x4_y1	6	0.6666666666666666	0.9182402880243624
Valdeolivas	A938797	SN124_A938797_Rep2	CNN1	far	x4_y2	34	0.6470588235294118	0.6425029738645441
Valdeolivas	A938797	SN124_A938797_Rep2	CNN1	far	x4_y3	7	0.8571428571428571	1.0756826754341138
Valdeolivas	A938797	SN124_A938797_Rep2	CNN1	far	x5_y1	7	1.0	1.2610988988396976
Valdeolivas	A938797	SN124_A938797_Rep2	CNN1	far	x5_y2	14	0.9285714285714286	1.2273186622373933
Valdeolivas	A938797	SN124_A938797_Rep2	CNN1	far	x5_y3	2	1.0	2.1122364706666774
Valdeolivas	A938797	SN124_A938797_Rep2	CNN1	near	x0_y1	7	1.0	0.38802623467312647
Valdeolivas	A938797	SN124_A938797_Rep2	CNN1	near	x0_y2	20	0.6	0.2937100991626145
Valdeolivas	A938797	SN124_A938797_Rep2	CNN1	near	x0_y3	3	0.6666666666666666	0.5147359730202379
Valdeolivas	A938797	SN124_A938797_Rep2	CNN1	near	x1_y1	15	0.9333333333333333	0.5831315570459251
Valdeolivas	A938797	SN124_A938797_Rep2	CNN1	near	x1_y2	25	0.8	0.5851147708252687
Valdeolivas	A938797	SN124_A938797_Rep2	CNN1	near	x1_y3	13	0.6923076923076923	0.35460854140545184
Valdeolivas	A938797	SN124_A938797_Rep2	CNN1	near	x2_y1	10	0.7	0.44785117624248116
Valdeolivas	A938797	SN124_A938797_Rep2	CNN1	near	x2_y2	11	0.9090909090909091	0.7104082238804512
Valdeolivas	A938797	SN124_A938797_Rep2	CNN1	near	x2_y3	11	1.0	0.5690272759017174
Valdeolivas	A938797	SN124_A938797_Rep2	CNN1	near	x2_y5	4	0.25	0.0
Valdeolivas	A938797	SN124_A938797_Rep2	CNN1	near	x3_y1	4	1.0	0.7338439473697683
Valdeolivas	A938797	SN124_A938797_Rep2	CNN1	near	x3_y2	7	0.7142857142857143	0.4117627419233858
Valdeolivas	A938797	SN124_A938797_Rep2	CNN1	near	x3_y3	4	1.0	0.9526143229559423
Valdeolivas	A938797	SN124_A938797_Rep2	CNN1	near	x3_y4	8	0.5	0.40849222837066046
Valdeolivas	A938797	SN124_A938797_Rep2	CNN1	near	x3_y5	2	0.0	0.0
Valdeolivas	A938797	SN124_A938797_Rep2	CNN1	near	x4_y1	5	0.8	0.727343713413778
Valdeolivas	A938797	SN124_A938797_Rep2	CNN1	near	x4_y2	11	0.7272727272727273	0.6232487624612306
Valdeolivas	A938797	SN124_A938797_Rep2	CNN1	near	x4_y3	15	0.9333333333333333	0.8760563786138857
Valdeolivas	A938797	SN124_A938797_Rep2	CNN1	near	x4_y4	1	1.0	0.5734022914132836
Valdeolivas	A938797	SN124_A938797_Rep2	CNN1	near	x5_y2	1	1.0	1.7886412877180629
Valdeolivas	A938797	SN124_A938797_Rep2	CNN1	near	x5_y3	4	0.5	0.5306903870353815
Valdeolivas	A938797	SN124_A938797_Rep2	DES	far	x0_y1	13	0.3076923076923077	0.0
Valdeolivas	A938797	SN124_A938797_Rep2	DES	far	x0_y2	4	0.25	0.0
Valdeolivas	A938797	SN124_A938797_Rep2	DES	far	x0_y3	2	0.5	0.34493171607462636
Valdeolivas	A938797	SN124_A938797_Rep2	DES	far	x1_y0	1	0.0	0.0
Valdeolivas	A938797	SN124_A938797_Rep2	DES	far	x1_y1	21	0.09523809523809523	0.0
Valdeolivas	A938797	SN124_A938797_Rep2	DES	far	x1_y3	15	0.06666666666666667	0.0
Valdeolivas	A938797	SN124_A938797_Rep2	DES	far	x1_y4	1	0.0	0.0
Valdeolivas	A938797	SN124_A938797_Rep2	DES	far	x2_y0	5	0.0	0.0
Valdeolivas	A938797	SN124_A938797_Rep2	DES	far	x2_y1	22	0.13636363636363635	0.0
Valdeolivas	A938797	SN124_A938797_Rep2	DES	far	x2_y2	27	0.3333333333333333	0.0
Valdeolivas	A938797	SN124_A938797_Rep2	DES	far	x2_y3	14	0.2857142857142857	0.0
Valdeolivas	A938797	SN124_A938797_Rep2	DES	far	x2_y4	10	0.6	0.503594447155152
Valdeolivas	A938797	SN124_A938797_Rep2	DES	far	x2_y5	15	0.6	0.5987671247504224
Valdeolivas	A938797	SN124_A938797_Rep2	DES	far	x3_y0	6	0.16666666666666666	0.0
Valdeolivas	A938797	SN124_A938797_Rep2	DES	far	x3_y1	27	0.037037037037037035	0.0
Valdeolivas	A938797	SN124_A938797_Rep2	DES	far	x3_y2	39	0.15384615384615385	0.0
Valdeolivas	A938797	SN124_A938797_Rep2	DES	far	x3_y3	27	0.2222222222222222	0.0
Valdeolivas	A938797	SN124_A938797_Rep2	DES	far	x3_y4	13	0.07692307692307693	0.0
Valdeolivas	A938797	SN124_A938797_Rep2	DES	far	x3_y5	4	0.5	0.3289099323515033
Valdeolivas	A938797	SN124_A938797_Rep2	DES	far	x4_y1	6	0.5	0.1778395948504459
Valdeolivas	A938797	SN124_A938797_Rep2	DES	far	x4_y2	34	0.5588235294117647	0.7932628898438083
Valdeolivas	A938797	SN124_A938797_Rep2	DES	far	x4_y3	7	0.5714285714285714	0.7535865559319205
Valdeolivas	A938797	SN124_A938797_Rep2	DES	far	x5_y1	7	0.8571428571428571	0.37155269468468805
Valdeolivas	A938797	SN124_A938797_Rep2	DES	far	x5_y2	14	1.0	2.642042934788016
Valdeolivas	A938797	SN124_A938797_Rep2	DES	far	x5_y3	2	1.0	2.7698944467755044
Valdeolivas	A938797	SN124_A938797_Rep2	DES	near	x0_y1	7	0.0	0.0
Valdeolivas	A938797	SN124_A938797_Rep2	DES	near	x0_y2	20	0.25	0.0
Valdeolivas	A938797	SN124_A938797_Rep2	DES	near	x0_y3	3	0.0	0.0
Valdeolivas	A938797	SN124_A938797_Rep2	DES	near	x1_y1	15	0.26666666666666666	0.0
Valdeolivas	A938797	SN124_A938797_Rep2	DES	near	x1_y2	25	0.04	0.0
Valdeolivas	A938797	SN124_A938797_Rep2	DES	near	x1_y3	13	0.0	0.0
Valdeolivas	A938797	SN124_A938797_Rep2	DES	near	x2_y1	10	0.1	0.0
Valdeolivas	A938797	SN124_A938797_Rep2	DES	near	x2_y2	11	0.36363636363636365	0.0
Valdeolivas	A938797	SN124_A938797_Rep2	DES	near	x2_y3	11	0.0	0.0
Valdeolivas	A938797	SN124_A938797_Rep2	DES	near	x2_y5	4	0.0	0.0
Valdeolivas	A938797	SN124_A938797_Rep2	DES	near	x3_y1	4	0.0	0.0
Valdeolivas	A938797	SN124_A938797_Rep2	DES	near	x3_y2	7	0.2857142857142857	0.0
Valdeolivas	A938797	SN124_A938797_Rep2	DES	near	x3_y3	4	0.25	0.0
Valdeolivas	A938797	SN124_A938797_Rep2	DES	near	x3_y4	8	0.625	0.713115648711715
Valdeolivas	A938797	SN124_A938797_Rep2	DES	near	x3_y5	2	0.0	0.0
Valdeolivas	A938797	SN124_A938797_Rep2	DES	near	x4_y1	5	0.4	0.0
Valdeolivas	A938797	SN124_A938797_Rep2	DES	near	x4_y2	11	0.6363636363636364	0.5646547804205712
Valdeolivas	A938797	SN124_A938797_Rep2	DES	near	x4_y3	15	0.7333333333333333	0.693973202809388
Valdeolivas	A938797	SN124_A938797_Rep2	DES	near	x4_y4	1	0.0	0.0
Valdeolivas	A938797	SN124_A938797_Rep2	DES	near	x5_y2	1	1.0	3.0409580069311803
Valdeolivas	A938797	SN124_A938797_Rep2	DES	near	x5_y3	4	0.25	0.0
Valdeolivas	A938797	SN124_A938797_Rep2	MYH11	far	x0_y1	13	0.6923076923076923	0.35500290246474736
Valdeolivas	A938797	SN124_A938797_Rep2	MYH11	far	x0_y2	4	0.75	1.0309521566640816
Valdeolivas	A938797	SN124_A938797_Rep2	MYH11	far	x0_y3	2	0.5	0.6240342958468842
Valdeolivas	A938797	SN124_A938797_Rep2	MYH11	far	x1_y0	1	0.0	0.0
Valdeolivas	A938797	SN124_A938797_Rep2	MYH11	far	x1_y1	21	0.19047619047619047	0.0
Valdeolivas	A938797	SN124_A938797_Rep2	MYH11	far	x1_y3	15	1.0	0.8998421698901963
Valdeolivas	A938797	SN124_A938797_Rep2	MYH11	far	x1_y4	1	1.0	0.39540775049545585
Valdeolivas	A938797	SN124_A938797_Rep2	MYH11	far	x2_y0	5	0.4	0.0
Valdeolivas	A938797	SN124_A938797_Rep2	MYH11	far	x2_y1	22	0.45454545454545453	0.0
Valdeolivas	A938797	SN124_A938797_Rep2	MYH11	far	x2_y2	27	0.9259259259259259	0.9068263304798514
Valdeolivas	A938797	SN124_A938797_Rep2	MYH11	far	x2_y3	14	0.8571428571428571	0.7275996562876499
Valdeolivas	A938797	SN124_A938797_Rep2	MYH11	far	x2_y4	10	0.8	1.2308178865590138
Valdeolivas	A938797	SN124_A938797_Rep2	MYH11	far	x2_y5	15	0.6	0.7263777125186013
Valdeolivas	A938797	SN124_A938797_Rep2	MYH11	far	x3_y0	6	0.8333333333333334	0.5962589670644387
Valdeolivas	A938797	SN124_A938797_Rep2	MYH11	far	x3_y1	27	0.6666666666666666	0.41881299196642446
Valdeolivas	A938797	SN124_A938797_Rep2	MYH11	far	x3_y2	39	0.7435897435897436	0.4572626524056944
Valdeolivas	A938797	SN124_A938797_Rep2	MYH11	far	x3_y3	27	0.9259259259259259	0.9413328230777687
Valdeolivas	A938797	SN124_A938797_Rep2	MYH11	far	x3_y4	13	0.6153846153846154	0.7696530965932208
Valdeolivas	A938797	SN124_A938797_Rep2	MYH11	far	x3_y5	4	0.75	0.6056953554015105
Valdeolivas	A938797	SN124_A938797_Rep2	MYH11	far	x4_y1	6	0.8333333333333334	0.927915427948738
Valdeolivas	A938797	SN124_A938797_Rep2	MYH11	far	x4_y2	34	0.7352941176470589	0.8993199299256432
Valdeolivas	A938797	SN124_A938797_Rep2	MYH11	far	x4_y3	7	0.8571428571428571	1.060228227981499
Valdeolivas	A938797	SN124_A938797_Rep2	MYH11	far	x5_y1	7	0.8571428571428571	0.9406262109570843
Valdeolivas	A938797	SN124_A938797_Rep2	MYH11	far	x5_y2	14	1.0	1.7845558359822908
Valdeolivas	A938797	SN124_A938797_Rep2	MYH11	far	x5_y3	2	1.0	1.9479901406845292
Valdeolivas	A938797	SN124_A938797_Rep2	MYH11	near	x0_y1	7	0.7142857142857143	0.32672033711234794
Valdeolivas	A938797	SN124_A938797_Rep2	MYH11	near	x0_y2	20	0.65	0.4117050693531957
Valdeolivas	A938797	SN124_A938797_Rep2	MYH11	near	x0_y3	3	1.0	0.5269141599378311
Valdeolivas	A938797	SN124_A938797_Rep2	MYH11	near	x1_y1	15	0.6666666666666666	0.5339851410128026
Valdeolivas	A938797	SN124_A938797_Rep2	MYH11	near	x1_y2	25	0.8	0.3787574507612004
Valdeolivas	A938797	SN124_A938797_Rep2	MYH11	near	x1_y3	13	0.7692307692307693	0.5795687487286575
Valdeolivas	A938797	SN124_A938797_Rep2	MYH11	near	x2_y1	10	0.4	0.0
Valdeolivas	A938797	SN124_A938797_Rep2	MYH11	near	x2_y2	11	0.9090909090909091	0.7803424414405509
Valdeolivas	A938797	SN124_A938797_Rep2	MYH11	near	x2_y3	11	0.9090909090909091	0.5392942881742134
Valdeolivas	A938797	SN124_A938797_Rep2	MYH11	near	x2_y5	4	0.75	0.47327459240708913
Valdeolivas	A938797	SN124_A938797_Rep2	MYH11	near	x3_y1	4	0.5	0.15136327288498386
Valdeolivas	A938797	SN124_A938797_Rep2	MYH11	near	x3_y2	7	0.8571428571428571	0.4397397016253047
Valdeolivas	A938797	SN124_A938797_Rep2	MYH11	near	x3_y3	4	1.0	0.5578858617560567
Valdeolivas	A938797	SN124_A938797_Rep2	MYH11	near	x3_y4	8	0.625	0.931555561056851
Valdeolivas	A938797	SN124_A938797_Rep2	MYH11	near	x3_y5	2	0.5	0.4582203790645155
Valdeolivas	A938797	SN124_A938797_Rep2	MYH11	near	x4_y1	5	0.4	0.0
Valdeolivas	A938797	SN124_A938797_Rep2	MYH11	near	x4_y2	11	0.7272727272727273	0.6232487624612306
Valdeolivas	A938797	SN124_A938797_Rep2	MYH11	near	x4_y3	15	1.0	0.8974677858590036
Valdeolivas	A938797	SN124_A938797_Rep2	MYH11	near	x4_y4	1	0.0	0.0
Valdeolivas	A938797	SN124_A938797_Rep2	MYH11	near	x5_y2	1	1.0	1.6392102921597482
Valdeolivas	A938797	SN124_A938797_Rep2	MYH11	near	x5_y3	4	0.75	0.8498215528237594
Valdeolivas	A120838	SN84_A120838_Rep1	CNN1	far	x1_y2	9	0.2222222222222222	0.0
Valdeolivas	A120838	SN84_A120838_Rep1	CNN1	far	x1_y3	3	0.0	0.0
Valdeolivas	A120838	SN84_A120838_Rep1	CNN1	far	x1_y5	4	0.25	0.0
Valdeolivas	A120838	SN84_A120838_Rep1	CNN1	far	x2_y1	4	0.25	0.0
Valdeolivas	A120838	SN84_A120838_Rep1	CNN1	far	x2_y2	10	0.4	0.0
Valdeolivas	A120838	SN84_A120838_Rep1	CNN1	far	x2_y3	8	0.5	0.31910688847626995
Valdeolivas	A120838	SN84_A120838_Rep1	CNN1	far	x2_y4	11	0.36363636363636365	0.0
Valdeolivas	A120838	SN84_A120838_Rep1	CNN1	far	x2_y5	4	0.25	0.0
Valdeolivas	A120838	SN84_A120838_Rep1	CNN1	far	x3_y1	7	0.14285714285714285	0.0
Valdeolivas	A120838	SN84_A120838_Rep1	CNN1	far	x3_y2	2	0.5	0.6747517943780094
Valdeolivas	A120838	SN84_A120838_Rep1	CNN1	far	x3_y3	2	0.5	0.5755171546270992
Valdeolivas	A120838	SN84_A120838_Rep1	CNN1	far	x3_y4	10	0.5	0.27197673770894987
Valdeolivas	A120838	SN84_A120838_Rep1	CNN1	far	x3_y5	4	0.25	0.0
Valdeolivas	A120838	SN84_A120838_Rep1	CNN1	far	x4_y1	2	0.5	0.9425970294149622
Valdeolivas	A120838	SN84_A120838_Rep1	CNN1	far	x4_y2	1	1.0	1.1139097306069023
Valdeolivas	A120838	SN84_A120838_Rep1	CNN1	far	x4_y4	3	1.0	1.6200823158156181
Valdeolivas	A120838	SN84_A120838_Rep1	CNN1	far	x4_y5	1	0.0	0.0
Valdeolivas	A120838	SN84_A120838_Rep1	CNN1	near	x0_y5	1	0.0	0.0
Valdeolivas	A120838	SN84_A120838_Rep1	CNN1	near	x1_y2	1	1.0	0.623168537781704
Valdeolivas	A120838	SN84_A120838_Rep1	CNN1	near	x1_y3	1	0.0	0.0
Valdeolivas	A120838	SN84_A120838_Rep1	CNN1	near	x1_y4	3	0.3333333333333333	0.0
Valdeolivas	A120838	SN84_A120838_Rep1	CNN1	near	x1_y5	1	0.0	0.0
Valdeolivas	A120838	SN84_A120838_Rep1	CNN1	near	x2_y2	1	1.0	0.4402512241935799
Valdeolivas	A120838	SN84_A120838_Rep1	CNN1	near	x3_y2	4	0.0	0.0
Valdeolivas	A120838	SN84_A120838_Rep1	CNN1	near	x3_y3	2	0.0	0.0
Valdeolivas	A120838	SN84_A120838_Rep1	CNN1	near	x3_y4	1	1.0	0.43469011568108534
Valdeolivas	A120838	SN84_A120838_Rep1	CNN1	near	x4_y4	1	1.0	0.6283870734490258
Valdeolivas	A120838	SN84_A120838_Rep1	DES	far	x1_y2	9	0.1111111111111111	0.0
Valdeolivas	A120838	SN84_A120838_Rep1	DES	far	x1_y3	3	0.0	0.0
Valdeolivas	A120838	SN84_A120838_Rep1	DES	far	x1_y5	4	0.0	0.0
Valdeolivas	A120838	SN84_A120838_Rep1	DES	far	x2_y1	4	0.0	0.0
Valdeolivas	A120838	SN84_A120838_Rep1	DES	far	x2_y2	10	0.0	0.0
Valdeolivas	A120838	SN84_A120838_Rep1	DES	far	x2_y3	8	0.0	0.0
Valdeolivas	A120838	SN84_A120838_Rep1	DES	far	x2_y4	11	0.09090909090909091	0.0
Valdeolivas	A120838	SN84_A120838_Rep1	DES	far	x2_y5	4	0.0	0.0
Valdeolivas	A120838	SN84_A120838_Rep1	DES	far	x3_y1	7	0.0	0.0
Valdeolivas	A120838	SN84_A120838_Rep1	DES	far	x3_y2	2	0.0	0.0
Valdeolivas	A120838	SN84_A120838_Rep1	DES	far	x3_y3	2	0.0	0.0
Valdeolivas	A120838	SN84_A120838_Rep1	DES	far	x3_y4	10	0.2	0.0
Valdeolivas	A120838	SN84_A120838_Rep1	DES	far	x3_y5	4	0.25	0.0
Valdeolivas	A120838	SN84_A120838_Rep1	DES	far	x4_y1	2	0.5	0.5258554110923712
Valdeolivas	A120838	SN84_A120838_Rep1	DES	far	x4_y2	1	0.0	0.0
Valdeolivas	A120838	SN84_A120838_Rep1	DES	far	x4_y4	3	0.6666666666666666	1.6267262954871524
Valdeolivas	A120838	SN84_A120838_Rep1	DES	far	x4_y5	1	1.0	1.4399801213899277
Valdeolivas	A120838	SN84_A120838_Rep1	DES	near	x0_y5	1	0.0	0.0
Valdeolivas	A120838	SN84_A120838_Rep1	DES	near	x1_y2	1	0.0	0.0
Valdeolivas	A120838	SN84_A120838_Rep1	DES	near	x1_y3	1	0.0	0.0
Valdeolivas	A120838	SN84_A120838_Rep1	DES	near	x1_y4	3	0.0	0.0
Valdeolivas	A120838	SN84_A120838_Rep1	DES	near	x1_y5	1	1.0	0.6400308349384991
Valdeolivas	A120838	SN84_A120838_Rep1	DES	near	x2_y2	1	0.0	0.0
Valdeolivas	A120838	SN84_A120838_Rep1	DES	near	x3_y2	4	0.0	0.0
Valdeolivas	A120838	SN84_A120838_Rep1	DES	near	x3_y3	2	0.0	0.0
Valdeolivas	A120838	SN84_A120838_Rep1	DES	near	x3_y4	1	0.0	0.0
Valdeolivas	A120838	SN84_A120838_Rep1	DES	near	x4_y4	1	1.0	1.2875104269819175
Valdeolivas	A120838	SN84_A120838_Rep1	MYH11	far	x1_y2	9	0.0	0.0
Valdeolivas	A120838	SN84_A120838_Rep1	MYH11	far	x1_y3	3	0.0	0.0
Valdeolivas	A120838	SN84_A120838_Rep1	MYH11	far	x1_y5	4	0.25	0.0
Valdeolivas	A120838	SN84_A120838_Rep1	MYH11	far	x2_y1	4	0.0	0.0
Valdeolivas	A120838	SN84_A120838_Rep1	MYH11	far	x2_y2	10	0.0	0.0
Valdeolivas	A120838	SN84_A120838_Rep1	MYH11	far	x2_y3	8	0.375	0.0
Valdeolivas	A120838	SN84_A120838_Rep1	MYH11	far	x2_y4	11	0.5454545454545454	0.5178839039209283
Valdeolivas	A120838	SN84_A120838_Rep1	MYH11	far	x2_y5	4	0.25	0.0
Valdeolivas	A120838	SN84_A120838_Rep1	MYH11	far	x3_y1	7	0.14285714285714285	0.0
Valdeolivas	A120838	SN84_A120838_Rep1	MYH11	far	x3_y2	2	0.0	0.0
Valdeolivas	A120838	SN84_A120838_Rep1	MYH11	far	x3_y3	2	0.0	0.0
Valdeolivas	A120838	SN84_A120838_Rep1	MYH11	far	x3_y4	10	0.4	0.0
Valdeolivas	A120838	SN84_A120838_Rep1	MYH11	far	x3_y5	4	0.0	0.0
Valdeolivas	A120838	SN84_A120838_Rep1	MYH11	far	x4_y1	2	0.5	0.48485832781641086
Valdeolivas	A120838	SN84_A120838_Rep1	MYH11	far	x4_y2	1	1.0	1.1139097306069023
Valdeolivas	A120838	SN84_A120838_Rep1	MYH11	far	x4_y4	3	0.6666666666666666	1.3150119886693792
Valdeolivas	A120838	SN84_A120838_Rep1	MYH11	far	x4_y5	1	0.0	0.0
Valdeolivas	A120838	SN84_A120838_Rep1	MYH11	near	x0_y5	1	0.0	0.0
Valdeolivas	A120838	SN84_A120838_Rep1	MYH11	near	x1_y2	1	0.0	0.0
Valdeolivas	A120838	SN84_A120838_Rep1	MYH11	near	x1_y3	1	0.0	0.0
Valdeolivas	A120838	SN84_A120838_Rep1	MYH11	near	x1_y4	3	0.0	0.0
Valdeolivas	A120838	SN84_A120838_Rep1	MYH11	near	x1_y5	1	0.0	0.0
Valdeolivas	A120838	SN84_A120838_Rep1	MYH11	near	x2_y2	1	0.0	0.0
Valdeolivas	A120838	SN84_A120838_Rep1	MYH11	near	x3_y2	4	0.0	0.0
Valdeolivas	A120838	SN84_A120838_Rep1	MYH11	near	x3_y3	2	1.0	0.508375102268691
Valdeolivas	A120838	SN84_A120838_Rep1	MYH11	near	x3_y4	1	1.0	0.7366705215228156
Valdeolivas	A120838	SN84_A120838_Rep1	MYH11	near	x4_y4	1	1.0	0.6283870734490258
Valdeolivas	A120838	SN84_A120838_Rep2	CNN1	far	x1_y3	2	0.0	0.0
Valdeolivas	A120838	SN84_A120838_Rep2	CNN1	far	x2_y0	11	0.18181818181818182	0.0
Valdeolivas	A120838	SN84_A120838_Rep2	CNN1	far	x2_y1	16	0.1875	0.0
Valdeolivas	A120838	SN84_A120838_Rep2	CNN1	far	x2_y2	23	0.21739130434782608	0.0
Valdeolivas	A120838	SN84_A120838_Rep2	CNN1	far	x2_y3	17	0.5294117647058824	0.43586422091642374
Valdeolivas	A120838	SN84_A120838_Rep2	CNN1	far	x2_y4	10	0.4	0.0
Valdeolivas	A120838	SN84_A120838_Rep2	CNN1	far	x3_y0	10	0.0	0.0
Valdeolivas	A120838	SN84_A120838_Rep2	CNN1	far	x3_y1	4	0.25	0.0
Valdeolivas	A120838	SN84_A120838_Rep2	CNN1	far	x3_y2	11	0.7272727272727273	0.7415865658133521
Valdeolivas	A120838	SN84_A120838_Rep2	CNN1	far	x3_y3	13	0.46153846153846156	0.0
Valdeolivas	A120838	SN84_A120838_Rep2	CNN1	far	x3_y4	16	0.3125	0.0
Valdeolivas	A120838	SN84_A120838_Rep2	CNN1	far	x4_y0	6	0.5	0.9151375706543351
Valdeolivas	A120838	SN84_A120838_Rep2	CNN1	far	x4_y3	15	0.4	0.0
Valdeolivas	A120838	SN84_A120838_Rep2	CNN1	far	x5_y0	11	0.2727272727272727	0.0
Valdeolivas	A120838	SN84_A120838_Rep2	CNN1	far	x5_y1	2	0.5	0.4142918231844398
Valdeolivas	A120838	SN84_A120838_Rep2	CNN1	far	x5_y2	1	0.0	0.0
Valdeolivas	A120838	SN84_A120838_Rep2	CNN1	far	x5_y3	1	0.0	0.0
Valdeolivas	A120838	SN84_A120838_Rep2	CNN1	near	x1_y1	2	0.0	0.0
Valdeolivas	A120838	SN84_A120838_Rep2	CNN1	near	x1_y2	5	0.2	0.0
Valdeolivas	A120838	SN84_A120838_Rep2	CNN1	near	x1_y3	2	0.0	0.0
Valdeolivas	A120838	SN84_A120838_Rep2	CNN1	near	x1_y4	5	0.2	0.0
Valdeolivas	A120838	SN84_A120838_Rep2	CNN1	near	x1_y5	2	1.0	0.5937438144520136
Valdeolivas	A120838	SN84_A120838_Rep2	CNN1	near	x2_y1	5	0.0	0.0
Valdeolivas	A120838	SN84_A120838_Rep2	CNN1	near	x2_y2	2	0.0	0.0
Valdeolivas	A120838	SN84_A120838_Rep2	CNN1	near	x2_y3	3	0.0	0.0
Valdeolivas	A120838	SN84_A120838_Rep2	CNN1	near	x2_y4	10	0.3	0.0
Valdeolivas	A120838	SN84_A120838_Rep2	CNN1	near	x2_y5	2	0.5	0.3407037387456945
Valdeolivas	A120838	SN84_A120838_Rep2	CNN1	near	x3_y0	4	0.5	0.4975027421622759
Valdeolivas	A120838	SN84_A120838_Rep2	CNN1	near	x3_y1	5	0.2	0.0
Valdeolivas	A120838	SN84_A120838_Rep2	CNN1	near	x3_y2	11	0.5454545454545454	0.6206125544040801
Valdeolivas	A120838	SN84_A120838_Rep2	CNN1	near	x3_y4	4	0.5	0.2010714641415357
Valdeolivas	A120838	SN84_A120838_Rep2	CNN1	near	x3_y5	1	0.0	0.0
Valdeolivas	A120838	SN84_A120838_Rep2	CNN1	near	x4_y0	3	0.3333333333333333	0.0
Valdeolivas	A120838	SN84_A120838_Rep2	CNN1	near	x4_y1	3	1.0	0.9670817808227228
Valdeolivas	A120838	SN84_A120838_Rep2	CNN1	near	x4_y2	7	0.42857142857142855	0.0
Valdeolivas	A120838	SN84_A120838_Rep2	CNN1	near	x5_y0	3	0.6666666666666666	0.8044232059919876
Valdeolivas	A120838	SN84_A120838_Rep2	CNN1	near	x5_y1	3	0.3333333333333333	0.0
Valdeolivas	A120838	SN84_A120838_Rep2	CNN1	near	x5_y2	7	0.42857142857142855	0.0
Valdeolivas	A120838	SN84_A120838_Rep2	DES	far	x1_y3	2	0.0	0.0
Valdeolivas	A120838	SN84_A120838_Rep2	DES	far	x2_y0	11	0.09090909090909091	0.0
Valdeolivas	A120838	SN84_A120838_Rep2	DES	far	x2_y1	16	0.0	0.0
Valdeolivas	A120838	SN84_A120838_Rep2	DES	far	x2_y2	23	0.0	0.0
Valdeolivas	A120838	SN84_A120838_Rep2	DES	far	x2_y3	17	0.058823529411764705	0.0
Valdeolivas	A120838	SN84_A120838_Rep2	DES	far	x2_y4	10	0.0	0.0
Valdeolivas	A120838	SN84_A120838_Rep2	DES	far	x3_y0	10	0.0	0.0
Valdeolivas	A120838	SN84_A120838_Rep2	DES	far	x3_y1	4	0.0	0.0
Valdeolivas	A120838	SN84_A120838_Rep2	DES	far	x3_y2	11	0.36363636363636365	0.0
Valdeolivas	A120838	SN84_A120838_Rep2	DES	far	x3_y3	13	0.6153846153846154	1.530233314059274
Valdeolivas	A120838	SN84_A120838_Rep2	DES	far	x3_y4	16	0.0625	0.0
Valdeolivas	A120838	SN84_A120838_Rep2	DES	far	x4_y0	6	0.5	0.5157114220901544
Valdeolivas	A120838	SN84_A120838_Rep2	DES	far	x4_y3	15	0.4666666666666667	0.0
Valdeolivas	A120838	SN84_A120838_Rep2	DES	far	x5_y0	11	0.09090909090909091	0.0
Valdeolivas	A120838	SN84_A120838_Rep2	DES	far	x5_y1	2	0.0	0.0
Valdeolivas	A120838	SN84_A120838_Rep2	DES	far	x5_y2	1	0.0	0.0
Valdeolivas	A120838	SN84_A120838_Rep2	DES	far	x5_y3	1	1.0	0.6205330285002584
Valdeolivas	A120838	SN84_A120838_Rep2	DES	near	x1_y1	2	0.0	0.0
Valdeolivas	A120838	SN84_A120838_Rep2	DES	near	x1_y2	5	0.0	0.0
Valdeolivas	A120838	SN84_A120838_Rep2	DES	near	x1_y3	2	0.0	0.0
Valdeolivas	A120838	SN84_A120838_Rep2	DES	near	x1_y4	5	0.2	0.0
Valdeolivas	A120838	SN84_A120838_Rep2	DES	near	x1_y5	2	0.0	0.0
Valdeolivas	A120838	SN84_A120838_Rep2	DES	near	x2_y1	5	0.0	0.0
Valdeolivas	A120838	SN84_A120838_Rep2	DES	near	x2_y2	2	0.5	0.3869227997283064
Valdeolivas	A120838	SN84_A120838_Rep2	DES	near	x2_y3	3	0.0	0.0
Valdeolivas	A120838	SN84_A120838_Rep2	DES	near	x2_y4	10	0.3	0.0
Valdeolivas	A120838	SN84_A120838_Rep2	DES	near	x2_y5	2	0.5	0.5414642616943998
Valdeolivas	A120838	SN84_A120838_Rep2	DES	near	x3_y0	4	0.75	1.0180248653615422
Valdeolivas	A120838	SN84_A120838_Rep2	DES	near	x3_y1	5	0.2	0.0
Valdeolivas	A120838	SN84_A120838_Rep2	DES	near	x3_y2	11	0.45454545454545453	0.0
Valdeolivas	A120838	SN84_A120838_Rep2	DES	near	x3_y4	4	0.25	0.0
Valdeolivas	A120838	SN84_A120838_Rep2	DES	near	x3_y5	1	0.0	0.0
Valdeolivas	A120838	SN84_A120838_Rep2	DES	near	x4_y0	3	0.3333333333333333	0.0
Valdeolivas	A120838	SN84_A120838_Rep2	DES	near	x4_y1	3	0.6666666666666666	0.9875451949771631
Valdeolivas	A120838	SN84_A120838_Rep2	DES	near	x4_y2	7	0.2857142857142857	0.0
Valdeolivas	A120838	SN84_A120838_Rep2	DES	near	x5_y0	3	0.0	0.0
Valdeolivas	A120838	SN84_A120838_Rep2	DES	near	x5_y1	3	0.0	0.0
Valdeolivas	A120838	SN84_A120838_Rep2	DES	near	x5_y2	7	0.5714285714285714	0.41859952251467103
Valdeolivas	A120838	SN84_A120838_Rep2	MYH11	far	x1_y3	2	0.0	0.0
Valdeolivas	A120838	SN84_A120838_Rep2	MYH11	far	x2_y0	11	0.18181818181818182	0.0
Valdeolivas	A120838	SN84_A120838_Rep2	MYH11	far	x2_y1	16	0.125	0.0
Valdeolivas	A120838	SN84_A120838_Rep2	MYH11	far	x2_y2	23	0.043478260869565216	0.0
Valdeolivas	A120838	SN84_A120838_Rep2	MYH11	far	x2_y3	17	0.35294117647058826	0.0
Valdeolivas	A120838	SN84_A120838_Rep2	MYH11	far	x2_y4	10	0.7	1.208461578985956
Valdeolivas	A120838	SN84_A120838_Rep2	MYH11	far	x3_y0	10	0.1	0.0
Valdeolivas	A120838	SN84_A120838_Rep2	MYH11	far	x3_y1	4	0.25	0.0
Valdeolivas	A120838	SN84_A120838_Rep2	MYH11	far	x3_y2	11	0.5454545454545454	0.645374270142557
Valdeolivas	A120838	SN84_A120838_Rep2	MYH11	far	x3_y3	13	0.6923076923076923	1.530233314059274
Valdeolivas	A120838	SN84_A120838_Rep2	MYH11	far	x3_y4	16	0.4375	0.0
Valdeolivas	A120838	SN84_A120838_Rep2	MYH11	far	x4_y0	6	0.5	0.5100305248145167
Valdeolivas	A120838	SN84_A120838_Rep2	MYH11	far	x4_y3	15	0.4666666666666667	0.0
Valdeolivas	A120838	SN84_A120838_Rep2	MYH11	far	x5_y0	11	0.5454545454545454	0.8318310348282235
Valdeolivas	A120838	SN84_A120838_Rep2	MYH11	far	x5_y1	2	0.5	0.27764482637718774
Valdeolivas	A120838	SN84_A120838_Rep2	MYH11	far	x5_y2	1	1.0	1.1086453672414494
Valdeolivas	A120838	SN84_A120838_Rep2	MYH11	far	x5_y3	1	0.0	0.0
Valdeolivas	A120838	SN84_A120838_Rep2	MYH11	near	x1_y1	2	0.0	0.0
Valdeolivas	A120838	SN84_A120838_Rep2	MYH11	near	x1_y2	5	0.0	0.0
Valdeolivas	A120838	SN84_A120838_Rep2	MYH11	near	x1_y3	2	0.0	0.0
Valdeolivas	A120838	SN84_A120838_Rep2	MYH11	near	x1_y4	5	0.4	0.0
Valdeolivas	A120838	SN84_A120838_Rep2	MYH11	near	x1_y5	2	0.0	0.0
Valdeolivas	A120838	SN84_A120838_Rep2	MYH11	near	x2_y1	5	0.0	0.0
Valdeolivas	A120838	SN84_A120838_Rep2	MYH11	near	x2_y2	2	0.0	0.0
Valdeolivas	A120838	SN84_A120838_Rep2	MYH11	near	x2_y3	3	0.3333333333333333	0.0
Valdeolivas	A120838	SN84_A120838_Rep2	MYH11	near	x2_y4	10	0.2	0.0
Valdeolivas	A120838	SN84_A120838_Rep2	MYH11	near	x2_y5	2	0.0	0.0
Valdeolivas	A120838	SN84_A120838_Rep2	MYH11	near	x3_y0	4	0.75	1.1953059824347605
Valdeolivas	A120838	SN84_A120838_Rep2	MYH11	near	x3_y1	5	0.2	0.0
Valdeolivas	A120838	SN84_A120838_Rep2	MYH11	near	x3_y2	11	0.7272727272727273	1.1455951736627379
Valdeolivas	A120838	SN84_A120838_Rep2	MYH11	near	x3_y4	4	0.5	0.2010714641415357
Valdeolivas	A120838	SN84_A120838_Rep2	MYH11	near	x3_y5	1	1.0	0.37527675303331587
Valdeolivas	A120838	SN84_A120838_Rep2	MYH11	near	x4_y0	3	0.3333333333333333	0.0
Valdeolivas	A120838	SN84_A120838_Rep2	MYH11	near	x4_y1	3	0.6666666666666666	0.5961564240692562
Valdeolivas	A120838	SN84_A120838_Rep2	MYH11	near	x4_y2	7	0.42857142857142855	0.0
Valdeolivas	A120838	SN84_A120838_Rep2	MYH11	near	x5_y0	3	0.3333333333333333	0.0
Valdeolivas	A120838	SN84_A120838_Rep2	MYH11	near	x5_y1	3	0.3333333333333333	0.0
Valdeolivas	A120838	SN84_A120838_Rep2	MYH11	near	x5_y2	7	0.42857142857142855	0.0
