eligibility_frame	resource	patient_id	graph_id	estimator_id	setting_id	readout_id	n_attempted_sections	n_evaluable_sections	n_declared_maps	n_evaluable_maps	n_standardized_maps	abs_deviation_score	abs_deviation_mad	near_retention	far_retention	selected_stroma_purity	count_only_excess_abs_deviation_score	block_matched_excess_abs_deviation_score	count_only_excess_abs_deviation_mad	block_matched_excess_abs_deviation_mad
historical_restricted	GSE294385	Patient1	historical_raw_6nn	stromal_retention	baseline	ACTA2	1	1	42	41	41	0.11902490005588251	0.17344612230548348	0.48654244306418215	0.8811475409836066	0.5964649207669286	0.07736665967813988	0.07547721774223537	0.11274067115873349	0.10998732814437144
historical_restricted	GSE294385	Patient1	historical_raw_6nn	stromal_retention	baseline	ACTA2_TAGLN	1	1	42	41	41	0.17587221244487639	0.22158534973685423	0.48654244306418215	0.8811475409836066	0.5964649207669286	0.14976465287638724	0.13326568238966108	0.18869184918131515	0.16790442577441894
historical_restricted	GSE294385	Patient1	historical_raw_6nn	stromal_retention	baseline	CXCL12	1	1	42	41	0	0.0	NA	0.48654244306418215	0.8811475409836066	0.5964649207669286	0.0	0.0	NA	NA
historical_restricted	GSE294385	Patient1	historical_raw_6nn	stromal_retention	baseline	TAGLN	1	1	42	41	41	0.1876466429002026	0.20643727341322624	0.48654244306418215	0.8811475409836066	0.5964649207669286	0.16346407872236368	0.15535783508472556	0.1798331064755398	0.17091511674594298
historical_restricted	GSE294385	Patient1	historical_raw_6nn	stromal_retention	baseline	TGFB1	1	1	42	41	0	0.0	NA	0.48654244306418215	0.8811475409836066	0.5964649207669286	0.0	0.0	NA	NA
historical_restricted	GSE294385	Patient1	historical_raw_6nn	stromal_retention	baseline	TGFB1_CXCL12	1	1	42	41	0	0.0	NA	0.48654244306418215	0.8811475409836066	0.5964649207669286	0.0	0.0	NA	NA
historical_restricted	GSE294385	Patient1	historical_raw_6nn	stromal_retention	baseline	four_gene_mean	1	1	42	41	41	0.13005781647417758	0.2848144401409047	0.48654244306418215	0.8811475409836066	0.5964649207669286	0.09988596947296996	0.09784205055533832	0.21874092034309872	0.21426492929542312
historical_restricted	GSE294385	Patient1	historical_raw_6nn	stromal_retention	far500	four_gene_mean	1	1	42	41	41	0.17192922671735766	0.37650890795237413	0.48654244306418215	0.8385416666666667	0.5964649207669286	0.14699730841183722	0.1347209560550745	0.3219103413584513	0.2950262791909301
historical_restricted	GSE294385	Patient1	historical_raw_6nn	stromal_retention	grid4	four_gene_mean	1	1	42	37	37	0.1327371555144864	0.29068194175980766	0.505175983436853	0.8811475409836066	0.5966892400300978	0.10058340770702262	0.10577155859418791	0.220268244771185	0.23162980942260986
historical_restricted	GSE294385	Patient1	historical_raw_6nn	stromal_retention	grid8	four_gene_mean	1	1	42	41	41	0.13005781647417758	0.2848144401409047	0.48654244306418215	0.8811475409836066	0.5964649207669286	0.09944818077772957	0.09509735342187683	0.2177822040927789	0.20825429957230773
historical_restricted	GSE294385	Patient1	historical_raw_6nn	stromal_retention	near150	four_gene_mean	1	1	42	41	41	0.13005781647417758	0.2848144401409047	0.48654244306418215	0.8811475409836066	0.5964649207669286	0.0994616036398587	0.09879003699615344	0.2178115989039947	0.21634093083628808
historical_restricted	GSE294385	Patient1	historical_raw_6nn	stricter_adjacency	baseline	ACTA2	1	1	42	27	27	0.2208840702713495	0.3218779049562751	0.09730848861283643	0.8954918032786885	0.5966892400300978	0.18134162017311883	0.173340076038073	0.2642556374074167	0.2525955830656085
historical_restricted	GSE294385	Patient1	historical_raw_6nn	stricter_adjacency	baseline	ACTA2_TAGLN	1	1	42	27	27	0.31422321438531164	0.39589688380608207	0.09730848861283643	0.8954918032786885	0.5966892400300978	0.20421771200598582	0.17107617525956975	0.25729848114289094	0.21554271479024364
historical_restricted	GSE294385	Patient1	historical_raw_6nn	stricter_adjacency	baseline	CXCL12	1	1	42	27	0	0.0	NA	0.09730848861283643	0.8954918032786885	0.5966892400300978	0.0	0.0	NA	NA
historical_restricted	GSE294385	Patient1	historical_raw_6nn	stricter_adjacency	baseline	TAGLN	1	1	42	27	27	0.26045332703843194	0.28653470083028676	0.09730848861283643	0.8954918032786885	0.5966892400300978	0.19585311118511517	0.16102478827889044	0.21546552412374098	0.17714954944286018
historical_restricted	GSE294385	Patient1	historical_raw_6nn	stricter_adjacency	baseline	TGFB1	1	1	42	27	0	0.0	NA	0.09730848861283643	0.8954918032786885	0.5966892400300978	0.0	0.0	NA	NA
historical_restricted	GSE294385	Patient1	historical_raw_6nn	stricter_adjacency	baseline	TGFB1_CXCL12	1	1	42	27	0	0.0	NA	0.09730848861283643	0.8954918032786885	0.5966892400300978	0.0	0.0	NA	NA
historical_restricted	GSE294385	Patient1	historical_raw_6nn	stricter_adjacency	baseline	four_gene_mean	1	1	42	27	27	0.1425316149919228	0.31213089091314583	0.09730848861283643	0.8954918032786885	0.5966892400300978	0.1146608688590609	0.10722405288241432	0.25109656655389906	0.23481063590981455
historical_restricted	GSE294385	Patient1	historical_raw_6nn	stricter_adjacency	far500	four_gene_mean	1	1	42	27	27	0.17924774103648378	0.3925357690436408	0.09730848861283643	0.8402777777777778	0.5966892400300978	0.12229663506146354	0.08670412697855912	0.26781817956372495	0.1898739195595155
historical_restricted	GSE294385	Patient1	historical_raw_6nn	stricter_adjacency	grid4	four_gene_mean	1	1	42	24	24	0.13792012107523732	0.30203215103191206	0.4409937888198758	0.8975409836065574	0.5966892400300978	0.11394781563320433	0.10758721639642244	0.24953504675586888	0.23560593000074956
historical_restricted	GSE294385	Patient1	historical_raw_6nn	stricter_adjacency	grid8	four_gene_mean	1	1	42	27	27	0.1425316149919228	0.31213089091314583	0.09730848861283643	0.8954918032786885	0.5966892400300978	0.11408259978157065	0.09582324009639753	0.24983021142030443	0.20984392342125496
historical_restricted	GSE294385	Patient1	historical_raw_6nn	stricter_adjacency	near150	four_gene_mean	1	1	42	27	27	0.1425316149919228	0.31213089091314583	0.09730848861283643	0.8954918032786885	0.5966892400300978	0.11401932359339678	0.10823764626612498	0.24969164249305684	0.2370303105125278
historical_restricted	GSE294385	Patient1	nominal_honeycomb_exact	stromal_retention	baseline	ACTA2	1	1	42	41	41	0.11902490005588251	0.17344612230548348	0.48654244306418215	0.8811475409836066	0.5964649207669286	0.07627135597512136	0.07550943880576544	0.11114456664660025	0.11003428150054503
historical_restricted	GSE294385	Patient1	nominal_honeycomb_exact	stromal_retention	baseline	ACTA2_TAGLN	1	1	42	41	41	0.17587221244487639	0.22158534973685423	0.48654244306418215	0.8811475409836066	0.5964649207669286	0.15022792581327515	0.13739292041450069	0.1892755371574706	0.17310442564061707
historical_restricted	GSE294385	Patient1	nominal_honeycomb_exact	stromal_retention	baseline	CXCL12	1	1	42	41	0	0.0	NA	0.48654244306418215	0.8811475409836066	0.5964649207669286	0.0	0.0	NA	NA
historical_restricted	GSE294385	Patient1	nominal_honeycomb_exact	stromal_retention	baseline	TAGLN	1	1	42	41	41	0.1876466429002026	0.20643727341322624	0.48654244306418215	0.8811475409836066	0.5964649207669286	0.16314723908487272	0.15531694848301708	0.17948453903057007	0.17087013582624533
historical_restricted	GSE294385	Patient1	nominal_honeycomb_exact	stromal_retention	baseline	TGFB1	1	1	42	41	0	0.0	NA	0.48654244306418215	0.8811475409836066	0.5964649207669286	0.0	0.0	NA	NA
historical_restricted	GSE294385	Patient1	nominal_honeycomb_exact	stromal_retention	baseline	TGFB1_CXCL12	1	1	42	41	0	0.0	NA	0.48654244306418215	0.8811475409836066	0.5964649207669286	0.0	0.0	NA	NA
historical_restricted	GSE294385	Patient1	nominal_honeycomb_exact	stromal_retention	baseline	four_gene_mean	1	1	42	41	41	0.13005781647417758	0.2848144401409047	0.48654244306418215	0.8811475409836066	0.5964649207669286	0.09996238382775652	0.09846514368035092	0.21890826062503854	0.215629444896001
historical_restricted	GSE294385	Patient1	nominal_honeycomb_exact	stromal_retention	far500	four_gene_mean	1	1	42	41	41	0.17192922671735766	0.37650890795237413	0.48654244306418215	0.8385416666666667	0.5964649207669286	0.14655567194991148	0.13411352009354235	0.3209431988593754	0.2936960513123191
historical_restricted	GSE294385	Patient1	nominal_honeycomb_exact	stromal_retention	grid4	four_gene_mean	1	1	42	37	37	0.1327371555144864	0.29068194175980766	0.505175983436853	0.8811475409836066	0.5966892400300978	0.10141542372919476	0.10478783045994722	0.22209028195408873	0.22947553691980918
historical_restricted	GSE294385	Patient1	nominal_honeycomb_exact	stromal_retention	grid8	four_gene_mean	1	1	42	41	41	0.13005781647417758	0.2848144401409047	0.48654244306418215	0.8811475409836066	0.5964649207669286	0.09957444937054966	0.09451053639961285	0.21805872048792055	0.20696922524004369
historical_restricted	GSE294385	Patient1	nominal_honeycomb_exact	stromal_retention	near150	four_gene_mean	1	1	42	41	41	0.13005781647417758	0.2848144401409047	0.48654244306418215	0.8811475409836066	0.5964649207669286	0.09880454595065563	0.0966351304479979	0.21637270408810483	0.21162188727006964
historical_restricted	GSE294385	Patient1	nominal_honeycomb_exact	stricter_adjacency	baseline	ACTA2	1	1	42	20	20	0.2402051575345524	0.3500330864599355	0.489648033126294	0.896516393442623	0.5964649207669286	0.19709252449261694	0.17352219494723176	0.2872082572015857	0.25286097138836494
historical_restricted	GSE294385	Patient1	nominal_honeycomb_exact	stricter_adjacency	baseline	ACTA2_TAGLN	1	1	42	20	20	0.2520057802868006	0.31750774146917454	0.489648033126294	0.896516393442623	0.5964649207669286	0.22434887595306474	0.18152803300513864	0.282662186652774	0.2287112450643347
historical_restricted	GSE294385	Patient1	nominal_honeycomb_exact	stricter_adjacency	baseline	CXCL12	1	1	42	20	0	0.0	NA	0.489648033126294	0.896516393442623	0.5964649207669286	0.0	0.0	NA	NA
historical_restricted	GSE294385	Patient1	nominal_honeycomb_exact	stricter_adjacency	baseline	TAGLN	1	1	42	20	20	0.222505077385165	0.24478637499750747	0.489648033126294	0.896516393442623	0.5964649207669286	0.18942955265938236	0.15729356443414333	0.20839872086434127	0.1730446868932346
historical_restricted	GSE294385	Patient1	nominal_honeycomb_exact	stricter_adjacency	baseline	TGFB1	1	1	42	20	0	0.0	NA	0.489648033126294	0.896516393442623	0.5964649207669286	0.0	0.0	NA	NA
historical_restricted	GSE294385	Patient1	nominal_honeycomb_exact	stricter_adjacency	baseline	TGFB1_CXCL12	1	1	42	20	0	0.0	NA	0.489648033126294	0.896516393442623	0.5964649207669286	0.0	0.0	NA	NA
historical_restricted	GSE294385	Patient1	nominal_honeycomb_exact	stricter_adjacency	baseline	four_gene_mean	1	1	42	20	20	0.15612424242342554	0.3418974722451952	0.489648033126294	0.896516393442623	0.5964649207669286	0.12191324486470864	0.10718419532822904	0.2669785909314958	0.23472335159820285
historical_restricted	GSE294385	Patient1	nominal_honeycomb_exact	stricter_adjacency	far500	four_gene_mean	1	1	42	20	20	0.1813451058302239	0.3971288015556001	0.489648033126294	0.8376736111111112	0.5964649207669286	0.15172690649136622	0.1441130842406019	0.3322677182976528	0.31559416048719735
historical_restricted	GSE294385	Patient1	nominal_honeycomb_exact	stricter_adjacency	grid4	four_gene_mean	1	1	42	17	17	0.1493660620560171	0.32709769004143313	0.5346790890269151	0.8975409836065574	0.5964649207669286	0.12237759419121191	0.11226354950313366	0.26799547247728195	0.2458466616369352
historical_restricted	GSE294385	Patient1	nominal_honeycomb_exact	stricter_adjacency	grid8	four_gene_mean	1	1	42	20	20	0.15612424242342554	0.3418974722451952	0.489648033126294	0.896516393442623	0.5964649207669286	0.12168324006022505	0.09670465873202083	0.26647490194613044	0.2117741477018129
historical_restricted	GSE294385	Patient1	nominal_honeycomb_exact	stricter_adjacency	near150	four_gene_mean	1	1	42	20	20	0.15612424242342554	0.3418974722451952	0.489648033126294	0.896516393442623	0.5964649207669286	0.12258250250426489	0.10876282315845937	0.26844420249631923	0.23818039873190722
historical_restricted	GSE294385	Patient10	historical_raw_6nn	stromal_retention	baseline	ACTA2	2	2	84	63	63	0.18872651145588293	0.4344217181395782	0.45074695311322976	0.5711887835703002	0.40680113027525316	0.1550314604736021	0.10525020451003894	0.35965761666986795	0.26324645614833797
historical_restricted	GSE294385	Patient10	historical_raw_6nn	stromal_retention	baseline	ACTA2_TAGLN	2	2	84	63	63	0.20517274007392539	0.48366045382847883	0.45074695311322976	0.5711887835703002	0.40680113027525316	0.17023178899549124	0.09854196469220874	0.40661767376871255	0.25755584045707397
historical_restricted	GSE294385	Patient10	historical_raw_6nn	stromal_retention	baseline	CXCL12	2	2	84	63	63	0.1707299286271785	0.3751502753430189	0.45074695311322976	0.5711887835703002	0.40680113027525316	0.11557244465279126	0.07074101393408448	0.2603390243519953	0.16095104538202695
historical_restricted	GSE294385	Patient10	historical_raw_6nn	stromal_retention	baseline	TAGLN	2	2	84	63	63	0.20138837113254848	0.45636154728764505	0.45074695311322976	0.5711887835703002	0.40680113027525316	0.1523682091466978	0.09225329311566585	0.36438044664376285	0.23388865063116412
historical_restricted	GSE294385	Patient10	historical_raw_6nn	stromal_retention	baseline	TGFB1	2	2	84	63	40	0.01778290184513904	0.17620642228988034	0.45074695311322976	0.5711887835703002	0.40680113027525316	0.012756454092030026	0.002463202986441676	0.12640058165063445	0.024407275561343734
historical_restricted	GSE294385	Patient10	historical_raw_6nn	stromal_retention	baseline	TGFB1_CXCL12	2	2	84	63	63	0.0839457842585542	0.3417648434650242	0.45074695311322976	0.5711887835703002	0.40680113027525316	0.06698586026445494	0.06420022687360159	0.2725403937072909	0.26128445636024833
historical_restricted	GSE294385	Patient10	historical_raw_6nn	stromal_retention	baseline	four_gene_mean	2	2	84	63	63	0.13934331060342142	0.490396826397153	0.45074695311322976	0.5711887835703002	0.40680113027525316	0.12086330272942411	0.09355361128909809	0.42973638117779567	0.34216232203174585
historical_restricted	GSE294385	Patient10	historical_raw_6nn	stromal_retention	far500	four_gene_mean	2	2	84	63	63	0.16115159646807514	0.5664094385585351	0.45074695311322976	0.5552775775054073	0.40680113027525316	0.14016406923292174	0.08754191282033508	0.49439481589269424	0.32281330959051596
historical_restricted	GSE294385	Patient10	historical_raw_6nn	stromal_retention	grid4	four_gene_mean	2	2	84	63	63	0.13934331060342142	0.490396826397153	0.45074695311322976	0.5711887835703002	0.40680113027525316	0.12036956670299376	0.07865382549360389	0.42837885142404136	0.2878281581951368
historical_restricted	GSE294385	Patient10	historical_raw_6nn	stromal_retention	grid8	four_gene_mean	2	2	84	63	63	0.13934331060342142	0.490396826397153	0.45074695311322976	0.5711887835703002	0.40680113027525316	0.12038999937553291	0.06442283530370507	0.42857578508931815	0.2389158866131982
historical_restricted	GSE294385	Patient10	historical_raw_6nn	stromal_retention	near150	four_gene_mean	2	2	84	63	63	0.13934331060342142	0.490396826397153	0.45074695311322976	0.5711887835703002	0.40680113027525316	0.11931596746601458	0.09347919689341097	0.4251737986459939	0.3418669822140469
historical_restricted	GSE294385	Patient10	historical_raw_6nn	stricter_adjacency	baseline	ACTA2	2	2	84	45	45	0.2721233499508655	0.6485069022549877	0.3325243103370804	0.7474687634640241	0.4259248364789629	0.2464842173273747	0.1816461726152141	0.5927022066423854	0.4200299300124841
historical_restricted	GSE294385	Patient10	historical_raw_6nn	stricter_adjacency	baseline	ACTA2_TAGLN	2	2	84	45	45	0.24568681612384102	0.5940983144704703	0.3325243103370804	0.7474687634640241	0.4259248364789629	0.21187214202814553	0.1839329896677766	0.5239955773477406	0.4446086926302368
historical_restricted	GSE294385	Patient10	historical_raw_6nn	stricter_adjacency	baseline	CXCL12	2	2	84	45	45	0.14690545875210287	0.3242510723850806	0.3325243103370804	0.7474687634640241	0.4259248364789629	0.10386996186650407	0.05845788072553676	0.23377658648939642	0.1331207377032243
historical_restricted	GSE294385	Patient10	historical_raw_6nn	stricter_adjacency	baseline	TAGLN	2	2	84	45	45	0.2579256061488555	0.5895064352593031	0.3325243103370804	0.7474687634640241	0.4259248364789629	0.21402414324613317	0.183898758044591	0.5048818732094198	0.4160102963464238
historical_restricted	GSE294385	Patient10	historical_raw_6nn	stricter_adjacency	baseline	TGFB1	2	2	84	45	31	0.012095050557132447	0.11984689589174692	0.3325243103370804	0.7474687634640241	0.4259248364789629	-4.022428132791772e-05	0.0003060658238310948	-0.00039857255939988734	0.0030327313434069247
historical_restricted	GSE294385	Patient10	historical_raw_6nn	stricter_adjacency	baseline	TGFB1_CXCL12	2	2	84	45	45	0.0769390028564475	0.3132281595515749	0.3325243103370804	0.7474687634640241	0.4259248364789629	0.0632110981735768	0.0612976370359721	0.2572999121445881	0.24951951720671484
historical_restricted	GSE294385	Patient10	historical_raw_6nn	stricter_adjacency	baseline	four_gene_mean	2	2	84	45	45	0.18718988979423168	0.6733440594591379	0.3325243103370804	0.7474687634640241	0.4259248364789629	0.15940255607691295	0.10817374988794604	0.5841256742794608	0.3817518026360547
historical_restricted	GSE294385	Patient10	historical_raw_6nn	stricter_adjacency	far500	four_gene_mean	2	2	84	45	45	0.204702215259693	0.7330594040059799	0.3325243103370804	0.6998990627253064	0.4259248364789629	0.1797900920703675	0.11122508988201207	0.6521803115846643	0.390923468438648
historical_restricted	GSE294385	Patient10	historical_raw_6nn	stricter_adjacency	grid4	four_gene_mean	2	2	84	45	45	0.18718988979423168	0.6733440594591379	0.3325243103370804	0.7474687634640241	0.4259248364789629	0.16034924640045745	0.10595177684808621	0.587170929658714	0.36609264758724624
historical_restricted	GSE294385	Patient10	historical_raw_6nn	stricter_adjacency	grid8	four_gene_mean	2	2	84	45	45	0.18718988979423168	0.6733440594591379	0.3325243103370804	0.7474687634640241	0.4259248364789629	0.1598493531517694	0.10149769109783313	0.5852077581961277	0.3523168499600912
historical_restricted	GSE294385	Patient10	historical_raw_6nn	stricter_adjacency	near150	four_gene_mean	2	2	84	45	45	0.18718988979423168	0.6733440594591379	0.3325243103370804	0.7474687634640241	0.4259248364789629	0.16026475401428059	0.10919553706124457	0.5867326384072259	0.38529420252907376
historical_restricted	GSE294385	Patient10	nominal_honeycomb_exact	stromal_retention	baseline	ACTA2	2	2	84	63	63	0.18951534396227032	0.43585157385678164	0.45074695311322976	0.571509296390813	0.40680113027525316	0.1544113399022018	0.10496092829349526	0.3580380275833758	0.262490944035205
historical_restricted	GSE294385	Patient10	nominal_honeycomb_exact	stromal_retention	baseline	ACTA2_TAGLN	2	2	84	63	63	0.2108932234998273	0.49344998343150837	0.45074695311322976	0.571509296390813	0.40680113027525316	0.1755766070499291	0.10268203441923035	0.4149907226561001	0.2654598727993121
historical_restricted	GSE294385	Patient10	nominal_honeycomb_exact	stromal_retention	baseline	CXCL12	2	2	84	63	63	0.1848724395874285	0.40412134383328413	0.45074695311322976	0.571509296390813	0.40680113027525316	0.13163803909471566	0.09437401614430674	0.2933143172684907	0.20920871907984093
historical_restricted	GSE294385	Patient10	nominal_honeycomb_exact	stromal_retention	baseline	TAGLN	2	2	84	63	63	0.22099168203236175	0.48846664559235836	0.45074695311322976	0.571509296390813	0.40680113027525316	0.17259113130924447	0.09249168635464133	0.3975827686101422	0.23451187031715573
historical_restricted	GSE294385	Patient10	nominal_honeycomb_exact	stromal_retention	baseline	TGFB1	2	2	84	63	40	0.01778290184513904	0.17620642228988034	0.45074695311322976	0.571509296390813	0.40680113027525316	0.012646152986286241	0.00264251702882198	0.1253076349883301	0.026184054522917215
historical_restricted	GSE294385	Patient10	nominal_honeycomb_exact	stromal_retention	baseline	TGFB1_CXCL12	2	2	84	63	63	0.0874718702326342	0.3562152502554222	0.45074695311322976	0.571509296390813	0.40680113027525316	0.07009932944233233	0.06270944166616904	0.2852954069466865	0.25518318455368033
historical_restricted	GSE294385	Patient10	nominal_honeycomb_exact	stromal_retention	baseline	four_gene_mean	2	2	84	63	63	0.14588705429353177	0.50986788384728	0.45074695311322976	0.571509296390813	0.40680113027525316	0.12818834921432024	0.09318922813177459	0.4515661562158997	0.3407161387460682
historical_restricted	GSE294385	Patient10	nominal_honeycomb_exact	stromal_retention	far500	four_gene_mean	2	2	84	63	63	0.16229321832530857	0.5688168810221343	0.45074695311322976	0.5556436457599248	0.40680113027525316	0.1409989757065645	0.08551071818375015	0.4964695484276049	0.3178467015275945
historical_restricted	GSE294385	Patient10	nominal_honeycomb_exact	stromal_retention	grid4	four_gene_mean	2	2	84	63	63	0.14588705429353177	0.50986788384728	0.45074695311322976	0.571509296390813	0.40680113027525316	0.12780272722429456	0.09040710387495038	0.4505897606081597	0.3231388908790024
historical_restricted	GSE294385	Patient10	nominal_honeycomb_exact	stromal_retention	grid8	four_gene_mean	2	2	84	63	63	0.14588705429353177	0.50986788384728	0.45074695311322976	0.571509296390813	0.40680113027525316	0.1280089779840297	0.06838940779632469	0.45102827273823476	0.25107803847346155
historical_restricted	GSE294385	Patient10	nominal_honeycomb_exact	stromal_retention	near150	four_gene_mean	2	2	84	63	63	0.14588705429353177	0.50986788384728	0.45074695311322976	0.571509296390813	0.40680113027525316	0.1280795307030748	0.09360650078117744	0.4510860271014331	0.3423722326653628
historical_restricted	GSE294385	Patient10	nominal_honeycomb_exact	stricter_adjacency	baseline	ACTA2	2	2	84	45	45	0.26421408622171816	0.6383740324023509	0.32703581727401765	0.7539372949325556	0.4259248364789629	0.23847483046788565	0.16510402941169378	0.5838749851775082	0.3914099811836344
historical_restricted	GSE294385	Patient10	nominal_honeycomb_exact	stricter_adjacency	baseline	ACTA2_TAGLN	2	2	84	45	45	0.2634978215895487	0.6399267251098315	0.32703581727401765	0.7539372949325556	0.4259248364789629	0.22876305056184487	0.200963955333177	0.5645542846895912	0.48768629622225035
historical_restricted	GSE294385	Patient10	nominal_honeycomb_exact	stricter_adjacency	baseline	CXCL12	2	2	84	45	45	0.13721975234374562	0.2996646291914433	0.32703581727401765	0.7539372949325556	0.4259248364789629	0.09370136902065138	0.05562782895252999	0.20798501134124026	0.12481218064851815
historical_restricted	GSE294385	Patient10	nominal_honeycomb_exact	stricter_adjacency	baseline	TAGLN	2	2	84	45	45	0.2871931106439447	0.6527748574528429	0.32703581727401765	0.7539372949325556	0.4259248364789629	0.22797405518032687	0.18709748444474972	0.542496210131429	0.4199085984043911
historical_restricted	GSE294385	Patient10	nominal_honeycomb_exact	stricter_adjacency	baseline	TGFB1	2	2	84	45	31	0.017547298172858855	0.17387188316165608	0.32703581727401765	0.7539372949325556	0.4259248364789629	0.01064274495620196	0.007170158934102028	0.10545635512173937	0.07104735009113818
historical_restricted	GSE294385	Patient10	nominal_honeycomb_exact	stricter_adjacency	baseline	TGFB1_CXCL12	2	2	84	45	45	0.07736019355051382	0.3151592257161193	0.32703581727401765	0.7539372949325556	0.4259248364789629	0.060234969995535764	0.05458550401408305	0.2454267298788424	0.22243054937979478
historical_restricted	GSE294385	Patient10	nominal_honeycomb_exact	stricter_adjacency	baseline	four_gene_mean	2	2	84	45	45	0.19007969749987175	0.6771922998067015	0.32703581727401765	0.7539372949325556	0.4259248364789629	0.16454713972511104	0.11464305772093536	0.5946949082020268	0.4012948780404005
historical_restricted	GSE294385	Patient10	nominal_honeycomb_exact	stricter_adjacency	far500	four_gene_mean	2	2	84	45	45	0.20266317987936222	0.7217224032695567	0.32703581727401765	0.704648226450552	0.4259248364789629	0.1768742927981249	0.11842228648677378	0.6379941114641956	0.41312938223713563
historical_restricted	GSE294385	Patient10	nominal_honeycomb_exact	stricter_adjacency	grid4	four_gene_mean	2	2	84	45	45	0.19007969749987175	0.6771922998067015	0.32703581727401765	0.7539372949325556	0.4259248364789629	0.1636713849161518	0.11360094162942397	0.5921573695043262	0.38950480832787665
historical_restricted	GSE294385	Patient10	nominal_honeycomb_exact	stricter_adjacency	grid8	four_gene_mean	2	2	84	45	45	0.19007969749987175	0.6771922998067015	0.32703581727401765	0.7539372949325556	0.4259248364789629	0.16359286017920832	0.10508024536739224	0.5917601188582443	0.3616809966695715
historical_restricted	GSE294385	Patient10	nominal_honeycomb_exact	stricter_adjacency	near150	four_gene_mean	2	2	84	45	45	0.19007969749987175	0.6771922998067015	0.32703581727401765	0.7539372949325556	0.4259248364789629	0.1641715372289434	0.11475730857778149	0.5933652435606742	0.401040510991601
historical_restricted	GSE294385	Patient11	historical_raw_6nn	stromal_retention	baseline	ACTA2	2	2	84	60	60	0.18521982029352324	0.3409764074671122	0.47882642399198794	0.7233649789029535	0.3368539273225524	0.1298953375682943	0.057362540937021395	0.23851913747260003	0.1042100555855065
historical_restricted	GSE294385	Patient11	historical_raw_6nn	stromal_retention	baseline	ACTA2_TAGLN	2	2	84	60	60	0.1948839392580075	0.36829409928150253	0.47882642399198794	0.7233649789029535	0.3368539273225524	0.12896037351927575	0.04612791242165476	0.2459715536154303	0.09215248261182221
historical_restricted	GSE294385	Patient11	historical_raw_6nn	stromal_retention	baseline	CXCL12	2	2	84	60	60	0.187873324601843	0.4081527484275528	0.47882642399198794	0.7233649789029535	0.3368539273225524	0.13405878824785167	0.07885028504097719	0.2871993038816828	0.1649848846346582
historical_restricted	GSE294385	Patient11	historical_raw_6nn	stromal_retention	baseline	TAGLN	2	2	84	60	60	0.22836568698498938	0.42683437056754386	0.47882642399198794	0.7233649789029535	0.3368539273225524	0.16905341111358718	0.051498566587347694	0.3225146184738757	0.11227180195174327
historical_restricted	GSE294385	Patient11	historical_raw_6nn	stromal_retention	baseline	TGFB1	2	2	84	60	24	0.07517520533628769	0.6417086880592118	0.47882642399198794	0.7233649789029535	0.3368539273225524	0.029991241305932476	0.007045949447198024	0.2560104761351033	0.060145455614877226
historical_restricted	GSE294385	Patient11	historical_raw_6nn	stromal_retention	baseline	TGFB1_CXCL12	2	2	84	60	60	0.09572412556208278	0.4145425663655007	0.47882642399198794	0.7233649789029535	0.3368539273225524	0.06675905654556205	0.04612643975566931	0.28664898764972657	0.19742890625633402
historical_restricted	GSE294385	Patient11	historical_raw_6nn	stromal_retention	baseline	four_gene_mean	2	2	84	60	60	0.10356377294212404	0.33946208637589514	0.47882642399198794	0.7233649789029535	0.3368539273225524	0.0762127309431867	0.05521101378083204	0.25256958678182395	0.18371658119782283
historical_restricted	GSE294385	Patient11	historical_raw_6nn	stromal_retention	far500	four_gene_mean	2	2	84	60	60	0.11382757819159978	0.37327878072374443	0.47882642399198794	0.6996594005449591	0.3368539273225524	0.08511833670052837	0.057829252067420345	0.2826008159268769	0.192543874488032
historical_restricted	GSE294385	Patient11	historical_raw_6nn	stromal_retention	grid4	four_gene_mean	2	2	84	59	59	0.10690382070198992	0.35069696105706194	0.47882642399198794	0.7233649789029535	0.3368539273225524	0.08043206784367303	0.04782044894289039	0.2665816409781399	0.16085301459643897
historical_restricted	GSE294385	Patient11	historical_raw_6nn	stromal_retention	grid8	four_gene_mean	2	2	84	60	60	0.10356377294212404	0.33946208637589514	0.47882642399198794	0.7233649789029535	0.3368539273225524	0.07632414867134843	0.05129804477838146	0.2528541086602407	0.17047472022091614
historical_restricted	GSE294385	Patient11	historical_raw_6nn	stromal_retention	near150	four_gene_mean	2	2	84	60	60	0.10356377294212404	0.33946208637589514	0.47882642399198794	0.7233649789029535	0.3368539273225524	0.07724721156548067	0.05596283378196126	0.25569279734561473	0.18610326431766747
historical_restricted	GSE294385	Patient11	historical_raw_6nn	stricter_adjacency	baseline	ACTA2	2	2	84	51	51	0.11878685681452861	0.21832794078515558	0.23011675038837937	0.7566983122362869	0.3368539273225524	0.07389251233685501	0.031187759463942505	0.13503913641962179	0.056379522395022745
historical_restricted	GSE294385	Patient11	historical_raw_6nn	stricter_adjacency	baseline	ACTA2_TAGLN	2	2	84	51	51	0.14923175285270424	0.2806314829465946	0.23011675038837937	0.7566983122362869	0.3368539273225524	0.06650249126936619	-0.005998831532676663	0.12696258130967172	-0.00221448512258228
historical_restricted	GSE294385	Patient11	historical_raw_6nn	stricter_adjacency	baseline	CXCL12	2	2	84	51	51	0.18952845266538107	0.40789856026754856	0.23011675038837937	0.7566983122362869	0.3368539273225524	0.1208671660175197	0.07142855223297814	0.259228593691039	0.1531358768051748
historical_restricted	GSE294385	Patient11	historical_raw_6nn	stricter_adjacency	baseline	TAGLN	2	2	84	51	51	0.15426385992962866	0.2831942105980075	0.23011675038837937	0.7566983122362869	0.3368539273225524	0.09511550661198875	0.02252733271990559	0.1812282723155528	0.058942436157806546
historical_restricted	GSE294385	Patient11	historical_raw_6nn	stricter_adjacency	baseline	TGFB1	2	2	84	51	16	0.07856054469962215	0.6706065363825063	0.23011675038837937	0.7566983122362869	0.3368539273225524	0.026519493650335194	0.0032696047130188755	0.22637503153099559	0.02790991712596988
historical_restricted	GSE294385	Patient11	historical_raw_6nn	stricter_adjacency	baseline	TGFB1_CXCL12	2	2	84	51	51	0.10063121815573264	0.43386481591787807	0.23011675038837937	0.7566983122362869	0.3368539273225524	0.06509446425735686	0.050955692302137895	0.2797510309089845	0.22350921894674458
historical_restricted	GSE294385	Patient11	historical_raw_6nn	stricter_adjacency	baseline	four_gene_mean	2	2	84	51	51	0.07514578193163216	0.24741711417421688	0.23011675038837937	0.7566983122362869	0.3368539273225524	0.04102120218067104	0.032193202563633894	0.13753284058223422	0.10925258107982751
historical_restricted	GSE294385	Patient11	historical_raw_6nn	stricter_adjacency	far500	four_gene_mean	2	2	84	51	51	0.07924238361184127	0.2614870978477754	0.23011675038837937	0.7371594005449591	0.3368539273225524	0.04748313818739838	0.047716777956098855	0.15937326482219347	0.15978651703012867
historical_restricted	GSE294385	Patient11	historical_raw_6nn	stricter_adjacency	grid4	four_gene_mean	2	2	84	49	49	0.07099047870906741	0.23343997542526734	0.23011675038837937	0.7566983122362869	0.3368539273225524	0.0409597537921004	0.017866184161803633	0.13739534158985064	0.06423062574057559
historical_restricted	GSE294385	Patient11	historical_raw_6nn	stricter_adjacency	grid8	four_gene_mean	2	2	84	51	51	0.07514578193163216	0.24741711417421688	0.23011675038837937	0.7566983122362869	0.3368539273225524	0.041138629182125186	0.029279086492562778	0.13787749187783244	0.10013894768175743
historical_restricted	GSE294385	Patient11	historical_raw_6nn	stricter_adjacency	near150	four_gene_mean	2	2	84	51	51	0.07514578193163216	0.24741711417421688	0.23011675038837937	0.7566983122362869	0.3368539273225524	0.03977843631493824	0.03310504734130565	0.13366934575806652	0.11215034197793276
historical_restricted	GSE294385	Patient11	nominal_honeycomb_exact	stromal_retention	baseline	ACTA2	2	2	84	60	60	0.18784005091682743	0.34586758969179776	0.47882642399198794	0.7255579613590939	0.3368539273225524	0.13257741409642404	0.057256808224732336	0.24353100182401136	0.10399220981583562
historical_restricted	GSE294385	Patient11	nominal_honeycomb_exact	stromal_retention	baseline	ACTA2_TAGLN	2	2	84	60	60	0.1899586836035856	0.35953012424622305	0.47882642399198794	0.7255579613590939	0.3368539273225524	0.12742319610555047	0.04969133826316352	0.24321663685245615	0.09857022075694641
historical_restricted	GSE294385	Patient11	nominal_honeycomb_exact	stromal_retention	baseline	CXCL12	2	2	84	60	60	0.1820841276484688	0.39412586761030916	0.47882642399198794	0.7255579613590939	0.3368539273225524	0.12331314023802388	0.07429226640921482	0.2614368270036347	0.15384003927910186
historical_restricted	GSE294385	Patient11	nominal_honeycomb_exact	stromal_retention	baseline	TAGLN	2	2	84	60	60	0.22836568698498916	0.4268343705675435	0.47882642399198794	0.7255579613590939	0.3368539273225524	0.16884150688849137	0.054487536526795666	0.3222517784755421	0.11708640417554592
historical_restricted	GSE294385	Patient11	nominal_honeycomb_exact	stromal_retention	baseline	TGFB1	2	2	84	60	24	0.0687706813957282	0.5870385526448109	0.47882642399198794	0.7255579613590939	0.3368539273225524	0.02974386575221661	0.006010014059731478	0.253898835184835	0.05130253013923001
historical_restricted	GSE294385	Patient11	nominal_honeycomb_exact	stromal_retention	baseline	TGFB1_CXCL12	2	2	84	60	60	0.09021851821922834	0.3886204751264738	0.47882642399198794	0.7255579613590939	0.3368539273225524	0.06444584027719351	0.05359301128975546	0.2758010932724341	0.23278987880279706
historical_restricted	GSE294385	Patient11	nominal_honeycomb_exact	stromal_retention	baseline	four_gene_mean	2	2	84	60	60	0.10361119542599295	0.33960987337878956	0.47882642399198794	0.7255579613590939	0.3368539273225524	0.07852674689961775	0.05456985747411208	0.2597534137597185	0.18173967265179777
historical_restricted	GSE294385	Patient11	nominal_honeycomb_exact	stromal_retention	far500	four_gene_mean	2	2	84	60	60	0.11398607318013138	0.3737727130827836	0.47882642399198794	0.7018198943721197	0.3368539273225524	0.08959777534078248	0.05671424664416705	0.2966734731071088	0.18917048628300331
historical_restricted	GSE294385	Patient11	nominal_honeycomb_exact	stromal_retention	grid4	four_gene_mean	2	2	84	59	59	0.10695124318585883	0.35084474805995636	0.47882642399198794	0.7255579613590939	0.3368539273225524	0.08122757227204984	0.04785655242921921	0.2690230467879756	0.16097445541813366
historical_restricted	GSE294385	Patient11	nominal_honeycomb_exact	stromal_retention	grid8	four_gene_mean	2	2	84	60	60	0.10361119542599295	0.33960987337878956	0.47882642399198794	0.7255579613590939	0.3368539273225524	0.0771854287796927	0.04993026490283359	0.2554758599683681	0.16617473075797162
historical_restricted	GSE294385	Patient11	nominal_honeycomb_exact	stromal_retention	near150	four_gene_mean	2	2	84	60	60	0.10361119542599295	0.33960987337878956	0.47882642399198794	0.7255579613590939	0.3368539273225524	0.07725662902131453	0.0543652719181037	0.2557764030139932	0.18109270547239792
historical_restricted	GSE294385	Patient11	nominal_honeycomb_exact	stricter_adjacency	baseline	ACTA2	2	2	84	50	50	0.12202887604607832	0.2243614474729533	0.23026953922828822	0.7584526982011992	0.3368539273225524	0.06813885457777934	0.038097651091421755	0.12459730669730139	0.06953983029286007
historical_restricted	GSE294385	Patient11	nominal_honeycomb_exact	stricter_adjacency	baseline	ACTA2_TAGLN	2	2	84	50	50	0.11653892402579025	0.21862786196075293	0.23026953922828822	0.7584526982011992	0.3368539273225524	0.040812252894861956	-0.03787768060297514	0.0786307008445305	-0.06403615068126474
historical_restricted	GSE294385	Patient11	nominal_honeycomb_exact	stricter_adjacency	baseline	CXCL12	2	2	84	50	50	0.18670558340651372	0.40109667300427526	0.23026953922828822	0.7584526982011992	0.3368539273225524	0.11276311528723348	0.0751305797709503	0.23984862426007936	0.16245794421037058
historical_restricted	GSE294385	Patient11	nominal_honeycomb_exact	stricter_adjacency	baseline	TAGLN	2	2	84	50	50	0.15631948553799624	0.28674155580280963	0.23026953922828822	0.7584526982011992	0.3368539273225524	0.09323712940111312	0.017640895064166884	0.17661751383902521	0.0478042432799001
historical_restricted	GSE294385	Patient11	nominal_honeycomb_exact	stricter_adjacency	baseline	TGFB1	2	2	84	50	16	0.07072507992928759	0.6037216400179005	0.23026953922828822	0.7584526982011992	0.3368539273225524	0.026646675510664228	0.005459682358580048	0.22746067811315768	0.04660480257914567
historical_restricted	GSE294385	Patient11	nominal_honeycomb_exact	stricter_adjacency	baseline	TGFB1_CXCL12	2	2	84	50	50	0.09552102924206929	0.4108953158864772	0.23026953922828822	0.7584526982011992	0.3368539273225524	0.06893191177100835	0.06045301048650498	0.29938459167017717	0.267327162540248
historical_restricted	GSE294385	Patient11	nominal_honeycomb_exact	stricter_adjacency	baseline	four_gene_mean	2	2	84	50	50	0.06984821659444035	0.22981490655331888	0.23026953922828822	0.7584526982011992	0.3368539273225524	0.03725224769168503	0.030222777380228744	0.1256119172380542	0.10225641427589008
historical_restricted	GSE294385	Patient11	nominal_honeycomb_exact	stricter_adjacency	far500	four_gene_mean	2	2	84	50	50	0.0778043936485247	0.2564456218373854	0.23026953922828822	0.7388569314091566	0.3368539273225524	0.04352662015139447	0.04210655051641907	0.14589862379102989	0.1407395061168127
historical_restricted	GSE294385	Patient11	nominal_honeycomb_exact	stricter_adjacency	grid4	four_gene_mean	2	2	84	49	49	0.0716831893257866	0.23598718017399947	0.23026953922828822	0.7584526982011992	0.3368539273225524	0.03941585172590814	0.01867985110444717	0.13288960364608918	0.06667981093029603
historical_restricted	GSE294385	Patient11	nominal_honeycomb_exact	stricter_adjacency	grid8	four_gene_mean	2	2	84	50	50	0.06984821659444035	0.22981490655331888	0.23026953922828822	0.7584526982011992	0.3368539273225524	0.03718342404466318	0.030638007210898044	0.12537379129885123	0.10407206128067245
historical_restricted	GSE294385	Patient11	nominal_honeycomb_exact	stricter_adjacency	near150	four_gene_mean	2	2	84	50	50	0.06984821659444035	0.22981490655331888	0.23026953922828822	0.7584526982011992	0.3368539273225524	0.03750069173437162	0.03120457490961956	0.1263561865187941	0.10530653713428871
historical_restricted	GSE294385	Patient6	historical_raw_6nn	stromal_retention	baseline	ACTA2	1	1	42	18	18	0.791203972961041	1.011328874520092	0.27147766323024053	0.5595238095238095	0.09018463154492566	0.6645393651637634	0.012198976666703998	0.8494242587409986	0.015592916320254755
historical_restricted	GSE294385	Patient6	historical_raw_6nn	stromal_retention	baseline	ACTA2_TAGLN	1	1	42	18	18	0.9048827792472509	0.9922171888690785	0.27147766323024053	0.5595238095238095	0.09018463154492566	0.8251176171030592	0.07819590118851938	0.904753523113129	0.08574294818926696
historical_restricted	GSE294385	Patient6	historical_raw_6nn	stromal_retention	baseline	CXCL12	1	1	42	18	0	0.7191100321676571	NA	0.27147766323024053	0.5595238095238095	0.09018463154492566	0.683416316579855	0.012447991646844347	NA	NA
historical_restricted	GSE294385	Patient6	historical_raw_6nn	stromal_retention	baseline	TAGLN	1	1	42	18	18	1.0614357793332245	1.1566864197126439	0.27147766323024053	0.5595238095238095	0.09018463154492566	0.9637883622704992	0.03474888858135783	1.0502763632253616	0.03786716851340103
historical_restricted	GSE294385	Patient6	historical_raw_6nn	stromal_retention	baseline	TGFB1	1	1	42	18	0	0.0	NA	0.27147766323024053	0.5595238095238095	0.09018463154492566	0.0	0.0	NA	NA
historical_restricted	GSE294385	Patient6	historical_raw_6nn	stromal_retention	baseline	TGFB1_CXCL12	1	1	42	18	18	0.4815898788603413	12.773376370425161	0.27147766323024053	0.5595238095238095	0.09018463154492566	0.4574882738426098	0.04151710469208497	12.13412109215531	1.1011726519197347
historical_restricted	GSE294385	Patient6	historical_raw_6nn	stromal_retention	baseline	four_gene_mean	1	1	42	18	18	0.6005326333655807	1.0853537507532915	0.27147766323024053	0.5595238095238095	0.09018463154492566	0.5529272719497941	0.024011673558379243	0.9993156993671044	0.04339674234253567
historical_restricted	GSE294385	Patient6	historical_raw_6nn	stromal_retention	far500	four_gene_mean	1	1	42	18	18	0.5957263375255484	1.0766672432641415	0.27147766323024053	0.5561224489795918	0.09018463154492566	0.5467672199790277	0.03208527266461181	0.9881825233499463	0.05798830753844991
historical_restricted	GSE294385	Patient6	historical_raw_6nn	stromal_retention	grid4	four_gene_mean	1	1	42	18	18	0.6005326333655807	1.0853537507532915	0.27147766323024053	0.5595238095238095	0.09018463154492566	0.553292315699204	0.005168105182812355	0.9999754496963924	0.009340412215431164
historical_restricted	GSE294385	Patient6	historical_raw_6nn	stromal_retention	grid8	four_gene_mean	1	1	42	18	18	0.6005326333655807	1.0853537507532915	0.27147766323024053	0.5595238095238095	0.09018463154492566	0.5530831097717699	0.021738769501581823	0.9995973479490355	0.039288880744204016
historical_restricted	GSE294385	Patient6	historical_raw_6nn	stromal_retention	near150	four_gene_mean	1	1	42	18	18	0.6005326333655807	1.0853537507532915	0.27147766323024053	0.5595238095238095	0.09018463154492566	0.5515137036430484	0.024528257970913292	0.9967609311856086	0.04433037491897419
historical_restricted	GSE294385	Patient6	historical_raw_6nn	stricter_adjacency	baseline	ACTA2	1	1	42	6	6	0.7315437178578903	0.935070234891115	0.18900343642611683	0.8333333333333334	0.07989397955319955	0.6224468677394519	0.3554601602736853	0.7956209924523383	0.4543545483991382
historical_restricted	GSE294385	Patient6	historical_raw_6nn	stricter_adjacency	baseline	ACTA2_TAGLN	1	1	42	6	6	0.7566437256847394	0.8296709006871279	0.18900343642611683	0.8333333333333334	0.07989397955319955	0.658418227696744	0.28690583636459865	0.7219652069507642	0.3145964416127204
historical_restricted	GSE294385	Patient6	historical_raw_6nn	stricter_adjacency	baseline	CXCL12	1	1	42	6	0	0.3166635905701307	NA	0.18900343642611683	0.8333333333333334	0.07989397955319955	0.27908721087542365	0.23329649703300914	NA	NA
historical_restricted	GSE294385	Patient6	historical_raw_6nn	stricter_adjacency	baseline	TAGLN	1	1	42	6	6	0.8674497286618097	0.945292537205436	0.18900343642611683	0.8333333333333334	0.07989397955319955	0.7521119338995773	0.2665757589392682	0.8196046119643217	0.2904976129439877
historical_restricted	GSE294385	Patient6	historical_raw_6nn	stricter_adjacency	baseline	TGFB1	1	1	42	6	0	0.0	NA	0.18900343642611683	0.8333333333333334	0.07989397955319955	0.0	0.0	NA	NA
historical_restricted	GSE294385	Patient6	historical_raw_6nn	stricter_adjacency	baseline	TGFB1_CXCL12	1	1	42	6	6	0.3033605669411836	8.046138151107217	0.18900343642611683	0.8333333333333334	0.07989397955319955	0.27925896192345206	0.022688239930527043	7.406882872837363	0.601768102977872
historical_restricted	GSE294385	Patient6	historical_raw_6nn	stricter_adjacency	baseline	four_gene_mean	1	1	42	6	6	0.5139935570946303	0.928950075417595	0.18900343642611683	0.8333333333333334	0.07989397955319955	0.4526919715601093	0.22423694865973487	0.8181585845136978	0.4052675904077947
historical_restricted	GSE294385	Patient6	historical_raw_6nn	stricter_adjacency	far500	four_gene_mean	1	1	42	6	6	0.509187261254598	0.9202635679284451	0.18900343642611683	0.8061224489795918	0.07989397955319955	0.44838848095482153	0.25707517518481765	0.8103808062377632	0.46461672540374077
historical_restricted	GSE294385	Patient6	historical_raw_6nn	stricter_adjacency	grid4	four_gene_mean	1	1	42	6	6	0.5139935570946303	0.928950075417595	0.18900343642611683	0.8333333333333334	0.07989397955319955	0.4545944519571973	0.23041595469469023	0.821596972571216	0.41643502245621
historical_restricted	GSE294385	Patient6	historical_raw_6nn	stricter_adjacency	grid8	four_gene_mean	1	1	42	6	6	0.5139935570946303	0.928950075417595	0.18900343642611683	0.8333333333333334	0.07989397955319955	0.4537722496440999	0.20428379420372433	0.8201109911027367	0.3692058848068481
historical_restricted	GSE294385	Patient6	historical_raw_6nn	stricter_adjacency	near150	four_gene_mean	1	1	42	6	6	0.5139935570946303	0.928950075417595	0.18900343642611683	0.8333333333333334	0.07989397955319955	0.45379950976616096	0.2238157276791123	0.8201602588262227	0.40450630992807696
historical_restricted	GSE294385	Patient6	nominal_honeycomb_exact	stromal_retention	baseline	ACTA2	1	1	42	18	18	0.776173542178783	0.9921167507618085	0.27147766323024053	0.5595238095238095	0.09018463154492566	0.6504882017336469	0.012198976666703998	0.8314638493104238	0.015592916320254755
historical_restricted	GSE294385	Patient6	nominal_honeycomb_exact	stromal_retention	baseline	ACTA2_TAGLN	1	1	42	18	18	0.8909658154906985	0.9769570347664595	0.27147766323024053	0.5595238095238095	0.09018463154492566	0.8075480315721836	0.0748971415335602	0.8854882158657724	0.08212581002876276
historical_restricted	GSE294385	Patient6	nominal_honeycomb_exact	stromal_retention	baseline	CXCL12	1	1	42	18	0	0.7117341655569829	NA	0.27147766323024053	0.5595238095238095	0.09018463154492566	0.6686645833585065	0.012447991646844347	NA	NA
historical_restricted	GSE294385	Patient6	nominal_honeycomb_exact	stromal_retention	baseline	TAGLN	1	1	42	18	18	1.0585929353047896	1.153588465841975	0.27147766323024053	0.5595238095238095	0.09018463154492566	0.963148786566084	0.038738986270520304	1.049579393567772	0.04221532777111918
historical_restricted	GSE294385	Patient6	nominal_honeycomb_exact	stromal_retention	baseline	TGFB1	1	1	42	18	0	0.0	NA	0.27147766323024053	0.5595238095238095	0.09018463154492566	0.0	0.0	NA	NA
historical_restricted	GSE294385	Patient6	nominal_honeycomb_exact	stromal_retention	baseline	TGFB1_CXCL12	1	1	42	18	18	0.4769956158570374	12.651521129977015	0.27147766323024053	0.5595238095238095	0.09018463154492566	0.4690559505581656	0.041360916221529376	12.440934617325025	1.0970300106253434
historical_restricted	GSE294385	Patient6	nominal_honeycomb_exact	stromal_retention	baseline	four_gene_mean	1	1	42	18	18	0.6004900042015724	1.085276706275644	0.27147766323024053	0.5595238095238095	0.09018463154492566	0.5515940406058132	0.015083483741983539	0.9969061256663351	0.0272606595282594
historical_restricted	GSE294385	Patient6	nominal_honeycomb_exact	stromal_retention	far500	four_gene_mean	1	1	42	18	18	0.5988513741854726	1.0823151798984618	0.27147766323024053	0.5618556701030928	0.09018463154492566	0.5495024348830719	0.03208527266461181	0.9931259279049717	0.05798830753844991
historical_restricted	GSE294385	Patient6	nominal_honeycomb_exact	stromal_retention	grid4	four_gene_mean	1	1	42	18	18	0.6004900042015724	1.085276706275644	0.27147766323024053	0.5595238095238095	0.09018463154492566	0.5505461840955843	0.015423258917706295	0.9950123151880361	0.027874741496323
historical_restricted	GSE294385	Patient6	nominal_honeycomb_exact	stromal_retention	grid8	four_gene_mean	1	1	42	18	18	0.6004900042015724	1.085276706275644	0.27147766323024053	0.5595238095238095	0.09018463154492566	0.551937603944812	0.021738769501581823	0.997527054052048	0.039288880744204016
historical_restricted	GSE294385	Patient6	nominal_honeycomb_exact	stromal_retention	near150	four_gene_mean	1	1	42	18	18	0.6004900042015724	1.085276706275644	0.27147766323024053	0.5595238095238095	0.09018463154492566	0.5525977868384377	0.015408867890543243	0.9987202148229527	0.02784873232639484
historical_restricted	GSE294385	Patient6	nominal_honeycomb_exact	stricter_adjacency	baseline	ACTA2	1	1	42	6	6	0.6862957668754968	0.877233620180868	0.19931271477663232	0.8214285714285714	0.07989397955319955	0.5791001919759122	0.2960150500455123	0.7402146164579568	0.37837091020052
historical_restricted	GSE294385	Patient6	nominal_honeycomb_exact	stricter_adjacency	baseline	ACTA2_TAGLN	1	1	42	6	6	0.7397006375955182	0.8110925570384256	0.19931271477663232	0.8214285714285714	0.07989397955319955	0.6459688596288728	0.26060854011421974	0.7083142929641202	0.28576107203908996
historical_restricted	GSE294385	Patient6	nominal_honeycomb_exact	stricter_adjacency	baseline	CXCL12	1	1	42	6	0	0.352523537993645	NA	0.19931271477663232	0.8214285714285714	0.07989397955319955	0.30262565382475104	0.2272482364240307	NA	NA
historical_restricted	GSE294385	Patient6	nominal_honeycomb_exact	stricter_adjacency	baseline	TAGLN	1	1	42	6	6	0.8285732703972943	0.9029274010411564	0.19931271477663232	0.8214285714285714	0.07989397955319955	0.7148887675535972	0.22969288176826475	0.7790411300755289	0.25030495694512106
historical_restricted	GSE294385	Patient6	nominal_honeycomb_exact	stricter_adjacency	baseline	TGFB1	1	1	42	6	0	0.0	NA	0.19931271477663232	0.8214285714285714	0.07989397955319955	0.0	0.0	NA	NA
historical_restricted	GSE294385	Patient6	nominal_honeycomb_exact	stricter_adjacency	baseline	TGFB1_CXCL12	1	1	42	6	6	0.3052610911144943	8.096546416796347	0.19931271477663232	0.8214285714285714	0.07989397955319955	0.2816424809688297	0.03120331970350984	7.470101780021902	0.8276165344729313
historical_restricted	GSE294385	Patient6	nominal_honeycomb_exact	stricter_adjacency	baseline	four_gene_mean	1	1	42	6	6	0.46543606810461524	0.8411912262321393	0.19931271477663232	0.8214285714285714	0.07989397955319955	0.40832519851112803	0.17614187014304328	0.7379736938647699	0.3183444642350862
historical_restricted	GSE294385	Patient6	nominal_honeycomb_exact	stricter_adjacency	far500	four_gene_mean	1	1	42	6	6	0.4637974380885155	0.8382296998549572	0.19931271477663232	0.7938144329896907	0.07989397955319955	0.40753850882365106	0.2069040570927736	0.7365518950223042	0.3739415344561453
historical_restricted	GSE294385	Patient6	nominal_honeycomb_exact	stricter_adjacency	grid4	four_gene_mean	1	1	42	6	6	0.46543606810461524	0.8411912262321393	0.19931271477663232	0.8214285714285714	0.07989397955319955	0.40826516177906663	0.18290339250349663	0.7378651883669742	0.33056468882736545
historical_restricted	GSE294385	Patient6	nominal_honeycomb_exact	stricter_adjacency	grid8	four_gene_mean	1	1	42	6	6	0.46543606810461524	0.8411912262321393	0.19931271477663232	0.8214285714285714	0.07989397955319955	0.4073829586833876	0.14981243547715117	0.73627076637286	0.2707587893156629
historical_restricted	GSE294385	Patient6	nominal_honeycomb_exact	stricter_adjacency	near150	four_gene_mean	1	1	42	6	6	0.46543606810461524	0.8411912262321393	0.19931271477663232	0.8214285714285714	0.07989397955319955	0.4069683820839787	0.17763010735173257	0.7355214944063704	0.3210341829060085
historical_restricted	GSE294385	Patient9	historical_raw_6nn	stromal_retention	baseline	ACTA2	2	2	84	58	58	0.22399120115058602	0.2516216113709238	0.434410330303702	0.6003032543366055	0.4911504551091923	0.07464113724335175	-0.03835239048487088	0.07675970300063586	-0.07203774273374794
historical_restricted	GSE294385	Patient9	historical_raw_6nn	stromal_retention	baseline	ACTA2_TAGLN	2	2	84	58	58	0.2723853566749058	0.38513263088583344	0.434410330303702	0.6003032543366055	0.4911504551091923	0.2304289245356795	-0.017391832966956677	0.3191740940478876	-0.04022011871866206
historical_restricted	GSE294385	Patient9	historical_raw_6nn	stromal_retention	baseline	CXCL12	2	2	84	58	33	0.02793850319644048	0.0977577633691733	0.434410330303702	0.6003032543366055	0.4911504551091923	-0.010864376244707541	-0.020679236608529494	-0.03801481828200095	-0.07235734515975537
historical_restricted	GSE294385	Patient9	historical_raw_6nn	stromal_retention	baseline	TAGLN	2	2	84	58	58	0.233075304727542	0.32299769556310776	0.434410330303702	0.6003032543366055	0.4911504551091923	0.1848639002297146	-0.019315118764031858	0.24831864449845598	-0.04024912033749369
historical_restricted	GSE294385	Patient9	historical_raw_6nn	stromal_retention	baseline	TGFB1	2	2	84	58	0	0.12048954999399071	NA	0.434410330303702	0.6003032543366055	0.4911504551091923	0.12048954999399071	0.013261829897394606	NA	NA
historical_restricted	GSE294385	Patient9	historical_raw_6nn	stromal_retention	baseline	TGFB1_CXCL12	2	2	84	58	33	0.007468318251155737	0.049220833995882965	0.434410330303702	0.6003032543366055	0.4911504551091923	-0.01111620173667105	0.0	-0.07326264119244776	0.0
historical_restricted	GSE294385	Patient9	historical_raw_6nn	stromal_retention	baseline	four_gene_mean	2	2	84	58	58	0.11978787921694897	0.28403019876062596	0.434410330303702	0.6003032543366055	0.4911504551091923	0.08840699805544702	-0.0071372370407604	0.20661150798147385	-0.025379841819395572
historical_restricted	GSE294385	Patient9	historical_raw_6nn	stromal_retention	far500	four_gene_mean	2	2	84	58	58	0.1077955315853876	0.24909536831898105	0.434410330303702	0.5881903161885069	0.4911504551091923	0.07076008265633477	-0.0029941752441718372	0.15889817095187014	-0.013122843919720403
historical_restricted	GSE294385	Patient9	historical_raw_6nn	stromal_retention	grid4	four_gene_mean	2	2	84	57	57	0.11978787921694897	0.28403019876062596	0.434410330303702	0.6003032543366055	0.49149098146412595	0.0881140041759605	-0.027821830459660843	0.20601511322248725	-0.0873736739068723
historical_restricted	GSE294385	Patient9	historical_raw_6nn	stromal_retention	grid8	four_gene_mean	2	2	84	58	58	0.11978787921694897	0.28403019876062596	0.434410330303702	0.6003032543366055	0.4911504551091923	0.08915492959996886	-0.038036012077046266	0.20828540760578887	-0.1063882332063417
historical_restricted	GSE294385	Patient9	historical_raw_6nn	stromal_retention	near150	four_gene_mean	2	2	84	58	58	0.11978787921694897	0.28403019876062596	0.434410330303702	0.6003032543366055	0.4911504551091923	0.08884785435645536	-0.005713238313199941	0.20757574385954614	-0.02175738199430059
historical_restricted	GSE294385	Patient9	historical_raw_6nn	stricter_adjacency	baseline	ACTA2	2	2	84	44	44	0.30694060034567605	0.32617493644281603	0.18703328371916267	0.5242911515450226	0.49914693333084315	0.14902322335150037	-0.09399813505330024	0.13755583943967817	-0.1326974360203464
historical_restricted	GSE294385	Patient9	historical_raw_6nn	stricter_adjacency	baseline	ACTA2_TAGLN	2	2	84	44	44	0.2676155318106814	0.3709708126027498	0.18703328371916267	0.5242911515450226	0.49914693333084315	0.2255430135307129	0.008081701336469294	0.30495188203231216	-0.007173368059641166
historical_restricted	GSE294385	Patient9	historical_raw_6nn	stricter_adjacency	baseline	CXCL12	2	2	84	44	30	0.02793850319644048	0.0977577633691733	0.18703328371916267	0.5242911515450226	0.49914693333084315	-0.012308758527216662	-0.016041490369643904	-0.04306876052061531	-0.05612971491773819
historical_restricted	GSE294385	Patient9	historical_raw_6nn	stricter_adjacency	baseline	TAGLN	2	2	84	44	44	0.23334063787397763	0.32263129124314943	0.18703328371916267	0.5242911515450226	0.49914693333084315	0.17891074707389026	0.030270903906137514	0.23772199090611482	0.018313858019444254
historical_restricted	GSE294385	Patient9	historical_raw_6nn	stricter_adjacency	baseline	TGFB1	2	2	84	44	0	0.12378046379494233	NA	0.18703328371916267	0.5242911515450226	0.49914693333084315	0.12378046379494233	0.013721105600294076	NA	NA
historical_restricted	GSE294385	Patient9	historical_raw_6nn	stricter_adjacency	baseline	TGFB1_CXCL12	2	2	84	44	30	0.00985632510488857	0.064959275365923	0.18703328371916267	0.5242911515450226	0.49914693333084315	-0.010405801973773929	0.0	-0.06858066760423562	0.0
historical_restricted	GSE294385	Patient9	historical_raw_6nn	stricter_adjacency	baseline	four_gene_mean	2	2	84	44	44	0.12354403048369134	0.2891700290152605	0.18703328371916267	0.5242911515450226	0.49914693333084315	0.09196177236134845	-0.010763620815429364	0.20606639968904494	-0.03420956824254168
historical_restricted	GSE294385	Patient9	historical_raw_6nn	stricter_adjacency	far500	four_gene_mean	2	2	84	44	44	0.14070522894228876	0.3379092021278816	0.18703328371916267	0.5118624536917378	0.49914693333084315	0.09852310405257705	0.028313677806061144	0.2246830716890487	0.06570733019750857
historical_restricted	GSE294385	Patient9	historical_raw_6nn	stricter_adjacency	grid4	four_gene_mean	2	2	84	42	42	0.12354403048369134	0.2891700290152605	0.21585172752319726	0.5242911515450226	0.5205631034596709	0.09150725911395557	-0.012230027915283964	0.20479033645801695	-0.05153522494826938
historical_restricted	GSE294385	Patient9	historical_raw_6nn	stricter_adjacency	grid8	four_gene_mean	2	2	84	44	44	0.12354403048369134	0.2891700290152605	0.18703328371916267	0.5242911515450226	0.49914693333084315	0.09169022780905205	-0.03074332981674327	0.20520858508441103	-0.09576038136212181
historical_restricted	GSE294385	Patient9	historical_raw_6nn	stricter_adjacency	near150	four_gene_mean	2	2	84	44	44	0.12354403048369134	0.2891700290152605	0.18703328371916267	0.5242911515450226	0.49914693333084315	0.09083870882192475	-0.010162143251272071	0.20279183916707486	-0.03245003480351638
historical_restricted	GSE294385	Patient9	nominal_honeycomb_exact	stromal_retention	baseline	ACTA2	2	2	84	58	58	0.22166263009613185	0.2475043341514575	0.434410330303702	0.6056072416394267	0.4911504551091923	0.07165641622296229	-0.03625997741136569	0.07302737083857465	-0.06925841615783757
historical_restricted	GSE294385	Patient9	nominal_honeycomb_exact	stromal_retention	baseline	ACTA2_TAGLN	2	2	84	58	58	0.27268508218005316	0.3856591857622578	0.434410330303702	0.6056072416394267	0.4911504551091923	0.2250946204559846	-0.016547929335090805	0.3099412179815162	-0.038892787058506254
historical_restricted	GSE294385	Patient9	nominal_honeycomb_exact	stromal_retention	baseline	CXCL12	2	2	84	58	33	0.024657391656844663	0.08627704361763924	0.434410330303702	0.6056072416394267	0.4911504551091923	-0.005819930688784614	-0.020276645898085754	-0.020364133436170717	-0.07094866670874941
historical_restricted	GSE294385	Patient9	nominal_honeycomb_exact	stromal_retention	baseline	TAGLN	2	2	84	58	58	0.23869053326830492	0.3331285494652521	0.434410330303702	0.6056072416394267	0.4911504551091923	0.1919481803889596	-0.019084809267485014	0.2608531326579926	-0.03982581821975015
historical_restricted	GSE294385	Patient9	nominal_honeycomb_exact	stromal_retention	baseline	TGFB1	2	2	84	58	0	0.12048954999399071	NA	0.434410330303702	0.6056072416394267	0.4911504551091923	0.12048954999399071	0.012647928224499339	NA	NA
historical_restricted	GSE294385	Patient9	nominal_honeycomb_exact	stromal_retention	baseline	TGFB1_CXCL12	2	2	84	58	33	0.007767557454070678	0.0511930053250115	0.434410330303702	0.6056072416394267	0.4911504551091923	-0.011025417023770315	0.0	-0.07266431381367551	0.0
historical_restricted	GSE294385	Patient9	nominal_honeycomb_exact	stromal_retention	baseline	four_gene_mean	2	2	84	58	58	0.11687085601778266	0.2754968798686125	0.434410330303702	0.6056072416394267	0.4911504551091923	0.08265138575364535	-0.003266178759202723	0.18946569478961656	-0.014795710093110828
historical_restricted	GSE294385	Patient9	nominal_honeycomb_exact	stromal_retention	far500	four_gene_mean	2	2	84	58	58	0.12312734439796233	0.29394631361134266	0.434410330303702	0.5925755483969934	0.4911504551091923	0.07735360354268953	-0.004239464752537753	0.17818785549606814	-0.016748317219223957
historical_restricted	GSE294385	Patient9	nominal_honeycomb_exact	stromal_retention	grid4	four_gene_mean	2	2	84	57	57	0.11687085601778266	0.2754968798686125	0.434410330303702	0.6056072416394267	0.49149098146412595	0.08326183303000746	-0.024875726417319957	0.19135623170204002	-0.07825899107185802
historical_restricted	GSE294385	Patient9	nominal_honeycomb_exact	stromal_retention	grid8	four_gene_mean	2	2	84	58	58	0.11687085601778266	0.2754968798686125	0.434410330303702	0.6056072416394267	0.4911504551091923	0.08230042183837681	-0.036195281130231544	0.18854690468346977	-0.10072212304534336
historical_restricted	GSE294385	Patient9	nominal_honeycomb_exact	stromal_retention	near150	four_gene_mean	2	2	84	58	58	0.11687085601778266	0.2754968798686125	0.434410330303702	0.6056072416394267	0.4911504551091923	0.08266053309968863	-0.004639659870298796	0.1896654227969262	-0.018088768668707747
historical_restricted	GSE294385	Patient9	nominal_honeycomb_exact	stricter_adjacency	baseline	ACTA2	2	2	84	44	44	0.33208515803976596	0.3409830638981837	0.1725148050796466	0.5295344061688039	0.49914693333084315	0.18256473844217297	-0.05295382228465634	0.1683131347695225	-0.09642834986752725
historical_restricted	GSE294385	Patient9	nominal_honeycomb_exact	stricter_adjacency	baseline	ACTA2_TAGLN	2	2	84	44	44	0.27355218878125415	0.37919144603930194	0.1725148050796466	0.5295344061688039	0.49914693333084315	0.23147592223457544	0.012022748517009796	0.31314720979582733	-0.002978429078535544
historical_restricted	GSE294385	Patient9	nominal_honeycomb_exact	stricter_adjacency	baseline	CXCL12	2	2	84	44	30	0.024116475936858117	0.08438436130086259	0.1725148050796466	0.5295344061688039	0.49914693333084315	-0.01645669612162618	-0.016135617139401454	-0.057582533823833854	-0.056459067654352775
historical_restricted	GSE294385	Patient9	nominal_honeycomb_exact	stricter_adjacency	baseline	TAGLN	2	2	84	44	44	0.23834106764300855	0.33003859368999355	0.1725148050796466	0.5295344061688039	0.49914693333084315	0.17896847332085206	0.014009139545625382	0.23839615321703042	-0.00806770107683942
historical_restricted	GSE294385	Patient9	nominal_honeycomb_exact	stricter_adjacency	baseline	TGFB1	2	2	84	44	0	0.12378612238124106	NA	0.1725148050796466	0.5295344061688039	0.49914693333084315	0.12378612238124106	0.016017725485949978	NA	NA
historical_restricted	GSE294385	Patient9	nominal_honeycomb_exact	stricter_adjacency	baseline	TGFB1_CXCL12	2	2	84	44	30	0.008867981899181837	0.05844548267216339	0.1725148050796466	0.5295344061688039	0.49914693333084315	-0.008550103621961347	0.0	-0.056350468321168676	0.0
historical_restricted	GSE294385	Patient9	nominal_honeycomb_exact	stricter_adjacency	baseline	four_gene_mean	2	2	84	44	44	0.13269683002804497	0.31395747100800475	0.1725148050796466	0.5295344061688039	0.49914693333084315	0.0973449441815543	-0.020459141545615123	0.21993402772942228	-0.05992231577448284
historical_restricted	GSE294385	Patient9	nominal_honeycomb_exact	stricter_adjacency	far500	four_gene_mean	2	2	84	44	44	0.13410803028832816	0.31662235948234657	0.1725148050796466	0.516232770144413	0.49914693333084315	0.09945636316721161	0.03394030674708229	0.22479179906231944	0.07927965031338398
historical_restricted	GSE294385	Patient9	nominal_honeycomb_exact	stricter_adjacency	grid4	four_gene_mean	2	2	84	42	42	0.13269683002804497	0.31395747100800475	0.2063764765493872	0.5295344061688039	0.5205631034596709	0.0954728717951775	-0.009423247473052176	0.21442915388453493	-0.0473403095533438
historical_restricted	GSE294385	Patient9	nominal_honeycomb_exact	stricter_adjacency	grid8	four_gene_mean	2	2	84	44	44	0.13269683002804497	0.31395747100800475	0.1725148050796466	0.5295344061688039	0.49914693333084315	0.09838086259008039	-0.03879366422432262	0.22255481240173872	-0.1165731534478172
historical_restricted	GSE294385	Patient9	nominal_honeycomb_exact	stricter_adjacency	near150	four_gene_mean	2	2	84	44	44	0.13269683002804497	0.31395747100800475	0.1725148050796466	0.5295344061688039	0.49914693333084315	0.09804001447761967	-0.016586766485873067	0.22187611978874777	-0.05190589262564216
historical_restricted	Valdeolivas	A120838	historical_raw_6nn	stromal_retention	baseline	ACTA2	2	0	72	0	0	NA	NA	NA	NA	NA	NA	NA	NA	NA
historical_restricted	Valdeolivas	A120838	historical_raw_6nn	stromal_retention	baseline	ACTA2_TAGLN	2	0	72	0	0	NA	NA	NA	NA	NA	NA	NA	NA	NA
historical_restricted	Valdeolivas	A120838	historical_raw_6nn	stromal_retention	baseline	CXCL12	2	0	72	0	0	NA	NA	NA	NA	NA	NA	NA	NA	NA
historical_restricted	Valdeolivas	A120838	historical_raw_6nn	stromal_retention	baseline	TAGLN	2	0	72	0	0	NA	NA	NA	NA	NA	NA	NA	NA	NA
historical_restricted	Valdeolivas	A120838	historical_raw_6nn	stromal_retention	baseline	TGFB1	2	0	72	0	0	NA	NA	NA	NA	NA	NA	NA	NA	NA
historical_restricted	Valdeolivas	A120838	historical_raw_6nn	stromal_retention	baseline	TGFB1_CXCL12	2	0	72	0	0	NA	NA	NA	NA	NA	NA	NA	NA	NA
historical_restricted	Valdeolivas	A120838	historical_raw_6nn	stromal_retention	baseline	four_gene_mean	2	0	72	0	0	NA	NA	NA	NA	NA	NA	NA	NA	NA
historical_restricted	Valdeolivas	A120838	historical_raw_6nn	stromal_retention	far500	four_gene_mean	2	0	72	0	0	NA	NA	NA	NA	NA	NA	NA	NA	NA
historical_restricted	Valdeolivas	A120838	historical_raw_6nn	stromal_retention	grid4	four_gene_mean	2	0	72	0	0	NA	NA	NA	NA	NA	NA	NA	NA	NA
historical_restricted	Valdeolivas	A120838	historical_raw_6nn	stromal_retention	grid8	four_gene_mean	2	0	72	0	0	NA	NA	NA	NA	NA	NA	NA	NA	NA
historical_restricted	Valdeolivas	A120838	historical_raw_6nn	stromal_retention	near150	four_gene_mean	2	0	72	0	0	NA	NA	NA	NA	NA	NA	NA	NA	NA
historical_restricted	Valdeolivas	A120838	historical_raw_6nn	stricter_adjacency	baseline	ACTA2	2	0	72	0	0	NA	NA	NA	NA	NA	NA	NA	NA	NA
historical_restricted	Valdeolivas	A120838	historical_raw_6nn	stricter_adjacency	baseline	ACTA2_TAGLN	2	0	72	0	0	NA	NA	NA	NA	NA	NA	NA	NA	NA
historical_restricted	Valdeolivas	A120838	historical_raw_6nn	stricter_adjacency	baseline	CXCL12	2	0	72	0	0	NA	NA	NA	NA	NA	NA	NA	NA	NA
historical_restricted	Valdeolivas	A120838	historical_raw_6nn	stricter_adjacency	baseline	TAGLN	2	0	72	0	0	NA	NA	NA	NA	NA	NA	NA	NA	NA
historical_restricted	Valdeolivas	A120838	historical_raw_6nn	stricter_adjacency	baseline	TGFB1	2	0	72	0	0	NA	NA	NA	NA	NA	NA	NA	NA	NA
historical_restricted	Valdeolivas	A120838	historical_raw_6nn	stricter_adjacency	baseline	TGFB1_CXCL12	2	0	72	0	0	NA	NA	NA	NA	NA	NA	NA	NA	NA
historical_restricted	Valdeolivas	A120838	historical_raw_6nn	stricter_adjacency	baseline	four_gene_mean	2	0	72	0	0	NA	NA	NA	NA	NA	NA	NA	NA	NA
historical_restricted	Valdeolivas	A120838	historical_raw_6nn	stricter_adjacency	far500	four_gene_mean	2	0	72	0	0	NA	NA	NA	NA	NA	NA	NA	NA	NA
historical_restricted	Valdeolivas	A120838	historical_raw_6nn	stricter_adjacency	grid4	four_gene_mean	2	0	72	0	0	NA	NA	NA	NA	NA	NA	NA	NA	NA
historical_restricted	Valdeolivas	A120838	historical_raw_6nn	stricter_adjacency	grid8	four_gene_mean	2	0	72	0	0	NA	NA	NA	NA	NA	NA	NA	NA	NA
historical_restricted	Valdeolivas	A120838	historical_raw_6nn	stricter_adjacency	near150	four_gene_mean	2	0	72	0	0	NA	NA	NA	NA	NA	NA	NA	NA	NA
historical_restricted	Valdeolivas	A120838	nominal_honeycomb_exact	stromal_retention	baseline	ACTA2	2	0	72	0	0	NA	NA	NA	NA	NA	NA	NA	NA	NA
historical_restricted	Valdeolivas	A120838	nominal_honeycomb_exact	stromal_retention	baseline	ACTA2_TAGLN	2	0	72	0	0	NA	NA	NA	NA	NA	NA	NA	NA	NA
historical_restricted	Valdeolivas	A120838	nominal_honeycomb_exact	stromal_retention	baseline	CXCL12	2	0	72	0	0	NA	NA	NA	NA	NA	NA	NA	NA	NA
historical_restricted	Valdeolivas	A120838	nominal_honeycomb_exact	stromal_retention	baseline	TAGLN	2	0	72	0	0	NA	NA	NA	NA	NA	NA	NA	NA	NA
historical_restricted	Valdeolivas	A120838	nominal_honeycomb_exact	stromal_retention	baseline	TGFB1	2	0	72	0	0	NA	NA	NA	NA	NA	NA	NA	NA	NA
historical_restricted	Valdeolivas	A120838	nominal_honeycomb_exact	stromal_retention	baseline	TGFB1_CXCL12	2	0	72	0	0	NA	NA	NA	NA	NA	NA	NA	NA	NA
historical_restricted	Valdeolivas	A120838	nominal_honeycomb_exact	stromal_retention	baseline	four_gene_mean	2	0	72	0	0	NA	NA	NA	NA	NA	NA	NA	NA	NA
historical_restricted	Valdeolivas	A120838	nominal_honeycomb_exact	stromal_retention	far500	four_gene_mean	2	0	72	0	0	NA	NA	NA	NA	NA	NA	NA	NA	NA
historical_restricted	Valdeolivas	A120838	nominal_honeycomb_exact	stromal_retention	grid4	four_gene_mean	2	0	72	0	0	NA	NA	NA	NA	NA	NA	NA	NA	NA
historical_restricted	Valdeolivas	A120838	nominal_honeycomb_exact	stromal_retention	grid8	four_gene_mean	2	0	72	0	0	NA	NA	NA	NA	NA	NA	NA	NA	NA
historical_restricted	Valdeolivas	A120838	nominal_honeycomb_exact	stromal_retention	near150	four_gene_mean	2	0	72	0	0	NA	NA	NA	NA	NA	NA	NA	NA	NA
historical_restricted	Valdeolivas	A120838	nominal_honeycomb_exact	stricter_adjacency	baseline	ACTA2	2	0	72	0	0	NA	NA	NA	NA	NA	NA	NA	NA	NA
historical_restricted	Valdeolivas	A120838	nominal_honeycomb_exact	stricter_adjacency	baseline	ACTA2_TAGLN	2	0	72	0	0	NA	NA	NA	NA	NA	NA	NA	NA	NA
historical_restricted	Valdeolivas	A120838	nominal_honeycomb_exact	stricter_adjacency	baseline	CXCL12	2	0	72	0	0	NA	NA	NA	NA	NA	NA	NA	NA	NA
historical_restricted	Valdeolivas	A120838	nominal_honeycomb_exact	stricter_adjacency	baseline	TAGLN	2	0	72	0	0	NA	NA	NA	NA	NA	NA	NA	NA	NA
historical_restricted	Valdeolivas	A120838	nominal_honeycomb_exact	stricter_adjacency	baseline	TGFB1	2	0	72	0	0	NA	NA	NA	NA	NA	NA	NA	NA	NA
historical_restricted	Valdeolivas	A120838	nominal_honeycomb_exact	stricter_adjacency	baseline	TGFB1_CXCL12	2	0	72	0	0	NA	NA	NA	NA	NA	NA	NA	NA	NA
historical_restricted	Valdeolivas	A120838	nominal_honeycomb_exact	stricter_adjacency	baseline	four_gene_mean	2	0	72	0	0	NA	NA	NA	NA	NA	NA	NA	NA	NA
historical_restricted	Valdeolivas	A120838	nominal_honeycomb_exact	stricter_adjacency	far500	four_gene_mean	2	0	72	0	0	NA	NA	NA	NA	NA	NA	NA	NA	NA
historical_restricted	Valdeolivas	A120838	nominal_honeycomb_exact	stricter_adjacency	grid4	four_gene_mean	2	0	72	0	0	NA	NA	NA	NA	NA	NA	NA	NA	NA
historical_restricted	Valdeolivas	A120838	nominal_honeycomb_exact	stricter_adjacency	grid8	four_gene_mean	2	0	72	0	0	NA	NA	NA	NA	NA	NA	NA	NA	NA
historical_restricted	Valdeolivas	A120838	nominal_honeycomb_exact	stricter_adjacency	near150	four_gene_mean	2	0	72	0	0	NA	NA	NA	NA	NA	NA	NA	NA	NA
historical_restricted	Valdeolivas	A121573	historical_raw_6nn	stromal_retention	baseline	ACTA2	2	2	72	56	56	0.2717018012119487	0.38482724717866684	0.47199915469146236	0.6013053870196727	0.41388320302194737	0.14029058336226002	0.10168490373503258	0.18421796880492325	0.13195322494867162
historical_restricted	Valdeolivas	A121573	historical_raw_6nn	stromal_retention	baseline	ACTA2_TAGLN	2	2	72	56	56	0.08547878839793355	0.20806387658885028	0.47199915469146236	0.6013053870196727	0.41388320302194737	-0.0037434233643263565	0.012839857874287139	-0.005158509294446625	0.03252140720800437
historical_restricted	Valdeolivas	A121573	historical_raw_6nn	stromal_retention	baseline	CXCL12	2	2	72	56	0	0.0	NA	0.47199915469146236	0.6013053870196727	0.41388320302194737	0.0	0.0	NA	NA
historical_restricted	Valdeolivas	A121573	historical_raw_6nn	stromal_retention	baseline	TAGLN	2	2	72	56	56	0.11877958360484386	0.1899267184049232	0.47199915469146236	0.6013053870196727	0.41388320302194737	0.02069448589243561	0.03138562433029202	0.033645765516272866	0.05012670758825344
historical_restricted	Valdeolivas	A121573	historical_raw_6nn	stromal_retention	baseline	TGFB1	2	2	72	56	0	0.0	NA	0.47199915469146236	0.6013053870196727	0.41388320302194737	0.0	0.0	NA	NA
historical_restricted	Valdeolivas	A121573	historical_raw_6nn	stromal_retention	baseline	TGFB1_CXCL12	2	2	72	56	0	0.0	NA	0.47199915469146236	0.6013053870196727	0.41388320302194737	0.0	0.0	NA	NA
historical_restricted	Valdeolivas	A121573	historical_raw_6nn	stromal_retention	baseline	four_gene_mean	2	2	72	56	56	0.098010393251655	0.4102338339838184	0.47199915469146236	0.6013053870196727	0.41388320302194737	0.04884589962411673	0.041527757516890695	0.20584171250370065	0.17546789975217447
historical_restricted	Valdeolivas	A121573	historical_raw_6nn	stromal_retention	far500	four_gene_mean	2	2	72	56	56	0.10089472398567124	0.42296989152558834	0.47199915469146236	0.6006819351518271	0.41388320302194737	0.055535138602876295	0.03686410462127442	0.23384526738090153	0.15594619699208412
historical_restricted	Valdeolivas	A121573	historical_raw_6nn	stromal_retention	grid4	four_gene_mean	2	2	72	54	54	0.098010393251655	0.4102338339838184	0.47199915469146236	0.6013053870196727	0.41388320302194737	0.04894749594935958	0.047497559169633274	0.206393471281347	0.20055632491504036
historical_restricted	Valdeolivas	A121573	historical_raw_6nn	stromal_retention	grid8	four_gene_mean	2	2	72	56	56	0.098010393251655	0.4102338339838184	0.47199915469146236	0.6013053870196727	0.41388320302194737	0.04944013572722971	0.03917680755120166	0.20838214805029703	0.16669172995743944
historical_restricted	Valdeolivas	A121573	historical_raw_6nn	stromal_retention	near150	four_gene_mean	2	2	72	56	56	0.098010393251655	0.4102338339838184	0.47199915469146236	0.6013053870196727	0.41388320302194737	0.04838663086259329	0.0386670637196703	0.2041152932196752	0.16326726121615415
historical_restricted	Valdeolivas	A121573	historical_raw_6nn	stricter_adjacency	baseline	ACTA2	2	2	72	38	38	0.33426213078597633	0.43292638426031926	0.3665046491969569	0.6977155727155726	0.42273670692947957	0.19168888924173688	0.109936499503624	0.23287868175279167	0.12815990165072513
historical_restricted	Valdeolivas	A121573	historical_raw_6nn	stricter_adjacency	baseline	ACTA2_TAGLN	2	2	72	38	38	0.11291459744756921	0.26655778482247106	0.3665046491969569	0.6977155727155726	0.42273670692947957	0.039036853987864134	0.022708718212207435	0.09332819722782923	0.060925030614501316
historical_restricted	Valdeolivas	A121573	historical_raw_6nn	stricter_adjacency	baseline	CXCL12	2	2	72	38	0	0.0	NA	0.3665046491969569	0.6977155727155726	0.42273670692947957	0.0	0.0	NA	NA
historical_restricted	Valdeolivas	A121573	historical_raw_6nn	stricter_adjacency	baseline	TAGLN	2	2	72	38	38	0.18959490448503755	0.3029565706402964	0.3665046491969569	0.6977155727155726	0.42273670692947957	0.08788179261039797	0.08211412691486691	0.1404597692587835	0.13082648131521857
historical_restricted	Valdeolivas	A121573	historical_raw_6nn	stricter_adjacency	baseline	TGFB1	2	2	72	38	0	0.0	NA	0.3665046491969569	0.6977155727155726	0.42273670692947957	0.0	0.0	NA	NA
historical_restricted	Valdeolivas	A121573	historical_raw_6nn	stricter_adjacency	baseline	TGFB1_CXCL12	2	2	72	38	0	0.0	NA	0.3665046491969569	0.6977155727155726	0.42273670692947957	0.0	0.0	NA	NA
historical_restricted	Valdeolivas	A121573	historical_raw_6nn	stricter_adjacency	baseline	four_gene_mean	2	2	72	38	38	0.06489427247053074	0.2686442110761719	0.3665046491969569	0.6977155727155726	0.42273670692947957	0.01599698616676201	0.02330218631024915	0.06543201783074074	0.09565122384376644
historical_restricted	Valdeolivas	A121573	historical_raw_6nn	stricter_adjacency	far500	four_gene_mean	2	2	72	38	38	0.06804009327940116	0.28253173416100297	0.3665046491969569	0.6777856407617087	0.42273670692947957	0.022839931127176735	0.023369313332412503	0.09501806414497674	0.09785077806740666
historical_restricted	Valdeolivas	A121573	historical_raw_6nn	stricter_adjacency	grid4	four_gene_mean	2	2	72	38	38	0.06489427247053074	0.2686442110761719	0.3665046491969569	0.6977155727155726	0.42273670692947957	0.014849054337831291	0.023017128798950584	0.06063340221626345	0.0943535588905717
historical_restricted	Valdeolivas	A121573	historical_raw_6nn	stricter_adjacency	grid8	four_gene_mean	2	2	72	38	38	0.06489427247053074	0.2686442110761719	0.3665046491969569	0.6977155727155726	0.42273670692947957	0.015259779149327843	0.02311755367158981	0.062424656271447394	0.09463859604251049
historical_restricted	Valdeolivas	A121573	historical_raw_6nn	stricter_adjacency	near150	four_gene_mean	2	2	72	38	38	0.06489427247053074	0.2686442110761719	0.3665046491969569	0.6977155727155726	0.42273670692947957	0.015485451710005024	0.02335181570572345	0.06334123205802782	0.09585470145776961
historical_restricted	Valdeolivas	A121573	nominal_honeycomb_exact	stromal_retention	baseline	ACTA2	2	2	72	56	56	0.2717018012119487	0.38482724717866684	0.47199915469146236	0.6013053870196727	0.41388320302194737	0.14175284375775415	0.10205734014832851	0.1859910520597437	0.13401015021383492
historical_restricted	Valdeolivas	A121573	nominal_honeycomb_exact	stromal_retention	baseline	ACTA2_TAGLN	2	2	72	56	56	0.08547878839793355	0.20806387658885028	0.47199915469146236	0.6013053870196727	0.41388320302194737	-0.002973135836185789	0.013679162955985147	-0.0021637864233505014	0.034471791334034066
historical_restricted	Valdeolivas	A121573	nominal_honeycomb_exact	stromal_retention	baseline	CXCL12	2	2	72	56	0	0.0	NA	0.47199915469146236	0.6013053870196727	0.41388320302194737	0.0	0.0	NA	NA
historical_restricted	Valdeolivas	A121573	nominal_honeycomb_exact	stromal_retention	baseline	TAGLN	2	2	72	56	56	0.11877958360484386	0.1899267184049232	0.47199915469146236	0.6013053870196727	0.41388320302194737	0.023532953861663916	0.028811948672307505	0.03814371328540571	0.04598841893090489
historical_restricted	Valdeolivas	A121573	nominal_honeycomb_exact	stromal_retention	baseline	TGFB1	2	2	72	56	0	0.0	NA	0.47199915469146236	0.6013053870196727	0.41388320302194737	0.0	0.0	NA	NA
historical_restricted	Valdeolivas	A121573	nominal_honeycomb_exact	stromal_retention	baseline	TGFB1_CXCL12	2	2	72	56	0	0.0	NA	0.47199915469146236	0.6013053870196727	0.41388320302194737	0.0	0.0	NA	NA
historical_restricted	Valdeolivas	A121573	nominal_honeycomb_exact	stromal_retention	baseline	four_gene_mean	2	2	72	56	56	0.098010393251655	0.4102338339838184	0.47199915469146236	0.6013053870196727	0.41388320302194737	0.049348613977999486	0.041266786858175405	0.20803579584772341	0.17433710438847622
historical_restricted	Valdeolivas	A121573	nominal_honeycomb_exact	stromal_retention	far500	four_gene_mean	2	2	72	56	56	0.10089472398567124	0.42296989152558834	0.47199915469146236	0.6006819351518271	0.41388320302194737	0.056242692763097596	0.03753148636444099	0.23682350588882994	0.15894499529090478
historical_restricted	Valdeolivas	A121573	nominal_honeycomb_exact	stromal_retention	grid4	four_gene_mean	2	2	72	54	54	0.098010393251655	0.4102338339838184	0.47199915469146236	0.6013053870196727	0.41388320302194737	0.04688476263124568	0.04701829603385835	0.1976790811335095	0.19849874736223946
historical_restricted	Valdeolivas	A121573	nominal_honeycomb_exact	stromal_retention	grid8	four_gene_mean	2	2	72	56	56	0.098010393251655	0.4102338339838184	0.47199915469146236	0.6013053870196727	0.41388320302194737	0.04863903645630018	0.040751824929275995	0.20508664829219703	0.1731599434455878
historical_restricted	Valdeolivas	A121573	nominal_honeycomb_exact	stromal_retention	near150	four_gene_mean	2	2	72	56	56	0.098010393251655	0.4102338339838184	0.47199915469146236	0.6013053870196727	0.41388320302194737	0.0487914221673396	0.04056851257736005	0.20569425046902282	0.1713626572298122
historical_restricted	Valdeolivas	A121573	nominal_honeycomb_exact	stricter_adjacency	baseline	ACTA2	2	2	72	38	38	0.32952005416077834	0.42834990493701103	0.3715553677092138	0.6977155727155726	0.42273670692947957	0.18656002242351763	0.11396498370570166	0.2248189954702361	0.13419940542170156
historical_restricted	Valdeolivas	A121573	nominal_honeycomb_exact	stricter_adjacency	baseline	ACTA2_TAGLN	2	2	72	38	38	0.11903534900830634	0.2796013728054048	0.3715553677092138	0.6977155727155726	0.42273670692947957	0.044470807354690056	0.03364789576347252	0.10490805406487066	0.08310997368062085
historical_restricted	Valdeolivas	A121573	nominal_honeycomb_exact	stricter_adjacency	baseline	CXCL12	2	2	72	38	0	0.0	NA	0.3715553677092138	0.6977155727155726	0.42273670692947957	0.0	0.0	NA	NA
historical_restricted	Valdeolivas	A121573	nominal_honeycomb_exact	stricter_adjacency	baseline	TAGLN	2	2	72	38	38	0.18002233143157464	0.28779817093455573	0.3715553677092138	0.6977155727155726	0.42273670692947957	0.08166834324690957	0.07409670229894745	0.13066292287455172	0.11808871985330288
historical_restricted	Valdeolivas	A121573	nominal_honeycomb_exact	stricter_adjacency	baseline	TGFB1	2	2	72	38	0	0.0	NA	0.3715553677092138	0.6977155727155726	0.42273670692947957	0.0	0.0	NA	NA
historical_restricted	Valdeolivas	A121573	nominal_honeycomb_exact	stricter_adjacency	baseline	TGFB1_CXCL12	2	2	72	38	0	0.0	NA	0.3715553677092138	0.6977155727155726	0.42273670692947957	0.0	0.0	NA	NA
historical_restricted	Valdeolivas	A121573	nominal_honeycomb_exact	stricter_adjacency	baseline	four_gene_mean	2	2	72	38	38	0.06198828968854553	0.2555331410786998	0.3715553677092138	0.6977155727155726	0.42273670692947957	0.017308570783268702	0.01904969428554623	0.07045415290954081	0.07777616490450269
historical_restricted	Valdeolivas	A121573	nominal_honeycomb_exact	stricter_adjacency	far500	four_gene_mean	2	2	72	38	38	0.05998782456497623	0.24785298008564544	0.3715553677092138	0.6777856407617087	0.42273670692947957	0.007518521852963457	0.00102335966855302	0.0296252000378757	0.0036834270654189875
historical_restricted	Valdeolivas	A121573	nominal_honeycomb_exact	stricter_adjacency	grid4	four_gene_mean	2	2	72	38	38	0.06198828968854553	0.2555331410786998	0.3715553677092138	0.6977155727155726	0.42273670692947957	0.01674554388432188	0.020889052133490613	0.06812107880812371	0.08519671336636642
historical_restricted	Valdeolivas	A121573	nominal_honeycomb_exact	stricter_adjacency	grid8	four_gene_mean	2	2	72	38	38	0.06198828968854553	0.2555331410786998	0.3715553677092138	0.6977155727155726	0.42273670692947957	0.017848331113715435	0.013435518322544936	0.07270149453761836	0.05378857996543457
historical_restricted	Valdeolivas	A121573	nominal_honeycomb_exact	stricter_adjacency	near150	four_gene_mean	2	2	72	38	38	0.06198828968854553	0.2555331410786998	0.3715553677092138	0.6977155727155726	0.42273670692947957	0.017403289578195355	0.019085418146865804	0.07073933179735169	0.07790335065687634
historical_restricted	Valdeolivas	A416371	historical_raw_6nn	stromal_retention	baseline	ACTA2	2	2	72	35	21	0.3450679211108619	1.2947464885382822	0.22162162162162163	0.3065028115363686	0.585667475819361	0.20421851409502195	0.17465661712795533	0.7662584315801599	0.6553377694408846
historical_restricted	Valdeolivas	A416371	historical_raw_6nn	stromal_retention	baseline	ACTA2_TAGLN	2	2	72	35	35	0.1333362508792142	0.3277371623795394	0.22162162162162163	0.3065028115363686	0.585667475819361	0.05572058456874829	0.019593896855157167	0.1327954427194068	0.048072509100697686
historical_restricted	Valdeolivas	A416371	historical_raw_6nn	stromal_retention	baseline	CXCL12	2	2	72	35	0	0.0	NA	0.22162162162162163	0.3065028115363686	0.585667475819361	0.0	0.0	NA	NA
historical_restricted	Valdeolivas	A416371	historical_raw_6nn	stromal_retention	baseline	TAGLN	2	2	72	35	21	0.41440648284017634	0.3931814797027471	0.22162162162162163	0.3065028115363686	0.585667475819361	0.2319912832648297	0.09520592769589425	0.2480951838862588	0.0
historical_restricted	Valdeolivas	A416371	historical_raw_6nn	stromal_retention	baseline	TGFB1	2	2	72	35	0	0.1761304206454337	NA	0.22162162162162163	0.3065028115363686	0.585667475819361	0.04683195005882011	0.0	NA	NA
historical_restricted	Valdeolivas	A416371	historical_raw_6nn	stromal_retention	baseline	TGFB1_CXCL12	2	2	72	35	0	0.2096080840733684	NA	0.22162162162162163	0.3065028115363686	0.585667475819361	0.0714865515159634	0.0	NA	NA
historical_restricted	Valdeolivas	A416371	historical_raw_6nn	stromal_retention	baseline	four_gene_mean	2	2	72	35	35	0.04603562442889511	0.20372449499378775	0.22162162162162163	0.3065028115363686	0.585667475819361	-0.009316343625828893	-0.0016834063354211892	-0.040018217608004274	-0.006554860914825565
historical_restricted	Valdeolivas	A416371	historical_raw_6nn	stromal_retention	far500	four_gene_mean	2	2	72	35	35	0.047817767212470996	0.2117293074869728	0.22162162162162163	0.31326758248209463	0.585667475819361	-0.002334273384182309	0.00025340340391716287	-0.009411244156784598	0.0019445986957495331
historical_restricted	Valdeolivas	A416371	historical_raw_6nn	stromal_retention	grid4	four_gene_mean	2	2	72	35	35	0.04603562442889511	0.20372449499378775	0.22162162162162163	0.3065028115363686	0.585667475819361	-0.011169405817268385	-0.013034558805787883	-0.048133704125149064	-0.05690900060621526
historical_restricted	Valdeolivas	A416371	historical_raw_6nn	stromal_retention	grid8	four_gene_mean	2	2	72	35	35	0.04603562442889511	0.20372449499378775	0.22162162162162163	0.3065028115363686	0.585667475819361	-0.011073561432276252	-0.007270645863807573	-0.04778226903404948	-0.031549372293028705
historical_restricted	Valdeolivas	A416371	historical_raw_6nn	stromal_retention	near150	four_gene_mean	2	2	72	35	35	0.04603562442889511	0.20372449499378775	0.22162162162162163	0.3065028115363686	0.585667475819361	-0.011518451399631341	-0.002217367956612454	-0.049717738996888486	-0.008901416211515648
historical_restricted	Valdeolivas	A416371	historical_raw_6nn	stricter_adjacency	baseline	ACTA2	2	1	72	1	0	0.0	NA	0.14838709677419354	0.42953020134228187	0.5071283095723014	0.0	0.0	NA	NA
historical_restricted	Valdeolivas	A416371	historical_raw_6nn	stricter_adjacency	baseline	ACTA2_TAGLN	2	1	72	1	1	0.016535999183249717	0.038816261623285324	0.14838709677419354	0.42953020134228187	0.5071283095723014	-0.04956793633634721	-0.036502441203986574	-0.11635474600815046	-0.08568507363605715
historical_restricted	Valdeolivas	A416371	historical_raw_6nn	stricter_adjacency	baseline	CXCL12	2	1	72	1	0	0.0	NA	0.14838709677419354	0.42953020134228187	0.5071283095723014	0.0	0.0	NA	NA
historical_restricted	Valdeolivas	A416371	historical_raw_6nn	stricter_adjacency	baseline	TAGLN	2	1	72	1	0	0.5149120903624865	NA	0.14838709677419354	0.42953020134228187	0.5071283095723014	0.3251302913429792	0.3387704067013497	NA	NA
historical_restricted	Valdeolivas	A416371	historical_raw_6nn	stricter_adjacency	baseline	TGFB1	2	1	72	1	0	0.3369596001230066	NA	0.14838709677419354	0.42953020134228187	0.5071283095723014	-0.015301241167860802	-0.015301241167860802	NA	NA
historical_restricted	Valdeolivas	A416371	historical_raw_6nn	stricter_adjacency	baseline	TGFB1_CXCL12	2	1	72	1	0	0.07512685045154066	NA	0.14838709677419354	0.42953020134228187	0.5071283095723014	-0.008358850046420452	-0.19435651980385565	NA	NA
historical_restricted	Valdeolivas	A416371	historical_raw_6nn	stricter_adjacency	baseline	four_gene_mean	2	1	72	1	1	0.02000855436026905	0.0890979703457838	0.14838709677419354	0.42953020134228187	0.5071283095723014	-0.02032054443320719	-0.022351948373250996	-0.09048726023481342	-0.09953308957117622
historical_restricted	Valdeolivas	A416371	historical_raw_6nn	stricter_adjacency	far500	four_gene_mean	2	1	72	1	1	0.02057899629657567	0.0916381448036628	0.14838709677419354	0.4281437125748503	0.5071283095723014	-0.02152924706581516	-0.01873756990524364	-0.09586960567456301	-0.08343828433125239
historical_restricted	Valdeolivas	A416371	historical_raw_6nn	stricter_adjacency	grid4	four_gene_mean	2	1	72	1	1	0.02000855436026905	0.0890979703457838	0.14838709677419354	0.42953020134228187	0.5071283095723014	-0.0242159186816292	-0.032301965953039385	-0.1078333379684857	-0.14384045707516677
historical_restricted	Valdeolivas	A416371	historical_raw_6nn	stricter_adjacency	grid8	four_gene_mean	2	1	72	1	1	0.02000855436026905	0.0890979703457838	0.14838709677419354	0.42953020134228187	0.5071283095723014	-0.027012964234388065	-0.028287323532322828	-0.1202885647294142	-0.125963278898806
historical_restricted	Valdeolivas	A416371	historical_raw_6nn	stricter_adjacency	near150	four_gene_mean	2	1	72	1	1	0.02000855436026905	0.0890979703457838	0.14838709677419354	0.42953020134228187	0.5071283095723014	-0.024078574620788523	-0.02000211640318733	-0.10722174570451627	-0.08906930216222461
historical_restricted	Valdeolivas	A416371	nominal_honeycomb_exact	stromal_retention	baseline	ACTA2	2	2	72	35	21	0.3450679211108619	1.2947464885382822	0.22162162162162163	0.3051347629352744	0.585667475819361	0.20421851409502195	0.19297496072574796	0.7662584315801599	0.7240709364438522
historical_restricted	Valdeolivas	A416371	nominal_honeycomb_exact	stromal_retention	baseline	ACTA2_TAGLN	2	2	72	35	35	0.13642472856291354	0.33556718339631947	0.22162162162162163	0.3051347629352744	0.585667475819361	0.05849189569757149	0.022462559449603403	0.14011432399123827	0.05552433239133808
historical_restricted	Valdeolivas	A416371	nominal_honeycomb_exact	stromal_retention	baseline	CXCL12	2	2	72	35	0	0.0	NA	0.22162162162162163	0.3051347629352744	0.585667475819361	0.0	0.0	NA	NA
historical_restricted	Valdeolivas	A416371	nominal_honeycomb_exact	stromal_retention	baseline	TAGLN	2	2	72	35	21	0.4145587654886188	0.3935433700732374	0.22162162162162163	0.3051347629352744	0.585667475819361	0.24769476687708805	0.09520592769589425	0.24778823097081182	0.0
historical_restricted	Valdeolivas	A416371	nominal_honeycomb_exact	stromal_retention	baseline	TGFB1	2	2	72	35	0	0.1761304206454337	NA	0.22162162162162163	0.3051347629352744	0.585667475819361	0.040134154326603916	0.0	NA	NA
historical_restricted	Valdeolivas	A416371	nominal_honeycomb_exact	stromal_retention	baseline	TGFB1_CXCL12	2	2	72	35	0	0.2096080840733684	NA	0.22162162162162163	0.3051347629352744	0.585667475819361	0.0703139330233958	0.0	NA	NA
historical_restricted	Valdeolivas	A416371	nominal_honeycomb_exact	stromal_retention	baseline	four_gene_mean	2	2	72	35	35	0.047311713738292904	0.2093601041708666	0.22162162162162163	0.3051347629352744	0.585667475819361	-0.010079913563693296	-8.253509671032888e-05	-0.04336625931850793	0.00066141235114002
historical_restricted	Valdeolivas	A416371	nominal_honeycomb_exact	stromal_retention	far500	four_gene_mean	2	2	72	35	35	0.04945986408929687	0.218901400964933	0.22162162162162163	0.3120343166059466	0.585667475819361	-0.005164659378400299	-0.00021383408299610607	-0.02175511641931961	-3.714724503774136e-05
historical_restricted	Valdeolivas	A416371	nominal_honeycomb_exact	stromal_retention	grid4	four_gene_mean	2	2	72	35	35	0.047311713738292904	0.2093601041708666	0.22162162162162163	0.3051347629352744	0.585667475819361	-0.010605448403226414	-0.012583742561168773	-0.045721599907461226	-0.05489402913735028
historical_restricted	Valdeolivas	A416371	nominal_honeycomb_exact	stromal_retention	grid8	four_gene_mean	2	2	72	35	35	0.047311713738292904	0.2093601041708666	0.22162162162162163	0.3051347629352744	0.585667475819361	-0.008979658813033656	-0.007270645863807573	-0.038607919701343696	-0.031549372293028705
historical_restricted	Valdeolivas	A416371	nominal_honeycomb_exact	stromal_retention	near150	four_gene_mean	2	2	72	35	35	0.047311713738292904	0.2093601041708666	0.22162162162162163	0.3051347629352744	0.585667475819361	-0.010598662565640835	-0.003081191390922472	-0.04567624545544768	-0.012648049999520829
historical_restricted	Valdeolivas	A416371	nominal_honeycomb_exact	stricter_adjacency	baseline	ACTA2	2	0	72	0	0	NA	NA	NA	NA	NA	NA	NA	NA	NA
historical_restricted	Valdeolivas	A416371	nominal_honeycomb_exact	stricter_adjacency	baseline	ACTA2_TAGLN	2	0	72	0	0	NA	NA	NA	NA	NA	NA	NA	NA	NA
historical_restricted	Valdeolivas	A416371	nominal_honeycomb_exact	stricter_adjacency	baseline	CXCL12	2	0	72	0	0	NA	NA	NA	NA	NA	NA	NA	NA	NA
historical_restricted	Valdeolivas	A416371	nominal_honeycomb_exact	stricter_adjacency	baseline	TAGLN	2	0	72	0	0	NA	NA	NA	NA	NA	NA	NA	NA	NA
historical_restricted	Valdeolivas	A416371	nominal_honeycomb_exact	stricter_adjacency	baseline	TGFB1	2	0	72	0	0	NA	NA	NA	NA	NA	NA	NA	NA	NA
historical_restricted	Valdeolivas	A416371	nominal_honeycomb_exact	stricter_adjacency	baseline	TGFB1_CXCL12	2	0	72	0	0	NA	NA	NA	NA	NA	NA	NA	NA	NA
historical_restricted	Valdeolivas	A416371	nominal_honeycomb_exact	stricter_adjacency	baseline	four_gene_mean	2	0	72	0	0	NA	NA	NA	NA	NA	NA	NA	NA	NA
historical_restricted	Valdeolivas	A416371	nominal_honeycomb_exact	stricter_adjacency	far500	four_gene_mean	2	0	72	0	0	NA	NA	NA	NA	NA	NA	NA	NA	NA
historical_restricted	Valdeolivas	A416371	nominal_honeycomb_exact	stricter_adjacency	grid4	four_gene_mean	2	0	72	0	0	NA	NA	NA	NA	NA	NA	NA	NA	NA
historical_restricted	Valdeolivas	A416371	nominal_honeycomb_exact	stricter_adjacency	grid8	four_gene_mean	2	0	72	0	0	NA	NA	NA	NA	NA	NA	NA	NA	NA
historical_restricted	Valdeolivas	A416371	nominal_honeycomb_exact	stricter_adjacency	near150	four_gene_mean	2	0	72	0	0	NA	NA	NA	NA	NA	NA	NA	NA	NA
historical_restricted	Valdeolivas	A551763	historical_raw_6nn	stromal_retention	baseline	ACTA2	2	0	72	0	0	NA	NA	NA	NA	NA	NA	NA	NA	NA
historical_restricted	Valdeolivas	A551763	historical_raw_6nn	stromal_retention	baseline	ACTA2_TAGLN	2	0	72	0	0	NA	NA	NA	NA	NA	NA	NA	NA	NA
historical_restricted	Valdeolivas	A551763	historical_raw_6nn	stromal_retention	baseline	CXCL12	2	0	72	0	0	NA	NA	NA	NA	NA	NA	NA	NA	NA
historical_restricted	Valdeolivas	A551763	historical_raw_6nn	stromal_retention	baseline	TAGLN	2	0	72	0	0	NA	NA	NA	NA	NA	NA	NA	NA	NA
historical_restricted	Valdeolivas	A551763	historical_raw_6nn	stromal_retention	baseline	TGFB1	2	0	72	0	0	NA	NA	NA	NA	NA	NA	NA	NA	NA
historical_restricted	Valdeolivas	A551763	historical_raw_6nn	stromal_retention	baseline	TGFB1_CXCL12	2	0	72	0	0	NA	NA	NA	NA	NA	NA	NA	NA	NA
historical_restricted	Valdeolivas	A551763	historical_raw_6nn	stromal_retention	baseline	four_gene_mean	2	0	72	0	0	NA	NA	NA	NA	NA	NA	NA	NA	NA
historical_restricted	Valdeolivas	A551763	historical_raw_6nn	stromal_retention	far500	four_gene_mean	2	0	72	0	0	NA	NA	NA	NA	NA	NA	NA	NA	NA
historical_restricted	Valdeolivas	A551763	historical_raw_6nn	stromal_retention	grid4	four_gene_mean	2	0	72	0	0	NA	NA	NA	NA	NA	NA	NA	NA	NA
historical_restricted	Valdeolivas	A551763	historical_raw_6nn	stromal_retention	grid8	four_gene_mean	2	0	72	0	0	NA	NA	NA	NA	NA	NA	NA	NA	NA
historical_restricted	Valdeolivas	A551763	historical_raw_6nn	stromal_retention	near150	four_gene_mean	2	0	72	0	0	NA	NA	NA	NA	NA	NA	NA	NA	NA
historical_restricted	Valdeolivas	A551763	historical_raw_6nn	stricter_adjacency	baseline	ACTA2	2	0	72	0	0	NA	NA	NA	NA	NA	NA	NA	NA	NA
historical_restricted	Valdeolivas	A551763	historical_raw_6nn	stricter_adjacency	baseline	ACTA2_TAGLN	2	0	72	0	0	NA	NA	NA	NA	NA	NA	NA	NA	NA
historical_restricted	Valdeolivas	A551763	historical_raw_6nn	stricter_adjacency	baseline	CXCL12	2	0	72	0	0	NA	NA	NA	NA	NA	NA	NA	NA	NA
historical_restricted	Valdeolivas	A551763	historical_raw_6nn	stricter_adjacency	baseline	TAGLN	2	0	72	0	0	NA	NA	NA	NA	NA	NA	NA	NA	NA
historical_restricted	Valdeolivas	A551763	historical_raw_6nn	stricter_adjacency	baseline	TGFB1	2	0	72	0	0	NA	NA	NA	NA	NA	NA	NA	NA	NA
historical_restricted	Valdeolivas	A551763	historical_raw_6nn	stricter_adjacency	baseline	TGFB1_CXCL12	2	0	72	0	0	NA	NA	NA	NA	NA	NA	NA	NA	NA
historical_restricted	Valdeolivas	A551763	historical_raw_6nn	stricter_adjacency	baseline	four_gene_mean	2	0	72	0	0	NA	NA	NA	NA	NA	NA	NA	NA	NA
historical_restricted	Valdeolivas	A551763	historical_raw_6nn	stricter_adjacency	far500	four_gene_mean	2	0	72	0	0	NA	NA	NA	NA	NA	NA	NA	NA	NA
historical_restricted	Valdeolivas	A551763	historical_raw_6nn	stricter_adjacency	grid4	four_gene_mean	2	0	72	0	0	NA	NA	NA	NA	NA	NA	NA	NA	NA
historical_restricted	Valdeolivas	A551763	historical_raw_6nn	stricter_adjacency	grid8	four_gene_mean	2	0	72	0	0	NA	NA	NA	NA	NA	NA	NA	NA	NA
historical_restricted	Valdeolivas	A551763	historical_raw_6nn	stricter_adjacency	near150	four_gene_mean	2	0	72	0	0	NA	NA	NA	NA	NA	NA	NA	NA	NA
historical_restricted	Valdeolivas	A551763	nominal_honeycomb_exact	stromal_retention	baseline	ACTA2	2	0	72	0	0	NA	NA	NA	NA	NA	NA	NA	NA	NA
historical_restricted	Valdeolivas	A551763	nominal_honeycomb_exact	stromal_retention	baseline	ACTA2_TAGLN	2	0	72	0	0	NA	NA	NA	NA	NA	NA	NA	NA	NA
historical_restricted	Valdeolivas	A551763	nominal_honeycomb_exact	stromal_retention	baseline	CXCL12	2	0	72	0	0	NA	NA	NA	NA	NA	NA	NA	NA	NA
historical_restricted	Valdeolivas	A551763	nominal_honeycomb_exact	stromal_retention	baseline	TAGLN	2	0	72	0	0	NA	NA	NA	NA	NA	NA	NA	NA	NA
historical_restricted	Valdeolivas	A551763	nominal_honeycomb_exact	stromal_retention	baseline	TGFB1	2	0	72	0	0	NA	NA	NA	NA	NA	NA	NA	NA	NA
historical_restricted	Valdeolivas	A551763	nominal_honeycomb_exact	stromal_retention	baseline	TGFB1_CXCL12	2	0	72	0	0	NA	NA	NA	NA	NA	NA	NA	NA	NA
historical_restricted	Valdeolivas	A551763	nominal_honeycomb_exact	stromal_retention	baseline	four_gene_mean	2	0	72	0	0	NA	NA	NA	NA	NA	NA	NA	NA	NA
historical_restricted	Valdeolivas	A551763	nominal_honeycomb_exact	stromal_retention	far500	four_gene_mean	2	0	72	0	0	NA	NA	NA	NA	NA	NA	NA	NA	NA
historical_restricted	Valdeolivas	A551763	nominal_honeycomb_exact	stromal_retention	grid4	four_gene_mean	2	0	72	0	0	NA	NA	NA	NA	NA	NA	NA	NA	NA
historical_restricted	Valdeolivas	A551763	nominal_honeycomb_exact	stromal_retention	grid8	four_gene_mean	2	0	72	0	0	NA	NA	NA	NA	NA	NA	NA	NA	NA
historical_restricted	Valdeolivas	A551763	nominal_honeycomb_exact	stromal_retention	near150	four_gene_mean	2	0	72	0	0	NA	NA	NA	NA	NA	NA	NA	NA	NA
historical_restricted	Valdeolivas	A551763	nominal_honeycomb_exact	stricter_adjacency	baseline	ACTA2	2	0	72	0	0	NA	NA	NA	NA	NA	NA	NA	NA	NA
historical_restricted	Valdeolivas	A551763	nominal_honeycomb_exact	stricter_adjacency	baseline	ACTA2_TAGLN	2	0	72	0	0	NA	NA	NA	NA	NA	NA	NA	NA	NA
historical_restricted	Valdeolivas	A551763	nominal_honeycomb_exact	stricter_adjacency	baseline	CXCL12	2	0	72	0	0	NA	NA	NA	NA	NA	NA	NA	NA	NA
historical_restricted	Valdeolivas	A551763	nominal_honeycomb_exact	stricter_adjacency	baseline	TAGLN	2	0	72	0	0	NA	NA	NA	NA	NA	NA	NA	NA	NA
historical_restricted	Valdeolivas	A551763	nominal_honeycomb_exact	stricter_adjacency	baseline	TGFB1	2	0	72	0	0	NA	NA	NA	NA	NA	NA	NA	NA	NA
historical_restricted	Valdeolivas	A551763	nominal_honeycomb_exact	stricter_adjacency	baseline	TGFB1_CXCL12	2	0	72	0	0	NA	NA	NA	NA	NA	NA	NA	NA	NA
historical_restricted	Valdeolivas	A551763	nominal_honeycomb_exact	stricter_adjacency	baseline	four_gene_mean	2	0	72	0	0	NA	NA	NA	NA	NA	NA	NA	NA	NA
historical_restricted	Valdeolivas	A551763	nominal_honeycomb_exact	stricter_adjacency	far500	four_gene_mean	2	0	72	0	0	NA	NA	NA	NA	NA	NA	NA	NA	NA
historical_restricted	Valdeolivas	A551763	nominal_honeycomb_exact	stricter_adjacency	grid4	four_gene_mean	2	0	72	0	0	NA	NA	NA	NA	NA	NA	NA	NA	NA
historical_restricted	Valdeolivas	A551763	nominal_honeycomb_exact	stricter_adjacency	grid8	four_gene_mean	2	0	72	0	0	NA	NA	NA	NA	NA	NA	NA	NA	NA
historical_restricted	Valdeolivas	A551763	nominal_honeycomb_exact	stricter_adjacency	near150	four_gene_mean	2	0	72	0	0	NA	NA	NA	NA	NA	NA	NA	NA	NA
historical_restricted	Valdeolivas	A595688	historical_raw_6nn	stromal_retention	baseline	ACTA2	2	1	72	7	7	0.05213579275486624	0.13628890224864615	0.6417910447761194	0.7066666666666667	0.4696969696969697	-0.015514707210598555	0.006318221946320923	-0.04055721228568584	0.016516552021682063
historical_restricted	Valdeolivas	A595688	historical_raw_6nn	stromal_retention	baseline	ACTA2_TAGLN	2	1	72	7	7	0.10886569002737256	0.33598754518159635	0.6417910447761194	0.7066666666666667	0.4696969696969697	0.04110686049552936	-0.0491250770295828	0.1268663538029529	-0.1516126341905914
historical_restricted	Valdeolivas	A595688	historical_raw_6nn	stromal_retention	baseline	CXCL12	2	1	72	7	0	0.0	NA	0.6417910447761194	0.7066666666666667	0.4696969696969697	0.0	0.0	NA	NA
historical_restricted	Valdeolivas	A595688	historical_raw_6nn	stromal_retention	baseline	TAGLN	2	1	72	7	7	0.06821311334727165	0.15989404761646453	0.6417910447761194	0.7066666666666667	0.4696969696969697	0.0095999491116876	0.001474422911070139	0.022502633951998155	0.003456101555565262
historical_restricted	Valdeolivas	A595688	historical_raw_6nn	stromal_retention	baseline	TGFB1	2	1	72	7	7	0.5319545315960232	1.0098924542414225	0.6417910447761194	0.7066666666666667	0.4696969696969697	0.5185539760509896	0.06436416542649748	0.9844520845786826	0.12219255806082578
historical_restricted	Valdeolivas	A595688	historical_raw_6nn	stromal_retention	baseline	TGFB1_CXCL12	2	1	72	7	7	0.08184306544269393	0.24398358247062324	0.6417910447761194	0.7066666666666667	0.4696969696969697	0.020936247868628688	0.0	0.06241336062928437	0.0
historical_restricted	Valdeolivas	A595688	historical_raw_6nn	stromal_retention	baseline	four_gene_mean	2	1	72	7	7	0.06498358731583731	0.284592339522841	0.6417910447761194	0.7066666666666667	0.4696969696969697	0.03511042180060997	0.017194901487889824	0.15376431949354907	0.07530420286770978
historical_restricted	Valdeolivas	A595688	historical_raw_6nn	stromal_retention	far500	four_gene_mean	2	1	72	7	7	0.10285735073828128	0.45045857412360546	0.6417910447761194	0.6704545454545454	0.4696969696969697	0.06448924516226251	0.017194901487889824	0.2824273930213984	0.07530420286770978
historical_restricted	Valdeolivas	A595688	historical_raw_6nn	stromal_retention	grid4	four_gene_mean	2	1	72	7	7	0.06498358731583731	0.284592339522841	0.6417910447761194	0.7066666666666667	0.4696969696969697	0.03434600882627625	0.009588901220069168	0.15041661146890717	0.04199410873409624
historical_restricted	Valdeolivas	A595688	historical_raw_6nn	stromal_retention	grid8	four_gene_mean	2	1	72	7	7	0.06498358731583731	0.284592339522841	0.6417910447761194	0.7066666666666667	0.4696969696969697	0.03192441953861547	-0.027246338035011863	0.139811383453573	-0.11932396171247416
historical_restricted	Valdeolivas	A595688	historical_raw_6nn	stromal_retention	near150	four_gene_mean	2	1	72	7	7	0.06498358731583731	0.284592339522841	0.6417910447761194	0.7066666666666667	0.4696969696969697	0.03045104452641212	0.017194901487889824	0.13335881198072583	0.07530420286770978
historical_restricted	Valdeolivas	A595688	historical_raw_6nn	stricter_adjacency	baseline	ACTA2	2	1	72	6	6	0.04058562415732314	0.10609544558927646	0.6417910447761195	0.7333333333333334	0.4863822271797732	-0.005607473025456777	-0.011952831488064364	-0.014658573364784343	-0.03124606333178453
historical_restricted	Valdeolivas	A595688	historical_raw_6nn	stricter_adjacency	baseline	ACTA2_TAGLN	2	1	72	6	6	0.10658098893467527	0.3289363694492231	0.6417910447761195	0.7333333333333334	0.4863822271797732	0.05946590664843787	0.02261080473560373	0.18352709647808235	0.0697827642096034
historical_restricted	Valdeolivas	A595688	historical_raw_6nn	stricter_adjacency	baseline	CXCL12	2	1	72	6	0	0.0	NA	0.6417910447761195	0.7333333333333334	0.4863822271797732	0.0	0.0	NA	NA
historical_restricted	Valdeolivas	A595688	historical_raw_6nn	stricter_adjacency	baseline	TAGLN	2	1	72	6	6	0.1431512835151516	0.3355518758717552	0.6417910447761195	0.7333333333333334	0.4863822271797732	0.07922620778169653	0.095412819175543	0.18570914620224088	0.2236511589026539
historical_restricted	Valdeolivas	A595688	historical_raw_6nn	stricter_adjacency	baseline	TGFB1	2	1	72	6	6	0.5319545315960232	1.0098924542414225	0.6417910447761195	0.7333333333333334	0.4863822271797732	0.5088069145596996	0.10637906156853705	0.9659477138732626	0.20195600410625847
historical_restricted	Valdeolivas	A595688	historical_raw_6nn	stricter_adjacency	baseline	TGFB1_CXCL12	2	1	72	6	6	0.07105642261513886	0.21182736073500552	0.6417910447761195	0.7333333333333334	0.4863822271797732	-0.028245153654391036	-0.006977806633967382	-0.08420204862508271	-0.02080164337850594
historical_restricted	Valdeolivas	A595688	historical_raw_6nn	stricter_adjacency	baseline	four_gene_mean	2	1	72	6	6	0.06170219774328256	0.27022165957252653	0.6417910447761195	0.7333333333333334	0.4863822271797732	0.03844595028323672	0.026269746542915584	0.16837209806696235	0.1150470285825291
historical_restricted	Valdeolivas	A595688	historical_raw_6nn	stricter_adjacency	far500	four_gene_mean	2	1	72	6	6	0.08005871777149676	0.3506131121855801	0.6417910447761195	0.7045454545454546	0.4863822271797732	0.05964249160593427	0.032643755150511544	0.26120128054191794	0.14296167744544847
historical_restricted	Valdeolivas	A595688	historical_raw_6nn	stricter_adjacency	grid4	four_gene_mean	2	1	72	6	6	0.06170219774328256	0.27022165957252653	0.6417910447761195	0.7333333333333334	0.4863822271797732	0.038284379251252054	0.01948937227821035	0.16766450589036933	0.08535272184236169
historical_restricted	Valdeolivas	A595688	historical_raw_6nn	stricter_adjacency	grid8	four_gene_mean	2	1	72	6	6	0.06170219774328256	0.27022165957252653	0.6417910447761195	0.7333333333333334	0.4863822271797732	0.03942636226208113	0.017049885560572964	0.17266576282571824	0.07466911293611529
historical_restricted	Valdeolivas	A595688	historical_raw_6nn	stricter_adjacency	near150	four_gene_mean	2	1	72	6	6	0.06170219774328256	0.27022165957252653	0.6417910447761195	0.7333333333333334	0.4863822271797732	0.03835018341872898	0.02551033094516031	0.16795269191927523	0.11172120631628683
historical_restricted	Valdeolivas	A595688	nominal_honeycomb_exact	stromal_retention	baseline	ACTA2	2	1	72	7	7	0.03523366338854372	0.09210481037472541	0.6417910447761194	0.7027027027027027	0.4696969696969697	-0.012632501877921642	0.005913449724600395	-0.033022799167759936	0.015458431317189901
historical_restricted	Valdeolivas	A595688	nominal_honeycomb_exact	stromal_retention	baseline	ACTA2_TAGLN	2	1	72	7	7	0.11196761694469504	0.3455608901906791	0.6417910447761194	0.7027027027027027	0.4696969696969697	0.02090637062253542	-0.03313747642253784	0.06452244175695918	-0.10227078296129939
historical_restricted	Valdeolivas	A595688	nominal_honeycomb_exact	stromal_retention	baseline	CXCL12	2	1	72	7	0	0.0	NA	0.6417910447761194	0.7027027027027027	0.4696969696969697	0.0	0.0	NA	NA
historical_restricted	Valdeolivas	A595688	nominal_honeycomb_exact	stromal_retention	baseline	TAGLN	2	1	72	7	7	0.05585109728261051	0.13091702709527045	0.6417910447761194	0.7027027027027027	0.4696969696969697	0.007876957880684099	-0.010133501097739916	0.018463879108332252	-0.023753299439576585
historical_restricted	Valdeolivas	A595688	nominal_honeycomb_exact	stromal_retention	baseline	TGFB1	2	1	72	7	7	0.5488382541825825	1.0419454644648984	0.6417910447761194	0.7027027027027027	0.4696969696969697	0.5354376986375489	0.049065805299807974	1.0165050948021586	0.09314928925388875
historical_restricted	Valdeolivas	A595688	nominal_honeycomb_exact	stromal_retention	baseline	TGFB1_CXCL12	2	1	72	7	7	0.17291903657699542	0.5154915177384805	0.6417910447761194	0.7027027027027027	0.4696969696969697	0.047446737072388834	0.0	0.14144417520099817	0.0
historical_restricted	Valdeolivas	A595688	nominal_honeycomb_exact	stromal_retention	baseline	four_gene_mean	2	1	72	7	7	0.05758413311815791	0.2521868034745645	0.6417910447761194	0.7027027027027027	0.4696969696969697	0.03965194414004014	0.017194901487889824	0.17365368727024436	0.07530420286770978
historical_restricted	Valdeolivas	A595688	nominal_honeycomb_exact	stromal_retention	far500	four_gene_mean	2	1	72	7	7	0.09576761547017676	0.4194094364891904	0.6417910447761194	0.6781609195402298	0.4696969696969697	0.0743257252569628	0.007783542569991031	0.3255057609362821	0.0340876316815695
historical_restricted	Valdeolivas	A595688	nominal_honeycomb_exact	stromal_retention	grid4	four_gene_mean	2	1	72	7	7	0.05758413311815791	0.2521868034745645	0.6417910447761194	0.7027027027027027	0.4696969696969697	0.03706232112147845	0.00900002626919405	0.16231256401472563	0.03941516061999137
historical_restricted	Valdeolivas	A595688	nominal_honeycomb_exact	stromal_retention	grid8	four_gene_mean	2	1	72	7	7	0.05758413311815791	0.2521868034745645	0.6417910447761194	0.7027027027027027	0.4696969696969697	0.04058660007691006	-0.03018471550321089	0.17774696575346988	-0.13219243747100098
historical_restricted	Valdeolivas	A595688	nominal_honeycomb_exact	stromal_retention	near150	four_gene_mean	2	1	72	7	7	0.05758413311815791	0.2521868034745645	0.6417910447761194	0.7027027027027027	0.4696969696969697	0.03999724167387908	0.017194901487889824	0.17516590038505866	0.07530420286770978
historical_restricted	Valdeolivas	A595688	nominal_honeycomb_exact	stricter_adjacency	baseline	ACTA2	2	1	72	6	6	0.04726394707268111	0.1235533425714061	0.6119402985074627	0.7297297297297298	0.4863822271797732	-0.008470306786732773	-0.020658881103892357	-0.022142346988006947	-0.05400466893393481
historical_restricted	Valdeolivas	A595688	nominal_honeycomb_exact	stricter_adjacency	baseline	ACTA2_TAGLN	2	1	72	6	6	0.10012599131316047	0.3090145850517652	0.6119402985074627	0.7297297297297298	0.4863822271797732	0.05216351177439438	0.020841802246283403	0.16099002601024578	0.06432316712573402
historical_restricted	Valdeolivas	A595688	nominal_honeycomb_exact	stricter_adjacency	baseline	CXCL12	2	1	72	6	0	0.0	NA	0.6119402985074627	0.7297297297297298	0.4863822271797732	0.0	0.0	NA	NA
historical_restricted	Valdeolivas	A595688	nominal_honeycomb_exact	stricter_adjacency	baseline	TAGLN	2	1	72	6	6	0.15143198816587256	0.35496215226508765	0.6119402985074627	0.7297297297297298	0.4863822271797732	0.08590161879329539	0.08674935306782428	0.20135655523801022	0.20334367557024843
historical_restricted	Valdeolivas	A595688	nominal_honeycomb_exact	stricter_adjacency	baseline	TGFB1	2	1	72	6	6	0.5549255898526928	1.053502005474587	0.6119402985074627	0.7297297297297298	0.4863822271797732	0.5300859923675691	0.08666283300514876	1.0063451140926165	0.16452560494690693
historical_restricted	Valdeolivas	A595688	nominal_honeycomb_exact	stricter_adjacency	baseline	TGFB1_CXCL12	2	1	72	6	6	0.18372342106965547	0.5477006294164274	0.6119402985074627	0.7297297297297298	0.4863822271797732	0.060500017783511495	0.004389381591553165	0.1803575049213318	0.013085250897494932
historical_restricted	Valdeolivas	A595688	nominal_honeycomb_exact	stricter_adjacency	baseline	four_gene_mean	2	1	72	6	6	0.05244266059594638	0.22966998416483744	0.6119402985074627	0.7297297297297298	0.4863822271797732	0.02912685175348173	0.01678804098312503	0.127559576592321	0.07352237783014007
historical_restricted	Valdeolivas	A595688	nominal_honeycomb_exact	stricter_adjacency	far500	four_gene_mean	2	1	72	6	6	0.07242322882304764	0.31717387386408563	0.6119402985074627	0.7011494252873562	0.4863822271797732	0.05172132573019678	0.025663067647526572	0.226510934541656	0.1123901089923757
historical_restricted	Valdeolivas	A595688	nominal_honeycomb_exact	stricter_adjacency	grid4	four_gene_mean	2	1	72	6	6	0.05244266059594638	0.22966998416483744	0.6119402985074627	0.7297297297297298	0.4863822271797732	0.02843583015765691	0.0072673943157059995	0.12453328240420893	0.03182718646309188
historical_restricted	Valdeolivas	A595688	nominal_honeycomb_exact	stricter_adjacency	grid8	four_gene_mean	2	1	72	6	6	0.05244266059594638	0.22966998416483744	0.6119402985074627	0.7297297297297298	0.4863822271797732	0.02910574364678009	0.007896620302848767	0.12746713470480375	0.03458284990314157
historical_restricted	Valdeolivas	A595688	nominal_honeycomb_exact	stricter_adjacency	near150	four_gene_mean	2	1	72	6	6	0.05244266059594638	0.22966998416483744	0.6119402985074627	0.7297297297297298	0.4863822271797732	0.028294627265080363	0.016675957237630157	0.12391489146573333	0.07303151272603563
historical_restricted	Valdeolivas	A798015	historical_raw_6nn	stromal_retention	baseline	ACTA2	2	0	72	0	0	NA	NA	NA	NA	NA	NA	NA	NA	NA
historical_restricted	Valdeolivas	A798015	historical_raw_6nn	stromal_retention	baseline	ACTA2_TAGLN	2	0	72	0	0	NA	NA	NA	NA	NA	NA	NA	NA	NA
historical_restricted	Valdeolivas	A798015	historical_raw_6nn	stromal_retention	baseline	CXCL12	2	0	72	0	0	NA	NA	NA	NA	NA	NA	NA	NA	NA
historical_restricted	Valdeolivas	A798015	historical_raw_6nn	stromal_retention	baseline	TAGLN	2	0	72	0	0	NA	NA	NA	NA	NA	NA	NA	NA	NA
historical_restricted	Valdeolivas	A798015	historical_raw_6nn	stromal_retention	baseline	TGFB1	2	0	72	0	0	NA	NA	NA	NA	NA	NA	NA	NA	NA
historical_restricted	Valdeolivas	A798015	historical_raw_6nn	stromal_retention	baseline	TGFB1_CXCL12	2	0	72	0	0	NA	NA	NA	NA	NA	NA	NA	NA	NA
historical_restricted	Valdeolivas	A798015	historical_raw_6nn	stromal_retention	baseline	four_gene_mean	2	0	72	0	0	NA	NA	NA	NA	NA	NA	NA	NA	NA
historical_restricted	Valdeolivas	A798015	historical_raw_6nn	stromal_retention	far500	four_gene_mean	2	0	72	0	0	NA	NA	NA	NA	NA	NA	NA	NA	NA
historical_restricted	Valdeolivas	A798015	historical_raw_6nn	stromal_retention	grid4	four_gene_mean	2	0	72	0	0	NA	NA	NA	NA	NA	NA	NA	NA	NA
historical_restricted	Valdeolivas	A798015	historical_raw_6nn	stromal_retention	grid8	four_gene_mean	2	0	72	0	0	NA	NA	NA	NA	NA	NA	NA	NA	NA
historical_restricted	Valdeolivas	A798015	historical_raw_6nn	stromal_retention	near150	four_gene_mean	2	0	72	0	0	NA	NA	NA	NA	NA	NA	NA	NA	NA
historical_restricted	Valdeolivas	A798015	historical_raw_6nn	stricter_adjacency	baseline	ACTA2	2	0	72	0	0	NA	NA	NA	NA	NA	NA	NA	NA	NA
historical_restricted	Valdeolivas	A798015	historical_raw_6nn	stricter_adjacency	baseline	ACTA2_TAGLN	2	0	72	0	0	NA	NA	NA	NA	NA	NA	NA	NA	NA
historical_restricted	Valdeolivas	A798015	historical_raw_6nn	stricter_adjacency	baseline	CXCL12	2	0	72	0	0	NA	NA	NA	NA	NA	NA	NA	NA	NA
historical_restricted	Valdeolivas	A798015	historical_raw_6nn	stricter_adjacency	baseline	TAGLN	2	0	72	0	0	NA	NA	NA	NA	NA	NA	NA	NA	NA
historical_restricted	Valdeolivas	A798015	historical_raw_6nn	stricter_adjacency	baseline	TGFB1	2	0	72	0	0	NA	NA	NA	NA	NA	NA	NA	NA	NA
historical_restricted	Valdeolivas	A798015	historical_raw_6nn	stricter_adjacency	baseline	TGFB1_CXCL12	2	0	72	0	0	NA	NA	NA	NA	NA	NA	NA	NA	NA
historical_restricted	Valdeolivas	A798015	historical_raw_6nn	stricter_adjacency	baseline	four_gene_mean	2	0	72	0	0	NA	NA	NA	NA	NA	NA	NA	NA	NA
historical_restricted	Valdeolivas	A798015	historical_raw_6nn	stricter_adjacency	far500	four_gene_mean	2	0	72	0	0	NA	NA	NA	NA	NA	NA	NA	NA	NA
historical_restricted	Valdeolivas	A798015	historical_raw_6nn	stricter_adjacency	grid4	four_gene_mean	2	0	72	0	0	NA	NA	NA	NA	NA	NA	NA	NA	NA
historical_restricted	Valdeolivas	A798015	historical_raw_6nn	stricter_adjacency	grid8	four_gene_mean	2	0	72	0	0	NA	NA	NA	NA	NA	NA	NA	NA	NA
historical_restricted	Valdeolivas	A798015	historical_raw_6nn	stricter_adjacency	near150	four_gene_mean	2	0	72	0	0	NA	NA	NA	NA	NA	NA	NA	NA	NA
historical_restricted	Valdeolivas	A798015	nominal_honeycomb_exact	stromal_retention	baseline	ACTA2	2	0	72	0	0	NA	NA	NA	NA	NA	NA	NA	NA	NA
historical_restricted	Valdeolivas	A798015	nominal_honeycomb_exact	stromal_retention	baseline	ACTA2_TAGLN	2	0	72	0	0	NA	NA	NA	NA	NA	NA	NA	NA	NA
historical_restricted	Valdeolivas	A798015	nominal_honeycomb_exact	stromal_retention	baseline	CXCL12	2	0	72	0	0	NA	NA	NA	NA	NA	NA	NA	NA	NA
historical_restricted	Valdeolivas	A798015	nominal_honeycomb_exact	stromal_retention	baseline	TAGLN	2	0	72	0	0	NA	NA	NA	NA	NA	NA	NA	NA	NA
historical_restricted	Valdeolivas	A798015	nominal_honeycomb_exact	stromal_retention	baseline	TGFB1	2	0	72	0	0	NA	NA	NA	NA	NA	NA	NA	NA	NA
historical_restricted	Valdeolivas	A798015	nominal_honeycomb_exact	stromal_retention	baseline	TGFB1_CXCL12	2	0	72	0	0	NA	NA	NA	NA	NA	NA	NA	NA	NA
historical_restricted	Valdeolivas	A798015	nominal_honeycomb_exact	stromal_retention	baseline	four_gene_mean	2	0	72	0	0	NA	NA	NA	NA	NA	NA	NA	NA	NA
historical_restricted	Valdeolivas	A798015	nominal_honeycomb_exact	stromal_retention	far500	four_gene_mean	2	0	72	0	0	NA	NA	NA	NA	NA	NA	NA	NA	NA
historical_restricted	Valdeolivas	A798015	nominal_honeycomb_exact	stromal_retention	grid4	four_gene_mean	2	0	72	0	0	NA	NA	NA	NA	NA	NA	NA	NA	NA
historical_restricted	Valdeolivas	A798015	nominal_honeycomb_exact	stromal_retention	grid8	four_gene_mean	2	0	72	0	0	NA	NA	NA	NA	NA	NA	NA	NA	NA
historical_restricted	Valdeolivas	A798015	nominal_honeycomb_exact	stromal_retention	near150	four_gene_mean	2	0	72	0	0	NA	NA	NA	NA	NA	NA	NA	NA	NA
historical_restricted	Valdeolivas	A798015	nominal_honeycomb_exact	stricter_adjacency	baseline	ACTA2	2	0	72	0	0	NA	NA	NA	NA	NA	NA	NA	NA	NA
historical_restricted	Valdeolivas	A798015	nominal_honeycomb_exact	stricter_adjacency	baseline	ACTA2_TAGLN	2	0	72	0	0	NA	NA	NA	NA	NA	NA	NA	NA	NA
historical_restricted	Valdeolivas	A798015	nominal_honeycomb_exact	stricter_adjacency	baseline	CXCL12	2	0	72	0	0	NA	NA	NA	NA	NA	NA	NA	NA	NA
historical_restricted	Valdeolivas	A798015	nominal_honeycomb_exact	stricter_adjacency	baseline	TAGLN	2	0	72	0	0	NA	NA	NA	NA	NA	NA	NA	NA	NA
historical_restricted	Valdeolivas	A798015	nominal_honeycomb_exact	stricter_adjacency	baseline	TGFB1	2	0	72	0	0	NA	NA	NA	NA	NA	NA	NA	NA	NA
historical_restricted	Valdeolivas	A798015	nominal_honeycomb_exact	stricter_adjacency	baseline	TGFB1_CXCL12	2	0	72	0	0	NA	NA	NA	NA	NA	NA	NA	NA	NA
historical_restricted	Valdeolivas	A798015	nominal_honeycomb_exact	stricter_adjacency	baseline	four_gene_mean	2	0	72	0	0	NA	NA	NA	NA	NA	NA	NA	NA	NA
historical_restricted	Valdeolivas	A798015	nominal_honeycomb_exact	stricter_adjacency	far500	four_gene_mean	2	0	72	0	0	NA	NA	NA	NA	NA	NA	NA	NA	NA
historical_restricted	Valdeolivas	A798015	nominal_honeycomb_exact	stricter_adjacency	grid4	four_gene_mean	2	0	72	0	0	NA	NA	NA	NA	NA	NA	NA	NA	NA
historical_restricted	Valdeolivas	A798015	nominal_honeycomb_exact	stricter_adjacency	grid8	four_gene_mean	2	0	72	0	0	NA	NA	NA	NA	NA	NA	NA	NA	NA
historical_restricted	Valdeolivas	A798015	nominal_honeycomb_exact	stricter_adjacency	near150	four_gene_mean	2	0	72	0	0	NA	NA	NA	NA	NA	NA	NA	NA	NA
historical_restricted	Valdeolivas	A938797	historical_raw_6nn	stromal_retention	baseline	ACTA2	2	1	72	18	18	0.15600995634216464	0.4077422286928966	0.2541436464088398	0.5342261904761905	0.8903531727742147	0.10027546625833783	0.06969116397515807	0.2620764921292633	0.18214241696927577
historical_restricted	Valdeolivas	A938797	historical_raw_6nn	stromal_retention	baseline	ACTA2_TAGLN	2	1	72	18	18	0.1289341803479438	0.3861628452263574	0.2541436464088398	0.5342261904761905	0.8903531727742147	0.08495998203022403	0.05599632005866573	0.25445842446614453	0.16771113926273123
historical_restricted	Valdeolivas	A938797	historical_raw_6nn	stromal_retention	baseline	CXCL12	2	1	72	18	0	0.13602268436671278	NA	0.2541436464088398	0.5342261904761905	0.8903531727742147	0.13602268436671278	0.0	NA	NA
historical_restricted	Valdeolivas	A938797	historical_raw_6nn	stromal_retention	baseline	TAGLN	2	1	72	18	18	0.1918035499576205	0.5401961938040618	0.2541436464088398	0.5342261904761905	0.8903531727742147	0.13532725492571895	0.1277730140567297	0.3811361575162593	0.35986036692005424
historical_restricted	Valdeolivas	A938797	historical_raw_6nn	stromal_retention	baseline	TGFB1	2	1	72	18	18	0.13802728045562163	0.41361904918232945	0.2541436464088398	0.5342261904761905	0.8903531727742147	0.09275092157159959	0.008389701987105425	0.2779417798031921	0.025140976098166054
historical_restricted	Valdeolivas	A938797	historical_raw_6nn	stromal_retention	baseline	TGFB1_CXCL12	2	1	72	18	18	0.09013541517989498	0.44099827420838655	0.2541436464088398	0.5342261904761905	0.8903531727742147	0.05646315298224025	0.021577406021108192	0.27625271345159486	0.10557003368998569
historical_restricted	Valdeolivas	A938797	historical_raw_6nn	stromal_retention	baseline	four_gene_mean	2	1	72	18	18	0.13065116944636346	0.6379227069830504	0.2541436464088398	0.5342261904761905	0.8903531727742147	0.1033211291981625	0.03628278501869775	0.5044799423222605	0.17715579993728078
historical_restricted	Valdeolivas	A938797	historical_raw_6nn	stromal_retention	far500	four_gene_mean	2	1	72	18	18	0.12329994764007157	0.6020293327853725	0.2541436464088398	0.5250596658711217	0.8903531727742147	0.09603147987649097	0.03580627762394739	0.46888720443906123	0.17482918557596516
historical_restricted	Valdeolivas	A938797	historical_raw_6nn	stromal_retention	grid4	four_gene_mean	2	1	72	18	18	0.13065116944636346	0.6379227069830504	0.2541436464088398	0.5342261904761905	0.8903531727742147	0.10279955332484891	0.06693279839654276	0.5019332747768326	0.3268088002580201
historical_restricted	Valdeolivas	A938797	historical_raw_6nn	stromal_retention	grid8	four_gene_mean	2	1	72	18	18	0.13065116944636346	0.6379227069830504	0.2541436464088398	0.5342261904761905	0.8903531727742147	0.10336569978032162	0.01199037602091546	0.5046975644571655	0.05854469700822068
historical_restricted	Valdeolivas	A938797	historical_raw_6nn	stromal_retention	near150	four_gene_mean	2	1	72	18	18	0.13065116944636346	0.6379227069830504	0.2541436464088398	0.5342261904761905	0.8903531727742147	0.1023190803405587	0.03712224171229095	0.4995872978669476	0.18125456528810957
historical_restricted	Valdeolivas	A938797	historical_raw_6nn	stricter_adjacency	baseline	ACTA2	2	1	72	8	8	0.06528164262345204	0.17061784439988006	0.16574585635359115	0.5327380952380952	0.9050191778493184	-0.015128362730146672	-0.014100928873544749	-0.03953896584994692	-0.03685370024031748
historical_restricted	Valdeolivas	A938797	historical_raw_6nn	stricter_adjacency	baseline	ACTA2_TAGLN	2	1	72	8	8	0.10998557531353148	0.3294110419930123	0.16574585635359115	0.5327380952380952	0.9050191778493184	0.05090728185697124	0.06413632535696223	0.15246927348184477	0.19209076922326662
historical_restricted	Valdeolivas	A938797	historical_raw_6nn	stricter_adjacency	baseline	CXCL12	2	1	72	8	0	0.06801134218335639	NA	0.16574585635359115	0.5327380952380952	0.9050191778493184	0.06801134218335639	0.06801134218335639	NA	NA
historical_restricted	Valdeolivas	A938797	historical_raw_6nn	stricter_adjacency	baseline	TAGLN	2	1	72	8	8	0.15884553031855297	0.4473731111850092	0.16574585635359115	0.5327380952380952	0.9050191778493184	0.08187949380528614	0.07733503308321787	0.2306056948059188	0.21780665961863602
historical_restricted	Valdeolivas	A938797	historical_raw_6nn	stricter_adjacency	baseline	TGFB1	2	1	72	8	8	0.10938778417485212	0.3277965858141447	0.16574585635359115	0.5327380952380952	0.9050191778493184	0.05116485602253956	-0.010855436638236793	0.15332301723062508	-0.03252991268063236
historical_restricted	Valdeolivas	A938797	historical_raw_6nn	stricter_adjacency	baseline	TGFB1_CXCL12	2	1	72	8	8	0.08994263792385832	0.4400550884800119	0.16574585635359115	0.5327380952380952	0.9050191778493184	0.049230450541665124	0.008042549464319149	0.24086585371626779	0.03934913293428134
historical_restricted	Valdeolivas	A938797	historical_raw_6nn	stricter_adjacency	baseline	four_gene_mean	2	1	72	8	8	0.10554758183048296	0.5153509103832274	0.16574585635359115	0.5327380952380952	0.9050191778493184	0.07036395940509044	0.051195891429399065	0.3435619263719506	0.24997113906783813
historical_restricted	Valdeolivas	A938797	historical_raw_6nn	stricter_adjacency	far500	four_gene_mean	2	1	72	8	8	0.10855937743883548	0.5300564259595626	0.16574585635359115	0.5047732696897375	0.9050191778493184	0.07309080976580562	0.04044497033546646	0.35687615670770945	0.1974782550327036
historical_restricted	Valdeolivas	A938797	historical_raw_6nn	stricter_adjacency	grid4	four_gene_mean	2	1	72	8	8	0.10554758183048296	0.5153509103832274	0.16574585635359115	0.5327380952380952	0.9050191778493184	0.07128480675232574	0.058639620365128764	0.34805809303433677	0.28631619233334427
historical_restricted	Valdeolivas	A938797	historical_raw_6nn	stricter_adjacency	grid8	four_gene_mean	2	1	72	8	8	0.10554758183048296	0.5153509103832274	0.16574585635359115	0.5327380952380952	0.9050191778493184	0.07089930790153187	0.014119491773483983	0.34617584068650575	0.06894040406629148
historical_restricted	Valdeolivas	A938797	historical_raw_6nn	stricter_adjacency	near150	four_gene_mean	2	1	72	8	8	0.10554758183048296	0.5153509103832274	0.16574585635359115	0.5327380952380952	0.9050191778493184	0.06933395895087385	0.05125328110018368	0.3385328043156236	0.25025135220557676
historical_restricted	Valdeolivas	A938797	nominal_honeycomb_exact	stromal_retention	baseline	ACTA2	2	1	72	18	18	0.15600995634216464	0.4077422286928966	0.2541436464088398	0.5342261904761905	0.8903531727742147	0.09816024138273893	0.06970583858262192	0.2565482135168921	0.18218077001604785
historical_restricted	Valdeolivas	A938797	nominal_honeycomb_exact	stromal_retention	baseline	ACTA2_TAGLN	2	1	72	18	18	0.1289341803479438	0.3861628452263574	0.2541436464088398	0.5342261904761905	0.8903531727742147	0.08838275931201656	0.06408792881580117	0.26470977449719324	0.191945819715049
historical_restricted	Valdeolivas	A938797	nominal_honeycomb_exact	stromal_retention	baseline	CXCL12	2	1	72	18	0	0.13602268436671278	NA	0.2541436464088398	0.5342261904761905	0.8903531727742147	0.13602268436671278	0.0	NA	NA
historical_restricted	Valdeolivas	A938797	nominal_honeycomb_exact	stromal_retention	baseline	TAGLN	2	1	72	18	18	0.1918035499576205	0.5401961938040618	0.2541436464088398	0.5342261904761905	0.8903531727742147	0.13373592515656574	0.12903818119243526	0.3766543307483314	0.3634235880981041
historical_restricted	Valdeolivas	A938797	nominal_honeycomb_exact	stromal_retention	baseline	TGFB1	2	1	72	18	18	0.13802728045562163	0.41361904918232945	0.2541436464088398	0.5342261904761905	0.8903531727742147	0.09198308680571826	0.008389701987105425	0.27564084998160454	0.025140976098166054
historical_restricted	Valdeolivas	A938797	nominal_honeycomb_exact	stromal_retention	baseline	TGFB1_CXCL12	2	1	72	18	18	0.09013541517989498	0.44099827420838655	0.2541436464088398	0.5342261904761905	0.8903531727742147	0.055646207132342224	0.021577406021108192	0.2722557083986122	0.10557003368998569
historical_restricted	Valdeolivas	A938797	nominal_honeycomb_exact	stromal_retention	baseline	four_gene_mean	2	1	72	18	18	0.13065116944636346	0.6379227069830504	0.2541436464088398	0.5342261904761905	0.8903531727742147	0.1033718048858171	0.03628278501869775	0.5047273734932468	0.17715579993728078
historical_restricted	Valdeolivas	A938797	nominal_honeycomb_exact	stromal_retention	far500	four_gene_mean	2	1	72	18	18	0.12329994764007157	0.6020293327853725	0.2541436464088398	0.5250596658711217	0.8903531727742147	0.09580464266617361	0.03607419765316844	0.4677796398618491	0.1761373427935386
historical_restricted	Valdeolivas	A938797	nominal_honeycomb_exact	stromal_retention	grid4	four_gene_mean	2	1	72	18	18	0.13065116944636346	0.6379227069830504	0.2541436464088398	0.5342261904761905	0.8903531727742147	0.1016428856598256	0.0671237110370787	0.49628568225180464	0.3277409580715632
historical_restricted	Valdeolivas	A938797	nominal_honeycomb_exact	stromal_retention	grid8	four_gene_mean	2	1	72	18	18	0.13065116944636346	0.6379227069830504	0.2541436464088398	0.5342261904761905	0.8903531727742147	0.10084066990123453	0.0123867447640299	0.49236875100294225	0.06048002313383057
historical_restricted	Valdeolivas	A938797	nominal_honeycomb_exact	stromal_retention	near150	four_gene_mean	2	1	72	18	18	0.13065116944636346	0.6379227069830504	0.2541436464088398	0.5342261904761905	0.8903531727742147	0.10256977630541797	0.03652073558920965	0.5008113561682276	0.17831762705840296
historical_restricted	Valdeolivas	A938797	nominal_honeycomb_exact	stricter_adjacency	baseline	ACTA2	2	1	72	8	8	0.08037375698026916	0.21006207275438493	0.20994475138121546	0.5327380952380952	0.9050191778493184	0.0033859392567483493	-0.013775260332806183	0.008849373790845758	-0.03600254420047684
historical_restricted	Valdeolivas	A938797	nominal_honeycomb_exact	stricter_adjacency	baseline	ACTA2_TAGLN	2	1	72	8	8	0.1160937487832201	0.3477052572261316	0.20994475138121546	0.5327380952380952	0.9050191778493184	0.06585790919625745	0.06182181379081464	0.19724697925139015	0.18515871777437304
historical_restricted	Valdeolivas	A938797	nominal_honeycomb_exact	stricter_adjacency	baseline	CXCL12	2	1	72	8	0	0.06801134218335639	NA	0.20994475138121546	0.5327380952380952	0.9050191778493184	0.06801134218335639	0.06801134218335639	NA	NA
historical_restricted	Valdeolivas	A938797	nominal_honeycomb_exact	stricter_adjacency	baseline	TAGLN	2	1	72	8	8	0.1786464957649445	0.5031406200249127	0.20994475138121546	0.5327380952380952	0.9050191778493184	0.10563400932307498	0.09267780100747192	0.2975079959948402	0.26101808525143766
historical_restricted	Valdeolivas	A938797	nominal_honeycomb_exact	stricter_adjacency	baseline	TGFB1	2	1	72	8	8	0.11599788616195689	0.3476047287398003	0.20994475138121546	0.5327380952380952	0.9050191778493184	0.06529054254838751	-0.01160046304797313	0.19565271474101975	-0.03476249390800753
historical_restricted	Valdeolivas	A938797	nominal_honeycomb_exact	stricter_adjacency	baseline	TGFB1_CXCL12	2	1	72	8	8	0.10607434650967723	0.5189813976580449	0.20994475138121546	0.5327380952380952	0.9050191778493184	0.06980384744901802	0.021469486766943338	0.341523653013458	0.10504202586148043
historical_restricted	Valdeolivas	A938797	nominal_honeycomb_exact	stricter_adjacency	baseline	four_gene_mean	2	1	72	8	8	0.10983924330401384	0.5363055510209725	0.20994475138121546	0.5327380952380952	0.9050191778493184	0.0771208137328872	0.03909926052296875	0.3765532177759498	0.19090763763953425
historical_restricted	Valdeolivas	A938797	nominal_honeycomb_exact	stricter_adjacency	far500	four_gene_mean	2	1	72	8	8	0.11285103891236636	0.5510110665973077	0.20994475138121546	0.5047732696897375	0.9050191778493184	0.08007033666527524	0.028423390467269494	0.39095467825510766	0.1387812008522475
historical_restricted	Valdeolivas	A938797	nominal_honeycomb_exact	stricter_adjacency	grid4	four_gene_mean	2	1	72	8	8	0.10983924330401384	0.5363055510209725	0.20994475138121546	0.5327380952380952	0.9050191778493184	0.07830389364278495	0.06549812587212761	0.38232977180066574	0.3198038099139816
historical_restricted	Valdeolivas	A938797	nominal_honeycomb_exact	stricter_adjacency	grid8	four_gene_mean	2	1	72	8	8	0.10983924330401384	0.5363055510209725	0.20994475138121546	0.5327380952380952	0.9050191778493184	0.0776869039351003	0.01147575750660984	0.3793172327918323	0.05603199974649269
historical_restricted	Valdeolivas	A938797	nominal_honeycomb_exact	stricter_adjacency	near150	four_gene_mean	2	1	72	8	8	0.10983924330401384	0.5363055510209725	0.20994475138121546	0.5327380952380952	0.9050191778493184	0.07766300164904494	0.038689046599511556	0.3792005265190287	0.18890471047399227
