eligibility_frame	resource	patient_id	graph_id	estimator_id	setting_id	readout_id	n_attempted_sections	n_evaluable_sections	n_declared_maps	n_evaluable_maps	n_standardized_maps	abs_deviation_score	abs_deviation_mad	near_retention	far_retention	selected_stroma_purity	count_only_excess_abs_deviation_score	block_matched_excess_abs_deviation_score	count_only_excess_abs_deviation_mad	block_matched_excess_abs_deviation_mad
independent_eligible	GSE294385	Patient1	historical_raw_6nn	stromal_retention	baseline	ACTA2	1	1	42	41	41	0.11902490005588251	0.17344612230548348	0.48654244306418215	0.8811475409836066	0.5964649207669286	0.07736665967813988	0.07547721774223537	0.11274067115873349	0.10998732814437144
independent_eligible	GSE294385	Patient1	historical_raw_6nn	stromal_retention	baseline	ACTA2_TAGLN	1	1	42	41	41	0.17587221244487639	0.22158534973685423	0.48654244306418215	0.8811475409836066	0.5964649207669286	0.14976465287638724	0.13326568238966108	0.18869184918131515	0.16790442577441894
independent_eligible	GSE294385	Patient1	historical_raw_6nn	stromal_retention	baseline	CXCL12	1	1	42	41	0	0.0	NA	0.48654244306418215	0.8811475409836066	0.5964649207669286	0.0	0.0	NA	NA
independent_eligible	GSE294385	Patient1	historical_raw_6nn	stromal_retention	baseline	TAGLN	1	1	42	41	41	0.1876466429002026	0.20643727341322624	0.48654244306418215	0.8811475409836066	0.5964649207669286	0.16346407872236368	0.15535783508472556	0.1798331064755398	0.17091511674594298
independent_eligible	GSE294385	Patient1	historical_raw_6nn	stromal_retention	baseline	TGFB1	1	1	42	41	0	0.0	NA	0.48654244306418215	0.8811475409836066	0.5964649207669286	0.0	0.0	NA	NA
independent_eligible	GSE294385	Patient1	historical_raw_6nn	stromal_retention	baseline	TGFB1_CXCL12	1	1	42	41	0	0.0	NA	0.48654244306418215	0.8811475409836066	0.5964649207669286	0.0	0.0	NA	NA
independent_eligible	GSE294385	Patient1	historical_raw_6nn	stromal_retention	baseline	four_gene_mean	1	1	42	41	41	0.13005781647417758	0.2848144401409047	0.48654244306418215	0.8811475409836066	0.5964649207669286	0.09988596947296996	0.09784205055533832	0.21874092034309872	0.21426492929542312
independent_eligible	GSE294385	Patient1	historical_raw_6nn	stromal_retention	far500	four_gene_mean	1	1	42	41	41	0.17192922671735766	0.37650890795237413	0.48654244306418215	0.8385416666666667	0.5964649207669286	0.14699730841183722	0.1347209560550745	0.3219103413584513	0.2950262791909301
independent_eligible	GSE294385	Patient1	historical_raw_6nn	stromal_retention	grid4	four_gene_mean	1	1	42	37	37	0.1327371555144864	0.29068194175980766	0.505175983436853	0.8811475409836066	0.5966892400300978	0.10058340770702262	0.10577155859418791	0.220268244771185	0.23162980942260986
independent_eligible	GSE294385	Patient1	historical_raw_6nn	stromal_retention	grid8	four_gene_mean	1	1	42	41	41	0.13005781647417758	0.2848144401409047	0.48654244306418215	0.8811475409836066	0.5964649207669286	0.09944818077772957	0.09509735342187683	0.2177822040927789	0.20825429957230773
independent_eligible	GSE294385	Patient1	historical_raw_6nn	stromal_retention	near150	four_gene_mean	1	1	42	41	41	0.13005781647417758	0.2848144401409047	0.48654244306418215	0.8811475409836066	0.5964649207669286	0.0994616036398587	0.09879003699615344	0.2178115989039947	0.21634093083628808
independent_eligible	GSE294385	Patient1	historical_raw_6nn	stricter_adjacency	baseline	ACTA2	1	1	42	27	27	0.2208840702713495	0.3218779049562751	0.09730848861283643	0.8954918032786885	0.5966892400300978	0.18134162017311883	0.173340076038073	0.2642556374074167	0.2525955830656085
independent_eligible	GSE294385	Patient1	historical_raw_6nn	stricter_adjacency	baseline	ACTA2_TAGLN	1	1	42	27	27	0.31422321438531164	0.39589688380608207	0.09730848861283643	0.8954918032786885	0.5966892400300978	0.20421771200598582	0.17107617525956975	0.25729848114289094	0.21554271479024364
independent_eligible	GSE294385	Patient1	historical_raw_6nn	stricter_adjacency	baseline	CXCL12	1	1	42	27	0	0.0	NA	0.09730848861283643	0.8954918032786885	0.5966892400300978	0.0	0.0	NA	NA
independent_eligible	GSE294385	Patient1	historical_raw_6nn	stricter_adjacency	baseline	TAGLN	1	1	42	27	27	0.26045332703843194	0.28653470083028676	0.09730848861283643	0.8954918032786885	0.5966892400300978	0.19585311118511517	0.16102478827889044	0.21546552412374098	0.17714954944286018
independent_eligible	GSE294385	Patient1	historical_raw_6nn	stricter_adjacency	baseline	TGFB1	1	1	42	27	0	0.0	NA	0.09730848861283643	0.8954918032786885	0.5966892400300978	0.0	0.0	NA	NA
independent_eligible	GSE294385	Patient1	historical_raw_6nn	stricter_adjacency	baseline	TGFB1_CXCL12	1	1	42	27	0	0.0	NA	0.09730848861283643	0.8954918032786885	0.5966892400300978	0.0	0.0	NA	NA
independent_eligible	GSE294385	Patient1	historical_raw_6nn	stricter_adjacency	baseline	four_gene_mean	1	1	42	27	27	0.1425316149919228	0.31213089091314583	0.09730848861283643	0.8954918032786885	0.5966892400300978	0.1146608688590609	0.10722405288241432	0.25109656655389906	0.23481063590981455
independent_eligible	GSE294385	Patient1	historical_raw_6nn	stricter_adjacency	far500	four_gene_mean	1	1	42	27	27	0.17924774103648378	0.3925357690436408	0.09730848861283643	0.8402777777777778	0.5966892400300978	0.12229663506146354	0.08670412697855912	0.26781817956372495	0.1898739195595155
independent_eligible	GSE294385	Patient1	historical_raw_6nn	stricter_adjacency	grid4	four_gene_mean	1	1	42	24	24	0.13792012107523732	0.30203215103191206	0.4409937888198758	0.8975409836065574	0.5966892400300978	0.11394781563320433	0.10758721639642244	0.24953504675586888	0.23560593000074956
independent_eligible	GSE294385	Patient1	historical_raw_6nn	stricter_adjacency	grid8	four_gene_mean	1	1	42	29	29	0.1425316149919228	0.31213089091314583	0.09730848861283643	0.8954918032786885	0.5966892400300978	0.11408259978157065	0.09582324009639753	0.24983021142030443	0.20984392342125496
independent_eligible	GSE294385	Patient1	historical_raw_6nn	stricter_adjacency	near150	four_gene_mean	1	1	42	27	27	0.1425316149919228	0.31213089091314583	0.09730848861283643	0.8954918032786885	0.5966892400300978	0.11401932359339678	0.10823764626612498	0.24969164249305684	0.2370303105125278
independent_eligible	GSE294385	Patient1	nominal_honeycomb_exact	stromal_retention	baseline	ACTA2	1	1	42	41	41	0.11902490005588251	0.17344612230548348	0.48654244306418215	0.8811475409836066	0.5964649207669286	0.07627135597512136	0.07550943880576544	0.11114456664660025	0.11003428150054503
independent_eligible	GSE294385	Patient1	nominal_honeycomb_exact	stromal_retention	baseline	ACTA2_TAGLN	1	1	42	41	41	0.17587221244487639	0.22158534973685423	0.48654244306418215	0.8811475409836066	0.5964649207669286	0.15022792581327515	0.13739292041450069	0.1892755371574706	0.17310442564061707
independent_eligible	GSE294385	Patient1	nominal_honeycomb_exact	stromal_retention	baseline	CXCL12	1	1	42	41	0	0.0	NA	0.48654244306418215	0.8811475409836066	0.5964649207669286	0.0	0.0	NA	NA
independent_eligible	GSE294385	Patient1	nominal_honeycomb_exact	stromal_retention	baseline	TAGLN	1	1	42	41	41	0.1876466429002026	0.20643727341322624	0.48654244306418215	0.8811475409836066	0.5964649207669286	0.16314723908487272	0.15531694848301708	0.17948453903057007	0.17087013582624533
independent_eligible	GSE294385	Patient1	nominal_honeycomb_exact	stromal_retention	baseline	TGFB1	1	1	42	41	0	0.0	NA	0.48654244306418215	0.8811475409836066	0.5964649207669286	0.0	0.0	NA	NA
independent_eligible	GSE294385	Patient1	nominal_honeycomb_exact	stromal_retention	baseline	TGFB1_CXCL12	1	1	42	41	0	0.0	NA	0.48654244306418215	0.8811475409836066	0.5964649207669286	0.0	0.0	NA	NA
independent_eligible	GSE294385	Patient1	nominal_honeycomb_exact	stromal_retention	baseline	four_gene_mean	1	1	42	41	41	0.13005781647417758	0.2848144401409047	0.48654244306418215	0.8811475409836066	0.5964649207669286	0.09996238382775652	0.09846514368035092	0.21890826062503854	0.215629444896001
independent_eligible	GSE294385	Patient1	nominal_honeycomb_exact	stromal_retention	far500	four_gene_mean	1	1	42	41	41	0.17192922671735766	0.37650890795237413	0.48654244306418215	0.8385416666666667	0.5964649207669286	0.14655567194991148	0.13411352009354235	0.3209431988593754	0.2936960513123191
independent_eligible	GSE294385	Patient1	nominal_honeycomb_exact	stromal_retention	grid4	four_gene_mean	1	1	42	37	37	0.1327371555144864	0.29068194175980766	0.505175983436853	0.8811475409836066	0.5966892400300978	0.10141542372919476	0.10478783045994722	0.22209028195408873	0.22947553691980918
independent_eligible	GSE294385	Patient1	nominal_honeycomb_exact	stromal_retention	grid8	four_gene_mean	1	1	42	41	41	0.13005781647417758	0.2848144401409047	0.48654244306418215	0.8811475409836066	0.5964649207669286	0.09957444937054966	0.09451053639961285	0.21805872048792055	0.20696922524004369
independent_eligible	GSE294385	Patient1	nominal_honeycomb_exact	stromal_retention	near150	four_gene_mean	1	1	42	41	41	0.13005781647417758	0.2848144401409047	0.48654244306418215	0.8811475409836066	0.5964649207669286	0.09880454595065563	0.0966351304479979	0.21637270408810483	0.21162188727006964
independent_eligible	GSE294385	Patient1	nominal_honeycomb_exact	stricter_adjacency	baseline	ACTA2	1	1	42	20	20	0.2402051575345524	0.3500330864599355	0.489648033126294	0.896516393442623	0.5964649207669286	0.19709252449261694	0.17352219494723176	0.2872082572015857	0.25286097138836494
independent_eligible	GSE294385	Patient1	nominal_honeycomb_exact	stricter_adjacency	baseline	ACTA2_TAGLN	1	1	42	20	20	0.2520057802868006	0.31750774146917454	0.489648033126294	0.896516393442623	0.5964649207669286	0.22434887595306474	0.18152803300513864	0.282662186652774	0.2287112450643347
independent_eligible	GSE294385	Patient1	nominal_honeycomb_exact	stricter_adjacency	baseline	CXCL12	1	1	42	20	0	0.0	NA	0.489648033126294	0.896516393442623	0.5964649207669286	0.0	0.0	NA	NA
independent_eligible	GSE294385	Patient1	nominal_honeycomb_exact	stricter_adjacency	baseline	TAGLN	1	1	42	20	20	0.222505077385165	0.24478637499750747	0.489648033126294	0.896516393442623	0.5964649207669286	0.18942955265938236	0.15729356443414333	0.20839872086434127	0.1730446868932346
independent_eligible	GSE294385	Patient1	nominal_honeycomb_exact	stricter_adjacency	baseline	TGFB1	1	1	42	20	0	0.0	NA	0.489648033126294	0.896516393442623	0.5964649207669286	0.0	0.0	NA	NA
independent_eligible	GSE294385	Patient1	nominal_honeycomb_exact	stricter_adjacency	baseline	TGFB1_CXCL12	1	1	42	20	0	0.0	NA	0.489648033126294	0.896516393442623	0.5964649207669286	0.0	0.0	NA	NA
independent_eligible	GSE294385	Patient1	nominal_honeycomb_exact	stricter_adjacency	baseline	four_gene_mean	1	1	42	20	20	0.15612424242342554	0.3418974722451952	0.489648033126294	0.896516393442623	0.5964649207669286	0.12191324486470864	0.10718419532822904	0.2669785909314958	0.23472335159820285
independent_eligible	GSE294385	Patient1	nominal_honeycomb_exact	stricter_adjacency	far500	four_gene_mean	1	1	42	20	20	0.1813451058302239	0.3971288015556001	0.489648033126294	0.8376736111111112	0.5964649207669286	0.15172690649136622	0.1441130842406019	0.3322677182976528	0.31559416048719735
independent_eligible	GSE294385	Patient1	nominal_honeycomb_exact	stricter_adjacency	grid4	four_gene_mean	1	1	42	17	17	0.1493660620560171	0.32709769004143313	0.5346790890269151	0.8975409836065574	0.5964649207669286	0.12237759419121191	0.11226354950313366	0.26799547247728195	0.2458466616369352
independent_eligible	GSE294385	Patient1	nominal_honeycomb_exact	stricter_adjacency	grid8	four_gene_mean	1	1	42	22	22	0.15612424242342554	0.3418974722451952	0.489648033126294	0.896516393442623	0.5964649207669286	0.12168324006022505	0.09670465873202083	0.26647490194613044	0.2117741477018129
independent_eligible	GSE294385	Patient1	nominal_honeycomb_exact	stricter_adjacency	near150	four_gene_mean	1	1	42	20	20	0.15612424242342554	0.3418974722451952	0.489648033126294	0.896516393442623	0.5964649207669286	0.12258250250426489	0.10876282315845937	0.26844420249631923	0.23818039873190722
independent_eligible	GSE294385	Patient10	historical_raw_6nn	stromal_retention	baseline	ACTA2	2	2	84	71	71	0.1928330076076612	0.44186524633187413	0.45074695311322976	0.5162645411460578	0.40614402936224997	0.1550314604736021	0.10056020239289903	0.35965761666986795	0.25858955584543586
independent_eligible	GSE294385	Patient10	historical_raw_6nn	stromal_retention	baseline	ACTA2_TAGLN	2	2	84	71	71	0.2171398198272969	0.5041398561420997	0.45074695311322976	0.5162645411460578	0.40614402936224997	0.17082942583482602	0.10630521226633238	0.4076404166201362	0.27900478001464574
independent_eligible	GSE294385	Patient10	historical_raw_6nn	stromal_retention	baseline	CXCL12	2	2	84	71	71	0.1707299286271785	0.3751502753430189	0.45074695311322976	0.5162645411460578	0.40614402936224997	0.11557244465279126	0.07187747977492512	0.2603390243519953	0.1635054237313435
independent_eligible	GSE294385	Patient10	historical_raw_6nn	stromal_retention	baseline	TAGLN	2	2	84	71	71	0.21445017117022613	0.4777533609659224	0.45074695311322976	0.5162645411460578	0.40614402936224997	0.17203966929232462	0.09961508041083239	0.3965971555966681	0.25313420803936937
independent_eligible	GSE294385	Patient10	historical_raw_6nn	stromal_retention	baseline	TGFB1	2	2	84	71	41	0.01778290184513904	0.17620642228988034	0.45074695311322976	0.5162645411460578	0.40614402936224997	0.012756454092030026	0.0027331080783668943	0.12640058165063445	0.027081699062082125
independent_eligible	GSE294385	Patient10	historical_raw_6nn	stromal_retention	baseline	TGFB1_CXCL12	2	2	84	71	71	0.08443329605088049	0.34376273681363123	0.45074695311322976	0.5162645411460578	0.40614402936224997	0.06698586026445494	0.06580245404062526	0.2725403937072909	0.26777830698374216
independent_eligible	GSE294385	Patient10	historical_raw_6nn	stromal_retention	baseline	four_gene_mean	2	2	84	71	71	0.14521037812331905	0.5078544185880498	0.45074695311322976	0.5162645411460578	0.40614402936224997	0.12729978249650134	0.05684311536943126	0.44888827239730456	0.2228901589754903
independent_eligible	GSE294385	Patient10	historical_raw_6nn	stromal_retention	far500	four_gene_mean	2	2	84	71	71	0.16626084092584542	0.5816121110767661	0.45074695311322976	0.48678442682047585	0.40614402936224997	0.14558823737412846	0.06749223571418012	0.5105345509584489	0.26303056474899805
independent_eligible	GSE294385	Patient10	historical_raw_6nn	stromal_retention	grid4	four_gene_mean	2	2	84	70	70	0.14521037812331905	0.5078544185880498	0.45074695311322976	0.5162645411460578	0.40614402936224997	0.126862447212496	0.0756123135406781	0.4476985643291164	0.2757568435333428
independent_eligible	GSE294385	Patient10	historical_raw_6nn	stromal_retention	grid8	four_gene_mean	2	2	84	71	71	0.14521037812331905	0.5078544185880498	0.45074695311322976	0.5162645411460578	0.40614402936224997	0.12723979594332152	0.04625150560497171	0.44895750980366833	0.17918303787251932
independent_eligible	GSE294385	Patient10	historical_raw_6nn	stromal_retention	near150	four_gene_mean	2	2	84	71	71	0.14521037812331905	0.5078544185880498	0.45074695311322976	0.5162645411460578	0.40614402936224997	0.12706634097949188	0.056030003167142156	0.44823521044440046	0.22020566862414973
independent_eligible	GSE294385	Patient10	historical_raw_6nn	stricter_adjacency	baseline	ACTA2	2	2	84	54	54	0.23928992148881956	0.5641791730292316	0.29814193430724456	0.7200470343242855	0.40614402936224997	0.16168763164665606	0.10499308243030187	0.40662197614719364	0.2736248357973143
independent_eligible	GSE294385	Patient10	historical_raw_6nn	stricter_adjacency	baseline	ACTA2_TAGLN	2	2	84	54	54	0.22784385820939335	0.5462261514975948	0.29814193430724456	0.7200470343242855	0.40614402936224997	0.15007572041508954	0.14027232920292892	0.3949685080699198	0.3586221187523616
independent_eligible	GSE294385	Patient10	historical_raw_6nn	stricter_adjacency	baseline	CXCL12	2	2	84	54	54	0.16875761508167308	0.3678775180846513	0.29814193430724456	0.7200470343242855	0.40614402936224997	0.11741555062997361	0.09561529408635833	0.2589410924822239	0.20957201986560192
independent_eligible	GSE294385	Patient10	historical_raw_6nn	stricter_adjacency	baseline	TAGLN	2	2	84	54	54	0.2203928555116092	0.49184285776485304	0.29814193430724456	0.7200470343242855	0.40614402936224997	0.16372396586826676	0.15298021541874873	0.3733846005288821	0.33523212533100666
independent_eligible	GSE294385	Patient10	historical_raw_6nn	stricter_adjacency	baseline	TGFB1	2	2	84	54	37	0.014294407410358909	0.1416397846913721	0.29814193430724456	0.7200470343242855	0.40614402936224997	0.0026778907952209156	0.0004206593266596545	0.026534564516975254	0.00416821031792566
independent_eligible	GSE294385	Patient10	historical_raw_6nn	stricter_adjacency	baseline	TGFB1_CXCL12	2	2	84	54	54	0.0905522850944651	0.3690348707579565	0.29814193430724456	0.7200470343242855	0.40614402936224997	0.0639516333175682	0.05970224146847147	0.2603411184296338	0.24307214888862338
independent_eligible	GSE294385	Patient10	historical_raw_6nn	stricter_adjacency	baseline	four_gene_mean	2	2	84	54	54	0.16322085927034122	0.5782144942724231	0.29814193430724456	0.7200470343242855	0.40614402936224997	0.12258790003058469	0.10049404284177671	0.43801370622572633	0.35127217220898066
independent_eligible	GSE294385	Patient10	historical_raw_6nn	stricter_adjacency	far500	four_gene_mean	2	2	84	54	54	0.17351030387192376	0.6092632844798489	0.29814193430724456	0.6991095890410959	0.40614402936224997	0.13681735731122	0.1089825780607247	0.48162783269123755	0.382023268062479
independent_eligible	GSE294385	Patient10	historical_raw_6nn	stricter_adjacency	grid4	four_gene_mean	2	2	84	54	54	0.16322085927034122	0.5782144942724231	0.29814193430724456	0.7200470343242855	0.40614402936224997	0.12200773493594504	0.10920320674919298	0.43499909648485857	0.3734439886370328
independent_eligible	GSE294385	Patient10	historical_raw_6nn	stricter_adjacency	grid8	four_gene_mean	2	2	84	54	54	0.16322085927034122	0.5782144942724231	0.29814193430724456	0.7200470343242855	0.40614402936224997	0.12263325556276858	0.09306569556074248	0.4375025275628216	0.31885149689542513
independent_eligible	GSE294385	Patient10	historical_raw_6nn	stricter_adjacency	near150	four_gene_mean	2	2	84	54	54	0.16322085927034122	0.5782144942724231	0.29814193430724456	0.7200470343242855	0.40614402936224997	0.12266125528426294	0.09947609726917529	0.4374898694883795	0.3467191721223817
independent_eligible	GSE294385	Patient10	nominal_honeycomb_exact	stromal_retention	baseline	ACTA2	2	2	84	71	71	0.1937168530445863	0.44346732464492333	0.45074695311322976	0.5118939117754284	0.40614402936224997	0.1544113399022018	0.10034573255359713	0.3580380275833758	0.2590336060009567
independent_eligible	GSE294385	Patient10	nominal_honeycomb_exact	stromal_retention	baseline	ACTA2_TAGLN	2	2	84	71	71	0.22286030325319883	0.5139293857451293	0.45074695311322976	0.5118939117754284	0.40614402936224997	0.17575737484125192	0.09526577893211663	0.4153000726729914	0.260288386730844
independent_eligible	GSE294385	Patient10	nominal_honeycomb_exact	stromal_retention	baseline	CXCL12	2	2	84	71	71	0.1848724395874285	0.40412134383328413	0.45074695311322976	0.5118939117754284	0.40614402936224997	0.13163803909471566	0.08459471526554058	0.2933143172684907	0.18926929925854438
independent_eligible	GSE294385	Patient10	nominal_honeycomb_exact	stromal_retention	baseline	TAGLN	2	2	84	71	71	0.22958317575542708	0.5025372662121623	0.45074695311322976	0.5118939117754284	0.40614402936224997	0.18202506744115882	0.10024476677056743	0.4130330896535319	0.25478036603056814
independent_eligible	GSE294385	Patient10	nominal_honeycomb_exact	stromal_retention	baseline	TGFB1	2	2	84	71	41	0.01778290184513904	0.17620642228988034	0.45074695311322976	0.5118939117754284	0.40614402936224997	0.012646152986286241	0.0027830748905179337	0.1253076349883301	0.027576807975072715
independent_eligible	GSE294385	Patient10	nominal_honeycomb_exact	stromal_retention	baseline	TGFB1_CXCL12	2	2	84	71	71	0.0874718702326342	0.3562152502554222	0.45074695311322976	0.5118939117754284	0.40614402936224997	0.07009932944233233	0.06233566126006301	0.2852954069466865	0.2535722295683085
independent_eligible	GSE294385	Patient10	nominal_honeycomb_exact	stromal_retention	baseline	four_gene_mean	2	2	84	71	71	0.1517541218134294	0.5273254760381768	0.45074695311322976	0.5118939117754284	0.40614402936224997	0.13562305853063397	0.07573226700578875	0.473688302051428	0.27916332401980937
independent_eligible	GSE294385	Patient10	nominal_honeycomb_exact	stromal_retention	far500	four_gene_mean	2	2	84	71	71	0.16740246278307885	0.5840195535403654	0.45074695311322976	0.4827269790932581	0.40614402936224997	0.14728053001510732	0.08415818568419339	0.5151604554389196	0.3124786984932001
independent_eligible	GSE294385	Patient10	nominal_honeycomb_exact	stromal_retention	grid4	four_gene_mean	2	2	84	70	70	0.1517541218134294	0.5273254760381768	0.45074695311322976	0.5118939117754284	0.40614402936224997	0.13582918620913584	0.08684782148002829	0.47447267097506884	0.309012621305096
independent_eligible	GSE294385	Patient10	nominal_honeycomb_exact	stromal_retention	grid8	four_gene_mean	2	2	84	71	71	0.1517541218134294	0.5273254760381768	0.45074695311322976	0.5118939117754284	0.40614402936224997	0.135609547913374	0.046336680274860126	0.4736439405816486	0.1795210836396742
independent_eligible	GSE294385	Patient10	nominal_honeycomb_exact	stromal_retention	near150	four_gene_mean	2	2	84	71	71	0.1517541218134294	0.5273254760381768	0.45074695311322976	0.5118939117754284	0.40614402936224997	0.1354656716894113	0.07457614429162718	0.4730636567718994	0.2756384607955786
independent_eligible	GSE294385	Patient10	nominal_honeycomb_exact	stricter_adjacency	baseline	ACTA2	2	2	84	54	54	0.23556530613223792	0.5742252702602145	0.28965280953224243	0.7255103900838498	0.40614402936224997	0.1602115679574096	0.11105953199873098	0.41955697026969946	0.28622480271250555
independent_eligible	GSE294385	Patient10	nominal_honeycomb_exact	stricter_adjacency	baseline	ACTA2_TAGLN	2	2	84	54	54	0.2510863202574707	0.6127328880409895	0.28965280953224243	0.7255103900838498	0.40614402936224997	0.17934829528849622	0.14947074349984857	0.4737971012293529	0.38071888192505343
independent_eligible	GSE294385	Patient10	nominal_honeycomb_exact	stricter_adjacency	baseline	CXCL12	2	2	84	54	54	0.15513967811878648	0.3359016557171151	0.28965280953224243	0.7255103900838498	0.40614402936224997	0.09226499585736714	0.07090878533523616	0.2025677605981343	0.156083109734314
independent_eligible	GSE294385	Patient10	nominal_honeycomb_exact	stricter_adjacency	baseline	TAGLN	2	2	84	54	54	0.2410160885379432	0.5495743814199255	0.28965280953224243	0.7255103900838498	0.40614402936224997	0.19165325423681434	0.1711707354082469	0.4475445317354355	0.3828247526659064
independent_eligible	GSE294385	Patient10	nominal_honeycomb_exact	stricter_adjacency	baseline	TGFB1	2	2	84	54	37	0.019166468546452153	0.18991584612637508	0.28965280953224243	0.7255103900838498	0.40614402936224997	0.011563746344274317	0.007490252680154678	0.11458233247512642	0.0742190806827188
independent_eligible	GSE294385	Patient10	nominal_honeycomb_exact	stricter_adjacency	baseline	TGFB1_CXCL12	2	2	84	54	54	0.08894412803905527	0.36257012929586796	0.28965280953224243	0.7255103900838498	0.40614402936224997	0.0609059820566035	0.056332902499604265	0.24814635177817085	0.22958370490751484
independent_eligible	GSE294385	Patient10	nominal_honeycomb_exact	stricter_adjacency	baseline	four_gene_mean	2	2	84	54	54	0.16472160127328134	0.5765497366628136	0.28965280953224243	0.7255103900838498	0.40614402936224997	0.1307195318222258	0.10222142121979377	0.4604380959416938	0.3519952253872307
independent_eligible	GSE294385	Patient10	nominal_honeycomb_exact	stricter_adjacency	far500	four_gene_mean	2	2	84	54	54	0.17725454802502244	0.6208792716341964	0.28965280953224243	0.7057053089029833	0.40614402936224997	0.1433737347958391	0.11465024482102351	0.5050353122714907	0.3981587023353625
independent_eligible	GSE294385	Patient10	nominal_honeycomb_exact	stricter_adjacency	grid4	four_gene_mean	2	2	84	54	54	0.16472160127328134	0.5765497366628136	0.28965280953224243	0.7255103900838498	0.40614402936224997	0.1301514780435082	0.11075035752779203	0.45912177748422023	0.3761616792973248
independent_eligible	GSE294385	Patient10	nominal_honeycomb_exact	stricter_adjacency	grid8	four_gene_mean	2	2	84	54	54	0.16472160127328134	0.5765497366628136	0.28965280953224243	0.7255103900838498	0.40614402936224997	0.1298221189199984	0.09567281691926202	0.45772900196264754	0.32434429350572147
independent_eligible	GSE294385	Patient10	nominal_honeycomb_exact	stricter_adjacency	near150	four_gene_mean	2	2	84	54	54	0.16472160127328134	0.5765497366628136	0.28965280953224243	0.7255103900838498	0.40614402936224997	0.12983650483226908	0.10191496929409025	0.45709453793860816	0.35007115072397843
independent_eligible	GSE294385	Patient11	historical_raw_6nn	stromal_retention	baseline	ACTA2	2	2	84	68	68	0.19138522157791205	0.35248535668022696	0.46006789738898657	0.7051687763713079	0.3381704619857751	0.13763690606309573	0.07274952328506601	0.25303106864841884	0.1331199517847469
independent_eligible	GSE294385	Patient11	historical_raw_6nn	stromal_retention	baseline	ACTA2_TAGLN	2	2	84	68	68	0.1941932447456869	0.3669672380403258	0.46006789738898657	0.7051687763713079	0.3381704619857751	0.12805508080322547	0.027847985998968983	0.24423243770322933	0.05703576251463957
independent_eligible	GSE294385	Patient11	historical_raw_6nn	stromal_retention	baseline	CXCL12	2	2	84	68	68	0.15652862134113582	0.33226967691550136	0.46006789738898657	0.7051687763713079	0.3381704619857751	0.09866929067889571	0.045627061162347604	0.2021635268558119	0.086310634976035
independent_eligible	GSE294385	Patient11	historical_raw_6nn	stromal_retention	baseline	TAGLN	2	2	84	68	68	0.22620874709922512	0.42255670414162155	0.46006789738898657	0.7051687763713079	0.3381704619857751	0.16260888098732384	0.05089564837858229	0.30973375687735805	0.11107608806271238
independent_eligible	GSE294385	Patient11	historical_raw_6nn	stromal_retention	baseline	TGFB1	2	2	84	68	30	0.07517520533628769	0.6417086880592118	0.46006789738898657	0.7051687763713079	0.3381704619857751	0.028882966129151255	0.007045949447198024	0.24655004557798754	0.060145455614877226
independent_eligible	GSE294385	Patient11	historical_raw_6nn	stromal_retention	baseline	TGFB1_CXCL12	2	2	84	68	68	0.08044274886853806	0.3426310110808705	0.46006789738898657	0.7051687763713079	0.3381704619857751	0.05480667484017228	0.04511565069741236	0.23061781948331384	0.19365147126880744
independent_eligible	GSE294385	Patient11	historical_raw_6nn	stromal_retention	baseline	four_gene_mean	2	2	84	68	68	0.10070111718532965	0.32898790831689156	0.46006789738898657	0.7051687763713079	0.3381704619857751	0.07478116335960508	0.056059836453055234	0.24696890125780807	0.18628311167860168
independent_eligible	GSE294385	Patient11	historical_raw_6nn	stromal_retention	far500	four_gene_mean	2	2	84	68	68	0.11334242467463451	0.3716468762253336	0.46006789738898657	0.6805858310626702	0.3381704619857751	0.08468061277779965	0.055992313371023505	0.28112844973023204	0.18562870375185525
independent_eligible	GSE294385	Patient11	historical_raw_6nn	stromal_retention	grid4	four_gene_mean	2	2	84	66	66	0.11340446358897693	0.3717179873868266	0.4975849505949893	0.7415611814345991	0.33550325734697767	0.08431042787293822	0.06602975420833934	0.2790356728935113	0.21759104066951557
independent_eligible	GSE294385	Patient11	historical_raw_6nn	stromal_retention	grid8	four_gene_mean	2	2	84	68	68	0.10070111718532965	0.32898790831689156	0.46006789738898657	0.7051687763713079	0.3381704619857751	0.07469915022692483	0.06364196176994086	0.24663084087828974	0.20865469252201962
independent_eligible	GSE294385	Patient11	historical_raw_6nn	stromal_retention	near150	four_gene_mean	2	2	84	68	68	0.10070111718532965	0.32898790831689156	0.46006789738898657	0.7051687763713079	0.3381704619857751	0.07428688514547749	0.055928846418161426	0.2452938379793873	0.18591726593192295
independent_eligible	GSE294385	Patient11	historical_raw_6nn	stricter_adjacency	baseline	ACTA2	2	2	84	55	55	0.12219259518558429	0.22464569444238114	0.21146566884053972	0.7518354430379747	0.3603891980734122	0.07274761273408455	0.02617625880499075	0.1330040877648764	0.047383900285070356
independent_eligible	GSE294385	Patient11	historical_raw_6nn	stricter_adjacency	baseline	ACTA2_TAGLN	2	2	84	55	55	0.12791607388479675	0.24103089141768816	0.21146566884053972	0.7518354430379747	0.3603891980734122	0.05167129218041899	-0.005255903473895818	0.09983257325866672	-0.0023317809181327698
independent_eligible	GSE294385	Patient11	historical_raw_6nn	stricter_adjacency	baseline	CXCL12	2	2	84	55	55	0.17179907375928707	0.3641997245784087	0.21146566884053972	0.7518354430379747	0.3603891980734122	0.1061976412035442	0.052189640595918074	0.22358005295062763	0.10668140286638585
independent_eligible	GSE294385	Patient11	historical_raw_6nn	stricter_adjacency	baseline	TAGLN	2	2	84	55	55	0.14597065097204343	0.26944753780792585	0.21146566884053972	0.7518354430379747	0.3603891980734122	0.08667862897559236	0.019041758070115045	0.16688632346274254	0.05199710623310404
independent_eligible	GSE294385	Patient11	historical_raw_6nn	stricter_adjacency	baseline	TGFB1	2	2	84	55	18	0.08128118070816051	0.6938303607261302	0.21146566884053972	0.7518354430379747	0.3603891980734122	0.02874006211763633	0.009132091145792096	0.24533019196618272	0.07795312566408982
independent_eligible	GSE294385	Patient11	historical_raw_6nn	stricter_adjacency	baseline	TGFB1_CXCL12	2	2	84	55	55	0.09354036106752861	0.4011860232972526	0.21146566884053972	0.7518354430379747	0.3603891980734122	0.06159686629969708	0.04411311091263162	0.2642928962094214	0.19406275275322338
independent_eligible	GSE294385	Patient11	historical_raw_6nn	stricter_adjacency	baseline	four_gene_mean	2	2	84	55	55	0.07523046910279146	0.24767677814536898	0.21146566884053972	0.7518354430379747	0.3603891980734122	0.04313035135605667	0.033470114961301395	0.14407292028151772	0.11314435429108917
independent_eligible	GSE294385	Patient11	historical_raw_6nn	stricter_adjacency	far500	four_gene_mean	2	2	84	55	55	0.07872463935006635	0.25969730651715234	0.21146566884053972	0.7368358310626703	0.3603891980734122	0.044579882582135674	0.04116637356638839	0.1498194878339961	0.13811607966108688
independent_eligible	GSE294385	Patient11	historical_raw_6nn	stricter_adjacency	grid4	four_gene_mean	2	2	84	51	51	0.07109236944100536	0.2337575067873413	0.2228913168623678	0.7700316455696202	0.3590726634101895	0.043126925649740244	0.028488137481386844	0.14414909650667532	0.09733278568489287
independent_eligible	GSE294385	Patient11	historical_raw_6nn	stricter_adjacency	grid8	four_gene_mean	2	2	84	55	55	0.07523046910279146	0.24767677814536898	0.21146566884053972	0.7518354430379747	0.3603891980734122	0.04233724059183164	0.035446536304737486	0.14157074064668823	0.1193378402426827
independent_eligible	GSE294385	Patient11	historical_raw_6nn	stricter_adjacency	near150	four_gene_mean	2	2	84	55	55	0.07523046910279146	0.24767677814536898	0.21146566884053972	0.7518354430379747	0.3603891980734122	0.04160746825019697	0.0340071468760062	0.13932288115988778	0.11490393458419453
independent_eligible	GSE294385	Patient11	nominal_honeycomb_exact	stromal_retention	baseline	ACTA2	2	2	84	68	68	0.19520006588905758	0.35960652323658454	0.46006789738898657	0.7073617588274483	0.3381704619857751	0.14167385380336564	0.07322302069591857	0.26058172740898583	0.13398637605334185
independent_eligible	GSE294385	Patient11	nominal_honeycomb_exact	stromal_retention	baseline	ACTA2_TAGLN	2	2	84	68	68	0.18926798909126497	0.35820326300504635	0.46006789738898657	0.7073617588274483	0.3381704619857751	0.12738510145951654	0.031466459061710195	0.24314345499214435	0.06355924932720637
independent_eligible	GSE294385	Patient11	nominal_honeycomb_exact	stromal_retention	baseline	CXCL12	2	2	84	68	68	0.15659977040999684	0.3324420668889656	0.46006789738898657	0.7073617588274483	0.3381704619857751	0.09990915110531615	0.045532890602351855	0.2052301642524611	0.08613249681367645
independent_eligible	GSE294385	Patient11	nominal_honeycomb_exact	stromal_retention	baseline	TAGLN	2	2	84	68	68	0.2262087470992249	0.42255670414162116	0.46006789738898657	0.7073617588274483	0.3381704619857751	0.16186582302198743	0.053843778809473886	0.30841752705734876	0.11580969693303506
independent_eligible	GSE294385	Patient11	nominal_honeycomb_exact	stromal_retention	baseline	TGFB1	2	2	84	68	30	0.06785874019535013	0.5792540632155645	0.46006789738898657	0.7073617588274483	0.3381704619857751	0.024961083196009246	0.006010014059731478	0.21307216759295014	0.05130253013923001
independent_eligible	GSE294385	Patient11	nominal_honeycomb_exact	stromal_retention	baseline	TGFB1_CXCL12	2	2	84	68	68	0.08756579479490303	0.3761685002086878	0.46006789738898657	0.7073617588274483	0.3381704619857751	0.06399705534481519	0.052081724363903	0.27412393235385035	0.22714202570894676
independent_eligible	GSE294385	Patient11	nominal_honeycomb_exact	stromal_retention	baseline	four_gene_mean	2	2	84	68	68	0.09733117260854812	0.31848584329854485	0.46006789738898657	0.7073617588274483	0.3381704619857751	0.07373414615489549	0.054337149687189945	0.24363260572493053	0.18095691653231435
independent_eligible	GSE294385	Patient11	nominal_honeycomb_exact	stromal_retention	far500	four_gene_mean	2	2	84	68	68	0.11350091966316611	0.3721408085843728	0.46006789738898657	0.6827463248898308	0.3381704619857751	0.08915022291321756	0.05259476948857439	0.29516804689812975	0.17496436759424233
independent_eligible	GSE294385	Patient11	nominal_honeycomb_exact	stromal_retention	grid4	four_gene_mean	2	2	84	66	66	0.11003451901219541	0.3612159223684799	0.4975849505949893	0.7437541638907395	0.33550325734697767	0.08253348602639005	0.06441139033288423	0.2734157316922817	0.21255907801484905
independent_eligible	GSE294385	Patient11	nominal_honeycomb_exact	stromal_retention	grid8	four_gene_mean	2	2	84	68	68	0.09733117260854812	0.31848584329854485	0.46006789738898657	0.7073617588274483	0.3381704619857751	0.0728014246989413	0.06046953098962227	0.24072944315337508	0.1987175779847547
independent_eligible	GSE294385	Patient11	nominal_honeycomb_exact	stromal_retention	near150	four_gene_mean	2	2	84	68	68	0.09733117260854812	0.31848584329854485	0.46006789738898657	0.7073617588274483	0.3381704619857751	0.07278011777370597	0.05399923461240552	0.24071882105961556	0.1798614706057695
independent_eligible	GSE294385	Patient11	nominal_honeycomb_exact	stricter_adjacency	baseline	ACTA2	2	2	84	54	54	0.1257925010444051	0.2312971048035205	0.21503797049105347	0.7534143904063957	0.3603891980734122	0.06707885447391188	0.041383625869097496	0.12266593283522845	0.0755699735253289
independent_eligible	GSE294385	Patient11	nominal_honeycomb_exact	stricter_adjacency	baseline	ACTA2_TAGLN	2	2	84	54	54	0.10375101905136253	0.19499228139883668	0.21503797049105347	0.7534143904063957	0.3603891980734122	0.037432317211998245	-0.03521693672643125	0.07260216058212733	-0.06071622002119744
independent_eligible	GSE294385	Patient11	nominal_honeycomb_exact	stricter_adjacency	baseline	CXCL12	2	2	84	54	54	0.17338774256533485	0.36804897485957533	0.21503797049105347	0.7534143904063957	0.3603891980734122	0.1055894650733117	0.05380320979200731	0.2223994640006201	0.11230940860973489
independent_eligible	GSE294385	Patient11	nominal_honeycomb_exact	stricter_adjacency	baseline	TAGLN	2	2	84	54	54	0.14493103986924877	0.2678043235824503	0.21503797049105347	0.7534143904063957	0.3603891980734122	0.07666820138681496	0.011985076731677258	0.14710607961966218	0.03731407998180224
independent_eligible	GSE294385	Patient11	nominal_honeycomb_exact	stricter_adjacency	baseline	TGFB1	2	2	84	54	18	0.07390848211043005	0.6308957172696681	0.21503797049105347	0.7534143904063957	0.3603891980734122	0.026256563487953515	0.009105780111497569	0.22413061372331056	0.07772853007804395
independent_eligible	GSE294385	Patient11	nominal_honeycomb_exact	stricter_adjacency	baseline	TGFB1_CXCL12	2	2	84	54	54	0.09362699408702392	0.4013184939240164	0.21503797049105347	0.7534143904063957	0.3603891980734122	0.06514527154224628	0.05387709611616213	0.2815625473558754	0.2394759749532295
independent_eligible	GSE294385	Patient11	nominal_honeycomb_exact	stricter_adjacency	baseline	four_gene_mean	2	2	84	54	54	0.06769714468695878	0.22251644636950652	0.21503797049105347	0.7534143904063957	0.3603891980734122	0.037160691106178034	0.030354757991313153	0.12481833801546714	0.1025523264541859
independent_eligible	GSE294385	Patient11	nominal_honeycomb_exact	stricter_adjacency	far500	four_gene_mean	2	2	84	54	54	0.07312107634978471	0.24094717410031144	0.21503797049105347	0.7383018804453864	0.3603891980734122	0.03621356951058127	0.03188110542716607	0.12154882372934131	0.10723812078663075
independent_eligible	GSE294385	Patient11	nominal_honeycomb_exact	stricter_adjacency	grid4	four_gene_mean	2	2	84	51	51	0.07193765350018386	0.23678019004210604	0.22015393229187202	0.7716105929380412	0.3590726634101895	0.041072523026893765	0.02761236249262486	0.13805243921224453	0.09451700921008434
independent_eligible	GSE294385	Patient11	nominal_honeycomb_exact	stricter_adjacency	grid8	four_gene_mean	2	2	84	54	54	0.06769714468695878	0.22251644636950652	0.21503797049105347	0.7534143904063957	0.3603891980734122	0.037330359162695906	0.033466513185977736	0.1253243037321956	0.11249249621185611
independent_eligible	GSE294385	Patient11	nominal_honeycomb_exact	stricter_adjacency	near150	four_gene_mean	2	2	84	54	54	0.06769714468695878	0.22251644636950652	0.21503797049105347	0.7534143904063957	0.3603891980734122	0.0376103468335799	0.03079620842454514	0.12615161856064275	0.1039311415795649
independent_eligible	GSE294385	Patient6	historical_raw_6nn	stromal_retention	baseline	ACTA2	1	1	42	18	18	0.791203972961041	1.011328874520092	0.27147766323024053	0.5595238095238095	0.09018463154492566	0.6645393651637634	0.012198976666703998	0.8494242587409986	0.015592916320254755
independent_eligible	GSE294385	Patient6	historical_raw_6nn	stromal_retention	baseline	ACTA2_TAGLN	1	1	42	18	18	0.9048827792472509	0.9922171888690785	0.27147766323024053	0.5595238095238095	0.09018463154492566	0.8251176171030592	0.07819590118851938	0.904753523113129	0.08574294818926696
independent_eligible	GSE294385	Patient6	historical_raw_6nn	stromal_retention	baseline	CXCL12	1	1	42	18	0	0.7191100321676571	NA	0.27147766323024053	0.5595238095238095	0.09018463154492566	0.683416316579855	0.012447991646844347	NA	NA
independent_eligible	GSE294385	Patient6	historical_raw_6nn	stromal_retention	baseline	TAGLN	1	1	42	18	18	1.0614357793332245	1.1566864197126439	0.27147766323024053	0.5595238095238095	0.09018463154492566	0.9637883622704992	0.03474888858135783	1.0502763632253616	0.03786716851340103
independent_eligible	GSE294385	Patient6	historical_raw_6nn	stromal_retention	baseline	TGFB1	1	1	42	18	0	0.0	NA	0.27147766323024053	0.5595238095238095	0.09018463154492566	0.0	0.0	NA	NA
independent_eligible	GSE294385	Patient6	historical_raw_6nn	stromal_retention	baseline	TGFB1_CXCL12	1	1	42	18	18	0.4815898788603413	12.773376370425161	0.27147766323024053	0.5595238095238095	0.09018463154492566	0.4574882738426098	0.04151710469208497	12.13412109215531	1.1011726519197347
independent_eligible	GSE294385	Patient6	historical_raw_6nn	stromal_retention	baseline	four_gene_mean	1	1	42	18	18	0.6005326333655807	1.0853537507532915	0.27147766323024053	0.5595238095238095	0.09018463154492566	0.5529272719497941	0.024011673558379243	0.9993156993671044	0.04339674234253567
independent_eligible	GSE294385	Patient6	historical_raw_6nn	stromal_retention	far500	four_gene_mean	1	1	42	18	18	0.5957263375255484	1.0766672432641415	0.27147766323024053	0.5561224489795918	0.09018463154492566	0.5467672199790277	0.03208527266461181	0.9881825233499463	0.05798830753844991
independent_eligible	GSE294385	Patient6	historical_raw_6nn	stromal_retention	grid4	four_gene_mean	1	1	42	18	18	0.6005326333655807	1.0853537507532915	0.27147766323024053	0.5595238095238095	0.09018463154492566	0.553292315699204	0.005168105182812355	0.9999754496963924	0.009340412215431164
independent_eligible	GSE294385	Patient6	historical_raw_6nn	stromal_retention	grid8	four_gene_mean	1	1	42	18	18	0.6005326333655807	1.0853537507532915	0.27147766323024053	0.5595238095238095	0.09018463154492566	0.5530831097717699	0.021738769501581823	0.9995973479490355	0.039288880744204016
independent_eligible	GSE294385	Patient6	historical_raw_6nn	stromal_retention	near150	four_gene_mean	1	1	42	18	18	0.6005326333655807	1.0853537507532915	0.27147766323024053	0.5595238095238095	0.09018463154492566	0.5515137036430484	0.024528257970913292	0.9967609311856086	0.04433037491897419
independent_eligible	GSE294385	Patient6	historical_raw_6nn	stricter_adjacency	baseline	ACTA2	1	1	42	10	10	0.6420358939301198	0.8206599817488802	0.25257731958762886	0.7351190476190477	0.10823675904251509	0.5329798097592369	0.25445071389433305	0.6812628469603035	0.3252427476324881
independent_eligible	GSE294385	Patient6	historical_raw_6nn	stricter_adjacency	baseline	ACTA2_TAGLN	1	1	42	10	10	0.7074740212081285	0.7757556013000728	0.25257731958762886	0.7351190476190477	0.10823675904251509	0.6120303370936969	0.28690583636459865	0.6711002071217143	0.3145964416127204
independent_eligible	GSE294385	Patient6	historical_raw_6nn	stricter_adjacency	baseline	CXCL12	1	1	42	10	0	0.1808502394110612	NA	0.25257731958762886	0.7351190476190477	0.10823675904251509	0.14088420028488913	0.10483588043962738	NA	NA
independent_eligible	GSE294385	Patient6	historical_raw_6nn	stricter_adjacency	baseline	TAGLN	1	1	42	10	10	0.623445479675179	0.6793919460907156	0.25257731958762886	0.7351190476190477	0.10823675904251509	0.5185377227178742	0.2665757589392682	0.5650700246351791	0.2904976129439877
independent_eligible	GSE294385	Patient6	historical_raw_6nn	stricter_adjacency	baseline	TGFB1	1	1	42	10	0	0.0	NA	0.25257731958762886	0.7351190476190477	0.10823675904251509	0.0	0.0	NA	NA
independent_eligible	GSE294385	Patient6	historical_raw_6nn	stricter_adjacency	baseline	TGFB1_CXCL12	1	1	42	10	10	0.1967050904844397	5.217277739893956	0.25257731958762886	0.7351190476190477	0.10823675904251509	0.1683560520439431	0.0154411554864603	4.465366303139852	0.40955115396021485
independent_eligible	GSE294385	Patient6	historical_raw_6nn	stricter_adjacency	baseline	four_gene_mean	1	1	42	10	10	0.37709346458489446	0.6815280026965915	0.25257731958762886	0.7351190476190477	0.10823675904251509	0.3209009311650518	0.17276692966915747	0.5799701963043645	0.31224487180932176
independent_eligible	GSE294385	Patient6	historical_raw_6nn	stricter_adjacency	far500	four_gene_mean	1	1	42	10	10	0.3748344011953727	0.6774451555925703	0.25257731958762886	0.7168367346938775	0.10823675904251509	0.3184155718651478	0.17315691137096373	0.5754783604102803	0.3129496929618517
independent_eligible	GSE294385	Patient6	historical_raw_6nn	stricter_adjacency	grid4	four_gene_mean	1	1	42	10	10	0.37709346458489446	0.6815280026965915	0.25257731958762886	0.7351190476190477	0.10823675904251509	0.32176323135563295	0.18151762441230374	0.5815286474094734	0.32806016449032604
independent_eligible	GSE294385	Patient6	historical_raw_6nn	stricter_adjacency	grid8	four_gene_mean	1	1	42	10	10	0.37709346458489446	0.6815280026965915	0.25257731958762886	0.7351190476190477	0.10823675904251509	0.32249518770158814	0.1610043963603722	0.5828515256700899	0.29098622750634207
independent_eligible	GSE294385	Patient6	historical_raw_6nn	stricter_adjacency	near150	four_gene_mean	1	1	42	10	10	0.37709346458489446	0.6815280026965915	0.25257731958762886	0.7351190476190477	0.10823675904251509	0.32107762651590654	0.17166086681197557	0.5802895410845409	0.31024586392213427
independent_eligible	GSE294385	Patient6	nominal_honeycomb_exact	stromal_retention	baseline	ACTA2	1	1	42	18	18	0.776173542178783	0.9921167507618085	0.27147766323024053	0.5595238095238095	0.09018463154492566	0.6504882017336469	0.012198976666703998	0.8314638493104238	0.015592916320254755
independent_eligible	GSE294385	Patient6	nominal_honeycomb_exact	stromal_retention	baseline	ACTA2_TAGLN	1	1	42	18	18	0.8909658154906985	0.9769570347664595	0.27147766323024053	0.5595238095238095	0.09018463154492566	0.8075480315721836	0.0748971415335602	0.8854882158657724	0.08212581002876276
independent_eligible	GSE294385	Patient6	nominal_honeycomb_exact	stromal_retention	baseline	CXCL12	1	1	42	18	0	0.7117341655569829	NA	0.27147766323024053	0.5595238095238095	0.09018463154492566	0.6686645833585065	0.012447991646844347	NA	NA
independent_eligible	GSE294385	Patient6	nominal_honeycomb_exact	stromal_retention	baseline	TAGLN	1	1	42	18	18	1.0585929353047896	1.153588465841975	0.27147766323024053	0.5595238095238095	0.09018463154492566	0.963148786566084	0.038738986270520304	1.049579393567772	0.04221532777111918
independent_eligible	GSE294385	Patient6	nominal_honeycomb_exact	stromal_retention	baseline	TGFB1	1	1	42	18	0	0.0	NA	0.27147766323024053	0.5595238095238095	0.09018463154492566	0.0	0.0	NA	NA
independent_eligible	GSE294385	Patient6	nominal_honeycomb_exact	stromal_retention	baseline	TGFB1_CXCL12	1	1	42	18	18	0.4769956158570374	12.651521129977015	0.27147766323024053	0.5595238095238095	0.09018463154492566	0.4690559505581656	0.041360916221529376	12.440934617325025	1.0970300106253434
independent_eligible	GSE294385	Patient6	nominal_honeycomb_exact	stromal_retention	baseline	four_gene_mean	1	1	42	18	18	0.6004900042015724	1.085276706275644	0.27147766323024053	0.5595238095238095	0.09018463154492566	0.5515940406058132	0.015083483741983539	0.9969061256663351	0.0272606595282594
independent_eligible	GSE294385	Patient6	nominal_honeycomb_exact	stromal_retention	far500	four_gene_mean	1	1	42	18	18	0.5988513741854726	1.0823151798984618	0.27147766323024053	0.5618556701030928	0.09018463154492566	0.5495024348830719	0.03208527266461181	0.9931259279049717	0.05798830753844991
independent_eligible	GSE294385	Patient6	nominal_honeycomb_exact	stromal_retention	grid4	four_gene_mean	1	1	42	18	18	0.6004900042015724	1.085276706275644	0.27147766323024053	0.5595238095238095	0.09018463154492566	0.5505461840955843	0.015423258917706295	0.9950123151880361	0.027874741496323
independent_eligible	GSE294385	Patient6	nominal_honeycomb_exact	stromal_retention	grid8	four_gene_mean	1	1	42	18	18	0.6004900042015724	1.085276706275644	0.27147766323024053	0.5595238095238095	0.09018463154492566	0.551937603944812	0.021738769501581823	0.997527054052048	0.039288880744204016
independent_eligible	GSE294385	Patient6	nominal_honeycomb_exact	stromal_retention	near150	four_gene_mean	1	1	42	18	18	0.6004900042015724	1.085276706275644	0.27147766323024053	0.5595238095238095	0.09018463154492566	0.5525977868384377	0.015408867890543243	0.9987202148229527	0.02784873232639484
independent_eligible	GSE294385	Patient6	nominal_honeycomb_exact	stricter_adjacency	baseline	ACTA2	1	1	42	10	10	0.6007754844228617	0.7679203028098966	0.2508591065292096	0.7261904761904762	0.10823675904251509	0.48946089060455866	0.21518894991611665	0.6256363068605122	0.2750577676112639
independent_eligible	GSE294385	Patient6	nominal_honeycomb_exact	stricter_adjacency	baseline	ACTA2_TAGLN	1	1	42	10	10	0.6873625294135828	0.7537030566942975	0.2508591065292096	0.7261904761904762	0.10823675904251509	0.5958983791194075	0.26060854011421974	0.65341127949562	0.28576107203908996
independent_eligible	GSE294385	Patient6	nominal_honeycomb_exact	stricter_adjacency	baseline	CXCL12	1	1	42	10	0	0.19736640328310523	NA	0.2508591065292096	0.7261904761904762	0.10823675904251509	0.14341388956916878	0.10213889519106667	NA	NA
independent_eligible	GSE294385	Patient6	nominal_honeycomb_exact	stricter_adjacency	baseline	TAGLN	1	1	42	10	10	0.6529433097020498	0.7115368389494308	0.2508591065292096	0.7261904761904762	0.10823675904251509	0.5479827788345571	0.22969288176826475	0.5971574077825974	0.25030495694512106
independent_eligible	GSE294385	Patient6	nominal_honeycomb_exact	stricter_adjacency	baseline	TGFB1	1	1	42	10	0	0.0	NA	0.2508591065292096	0.7261904761904762	0.10823675904251509	0.0	0.0	NA	NA
independent_eligible	GSE294385	Patient6	nominal_honeycomb_exact	stricter_adjacency	baseline	TGFB1_CXCL12	1	1	42	10	10	0.1969484476512385	5.223732386929557	0.2508591065292096	0.7261904761904762	0.10823675904251509	0.16954781156663193	0.015063916697111435	4.496975756732121	0.39954551794211657
independent_eligible	GSE294385	Patient6	nominal_honeycomb_exact	stricter_adjacency	baseline	four_gene_mean	1	1	42	10	10	0.3550975160115579	0.6417743174527888	0.2508591065292096	0.7261904761904762	0.10823675904251509	0.301198727242038	0.1503493207672551	0.5443620382495605	0.27172911204412625
independent_eligible	GSE294385	Patient6	nominal_honeycomb_exact	stricter_adjacency	far500	four_gene_mean	1	1	42	10	10	0.363396433852182	0.6567731053704995	0.2508591065292096	0.7061855670103092	0.10823675904251509	0.30809344743101386	0.15679697283430696	0.556822993744287	0.28338207304194574
independent_eligible	GSE294385	Patient6	nominal_honeycomb_exact	stricter_adjacency	grid4	four_gene_mean	1	1	42	10	10	0.3550975160115579	0.6417743174527888	0.2508591065292096	0.7261904761904762	0.10823675904251509	0.3008144334670969	0.1512538083155503	0.5436674969926001	0.2733638091421842
independent_eligible	GSE294385	Patient6	nominal_honeycomb_exact	stricter_adjacency	grid8	four_gene_mean	1	1	42	10	10	0.3550975160115579	0.6417743174527888	0.2508591065292096	0.7261904761904762	0.10823675904251509	0.2997536953596801	0.13277952839237017	0.5417504053651232	0.23997490087467394
independent_eligible	GSE294385	Patient6	nominal_honeycomb_exact	stricter_adjacency	near150	four_gene_mean	1	1	42	10	10	0.3550975160115579	0.6417743174527888	0.2508591065292096	0.7261904761904762	0.10823675904251509	0.3001105337427483	0.14848476199849547	0.5423953259838503	0.268359260447833
independent_eligible	GSE294385	Patient9	historical_raw_6nn	stromal_retention	baseline	ACTA2	2	2	84	63	63	0.2213532623702099	0.2503184626889654	0.4302894511828229	0.5213031037362577	0.483664766419942	0.07667510462114735	0.022592985209520577	0.0822207231116113	0.027004505395671535
independent_eligible	GSE294385	Patient9	historical_raw_6nn	stromal_retention	baseline	ACTA2_TAGLN	2	2	84	63	63	0.29861134086718566	0.42889125037500586	0.4302894511828229	0.5213031037362577	0.483664766419942	0.2483553426705823	0.03161370334700553	0.3495529498887869	0.04236340554666006
independent_eligible	GSE294385	Patient9	historical_raw_6nn	stromal_retention	baseline	CXCL12	2	2	84	63	37	0.02793850319644048	0.0977577633691733	0.4302894511828229	0.5213031037362577	0.483664766419942	-0.009630803798081372	-0.014819274110628666	-0.033698506757073685	-0.05185313907562255
independent_eligible	GSE294385	Patient9	historical_raw_6nn	stromal_retention	baseline	TAGLN	2	2	84	63	63	0.2609329713896068	0.3721119414831025	0.4302894511828229	0.5213031037362577	0.483664766419942	0.19917181578661414	0.010879276707086216	0.27396356205918926	0.014103537402223788
independent_eligible	GSE294385	Patient9	historical_raw_6nn	stromal_retention	baseline	TGFB1	2	2	84	63	0	0.12016171946708444	NA	0.4302894511828229	0.5213031037362577	0.483664766419942	0.12016171946708444	0.0048341294195070605	NA	NA
independent_eligible	GSE294385	Patient9	historical_raw_6nn	stromal_retention	baseline	TGFB1_CXCL12	2	2	84	63	37	0.011277713519632554	0.07432710368456197	0.4302894511828229	0.5213031037362577	0.483664766419942	-0.010971849848393042	0.0	-0.0723112730140999	0.0
independent_eligible	GSE294385	Patient9	historical_raw_6nn	stromal_retention	baseline	four_gene_mean	2	2	84	63	63	0.12698982843808837	0.3035829795219559	0.4302894511828229	0.5213031037362577	0.483664766419942	0.09535607801141655	0.010878600896970625	0.22229127029442744	0.024170924959738084
independent_eligible	GSE294385	Patient9	historical_raw_6nn	stromal_retention	far500	four_gene_mean	2	2	84	63	63	0.11216771872036974	0.26179063425398785	0.4302894511828229	0.5110062893081762	0.483664766419942	0.07669533891951694	0.012650782409086125	0.17422347724281226	0.02810849622924824
independent_eligible	GSE294385	Patient9	historical_raw_6nn	stromal_retention	grid4	four_gene_mean	2	2	84	62	62	0.12483558439386541	0.2987965118841574	0.434410330303702	0.5943271587190756	0.5089687677688477	0.0881140041759605	-0.00569320631696478	0.20601511322248725	-0.02263966476182976
independent_eligible	GSE294385	Patient9	historical_raw_6nn	stromal_retention	grid8	four_gene_mean	2	2	84	68	68	0.12268134034964245	0.29401004424635885	0.4039158248091965	0.5213031037362577	0.483664766419942	0.09526395041969005	-0.014953188898628234	0.22185890710351175	-0.044492791657773055
independent_eligible	GSE294385	Patient9	historical_raw_6nn	stromal_retention	near150	four_gene_mean	2	2	84	63	63	0.12698982843808837	0.3035829795219559	0.4302894511828229	0.5213031037362577	0.483664766419942	0.09543866878118581	0.01190324112615998	0.22246034156324748	0.02644755063293118
independent_eligible	GSE294385	Patient9	historical_raw_6nn	stricter_adjacency	baseline	ACTA2	2	2	84	49	49	0.21742432317375432	0.240700227314164	0.17897164075117966	0.44427102586218703	0.500575975482395	0.08104340641812866	-0.07625509203500644	0.07218976508882397	-0.10838290600669298
independent_eligible	GSE294385	Patient9	historical_raw_6nn	stricter_adjacency	baseline	ACTA2_TAGLN	2	2	84	49	49	0.2610215904269577	0.3680559898532126	0.17897164075117966	0.44427102586218703	0.500575975482395	0.18029521327967407	0.027771185978642643	0.24949236351568915	0.02334607463352531
independent_eligible	GSE294385	Patient9	historical_raw_6nn	stricter_adjacency	baseline	CXCL12	2	2	84	49	34	0.02923269865647732	0.10228619685919144	0.17897164075117966	0.44427102586218703	0.500575975482395	-0.0002214284770407221	-0.015253718613347123	-0.0007747856966260529	-0.0533732750183097
independent_eligible	GSE294385	Patient9	historical_raw_6nn	stricter_adjacency	baseline	TAGLN	2	2	84	49	49	0.30941233418341507	0.4258270317837488	0.17897164075117966	0.44427102586218703	0.500575975482395	0.2103588741058123	0.07595443856635997	0.2801793148286926	0.08647910700439682
independent_eligible	GSE294385	Patient9	historical_raw_6nn	stricter_adjacency	baseline	TGFB1	2	2	84	49	0	0.09822257262636103	NA	0.17897164075117966	0.44427102586218703	0.500575975482395	0.09822257262636103	0.010762183931315027	NA	NA
independent_eligible	GSE294385	Patient9	historical_raw_6nn	stricter_adjacency	baseline	TGFB1_CXCL12	2	2	84	49	34	0.03812368172705591	0.07173079751729775	0.17897164075117966	0.44427102586218703	0.500575975482395	0.020646666612485147	0.0005257612389946015	-0.04345353592546927	0.003465091576944822
independent_eligible	GSE294385	Patient9	historical_raw_6nn	stricter_adjacency	baseline	four_gene_mean	2	2	84	49	49	0.1313652097255503	0.3102180836501157	0.17897164075117966	0.44427102586218703	0.500575975482395	0.07621998398904854	0.0015456929101070882	0.17397065915221321	-0.005396798624241056
independent_eligible	GSE294385	Patient9	historical_raw_6nn	stricter_adjacency	far500	four_gene_mean	2	2	84	49	49	0.13527068984962284	0.32662086457409967	0.17897164075117966	0.44342853450504005	0.500575975482395	0.08180886693474705	0.044220282677770784	0.19119049240716846	0.10882108257465951
independent_eligible	GSE294385	Patient9	historical_raw_6nn	stricter_adjacency	grid4	four_gene_mean	2	2	84	46	46	0.12876149363054873	0.30443294391157905	0.21585172752319726	0.4983947372023932	0.5369167604607435	0.09674789431122924	-0.010532256689770314	0.2201210377523457	-0.046568646939176735
independent_eligible	GSE294385	Patient9	historical_raw_6nn	stricter_adjacency	grid8	four_gene_mean	2	2	84	51	51	0.1313652097255503	0.3102180836501157	0.17879152547740446	0.44427102586218703	0.5032984893808184	0.0749557072679451	-0.02741321449787143	0.17073677712607763	-0.08821834193766856
independent_eligible	GSE294385	Patient9	historical_raw_6nn	stricter_adjacency	near150	four_gene_mean	2	2	84	49	49	0.1313652097255503	0.3102180836501157	0.17897164075117966	0.44427102586218703	0.500575975482395	0.07858613297474878	0.0020761560890032726	0.17873374931230177	-0.003870284771310545
independent_eligible	GSE294385	Patient9	nominal_honeycomb_exact	stromal_retention	baseline	ACTA2	2	2	84	63	63	0.21858816497874134	0.2454293387441657	0.4302894511828229	0.5264856256809991	0.483664766419942	0.07013923501002506	0.023450267935243185	0.07254896244848777	0.0278288266268424
independent_eligible	GSE294385	Patient9	nominal_honeycomb_exact	stromal_retention	baseline	ACTA2_TAGLN	2	2	84	63	63	0.27791707297493795	0.392535760149583	0.4302894511828229	0.5264856256809991	0.483664766419942	0.23033772306965417	0.03230449352013953	0.3181923951562137	0.043266518858991694
independent_eligible	GSE294385	Patient9	nominal_honeycomb_exact	stromal_retention	baseline	CXCL12	2	2	84	63	37	0.02579864627455203	0.09027033195085342	0.4302894511828229	0.5264856256809991	0.483664766419942	-0.005568250722234339	-0.013217011976364434	-0.019483496759188042	-0.04624676991992829
independent_eligible	GSE294385	Patient9	nominal_honeycomb_exact	stromal_retention	baseline	TAGLN	2	2	84	63	63	0.2408977606173054	0.33596491883577895	0.4302894511828229	0.5264856256809991	0.483664766419942	0.19357202698836218	0.007497288382342759	0.26351627421349044	0.007748455452408489
independent_eligible	GSE294385	Patient9	nominal_honeycomb_exact	stromal_retention	baseline	TGFB1	2	2	84	63	0	0.12016171946708444	NA	0.4302894511828229	0.5264856256809991	0.483664766419942	0.12016171946708444	0.0048341294195070605	NA	NA
independent_eligible	GSE294385	Patient9	nominal_honeycomb_exact	stromal_retention	baseline	TGFB1_CXCL12	2	2	84	63	37	0.011576952722547496	0.0762992750136905	0.4302894511828229	0.5264856256809991	0.483664766419942	-0.011025417023770315	0.0	-0.07266431381367551	0.0
independent_eligible	GSE294385	Patient9	nominal_honeycomb_exact	stromal_retention	baseline	four_gene_mean	2	2	84	63	63	0.12035076298659242	0.28416137784982803	0.4302894511828229	0.5264856256809991	0.483664766419942	0.09261318338044305	0.002493975100211099	0.21365795035433452	-0.0012870506650706492
independent_eligible	GSE294385	Patient9	nominal_honeycomb_exact	stromal_retention	far500	four_gene_mean	2	2	84	63	63	0.1260657552672585	0.30244727965240437	0.4302894511828229	0.5153616900050402	0.483664766419942	0.08508328141413496	0.012601209746787634	0.19763636395338377	0.027998351817129497
independent_eligible	GSE294385	Patient9	nominal_honeycomb_exact	stromal_retention	grid4	four_gene_mean	2	2	84	62	62	0.11819651894236946	0.27937491021202954	0.434410330303702	0.5995096806638169	0.5089687677688477	0.08704972751812635	-0.007235291095672627	0.2024371554347195	-0.026654512905014322
independent_eligible	GSE294385	Patient9	nominal_honeycomb_exact	stromal_retention	grid8	four_gene_mean	2	2	84	68	68	0.1160422748981465	0.274588442574231	0.4039158248091965	0.5264856256809991	0.483664766419942	0.09101573034621113	-0.015118558199858578	0.20939937777437978	-0.044976555030910186
independent_eligible	GSE294385	Patient9	nominal_honeycomb_exact	stromal_retention	near150	four_gene_mean	2	2	84	63	63	0.12035076298659242	0.28416137784982803	0.4302894511828229	0.5264856256809991	0.483664766419942	0.09126810335074939	0.0002979888526878638	0.2102557037034152	-0.0068115240394834055
independent_eligible	GSE294385	Patient9	nominal_honeycomb_exact	stricter_adjacency	baseline	ACTA2	2	2	84	49	49	0.23407737046475086	0.2553197268431562	0.16860491813661843	0.44390662978794737	0.500575975482395	0.10058310797703696	-0.03382982859691977	0.09079465253333668	-0.07133490630055568
independent_eligible	GSE294385	Patient9	nominal_honeycomb_exact	stricter_adjacency	baseline	ACTA2_TAGLN	2	2	84	49	49	0.2907975308341385	0.4078794465883898	0.16860491813661843	0.44390662978794737	0.500575975482395	0.2085451623657229	0.026079324603135653	0.2884348083509193	0.016149607355543175
independent_eligible	GSE294385	Patient9	nominal_honeycomb_exact	stricter_adjacency	baseline	CXCL12	2	2	84	49	34	0.024799061626184338	0.08677275161036344	0.16860491813661843	0.44390662978794737	0.500575975482395	-0.0063670546668477615	-0.014051901027687747	-0.02227853865698843	-0.04916807482108621
independent_eligible	GSE294385	Patient9	nominal_honeycomb_exact	stricter_adjacency	baseline	TAGLN	2	2	84	49	49	0.3036221965748226	0.41654270677635286	0.16860491813661843	0.44390662978794737	0.500575975482395	0.2085340796917327	0.051708216212598496	0.2798351752571585	0.04638420190236921
independent_eligible	GSE294385	Patient9	nominal_honeycomb_exact	stricter_adjacency	baseline	TGFB1	2	2	84	49	0	0.09680874811276101	NA	0.16860491813661843	0.44390662978794737	0.500575975482395	0.09680874811276101	0.012089477312979935	NA	NA
independent_eligible	GSE294385	Patient9	nominal_honeycomb_exact	stricter_adjacency	baseline	TGFB1_CXCL12	2	2	84	49	34	0.036877820506351064	0.06261456834441292	0.16860491813661843	0.44390662978794737	0.500575975482395	0.018827156134160833	0.0	-0.056350468321168676	0.0
independent_eligible	GSE294385	Patient9	nominal_honeycomb_exact	stricter_adjacency	baseline	four_gene_mean	2	2	84	49	49	0.15171376795247282	0.3571304166658364	0.16860491813661843	0.44390662978794737	0.500575975482395	0.10130362244547209	0.00345875071560222	0.23599124010911082	0.00029677434645131173
independent_eligible	GSE294385	Patient9	nominal_honeycomb_exact	stricter_adjacency	far500	four_gene_mean	2	2	84	49	49	0.14221416762544442	0.3377644452046272	0.16860491813661843	0.44310038787719414	0.500575975482395	0.08425269532646845	0.03747229311314208	0.19276227351776112	0.08956563571531241
independent_eligible	GSE294385	Patient9	nominal_honeycomb_exact	stricter_adjacency	grid4	four_gene_mean	2	2	84	46	46	0.13400409716155295	0.3177816871919762	0.2063764765493872	0.4980303411281536	0.5369167604607435	0.10316937642807787	7.138830402003693e-05	0.23694413710618648	-0.01956516025990214
independent_eligible	GSE294385	Patient9	nominal_honeycomb_exact	stricter_adjacency	grid8	four_gene_mean	2	2	84	51	51	0.15171376795247282	0.3571304166658364	0.1648224973873389	0.44390662978794737	0.5032984893808184	0.10082673576485648	-0.0269479477424778	0.23407984433026263	-0.08690811694486061
independent_eligible	GSE294385	Patient9	nominal_honeycomb_exact	stricter_adjacency	near150	four_gene_mean	2	2	84	49	49	0.15171376795247282	0.3571304166658364	0.16860491813661843	0.44390662978794737	0.500575975482395	0.10438416958312491	0.004598732390198854	0.24305596022228165	0.0023124106878077283
independent_eligible	Valdeolivas	A120838	historical_raw_6nn	stromal_retention	baseline	ACTA2	2	1	72	3	3	0.20326376011281166	0.31072732596392144	0.26685393258426965	0.492603550295858	0.8677323395487407	0.08159204335388906	-0.07881118744786875	0.12472896022987773	-0.1204778929511405
independent_eligible	Valdeolivas	A120838	historical_raw_6nn	stromal_retention	baseline	ACTA2_TAGLN	2	1	72	3	3	0.29060327132042096	0.4265111732402094	0.26685393258426965	0.492603550295858	0.8677323395487407	0.11585205419673358	-0.07604826592229097	0.17003317042241745	-0.11161414313755691
independent_eligible	Valdeolivas	A120838	historical_raw_6nn	stromal_retention	baseline	CXCL12	2	1	72	3	0	0.05464302062511742	NA	0.26685393258426965	0.492603550295858	0.8677323395487407	0.05464302062511742	-0.25862020193264035	NA	NA
independent_eligible	Valdeolivas	A120838	historical_raw_6nn	stromal_retention	baseline	TAGLN	2	1	72	3	3	0.26815456850344266	0.3702110773933448	0.26685393258426965	0.492603550295858	0.8677323395487407	0.12095889179169789	0.006306454926710614	0.16699443869416894	0.008706618298468891
independent_eligible	Valdeolivas	A120838	historical_raw_6nn	stromal_retention	baseline	TGFB1	2	1	72	3	0	0.0	NA	0.26685393258426965	0.492603550295858	0.8677323395487407	0.0	0.0	NA	NA
independent_eligible	Valdeolivas	A120838	historical_raw_6nn	stromal_retention	baseline	TGFB1_CXCL12	2	1	72	3	3	0.3512346345026735	1.4915633087628832	0.26685393258426965	0.492603550295858	0.8677323395487407	0.25696027129511717	-0.08170608125052452	1.0912150307051673	-0.34697544297885485
independent_eligible	Valdeolivas	A120838	historical_raw_6nn	stromal_retention	baseline	four_gene_mean	2	1	72	3	3	0.25105469277392356	0.628160236323067	0.26685393258426965	0.492603550295858	0.8677323395487407	0.15261443634702737	-0.01358061320087714	0.3818543256165645	-0.033979851575039834
independent_eligible	Valdeolivas	A120838	historical_raw_6nn	stromal_retention	far500	four_gene_mean	2	1	72	3	3	0.21118310853935246	0.5283981346924191	0.26685393258426965	0.5516826923076923	0.8677323395487407	0.11571554970629162	-0.018399572828565663	0.28953016670042375	-0.04603729923759377
independent_eligible	Valdeolivas	A120838	historical_raw_6nn	stromal_retention	grid4	four_gene_mean	2	1	72	3	3	0.25105469277392356	0.628160236323067	0.26685393258426965	0.492603550295858	0.8677323395487407	0.15206758138824045	-0.08732951208627948	0.38048604790643475	-0.21850588150325667
independent_eligible	Valdeolivas	A120838	historical_raw_6nn	stromal_retention	grid8	four_gene_mean	2	1	72	3	3	0.25105469277392356	0.628160236323067	0.26685393258426965	0.492603550295858	0.8677323395487407	0.1595612341774878	-0.008955863785994111	0.39923580579785767	-0.022408334415613795
independent_eligible	Valdeolivas	A120838	historical_raw_6nn	stromal_retention	near150	four_gene_mean	2	1	72	3	3	0.25105469277392356	0.628160236323067	0.26685393258426965	0.492603550295858	0.8677323395487407	0.1584972802661655	-0.014258069562576553	0.39657370244106077	-0.035674905125171553
independent_eligible	Valdeolivas	A120838	historical_raw_6nn	stricter_adjacency	baseline	ACTA2	2	0	72	0	0	NA	NA	NA	NA	NA	NA	NA	NA	NA
independent_eligible	Valdeolivas	A120838	historical_raw_6nn	stricter_adjacency	baseline	ACTA2_TAGLN	2	0	72	0	0	NA	NA	NA	NA	NA	NA	NA	NA	NA
independent_eligible	Valdeolivas	A120838	historical_raw_6nn	stricter_adjacency	baseline	CXCL12	2	0	72	0	0	NA	NA	NA	NA	NA	NA	NA	NA	NA
independent_eligible	Valdeolivas	A120838	historical_raw_6nn	stricter_adjacency	baseline	TAGLN	2	0	72	0	0	NA	NA	NA	NA	NA	NA	NA	NA	NA
independent_eligible	Valdeolivas	A120838	historical_raw_6nn	stricter_adjacency	baseline	TGFB1	2	0	72	0	0	NA	NA	NA	NA	NA	NA	NA	NA	NA
independent_eligible	Valdeolivas	A120838	historical_raw_6nn	stricter_adjacency	baseline	TGFB1_CXCL12	2	0	72	0	0	NA	NA	NA	NA	NA	NA	NA	NA	NA
independent_eligible	Valdeolivas	A120838	historical_raw_6nn	stricter_adjacency	baseline	four_gene_mean	2	0	72	0	0	NA	NA	NA	NA	NA	NA	NA	NA	NA
independent_eligible	Valdeolivas	A120838	historical_raw_6nn	stricter_adjacency	far500	four_gene_mean	2	0	72	0	0	NA	NA	NA	NA	NA	NA	NA	NA	NA
independent_eligible	Valdeolivas	A120838	historical_raw_6nn	stricter_adjacency	grid4	four_gene_mean	2	0	72	0	0	NA	NA	NA	NA	NA	NA	NA	NA	NA
independent_eligible	Valdeolivas	A120838	historical_raw_6nn	stricter_adjacency	grid8	four_gene_mean	2	0	72	0	0	NA	NA	NA	NA	NA	NA	NA	NA	NA
independent_eligible	Valdeolivas	A120838	historical_raw_6nn	stricter_adjacency	near150	four_gene_mean	2	0	72	0	0	NA	NA	NA	NA	NA	NA	NA	NA	NA
independent_eligible	Valdeolivas	A120838	nominal_honeycomb_exact	stromal_retention	baseline	ACTA2	2	1	72	3	3	0.20326376011281166	0.31072732596392144	0.26685393258426965	0.492603550295858	0.8677323395487407	0.08508175532487827	-0.06135134694007227	0.1300636488557693	-0.0937872051977843
independent_eligible	Valdeolivas	A120838	nominal_honeycomb_exact	stromal_retention	baseline	ACTA2_TAGLN	2	1	72	3	3	0.29060327132042096	0.4265111732402094	0.26685393258426965	0.492603550295858	0.8677323395487407	0.11662911098516152	-0.07604826592229097	0.17117363728984386	-0.11161414313755691
independent_eligible	Valdeolivas	A120838	nominal_honeycomb_exact	stromal_retention	baseline	CXCL12	2	1	72	3	0	0.05464302062511742	NA	0.26685393258426965	0.492603550295858	0.8677323395487407	0.05464302062511742	-0.25862020193264035	NA	NA
independent_eligible	Valdeolivas	A120838	nominal_honeycomb_exact	stromal_retention	baseline	TAGLN	2	1	72	3	3	0.26815456850344266	0.3702110773933448	0.26685393258426965	0.492603550295858	0.8677323395487407	0.12291994104266865	0.008229146767000428	0.16970184047395245	0.011361064283341032
independent_eligible	Valdeolivas	A120838	nominal_honeycomb_exact	stromal_retention	baseline	TGFB1	2	1	72	3	0	0.0	NA	0.26685393258426965	0.492603550295858	0.8677323395487407	0.0	0.0	NA	NA
independent_eligible	Valdeolivas	A120838	nominal_honeycomb_exact	stromal_retention	baseline	TGFB1_CXCL12	2	1	72	3	3	0.3512346345026735	1.4915633087628832	0.26685393258426965	0.492603550295858	0.8677323395487407	0.2555936957968239	-0.08226666821416173	1.0854116910806604	-0.3493560480336952
independent_eligible	Valdeolivas	A120838	nominal_honeycomb_exact	stromal_retention	baseline	four_gene_mean	2	1	72	3	3	0.25105469277392356	0.628160236323067	0.26685393258426965	0.492603550295858	0.8677323395487407	0.15643873273930792	-0.01358061320087714	0.3914230410984443	-0.033979851575039834
independent_eligible	Valdeolivas	A120838	nominal_honeycomb_exact	stromal_retention	far500	four_gene_mean	2	1	72	3	3	0.21118310853935246	0.5283981346924191	0.26685393258426965	0.5516826923076923	0.8677323395487407	0.12122526955857829	-0.01819134246966983	0.3033159553118437	-0.0455162891341442
independent_eligible	Valdeolivas	A120838	nominal_honeycomb_exact	stromal_retention	grid4	four_gene_mean	2	1	72	3	3	0.25105469277392356	0.628160236323067	0.26685393258426965	0.492603550295858	0.8677323395487407	0.15221441939936298	-0.09697154187651874	0.38085344912386987	-0.24263106173689158
independent_eligible	Valdeolivas	A120838	nominal_honeycomb_exact	stromal_retention	grid8	four_gene_mean	2	1	72	3	3	0.25105469277392356	0.628160236323067	0.26685393258426965	0.492603550295858	0.8677323395487407	0.15792091614223203	-0.008955863785994111	0.39513159028494904	-0.022408334415613795
independent_eligible	Valdeolivas	A120838	nominal_honeycomb_exact	stromal_retention	near150	four_gene_mean	2	1	72	3	3	0.25105469277392356	0.628160236323067	0.26685393258426965	0.492603550295858	0.8677323395487407	0.155397803481417	-0.01358061320087714	0.38881854738670485	-0.033979851575039834
independent_eligible	Valdeolivas	A120838	nominal_honeycomb_exact	stricter_adjacency	baseline	ACTA2	2	0	72	0	0	NA	NA	NA	NA	NA	NA	NA	NA	NA
independent_eligible	Valdeolivas	A120838	nominal_honeycomb_exact	stricter_adjacency	baseline	ACTA2_TAGLN	2	0	72	0	0	NA	NA	NA	NA	NA	NA	NA	NA	NA
independent_eligible	Valdeolivas	A120838	nominal_honeycomb_exact	stricter_adjacency	baseline	CXCL12	2	0	72	0	0	NA	NA	NA	NA	NA	NA	NA	NA	NA
independent_eligible	Valdeolivas	A120838	nominal_honeycomb_exact	stricter_adjacency	baseline	TAGLN	2	0	72	0	0	NA	NA	NA	NA	NA	NA	NA	NA	NA
independent_eligible	Valdeolivas	A120838	nominal_honeycomb_exact	stricter_adjacency	baseline	TGFB1	2	0	72	0	0	NA	NA	NA	NA	NA	NA	NA	NA	NA
independent_eligible	Valdeolivas	A120838	nominal_honeycomb_exact	stricter_adjacency	baseline	TGFB1_CXCL12	2	0	72	0	0	NA	NA	NA	NA	NA	NA	NA	NA	NA
independent_eligible	Valdeolivas	A120838	nominal_honeycomb_exact	stricter_adjacency	baseline	four_gene_mean	2	0	72	0	0	NA	NA	NA	NA	NA	NA	NA	NA	NA
independent_eligible	Valdeolivas	A120838	nominal_honeycomb_exact	stricter_adjacency	far500	four_gene_mean	2	0	72	0	0	NA	NA	NA	NA	NA	NA	NA	NA	NA
independent_eligible	Valdeolivas	A120838	nominal_honeycomb_exact	stricter_adjacency	grid4	four_gene_mean	2	0	72	0	0	NA	NA	NA	NA	NA	NA	NA	NA	NA
independent_eligible	Valdeolivas	A120838	nominal_honeycomb_exact	stricter_adjacency	grid8	four_gene_mean	2	0	72	0	0	NA	NA	NA	NA	NA	NA	NA	NA	NA
independent_eligible	Valdeolivas	A120838	nominal_honeycomb_exact	stricter_adjacency	near150	four_gene_mean	2	0	72	0	0	NA	NA	NA	NA	NA	NA	NA	NA	NA
independent_eligible	Valdeolivas	A121573	historical_raw_6nn	stromal_retention	baseline	ACTA2	2	2	72	67	67	0.24618316219310346	0.3417300696594576	0.42914201183431955	0.5962033462033463	0.3920274495750735	0.12379925448978879	0.09161464497096267	0.1563665725208312	0.11494605895917705
independent_eligible	Valdeolivas	A121573	historical_raw_6nn	stromal_retention	baseline	ACTA2_TAGLN	2	2	72	67	67	0.10320992592216396	0.2547895279502945	0.42914201183431955	0.5962033462033463	0.3920274495750735	0.015182994563386329	0.012346541636080038	0.04471698258546168	0.031221404739132617
independent_eligible	Valdeolivas	A121573	historical_raw_6nn	stromal_retention	baseline	CXCL12	2	2	72	67	0	0.0	NA	0.42914201183431955	0.5962033462033463	0.3920274495750735	0.0	0.0	NA	NA
independent_eligible	Valdeolivas	A121573	historical_raw_6nn	stromal_retention	baseline	TAGLN	2	2	72	67	67	0.16805753242580235	0.2680567237873366	0.42914201183431955	0.5962033462033463	0.3920274495750735	0.08784636397429402	0.02382626252948744	0.14011481955578142	0.03814136744493
independent_eligible	Valdeolivas	A121573	historical_raw_6nn	stromal_retention	baseline	TGFB1	2	2	72	67	0	0.0	NA	0.42914201183431955	0.5962033462033463	0.3920274495750735	0.0	0.0	NA	NA
independent_eligible	Valdeolivas	A121573	historical_raw_6nn	stromal_retention	baseline	TGFB1_CXCL12	2	2	72	67	0	0.0	NA	0.42914201183431955	0.5962033462033463	0.3920274495750735	0.0	0.0	NA	NA
independent_eligible	Valdeolivas	A121573	historical_raw_6nn	stromal_retention	baseline	four_gene_mean	2	2	72	67	67	0.09632001982001934	0.4030049808438917	0.42914201183431955	0.5962033462033463	0.3920274495750735	0.046571652628464875	0.022844890772323913	0.19611593402907174	0.09557093887849985
independent_eligible	Valdeolivas	A121573	historical_raw_6nn	stromal_retention	far500	four_gene_mean	2	2	72	69	69	0.09808411152644034	0.4104759682364799	0.42914201183431955	0.5864642305712815	0.3920274495750735	0.05004609664047626	0.03315775254944741	0.21037147308049675	0.13963124503559757
independent_eligible	Valdeolivas	A121573	historical_raw_6nn	stromal_retention	grid4	four_gene_mean	2	2	72	65	65	0.09632001982001934	0.4030049808438917	0.42914201183431955	0.5962033462033463	0.3920274495750735	0.04728185023881365	0.025467178691189918	0.19927036581876623	0.10634377867235886
independent_eligible	Valdeolivas	A121573	historical_raw_6nn	stromal_retention	grid8	four_gene_mean	2	2	72	67	67	0.09632001982001934	0.4030049808438917	0.42914201183431955	0.5962033462033463	0.3920274495750735	0.04801849521807068	0.006436974418717448	0.20230252666832996	0.02668039216007281
independent_eligible	Valdeolivas	A121573	historical_raw_6nn	stromal_retention	near150	four_gene_mean	2	2	72	67	67	0.09632001982001934	0.4030049808438917	0.42914201183431955	0.5962033462033463	0.3920274495750735	0.04664290633313263	0.022693628100567582	0.19665828502015462	0.09495713632331595
independent_eligible	Valdeolivas	A121573	historical_raw_6nn	stricter_adjacency	baseline	ACTA2	2	2	72	41	41	0.3374376497808306	0.4382893625028418	0.3665046491969569	0.6466951645523074	0.4226326889383171	0.18537474291426426	0.11373641040252	0.22221502978622745	0.13457738474792164
independent_eligible	Valdeolivas	A121573	historical_raw_6nn	stricter_adjacency	baseline	ACTA2_TAGLN	2	2	72	41	41	0.1160984483012136	0.2749479687444516	0.3665046491969569	0.6466951645523074	0.4226326889383171	0.04052133192265897	0.015723779773820654	0.09724014017791871	0.04251810112071085
independent_eligible	Valdeolivas	A121573	historical_raw_6nn	stricter_adjacency	baseline	CXCL12	2	2	72	41	0	0.0	NA	0.3665046491969569	0.6466951645523074	0.4226326889383171	0.0	0.0	NA	NA
independent_eligible	Valdeolivas	A121573	historical_raw_6nn	stricter_adjacency	baseline	TAGLN	2	2	72	41	41	0.16594850752252924	0.2654652958173943	0.3665046491969569	0.6466951645523074	0.4226326889383171	0.05055188629128606	0.054570862535445214	0.08127334102018069	0.0871567376326609
independent_eligible	Valdeolivas	A121573	historical_raw_6nn	stricter_adjacency	baseline	TGFB1	2	2	72	41	0	0.0	NA	0.3665046491969569	0.6466951645523074	0.4226326889383171	0.0	0.0	NA	NA
independent_eligible	Valdeolivas	A121573	historical_raw_6nn	stricter_adjacency	baseline	TGFB1_CXCL12	2	2	72	41	0	0.0	NA	0.3665046491969569	0.6466951645523074	0.4226326889383171	0.0	0.0	NA	NA
independent_eligible	Valdeolivas	A121573	historical_raw_6nn	stricter_adjacency	baseline	four_gene_mean	2	2	72	41	41	0.07258103535121913	0.30151652138701734	0.3665046491969569	0.6466951645523074	0.4226326889383171	0.021189471549061187	0.023436418177769328	0.08763759297607181	0.09622526413500701
independent_eligible	Valdeolivas	A121573	historical_raw_6nn	stricter_adjacency	far500	four_gene_mean	2	2	72	41	41	0.07698569346178784	0.32078744071479165	0.3665046491969569	0.6303718476582605	0.4226326889383171	0.026688594426217127	0.020048755496774665	0.11147680707899683	0.08365046913730718
independent_eligible	Valdeolivas	A121573	historical_raw_6nn	stricter_adjacency	grid4	four_gene_mean	2	2	72	41	41	0.07258103535121913	0.30151652138701734	0.3665046491969569	0.6466951645523074	0.4226326889383171	0.02033817231080759	0.028916942367266343	0.08410752157460076	0.1195840109552572
independent_eligible	Valdeolivas	A121573	historical_raw_6nn	stricter_adjacency	grid8	four_gene_mean	2	2	72	41	41	0.07258103535121913	0.30151652138701734	0.3665046491969569	0.6466951645523074	0.4226326889383171	0.02045352490388179	0.02772501314033811	0.08463562137722204	0.11434231785001517
independent_eligible	Valdeolivas	A121573	historical_raw_6nn	stricter_adjacency	near150	four_gene_mean	2	2	72	41	41	0.07258103535121913	0.30151652138701734	0.3665046491969569	0.6466951645523074	0.4226326889383171	0.020758746392945462	0.024507666887981575	0.08589238679881588	0.10079767931803424
independent_eligible	Valdeolivas	A121573	nominal_honeycomb_exact	stromal_retention	baseline	ACTA2	2	2	72	67	67	0.24618316219310346	0.3417300696594576	0.42914201183431955	0.5962033462033463	0.3920274495750735	0.12502361205970575	0.08954155032694361	0.15773787336481654	0.11287284679702653
independent_eligible	Valdeolivas	A121573	nominal_honeycomb_exact	stromal_retention	baseline	ACTA2_TAGLN	2	2	72	67	67	0.10320992592216396	0.2547895279502945	0.42914201183431955	0.5962033462033463	0.3920274495750735	0.01437325242106531	0.017354211716514648	0.04354796156692656	0.04415639543155163
independent_eligible	Valdeolivas	A121573	nominal_honeycomb_exact	stromal_retention	baseline	CXCL12	2	2	72	67	0	0.0	NA	0.42914201183431955	0.5962033462033463	0.3920274495750735	0.0	0.0	NA	NA
independent_eligible	Valdeolivas	A121573	nominal_honeycomb_exact	stromal_retention	baseline	TAGLN	2	2	72	67	67	0.16805753242580235	0.2680567237873366	0.42914201183431955	0.5962033462033463	0.3920274495750735	0.08834024852179172	0.02125258687150293	0.14089543899160872	0.03400307878758145
independent_eligible	Valdeolivas	A121573	nominal_honeycomb_exact	stromal_retention	baseline	TGFB1	2	2	72	67	0	0.0	NA	0.42914201183431955	0.5962033462033463	0.3920274495750735	0.0	0.0	NA	NA
independent_eligible	Valdeolivas	A121573	nominal_honeycomb_exact	stromal_retention	baseline	TGFB1_CXCL12	2	2	72	67	0	0.0	NA	0.42914201183431955	0.5962033462033463	0.3920274495750735	0.0	0.0	NA	NA
independent_eligible	Valdeolivas	A121573	nominal_honeycomb_exact	stromal_retention	baseline	four_gene_mean	2	2	72	67	67	0.09632001982001934	0.4030049808438917	0.42914201183431955	0.5962033462033463	0.3920274495750735	0.04770513886191365	0.02317389348396108	0.2010075025540856	0.09696315456722845
independent_eligible	Valdeolivas	A121573	nominal_honeycomb_exact	stromal_retention	far500	four_gene_mean	2	2	72	69	69	0.09808411152644034	0.4104759682364799	0.42914201183431955	0.5864642305712815	0.3920274495750735	0.050055166047065315	0.032119074274298554	0.21036265345677932	0.1353238491524179
independent_eligible	Valdeolivas	A121573	nominal_honeycomb_exact	stromal_retention	grid4	four_gene_mean	2	2	72	65	65	0.09632001982001934	0.4030049808438917	0.42914201183431955	0.5962033462033463	0.3920274495750735	0.045665267599890424	0.025575519243987266	0.19246393143844642	0.10679907826828244
independent_eligible	Valdeolivas	A121573	nominal_honeycomb_exact	stromal_retention	grid8	four_gene_mean	2	2	72	67	67	0.09632001982001934	0.4030049808438917	0.42914201183431955	0.5962033462033463	0.3920274495750735	0.04658657195206987	0.007951187362345735	0.19630931885816974	0.03288857652173315
independent_eligible	Valdeolivas	A121573	nominal_honeycomb_exact	stromal_retention	near150	four_gene_mean	2	2	72	67	67	0.09632001982001934	0.4030049808438917	0.42914201183431955	0.5962033462033463	0.3920274495750735	0.047360012945186436	0.02262291624072446	0.1995728533526061	0.09461862067664781
independent_eligible	Valdeolivas	A121573	nominal_honeycomb_exact	stricter_adjacency	baseline	ACTA2	2	2	72	42	42	0.3335187836893336	0.4322813196806607	0.35349746407438715	0.6568302996874424	0.41935427071810005	0.17360694845443397	0.10054488957547919	0.2019324071208193	0.11472781293646153
independent_eligible	Valdeolivas	A121573	nominal_honeycomb_exact	stricter_adjacency	baseline	ACTA2_TAGLN	2	2	72	42	42	0.1674334253121598	0.38867542100547336	0.35349746407438715	0.6568302996874424	0.41935427071810005	0.08192015242396938	0.02817704870084181	0.18695715809083338	0.06683627941193818
independent_eligible	Valdeolivas	A121573	nominal_honeycomb_exact	stricter_adjacency	baseline	CXCL12	2	2	72	42	0	0.0	NA	0.35349746407438715	0.6568302996874424	0.41935427071810005	0.0	0.0	NA	NA
independent_eligible	Valdeolivas	A121573	nominal_honeycomb_exact	stricter_adjacency	baseline	TAGLN	2	2	72	42	42	0.20643156286251158	0.3302492605314362	0.35349746407438715	0.6568302996874424	0.41935427071810005	0.07299913789795855	0.0743156079518599	0.11710020518047444	0.11856619142417413
independent_eligible	Valdeolivas	A121573	nominal_honeycomb_exact	stricter_adjacency	baseline	TGFB1	2	2	72	42	0	0.0	NA	0.35349746407438715	0.6568302996874424	0.41935427071810005	0.0	0.0	NA	NA
independent_eligible	Valdeolivas	A121573	nominal_honeycomb_exact	stricter_adjacency	baseline	TGFB1_CXCL12	2	2	72	42	0	0.0	NA	0.35349746407438715	0.6568302996874424	0.41935427071810005	0.0	0.0	NA	NA
independent_eligible	Valdeolivas	A121573	nominal_honeycomb_exact	stricter_adjacency	baseline	four_gene_mean	2	2	72	42	42	0.06465951126550425	0.26663156982751596	0.35349746407438715	0.6568302996874424	0.41935427071810005	0.020536185361667583	0.02643820514440587	0.08332015483315264	0.10765316533953634
independent_eligible	Valdeolivas	A121573	nominal_honeycomb_exact	stricter_adjacency	far500	four_gene_mean	2	2	72	42	42	0.07050762375024529	0.2910306891493097	0.35349746407438715	0.6536927431806485	0.41935427071810005	0.021101663345792915	0.001945142783564044	0.08522097493674792	0.007257786194283064
independent_eligible	Valdeolivas	A121573	nominal_honeycomb_exact	stricter_adjacency	grid4	four_gene_mean	2	2	72	42	42	0.06465951126550425	0.26663156982751596	0.35349746407438715	0.6568302996874424	0.41935427071810005	0.019543932881071438	0.02887685925664217	0.07921650473136593	0.1175911488561486
independent_eligible	Valdeolivas	A121573	nominal_honeycomb_exact	stricter_adjacency	grid8	four_gene_mean	2	2	72	42	42	0.06465951126550425	0.26663156982751596	0.35349746407438715	0.6568302996874424	0.41935427071810005	0.01937659924365087	0.02378731317439374	0.07856306949457376	0.09609314809960179
independent_eligible	Valdeolivas	A121573	nominal_honeycomb_exact	stricter_adjacency	near150	four_gene_mean	2	2	72	42	42	0.06465951126550425	0.26663156982751596	0.35349746407438715	0.6568302996874424	0.41935427071810005	0.01885113520505452	0.02584486606896501	0.07633684193444733	0.10521853028246689
independent_eligible	Valdeolivas	A416371	historical_raw_6nn	stromal_retention	baseline	ACTA2	2	2	72	40	24	0.3450679211108619	1.2947464885382822	0.22773902935193258	0.3332199649313743	0.5444689069585693	0.20421851409502195	0.17465661712795533	0.7662584315801599	0.6553377694408846
independent_eligible	Valdeolivas	A416371	historical_raw_6nn	stromal_retention	baseline	ACTA2_TAGLN	2	2	72	40	40	0.11499291504995035	0.28467839618694457	0.22773902935193258	0.3332199649313743	0.5444689069585693	0.04029929897182054	0.013331009232002783	0.09659583665604275	0.033371136549600305
independent_eligible	Valdeolivas	A416371	historical_raw_6nn	stromal_retention	baseline	CXCL12	2	2	72	40	0	0.0	NA	0.22773902935193258	0.3332199649313743	0.5444689069585693	0.0	0.0	NA	NA
independent_eligible	Valdeolivas	A416371	historical_raw_6nn	stromal_retention	baseline	TAGLN	2	2	72	40	24	0.2634997798778257	0.17583095454676378	0.22773902935193258	0.3332199649313743	0.5444689069585693	0.10250204947506594	0.054330387431265684	0.0490281179334306	0.0
independent_eligible	Valdeolivas	A416371	historical_raw_6nn	stromal_retention	baseline	TGFB1	2	2	72	40	0	0.1761304206454337	NA	0.22773902935193258	0.3332199649313743	0.5444689069585693	0.023415975029410056	0.0	NA	NA
independent_eligible	Valdeolivas	A416371	historical_raw_6nn	stromal_retention	baseline	TGFB1_CXCL12	2	2	72	40	0	0.2096080840733684	NA	0.22773902935193258	0.3332199649313743	0.5444689069585693	0.07515077521555143	-0.007334966144751369	NA	NA
independent_eligible	Valdeolivas	A416371	historical_raw_6nn	stromal_retention	baseline	four_gene_mean	2	2	72	40	40	0.06918291091798444	0.3049031543913808	0.22773902935193258	0.3332199649313743	0.5444689069585693	0.020176964052934523	0.0010102626911727246	0.0888496793888445	0.004991672154653643
independent_eligible	Valdeolivas	A416371	historical_raw_6nn	stromal_retention	far500	four_gene_mean	2	2	72	40	40	0.07858490037994219	0.3460183396483434	0.22773902935193258	0.3411089585534813	0.5444689069585693	0.02798764299475926	-0.0009235635963926875	0.1231383942085244	-0.003619644491267369
independent_eligible	Valdeolivas	A416371	historical_raw_6nn	stromal_retention	grid4	four_gene_mean	2	2	72	40	40	0.06918291091798444	0.3049031543913808	0.22773902935193258	0.3332199649313743	0.5444689069585693	0.018730940617288777	-0.006504873524178251	0.08251805670385066	-0.028283860777031784
independent_eligible	Valdeolivas	A416371	historical_raw_6nn	stromal_retention	grid8	four_gene_mean	2	2	72	40	40	0.06918291091798444	0.3049031543913808	0.22773902935193258	0.3332199649313743	0.5444689069585693	0.01914839739279984	-0.0013088368744378284	0.08433710950494103	-0.0054029940493832
independent_eligible	Valdeolivas	A416371	historical_raw_6nn	stromal_retention	near150	four_gene_mean	2	2	72	40	40	0.06918291091798444	0.3049031543913808	0.22773902935193258	0.3332199649313743	0.5444689069585693	0.01685865500150298	0.0008717297063643298	0.07434059333096346	0.004374785619518408
independent_eligible	Valdeolivas	A416371	historical_raw_6nn	stricter_adjacency	baseline	ACTA2	2	1	72	1	0	0.0	NA	0.14838709677419354	0.42953020134228187	0.5071283095723014	0.0	0.0	NA	NA
independent_eligible	Valdeolivas	A416371	historical_raw_6nn	stricter_adjacency	baseline	ACTA2_TAGLN	2	1	72	1	1	0.016535999183249717	0.038816261623285324	0.14838709677419354	0.42953020134228187	0.5071283095723014	-0.04956793633634721	-0.036502441203986574	-0.11635474600815046	-0.08568507363605715
independent_eligible	Valdeolivas	A416371	historical_raw_6nn	stricter_adjacency	baseline	CXCL12	2	1	72	1	0	0.0	NA	0.14838709677419354	0.42953020134228187	0.5071283095723014	0.0	0.0	NA	NA
independent_eligible	Valdeolivas	A416371	historical_raw_6nn	stricter_adjacency	baseline	TAGLN	2	1	72	1	0	0.5149120903624865	NA	0.14838709677419354	0.42953020134228187	0.5071283095723014	0.3251302913429792	0.3387704067013497	NA	NA
independent_eligible	Valdeolivas	A416371	historical_raw_6nn	stricter_adjacency	baseline	TGFB1	2	1	72	1	0	0.3369596001230066	NA	0.14838709677419354	0.42953020134228187	0.5071283095723014	-0.015301241167860802	-0.015301241167860802	NA	NA
independent_eligible	Valdeolivas	A416371	historical_raw_6nn	stricter_adjacency	baseline	TGFB1_CXCL12	2	1	72	1	0	0.07512685045154066	NA	0.14838709677419354	0.42953020134228187	0.5071283095723014	-0.008358850046420452	-0.19435651980385565	NA	NA
independent_eligible	Valdeolivas	A416371	historical_raw_6nn	stricter_adjacency	baseline	four_gene_mean	2	1	72	1	1	0.02000855436026905	0.0890979703457838	0.14838709677419354	0.42953020134228187	0.5071283095723014	-0.02032054443320719	-0.022351948373250996	-0.09048726023481342	-0.09953308957117622
independent_eligible	Valdeolivas	A416371	historical_raw_6nn	stricter_adjacency	far500	four_gene_mean	2	1	72	1	1	0.02057899629657567	0.0916381448036628	0.14838709677419354	0.4281437125748503	0.5071283095723014	-0.02152924706581516	-0.01873756990524364	-0.09586960567456301	-0.08343828433125239
independent_eligible	Valdeolivas	A416371	historical_raw_6nn	stricter_adjacency	grid4	four_gene_mean	2	1	72	1	1	0.02000855436026905	0.0890979703457838	0.14838709677419354	0.42953020134228187	0.5071283095723014	-0.0242159186816292	-0.032301965953039385	-0.1078333379684857	-0.14384045707516677
independent_eligible	Valdeolivas	A416371	historical_raw_6nn	stricter_adjacency	grid8	four_gene_mean	2	1	72	1	1	0.02000855436026905	0.0890979703457838	0.14838709677419354	0.42953020134228187	0.5071283095723014	-0.027012964234388065	-0.028287323532322828	-0.1202885647294142	-0.125963278898806
independent_eligible	Valdeolivas	A416371	historical_raw_6nn	stricter_adjacency	near150	four_gene_mean	2	1	72	1	1	0.02000855436026905	0.0890979703457838	0.14838709677419354	0.42953020134228187	0.5071283095723014	-0.024078574620788523	-0.02000211640318733	-0.10722174570451627	-0.08906930216222461
independent_eligible	Valdeolivas	A416371	nominal_honeycomb_exact	stromal_retention	baseline	ACTA2	2	2	72	40	24	0.3450679211108619	1.2947464885382822	0.22773902935193258	0.3319397993311037	0.5444689069585693	0.20421851409502195	0.17465661712795533	0.7662584315801599	0.6553377694408846
independent_eligible	Valdeolivas	A416371	nominal_honeycomb_exact	stromal_retention	baseline	ACTA2_TAGLN	2	2	72	40	40	0.11572963522623056	0.2869879503924432	0.22773902935193258	0.3319397993311037	0.5444689069585693	0.038870351301717114	0.015986299773892224	0.0940551175119651	0.0403220947081517
independent_eligible	Valdeolivas	A416371	nominal_honeycomb_exact	stromal_retention	baseline	CXCL12	2	2	72	40	0	0.0	NA	0.22773902935193258	0.3319397993311037	0.5444689069585693	0.0	0.0	NA	NA
independent_eligible	Valdeolivas	A416371	nominal_honeycomb_exact	stromal_retention	baseline	TAGLN	2	2	72	40	24	0.26365206252626816	0.17619284491725412	0.22773902935193258	0.3319397993311037	0.5444689069585693	0.10513317540025473	0.05359926138800743	0.05657808352560459	0.0
independent_eligible	Valdeolivas	A416371	nominal_honeycomb_exact	stromal_retention	baseline	TGFB1	2	2	72	40	0	0.1761304206454337	NA	0.22773902935193258	0.3319397993311037	0.5444689069585693	0.020067077163301958	0.0	NA	NA
independent_eligible	Valdeolivas	A416371	nominal_honeycomb_exact	stromal_retention	baseline	TGFB1_CXCL12	2	2	72	40	0	0.2096080840733684	NA	0.22773902935193258	0.3319397993311037	0.5444689069585693	0.07315318236023274	0.0	NA	NA
independent_eligible	Valdeolivas	A416371	nominal_honeycomb_exact	stromal_retention	baseline	four_gene_mean	2	2	72	40	40	0.06930063714717295	0.3054741972936271	0.22773902935193258	0.3319397993311037	0.5444689069585693	0.01871841842728822	0.000462041930890722	0.0824316744161217	0.0025504484578761713
independent_eligible	Valdeolivas	A416371	nominal_honeycomb_exact	stromal_retention	far500	four_gene_mean	2	2	72	40	40	0.0779936668637141	0.34342592147838746	0.22773902935193258	0.33992831119990596	0.5444689069585693	0.026647176194168905	-0.0005447192282842239	0.1172670386428171	-0.0019326528342178788
independent_eligible	Valdeolivas	A416371	nominal_honeycomb_exact	stromal_retention	grid4	four_gene_mean	2	2	72	40	40	0.06930063714717295	0.3054741972936271	0.22773902935193258	0.3319397993311037	0.5444689069585693	0.019114141625431697	-0.00790467647257291	0.08416276799701328	-0.034423557310079574
independent_eligible	Valdeolivas	A416371	nominal_honeycomb_exact	stromal_retention	grid8	four_gene_mean	2	2	72	40	40	0.06930063714717295	0.3054741972936271	0.22773902935193258	0.3319397993311037	0.5444689069585693	0.01740002750371908	-0.0026015336992050372	0.07663198666068263	-0.011190217942277135
independent_eligible	Valdeolivas	A416371	nominal_honeycomb_exact	stromal_retention	near150	four_gene_mean	2	2	72	40	40	0.06930063714717295	0.3054741972936271	0.22773902935193258	0.3319397993311037	0.5444689069585693	0.020189564659031198	-0.0007679439202082083	0.08885446972031005	-0.0029266710238069864
independent_eligible	Valdeolivas	A416371	nominal_honeycomb_exact	stricter_adjacency	baseline	ACTA2	2	0	72	0	0	NA	NA	NA	NA	NA	NA	NA	NA	NA
independent_eligible	Valdeolivas	A416371	nominal_honeycomb_exact	stricter_adjacency	baseline	ACTA2_TAGLN	2	0	72	0	0	NA	NA	NA	NA	NA	NA	NA	NA	NA
independent_eligible	Valdeolivas	A416371	nominal_honeycomb_exact	stricter_adjacency	baseline	CXCL12	2	0	72	0	0	NA	NA	NA	NA	NA	NA	NA	NA	NA
independent_eligible	Valdeolivas	A416371	nominal_honeycomb_exact	stricter_adjacency	baseline	TAGLN	2	0	72	0	0	NA	NA	NA	NA	NA	NA	NA	NA	NA
independent_eligible	Valdeolivas	A416371	nominal_honeycomb_exact	stricter_adjacency	baseline	TGFB1	2	0	72	0	0	NA	NA	NA	NA	NA	NA	NA	NA	NA
independent_eligible	Valdeolivas	A416371	nominal_honeycomb_exact	stricter_adjacency	baseline	TGFB1_CXCL12	2	0	72	0	0	NA	NA	NA	NA	NA	NA	NA	NA	NA
independent_eligible	Valdeolivas	A416371	nominal_honeycomb_exact	stricter_adjacency	baseline	four_gene_mean	2	0	72	0	0	NA	NA	NA	NA	NA	NA	NA	NA	NA
independent_eligible	Valdeolivas	A416371	nominal_honeycomb_exact	stricter_adjacency	far500	four_gene_mean	2	0	72	0	0	NA	NA	NA	NA	NA	NA	NA	NA	NA
independent_eligible	Valdeolivas	A416371	nominal_honeycomb_exact	stricter_adjacency	grid4	four_gene_mean	2	0	72	0	0	NA	NA	NA	NA	NA	NA	NA	NA	NA
independent_eligible	Valdeolivas	A416371	nominal_honeycomb_exact	stricter_adjacency	grid8	four_gene_mean	2	0	72	0	0	NA	NA	NA	NA	NA	NA	NA	NA	NA
independent_eligible	Valdeolivas	A416371	nominal_honeycomb_exact	stricter_adjacency	near150	four_gene_mean	2	0	72	0	0	NA	NA	NA	NA	NA	NA	NA	NA	NA
independent_eligible	Valdeolivas	A551763	historical_raw_6nn	stromal_retention	baseline	ACTA2	2	0	72	0	0	NA	NA	NA	NA	NA	NA	NA	NA	NA
independent_eligible	Valdeolivas	A551763	historical_raw_6nn	stromal_retention	baseline	ACTA2_TAGLN	2	0	72	0	0	NA	NA	NA	NA	NA	NA	NA	NA	NA
independent_eligible	Valdeolivas	A551763	historical_raw_6nn	stromal_retention	baseline	CXCL12	2	0	72	0	0	NA	NA	NA	NA	NA	NA	NA	NA	NA
independent_eligible	Valdeolivas	A551763	historical_raw_6nn	stromal_retention	baseline	TAGLN	2	0	72	0	0	NA	NA	NA	NA	NA	NA	NA	NA	NA
independent_eligible	Valdeolivas	A551763	historical_raw_6nn	stromal_retention	baseline	TGFB1	2	0	72	0	0	NA	NA	NA	NA	NA	NA	NA	NA	NA
independent_eligible	Valdeolivas	A551763	historical_raw_6nn	stromal_retention	baseline	TGFB1_CXCL12	2	0	72	0	0	NA	NA	NA	NA	NA	NA	NA	NA	NA
independent_eligible	Valdeolivas	A551763	historical_raw_6nn	stromal_retention	baseline	four_gene_mean	2	0	72	0	0	NA	NA	NA	NA	NA	NA	NA	NA	NA
independent_eligible	Valdeolivas	A551763	historical_raw_6nn	stromal_retention	far500	four_gene_mean	2	0	72	0	0	NA	NA	NA	NA	NA	NA	NA	NA	NA
independent_eligible	Valdeolivas	A551763	historical_raw_6nn	stromal_retention	grid4	four_gene_mean	2	0	72	0	0	NA	NA	NA	NA	NA	NA	NA	NA	NA
independent_eligible	Valdeolivas	A551763	historical_raw_6nn	stromal_retention	grid8	four_gene_mean	2	0	72	0	0	NA	NA	NA	NA	NA	NA	NA	NA	NA
independent_eligible	Valdeolivas	A551763	historical_raw_6nn	stromal_retention	near150	four_gene_mean	2	0	72	0	0	NA	NA	NA	NA	NA	NA	NA	NA	NA
independent_eligible	Valdeolivas	A551763	historical_raw_6nn	stricter_adjacency	baseline	ACTA2	2	0	72	0	0	NA	NA	NA	NA	NA	NA	NA	NA	NA
independent_eligible	Valdeolivas	A551763	historical_raw_6nn	stricter_adjacency	baseline	ACTA2_TAGLN	2	0	72	0	0	NA	NA	NA	NA	NA	NA	NA	NA	NA
independent_eligible	Valdeolivas	A551763	historical_raw_6nn	stricter_adjacency	baseline	CXCL12	2	0	72	0	0	NA	NA	NA	NA	NA	NA	NA	NA	NA
independent_eligible	Valdeolivas	A551763	historical_raw_6nn	stricter_adjacency	baseline	TAGLN	2	0	72	0	0	NA	NA	NA	NA	NA	NA	NA	NA	NA
independent_eligible	Valdeolivas	A551763	historical_raw_6nn	stricter_adjacency	baseline	TGFB1	2	0	72	0	0	NA	NA	NA	NA	NA	NA	NA	NA	NA
independent_eligible	Valdeolivas	A551763	historical_raw_6nn	stricter_adjacency	baseline	TGFB1_CXCL12	2	0	72	0	0	NA	NA	NA	NA	NA	NA	NA	NA	NA
independent_eligible	Valdeolivas	A551763	historical_raw_6nn	stricter_adjacency	baseline	four_gene_mean	2	0	72	0	0	NA	NA	NA	NA	NA	NA	NA	NA	NA
independent_eligible	Valdeolivas	A551763	historical_raw_6nn	stricter_adjacency	far500	four_gene_mean	2	0	72	0	0	NA	NA	NA	NA	NA	NA	NA	NA	NA
independent_eligible	Valdeolivas	A551763	historical_raw_6nn	stricter_adjacency	grid4	four_gene_mean	2	0	72	0	0	NA	NA	NA	NA	NA	NA	NA	NA	NA
independent_eligible	Valdeolivas	A551763	historical_raw_6nn	stricter_adjacency	grid8	four_gene_mean	2	0	72	0	0	NA	NA	NA	NA	NA	NA	NA	NA	NA
independent_eligible	Valdeolivas	A551763	historical_raw_6nn	stricter_adjacency	near150	four_gene_mean	2	0	72	0	0	NA	NA	NA	NA	NA	NA	NA	NA	NA
independent_eligible	Valdeolivas	A551763	nominal_honeycomb_exact	stromal_retention	baseline	ACTA2	2	0	72	0	0	NA	NA	NA	NA	NA	NA	NA	NA	NA
independent_eligible	Valdeolivas	A551763	nominal_honeycomb_exact	stromal_retention	baseline	ACTA2_TAGLN	2	0	72	0	0	NA	NA	NA	NA	NA	NA	NA	NA	NA
independent_eligible	Valdeolivas	A551763	nominal_honeycomb_exact	stromal_retention	baseline	CXCL12	2	0	72	0	0	NA	NA	NA	NA	NA	NA	NA	NA	NA
independent_eligible	Valdeolivas	A551763	nominal_honeycomb_exact	stromal_retention	baseline	TAGLN	2	0	72	0	0	NA	NA	NA	NA	NA	NA	NA	NA	NA
independent_eligible	Valdeolivas	A551763	nominal_honeycomb_exact	stromal_retention	baseline	TGFB1	2	0	72	0	0	NA	NA	NA	NA	NA	NA	NA	NA	NA
independent_eligible	Valdeolivas	A551763	nominal_honeycomb_exact	stromal_retention	baseline	TGFB1_CXCL12	2	0	72	0	0	NA	NA	NA	NA	NA	NA	NA	NA	NA
independent_eligible	Valdeolivas	A551763	nominal_honeycomb_exact	stromal_retention	baseline	four_gene_mean	2	0	72	0	0	NA	NA	NA	NA	NA	NA	NA	NA	NA
independent_eligible	Valdeolivas	A551763	nominal_honeycomb_exact	stromal_retention	far500	four_gene_mean	2	0	72	0	0	NA	NA	NA	NA	NA	NA	NA	NA	NA
independent_eligible	Valdeolivas	A551763	nominal_honeycomb_exact	stromal_retention	grid4	four_gene_mean	2	0	72	0	0	NA	NA	NA	NA	NA	NA	NA	NA	NA
independent_eligible	Valdeolivas	A551763	nominal_honeycomb_exact	stromal_retention	grid8	four_gene_mean	2	0	72	0	0	NA	NA	NA	NA	NA	NA	NA	NA	NA
independent_eligible	Valdeolivas	A551763	nominal_honeycomb_exact	stromal_retention	near150	four_gene_mean	2	0	72	0	0	NA	NA	NA	NA	NA	NA	NA	NA	NA
independent_eligible	Valdeolivas	A551763	nominal_honeycomb_exact	stricter_adjacency	baseline	ACTA2	2	0	72	0	0	NA	NA	NA	NA	NA	NA	NA	NA	NA
independent_eligible	Valdeolivas	A551763	nominal_honeycomb_exact	stricter_adjacency	baseline	ACTA2_TAGLN	2	0	72	0	0	NA	NA	NA	NA	NA	NA	NA	NA	NA
independent_eligible	Valdeolivas	A551763	nominal_honeycomb_exact	stricter_adjacency	baseline	CXCL12	2	0	72	0	0	NA	NA	NA	NA	NA	NA	NA	NA	NA
independent_eligible	Valdeolivas	A551763	nominal_honeycomb_exact	stricter_adjacency	baseline	TAGLN	2	0	72	0	0	NA	NA	NA	NA	NA	NA	NA	NA	NA
independent_eligible	Valdeolivas	A551763	nominal_honeycomb_exact	stricter_adjacency	baseline	TGFB1	2	0	72	0	0	NA	NA	NA	NA	NA	NA	NA	NA	NA
independent_eligible	Valdeolivas	A551763	nominal_honeycomb_exact	stricter_adjacency	baseline	TGFB1_CXCL12	2	0	72	0	0	NA	NA	NA	NA	NA	NA	NA	NA	NA
independent_eligible	Valdeolivas	A551763	nominal_honeycomb_exact	stricter_adjacency	baseline	four_gene_mean	2	0	72	0	0	NA	NA	NA	NA	NA	NA	NA	NA	NA
independent_eligible	Valdeolivas	A551763	nominal_honeycomb_exact	stricter_adjacency	far500	four_gene_mean	2	0	72	0	0	NA	NA	NA	NA	NA	NA	NA	NA	NA
independent_eligible	Valdeolivas	A551763	nominal_honeycomb_exact	stricter_adjacency	grid4	four_gene_mean	2	0	72	0	0	NA	NA	NA	NA	NA	NA	NA	NA	NA
independent_eligible	Valdeolivas	A551763	nominal_honeycomb_exact	stricter_adjacency	grid8	four_gene_mean	2	0	72	0	0	NA	NA	NA	NA	NA	NA	NA	NA	NA
independent_eligible	Valdeolivas	A551763	nominal_honeycomb_exact	stricter_adjacency	near150	four_gene_mean	2	0	72	0	0	NA	NA	NA	NA	NA	NA	NA	NA	NA
independent_eligible	Valdeolivas	A595688	historical_raw_6nn	stromal_retention	baseline	ACTA2	2	1	72	16	16	0.16543144219397615	0.4324566379960326	0.7761194029850746	0.43999999999999995	0.47903453136011276	0.09651296718817481	0.03331827181949776	0.252295892242057	0.08709775858692612
independent_eligible	Valdeolivas	A595688	historical_raw_6nn	stromal_retention	baseline	ACTA2_TAGLN	2	1	72	16	16	0.12940723499119622	0.39938404103715164	0.7761194029850746	0.43999999999999995	0.47903453136011276	0.07070960592294612	0.04284500159910565	0.21822804695249046	0.1322307047056385
independent_eligible	Valdeolivas	A595688	historical_raw_6nn	stromal_retention	baseline	CXCL12	2	1	72	16	0	0.0	NA	0.7761194029850746	0.43999999999999995	0.47903453136011276	0.0	0.0	NA	NA
independent_eligible	Valdeolivas	A595688	historical_raw_6nn	stromal_retention	baseline	TAGLN	2	1	72	16	16	0.05999109809578651	0.1406213413344422	0.7761194029850746	0.43999999999999995	0.47903453136011276	0.004656439057876716	-0.01197928458453168	0.010914864487314657	-0.02807988384900335
independent_eligible	Valdeolivas	A595688	historical_raw_6nn	stromal_retention	baseline	TGFB1	2	1	72	16	16	0.5346917283798752	1.015088902835426	0.7761194029850746	0.43999999999999995	0.47903453136011276	0.5246495336328374	0.04556570167618701	0.9960242345288536	0.08650449533145965
independent_eligible	Valdeolivas	A595688	historical_raw_6nn	stromal_retention	baseline	TGFB1_CXCL12	2	1	72	16	16	0.11336741080238524	0.33796127837308365	0.7761194029850746	0.43999999999999995	0.47903453136011276	-0.05639944307214735	0.022943639569943844	-0.1681332205197707	0.06839762595536268
independent_eligible	Valdeolivas	A595688	historical_raw_6nn	stromal_retention	baseline	four_gene_mean	2	1	72	16	16	0.1102973960800791	0.4830418770380357	0.7761194029850746	0.43999999999999995	0.47903453136011276	0.055862432356011016	0.04475290244157992	0.24464670191821003	0.19599307659616833
independent_eligible	Valdeolivas	A595688	historical_raw_6nn	stromal_retention	far500	four_gene_mean	2	1	72	16	16	0.11793054552833204	0.5164708696365462	0.7761194029850746	0.4375	0.47903453136011276	0.07175710517077248	0.050645955713265356	0.3142566189626117	0.2218014058496836
independent_eligible	Valdeolivas	A595688	historical_raw_6nn	stromal_retention	grid4	four_gene_mean	2	1	72	16	16	0.1102973960800791	0.4830418770380357	0.7761194029850746	0.43999999999999995	0.47903453136011276	0.05601575368597886	0.04118356898088532	0.24531816494136124	0.18036136092649996
independent_eligible	Valdeolivas	A595688	historical_raw_6nn	stromal_retention	grid8	four_gene_mean	2	1	72	16	16	0.1102973960800791	0.4830418770380357	0.7761194029850746	0.43999999999999995	0.47903453136011276	0.054963224910202224	0.03317749394172198	0.24070866831173485	0.14529915953221612
independent_eligible	Valdeolivas	A595688	historical_raw_6nn	stromal_retention	near150	four_gene_mean	2	1	72	16	16	0.1102973960800791	0.4830418770380357	0.7761194029850746	0.43999999999999995	0.47903453136011276	0.054963224910202224	0.04475290244157992	0.24070866831173485	0.19599307659616833
independent_eligible	Valdeolivas	A595688	historical_raw_6nn	stricter_adjacency	baseline	ACTA2	2	1	72	13	13	0.2506140705473918	0.6551337336245022	0.8208955223880597	0.3333333333333333	0.4883720930232558	0.15939177487100475	0.17139085306921142	0.41666825949635095	0.448035216997474
independent_eligible	Valdeolivas	A595688	historical_raw_6nn	stricter_adjacency	baseline	ACTA2_TAGLN	2	1	72	13	13	0.22672797925809274	0.6997409115374804	0.8208955223880597	0.3333333333333333	0.4883720930232558	0.16364850714829382	0.19013425243944093	0.5050614217901281	0.5868032500965492
independent_eligible	Valdeolivas	A595688	historical_raw_6nn	stricter_adjacency	baseline	CXCL12	2	1	72	13	0	0.0	NA	0.8208955223880597	0.3333333333333333	0.4883720930232558	0.0	0.0	NA	NA
independent_eligible	Valdeolivas	A595688	historical_raw_6nn	stricter_adjacency	baseline	TAGLN	2	1	72	13	13	0.12606721382991237	0.2955061879139588	0.8208955223880597	0.3333333333333333	0.4883720930232558	0.05487152618973301	0.07002736779969121	0.12862087640983144	0.16414672680919865
independent_eligible	Valdeolivas	A595688	historical_raw_6nn	stricter_adjacency	baseline	TGFB1	2	1	72	13	13	0.601788208859854	1.1424686417382726	0.8208955223880597	0.3333333333333333	0.4883720930232558	0.5882733314839822	0.06436416542649748	1.1168112370707324	0.12219255806082578
independent_eligible	Valdeolivas	A595688	historical_raw_6nn	stricter_adjacency	baseline	TGFB1_CXCL12	2	1	72	13	13	0.09925382067357602	0.2958870444410713	0.8208955223880597	0.3333333333333333	0.4883720930232558	-0.07690191888200004	0.036340022425451424	-0.22925345679816025	0.1083337825931338
independent_eligible	Valdeolivas	A595688	historical_raw_6nn	stricter_adjacency	baseline	four_gene_mean	2	1	72	13	13	0.1402986511017914	0.6144308585935313	0.8208955223880597	0.3333333333333333	0.4883720930232558	0.08510521826293949	0.07757564401481654	0.37271400628184737	0.33973861604262606
independent_eligible	Valdeolivas	A595688	historical_raw_6nn	stricter_adjacency	far500	four_gene_mean	2	1	72	13	13	0.1470185922231424	0.6438605014337464	0.8208955223880597	0.2840909090909091	0.4883720930232558	0.09730384535004555	0.07757564401481654	0.42613727768133397	0.33973861604262606
independent_eligible	Valdeolivas	A595688	historical_raw_6nn	stricter_adjacency	grid4	four_gene_mean	2	1	72	13	13	0.1402986511017914	0.6144308585935313	0.8208955223880597	0.3333333333333333	0.4883720930232558	0.08619635795346525	0.08510521826293949	0.3774925974630898	0.37271400628184737
independent_eligible	Valdeolivas	A595688	historical_raw_6nn	stricter_adjacency	grid8	four_gene_mean	2	1	72	13	13	0.1402986511017914	0.6144308585935313	0.8208955223880597	0.3333333333333333	0.4883720930232558	0.07872268777546498	0.07757564401481654	0.34476203627628343	0.33973861604262606
independent_eligible	Valdeolivas	A595688	historical_raw_6nn	stricter_adjacency	near150	four_gene_mean	2	1	72	13	13	0.1402986511017914	0.6144308585935313	0.8208955223880597	0.3333333333333333	0.4883720930232558	0.0794177724980164	0.07757564401481654	0.3478061247227408	0.33973861604262606
independent_eligible	Valdeolivas	A595688	nominal_honeycomb_exact	stromal_retention	baseline	ACTA2	2	1	72	16	16	0.16237269341319144	0.42446072019062775	0.7761194029850746	0.44594594594594594	0.47903453136011276	0.09265744876237497	0.04001749592923057	0.24221712780622434	0.10461029367248743
independent_eligible	Valdeolivas	A595688	nominal_honeycomb_exact	stromal_retention	baseline	ACTA2_TAGLN	2	1	72	16	16	0.13987177497560688	0.4316803053600321	0.7761194029850746	0.44594594594594594	0.47903453136011276	0.07960371287196935	0.02695108978654967	0.2456775506449167	0.08317800121484392
independent_eligible	Valdeolivas	A595688	nominal_honeycomb_exact	stromal_retention	baseline	CXCL12	2	1	72	16	0	0.0	NA	0.7761194029850746	0.44594594594594594	0.47903453136011276	0.0	0.0	NA	NA
independent_eligible	Valdeolivas	A595688	nominal_honeycomb_exact	stromal_retention	baseline	TAGLN	2	1	72	16	16	0.050541619330855214	0.11847141541186113	0.7761194029850746	0.44594594594594594	0.47903453136011276	0.0009186904472426871	-0.017783246588936708	0.0021534442119418183	-0.04168458434657427
independent_eligible	Valdeolivas	A595688	nominal_honeycomb_exact	stromal_retention	baseline	TGFB1	2	1	72	16	16	0.5515754509664345	1.0471419130589021	0.7761194029850746	0.44594594594594594	0.47903453136011276	0.5380605735905628	0.03791652161284226	1.021484508391362	0.07198286092799114
independent_eligible	Valdeolivas	A595688	nominal_honeycomb_exact	stromal_retention	baseline	TGFB1_CXCL12	2	1	72	16	16	0.20459980105918016	0.6099355170188315	0.7761194029850746	0.44594594594594594	0.47903453136011276	0.08137639777303618	0.02957804464599667	0.24259239252373593	0.08817554983029441
independent_eligible	Valdeolivas	A595688	nominal_honeycomb_exact	stromal_retention	baseline	four_gene_mean	2	1	72	16	16	0.1170173372014301	0.5124715198782508	0.7761194029850746	0.44594594594594594	0.47903453136011276	0.0606697010691703	0.04047281365973254	0.26569989252068593	0.17724864388470196
independent_eligible	Valdeolivas	A595688	nominal_honeycomb_exact	stromal_retention	far500	four_gene_mean	2	1	72	16	16	0.12465048664968303	0.5459005124767613	0.7761194029850746	0.44252873563218387	0.47903453136011276	0.0808387837025972	0.0465207263962053	0.3540293715440387	0.20373517234514743
independent_eligible	Valdeolivas	A595688	nominal_honeycomb_exact	stromal_retention	grid4	four_gene_mean	2	1	72	16	16	0.1170173372014301	0.5124715198782508	0.7761194029850746	0.44594594594594594	0.47903453136011276	0.06109201339175763	0.0417993985789914	0.26754938801422207	0.18305835555716893
independent_eligible	Valdeolivas	A595688	nominal_honeycomb_exact	stromal_retention	grid8	four_gene_mean	2	1	72	16	16	0.1170173372014301	0.5124715198782508	0.7761194029850746	0.44594594594594594	0.47903453136011276	0.0619163701172091	0.03317749394172198	0.2711596166702268	0.14529915953221612
independent_eligible	Valdeolivas	A595688	nominal_honeycomb_exact	stromal_retention	near150	four_gene_mean	2	1	72	16	16	0.1170173372014301	0.5124715198782508	0.7761194029850746	0.44594594594594594	0.47903453136011276	0.06071830788138827	0.04047281365973254	0.2659127636005576	0.17724864388470196
independent_eligible	Valdeolivas	A595688	nominal_honeycomb_exact	stricter_adjacency	baseline	ACTA2	2	1	72	13	13	0.2535158890385789	0.6627194177733597	0.7761194029850746	0.33783783783783783	0.4883720930232558	0.16702237411657617	0.16823541330267866	0.4366155153013604	0.4397865379390294
independent_eligible	Valdeolivas	A595688	nominal_honeycomb_exact	stricter_adjacency	baseline	ACTA2_TAGLN	2	1	72	13	13	0.21331052721835353	0.6583312004311596	0.7761194029850746	0.33783783783783783	0.4883720930232558	0.15232302332181447	0.17997932891457968	0.4701080631341925	0.5554625418737189
independent_eligible	Valdeolivas	A595688	nominal_honeycomb_exact	stricter_adjacency	baseline	CXCL12	2	1	72	13	0	0.0	NA	0.7761194029850746	0.33783783783783783	0.4883720930232558	0.0	0.0	NA	NA
independent_eligible	Valdeolivas	A595688	nominal_honeycomb_exact	stricter_adjacency	baseline	TAGLN	2	1	72	13	13	0.1037969181150653	0.24330379531337343	0.7761194029850746	0.33783783783783783	0.4883720930232558	0.03221276156975095	0.04983312948359986	0.07550789840173142	0.11681068914070991
independent_eligible	Valdeolivas	A595688	nominal_honeycomb_exact	stricter_adjacency	baseline	TGFB1	2	1	72	13	13	0.6086837517364538	1.1555595288448888	0.7761194029850746	0.33783783783783783	0.4883720930232558	0.5990955196915829	0.06285689105300774	1.1373566889093425	0.11933106346712104
independent_eligible	Valdeolivas	A595688	nominal_honeycomb_exact	stricter_adjacency	baseline	TGFB1_CXCL12	2	1	72	13	13	0.21891205845516837	0.652602000902673	0.7761194029850746	0.33783783783783783	0.4883720930232558	0.07391318754162185	0.02957804464599667	0.2203437052447036	0.08817554983029441
independent_eligible	Valdeolivas	A595688	nominal_honeycomb_exact	stricter_adjacency	baseline	four_gene_mean	2	1	72	13	13	0.13455512546661352	0.5892773780742077	0.7761194029850746	0.33783783783783783	0.4883720930232558	0.07517933587281789	0.06616345415442848	0.3292441055282331	0.28975950676905804
independent_eligible	Valdeolivas	A595688	nominal_honeycomb_exact	stricter_adjacency	far500	four_gene_mean	2	1	72	13	13	0.14127506658796452	0.6187070209144226	0.7761194029850746	0.28735632183908044	0.4883720930232558	0.09293274377193239	0.06406090036214684	0.40699425902400554	0.2805514785971165
independent_eligible	Valdeolivas	A595688	nominal_honeycomb_exact	stricter_adjacency	grid4	four_gene_mean	2	1	72	13	13	0.13455512546661352	0.5892773780742077	0.7761194029850746	0.33783783783783783	0.4883720930232558	0.07728188966509952	0.06635498788344396	0.33845213370017463	0.2905983190644323
independent_eligible	Valdeolivas	A595688	nominal_honeycomb_exact	stricter_adjacency	grid8	four_gene_mean	2	1	72	13	13	0.13455512546661352	0.5892773780742077	0.7761194029850746	0.33783783783783783	0.4883720930232558	0.07728188966509952	0.06616345415442848	0.33845213370017463	0.28975950676905804
independent_eligible	Valdeolivas	A595688	nominal_honeycomb_exact	stricter_adjacency	near150	four_gene_mean	2	1	72	13	13	0.13455512546661352	0.5892773780742077	0.7761194029850746	0.33783783783783783	0.4883720930232558	0.07495470086350309	0.06616345415442848	0.3282603278471254	0.28975950676905804
independent_eligible	Valdeolivas	A798015	historical_raw_6nn	stromal_retention	baseline	ACTA2	2	0	72	0	0	NA	NA	NA	NA	NA	NA	NA	NA	NA
independent_eligible	Valdeolivas	A798015	historical_raw_6nn	stromal_retention	baseline	ACTA2_TAGLN	2	0	72	0	0	NA	NA	NA	NA	NA	NA	NA	NA	NA
independent_eligible	Valdeolivas	A798015	historical_raw_6nn	stromal_retention	baseline	CXCL12	2	0	72	0	0	NA	NA	NA	NA	NA	NA	NA	NA	NA
independent_eligible	Valdeolivas	A798015	historical_raw_6nn	stromal_retention	baseline	TAGLN	2	0	72	0	0	NA	NA	NA	NA	NA	NA	NA	NA	NA
independent_eligible	Valdeolivas	A798015	historical_raw_6nn	stromal_retention	baseline	TGFB1	2	0	72	0	0	NA	NA	NA	NA	NA	NA	NA	NA	NA
independent_eligible	Valdeolivas	A798015	historical_raw_6nn	stromal_retention	baseline	TGFB1_CXCL12	2	0	72	0	0	NA	NA	NA	NA	NA	NA	NA	NA	NA
independent_eligible	Valdeolivas	A798015	historical_raw_6nn	stromal_retention	baseline	four_gene_mean	2	0	72	0	0	NA	NA	NA	NA	NA	NA	NA	NA	NA
independent_eligible	Valdeolivas	A798015	historical_raw_6nn	stromal_retention	far500	four_gene_mean	2	0	72	0	0	NA	NA	NA	NA	NA	NA	NA	NA	NA
independent_eligible	Valdeolivas	A798015	historical_raw_6nn	stromal_retention	grid4	four_gene_mean	2	0	72	0	0	NA	NA	NA	NA	NA	NA	NA	NA	NA
independent_eligible	Valdeolivas	A798015	historical_raw_6nn	stromal_retention	grid8	four_gene_mean	2	0	72	0	0	NA	NA	NA	NA	NA	NA	NA	NA	NA
independent_eligible	Valdeolivas	A798015	historical_raw_6nn	stromal_retention	near150	four_gene_mean	2	0	72	0	0	NA	NA	NA	NA	NA	NA	NA	NA	NA
independent_eligible	Valdeolivas	A798015	historical_raw_6nn	stricter_adjacency	baseline	ACTA2	2	0	72	0	0	NA	NA	NA	NA	NA	NA	NA	NA	NA
independent_eligible	Valdeolivas	A798015	historical_raw_6nn	stricter_adjacency	baseline	ACTA2_TAGLN	2	0	72	0	0	NA	NA	NA	NA	NA	NA	NA	NA	NA
independent_eligible	Valdeolivas	A798015	historical_raw_6nn	stricter_adjacency	baseline	CXCL12	2	0	72	0	0	NA	NA	NA	NA	NA	NA	NA	NA	NA
independent_eligible	Valdeolivas	A798015	historical_raw_6nn	stricter_adjacency	baseline	TAGLN	2	0	72	0	0	NA	NA	NA	NA	NA	NA	NA	NA	NA
independent_eligible	Valdeolivas	A798015	historical_raw_6nn	stricter_adjacency	baseline	TGFB1	2	0	72	0	0	NA	NA	NA	NA	NA	NA	NA	NA	NA
independent_eligible	Valdeolivas	A798015	historical_raw_6nn	stricter_adjacency	baseline	TGFB1_CXCL12	2	0	72	0	0	NA	NA	NA	NA	NA	NA	NA	NA	NA
independent_eligible	Valdeolivas	A798015	historical_raw_6nn	stricter_adjacency	baseline	four_gene_mean	2	0	72	0	0	NA	NA	NA	NA	NA	NA	NA	NA	NA
independent_eligible	Valdeolivas	A798015	historical_raw_6nn	stricter_adjacency	far500	four_gene_mean	2	0	72	0	0	NA	NA	NA	NA	NA	NA	NA	NA	NA
independent_eligible	Valdeolivas	A798015	historical_raw_6nn	stricter_adjacency	grid4	four_gene_mean	2	0	72	0	0	NA	NA	NA	NA	NA	NA	NA	NA	NA
independent_eligible	Valdeolivas	A798015	historical_raw_6nn	stricter_adjacency	grid8	four_gene_mean	2	0	72	0	0	NA	NA	NA	NA	NA	NA	NA	NA	NA
independent_eligible	Valdeolivas	A798015	historical_raw_6nn	stricter_adjacency	near150	four_gene_mean	2	0	72	0	0	NA	NA	NA	NA	NA	NA	NA	NA	NA
independent_eligible	Valdeolivas	A798015	nominal_honeycomb_exact	stromal_retention	baseline	ACTA2	2	0	72	0	0	NA	NA	NA	NA	NA	NA	NA	NA	NA
independent_eligible	Valdeolivas	A798015	nominal_honeycomb_exact	stromal_retention	baseline	ACTA2_TAGLN	2	0	72	0	0	NA	NA	NA	NA	NA	NA	NA	NA	NA
independent_eligible	Valdeolivas	A798015	nominal_honeycomb_exact	stromal_retention	baseline	CXCL12	2	0	72	0	0	NA	NA	NA	NA	NA	NA	NA	NA	NA
independent_eligible	Valdeolivas	A798015	nominal_honeycomb_exact	stromal_retention	baseline	TAGLN	2	0	72	0	0	NA	NA	NA	NA	NA	NA	NA	NA	NA
independent_eligible	Valdeolivas	A798015	nominal_honeycomb_exact	stromal_retention	baseline	TGFB1	2	0	72	0	0	NA	NA	NA	NA	NA	NA	NA	NA	NA
independent_eligible	Valdeolivas	A798015	nominal_honeycomb_exact	stromal_retention	baseline	TGFB1_CXCL12	2	0	72	0	0	NA	NA	NA	NA	NA	NA	NA	NA	NA
independent_eligible	Valdeolivas	A798015	nominal_honeycomb_exact	stromal_retention	baseline	four_gene_mean	2	0	72	0	0	NA	NA	NA	NA	NA	NA	NA	NA	NA
independent_eligible	Valdeolivas	A798015	nominal_honeycomb_exact	stromal_retention	far500	four_gene_mean	2	0	72	0	0	NA	NA	NA	NA	NA	NA	NA	NA	NA
independent_eligible	Valdeolivas	A798015	nominal_honeycomb_exact	stromal_retention	grid4	four_gene_mean	2	0	72	0	0	NA	NA	NA	NA	NA	NA	NA	NA	NA
independent_eligible	Valdeolivas	A798015	nominal_honeycomb_exact	stromal_retention	grid8	four_gene_mean	2	0	72	0	0	NA	NA	NA	NA	NA	NA	NA	NA	NA
independent_eligible	Valdeolivas	A798015	nominal_honeycomb_exact	stromal_retention	near150	four_gene_mean	2	0	72	0	0	NA	NA	NA	NA	NA	NA	NA	NA	NA
independent_eligible	Valdeolivas	A798015	nominal_honeycomb_exact	stricter_adjacency	baseline	ACTA2	2	0	72	0	0	NA	NA	NA	NA	NA	NA	NA	NA	NA
independent_eligible	Valdeolivas	A798015	nominal_honeycomb_exact	stricter_adjacency	baseline	ACTA2_TAGLN	2	0	72	0	0	NA	NA	NA	NA	NA	NA	NA	NA	NA
independent_eligible	Valdeolivas	A798015	nominal_honeycomb_exact	stricter_adjacency	baseline	CXCL12	2	0	72	0	0	NA	NA	NA	NA	NA	NA	NA	NA	NA
independent_eligible	Valdeolivas	A798015	nominal_honeycomb_exact	stricter_adjacency	baseline	TAGLN	2	0	72	0	0	NA	NA	NA	NA	NA	NA	NA	NA	NA
independent_eligible	Valdeolivas	A798015	nominal_honeycomb_exact	stricter_adjacency	baseline	TGFB1	2	0	72	0	0	NA	NA	NA	NA	NA	NA	NA	NA	NA
independent_eligible	Valdeolivas	A798015	nominal_honeycomb_exact	stricter_adjacency	baseline	TGFB1_CXCL12	2	0	72	0	0	NA	NA	NA	NA	NA	NA	NA	NA	NA
independent_eligible	Valdeolivas	A798015	nominal_honeycomb_exact	stricter_adjacency	baseline	four_gene_mean	2	0	72	0	0	NA	NA	NA	NA	NA	NA	NA	NA	NA
independent_eligible	Valdeolivas	A798015	nominal_honeycomb_exact	stricter_adjacency	far500	four_gene_mean	2	0	72	0	0	NA	NA	NA	NA	NA	NA	NA	NA	NA
independent_eligible	Valdeolivas	A798015	nominal_honeycomb_exact	stricter_adjacency	grid4	four_gene_mean	2	0	72	0	0	NA	NA	NA	NA	NA	NA	NA	NA	NA
independent_eligible	Valdeolivas	A798015	nominal_honeycomb_exact	stricter_adjacency	grid8	four_gene_mean	2	0	72	0	0	NA	NA	NA	NA	NA	NA	NA	NA	NA
independent_eligible	Valdeolivas	A798015	nominal_honeycomb_exact	stricter_adjacency	near150	four_gene_mean	2	0	72	0	0	NA	NA	NA	NA	NA	NA	NA	NA	NA
independent_eligible	Valdeolivas	A938797	historical_raw_6nn	stromal_retention	baseline	ACTA2	2	2	72	20	20	0.18967549252175142	0.424831959888481	0.22466184035054296	0.4493165313191291	0.8469199035669606	0.10286423170635181	0.12860011897111934	0.23229672383977307	0.2796919662216817
independent_eligible	Valdeolivas	A938797	historical_raw_6nn	stromal_retention	baseline	ACTA2_TAGLN	2	2	72	20	20	0.14391514545819062	0.35407111804154456	0.22466184035054296	0.4493165313191291	0.8469199035669606	0.079154086879201	0.09231277361353829	0.20252934674436993	0.22295974712221084
independent_eligible	Valdeolivas	A938797	historical_raw_6nn	stromal_retention	baseline	CXCL12	2	2	72	20	0	0.034005671091678194	NA	0.22466184035054296	0.4493165313191291	0.8469199035669606	0.034005671091678194	0.0	NA	NA
independent_eligible	Valdeolivas	A938797	historical_raw_6nn	stromal_retention	baseline	TAGLN	2	2	72	20	20	0.1863293563746634	0.4670444027423821	0.22466184035054296	0.4493165313191291	0.8469199035669606	0.0969268328275249	0.11766656542904264	0.2551404626053363	0.295336546462422
independent_eligible	Valdeolivas	A938797	historical_raw_6nn	stromal_retention	baseline	TGFB1	2	2	72	20	20	0.20152283772521562	0.4154070261933961	0.22466184035054296	0.4493165313191291	0.8469199035669606	0.12207555136055909	0.04450088359452084	0.2577673705743755	0.07176864727802026
independent_eligible	Valdeolivas	A938797	historical_raw_6nn	stromal_retention	baseline	TGFB1_CXCL12	2	2	72	20	20	0.06095299228321968	0.25399975760685245	0.22466184035054296	0.4493165313191291	0.8469199035669606	0.01534543645339996	0.008044420689611934	0.1095505523435181	0.04127086177687223
independent_eligible	Valdeolivas	A938797	historical_raw_6nn	stromal_retention	baseline	four_gene_mean	2	2	72	20	20	0.11630202003200074	0.4895751588383755	0.22466184035054296	0.4493165313191291	0.8469199035669606	0.07039763128931478	0.0502301585529521	0.3151798098532062	0.19911981079782715
independent_eligible	Valdeolivas	A938797	historical_raw_6nn	stromal_retention	far500	four_gene_mean	2	2	72	20	20	0.12185773057261362	0.5025249216454246	0.22466184035054296	0.4622922847010015	0.8469199035669606	0.07514989729530508	0.0628314935026966	0.3257914332237427	0.2386350690609861
independent_eligible	Valdeolivas	A938797	historical_raw_6nn	stromal_retention	grid4	four_gene_mean	2	1	72	19	19	0.13065116944636346	0.6379227069830504	0.2596685082872928	0.5587797619047619	0.8622071540726968	0.10317055056597402	0.06866005394701863	0.5037447209762401	0.3352423683698112
independent_eligible	Valdeolivas	A938797	historical_raw_6nn	stromal_retention	grid8	four_gene_mean	2	2	72	20	20	0.11630202003200074	0.4895751588383755	0.22466184035054296	0.4493165313191291	0.8469199035669606	0.07040680069292671	0.03530789814049118	0.3151565647490358	0.1273795031142124
independent_eligible	Valdeolivas	A938797	historical_raw_6nn	stromal_retention	near150	four_gene_mean	2	2	72	20	20	0.11630202003200074	0.4895751588383755	0.22466184035054296	0.4493165313191291	0.8469199035669606	0.071714058717603	0.051839351132567324	0.31927298264815784	0.20615527121746158
independent_eligible	Valdeolivas	A938797	historical_raw_6nn	stricter_adjacency	baseline	ACTA2	2	1	72	8	8	0.06528164262345204	0.17061784439988006	0.16574585635359115	0.5327380952380952	0.9050191778493184	-0.015128362730146672	-0.014100928873544749	-0.03953896584994692	-0.03685370024031748
independent_eligible	Valdeolivas	A938797	historical_raw_6nn	stricter_adjacency	baseline	ACTA2_TAGLN	2	1	72	8	8	0.10998557531353148	0.3294110419930123	0.16574585635359115	0.5327380952380952	0.9050191778493184	0.05090728185697124	0.06413632535696223	0.15246927348184477	0.19209076922326662
independent_eligible	Valdeolivas	A938797	historical_raw_6nn	stricter_adjacency	baseline	CXCL12	2	1	72	8	0	0.06801134218335639	NA	0.16574585635359115	0.5327380952380952	0.9050191778493184	0.06801134218335639	0.06801134218335639	NA	NA
independent_eligible	Valdeolivas	A938797	historical_raw_6nn	stricter_adjacency	baseline	TAGLN	2	1	72	8	8	0.15884553031855297	0.4473731111850092	0.16574585635359115	0.5327380952380952	0.9050191778493184	0.08187949380528614	0.07733503308321787	0.2306056948059188	0.21780665961863602
independent_eligible	Valdeolivas	A938797	historical_raw_6nn	stricter_adjacency	baseline	TGFB1	2	1	72	8	8	0.10938778417485212	0.3277965858141447	0.16574585635359115	0.5327380952380952	0.9050191778493184	0.05116485602253956	-0.010855436638236793	0.15332301723062508	-0.03252991268063236
independent_eligible	Valdeolivas	A938797	historical_raw_6nn	stricter_adjacency	baseline	TGFB1_CXCL12	2	1	72	8	8	0.08994263792385832	0.4400550884800119	0.16574585635359115	0.5327380952380952	0.9050191778493184	0.049230450541665124	0.008042549464319149	0.24086585371626779	0.03934913293428134
independent_eligible	Valdeolivas	A938797	historical_raw_6nn	stricter_adjacency	baseline	four_gene_mean	2	1	72	8	8	0.10554758183048296	0.5153509103832274	0.16574585635359115	0.5327380952380952	0.9050191778493184	0.07036395940509044	0.051195891429399065	0.3435619263719506	0.24997113906783813
independent_eligible	Valdeolivas	A938797	historical_raw_6nn	stricter_adjacency	far500	four_gene_mean	2	1	72	8	8	0.10855937743883548	0.5300564259595626	0.16574585635359115	0.5047732696897375	0.9050191778493184	0.07309080976580562	0.04044497033546646	0.35687615670770945	0.1974782550327036
independent_eligible	Valdeolivas	A938797	historical_raw_6nn	stricter_adjacency	grid4	four_gene_mean	2	1	72	8	8	0.10554758183048296	0.5153509103832274	0.16574585635359115	0.5327380952380952	0.9050191778493184	0.07128480675232574	0.058639620365128764	0.34805809303433677	0.28631619233334427
independent_eligible	Valdeolivas	A938797	historical_raw_6nn	stricter_adjacency	grid8	four_gene_mean	2	1	72	8	8	0.10554758183048296	0.5153509103832274	0.16574585635359115	0.5327380952380952	0.9050191778493184	0.07089930790153187	0.014119491773483983	0.34617584068650575	0.06894040406629148
independent_eligible	Valdeolivas	A938797	historical_raw_6nn	stricter_adjacency	near150	four_gene_mean	2	1	72	8	8	0.10554758183048296	0.5153509103832274	0.16574585635359115	0.5327380952380952	0.9050191778493184	0.06933395895087385	0.05125328110018368	0.3385328043156236	0.25025135220557676
independent_eligible	Valdeolivas	A938797	nominal_honeycomb_exact	stromal_retention	baseline	ACTA2	2	2	72	20	20	0.18967549252175142	0.424831959888481	0.22466184035054296	0.4493165313191291	0.8469199035669606	0.1073262425586139	0.1288477662525972	0.24122837339747452	0.2802674732755648
independent_eligible	Valdeolivas	A938797	nominal_honeycomb_exact	stromal_retention	baseline	ACTA2_TAGLN	2	2	72	20	20	0.14391514545819062	0.35407111804154456	0.22466184035054296	0.4493165313191291	0.8469199035669606	0.08078164748150196	0.09405754168143465	0.20654788310937036	0.22860721129786826
independent_eligible	Valdeolivas	A938797	nominal_honeycomb_exact	stromal_retention	baseline	CXCL12	2	2	72	20	0	0.034005671091678194	NA	0.22466184035054296	0.4493165313191291	0.8469199035669606	0.034005671091678194	0.0	NA	NA
independent_eligible	Valdeolivas	A938797	nominal_honeycomb_exact	stromal_retention	baseline	TAGLN	2	2	72	20	20	0.1863293563746634	0.4670444027423821	0.22466184035054296	0.4493165313191291	0.8469199035669606	0.09183961204528346	0.11843828861455097	0.24407369411168078	0.297510030360786
independent_eligible	Valdeolivas	A938797	nominal_honeycomb_exact	stromal_retention	baseline	TGFB1	2	2	72	20	20	0.20152283772521562	0.4154070261933961	0.22466184035054296	0.4493165313191291	0.8469199035669606	0.128230683203088	0.038185434407999125	0.26720479917845125	0.06253491630270813
independent_eligible	Valdeolivas	A938797	nominal_honeycomb_exact	stromal_retention	baseline	TGFB1_CXCL12	2	2	72	20	20	0.06095299228321968	0.25399975760685245	0.22466184035054296	0.4493165313191291	0.8469199035669606	0.017401370099347543	0.00384615732725848	0.11359736684210271	0.03226445825149512
independent_eligible	Valdeolivas	A938797	nominal_honeycomb_exact	stromal_retention	baseline	four_gene_mean	2	2	72	20	20	0.11630202003200074	0.4895751588383755	0.22466184035054296	0.4493165313191291	0.8469199035669606	0.06884758886427328	0.05118195871791659	0.3098615406985003	0.2031484680040997
independent_eligible	Valdeolivas	A938797	nominal_honeycomb_exact	stromal_retention	far500	four_gene_mean	2	2	72	20	20	0.12185773057261362	0.5025249216454246	0.22466184035054296	0.4622922847010015	0.8469199035669606	0.07705034799239324	0.06349125765078317	0.3320661483024465	0.24037980433225264
independent_eligible	Valdeolivas	A938797	nominal_honeycomb_exact	stromal_retention	grid4	four_gene_mean	2	1	72	19	19	0.13065116944636346	0.6379227069830504	0.2596685082872928	0.5587797619047619	0.8622071540726968	0.10228415165571186	0.06865008225310248	0.49941675365151295	0.33519368017204654
independent_eligible	Valdeolivas	A938797	nominal_honeycomb_exact	stromal_retention	grid8	four_gene_mean	2	2	72	20	20	0.11630202003200074	0.4895751588383755	0.22466184035054296	0.4493165313191291	0.8469199035669606	0.06957752502588815	0.03568835826938249	0.31102085365186105	0.1292371531938093
independent_eligible	Valdeolivas	A938797	nominal_honeycomb_exact	stromal_retention	near150	four_gene_mean	2	2	72	20	20	0.11630202003200074	0.4895751588383755	0.22466184035054296	0.4493165313191291	0.8469199035669606	0.07020003679609904	0.05365661274375949	0.31435066493428626	0.21197185325295237
independent_eligible	Valdeolivas	A938797	nominal_honeycomb_exact	stricter_adjacency	baseline	ACTA2	2	1	72	8	8	0.08037375698026916	0.21006207275438493	0.20994475138121546	0.5327380952380952	0.9050191778493184	0.0033859392567483493	-0.013775260332806183	0.008849373790845758	-0.03600254420047684
independent_eligible	Valdeolivas	A938797	nominal_honeycomb_exact	stricter_adjacency	baseline	ACTA2_TAGLN	2	1	72	8	8	0.1160937487832201	0.3477052572261316	0.20994475138121546	0.5327380952380952	0.9050191778493184	0.06585790919625745	0.06182181379081464	0.19724697925139015	0.18515871777437304
independent_eligible	Valdeolivas	A938797	nominal_honeycomb_exact	stricter_adjacency	baseline	CXCL12	2	1	72	8	0	0.06801134218335639	NA	0.20994475138121546	0.5327380952380952	0.9050191778493184	0.06801134218335639	0.06801134218335639	NA	NA
independent_eligible	Valdeolivas	A938797	nominal_honeycomb_exact	stricter_adjacency	baseline	TAGLN	2	1	72	8	8	0.1786464957649445	0.5031406200249127	0.20994475138121546	0.5327380952380952	0.9050191778493184	0.10563400932307498	0.09267780100747192	0.2975079959948402	0.26101808525143766
independent_eligible	Valdeolivas	A938797	nominal_honeycomb_exact	stricter_adjacency	baseline	TGFB1	2	1	72	8	8	0.11599788616195689	0.3476047287398003	0.20994475138121546	0.5327380952380952	0.9050191778493184	0.06529054254838751	-0.01160046304797313	0.19565271474101975	-0.03476249390800753
independent_eligible	Valdeolivas	A938797	nominal_honeycomb_exact	stricter_adjacency	baseline	TGFB1_CXCL12	2	1	72	8	8	0.10607434650967723	0.5189813976580449	0.20994475138121546	0.5327380952380952	0.9050191778493184	0.06980384744901802	0.021469486766943338	0.341523653013458	0.10504202586148043
independent_eligible	Valdeolivas	A938797	nominal_honeycomb_exact	stricter_adjacency	baseline	four_gene_mean	2	1	72	8	8	0.10983924330401384	0.5363055510209725	0.20994475138121546	0.5327380952380952	0.9050191778493184	0.0771208137328872	0.03909926052296875	0.3765532177759498	0.19090763763953425
independent_eligible	Valdeolivas	A938797	nominal_honeycomb_exact	stricter_adjacency	far500	four_gene_mean	2	1	72	8	8	0.11285103891236636	0.5510110665973077	0.20994475138121546	0.5047732696897375	0.9050191778493184	0.08007033666527524	0.028423390467269494	0.39095467825510766	0.1387812008522475
independent_eligible	Valdeolivas	A938797	nominal_honeycomb_exact	stricter_adjacency	grid4	four_gene_mean	2	1	72	8	8	0.10983924330401384	0.5363055510209725	0.20994475138121546	0.5327380952380952	0.9050191778493184	0.07830389364278495	0.06549812587212761	0.38232977180066574	0.3198038099139816
independent_eligible	Valdeolivas	A938797	nominal_honeycomb_exact	stricter_adjacency	grid8	four_gene_mean	2	1	72	8	8	0.10983924330401384	0.5363055510209725	0.20994475138121546	0.5327380952380952	0.9050191778493184	0.0776869039351003	0.01147575750660984	0.3793172327918323	0.05603199974649269
independent_eligible	Valdeolivas	A938797	nominal_honeycomb_exact	stricter_adjacency	near150	four_gene_mean	2	1	72	8	8	0.10983924330401384	0.5363055510209725	0.20994475138121546	0.5327380952380952	0.9050191778493184	0.07766300164904494	0.038689046599511556	0.3792005265190287	0.18890471047399227
